drawingDate,externalId,numbers,headsTails,jackpotLevel,bonusFactor
2022-10-18T00:00:00Z,129,61 14 56 4 54 27 33 16 7 5 8 71 78 32 65 24 66 29 72 75,heads,regular,1
2022-10-18T00:03:00Z,130,42 64 18 73 19 70 25 58 51 3 26 2 77 11 15 21 65 50 7 6,heads,minor,2
2022-10-18T00:06:00Z,131,8 23 30 32 65 24 6 70 1 49 5 57 69 26 36 7 38 59 4 75,heads,regular,10
2022-10-18T00:09:00Z,132,21 16 68 27 41 62 58 32 10 35 19 33 63 71 15 55 40 48 57 54,evens,regular,2
2022-10-18T00:12:00Z,134,32 37 73 61 60 64 11 36 78 39 67 59 35 69 33 76 75 10 17 21,evens,major,3
2022-10-18T00:15:00Z,135,5 61 17 76 36 53 29 30 15 20 41 58 59 62 2 1 74 42 25 70,evens,regular,2
2022-10-18T00:18:00Z,136,59 24 50 49 3 23 28 48 45 64 8 43 80 31 53 60 58 38 25 40,tails,minor,3
2022-10-18T00:21:00Z,137,40 45 79 29 61 23 34 12 60 35 46 68 49 55 74 67 76 39 77 44,tails,regular,1
2022-10-18T00:24:00Z,138,66 33 37 72 35 61 55 6 50 7 15 1 30 36 20 77 14 9 4 79,heads,regular,3
2022-10-18T00:27:00Z,139,46 4 61 52 30 34 15 20 21 69 26 62 57 14 23 63 35 31 45 16,heads,minor,2
2022-10-18T00:30:00Z,140,27 15 72 76 35 2 47 33 71 20 44 59 23 41 42 74 56 40 5 50,tails,minor,1
2022-10-18T00:33:00Z,141,10 62 25 39 30 13 45 69 33 23 56 74 12 22 8 11 48 3 18 51,heads,regular,2
2022-10-18T00:36:00Z,143,50 37 22 53 5 80 63 72 11 29 10 61 57 16 64 27 45 77 78 24,tails,regular,3
2022-10-18T00:39:00Z,144,55 51 19 69 16 29 71 41 64 62 38 4 36 44 3 26 58 6 65 60,tails,regular,2
2022-10-18T00:42:00Z,145,51 2 8 62 21 71 5 9 66 20 75 55 27 34 78 76 73 17 26 39,heads,regular,1
2022-10-18T00:45:00Z,146,37 27 77 13 50 48 32 47 7 62 67 9 57 31 53 22 46 36 24 33,heads,regular,1
2022-10-18T00:48:00Z,147,75 58 54 79 29 30 11 4 40 49 17 76 80 78 6 9 44 31 55 47,tails,major,3
2022-10-18T00:51:00Z,148,8 69 22 51 16 62 49 45 35 44 24 67 15 61 33 48 77 37 34 31,evens,regular,1
2022-10-18T00:54:00Z,149,32 64 43 35 30 70 26 10 52 41 23 46 22 27 72 25 9 54 69 50,evens,regular,1
2022-10-18T00:57:00Z,150,65 39 1 54 10 22 59 72 48 12 35 36 76 9 2 61 73 58 80 37,evens,regular,2
2022-10-18T01:00:00Z,152,58 72 26 29 63 44 3 43 46 62 16 49 31 28 33 14 51 70 18 2,evens,regular,4
2022-10-18T01:03:00Z,153,32 11 16 2 21 35 12 52 9 8 5 27 49 23 3 70 19 34 42 46,heads,regular,1
2022-10-18T01:06:00Z,154,75 69 74 22 5 23 43 3 50 49 56 34 27 33 16 46 14 28 19 60,heads,major,1
2022-10-18T01:09:00Z,155,47 21 80 69 9 61 30 3 36 62 7 4 67 6 37 57 58 55 53 49,tails,minor,2
2022-10-18T01:12:00Z,156,18 39 59 34 6 28 58 72 11 7 62 80 45 3 15 42 14 19 49 5,heads,regular,1
2022-10-18T01:15:00Z,157,5 3 27 66 74 6 60 49 75 22 25 56 40 28 47 37 33 73 10 65,heads,regular,2
2022-10-18T01:18:00Z,158,42 36 24 55 74 41 69 54 77 28 71 44 17 33 52 58 64 7 32 37,tails,regular,5
2022-10-18T01:21:00Z,159,6 5 46 18 31 3 9 39 78 42 61 26 19 59 32 16 11 38 47 8,heads,regular,3
2022-10-18T01:24:00Z,161,40 59 39 9 15 23 7 21 3 10 37 24 61 74 64 55 71 58 45 62,heads,regular,2
2022-10-18T01:27:00Z,162,31 77 17 59 65 5 54 10 67 4 51 13 14 2 8 20 61 33 73 11,heads,regular,3
2022-10-18T01:30:00Z,163,43 30 51 38 54 26 75 39 67 76 19 33 46 4 29 21 15 42 80 66,evens,regular,1
2022-10-18T01:33:00Z,164,22 25 26 9 60 37 52 47 5 77 29 16 24 78 20 32 76 19 40 7,heads,major,2
2022-10-18T01:36:00Z,165,60 59 67 18 54 69 52 37 42 74 30 23 22 38 8 45 51 28 46 80,tails,regular,1
2022-10-18T01:39:00Z,166,56 74 21 45 52 29 59 44 43 75 41 79 40 73 54 46 27 62 15 34,tails,regular,1
2022-10-18T01:42:00Z,167,64 68 42 34 76 1 11 44 50 54 10 4 13 6 23 63 67 48 52 56,tails,regular,1
2022-10-18T01:45:00Z,168,13 51 10 50 76 74 54 17 78 44 18 22 79 19 57 40 41 80 31 48,tails,regular,1
2022-10-18T01:48:00Z,170,66 56 47 74 7 18 52 51 23 29 15 3 62 14 54 50 34 49 55 25,tails,minor,2
2022-10-18T01:51:00Z,171,7 30 75 54 78 25 4 13 61 76 2 57 52 63 12 27 73 53 60 67,tails,minor,2
2022-10-18T01:54:00Z,172,65 35 16 36 51 55 17 66 57 43 14 62 24 70 74 15 71 5 29 37,evens,regular,10
2022-10-18T01:57:00Z,173,72 37 3 7 11 60 24 29 67 62 40 71 25 61 5 59 63 34 2 27,heads,regular,1
2022-10-18T02:00:00Z,174,21 16 37 46 39 27 76 43 52 14 80 32 29 64 33 45 61 78 48 22,evens,regular,3
2022-10-18T02:03:00Z,175,17 16 27 61 26 77 41 44 4 8 29 76 67 1 15 31 19 66 52 12,heads,regular,3
2022-10-18T02:06:00Z,176,53 1 5 7 58 10 36 50 75 62 43 13 67 76 70 25 49 71 48 65,tails,regular,1
2022-10-18T02:09:00Z,177,14 34 79 57 1 7 17 51 27 25 5 75 66 61 68 52 13 35 22 41,heads,regular,3
2022-10-18T02:12:00Z,179,43 32 48 6 44 29 10 65 7 34 27 2 20 78 13 39 17 61 62 59,heads,regular,2
2022-10-18T02:15:00Z,180,4 54 43 22 18 13 67 25 73 5 49 63 51 70 36 41 68 80 12 30,tails,regular,3
2022-10-18T02:18:00Z,181,52 76 25 3 32 37 2 7 74 36 64 9 57 16 11 63 44 56 22 68,heads,regular,5
2022-10-18T02:21:00Z,182,34 31 40 29 46 20 26 35 4 6 51 2 18 62 56 71 14 7 33 59,heads,regular,2
2022-10-18T02:24:00Z,183,26 14 68 46 56 45 13 38 63 53 58 77 61 32 74 9 27 40 24 48,tails,major,3
2022-10-18T02:27:00Z,184,5 52 9 7 12 55 16 79 24 25 10 62 15 74 19 76 38 53 3 50,heads,regular,10
2022-10-18T02:30:00Z,185,50 5 57 29 52 37 62 11 71 22 65 7 43 76 20 55 14 30 47 44,tails,regular,1
2022-10-18T02:33:00Z,186,64 72 80 57 48 59 60 39 31 41 17 30 44 35 56 26 40 43 68 24,tails,minor,1
2022-10-18T02:36:00Z,188,4 2 41 30 15 23 76 78 73 9 19 28 42 49 26 61 58 74 8 13,heads,regular,3
2022-10-18T02:39:00Z,189,52 61 4 70 42 54 26 60 20 36 1 33 24 47 77 5 2 63 65 49,tails,regular,2
2022-10-18T02:42:00Z,190,32 28 67 64 14 79 8 36 18 74 3 49 7 65 12 52 15 48 21 62,heads,regular,5
2022-10-18T02:45:00Z,191,73 57 78 48 16 12 15 31 19 47 25 49 72 1 30 29 50 54 35 59,evens,regular,1
2022-10-18T02:48:00Z,192,40 78 31 24 8 26 47 49 44 15 39 38 14 18 61 65 12 1 55 33,heads,regular,1
2022-10-18T02:51:00Z,193,25 66 57 32 48 70 61 74 49 30 35 12 37 24 63 51 58 45 39 54,tails,regular,2
2022-10-18T02:54:00Z,194,8 80 65 72 12 19 25 24 67 43 64 13 45 4 61 5 34 78 75 37,evens,regular,1
2022-10-18T02:57:00Z,195,35 40 72 69 49 44 66 31 27 62 60 41 45 38 4 77 5 73 48 50,tails,regular,10
2022-10-18T03:00:00Z,197,12 4 2 8 59 28 50 31 11 70 67 44 15 24 62 58 14 47 69 45,evens,regular,3
2022-10-18T03:03:00Z,198,9 22 17 31 12 6 72 43 80 76 79 10 63 34 71 13 61 35 46 65,evens,regular,2
2022-10-18T03:06:00Z,199,62 71 7 43 48 59 37 13 70 38 39 47 5 26 29 11 75 23 28 24,heads,regular,1
2022-10-18T03:09:00Z,200,77 28 18 12 59 54 3 11 66 51 42 68 8 39 69 27 41 17 16 43,evens,regular,2
2022-10-18T03:12:00Z,201,8 66 63 39 73 19 2 21 27 71 58 40 34 41 29 65 46 62 5 42,evens,minor,2
2022-10-18T03:15:00Z,202,41 2 55 10 54 12 44 8 19 79 59 28 22 9 74 57 67 37 70 31,evens,regular,1
2022-10-18T03:18:00Z,203,7 13 59 46 6 80 9 58 12 73 40 39 79 16 24 19 53 44 35 36,heads,minor,3
2022-10-18T03:21:00Z,204,62 54 40 4 20 27 16 12 57 7 8 36 10 72 6 45 11 25 64 74,heads,regular,3
2022-10-18T03:24:00Z,206,70 62 19 22 1 30 46 79 11 6 32 48 24 42 23 61 77 33 58 31,heads,regular,2
2022-10-18T03:27:00Z,207,30 16 65 52 79 14 78 29 8 55 71 43 28 49 67 24 66 72 26 68,tails,minor,2
2022-10-18T03:30:00Z,208,60 55 19 10 33 63 9 7 48 1 3 80 41 40 29 24 25 34 54 8,heads,minor,1
2022-10-18T03:33:00Z,209,66 35 27 37 45 12 30 61 59 80 58 19 24 29 16 51 68 17 9 60,heads,regular,2
2022-10-18T03:36:00Z,210,80 5 34 22 40 44 74 47 65 73 55 10 31 17 12 2 3 60 68 69,evens,minor,2
2022-10-18T03:39:00Z,211,66 41 24 38 30 47 74 1 35 40 71 5 70 76 58 46 69 68 57 64,tails,regular,1
2022-10-18T03:42:00Z,212,58 45 32 8 28 76 48 1 55 31 68 77 78 67 35 51 79 52 80 75,tails,regular,3
2022-10-18T03:45:00Z,213,49 43 45 59 56 42 72 55 24 69 77 40 25 67 36 58 48 14 52 9,tails,minor,2
2022-10-18T03:48:00Z,215,21 29 65 14 64 6 35 40 36 69 43 55 67 8 58 23 60 31 56 78,evens,regular,1
2022-10-18T03:51:00Z,216,35 2 20 47 67 70 55 46 17 61 12 57 1 31 73 52 59 40 38 23,evens,major,2
2022-10-18T03:54:00Z,217,21 26 54 52 48 58 51 47 18 7 9 39 62 77 40 35 67 64 36 19,evens,major,4
2022-10-18T03:57:00Z,218,26 59 80 4 27 42 7 68 28 10 57 51 43 35 79 24 63 76 50 39,tails,minor,2
2022-10-18T04:00:00Z,219,45 17 21 7 68 43 20 48 76 24 36 60 49 12 5 2 4 39 3 14,heads,regular,1
2022-10-18T04:03:00Z,220,6 41 74 27 51 46 57 47 10 4 24 60 14 36 69 35 53 34 5 25,heads,minor,1
2022-10-18T04:06:00Z,221,53 41 3 13 35 11 77 52 10 76 16 68 45 78 74 28 18 58 79 46,tails,regular,3
2022-10-18T04:09:00Z,222,62 38 72 52 1 31 49 22 39 13 57 45 48 37 51 61 71 9 11 41,tails,regular,2
2022-10-18T04:12:00Z,224,43 5 73 17 41 55 48 59 78 35 16 29 22 60 77 46 3 49 56 79,tails,regular,3
2022-10-18T04:15:00Z,225,55 53 41 28 27 76 40 16 6 15 57 54 42 50 69 73 34 56 26 78,tails,regular,2
2022-10-18T04:18:00Z,226,63 76 47 61 71 64 77 9 4 36 65 50 23 40 70 48 14 43 66 30,tails,regular,2
2022-10-18T04:21:00Z,227,26 34 19 39 50 2 44 64 79 38 25 37 77 58 5 62 15 45 36 12,heads,major,1
2022-10-18T04:24:00Z,228,80 14 31 30 50 4 77 20 36 45 58 68 6 46 44 16 29 73 54 3,evens,minor,2
2022-10-18T04:27:00Z,229,7 13 46 67 23 11 17 42 65 9 25 69 70 27 74 26 58 28 22 8,heads,regular,3
2022-10-18T04:30:00Z,230,23 59 17 16 78 45 20 40 29 30 25 38 69 72 64 28 39 53 48 46,heads,regular,2
2022-10-18T04:33:00Z,231,75 21 77 42 58 48 6 76 15 61 67 71 20 4 2 78 25 57 22 50,tails,regular,2
2022-10-18T04:36:00Z,233,10 27 75 78 3 43 22 2 36 6 12 7 59 69 1 47 58 15 66 32,heads,regular,2
2022-10-18T04:39:00Z,234,28 76 4 48 9 65 60 23 1 7 45 46 27 72 42 21 44 53 75 32,tails,regular,1
2022-10-18T04:42:00Z,235,12 25 66 46 73 62 21 80 26 53 34 36 7 77 64 51 57 20 63 58,tails,minor,3
2022-10-18T04:45:00Z,236,10 77 78 67 47 42 34 73 62 54 39 22 53 57 68 13 8 50 5 64,tails,regular,1
2022-10-18T04:48:00Z,237,59 69 44 24 47 56 74 48 33 67 65 31 70 39 40 32 7 55 60 46,tails,regular,3
2022-10-18T04:51:00Z,238,55 46 5 62 19 60 68 23 66 1 26 13 65 64 76 11 44 71 47 35,tails,regular,3
2022-10-18T04:54:00Z,239,50 53 48 70 22 31 25 6 59 55 61 12 52 32 39 30 3 27 23 7,heads,regular,5
2022-10-18T04:57:00Z,240,27 56 11 16 25 61 77 46 69 51 40 35 75 73 53 37 64 30 54 48,tails,regular,2
2022-10-18T05:00:00Z,242,23 20 35 63 42 67 31 1 41 14 40 68 16 9 71 45 47 50 18 28,heads,regular,3
2022-10-18T05:03:00Z,243,33 23 9 74 50 4 6 62 57 37 28 69 36 80 71 79 1 73 41 58,tails,regular,3
2022-10-18T05:06:00Z,244,40 45 61 27 6 39 7 49 80 11 22 60 63 21 34 64 76 43 79 55,tails,regular,2
2022-10-18T05:09:00Z,245,33 54 63 9 52 2 20 12 27 60 65 76 4 53 21 64 74 26 45 6,evens,minor,2
2022-10-18T05:12:00Z,246,71 40 69 55 26 22 52 13 41 54 78 65 53 48 30 73 49 47 57 3,tails,regular,1
2022-10-18T05:15:00Z,247,46 73 3 76 31 14 47 30 19 79 60 12 20 32 54 58 66 16 57 33,evens,minor,3
2022-10-18T05:18:00Z,248,42 36 8 29 39 46 17 41 11 49 32 76 19 1 78 27 73 33 45 55,heads,regular,3
2022-10-18T05:21:00Z,249,50 54 74 12 49 47 43 1 79 64 11 75 58 35 70 9 40 18 77 62,tails,minor,1
2022-10-18T05:24:00Z,251,38 65 77 21 1 59 79 20 69 70 4 12 32 50 80 75 61 47 53 64,tails,major,1
2022-10-18T05:27:00Z,252,57 1 11 77 50 46 34 32 58 13 22 3 53 40 25 74 14 8 44 26,heads,minor,5
2022-10-18T05:30:00Z,253,58 1 45 9 28 6 46 54 20 12 35 47 78 14 61 36 76 48 70 55,tails,regular,3
2022-10-18T05:33:00Z,254,20 68 29 38 22 73 76 56 70 28 7 58 19 2 36 23 14 1 13 17,heads,regular,3
2022-10-18T05:36:00Z,255,66 19 16 57 28 24 63 54 13 3 43 73 47 39 38 12 60 1 61 15,heads,regular,1
2022-10-18T05:39:00Z,256,15 26 45 65 7 4 28 36 80 47 13 43 78 42 11 23 44 61 2 56,evens,regular,3
2022-10-18T05:42:00Z,257,69 2 77 24 63 6 28 41 50 19 45 20 48 33 4 13 65 37 68 54,evens,minor,2
2022-10-18T05:45:00Z,258,38 71 63 35 46 41 44 53 14 18 15 60 29 43 54 47 79 68 61 48,tails,regular,10
2022-10-18T05:48:00Z,260,32 46 47 29 19 24 7 8 5 39 69 53 61 68 62 28 75 17 64 36,heads,regular,1
2022-10-18T05:51:00Z,261,56 17 28 26 22 29 65 24 57 51 25 18 46 77 15 38 80 40 32 54,heads,regular,1
2022-10-18T05:54:00Z,262,79 63 1 73 74 64 24 8 62 40 47 67 23 37 78 80 10 58 18 13,tails,minor,1
2022-10-18T05:57:00Z,263,55 30 32 50 36 73 7 29 76 12 45 64 1 21 79 9 68 48 44 69,tails,major,4
2022-10-18T06:00:00Z,264,5 66 53 41 2 71 55 16 44 4 35 56 61 77 28 12 31 7 67 24,evens,regular,1
2022-10-18T06:03:00Z,265,39 80 31 76 60 29 44 36 66 68 32 3 7 34 47 9 13 64 41 4,heads,regular,1
2022-10-18T06:06:00Z,266,14 47 7 5 43 35 78 21 72 57 11 55 36 1 64 73 74 20 71 41,tails,regular,2
2022-10-18T06:09:00Z,267,73 65 35 52 61 40 13 58 59 80 69 48 44 71 2 78 30 5 9 4,tails,regular,2
2022-10-18T06:12:00Z,269,9 66 41 44 11 23 43 48 70 62 76 55 52 12 69 72 64 61 79 58,tails,minor,2
2022-10-18T06:15:00Z,270,29 59 33 43 20 80 64 21 66 14 4 35 5 44 17 48 67 40 58 77,evens,regular,3
2022-10-18T06:18:00Z,271,31 65 50 3 71 16 14 29 42 38 62 12 32 54 47 18 22 66 49 67,evens,major,1
2022-10-18T06:21:00Z,272,24 6 40 5 37 35 31 70 38 19 8 12 22 54 3 75 65 51 49 45,heads,regular,3
2022-10-18T06:24:00Z,273,21 35 12 79 30 28 78 36 74 41 67 25 77 37 66 61 6 50 63 19,evens,regular,1
2022-10-18T06:27:00Z,274,42 8 5 46 74 51 75 80 62 78 43 68 20 66 65 56 11 59 3 48,tails,regular,2
2022-10-18T06:30:00Z,275,73 28 40 64 5 14 61 70 47 31 63 46 41 25 51 78 56 19 43 53,tails,regular,1
2022-10-18T06:33:00Z,276,61 57 28 46 69 45 5 9 32 12 39 23 4 37 35 17 31 65 68 64,heads,regular,1
2022-10-18T06:36:00Z,278,20 40 58 68 1 71 31 33 49 3 48 78 62 5 4 66 67 32 59 74,tails,major,1
2022-10-18T06:39:00Z,279,24 79 80 77 48 62 22 9 73 38 19 12 78 32 13 40 42 39 45 59,evens,regular,3
2022-10-18T06:42:00Z,280,14 69 18 49 77 21 43 8 51 73 55 59 71 67 65 17 75 72 35 23,tails,regular,1
2022-10-18T06:45:00Z,281,30 6 55 8 37 15 45 56 67 11 78 29 23 22 51 12 16 65 25 44,heads,regular,1
2022-10-18T06:48:00Z,282,31 3 30 37 73 60 15 57 42 35 48 22 40 53 44 9 36 67 8 7,heads,regular,1
2022-10-18T06:51:00Z,283,72 59 38 65 5 11 42 16 68 70 22 3 80 47 73 31 6 7 45 36,evens,regular,3
2022-10-18T06:54:00Z,284,55 42 15 2 53 66 80 63 4 79 34 44 11 38 29 54 43 60 56 37,tails,minor,2
2022-10-18T06:57:00Z,285,59 43 74 23 36 77 12 30 14 39 2 45 68 1 7 60 9 32 4 37,heads,regular,2
2022-10-18T07:00:00Z,287,58 42 65 62 12 78 8 76 19 55 60 31 24 43 9 7 14 23 48 54,tails,major,1
2022-10-18T07:03:00Z,288,71 3 57 34 39 5 53 60 26 20 12 69 10 68 78 29 48 73 25 18,heads,regular,2
2022-10-18T07:06:00Z,289,60 62 52 22 67 71 10 41 29 1 5 54 33 2 51 49 37 78 64 48,tails,regular,2
2022-10-18T07:09:00Z,290,27 11 39 63 51 30 13 25 29 31 19 1 55 79 70 36 73 62 5 58,heads,regular,2
2022-10-18T07:12:00Z,291,46 24 66 36 6 39 61 23 65 74 30 48 75 44 37 38 19 52 54 45,tails,regular,2
2022-10-18T07:15:00Z,292,32 39 16 37 54 27 21 55 43 59 7 52 8 64 22 73 36 74 3 6,heads,regular,1
2022-10-18T07:18:00Z,293,26 10 65 37 32 28 14 74 70 79 31 80 43 21 51 54 66 6 62 47,tails,regular,2
2022-10-18T07:21:00Z,294,2 19 51 4 43 58 12 67 18 6 28 77 47 71 60 26 41 52 15 70,tails,major,1
2022-10-18T07:24:00Z,296,18 16 21 3 28 47 12 70 7 53 65 45 43 11 17 74 36 60 39 1,heads,regular,1
2022-10-18T07:27:00Z,297,41 54 10 14 75 18 13 19 49 12 58 40 78 28 21 33 57 61 64 53,evens,regular,2
2022-10-18T07:30:00Z,298,41 68 23 48 72 36 64 60 51 77 57 40 79 18 61 27 3 67 17 53,tails,regular,1
2022-10-18T07:33:00Z,299,70 72 20 43 13 31 73 19 24 65 7 12 47 46 40 80 63 21 26 9,heads,minor,2
2022-10-18T07:36:00Z,300,45 67 70 14 20 36 34 79 27 26 11 77 49 8 65 5 4 46 66 30,heads,regular,3
2022-10-18T07:39:00Z,301,14 68 47 56 3 31 1 39 65 40 35 32 4 64 30 76 18 27 59 77,heads,regular,1
2022-10-18T07:42:00Z,302,71 75 35 40 1 80 25 3 60 20 4 64 47 76 67 37 42 16 34 23,heads,regular,1
2022-10-18T07:45:00Z,303,57 47 10 48 49 72 65 78 63 66 6 55 40 27 4 75 76 15 44 42,tails,regular,1
2022-10-18T07:48:00Z,305,31 43 68 5 16 22 78 12 26 55 18 80 77 47 76 1 25 71 39 65,evens,regular,1
2022-10-18T07:51:00Z,306,38 36 79 40 8 47 48 23 37 24 75 72 5 30 67 34 15 21 12 59,heads,regular,3
2022-10-18T07:54:00Z,307,54 19 78 41 61 12 8 29 28 64 66 34 25 77 62 73 9 42 10 75,tails,regular,3
2022-10-18T07:57:00Z,308,3 27 30 19 31 58 23 67 15 55 60 42 36 65 75 8 79 17 80 35,heads,regular,2
2022-10-18T08:00:00Z,309,61 17 65 64 58 11 5 70 75 63 60 49 68 16 29 18 55 56 73 66,tails,minor,2
2022-10-18T08:03:00Z,310,73 25 15 80 57 37 56 4 49 22 77 34 48 66 35 51 46 28 40 33,evens,regular,3
2022-10-18T08:06:00Z,311,64 32 70 9 15 24 55 47 45 14 41 33 52 46 35 68 53 29 75 61,tails,minor,2
2022-10-18T08:09:00Z,312,25 43 27 77 68 56 35 32 10 12 46 22 69 78 5 62 80 24 58 55,tails,regular,1
2022-10-18T08:12:00Z,314,1 27 35 14 34 69 13 10 3 80 78 4 18 31 40 53 68 21 50 41,heads,regular,2
2022-10-18T08:15:00Z,315,11 14 52 34 59 8 17 57 50 43 72 19 45 2 21 10 12 37 5 9,heads,minor,1
2022-10-18T08:18:00Z,316,6 63 75 73 16 24 34 43 76 12 15 69 77 42 5 61 14 50 62 18,tails,minor,1
2022-10-18T08:21:00Z,317,32 3 79 12 19 60 15 58 24 37 57 76 40 65 16 25 72 45 10 23,heads,regular,1
2022-10-18T08:24:00Z,318,12 9 51 55 29 10 53 49 78 30 52 69 39 25 54 42 3 34 65 17,evens,regular,2
2022-10-18T08:27:00Z,319,29 21 62 63 23 52 40 17 36 75 64 66 38 26 74 3 56 80 53 70,tails,regular,2
2022-10-18T08:30:00Z,320,73 11 41 38 48 60 70 16 26 35 59 4 29 21 72 5 27 55 19 61,heads,regular,3
2022-10-18T08:33:00Z,321,36 45 40 4 21 24 74 46 67 58 11 49 33 14 77 34 76 75 48 1,evens,regular,3
2022-10-18T08:36:00Z,323,72 52 27 57 16 25 20 68 79 35 80 54 13 31 60 34 53 62 15 21,evens,minor,1
2022-10-18T08:39:00Z,324,68 24 59 73 16 19 53 11 10 39 2 64 79 48 67 3 36 17 50 44,evens,regular,5
2022-10-18T08:42:00Z,325,2 70 15 53 68 6 69 51 54 28 33 30 75 60 9 67 27 19 38 41,evens,regular,1
2022-10-18T08:45:00Z,326,29 5 2 13 14 1 18 56 3 47 45 78 71 15 39 73 63 30 36 53,heads,regular,1
2022-10-18T08:48:00Z,327,73 76 56 9 59 3 34 69 25 27 48 22 41 53 33 19 32 10 64 62,evens,regular,1
2022-10-18T08:51:00Z,328,42 5 75 20 34 3 60 24 40 50 58 70 30 56 18 43 8 61 74 31,evens,minor,1
2022-10-18T08:54:00Z,329,9 59 24 69 35 31 37 11 2 25 62 42 63 19 5 34 56 65 51 57,heads,regular,3
2022-10-18T08:57:00Z,330,7 59 40 29 38 65 61 71 28 57 21 62 22 16 60 6 10 55 64 41,evens,regular,1
2022-10-18T09:00:00Z,332,23 49 80 56 53 51 73 1 26 31 46 69 75 45 25 47 38 68 50 18,tails,regular,3
2022-10-18T09:03:00Z,333,24 12 44 33 57 64 14 76 72 67 54 27 3 66 68 58 37 2 60 52,tails,major,1
2022-10-18T09:06:00Z,334,6 56 7 44 80 41 55 39 71 8 69 54 75 13 78 61 77 33 67 12,tails,regular,1
2022-10-18T09:09:00Z,335,72 58 38 47 39 44 55 5 12 51 60 42 59 33 27 16 4 54 14 17,evens,regular,1
2022-10-18T09:12:00Z,336,11 76 38 20 79 14 16 13 24 54 39 1 4 77 58 65 34 9 42 33,heads,regular,3
2022-10-18T09:15:00Z,337,17 18 74 27 58 26 52 72 30 54 42 80 73 38 41 16 40 67 78 60,tails,regular,1
2022-10-18T09:18:00Z,338,9 10 28 46 57 25 38 58 8 22 44 60 75 32 65 13 51 50 64 49,tails,regular,3
2022-10-18T09:21:00Z,339,42 21 59 7 57 52 26 75 49 32 37 71 58 50 31 51 15 68 25 12,tails,regular,4
2022-10-18T09:24:00Z,341,8 69 24 1 29 40 15 45 64 67 54 59 23 79 53 22 74 17 16 21,heads,regular,2
2022-10-18T09:27:00Z,342,28 71 62 33 47 37 41 30 64 3 21 63 42 39 59 78 65 13 45 4,tails,regular,2
2022-10-18T09:30:00Z,343,50 62 29 78 8 69 2 44 25 33 74 72 73 14 31 54 15 32 71 3,evens,regular,2
2022-10-18T09:33:00Z,344,74 21 33 51 17 62 52 54 28 43 60 78 1 22 35 53 55 14 31 57,tails,regular,3
2022-10-18T09:36:00Z,345,5 4 74 80 45 20 19 17 61 51 47 76 39 62 52 42 9 53 6 75,tails,regular,1
2022-10-18T09:39:00Z,346,9 45 13 39 55 80 71 76 78 62 68 27 60 21 32 4 61 2 75 46,tails,regular,3
2022-10-18T09:42:00Z,347,20 3 26 79 39 71 60 10 6 59 31 5 13 1 64 40 38 12 24 25,heads,regular,1
2022-10-18T09:45:00Z,348,5 29 68 64 79 43 31 48 33 11 66 37 71 61 59 19 77 30 2 40,evens,regular,1
2022-10-18T09:48:00Z,350,59 64 29 5 8 33 49 24 72 68 53 54 39 22 47 40 7 13 51 52,evens,regular,1
2022-10-18T09:51:00Z,351,51 73 68 13 71 61 44 57 6 20 22 21 17 2 8 56 11 37 27 39,heads,major,3
2022-10-18T09:54:00Z,352,79 2 63 31 72 7 17 62 67 76 4 19 64 52 43 39 53 44 28 71,tails,major,1
2022-10-18T09:57:00Z,353,12 37 54 52 34 50 73 70 15 39 27 19 35 76 65 49 74 53 25 60,tails,minor,1
2022-10-18T10:00:00Z,354,61 56 37 70 35 59 26 29 71 62 45 18 22 78 74 23 65 25 79 3,tails,regular,1
2022-10-18T10:03:00Z,355,19 59 35 4 11 17 76 63 28 20 66 74 52 13 72 12 38 48 62 61,evens,major,4
2022-10-18T10:06:00Z,356,30 5 12 72 13 67 23 51 34 61 15 74 8 49 60 77 38 37 42 59,evens,major,1
2022-10-18T10:09:00Z,357,31 43 50 66 27 49 70 24 37 29 11 71 26 69 38 4 53 10 76 55,evens,regular,2
2022-10-18T10:12:00Z,359,70 76 3 74 28 4 40 64 29 49 80 39 66 53 19 65 41 72 36 12,tails,regular,3
2022-10-18T10:15:00Z,360,23 44 22 26 74 4 77 69 39 15 27 46 35 40 12 65 76 20 70 36,heads,regular,1
2022-10-18T10:18:00Z,361,11 60 65 10 27 29 64 12 20 50 70 72 53 9 69 74 76 62 4 78,tails,regular,5
2022-10-18T10:21:00Z,362,5 31 19 48 72 77 38 30 75 74 53 16 43 8 67 34 78 17 52 40,evens,minor,1
2022-10-18T10:24:00Z,363,11 62 69 21 39 64 38 10 18 28 48 47 77 1 30 5 25 46 7 60,heads,minor,1
2022-10-18T10:27:00Z,364,8 28 70 79 23 56 27 74 51 46 7 73 12 50 21 67 2 3 30 37,heads,major,2
2022-10-18T10:30:00Z,365,2 34 9 7 73 70 25 68 44 66 14 8 63 23 13 45 35 10 59 54,heads,major,1
2022-10-18T10:33:00Z,366,5 6 60 53 33 80 21 69 36 18 13 42 50 27 78 45 22 72 70 15,evens,regular,1
2022-10-18T10:36:00Z,368,39 15 33 45 8 73 80 7 35 27 57 16 20 4 65 58 71 49 13 11,heads,regular,3
2022-10-18T10:39:00Z,369,18 14 28 62 48 61 34 20 46 35 43 30 26 40 75 39 4 72 70 5,heads,regular,3
2022-10-18T10:42:00Z,370,72 18 68 26 45 3 71 56 53 51 48 65 64 11 60 39 9 22 78 8,tails,regular,3
2022-10-18T10:45:00Z,371,33 71 6 53 75 56 9 32 57 21 50 23 36 47 30 20 26 78 62 61,evens,regular,2
2022-10-18T10:48:00Z,372,37 8 64 22 63 16 21 71 30 23 52 17 62 78 60 80 44 72 24 14,evens,regular,1
2022-10-18T10:51:00Z,373,10 35 31 68 12 26 67 22 8 50 73 13 56 29 15 80 76 64 32 77,heads,minor,2
2022-10-18T10:54:00Z,374,18 8 61 7 42 63 69 49 60 78 2 3 72 34 31 12 1 77 4 66,evens,regular,3
2022-10-18T10:57:00Z,375,45 26 68 65 43 42 11 34 8 21 61 31 62 79 24 72 6 78 48 19,tails,regular,2
2022-10-18T11:00:00Z,377,7 50 23 58 24 64 18 60 45 32 35 48 38 3 36 37 46 69 9 19,heads,minor,10
2022-10-18T11:03:00Z,378,80 62 30 31 17 77 34 37 18 60 5 76 26 43 52 40 16 4 55 54,heads,regular,2
2022-10-18T11:06:00Z,379,44 20 40 74 67 19 49 52 50 35 41 25 30 56 9 68 34 6 24 53,evens,regular,3
2022-10-18T11:09:00Z,380,54 18 61 75 42 77 29 55 74 70 56 39 11 44 58 67 50 71 13 45,tails,regular,1
2022-10-18T11:12:00Z,381,6 69 25 19 44 58 47 14 78 23 67 31 42 22 66 52 75 53 51 24,tails,regular,1
2022-10-18T11:15:00Z,382,14 68 47 37 7 60 32 76 13 5 33 62 23 39 71 24 49 30 48 27,heads,regular,1
2022-10-18T11:18:00Z,383,57 48 18 31 63 25 27 76 11 12 50 72 10 2 9 36 66 26 55 56,heads,regular,3
2022-10-18T11:21:00Z,384,48 44 41 46 42 2 59 69 43 60 18 19 65 51 16 75 55 53 12 37,tails,regular,1
2022-10-18T11:24:00Z,386,11 5 34 42 79 35 43 29 9 39 56 33 67 47 75 28 23 54 46 48,evens,regular,2
2022-10-18T11:27:00Z,387,12 53 58 25 48 66 63 18 69 23 72 22 10 46 38 55 61 43 7 47,tails,regular,2
2022-10-18T11:30:00Z,388,31 36 7 35 54 13 78 65 44 53 67 74 76 16 33 48 39 41 34 27,evens,minor,2
2022-10-18T11:33:00Z,389,67 47 56 9 79 71 53 14 23 61 65 48 40 2 18 3 76 35 60 20,tails,minor,1
2022-10-18T11:36:00Z,390,50 43 11 16 9 22 24 41 63 60 58 19 61 72 66 33 30 17 67 78,tails,regular,2
2022-10-18T11:39:00Z,391,53 66 31 33 45 43 56 17 39 4 30 65 42 71 74 1 76 64 63 49,tails,regular,1
2022-10-18T11:42:00Z,392,37 23 28 65 1 16 70 41 56 26 6 73 27 44 49 76 78 42 62 34,tails,regular,1
2022-10-18T11:45:00Z,393,2 24 19 13 34 1 74 12 9 43 42 6 37 62 60 16 65 61 46 14,heads,minor,1
2022-10-18T11:48:00Z,395,6 23 4 59 42 37 63 15 66 13 56 41 50 67 80 46 3 14 35 39,evens,regular,1
2022-10-18T11:51:00Z,396,19 48 21 8 37 77 35 14 2 6 40 50 17 43 54 71 10 30 5 24,heads,regular,1
2022-10-18T11:54:00Z,397,34 60 54 66 67 59 32 9 4 56 77 74 24 13 20 6 47 19 23 42,evens,regular,1
2022-10-18T11:57:00Z,398,6 58 55 11 63 47 48 65 80 5 39 50 25 35 72 27 53 40 38 59,tails,regular,3
2022-10-18T12:00:00Z,399,71 34 28 41 52 37 40 1 23 7 14 31 36 80 38 48 22 68 19 73,heads,minor,3
2022-10-18T12:03:00Z,400,59 33 67 58 74 22 40 63 37 31 28 7 30 60 39 13 75 32 18 9,heads,regular,2
2022-10-18T12:06:00Z,401,70 44 3 6 41 33 38 71 20 23 15 60 75 79 14 52 51 24 53 65,tails,regular,1
2022-10-18T12:09:00Z,402,29 46 4 30 45 34 22 66 23 15 80 33 24 71 75 55 60 49 32 6,heads,regular,3
2022-10-18T12:12:00Z,404,37 42 51 3 31 65 22 38 1 44 19 67 27 57 10 46 9 33 39 14,heads,minor,1
2022-10-18T12:15:00Z,405,26 48 12 50 32 5 23 58 54 64 66 33 68 40 47 41 20 3 30 39,heads,regular,1
2022-10-18T12:18:00Z,406,30 56 44 55 47 18 67 66 15 79 74 17 27 12 31 69 51 50 46 26,tails,regular,2
2022-10-18T12:21:00Z,407,22 74 50 28 36 29 65 17 27 15 30 38 45 76 73 75 35 18 64 48,heads,minor,2
2022-10-18T12:24:00Z,408,76 50 26 12 69 31 38 16 30 51 13 11 54 70 18 41 80 17 64 3,heads,regular,3
2022-10-18T12:27:00Z,409,18 57 27 48 39 43 3 67 13 25 5 75 45 63 40 51 69 28 66 37,evens,regular,2
2022-10-18T12:30:00Z,410,68 58 44 73 45 54 6 24 61 79 66 26 74 42 65 21 7 14 40 3,tails,regular,3
2022-10-18T12:33:00Z,411,23 77 44 31 3 48 34 58 60 55 28 62 40 59 72 17 26 50 9 33,evens,minor,3
2022-10-18T12:36:00Z,413,41 47 75 48 7 60 45 56 67 72 16 1 14 18 49 9 58 3 22 64,tails,minor,4
2022-10-18T12:39:00Z,414,71 15 44 1 61 58 59 43 80 5 31 18 41 70 73 13 27 6 10 62,tails,major,1
2022-10-18T12:42:00Z,415,78 59 15 33 48 62 28 37 79 14 75 20 74 38 60 23 55 71 65 39,tails,minor,1
2022-10-18T12:45:00Z,416,72 37 73 33 58 60 19 59 66 56 57 20 49 69 78 10 30 1 18 41,tails,regular,2
2022-10-18T12:48:00Z,417,25 48 14 23 45 78 74 55 50 18 37 34 10 38 53 71 54 57 58 51,tails,major,1
2022-10-18T12:51:00Z,418,51 72 1 70 74 73 38 12 63 5 44 6 47 71 35 11 52 67 48 54,tails,regular,3
2022-10-18T12:54:00Z,419,26 27 72 11 6 31 60 35 2 16 77 39 65 57 28 67 66 9 43 36,heads,regular,1
2022-10-18T12:57:00Z,420,49 30 80 16 50 20 65 78 28 9 71 46 47 43 5 35 4 26 59 51,tails,regular,1
2022-10-18T13:00:00Z,422,57 1 34 46 16 60 9 76 5 64 7 47 31 18 77 40 41 29 80 30,heads,regular,1
2022-10-18T13:03:00Z,423,34 37 64 24 65 43 7 80 25 62 14 12 53 39 21 26 6 8 68 71,heads,regular,1
2022-10-18T13:06:00Z,424,1 18 76 35 67 72 24 49 63 23 50 60 75 10 61 48 20 56 43 57,tails,regular,1
2022-10-18T13:09:00Z,425,53 63 44 38 64 40 76 60 22 62 77 26 58 43 54 2 78 15 49 19,tails,regular,1
2022-10-18T13:12:00Z,426,59 50 38 74 13 72 43 71 44 34 12 57 70 15 42 8 53 23 26 80,tails,regular,1
2022-10-18T13:15:00Z,427,59 62 38 52 37 40 63 43 6 73 72 16 80 24 14 32 76 29 19 64,evens,regular,1
2022-10-18T13:18:00Z,428,63 45 78 59 29 22 75 68 2 7 26 14 12 43 49 53 9 3 6 69,evens,regular,1
2022-10-18T13:21:00Z,429,64 68 27 21 54 13 22 52 56 37 39 80 32 45 6 58 8 66 16 75,evens,regular,2
2022-10-18T13:24:00Z,431,19 9 34 74 8 66 18 38 62 78 53 17 67 75 79 28 68 30 56 50,tails,regular,1
2022-10-18T13:27:00Z,432,30 22 23 53 34 37 80 79 68 48 28 24 44 3 18 7 49 14 6 78,heads,minor,3
2022-10-18T13:30:00Z,433,43 74 32 61 12 18 2 36 44 1 8 35 40 42 45 60 16 25 57 78,heads,regular,3
2022-10-18T13:33:00Z,434,24 2 16 33 3 21 80 19 77 78 76 70 9 18 42 10 12 15 34 31,heads,regular,3
2022-10-18T13:36:00Z,435,62 39 1 24 55 20 22 78 5 48 52 58 26 79 7 25 76 71 29 6,heads,regular,1
2022-10-18T13:39:00Z,436,27 30 79 17 77 53 36 45 49 20 70 1 42 11 74 21 22 72 58 59,tails,regular,3
2022-10-18T13:42:00Z,437,40 52 35 72 19 14 46 64 18 44 33 7 26 74 70 15 30 29 9 55,heads,regular,2
2022-10-18T13:45:00Z,438,66 26 53 18 13 70 73 63 25 54 4 29 69 37 59 9 43 56 35 55,tails,regular,3
2022-10-18T13:48:00Z,440,33 6 3 5 20 71 77 21 70 78 66 32 48 52 54 55 53 72 80 2,tails,minor,2
2022-10-18T13:51:00Z,441,64 48 14 3 32 9 28 77 18 12 8 29 65 43 7 67 58 76 66 17,heads,regular,1
2022-10-18T13:54:00Z,442,49 71 12 2 51 74 27 36 29 79 67 61 45 25 59 76 1 39 15 21,evens,regular,2
2022-10-18T13:57:00Z,443,75 26 1 69 18 3 11 22 15 21 57 58 56 45 54 79 30 41 80 27,evens,major,1
2022-10-18T14:00:00Z,444,48 52 76 22 36 77 53 23 68 51 5 1 27 7 34 16 45 10 78 46,evens,regular,2
2022-10-18T14:03:00Z,445,68 35 4 71 3 14 69 12 38 55 1 39 42 62 22 50 77 54 43 74,tails,regular,3
2022-10-18T14:06:00Z,446,30 59 40 38 44 42 26 36 43 54 3 12 16 50 60 5 14 22 66 1,heads,minor,2
2022-10-18T14:09:00Z,447,76 4 65 2 59 60 63 6 69 14 77 71 31 16 27 24 61 64 5 79,tails,regular,1
2022-10-18T14:12:00Z,449,56 18 61 27 67 76 64 42 6 68 60 45 32 29 38 28 20 54 66 48,tails,regular,1
2022-10-18T14:15:00Z,450,40 77 61 43 30 15 6 78 16 55 80 3 34 47 17 29 44 53 22 35,heads,major,1
2022-10-18T14:18:00Z,451,26 60 16 39 51 72 36 3 7 61 24 34 41 2 50 20 73 44 54 69,evens,regular,5
2022-10-18T14:21:00Z,452,41 50 33 63 13 72 28 9 37 77 15 54 43 70 2 4 45 73 79 3,tails,minor,2
2022-10-18T14:24:00Z,453,10 45 20 21 64 66 74 73 25 26 78 61 19 16 44 22 58 55 31 51,tails,regular,3
2022-10-18T14:27:00Z,454,23 12 20 64 46 47 14 73 63 48 57 65 13 68 55 54 18 3 34 77,tails,regular,1
2022-10-18T14:30:00Z,455,7 19 20 37 18 27 9 56 44 13 34 63 45 75 38 53 42 61 49 23,heads,regular,1
2022-10-18T14:33:00Z,456,55 5 60 80 7 14 66 64 29 38 28 62 1 39 18 17 15 21 35 41,heads,regular,1
2022-10-18T14:36:00Z,458,68 34 76 72 44 28 20 4 43 10 61 75 1 50 36 53 52 22 13 38,evens,regular,1
2022-10-18T14:39:00Z,459,43 75 12 54 53 36 14 18 26 79 11 44 40 63 61 45 77 27 8 21,evens,regular,1
2022-10-18T14:42:00Z,460,66 62 61 4 71 18 79 16 10 22 21 36 42 60 12 74 69 72 15 70,tails,regular,2
2022-10-18T14:45:00Z,461,17 57 18 51 64 53 52 80 29 10 67 77 71 16 59 56 2 73 49 1,tails,regular,1
2022-10-18T14:48:00Z,462,50 46 47 55 48 67 42 25 22 70 19 49 68 71 66 18 54 13 11 56,tails,regular,1
2022-10-18T14:51:00Z,463,26 13 9 41 72 64 17 29 23 52 63 10 77 57 61 20 62 31 66 18,evens,minor,2
2022-10-18T14:54:00Z,464,42 39 53 66 61 31 8 6 22 62 64 20 76 48 11 19 47 38 15 32,heads,minor,2
2022-10-18T14:57:00Z,465,31 9 59 80 16 70 38 34 8 49 23 61 1 15 62 36 2 54 67 22,heads,regular,1
2022-10-18T15:00:00Z,467,40 16 15 9 5 27 7 34 35 11 55 24 67 42 20 21 63 66 54 8,heads,minor,3
2022-10-18T15:03:00Z,468,36 21 31 40 26 11 16 35 65 48 27 25 29 58 43 63 23 57 47 51,heads,regular,2
2022-10-18T15:06:00Z,469,36 65 58 4 37 69 13 47 54 39 23 8 49 63 11 79 55 9 3 16,heads,regular,2
2022-10-18T15:09:00Z,470,80 9 72 43 34 62 30 38 7 57 35 63 28 44 25 76 19 59 49 24,evens,regular,1
2022-10-18T15:12:00Z,471,77 37 8 40 75 22 78 26 34 50 27 31 4 80 9 10 58 39 2 3,heads,regular,1
2022-10-18T15:15:00Z,472,80 25 53 69 17 46 38 34 13 62 16 72 2 32 7 56 57 40 36 39,heads,regular,3
2022-10-18T15:18:00Z,473,8 10 51 40 14 78 9 67 61 12 16 5 75 62 53 55 72 48 18 43,tails,regular,1
2022-10-18T15:21:00Z,474,64 2 74 30 39 66 40 28 6 5 69 63 59 55 34 68 38 42 31 24,heads,regular,1
2022-10-18T15:24:00Z,476,18 72 48 28 16 41 13 21 2 33 65 75 59 56 74 67 58 39 66 30,tails,regular,3
2022-10-18T15:27:00Z,477,62 19 51 42 40 7 17 27 31 29 67 2 4 41 24 79 72 66 56 1,heads,regular,1
2022-10-18T15:30:00Z,478,62 40 44 37 29 1 53 73 32 55 67 45 39 18 49 31 52 60 46 26,tails,regular,3
2022-10-18T15:33:00Z,479,39 29 57 45 65 19 20 67 51 52 49 72 24 36 27 12 76 64 32 77,tails,minor,3
2022-10-18T15:36:00Z,480,67 10 71 58 6 53 7 63 19 70 14 27 47 62 5 66 49 15 43 35,tails,minor,3
2022-10-18T15:39:00Z,481,9 2 59 32 31 68 51 50 58 64 16 76 19 44 55 35 12 29 80 26,evens,regular,3
2022-10-18T15:42:00Z,482,36 65 46 7 35 4 68 5 74 22 6 62 30 72 13 41 20 78 63 2,heads,regular,2
2022-10-18T15:45:00Z,483,75 43 25 55 51 48 44 38 52 45 79 4 63 41 65 47 9 67 70 14,tails,major,2
2022-10-18T15:48:00Z,485,34 16 77 64 22 75 7 60 42 63 45 3 20 14 59 74 5 11 10 72,evens,regular,1
2022-10-18T15:51:00Z,486,49 27 53 16 37 15 58 75 74 2 66 71 68 40 34 55 12 78 33 50,tails,minor,3
2022-10-18T15:54:00Z,487,26 59 78 77 44 34 49 41 15 35 57 22 3 72 20 29 68 76 38 67,tails,minor,1
2022-10-18T15:57:00Z,488,61 11 57 9 64 17 25 45 10 30 19 38 37 1 69 54 16 26 71 33,heads,regular,1
2022-10-18T16:00:00Z,489,55 39 32 51 17 1 74 11 69 43 70 9 64 29 68 16 73 5 20 3,heads,regular,2
2022-10-18T16:03:00Z,490,6 17 35 48 19 30 15 68 31 10 53 75 36 28 55 77 4 58 27 5,heads,minor,1
2022-10-18T16:06:00Z,491,16 54 23 10 50 65 19 17 56 22 78 79 18 52 80 1 31 48 58 11,evens,major,1
2022-10-18T16:09:00Z,492,26 28 45 15 59 50 80 56 52 4 36 18 48 32 19 38 77 73 14 72,evens,regular,10
2022-10-18T16:12:00Z,494,25 67 33 72 21 28 60 22 10 54 46 68 5 1 63 32 15 39 55 78,heads,regular,3
2022-10-18T16:15:00Z,495,10 78 11 61 19 58 21 24 50 59 35 14 4 75 29 43 23 40 65 27,heads,major,1
2022-10-18T16:18:00Z,496,77 51 5 14 48 41 37 25 18 46 69 50 53 76 55 24 27 39 1 67,tails,minor,10
2022-10-18T16:21:00Z,497,18 4 80 68 21 58 20 28 27 44 26 3 29 46 13 57 75 49 41 67,evens,regular,3
2022-10-18T16:24:00Z,498,78 27 62 68 3 61 67 50 13 19 64 6 23 60 25 18 32 48 46 12,evens,regular,5
2022-10-18T16:27:00Z,499,23 53 14 40 58 68 31 47 37 25 39 52 22 50 5 77 17 9 48 7,heads,major,1
2022-10-18T16:30:00Z,500,13 3 31 44 4 53 61 62 20 68 14 43 9 58 33 40 78 15 55 77,evens,minor,2
2022-10-18T16:33:00Z,501,70 66 35 24 57 65 61 76 9 50 1 13 72 55 33 49 73 28 46 53,tails,regular,10
2022-10-18T16:36:00Z,503,26 15 7 4 56 12 29 63 10 13 32 37 42 46 24 36 55 35 65 40,heads,regular,10
2022-10-18T16:39:00Z,504,67 60 39 6 18 65 37 19 29 78 21 40 53 9 3 33 69 23 7 38,heads,regular,2
2022-10-18T16:42:00Z,505,66 28 26 4 39 41 47 60 79 35 40 9 6 15 57 37 8 68 2 65,heads,regular,1
2022-10-18T16:45:00Z,506,74 4 44 13 8 19 23 70 33 73 11 26 40 63 15 7 68 30 51 67,heads,minor,3
2022-10-18T16:48:00Z,507,43 32 5 10 55 39 8 16 38 74 69 40 60 47 18 27 30 50 12 57,heads,minor,1
2022-10-18T16:51:00Z,508,47 77 78 72 55 79 29 22 21 30 76 54 2 57 19 39 1 37 8 13,heads,regular,3
2022-10-18T16:54:00Z,509,37 24 20 63 61 77 12 16 51 43 4 44 19 32 54 25 23 49 3 11,heads,regular,2
2022-10-18T16:57:00Z,510,6 68 64 45 79 33 67 44 30 51 38 22 43 41 74 34 80 53 3 18,tails,major,1
2022-10-18T17:00:00Z,512,2 33 8 64 30 51 25 46 27 16 77 43 28 3 60 48 22 1 39 52,heads,regular,3
2022-10-18T17:03:00Z,513,56 28 74 58 41 57 25 59 33 15 67 45 52 62 75 40 51 16 31 29,tails,major,1
2022-10-18T17:06:00Z,514,29 16 18 78 73 70 21 23 25 39 52 59 24 64 75 45 47 37 34 38,heads,regular,3
2022-10-18T17:09:00Z,515,37 3 8 18 62 21 31 65 32 11 13 40 71 39 10 1 43 30 23 4,heads,minor,1
2022-10-18T17:12:00Z,516,78 57 6 29 13 26 60 22 43 47 2 38 54 24 66 4 73 51 12 1,heads,minor,1
2022-10-18T17:15:00Z,517,37 12 9 54 23 71 79 24 65 7 49 13 73 6 21 31 25 69 36 30,heads,regular,2
2022-10-18T17:18:00Z,518,75 15 61 3 47 52 7 34 24 40 35 80 73 69 70 19 1 6 53 5,heads,minor,4
2022-10-18T17:21:00Z,519,46 59 75 33 18 9 7 6 52 27 39 28 64 11 78 49 74 10 40 47,heads,minor,4
2022-10-18T17:24:00Z,521,28 63 7 56 64 72 4 40 58 15 34 24 36 23 17 55 11 19 27 79,heads,regular,1
2022-10-18T17:27:00Z,522,10 26 3 57 58 70 52 5 38 45 75 14 43 49 76 24 67 77 55 66,tails,minor,1
2022-10-18T17:30:00Z,523,37 71 76 6 66 56 72 15 55 20 8 39 7 77 50 4 46 52 74 18,tails,regular,2
2022-10-18T17:33:00Z,524,20 29 33 45 31 74 18 58 34 7 32 10 14 16 53 61 43 24 65 25,heads,regular,1
2022-10-18T17:36:00Z,525,20 19 54 11 12 34 37 69 36 56 49 78 1 52 29 70 31 72 60 13,heads,regular,2
2022-10-18T17:39:00Z,526,72 17 1 66 51 15 40 44 63 73 28 41 14 21 36 76 9 5 47 59,evens,regular,1
2022-10-18T17:42:00Z,527,65 68 42 31 21 6 39 11 10 72 24 26 74 54 33 64 63 23 66 38,heads,major,4
2022-10-18T17:45:00Z,528,64 16 34 55 63 54 24 11 45 10 6 62 7 27 22 52 73 38 41 8,heads,regular,3
2022-10-18T17:48:00Z,530,56 39 69 1 33 22 5 71 43 60 6 41 27 8 65 50 40 34 70 51,evens,regular,2
2022-10-18T17:51:00Z,531,16 63 61 6 39 74 53 23 31 62 49 32 52 55 15 75 7 71 36 57,tails,minor,1
2022-10-18T17:54:00Z,532,33 16 13 31 24 74 59 15 55 68 18 26 32 52 45 65 2 19 43 28,heads,minor,1
2022-10-18T17:57:00Z,533,53 19 65 42 52 25 57 78 16 62 67 11 34 3 33 38 73 5 60 75,tails,minor,2
2022-10-18T18:00:00Z,534,56 12 65 25 24 57 71 18 17 67 41 38 2 59 42 8 63 16 13 43,evens,regular,1
2022-10-18T18:03:00Z,535,58 3 15 36 14 53 4 7 37 2 5 65 57 49 24 43 78 13 17 41,heads,regular,5
2022-10-18T18:06:00Z,536,16 12 44 38 33 50 47 55 41 62 80 2 51 78 53 77 24 69 39 37,tails,regular,1
2022-10-18T18:09:00Z,537,52 26 30 3 21 65 9 25 32 2 12 17 11 78 67 27 43 36 51 39,heads,minor,3
2022-10-18T18:12:00Z,539,61 3 7 60 64 9 17 14 62 29 6 73 49 46 54 75 35 21 53 33,evens,regular,2
2022-10-18T18:15:00Z,540,80 21 64 67 74 12 43 59 53 27 70 42 35 68 77 78 49 38 48 14,tails,major,2
2022-10-18T18:18:00Z,541,54 42 75 45 20 31 14 72 79 62 40 44 48 46 38 13 25 64 76 2,tails,major,1
2022-10-18T18:21:00Z,542,49 27 46 29 17 80 23 56 30 39 7 72 33 76 67 3 40 9 58 28,heads,regular,1
2022-10-18T18:24:00Z,543,42 69 62 19 46 57 59 54 13 14 39 6 60 20 50 51 43 3 21 64,tails,regular,1
2022-10-18T18:27:00Z,544,4 35 45 11 12 24 41 21 57 50 15 66 8 23 70 26 76 9 61 48,heads,regular,2
2022-10-18T18:30:00Z,545,39 33 2 42 31 41 52 28 35 80 23 19 1 37 55 4 63 6 15 10,heads,minor,1
2022-10-18T18:33:00Z,546,77 70 8 46 52 42 39 2 37 51 1 73 57 75 15 10 27 12 11 60,evens,regular,1
2022-10-18T18:36:00Z,548,18 20 12 14 49 24 19 25 78 16 26 59 74 28 23 39 21 69 34 71,heads,regular,1
2022-10-18T18:39:00Z,549,80 49 71 12 65 29 11 75 57 55 16 58 52 73 42 2 15 9 37 17,tails,regular,2
2022-10-18T18:42:00Z,550,70 49 64 7 29 52 39 71 5 17 62 20 24 48 55 22 23 33 53 65,evens,minor,1
2022-10-18T18:45:00Z,551,16 11 21 75 65 50 60 18 28 71 52 73 9 5 8 13 54 64 3 27,heads,regular,1
2022-10-18T18:48:00Z,552,68 54 72 75 18 24 63 40 80 43 12 17 73 5 22 26 59 79 38 76,tails,regular,1
2022-10-18T18:51:00Z,553,23 24 36 26 34 17 56 75 61 45 41 69 59 15 8 28 51 12 76 63,evens,regular,2
2022-10-18T18:54:00Z,554,47 5 61 48 26 46 70 71 57 80 22 53 28 50 11 7 40 60 79 27,tails,regular,1
2022-10-18T18:57:00Z,555,19 10 52 40 20 56 33 28 43 18 53 4 34 47 6 58 67 46 36 59,heads,regular,3
2022-10-18T19:00:00Z,557,20 60 35 43 54 1 16 17 42 9 6 26 29 44 5 10 12 50 18 58,heads,regular,1
2022-10-18T19:03:00Z,558,14 32 8 80 40 20 3 44 39 27 16 55 4 36 17 53 43 69 70 26,heads,regular,2
2022-10-18T19:06:00Z,559,25 73 11 39 42 58 66 22 20 60 57 18 5 28 40 4 37 36 77 70,heads,major,1
2022-10-18T19:09:00Z,560,57 24 4 55 9 6 1 63 45 36 39 79 19 40 32 34 73 69 25 68,heads,regular,1
2022-10-18T19:12:00Z,561,74 77 51 59 62 23 61 72 53 75 3 58 78 5 34 76 11 60 17 33,tails,minor,3
2022-10-18T19:15:00Z,562,77 73 1 36 60 67 76 58 45 8 79 70 47 66 68 31 53 24 21 78,tails,regular,2
2022-10-18T19:18:00Z,563,19 13 62 35 1 38 39 65 20 43 49 59 45 53 15 29 36 52 73 55,evens,regular,2
2022-10-18T19:21:00Z,564,72 44 56 63 58 54 69 36 74 32 5 64 66 39 45 46 4 19 40 53,tails,regular,1
2022-10-18T19:24:00Z,566,42 15 77 59 49 9 26 45 6 40 50 16 38 56 22 47 52 32 37 41,evens,regular,1
2022-10-18T19:27:00Z,567,66 80 6 46 27 20 61 2 60 37 11 67 73 19 55 58 22 63 25 3,evens,regular,2
2022-10-18T19:30:00Z,568,58 66 62 40 18 76 49 57 39 29 67 26 45 4 34 75 11 5 8 70,evens,regular,2
2022-10-18T19:33:00Z,569,80 79 65 31 60 17 47 5 32 73 70 45 33 71 28 20 3 61 46 10,tails,regular,3
2022-10-18T19:36:00Z,570,11 54 55 48 68 79 26 51 59 66 76 60 73 42 9 63 38 57 8 65,tails,regular,3
2022-10-18T19:39:00Z,571,52 23 73 42 7 53 58 32 40 80 8 69 5 22 6 27 49 35 10 60,heads,minor,1
2022-10-18T19:42:00Z,572,31 77 72 78 57 34 30 42 47 28 8 73 15 52 51 7 18 68 61 65,tails,major,1
2022-10-18T19:45:00Z,573,59 49 74 1 20 35 51 11 14 36 72 4 24 28 63 45 66 53 30 26,heads,regular,3
2022-10-18T19:48:00Z,575,24 20 37 14 40 29 68 32 26 8 6 2 10 25 54 34 45 50 66 53,heads,minor,1
2022-10-18T19:51:00Z,576,36 80 13 24 79 62 50 15 71 10 70 73 78 56 76 49 26 34 72 75,tails,regular,2
2022-10-18T19:54:00Z,577,48 70 79 34 68 20 60 7 24 18 78 22 26 47 33 50 63 62 56 29,tails,regular,3
2022-10-18T19:57:00Z,578,43 33 39 3 52 59 56 54 44 28 15 20 51 10 25 37 79 55 63 47,tails,regular,1
2022-10-18T20:00:00Z,579,41 30 65 25 36 61 3 2 24 6 4 70 66 32 57 67 74 47 53 58,tails,regular,3
2022-10-18T20:03:00Z,580,16 79 75 28 25 53 70 21 47 18 50 17 55 29 43 37 42 66 57 64,tails,minor,1
2022-10-18T20:06:00Z,581,21 63 74 69 3 19 13 68 41 10 78 56 77 31 5 38 8 64 30 55,evens,minor,10
2022-10-18T20:09:00Z,582,35 57 28 73 36 52 50 24 19 65 29 54 44 68 58 21 9 45 27 31,evens,regular,2
2022-10-18T20:12:00Z,584,43 23 61 70 14 24 36 69 20 7 63 72 68 79 80 15 41 50 38 6,tails,regular,1
2022-10-18T20:15:00Z,585,78 32 27 37 76 59 24 49 38 4 22 75 20 70 18 68 62 53 39 25,heads,regular,3
2022-10-18T20:18:00Z,586,29 72 24 42 10 3 25 2 28 12 68 45 79 70 56 54 38 17 21 11,heads,minor,1
2022-10-18T20:21:00Z,587,25 22 45 19 56 43 73 2 14 51 12 54 36 8 77 10 78 15 30 32,heads,regular,2
2022-10-18T20:24:00Z,588,36 77 19 79 58 40 61 73 35 26 7 23 16 44 65 49 29 69 52 33,evens,regular,3
2022-10-18T20:27:00Z,589,26 3 80 19 30 32 18 61 29 2 72 31 13 17 76 71 7 21 10 14,heads,regular,1
2022-10-18T20:30:00Z,590,41 51 60 68 52 66 57 1 78 59 30 47 50 58 72 12 54 56 27 22,tails,minor,2
2022-10-18T20:33:00Z,591,78 69 26 30 38 54 57 62 43 2 58 16 11 80 9 59 76 53 4 64,tails,minor,2
2022-10-18T20:36:00Z,593,28 36 75 70 67 54 25 35 19 53 12 33 37 31 68 55 66 38 77 72,evens,regular,1
2022-10-18T20:39:00Z,594,66 46 62 36 70 11 52 51 7 74 35 12 30 60 78 58 75 34 38 42,tails,minor,2
2022-10-18T20:42:00Z,595,6 20 60 39 42 1 46 56 47 15 11 28 35 41 40 79 3 48 12 32,heads,minor,2
2022-10-18T20:45:00Z,596,47 79 25 15 49 7 69 41 57 75 48 52 21 77 58 70 17 20 73 80,tails,regular,1
2022-10-18T20:48:00Z,597,23 53 16 41 62 4 31 13 19 11 14 64 2 79 17 77 74 22 26 59,heads,regular,3
2022-10-18T20:51:00Z,598,70 56 51 58 52 47 74 72 48 18 75 6 69 66 27 36 15 77 9 59,tails,regular,1
2022-10-18T20:54:00Z,599,49 74 1 75 3 29 70 9 40 72 35 67 71 78 32 41 34 64 2 27,evens,regular,1
2022-10-18T20:57:00Z,600,75 13 31 14 21 4 30 43 53 18 64 38 79 71 36 47 46 5 34 28,heads,regular,3
2022-10-18T21:00:00Z,602,33 58 1 21 62 17 19 45 31 43 55 14 61 25 3 22 66 6 40 57,heads,minor,3
2022-10-18T21:03:00Z,603,38 6 66 51 9 21 32 15 36 54 27 58 13 17 19 65 5 64 60 77,heads,regular,1
2022-10-18T21:06:00Z,604,58 32 2 31 74 28 45 8 26 70 19 62 46 40 22 79 38 64 65 15,heads,regular,3
2022-10-18T21:09:00Z,605,13 35 60 55 74 27 11 22 8 30 21 20 65 66 48 57 39 44 62 34,heads,regular,2
2022-10-18T21:12:00Z,606,65 70 72 43 8 57 46 38 31 3 24 29 6 35 50 9 78 19 42 47,evens,minor,4
2022-10-18T21:15:00Z,607,37 2 15 59 41 62 25 42 49 77 43 69 65 35 60 73 16 50 33 23,tails,regular,3
2022-10-18T21:18:00Z,608,10 51 46 78 2 74 40 32 3 50 13 77 73 23 41 68 31 24 25 42,evens,regular,2
2022-10-18T21:21:00Z,609,70 42 25 69 32 72 47 77 1 68 27 63 43 17 7 33 18 60 26 16,evens,regular,1
2022-10-18T21:24:00Z,611,63 61 3 7 40 48 33 32 17 64 6 21 24 67 28 59 8 51 74 26,heads,regular,1
2022-10-18T21:27:00Z,612,4 57 69 47 71 51 62 37 1 16 61 76 70 78 33 22 23 74 6 68,tails,regular,1
2022-10-18T21:30:00Z,613,21 31 53 80 61 72 33 50 68 54 18 57 6 49 28 42 62 35 58 63,tails,regular,2
2022-10-18T21:33:00Z,614,72 29 69 65 76 55 74 62 32 4 30 34 18 78 60 11 80 66 8 31,tails,regular,1
2022-10-18T21:36:00Z,615,4 73 18 48 60 12 37 7 24 43 39 27 16 61 3 17 28 53 52 20,heads,regular,10
2022-10-18T21:39:00Z,616,16 27 46 63 41 6 35 57 68 4 60 40 76 10 32 75 49 12 37 80,evens,regular,1
2022-10-18T21:42:00Z,617,70 67 61 79 3 59 71 32 78 66 6 13 24 73 7 74 69 14 33 21,tails,regular,3
2022-10-18T21:45:00Z,618,60 5 43 23 4 55 3 44 33 77 42 78 28 6 54 46 2 8 62 70,tails,major,1
2022-10-18T21:48:00Z,620,6 57 45 58 13 34 72 25 22 44 21 42 5 30 39 8 41 17 53 29,heads,minor,2
2022-10-18T21:51:00Z,621,56 53 18 65 46 29 44 33 40 49 8 6 4 43 59 64 10 50 13 54,tails,regular,3
2022-10-18T21:54:00Z,622,79 60 19 37 43 67 22 69 39 44 7 62 9 49 4 41 76 5 58 30,tails,regular,1
2022-10-18T21:57:00Z,623,61 40 77 51 2 53 42 44 27 7 36 30 11 8 65 41 33 69 18 56,evens,regular,2
2022-10-18T22:00:00Z,624,20 48 38 8 39 7 72 26 73 76 56 80 58 42 27 43 28 4 54 64,tails,regular,3
2022-10-18T22:03:00Z,625,50 14 41 39 57 4 13 11 19 20 62 60 37 34 55 61 32 59 10 51,heads,regular,3
2022-10-18T22:06:00Z,626,73 17 61 8 79 64 16 39 23 2 49 19 47 28 31 22 10 43 29 5,heads,regular,3
2022-10-18T22:09:00Z,627,64 4 34 61 55 45 40 73 46 22 79 3 68 14 35 17 33 8 15 43,heads,regular,1
2022-10-18T22:12:00Z,629,8 26 24 16 23 10 45 46 41 49 67 54 61 11 2 20 69 47 25 30,heads,regular,1
2022-10-18T22:15:00Z,630,2 44 40 50 8 18 78 77 66 34 73 16 33 12 31 64 26 75 27 3,heads,regular,2
2022-10-18T22:18:00Z,631,5 72 33 2 61 74 16 47 12 56 67 31 76 42 60 77 6 17 57 34,tails,regular,2
2022-10-18T22:21:00Z,632,18 36 19 29 78 16 27 37 31 22 45 79 4 63 80 53 12 21 47 7,heads,minor,2
2022-10-18T22:24:00Z,633,16 60 26 65 21 19 49 44 10 11 13 52 61 68 54 31 72 57 33 80,tails,regular,10
2022-10-18T22:27:00Z,634,39 31 7 53 57 42 30 16 3 73 79 50 67 60 78 37 25 38 46 1,evens,minor,1
2022-10-18T22:30:00Z,635,66 11 6 58 5 71 42 61 79 68 41 72 46 17 26 32 77 8 14 33,tails,regular,3
2022-10-18T22:33:00Z,636,30 39 75 37 36 62 69 73 1 56 3 48 10 70 33 45 51 9 4 13,heads,major,2
2022-10-18T22:36:00Z,638,5 27 23 6 61 72 67 13 73 53 37 19 77 62 66 43 49 12 7 79,tails,major,4
2022-10-18T22:39:00Z,639,2 55 1 57 80 71 74 18 11 44 5 66 51 43 79 27 4 25 30 42,tails,major,1
2022-10-18T22:42:00Z,640,63 3 7 15 44 14 72 32 45 37 4 39 5 74 77 61 23 20 59 80,heads,regular,3
2022-10-18T22:45:00Z,641,61 79 59 36 51 34 58 41 1 13 20 26 43 67 11 25 77 65 6 12,evens,major,1
2022-10-18T22:48:00Z,642,35 59 70 17 36 33 69 61 60 51 24 28 65 32 12 57 25 1 73 27,heads,minor,1
2022-10-18T22:51:00Z,643,55 43 25 66 5 27 24 58 77 1 38 11 13 37 56 30 65 80 57 54,evens,regular,2
2022-10-18T22:54:00Z,644,70 32 78 58 41 5 44 66 3 79 77 59 46 40 36 34 80 11 62 75,tails,regular,2
2022-10-18T22:57:00Z,645,11 10 44 49 47 3 22 73 42 45 23 68 8 19 35 59 71 39 70 43,tails,minor,2
2022-10-18T23:00:00Z,647,30 32 76 7 27 69 13 4 73 75 22 65 60 45 56 37 25 59 61 62,tails,minor,2
2022-10-18T23:03:00Z,648,23 49 17 78 9 16 18 73 41 70 65 75 48 80 60 46 71 26 64 28,tails,regular,2
2022-10-18T23:06:00Z,649,60 72 46 15 50 80 7 19 6 65 49 67 26 51 64 61 12 17 47 56,tails,regular,3
2022-10-18T23:09:00Z,650,37 18 43 19 28 21 45 30 64 79 52 35 31 67 74 34 63 71 55 8,evens,minor,1
2022-10-18T23:12:00Z,651,55 47 60 29 65 69 39 51 13 67 79 16 68 19 18 33 40 21 59 74,tails,regular,1
2022-10-18T23:15:00Z,652,70 37 12 21 54 56 60 57 62 4 58 49 20 38 14 79 19 66 1 9,evens,regular,1
2022-10-18T23:18:00Z,653,53 51 63 79 5 15 3 18 8 17 34 44 80 72 24 10 40 67 48 33,heads,major,2
2022-10-18T23:21:00Z,654,52 4 60 46 35 38 62 3 70 59 23 31 12 65 36 56 29 42 50 34,evens,regular,1
2022-10-18T23:24:00Z,656,4 8 28 45 23 27 39 55 14 11 64 2 22 72 40 79 70 75 24 9,heads,regular,1
2022-10-18T23:27:00Z,657,50 56 59 66 68 13 72 34 44 15 64 10 49 25 77 1 75 12 70 41,tails,regular,1
2022-10-18T23:30:00Z,658,56 43 3 27 1 17 15 42 5 30 78 26 58 11 77 14 74 80 47 16,heads,regular,3
2022-10-18T23:33:00Z,659,2 9 11 68 42 6 72 7 30 74 45 66 18 55 62 14 76 48 22 31,evens,regular,4
2022-10-18T23:36:00Z,660,35 79 77 40 51 46 59 8 50 65 29 36 31 71 2 7 20 54 56 62,tails,regular,2
2022-10-18T23:39:00Z,661,9 51 50 47 67 22 59 74 54 70 23 7 36 24 77 69 80 62 45 63,tails,regular,3
2022-10-18T23:42:00Z,662,31 44 74 56 50 76 28 33 42 65 1 80 63 64 43 54 68 38 53 2,tails,regular,1
2022-10-18T23:45:00Z,663,31 22 17 70 6 57 20 76 27 34 67 60 80 2 21 58 39 25 29 56,heads,regular,1
2022-10-18T23:48:00Z,665,80 65 62 20 50 19 67 40 28 47 75 23 59 6 11 45 14 21 73 63,tails,minor,2
2022-10-18T23:51:00Z,666,2 63 14 52 33 3 31 70 46 45 1 68 28 59 47 9 41 36 48 44,tails,regular,3
2022-10-18T23:54:00Z,667,68 14 48 63 2 58 21 46 69 49 55 24 5 73 6 4 41 3 43 80,tails,minor,4
2022-10-18T23:57:00Z,668,80 31 12 28 1 59 38 67 18 77 41 55 36 75 6 2 49 22 8 35,heads,regular,3
2022-10-19T00:00:00Z,669,49 29 75 64 55 48 10 36 66 28 58 21 20 44 35 8 56 32 15 47,evens,regular,3
2022-10-19T00:03:00Z,670,69 6 48 32 10 41 64 54 49 13 5 35 68 16 75 20 78 12 62 24,evens,minor,2
2022-10-19T00:06:00Z,671,74 38 48 32 23 69 39 59 72 49 54 71 28 34 46 14 67 43 11 56,tails,regular,10
2022-10-19T00:09:00Z,672,27 2 32 72 22 56 60 23 6 36 48 10 71 57 25 44 19 33 39 41,heads,regular,1
2022-10-19T00:12:00Z,674,72 49 60 51 3 30 43 79 12 4 31 33 69 27 21 5 44 47 8 15,heads,minor,2
2022-10-19T00:15:00Z,675,63 8 69 9 30 76 75 38 1 28 54 41 62 40 18 32 31 15 3 39,heads,regular,1
2022-10-19T00:18:00Z,676,19 6 27 59 32 50 72 55 29 74 67 45 21 44 25 54 69 57 80 14,tails,regular,1
2022-10-19T00:21:00Z,677,71 62 36 1 44 35 50 68 55 42 70 2 80 5 48 63 22 53 72 56,tails,major,2
2022-10-19T00:24:00Z,678,64 15 31 59 53 20 1 24 71 77 58 34 47 78 12 6 26 73 69 62,tails,regular,2
2022-10-19T00:27:00Z,679,27 73 32 29 71 12 5 1 50 53 45 55 21 51 4 19 60 23 10 63,heads,major,3
2022-10-19T00:30:00Z,680,13 80 76 49 38 42 34 43 61 4 17 54 23 79 11 20 16 74 73 6,evens,regular,1
2022-10-19T00:33:00Z,681,79 23 7 77 15 19 52 63 18 22 56 61 16 38 29 10 26 68 64 76,heads,regular,2
2022-10-19T00:36:00Z,683,74 56 43 46 30 53 80 4 5 26 17 32 20 12 70 40 35 8 29 23,heads,minor,2
2022-10-19T00:39:00Z,684,51 59 8 61 52 48 35 75 45 14 77 18 15 34 1 30 57 44 74 33,tails,regular,1
2022-10-19T00:42:00Z,685,9 78 3 37 4 47 32 8 67 38 12 53 28 29 26 55 73 80 42 75,heads,regular,3
2022-10-19T00:45:00Z,686,37 48 77 17 76 71 11 30 1 33 9 52 64 15 16 8 43 26 39 2,heads,regular,3
2022-10-19T00:48:00Z,687,55 80 47 33 76 5 54 53 60 73 28 22 48 7 29 68 58 25 62 26,tails,regular,1
2022-10-19T00:51:00Z,688,20 69 2 64 19 11 30 62 56 12 16 63 44 40 37 77 9 79 32 47,heads,regular,1
2022-10-19T00:54:00Z,689,64 9 79 55 76 44 50 73 62 59 15 74 8 18 47 66 11 65 6 39,tails,regular,3
2022-10-19T00:57:00Z,690,6 56 16 33 41 58 53 11 3 22 71 43 73 8 17 69 44 70 52 18,tails,major,2
2022-10-19T01:00:00Z,692,18 50 27 42 30 26 69 41 68 73 3 78 51 59 22 37 13 19 28 9,heads,minor,3
2022-10-19T01:03:00Z,693,27 52 59 23 45 24 63 66 35 18 16 51 79 3 76 73 56 68 36 54,tails,regular,3
2022-10-19T01:06:00Z,694,80 76 77 8 57 44 58 14 61 7 45 60 38 25 71 50 54 65 42 15,tails,regular,1
2022-10-19T01:09:00Z,695,59 79 18 4 75 34 47 11 5 39 70 44 6 12 28 45 63 69 19 78,evens,minor,10
2022-10-19T01:12:00Z,696,19 15 20 68 11 5 24 69 51 26 63 33 80 73 74 12 8 79 27 2,heads,regular,1
2022-10-19T01:15:00Z,697,80 31 79 54 5 3 46 47 56 72 43 65 66 39 13 74 69 68 41 32,tails,regular,2
2022-10-19T01:18:00Z,698,50 36 25 47 16 15 74 39 75 49 71 78 56 32 38 63 29 73 76 65,tails,regular,1
2022-10-19T01:21:00Z,699,79 30 2 12 58 80 53 67 52 5 23 25 6 37 57 1 24 49 65 45,evens,regular,3
2022-10-19T01:24:00Z,701,6 45 5 13 28 24 67 8 59 43 70 11 30 58 66 60 79 49 9 25,evens,regular,1
2022-10-19T01:27:00Z,702,5 75 19 53 73 54 16 6 62 1 42 49 41 26 71 45 4 36 80 11,tails,minor,4
2022-10-19T01:30:00Z,703,48 15 75 43 47 10 4 19 12 35 30 79 2 54 62 46 20 17 23 22,heads,regular,2
2022-10-19T01:33:00Z,704,18 4 37 62 71 21 43 2 34 13 7 51 73 26 52 45 36 55 19 57,heads,regular,3
2022-10-19T01:36:00Z,705,55 28 6 56 58 71 42 30 80 72 60 11 79 45 37 74 33 51 13 67,tails,regular,2
2022-10-19T01:39:00Z,706,68 37 18 6 80 77 32 59 52 60 4 71 46 51 8 76 27 74 26 72,tails,regular,1
2022-10-19T01:42:00Z,707,70 8 36 19 24 35 22 38 10 2 27 37 51 69 15 63 21 39 56 57,heads,regular,5
2022-10-19T01:45:00Z,708,11 54 30 5 60 15 56 67 51 58 12 1 61 69 75 68 4 6 52 36,tails,regular,2
2022-10-19T01:48:00Z,710,18 63 52 65 30 67 74 54 62 23 60 28 9 15 10 12 2 66 13 34,heads,regular,3
2022-10-19T01:51:00Z,711,65 16 24 23 63 42 10 78 40 2 30 54 49 20 29 45 55 19 70 13,heads,regular,1
2022-10-19T01:54:00Z,712,8 5 41 52 37 72 47 73 78 65 38 39 36 67 62 20 3 1 48 27,evens,regular,2
2022-10-19T01:57:00Z,713,12 49 61 66 76 64 68 43 72 34 52 73 3 6 40 20 71 48 2 51,tails,major,1
2022-10-19T02:00:00Z,714,59 36 11 34 71 76 37 73 56 20 13 23 63 55 41 77 80 26 52 65,tails,regular,2
2022-10-19T02:03:00Z,715,37 69 67 74 73 64 5 14 17 66 79 76 51 7 58 12 39 59 28 33,tails,minor,1
2022-10-19T02:06:00Z,716,64 27 55 17 10 3 68 39 28 60 62 32 46 65 50 47 76 42 16 69,tails,regular,3
2022-10-19T02:09:00Z,717,61 5 32 13 67 29 30 21 15 10 39 52 64 38 75 4 58 76 72 73,heads,regular,1
2022-10-19T02:12:00Z,719,49 41 80 51 23 66 46 1 30 32 15 59 39 69 21 35 37 17 78 45,evens,regular,1
2022-10-19T02:15:00Z,720,23 80 25 68 45 5 72 3 29 73 18 58 61 55 78 36 44 52 30 1,tails,minor,3
2022-10-19T02:18:00Z,721,16 7 72 22 66 3 55 28 36 42 2 56 54 14 17 60 12 67 71 11,heads,regular,1
2022-10-19T02:21:00Z,722,39 47 76 27 15 60 62 28 4 31 13 68 33 52 58 77 78 75 51 16,tails,minor,1
2022-10-19T02:24:00Z,723,31 19 53 43 36 21 32 16 44 1 27 62 50 63 25 54 75 47 29 68,evens,regular,3
2022-10-19T02:27:00Z,724,29 21 52 54 20 71 75 65 48 69 45 39 64 46 61 41 57 43 63 19,tails,minor,3
2022-10-19T02:30:00Z,725,48 18 55 44 23 66 75 21 40 72 79 22 15 37 73 43 41 68 28 20,tails,regular,1
2022-10-19T02:33:00Z,726,2 71 65 41 54 27 28 37 3 44 32 73 42 19 8 70 22 57 60 61,tails,regular,3
2022-10-19T02:36:00Z,728,65 67 33 19 26 5 10 50 45 36 14 34 48 3 39 68 37 42 56 79,heads,regular,2
2022-10-19T02:39:00Z,729,37 68 61 32 69 41 26 78 15 72 44 64 23 43 5 34 14 71 9 57,tails,regular,3
2022-10-19T02:42:00Z,730,62 16 54 9 27 11 5 38 58 28 72 46 67 12 77 33 21 22 23 71,heads,regular,2
2022-10-19T02:45:00Z,731,65 69 78 14 27 8 32 35 70 72 61 45 33 20 40 18 55 64 75 38,evens,minor,1
2022-10-19T02:48:00Z,732,47 46 57 38 65 51 31 45 11 14 77 66 43 20 70 58 28 36 62 74,tails,regular,1
2022-10-19T02:51:00Z,733,19 6 15 11 36 35 47 76 18 2 3 43 31 59 77 7 28 27 12 22,heads,minor,3
2022-10-19T02:54:00Z,734,5 62 6 1 42 20 3 30 17 15 46 13 29 78 36 31 4 51 9 61,heads,minor,1
2022-10-19T02:57:00Z,735,13 63 1 70 55 14 29 9 64 6 7 78 32 54 61 77 4 30 11 33,heads,regular,1
2022-10-19T03:00:00Z,737,68 4 74 57 56 49 39 53 46 32 3 72 52 43 69 63 9 16 8 71,tails,regular,1
2022-10-19T03:03:00Z,738,19 41 32 28 31 9 46 27 4 39 16 66 50 3 57 38 2 1 42 20,heads,minor,2
2022-10-19T03:06:00Z,739,45 26 17 36 7 65 22 74 16 73 8 32 57 25 78 60 39 68 51 42,evens,regular,3
2022-10-19T03:09:00Z,740,69 7 54 72 34 15 47 38 65 4 61 20 30 19 36 41 21 13 64 45,heads,regular,1
2022-10-19T03:12:00Z,741,12 4 78 38 10 1 6 26 39 8 9 28 59 60 3 47 37 7 48 29,heads,regular,1
2022-10-19T03:15:00Z,742,14 57 61 66 74 68 42 50 62 76 46 31 8 63 11 80 49 5 33 51,tails,regular,1
2022-10-19T03:18:00Z,743,53 36 54 71 68 51 64 18 69 41 48 74 80 27 40 79 16 30 44 24,tails,regular,1
2022-10-19T03:21:00Z,744,71 63 14 34 1 41 73 75 78 27 59 39 26 44 21 54 12 25 13 7,heads,regular,2
2022-10-19T03:24:00Z,746,62 16 75 38 37 52 54 67 53 79 63 48 69 66 2 44 20 21 39 72,tails,major,1
2022-10-19T03:27:00Z,747,13 53 71 31 76 8 59 29 50 77 9 24 78 69 79 51 1 58 23 4,tails,regular,3
2022-10-19T03:30:00Z,748,21 42 57 3 67 23 51 35 9 27 61 37 36 48 17 55 34 8 46 10,heads,regular,2
2022-10-19T03:33:00Z,749,6 38 25 64 11 37 50 69 33 36 75 14 55 46 16 34 30 49 71 79,heads,regular,4
2022-10-19T03:36:00Z,750,41 66 21 46 55 37 38 35 15 49 14 8 9 36 78 54 68 4 11 25,heads,regular,1
2022-10-19T03:39:00Z,751,56 58 42 35 39 18 27 71 32 66 65 62 13 8 52 45 29 14 26 7,heads,regular,1
2022-10-19T03:42:00Z,752,11 74 51 67 66 14 40 64 69 4 20 8 37 6 42 34 68 5 46 1,heads,minor,5
2022-10-19T03:45:00Z,753,46 35 28 72 64 34 19 3 73 42 21 11 49 24 17 8 7 74 22 43,heads,regular,1
2022-10-19T03:48:00Z,755,28 14 35 58 24 33 60 43 65 72 13 47 7 56 80 19 18 61 53 66,tails,regular,1
2022-10-19T03:51:00Z,756,27 35 64 1 57 47 12 49 2 60 24 56 80 41 37 6 58 5 45 13,evens,regular,1
2022-10-19T03:54:00Z,757,62 32 31 53 24 29 9 77 11 7 16 70 40 10 69 47 45 51 48 61,evens,regular,1
2022-10-19T03:57:00Z,758,58 7 39 54 22 71 18 38 2 11 66 75 49 77 14 36 4 42 78 47,evens,minor,1
2022-10-19T04:00:00Z,759,71 32 22 68 28 72 52 3 33 12 42 37 58 1 75 23 63 53 14 61,evens,regular,1
2022-10-19T04:03:00Z,760,10 21 62 39 12 27 23 29 26 80 11 55 71 66 61 51 63 35 24 22,heads,major,1
2022-10-19T04:06:00Z,761,29 19 75 64 77 30 54 25 37 48 10 32 53 13 9 43 4 20 56 57,heads,regular,1
2022-10-19T04:09:00Z,762,68 76 12 77 27 11 61 26 56 71 7 72 28 22 6 74 59 30 31 8,heads,regular,2
2022-10-19T04:12:00Z,764,1 73 60 18 21 39 14 63 59 35 54 79 49 58 20 28 62 53 56 11,tails,minor,1
2022-10-19T04:15:00Z,765,11 27 70 68 28 3 36 79 9 15 24 66 23 46 10 67 60 77 5 38,heads,regular,1
2022-10-19T04:18:00Z,766,16 35 58 3 61 48 36 24 17 56 65 15 49 62 13 29 41 51 27 4,heads,regular,1
2022-10-19T04:21:00Z,767,34 50 44 35 33 79 17 55 30 48 70 42 32 60 57 2 12 58 76 36,tails,regular,3
2022-10-19T04:24:00Z,768,8 59 55 24 53 3 15 18 41 75 12 68 30 42 19 45 37 14 58 60,evens,regular,1
2022-10-19T04:27:00Z,769,57 56 53 31 22 7 48 71 74 76 49 6 19 68 51 44 24 11 23 38,tails,regular,1
2022-10-19T04:30:00Z,770,34 53 65 38 61 75 51 15 77 63 30 32 78 23 1 67 43 27 12 80,tails,regular,1
2022-10-19T04:33:00Z,771,48 11 37 63 16 23 14 13 35 61 53 39 70 4 17 2 51 47 45 68,heads,regular,1
2022-10-19T04:36:00Z,773,9 74 73 80 54 32 35 26 23 33 58 69 51 48 70 49 47 60 57 1,tails,minor,1
2022-10-19T04:39:00Z,774,75 60 21 51 41 9 23 68 58 56 43 14 80 38 71 61 46 50 69 79,tails,regular,1
2022-10-19T04:42:00Z,775,30 80 77 19 34 76 46 35 67 5 41 4 15 10 38 50 47 7 73 57,evens,minor,2
2022-10-19T04:45:00Z,776,5 67 40 2 19 36 70 60 14 39 37 68 33 23 29 79 69 24 38 21,heads,regular,1
2022-10-19T04:48:00Z,777,10 54 6 2 58 4 79 27 71 53 39 51 30 61 48 33 66 28 50 35,evens,minor,10
2022-10-19T04:51:00Z,778,5 61 13 38 7 52 23 48 66 43 9 78 31 50 47 21 16 71 33 55,evens,major,1
2022-10-19T04:54:00Z,779,36 80 43 45 68 39 38 59 74 7 18 33 6 35 71 48 12 56 16 54,evens,regular,4
2022-10-19T04:57:00Z,780,7 61 69 2 40 4 72 55 76 28 53 38 1 30 68 29 48 9 14 25,heads,regular,3
2022-10-19T05:00:00Z,782,57 35 26 12 14 39 42 33 38 19 56 67 13 64 76 28 3 54 73 27,heads,regular,2
2022-10-19T05:03:00Z,783,3 71 33 54 74 38 47 52 36 69 57 14 41 61 27 30 2 56 67 17,tails,regular,2
2022-10-19T05:06:00Z,784,57 74 55 10 80 46 65 15 36 3 17 14 56 37 60 68 9 35 21 2,heads,minor,2
2022-10-19T05:09:00Z,785,67 16 40 52 79 45 36 21 6 69 30 65 38 37 33 75 34 12 72 51,heads,regular,2
2022-10-19T05:12:00Z,786,58 62 77 74 52 67 45 35 39 4 29 50 61 26 73 47 12 46 2 6,tails,minor,2
2022-10-19T05:15:00Z,787,35 74 64 15 32 53 2 37 22 21 56 12 18 55 78 19 20 48 71 68,heads,regular,1
2022-10-19T05:18:00Z,788,75 68 8 21 36 7 20 32 49 28 25 53 13 34 69 41 48 4 60 11,heads,regular,2
2022-10-19T05:21:00Z,789,24 43 63 13 66 11 8 10 31 30 48 53 42 9 46 4 3 36 40 26,heads,regular,3
2022-10-19T05:24:00Z,791,60 19 16 20 1 40 42 44 28 66 3 55 77 23 24 29 79 8 32 46,heads,regular,3
2022-10-19T05:27:00Z,792,75 35 2 20 77 76 45 23 9 17 52 7 69 58 1 72 49 24 46 34,evens,regular,2
2022-10-19T05:30:00Z,793,36 8 79 42 54 68 66 16 22 43 10 29 74 65 60 32 6 20 18 44,evens,regular,1
2022-10-19T05:33:00Z,794,67 40 51 71 13 54 79 15 36 77 38 17 3 31 62 20 64 30 74 66,evens,regular,1
2022-10-19T05:36:00Z,795,16 22 52 78 51 73 70 46 72 36 20 21 23 27 41 57 44 13 64 79,tails,regular,1
2022-10-19T05:39:00Z,796,52 10 50 40 4 23 34 22 57 73 69 60 77 79 2 35 72 64 63 9,tails,minor,1
2022-10-19T05:42:00Z,797,56 17 15 7 64 12 29 72 71 51 73 19 10 34 26 80 69 53 37 49,evens,minor,2
2022-10-19T05:45:00Z,798,47 40 42 25 20 67 29 17 10 24 63 79 19 18 16 50 37 68 65 78,heads,minor,2
2022-10-19T05:48:00Z,800,8 66 32 22 36 39 68 10 78 50 14 24 23 35 74 46 49 72 58 62,evens,regular,1
2022-10-19T05:51:00Z,801,42 30 23 11 50 65 1 4 75 55 32 37 49 61 52 44 71 16 3 73,tails,regular,3
2022-10-19T05:54:00Z,802,44 52 35 4 11 77 42 33 64 69 74 14 79 2 15 8 68 65 36 47,tails,regular,2
2022-10-19T05:57:00Z,803,11 1 66 48 77 12 78 18 55 10 34 9 79 59 29 23 36 20 64 27,heads,regular,3
2022-10-19T06:00:00Z,804,46 19 41 47 77 36 9 54 42 1 78 73 12 24 50 64 31 26 18 40,evens,major,1
2022-10-19T06:03:00Z,805,25 8 69 13 50 9 3 27 26 38 63 70 14 31 36 2 65 53 5 62,heads,regular,1
2022-10-19T06:06:00Z,806,31 59 67 8 10 77 4 6 20 24 78 49 47 75 9 27 36 68 73 23,heads,regular,2
2022-10-19T06:09:00Z,807,43 44 16 76 40 51 55 60 80 30 73 59 78 52 39 69 72 24 41 11,tails,regular,1
2022-10-19T06:12:00Z,809,63 56 6 58 1 80 67 72 40 21 2 52 73 54 75 11 36 68 79 44,tails,minor,3
2022-10-19T06:15:00Z,810,73 36 50 47 41 8 72 24 28 11 30 77 68 80 32 64 54 71 4 49,tails,minor,1
2022-10-19T06:18:00Z,811,3 12 52 48 42 18 40 70 66 14 22 77 26 24 73 5 47 11 23 17,heads,regular,2
2022-10-19T06:21:00Z,812,12 45 66 47 37 75 68 79 56 63 32 19 42 46 14 8 4 5 44 1,tails,minor,3
2022-10-19T06:24:00Z,813,59 73 41 29 75 61 60 24 54 46 20 70 64 76 79 53 58 21 66 38,tails,regular,3
2022-10-19T06:27:00Z,814,32 47 80 23 79 61 57 40 52 35 27 5 56 77 13 30 49 26 37 74,evens,regular,2
2022-10-19T06:30:00Z,815,65 24 54 63 32 66 48 44 21 3 10 56 33 61 79 25 36 14 1 26,heads,regular,3
2022-10-19T06:33:00Z,816,57 58 74 80 14 70 54 10 21 1 32 66 50 78 79 75 49 61 27 56,tails,minor,3
2022-10-19T06:36:00Z,818,16 78 80 34 41 70 14 33 43 71 31 13 25 52 44 21 2 59 24 58,evens,major,3
2022-10-19T06:39:00Z,819,30 29 27 28 11 64 56 2 49 1 10 79 8 36 23 41 68 25 3 14,heads,minor,2
2022-10-19T06:42:00Z,820,57 22 2 76 28 56 13 68 11 60 61 21 27 34 50 46 8 53 42 55,tails,minor,4
2022-10-19T06:45:00Z,821,64 71 22 27 24 8 74 4 53 65 7 17 10 20 66 26 63 34 16 61,heads,regular,1
2022-10-19T06:48:00Z,822,21 65 55 73 44 59 76 77 64 23 70 31 22 41 30 6 68 48 79 49,tails,regular,3
2022-10-19T06:51:00Z,823,48 73 74 1 71 54 56 78 33 49 3 10 75 30 53 72 4 34 47 55,tails,regular,3
2022-10-19T06:54:00Z,824,50 51 79 80 1 11 28 13 25 27 43 37 62 14 57 12 39 35 24 56,heads,regular,3
2022-10-19T06:57:00Z,825,29 1 7 30 70 11 10 47 48 58 34 78 64 52 17 22 53 8 76 18,heads,regular,1
2022-10-19T07:00:00Z,827,24 37 52 64 58 56 25 19 54 12 35 49 39 9 57 46 13 66 5 21,heads,regular,1
2022-10-19T07:03:00Z,828,76 56 4 21 40 65 46 70 30 9 49 43 47 14 37 60 68 8 26 44,tails,regular,1
2022-10-19T07:06:00Z,829,34 56 28 2 51 30 65 23 50 80 16 73 1 6 19 79 12 17 76 69,heads,minor,3
2022-10-19T07:09:00Z,830,61 27 33 48 38 51 63 6 73 69 30 43 23 79 55 15 19 28 65 46,tails,major,3
2022-10-19T07:12:00Z,831,21 4 70 41 28 66 36 75 40 33 52 69 67 64 22 14 47 58 79 31,tails,regular,2
2022-10-19T07:15:00Z,832,6 74 20 78 41 35 68 22 48 36 2 7 71 62 8 19 25 31 49 38,heads,regular,3
2022-10-19T07:18:00Z,833,21 58 45 68 14 18 32 71 74 36 78 3 79 60 64 38 48 22 57 10,tails,regular,2
2022-10-19T07:21:00Z,834,40 75 8 76 60 64 34 32 51 65 57 52 5 63 15 39 77 4 66 44,tails,regular,10
2022-10-19T07:24:00Z,836,36 60 28 11 15 58 49 32 23 19 44 18 61 54 57 55 21 56 26 64,evens,minor,3
2022-10-19T07:27:00Z,837,28 18 12 24 38 57 49 40 6 47 13 9 43 20 46 31 25 69 79 52,heads,minor,1
2022-10-19T07:30:00Z,838,76 45 56 12 31 8 57 28 51 20 36 33 71 21 40 53 6 23 59 26,heads,regular,2
2022-10-19T07:33:00Z,839,41 33 75 42 22 48 45 72 7 53 60 18 1 79 66 57 55 8 31 10,tails,minor,10
2022-10-19T07:36:00Z,840,36 20 50 3 17 24 37 19 34 64 72 16 49 4 70 40 56 48 69 13,heads,regular,1
2022-10-19T07:39:00Z,841,51 33 80 43 19 17 57 49 59 63 22 77 71 60 42 70 3 4 75 50,tails,regular,3
2022-10-19T07:42:00Z,842,17 25 54 64 57 27 34 1 76 9 22 55 19 65 74 14 47 26 12 10,heads,regular,1
2022-10-19T07:45:00Z,843,8 34 64 19 36 72 25 9 13 62 5 80 23 41 30 52 79 38 51 76,heads,regular,2
2022-10-19T07:48:00Z,845,41 33 11 6 36 35 65 4 31 45 60 32 40 34 43 46 78 50 47 73,evens,regular,2
2022-10-19T07:51:00Z,846,35 40 68 60 4 10 67 18 61 19 44 74 48 77 16 70 39 7 62 72,tails,regular,3
2022-10-19T07:54:00Z,847,49 31 4 42 60 52 6 20 43 7 46 30 9 73 19 14 11 51 24 2,heads,regular,1
2022-10-19T07:57:00Z,848,39 29 17 32 69 28 9 12 33 67 54 27 70 7 4 14 56 79 74 23,heads,major,1
2022-10-19T08:00:00Z,849,27 12 63 66 16 4 7 54 20 70 13 6 50 21 24 33 18 15 30 8,heads,major,1
2022-10-19T08:03:00Z,850,1 23 18 30 50 39 47 5 57 44 56 12 27 60 2 40 72 32 13 35,heads,regular,2
2022-10-19T08:06:00Z,851,33 35 68 26 20 80 12 46 67 58 32 40 56 65 47 78 39 13 37 76,evens,minor,1
2022-10-19T08:09:00Z,852,55 44 64 80 71 37 53 60 28 34 3 40 68 42 29 46 52 21 26 1,tails,regular,1
2022-10-19T08:12:00Z,854,75 45 51 54 23 77 1 20 17 72 13 5 18 78 16 24 69 25 33 4,heads,regular,3
2022-10-19T08:15:00Z,855,52 23 36 16 55 80 9 47 71 12 7 26 10 17 14 73 22 53 5 24,heads,regular,2
2022-10-19T08:18:00Z,856,24 67 34 62 20 49 29 22 15 19 31 38 69 42 79 30 60 73 8 55,heads,minor,3
2022-10-19T08:21:00Z,857,73 36 44 50 55 57 26 76 72 54 15 56 58 78 48 18 77 40 9 51,tails,regular,3
2022-10-19T08:24:00Z,858,6 18 15 20 60 70 55 78 69 66 33 24 41 48 28 12 67 19 54 23,evens,major,2
2022-10-19T08:27:00Z,859,51 16 79 37 66 74 39 10 11 52 30 29 63 56 33 50 43 41 60 68,tails,regular,1
2022-10-19T08:30:00Z,860,15 64 3 26 22 30 6 10 46 13 2 1 75 12 70 50 60 62 24 38,heads,regular,3
2022-10-19T08:33:00Z,861,67 77 54 19 55 35 47 28 38 14 52 73 3 74 1 69 48 63 26 41,tails,regular,1
2022-10-19T08:36:00Z,863,69 28 29 27 66 1 42 39 33 7 77 57 75 2 78 47 21 65 52 6,evens,regular,3
2022-10-19T08:39:00Z,864,78 79 56 20 27 55 25 72 28 80 9 66 16 52 13 38 42 33 22 45,evens,minor,3
2022-10-19T08:42:00Z,865,41 18 36 59 38 58 37 31 40 34 67 16 8 71 78 10 20 24 43 39,heads,regular,1
2022-10-19T08:45:00Z,866,15 71 2 68 79 47 40 74 62 32 65 44 19 59 61 70 20 29 72 4,tails,regular,2
2022-10-19T08:48:00Z,867,27 62 42 63 6 70 12 71 2 51 52 31 41 22 56 53 17 37 4 30,evens,regular,2
2022-10-19T08:51:00Z,868,3 73 43 63 62 49 35 27 21 1 70 72 23 39 32 37 14 76 75 78,evens,major,1
2022-10-19T08:54:00Z,869,20 7 35 33 32 42 54 77 65 57 25 70 67 10 30 16 17 26 52 47,heads,regular,5
2022-10-19T08:57:00Z,870,50 42 62 11 34 57 29 22 72 48 67 17 1 51 28 10 55 74 41 56,tails,major,1
2022-10-19T09:00:00Z,872,65 53 31 5 14 16 45 30 9 28 21 72 3 39 60 54 43 79 48 50,evens,regular,1
2022-10-19T09:03:00Z,873,19 1 35 27 17 80 33 11 26 63 69 73 65 71 50 77 20 34 66 31,heads,minor,2
2022-10-19T09:06:00Z,874,10 78 40 26 11 64 4 17 30 68 29 55 22 77 65 73 3 39 56 75,heads,regular,10
2022-10-19T09:09:00Z,875,51 29 66 39 21 68 74 31 61 8 24 15 13 10 48 6 22 33 77 36,heads,regular,1
2022-10-19T09:12:00Z,876,50 34 30 58 11 61 37 56 16 40 57 75 74 45 46 38 44 42 19 76,tails,regular,1
2022-10-19T09:15:00Z,877,74 7 59 25 51 29 80 78 35 32 24 8 69 75 49 46 57 45 33 3,tails,regular,1
2022-10-19T09:18:00Z,878,58 26 64 48 55 39 29 11 53 34 22 30 36 21 47 62 24 7 20 12,heads,regular,1
2022-10-19T09:21:00Z,879,75 13 47 64 15 19 45 34 21 12 55 14 7 78 66 11 39 3 58 42,heads,minor,1
2022-10-19T09:24:00Z,881,38 42 51 35 52 26 76 66 23 15 63 61 7 41 13 69 1 9 11 17,heads,regular,3
2022-10-19T09:27:00Z,882,42 41 38 27 30 17 48 15 61 12 68 60 19 26 55 36 24 10 78 5,heads,regular,3
2022-10-19T09:30:00Z,883,52 78 34 51 48 21 42 31 54 15 58 75 2 19 14 16 74 6 18 69,evens,regular,2
2022-10-19T09:33:00Z,884,12 68 46 4 48 42 3 41 15 65 34 52 26 27 79 5 66 16 70 36,evens,regular,1
2022-10-19T09:36:00Z,885,17 80 48 59 21 69 26 57 1 22 52 55 8 79 20 3 72 30 43 45,tails,regular,1
2022-10-19T09:39:00Z,886,19 3 62 48 41 56 36 20 11 70 73 59 43 64 14 71 34 29 77 9,tails,regular,2
2022-10-19T09:42:00Z,887,31 53 35 50 43 12 38 48 15 61 42 75 39 64 78 73 70 65 59 55,tails,regular,3
2022-10-19T09:45:00Z,888,36 32 9 79 1 57 15 42 53 47 38 20 54 33 78 8 7 48 49 29,heads,regular,2
2022-10-19T09:48:00Z,890,46 8 78 41 77 38 32 58 75 44 71 45 49 43 61 31 25 27 3 29,tails,regular,3
2022-10-19T09:51:00Z,891,13 2 47 25 39 69 12 26 16 76 22 42 6 33 37 28 36 48 49 56,heads,minor,1
2022-10-19T09:54:00Z,892,74 17 8 36 59 7 20 72 56 34 55 2 50 47 35 11 25 66 42 33,heads,regular,2
2022-10-19T09:57:00Z,893,15 64 49 17 43 39 71 9 59 69 56 23 65 28 60 35 1 10 45 50,tails,minor,1
2022-10-19T10:00:00Z,894,16 31 78 28 21 3 68 10 64 80 79 39 44 26 19 22 66 54 58 77,evens,regular,1
2022-10-19T10:03:00Z,895,56 77 52 30 6 22 75 33 78 40 19 5 43 17 15 57 14 67 49 68,evens,minor,10
2022-10-19T10:06:00Z,896,28 63 18 53 36 14 45 9 17 78 48 3 40 62 21 79 58 25 57 2,heads,regular,3
2022-10-19T10:09:00Z,897,28 71 8 78 33 6 77 23 44 18 64 70 11 21 24 36 68 61 67 7,heads,regular,1
2022-10-19T10:12:00Z,899,36 9 63 39 70 54 31 75 65 29 55 24 20 67 64 16 46 72 2 58,tails,minor,1
2022-10-19T10:15:00Z,900,59 60 47 15 31 22 63 56 14 29 70 71 39 32 58 18 76 41 42 40,tails,regular,1
2022-10-19T10:18:00Z,901,11 61 22 54 76 51 28 38 9 77 63 65 41 46 68 64 80 19 12 55,tails,minor,2
2022-10-19T10:21:00Z,902,10 17 50 32 25 62 42 47 9 76 79 52 46 72 33 29 70 27 74 59,tails,major,1
2022-10-19T10:24:00Z,903,73 27 19 8 11 56 61 12 51 3 2 30 42 1 71 66 74 26 22 54,heads,minor,1
2022-10-19T10:27:00Z,904,47 1 66 57 73 13 62 52 77 58 14 78 69 7 41 12 6 3 70 68,tails,minor,1
2022-10-19T10:30:00Z,905,20 78 75 47 19 36 4 43 12 76 3 40 35 42 71 5 15 80 68 2,heads,regular,2
2022-10-19T10:33:00Z,906,59 19 61 18 68 56 15 31 46 58 69 70 53 45 79 73 60 39 37 42,tails,major,4
2022-10-19T10:36:00Z,908,65 37 5 30 76 7 78 22 4 34 69 48 2 63 14 17 27 28 46 60,heads,regular,1
2022-10-19T10:39:00Z,909,66 54 31 75 74 65 10 8 35 73 7 28 80 21 56 58 43 19 53 45,tails,regular,1
2022-10-19T10:42:00Z,910,21 49 57 14 29 31 74 10 3 8 69 78 54 48 20 13 76 43 47 1,evens,minor,3
2022-10-19T10:45:00Z,911,8 15 76 7 57 19 31 77 62 72 79 52 60 14 48 4 37 11 54 35,evens,regular,1
2022-10-19T10:48:00Z,912,13 67 3 61 23 54 36 73 38 71 39 32 57 60 55 27 8 29 75 5,heads,minor,3
2022-10-19T10:51:00Z,913,58 79 13 54 4 10 27 51 14 25 66 2 29 21 7 45 9 34 67 77,heads,regular,1
2022-10-19T10:54:00Z,914,32 6 41 55 44 14 33 21 61 3 48 9 63 7 66 77 5 50 73 65,tails,regular,1
2022-10-19T10:57:00Z,915,77 12 69 24 5 22 10 80 52 31 55 41 18 72 6 75 51 70 38 25,evens,regular,3
2022-10-19T11:00:00Z,917,10 5 62 57 55 35 28 50 16 19 78 32 39 60 54 2 61 41 52 14,evens,regular,3
2022-10-19T11:03:00Z,918,67 33 66 41 69 43 60 10 40 39 17 31 23 19 4 63 46 42 57 61,tails,regular,1
2022-10-19T11:06:00Z,919,3 60 15 72 18 64 47 23 16 30 13 5 45 37 21 10 39 7 8 44,heads,minor,1
2022-10-19T11:09:00Z,920,46 64 44 72 63 34 66 30 40 33 19 14 80 62 45 39 43 2 67 50,tails,minor,3
2022-10-19T11:12:00Z,921,76 48 43 78 10 7 51 2 19 27 5 14 38 11 49 15 79 71 65 24,heads,regular,1
2022-10-19T11:15:00Z,922,23 65 32 75 34 13 46 57 11 51 48 64 70 53 31 44 30 16 77 35,tails,regular,2
2022-10-19T11:18:00Z,923,67 21 66 29 35 51 55 42 17 74 24 50 69 49 22 60 57 48 52 31,tails,minor,1
2022-10-19T11:21:00Z,924,18 41 69 48 8 75 45 6 31 16 25 39 51 64 76 28 11 58 63 61,tails,regular,3
2022-10-19T11:24:00Z,926,27 51 70 60 68 22 30 56 15 52 9 58 24 26 47 12 32 35 64 54,evens,regular,1
2022-10-19T11:27:00Z,927,18 32 11 12 22 42 61 56 40 75 15 38 51 3 55 57 39 69 65 4,heads,regular,1
2022-10-19T11:30:00Z,928,40 55 47 6 34 59 44 50 12 42 11 80 61 16 56 7 43 65 52 57,tails,regular,1
2022-10-19T11:33:00Z,929,59 67 12 57 72 55 44 48 47 23 1 53 51 17 15 52 40 78 79 64,tails,minor,1
2022-10-19T11:36:00Z,930,59 43 21 80 34 38 8 20 69 55 2 48 10 23 44 39 33 56 9 24,heads,regular,1
2022-10-19T11:39:00Z,931,7 23 61 20 32 10 4 47 68 77 5 41 14 31 51 25 63 59 13 70,heads,minor,10
2022-10-19T11:42:00Z,932,48 75 23 72 80 74 73 42 54 10 59 46 37 65 39 34 38 77 36 66,tails,regular,3
2022-10-19T11:45:00Z,933,43 6 65 75 38 46 12 51 22 27 26 5 21 80 42 3 24 52 77 70,evens,major,1
2022-10-19T11:48:00Z,935,14 52 44 79 27 76 34 20 48 56 9 4 24 32 65 25 60 53 2 30,heads,regular,5
2022-10-19T11:51:00Z,936,17 46 71 54 59 21 19 4 9 43 49 11 80 68 64 70 14 51 74 18,tails,regular,10
2022-10-19T11:54:00Z,937,14 25 34 77 23 38 70 27 32 1 58 19 69 13 28 30 61 66 22 20,heads,minor,5
2022-10-19T11:57:00Z,938,32 10 75 12 30 56 60 25 17 46 37 26 5 34 71 61 33 38 43 40,heads,minor,1
2022-10-19T12:00:00Z,939,46 48 32 19 7 43 6 22 71 74 55 28 68 67 64 50 58 45 66 61,tails,regular,2
2022-10-19T12:03:00Z,940,49 11 16 67 73 46 41 13 45 68 19 65 59 53 10 61 28 39 62 69,tails,regular,3
2022-10-19T12:06:00Z,941,60 44 30 6 75 80 14 47 67 46 56 53 78 51 45 68 12 58 48 26,tails,regular,1
2022-10-19T12:09:00Z,942,53 41 60 63 37 7 28 50 51 35 16 59 8 13 77 19 1 12 74 40,heads,regular,3
2022-10-19T12:12:00Z,944,61 66 39 73 13 80 71 10 18 38 29 4 46 77 62 11 43 15 20 44,evens,regular,1
2022-10-19T12:15:00Z,945,17 64 11 27 31 29 30 5 3 33 18 45 2 34 57 26 40 12 15 60,heads,minor,1
2022-10-19T12:18:00Z,946,6 9 58 32 16 44 54 75 55 40 74 22 80 25 26 38 60 34 20 64,heads,minor,1
2022-10-19T12:21:00Z,947,4 6 32 14 22 58 30 62 67 8 52 76 19 18 63 57 74 28 46 29,heads,regular,1
2022-10-19T12:24:00Z,948,54 36 38 71 52 61 25 33 49 46 37 44 78 15 2 48 21 50 13 77,tails,minor,3
2022-10-19T12:27:00Z,949,1 34 35 26 62 65 24 20 76 73 3 11 19 44 60 80 10 42 7 28,heads,regular,3
2022-10-19T12:30:00Z,950,5 76 55 7 78 32 21 24 3 71 77 74 36 56 44 16 68 62 49 58,tails,regular,1
2022-10-19T12:33:00Z,951,69 33 9 12 76 72 32 79 53 55 52 42 7 8 11 50 63 44 19 2,tails,major,1
2022-10-19T12:36:00Z,953,13 38 33 57 25 66 3 55 41 2 19 32 60 77 72 74 52 69 16 11,evens,regular,1
2022-10-19T12:39:00Z,954,19 40 45 11 66 49 23 32 5 79 61 16 12 28 24 56 9 54 60 68,heads,regular,3
2022-10-19T12:42:00Z,955,65 35 34 62 71 7 52 25 49 47 10 80 50 51 30 45 64 46 74 19,tails,minor,3
2022-10-19T12:45:00Z,956,4 77 73 67 35 29 80 74 49 65 72 61 58 10 78 70 23 24 62 12,tails,regular,3
2022-10-19T12:48:00Z,957,26 37 77 71 25 5 74 44 49 57 7 70 68 16 32 28 20 12 31 15,heads,major,2
2022-10-19T12:51:00Z,958,50 7 6 35 21 17 64 49 12 19 60 14 1 39 75 53 46 71 67 31,heads,regular,1
2022-10-19T12:54:00Z,959,37 66 27 5 8 79 64 80 29 70 42 57 36 30 31 18 63 72 52 55,tails,regular,5
2022-10-19T12:57:00Z,960,2 36 46 23 35 68 37 79 75 7 26 56 19 60 74 20 77 69 48 50,tails,minor,1
2022-10-19T13:00:00Z,962,48 25 23 44 43 53 20 36 10 24 30 75 7 35 49 54 50 67 62 73,tails,regular,1
2022-10-19T13:03:00Z,963,71 46 54 53 30 1 68 75 67 14 66 50 45 41 10 73 62 38 17 69,tails,regular,3
2022-10-19T13:06:00Z,964,26 40 28 23 79 77 7 38 45 58 70 5 15 69 66 33 34 9 47 12,heads,minor,2
2022-10-19T13:09:00Z,965,7 9 38 22 25 55 28 30 49 24 80 79 45 12 60 78 11 73 13 33,heads,regular,2
2022-10-19T13:12:00Z,966,44 21 22 13 65 62 66 46 43 23 1 19 7 72 24 30 56 53 48 41,tails,regular,3
2022-10-19T13:15:00Z,967,9 29 27 43 2 49 13 6 57 8 72 10 36 33 3 44 16 30 39 70,heads,major,2
2022-10-19T13:18:00Z,968,19 6 69 41 50 53 22 76 59 14 9 73 35 18 40 65 47 24 28 75,evens,minor,10
2022-10-19T13:21:00Z,969,63 40 46 17 11 22 66 50 42 9 29 80 14 36 62 4 32 21 43 24,heads,regular,1
2022-10-19T13:24:00Z,971,55 14 30 64 73 13 58 47 70 74 63 38 19 23 21 12 44 67 49 62,tails,regular,2
2022-10-19T13:27:00Z,972,10 19 65 41 53 59 56 60 78 13 29 50 23 74 12 37 16 20 15 27,heads,regular,3
2022-10-19T13:30:00Z,973,76 37 43 3 42 74 77 58 20 31 61 11 59 2 13 30 66 63 32 34,evens,minor,1
2022-10-19T13:33:00Z,974,67 20 6 19 28 55 26 76 17 38 50 66 33 51 64 80 73 78 59 29,tails,major,2
2022-10-19T13:36:00Z,975,35 11 32 78 61 66 64 22 4 69 44 20 9 26 5 1 76 36 10 52,heads,minor,10
2022-10-19T13:39:00Z,976,73 75 37 3 64 11 28 66 50 7 55 80 63 57 17 36 8 15 54 62,tails,regular,1
2022-10-19T13:42:00Z,977,39 57 36 50 52 4 33 22 19 13 58 24 37 28 46 7 48 14 77 30,heads,regular,1
2022-10-19T13:45:00Z,978,4 72 38 30 37 25 20 6 24 67 52 61 55 51 41 28 58 44 65 1,evens,regular,3
2022-10-19T13:48:00Z,980,40 6 57 13 36 66 62 51 16 75 77 34 43 10 74 52 37 11 76 38,evens,minor,1
2022-10-19T13:51:00Z,981,23 67 64 57 44 9 61 62 43 31 66 48 10 12 5 38 70 72 24 33,tails,regular,2
2022-10-19T13:54:00Z,982,80 58 38 8 67 47 40 53 3 52 4 59 65 54 79 62 33 60 1 48,tails,major,1
2022-10-19T13:57:00Z,983,51 29 23 54 79 50 56 16 4 19 20 40 75 72 26 30 12 39 34 70,heads,regular,3
2022-10-19T14:00:00Z,984,75 49 63 56 48 67 8 13 51 35 37 69 39 61 70 1 57 68 5 40,tails,regular,1
2022-10-19T14:03:00Z,985,46 36 35 12 73 52 78 57 19 42 31 33 69 80 71 27 74 14 51 50,tails,regular,3
2022-10-19T14:06:00Z,986,5 25 4 52 74 28 33 27 37 47 76 61 77 24 7 16 44 48 13 18,heads,regular,3
2022-10-19T14:09:00Z,987,76 39 64 60 20 37 10 55 58 35 14 11 16 28 44 69 29 41 68 65,evens,regular,2
2022-10-19T14:12:00Z,989,72 16 11 8 52 64 47 54 31 14 48 67 63 69 74 58 60 13 20 33,tails,minor,1
2022-10-19T14:15:00Z,990,11 44 77 24 7 17 56 65 47 74 54 76 12 42 4 72 70 49 10 16,tails,major,1
2022-10-19T14:18:00Z,991,17 72 27 73 31 77 70 60 12 4 24 61 59 19 57 69 13 30 54 9,evens,regular,4
2022-10-19T14:21:00Z,992,48 64 1 10 33 68 14 18 46 65 32 49 59 31 67 30 15 23 17 3,heads,regular,1
2022-10-19T14:24:00Z,993,44 30 25 59 51 23 31 3 38 7 16 18 36 63 34 47 6 42 66 41,heads,major,2
2022-10-19T14:27:00Z,994,57 67 51 33 46 12 14 8 37 63 54 45 28 78 70 5 6 17 76 59,tails,minor,3
2022-10-19T14:30:00Z,995,6 68 33 47 64 45 25 51 42 13 53 40 5 24 16 46 59 55 49 22,tails,minor,3
2022-10-19T14:33:00Z,996,31 39 26 20 64 58 32 30 29 43 11 13 37 67 34 75 48 41 28 52,heads,regular,1
2022-10-19T14:36:00Z,998,65 13 46 2 33 32 66 57 10 15 53 71 20 18 59 72 58 63 68 44,tails,minor,2
2022-10-19T14:39:00Z,999,26 47 71 42 1 3 79 11 73 15 74 2 49 76 5 37 34 29 72 6,heads,regular,2
2022-10-19T14:42:00Z,1,54 60 78 73 52 74 15 22 20 55 23 62 27 31 41 33 12 28 66 51,tails,minor,1
2022-10-19T14:45:00Z,2,55 20 10 75 34 46 77 29 28 2 32 66 42 35 30 43 12 64 67 5,heads,minor,4
2022-10-19T14:48:00Z,3,48 9 42 15 55 29 24 32 38 58 26 5 28 59 57 69 49 71 36 25,heads,regular,2
2022-10-19T14:51:00Z,4,13 57 29 26 33 18 69 72 6 61 10 2 75 4 64 5 34 24 59 78,heads,minor,3
2022-10-19T14:54:00Z,5,2 19 66 36 44 64 15 3 70 41 49 1 61 73 5 20 11 76 24 58,evens,regular,2
2022-10-19T14:57:00Z,6,19 42 47 80 36 73 46 22 79 2 50 51 69 27 29 14 21 34 67 26,evens,regular,1
2022-10-19T15:00:00Z,8,28 23 58 2 45 61 69 55 16 34 17 48 67 51 46 77 41 37 15 38,tails,regular,1
2022-10-19T15:03:00Z,9,57 61 50 8 13 74 30 15 45 53 3 48 51 64 33 54 62 21 6 10,tails,regular,4
2022-10-19T15:06:00Z,10,36 1 51 9 42 75 52 15 64 65 4 80 17 78 73 69 13 56 3 63,tails,regular,1
2022-10-19T15:09:00Z,11,14 31 28 80 70 16 56 46 40 13 69 36 44 3 52 41 72 68 58 7,tails,minor,2
2022-10-19T15:12:00Z,12,33 49 52 73 7 20 10 69 68 70 3 16 27 67 45 1 53 64 38 25,evens,minor,4
2022-10-19T15:15:00Z,13,25 28 62 2 75 34 63 68 8 36 35 18 9 53 32 30 79 50 71 20,heads,regular,2
2022-10-19T15:18:00Z,14,6 53 41 59 31 27 61 21 70 67 47 34 25 74 79 22 4 71 62 45,tails,regular,1
2022-10-19T15:21:00Z,15,46 7 19 4 56 39 66 1 58 67 34 15 14 73 75 44 22 65 60 43,tails,minor,1
2022-10-19T15:24:00Z,17,70 16 1 52 4 35 9 73 10 62 20 11 3 64 66 61 41 25 32 24,heads,minor,3
2022-10-19T15:27:00Z,18,47 40 23 71 29 39 54 4 53 45 60 24 18 67 36 64 50 32 6 46,evens,minor,1
2022-10-19T15:30:00Z,19,54 29 58 33 24 30 79 47 14 67 71 62 59 38 61 76 19 73 16 2,tails,regular,1
2022-10-19T15:33:00Z,20,47 46 63 48 36 22 52 59 71 79 35 26 16 3 23 49 43 75 58 27,tails,regular,2
2022-10-19T15:36:00Z,21,43 37 58 4 26 72 62 5 67 56 33 39 80 35 54 14 48 51 6 3,evens,minor,1
2022-10-19T15:39:00Z,22,74 57 19 61 55 79 25 69 76 47 32 45 13 4 17 9 38 46 15 54,tails,minor,1
2022-10-19T15:42:00Z,23,14 71 47 59 30 25 60 75 58 72 28 7 16 11 70 12 61 26 76 49,tails,regular,3
2022-10-19T15:45:00Z,24,58 4 28 57 19 20 48 53 38 42 27 69 17 37 11 22 67 73 80 76,evens,regular,2
2022-10-19T15:48:00Z,26,79 18 47 38 1 30 59 52 34 25 76 45 56 12 64 75 4 43 13 24,evens,regular,2
2022-10-19T15:51:00Z,27,60 56 40 7 73 49 38 59 17 74 5 27 65 16 13 4 71 66 63 12,evens,regular,1
2022-10-19T15:54:00Z,28,3 65 63 11 30 26 14 51 29 40 68 6 76 52 13 37 34 21 50 77,heads,minor,2
2022-10-19T15:57:00Z,29,15 59 39 53 56 16 2 4 27 30 41 3 44 13 72 65 52 31 21 22,heads,regular,3
2022-10-19T16:00:00Z,30,26 55 18 71 9 49 28 37 52 1 42 38 59 32 23 2 27 4 7 67,heads,regular,10
2022-10-19T16:03:00Z,31,14 50 56 47 19 24 53 11 77 54 58 76 41 73 43 21 40 12 63 59,tails,regular,3
2022-10-19T16:06:00Z,32,18 28 24 9 61 32 71 35 48 41 5 11 79 15 25 56 52 50 44 38,heads,minor,2
2022-10-19T16:09:00Z,33,50 71 17 72 24 55 9 44 65 21 46 76 69 33 35 18 31 51 75 11,tails,regular,1
2022-10-19T16:12:00Z,35,8 33 18 14 44 64 24 35 17 16 67 46 58 21 9 40 56 41 52 76,heads,minor,3
2022-10-19T16:15:00Z,36,69 29 59 30 75 10 47 26 57 43 56 68 24 4 71 32 79 22 37 33,evens,minor,2
2022-10-19T16:18:00Z,37,45 33 31 57 6 14 28 48 19 41 76 23 1 52 24 5 10 72 61 67,heads,regular,1
2022-10-19T16:21:00Z,38,31 24 19 6 52 54 57 62 17 8 74 1 20 64 26 48 77 79 73 22,evens,minor,2
2022-10-19T16:24:00Z,39,60 46 49 57 77 35 62 38 5 45 22 74 42 61 7 25 13 72 37 56,tails,regular,1
2022-10-19T16:27:00Z,40,10 44 17 38 69 34 39 54 63 32 15 40 77 61 79 23 46 59 70 72,tails,regular,1
2022-10-19T16:30:00Z,41,51 36 59 54 18 72 40 8 23 68 52 30 80 16 45 49 76 5 25 12,evens,regular,2
2022-10-19T16:33:00Z,42,1 5 76 23 53 65 48 34 41 38 10 62 3 28 22 68 59 60 7 40,heads,major,1
2022-10-19T16:36:00Z,44,56 3 47 16 35 57 11 26 13 48 29 6 21 53 63 70 79 51 43 80,tails,regular,1
2022-10-19T16:39:00Z,45,68 30 22 2 79 33 39 20 16 71 40 27 78 63 74 60 21 1 67 7,heads,regular,1
2022-10-19T16:42:00Z,46,72 13 29 26 5 65 34 38 16 55 30 73 75 43 17 68 61 46 77 4,evens,minor,1
2022-10-19T16:45:00Z,47,24 44 75 67 16 48 50 42 4 72 46 27 30 29 54 65 26 15 58 53,tails,regular,2
2022-10-19T16:48:00Z,48,24 9 33 54 63 8 5 44 30 37 26 1 39 36 38 80 73 16 20 6,heads,regular,10
2022-10-19T16:51:00Z,49,26 46 63 5 4 35 11 53 49 32 39 67 80 8 18 25 21 42 13 45,heads,minor,1
2022-10-19T16:54:00Z,50,2 24 19 35 54 23 75 49 25 69 66 18 63 70 41 79 58 65 32 52,tails,minor,1
2022-10-19T16:57:00Z,51,23 18 8 69 47 53 2 60 32 76 71 40 20 16 4 42 50 27 9 70,heads,regular,1
2022-10-19T17:00:00Z,53,28 73 32 4 36 3 64 70 79 17 49 37 16 25 46 58 48 39 11 68,heads,regular,2
2022-10-19T17:03:00Z,54,38 75 21 32 16 65 1 50 20 23 4 59 51 47 49 73 37 53 39 57,evens,regular,2
2022-10-19T17:06:00Z,55,3 50 29 38 9 63 31 23 1 78 57 65 36 24 35 54 53 74 76 22,heads,regular,3
2022-10-19T17:09:00Z,56,73 45 71 61 31 54 5 44 30 9 68 49 55 24 6 16 7 37 18 35,heads,regular,2
2022-10-19T17:12:00Z,57,18 28 5 57 64 25 72 2 37 10 74 39 76 47 49 29 50 52 21 41,evens,regular,3
2022-10-19T17:15:00Z,58,19 55 40 28 32 62 74 15 57 8 41 10 30 5 29 34 69 73 46 36,heads,minor,3
2022-10-19T17:18:00Z,59,5 33 1 17 67 47 24 55 14 20 70 28 44 68 27 53 48 21 62 4,heads,regular,1
2022-10-19T17:21:00Z,60,9 63 33 49 22 54 15 61 36 59 2 80 6 31 25 69 68 56 34 55,evens,major,1
2022-10-19T17:24:00Z,62,29 17 16 1 47 13 77 59 35 23 22 3 63 73 24 51 44 67 8 48,heads,regular,3
2022-10-19T17:27:00Z,63,39 3 20 69 10 76 80 13 63 41 70 28 71 7 9 61 17 56 44 67,tails,minor,2
2022-10-19T17:30:00Z,64,3 43 75 57 20 13 42 69 46 5 40 28 56 61 11 47 64 33 9 71,tails,minor,1
2022-10-19T17:33:00Z,65,41 36 61 55 76 59 45 7 39 50 77 80 24 30 26 60 34 70 19 42,tails,minor,3
2022-10-19T17:36:00Z,66,32 1 62 27 58 67 73 65 26 66 64 80 44 2 12 74 39 31 33 19,evens,regular,2
2022-10-19T17:39:00Z,67,76 23 74 45 62 35 57 73 34 26 68 31 9 59 12 15 53 61 52 55,tails,regular,3
2022-10-19T17:42:00Z,68,40 55 18 80 33 51 26 73 20 52 77 64 7 11 60 75 10 71 6 42,tails,minor,2
2022-10-19T17:45:00Z,69,7 41 52 26 51 18 36 58 15 31 3 16 71 10 55 33 80 13 62 14,heads,regular,1
2022-10-19T17:48:00Z,71,29 60 6 50 37 30 42 80 55 68 11 4 49 33 5 38 76 45 13 74,evens,minor,10
2022-10-19T17:51:00Z,72,74 44 35 64 73 20 38 61 47 59 72 18 37 30 45 19 39 14 22 1,heads,regular,1
2022-10-19T17:54:00Z,73,32 24 59 40 15 71 52 58 44 74 8 4 54 22 77 49 63 70 50 64,tails,regular,2
2022-10-19T17:57:00Z,74,26 17 27 73 34 9 75 56 14 43 15 41 55 68 44 10 52 29 28 7,heads,regular,1
2022-10-19T18:00:00Z,75,42 46 58 64 56 35 29 48 36 4 54 7 44 38 60 6 66 22 32 43,tails,minor,4
2022-10-19T18:03:00Z,76,56 53 16 31 25 3 39 73 61 37 65 21 30 6 12 59 38 40 8 29,heads,regular,2
2022-10-19T18:06:00Z,77,32 10 4 52 6 30 47 28 73 63 53 14 16 37 69 43 70 80 74 42,tails,regular,2
2022-10-19T18:09:00Z,78,32 54 23 77 40 11 19 33 68 58 43 51 14 16 48 79 45 31 46 27,evens,regular,1
2022-10-19T18:12:00Z,80,3 45 52 26 13 2 61 55 68 44 12 48 24 75 66 9 22 72 35 11,evens,major,1
2022-10-19T18:15:00Z,81,79 38 37 14 2 71 60 66 76 57 74 28 42 10 44 25 33 18 70 49,tails,major,1
2022-10-19T18:18:00Z,82,67 71 64 38 80 50 13 32 20 25 47 66 40 12 8 72 54 59 37 42,tails,regular,1
2022-10-19T18:21:00Z,83,74 38 3 16 26 22 63 11 32 25 78 15 34 75 45 23 70 13 43 44,heads,regular,3
2022-10-19T18:24:00Z,84,31 28 54 60 61 52 55 79 29 24 38 70 59 12 5 25 72 20 4 56,evens,regular,1
2022-10-19T18:27:00Z,85,25 27 45 2 60 14 18 46 73 39 65 52 15 66 48 56 80 37 21 33,evens,regular,2
2022-10-19T18:30:00Z,86,54 68 58 61 77 78 34 45 57 59 72 27 8 11 48 51 66 9 67 30,tails,regular,1
2022-10-19T18:33:00Z,87,58 43 18 35 74 46 75 67 49 9 47 61 76 32 36 28 10 4 60 64,tails,minor,1
2022-10-19T18:36:00Z,89,48 30 24 68 36 66 35 52 80 27 26 67 34 9 15 29 50 54 45 21,heads,regular,3
2022-10-19T18:39:00Z,90,1 50 28 23 51 18 31 26 53 35 45 66 44 25 43 73 56 58 16 68,tails,regular,2
2022-10-19T18:42:00Z,91,73 70 36 12 77 29 25 10 34 23 67 63 61 20 60 69 2 18 59 53,evens,regular,1
2022-10-19T18:45:00Z,92,35 34 44 48 58 63 40 6 71 23 50 41 12 73 30 4 46 32 79 37,evens,minor,3
2022-10-19T18:48:00Z,93,27 33 16 68 43 1 4 52 55 73 3 62 53 21 58 28 32 11 78 67,evens,major,1
2022-10-19T18:51:00Z,94,80 76 59 69 14 29 42 12 16 65 70 18 75 54 38 13 28 40 36 57,evens,regular,3
2022-10-19T18:54:00Z,95,4 9 32 69 44 27 76 67 63 10 30 19 24 55 23 65 28 73 25 17,heads,minor,2
2022-10-19T18:57:00Z,96,50 12 47 68 71 2 59 51 15 17 65 57 37 58 11 43 20 52 28 62,tails,regular,2
2022-10-19T19:00:00Z,98,35 25 12 32 21 55 49 11 26 45 9 76 77 48 20 15 73 64 38 50,heads,minor,2
2022-10-19T19:03:00Z,99,40 43 39 78 46 44 76 34 35 52 15 26 41 32 49 6 22 62 53 56,tails,regular,2
2022-10-19T19:06:00Z,100,20 62 14 77 3 36 16 63 8 44 55 80 65 32 19 22 2 75 71 72,evens,regular,2
2022-10-19T19:09:00Z,101,11 55 71 45 2 28 63 32 44 5 29 80 49 39 12 57 56 40 30 4,heads,regular,2
2022-10-19T19:12:00Z,102,57 24 3 19 48 29 45 20 18 47 39 9 7 72 6 49 30 5 71 10,heads,regular,2
2022-10-19T19:15:00Z,103,79 10 52 78 39 11 51 30 48 68 15 35 26 59 73 40 50 33 41 54,tails,minor,1
2022-10-19T19:18:00Z,104,80 46 39 25 77 12 50 7 10 55 14 17 47 57 43 2 4 13 78 74,evens,regular,3
2022-10-19T19:21:00Z,105,60 42 11 49 53 61 50 33 29 79 52 7 40 66 24 39 54 75 43 56,tails,regular,1
2022-10-19T19:24:00Z,107,70 33 34 53 55 11 49 12 44 58 45 9 6 26 46 14 54 57 3 62,tails,regular,1
2022-10-19T19:27:00Z,108,72 40 18 62 53 31 5 26 16 33 76 70 8 6 11 1 44 50 43 58,heads,regular,1
2022-10-19T19:30:00Z,109,68 27 80 59 42 37 36 18 76 41 65 2 8 69 44 67 72 40 66 1,tails,regular,3
2022-10-19T19:33:00Z,110,22 16 47 27 20 65 38 57 41 71 3 36 56 35 31 15 2 9 33 50,heads,regular,1
2022-10-19T19:36:00Z,111,66 68 72 65 74 44 58 75 11 78 23 2 55 22 79 45 47 31 24 43,tails,minor,3
2022-10-19T19:39:00Z,112,71 65 4 20 78 18 55 38 62 35 69 23 10 63 41 9 46 53 72 12,tails,minor,2
2022-10-19T19:42:00Z,113,34 48 50 53 9 42 61 3 67 41 1 63 13 22 58 29 36 68 57 45,tails,regular,1
2022-10-19T19:45:00Z,114,8 9 51 65 80 23 4 54 25 39 48 69 70 15 47 10 3 55 13 60,evens,minor,3
2022-10-19T19:48:00Z,116,18 63 77 31 76 80 75 7 40 6 30 34 52 14 46 73 43 79 21 17,evens,regular,2
2022-10-19T19:51:00Z,117,10 5 51 17 63 56 4 68 31 33 14 76 22 23 19 26 60 42 24 70,heads,regular,2
2022-10-19T19:54:00Z,118,34 52 70 73 28 11 79 46 68 7 76 27 77 9 64 1 58 31 40 38,evens,minor,2
2022-10-19T19:57:00Z,119,67 15 64 46 60 38 62 51 18 26 44 32 47 63 55 59 20 24 77 52,tails,regular,3
2022-10-19T20:00:00Z,120,53 34 2 60 18 43 25 67 12 56 7 37 29 22 35 55 23 72 80 45,heads,regular,2
2022-10-19T20:03:00Z,121,32 59 4 46 67 22 11 44 43 53 80 58 63 42 7 64 9 38 77 54,tails,regular,1
2022-10-19T20:06:00Z,122,54 60 52 35 14 29 73 64 1 47 41 31 3 70 71 38 46 16 2 17,evens,major,2
2022-10-19T20:09:00Z,123,48 54 63 50 59 70 46 68 78 36 14 34 35 44 71 67 5 75 32 72,tails,minor,4
2022-10-19T20:12:00Z,125,22 70 11 78 10 68 37 52 73 49 19 3 21 69 67 28 30 45 20 66,evens,regular,4
2022-10-19T20:15:00Z,126,73 65 63 30 31 45 54 3 39 40 56 18 7 24 42 57 52 26 4 33,heads,regular,1
2022-10-19T20:18:00Z,127,32 50 49 17 72 70 61 75 28 44 21 34 30 35 43 58 62 37 23 22,evens,regular,3
2022-10-19T20:21:00Z,128,26 55 14 29 42 22 65 6 28 32 62 53 13 4 70 45 36 75 8 17,heads,regular,2
2022-10-19T20:24:00Z,129,24 25 36 66 2 26 73 40 41 52 5 14 69 28 49 71 48 4 27 74,heads,regular,3
2022-10-19T20:27:00Z,130,29 74 10 58 46 59 16 67 17 55 3 57 48 20 60 19 27 50 23 31,evens,minor,4
2022-10-19T20:30:00Z,131,71 78 63 64 15 43 66 14 67 8 5 6 52 72 46 31 79 23 68 30,tails,regular,1
2022-10-19T20:33:00Z,132,57 34 8 32 70 23 22 42 40 56 27 26 54 25 62 79 41 20 12 77,heads,regular,1
2022-10-19T20:36:00Z,134,15 78 14 68 3 12 46 75 54 35 1 18 22 62 51 32 24 44 38 55,heads,regular,1
2022-10-19T20:39:00Z,135,74 24 80 29 70 45 26 15 46 35 49 33 41 34 30 52 79 77 53 59,tails,regular,1
2022-10-19T20:42:00Z,136,43 33 16 32 48 58 66 69 68 25 76 53 74 26 18 57 17 72 13 39,tails,regular,1
2022-10-19T20:45:00Z,137,54 48 30 9 32 35 29 34 56 2 5 10 18 71 20 46 49 51 8 38,heads,regular,1
2022-10-19T20:48:00Z,138,1 37 61 75 4 66 29 52 65 33 54 48 22 51 26 36 57 38 76 41,tails,major,3
2022-10-19T20:51:00Z,139,80 16 7 49 5 58 1 60 11 75 44 55 18 23 67 56 24 19 77 22,evens,major,1
2022-10-19T20:54:00Z,140,11 51 30 40 39 79 59 2 48 37 24 44 23 31 21 20 46 41 22 38,heads,minor,1
2022-10-19T20:57:00Z,141,49 36 58 52 16 78 53 17 19 51 9 62 48 60 46 47 23 54 31 11,tails,regular,1
2022-10-19T21:00:00Z,143,5 13 27 19 64 35 43 67 53 62 54 16 58 45 24 32 52 46 33 72,tails,regular,1
2022-10-19T21:03:00Z,144,33 45 22 8 1 26 79 27 60 7 35 66 37 67 32 16 31 15 19 34,heads,regular,3
2022-10-19T21:06:00Z,145,4 68 15 28 22 45 8 37 40 52 61 71 79 72 12 55 51 73 23 25,evens,regular,3
2022-10-19T21:09:00Z,146,44 27 47 67 77 16 65 40 79 28 6 61 49 31 29 75 11 41 58 21,tails,major,3
2022-10-19T21:12:00Z,147,76 18 2 72 77 41 42 47 10 22 70 75 38 14 67 13 52 23 31 66,tails,minor,3
2022-10-19T21:15:00Z,148,52 28 26 50 59 44 36 58 77 80 33 31 51 16 68 75 3 6 45 54,tails,minor,1
2022-10-19T21:18:00Z,149,39 46 32 72 40 57 19 80 1 11 16 7 24 61 43 59 58 70 65 3,evens,regular,2
2022-10-19T21:21:00Z,150,58 50 74 23 60 49 7 71 15 32 78 53 70 37 73 26 35 28 24 6,evens,major,1
2022-10-19T21:24:00Z,152,44 34 39 68 59 53 54 1 75 49 41 50 30 74 32 80 78 28 33 69,tails,minor,3
2022-10-19T21:27:00Z,153,46 80 36 31 19 7 39 28 49 11 78 66 77 70 33 41 25 44 17 24,heads,regular,3
2022-10-19T21:30:00Z,154,41 2 72 75 6 46 49 67 58 11 70 43 68 7 51 53 24 31 66 12,tails,regular,1
2022-10-19T21:33:00Z,155,51 74 34 59 68 30 16 37 11 27 39 57 45 72 23 32 15 69 19 35,heads,regular,1
2022-10-19T21:36:00Z,156,57 79 13 76 74 29 11 7 12 48 49 51 70 23 10 69 35 25 55 9,evens,minor,1
2022-10-19T21:39:00Z,157,66 10 46 71 40 29 12 47 45 61 41 16 60 33 26 36 28 69 44 21,evens,regular,2
2022-10-19T21:42:00Z,158,25 10 38 64 34 41 23 76 9 63 39 4 27 59 3 40 75 79 35 51,heads,regular,2
2022-10-19T21:45:00Z,159,24 69 75 44 6 12 10 80 35 7 60 4 71 53 40 58 57 28 9 3,heads,minor,3
2022-10-19T21:48:00Z,161,37 26 32 50 52 58 69 17 56 23 71 64 42 6 12 59 45 66 78 8,tails,minor,2
2022-10-19T21:51:00Z,162,54 41 49 17 25 8 37 18 4 40 61 32 50 27 65 23 80 15 10 69,heads,major,1
2022-10-19T21:54:00Z,163,23 44 51 78 72 70 13 17 69 29 7 54 74 2 39 48 43 73 3 5,tails,minor,2
2022-10-19T21:57:00Z,164,14 64 31 2 24 6 23 25 1 41 17 8 5 27 34 46 61 15 53 57,heads,major,1
2022-10-19T22:00:00Z,165,74 41 5 55 27 36 78 34 44 25 42 71 80 16 32 67 6 63 75 21,tails,minor,1
2022-10-19T22:03:00Z,166,6 28 16 30 13 24 4 51 42 59 44 11 27 15 20 34 19 78 35 50,heads,regular,3
2022-10-19T22:06:00Z,167,57 70 31 25 16 77 61 8 53 7 18 62 64 32 59 39 46 14 37 55,evens,regular,1
2022-10-19T22:09:00Z,168,38 26 79 57 43 16 33 41 10 61 23 44 39 74 21 70 20 6 17 27,heads,minor,3
2022-10-19T22:12:00Z,170,53 78 67 9 76 40 29 2 33 1 19 34 12 66 72 22 49 7 60 31,heads,minor,2
2022-10-19T22:15:00Z,171,56 63 44 52 64 2 79 28 4 17 39 40 23 11 25 49 75 47 46 61,tails,regular,2
2022-10-19T22:18:00Z,172,4 23 41 76 15 53 71 1 33 11 77 48 24 52 9 56 40 63 70 20,evens,minor,3
2022-10-19T22:21:00Z,173,11 8 50 48 53 1 9 54 55 5 25 63 45 43 73 67 62 47 72 71,tails,regular,4
2022-10-19T22:24:00Z,174,74 46 40 30 13 24 66 79 75 35 56 26 8 78 59 45 33 69 53 80,tails,regular,3
2022-10-19T22:27:00Z,175,24 25 76 22 9 18 11 45 72 15 46 65 57 23 27 50 17 43 80 52,evens,regular,2
2022-10-19T22:30:00Z,176,24 27 62 51 48 23 25 54 47 20 37 57 71 46 63 80 49 74 7 13,tails,regular,2
2022-10-19T22:33:00Z,177,39 67 70 2 6 45 5 11 20 77 33 58 63 55 10 47 50 76 61 79,tails,minor,1
2022-10-19T22:36:00Z,179,8 13 70 72 15 24 27 32 5 17 22 30 61 69 42 64 31 79 37 62,heads,regular,2
2022-10-19T22:39:00Z,180,4 5 10 71 43 64 50 17 30 55 40 25 7 12 68 9 67 31 33 27,heads,regular,2
2022-10-19T22:42:00Z,181,22 80 18 73 42 75 41 78 30 35 76 56 47 66 10 13 64 79 28 23,tails,major,1
2022-10-19T22:45:00Z,182,10 38 41 69 9 63 51 59 52 65 72 62 7 68 54 78 66 45 64 73,tails,regular,3
2022-10-19T22:48:00Z,183,63 79 51 3 9 37 68 15 26 45 24 29 6 44 13 25 55 36 21 5,heads,regular,3
2022-10-19T22:51:00Z,184,50 71 49 19 55 4 80 78 20 28 79 46 59 31 25 67 54 65 36 21,tails,minor,2
2022-10-19T22:54:00Z,185,70 68 78 26 15 63 58 56 29 3 31 71 46 52 35 21 57 19 61 1,tails,regular,2
2022-10-19T22:57:00Z,186,2 62 67 31 4 35 3 47 78 38 49 20 24 29 59 65 71 10 13 36,heads,major,1
2022-10-19T23:00:00Z,188,45 23 43 16 31 68 27 55 76 70 57 20 47 25 40 4 2 10 38 51,heads,minor,3
2022-10-19T23:03:00Z,189,8 26 44 1 59 73 80 51 50 65 47 32 78 68 20 77 62 53 57 70,tails,minor,4
2022-10-19T23:06:00Z,190,64 32 29 75 43 27 58 6 69 15 19 16 25 1 35 80 71 30 50 3,heads,minor,3
2022-10-19T23:09:00Z,191,30 32 34 39 57 50 3 51 29 22 47 56 37 69 52 49 24 66 44 55,tails,regular,2
2022-10-19T23:12:00Z,192,35 51 4 40 34 42 65 5 72 41 67 21 6 19 8 64 62 14 45 22,heads,regular,1
2022-10-19T23:15:00Z,193,80 37 30 15 79 62 57 67 24 65 28 71 52 59 55 54 18 76 25 34,tails,regular,10
2022-10-19T23:18:00Z,194,35 43 29 38 59 69 9 64 48 18 17 27 22 6 74 36 25 32 41 62,heads,regular,5
2022-10-19T23:21:00Z,195,52 11 69 80 37 25 12 47 22 7 46 19 29 17 39 26 49 79 13 67,heads,major,1
2022-10-19T23:24:00Z,197,7 53 21 3 58 46 41 76 71 2 6 12 5 79 57 68 48 39 22 27,evens,regular,1
2022-10-19T23:27:00Z,198,63 61 34 37 64 23 51 14 45 32 74 58 44 29 8 15 67 5 1 71,evens,regular,3
2022-10-19T23:30:00Z,199,7 31 20 77 46 35 70 13 4 59 60 49 74 29 58 51 79 8 43 44,tails,regular,3
2022-10-19T23:33:00Z,200,30 2 19 52 73 75 17 10 62 79 39 8 59 48 58 61 66 78 31 7,tails,minor,1
2022-10-19T23:36:00Z,201,65 6 46 9 77 38 73 2 18 21 15 61 72 79 55 35 17 16 48 5,heads,regular,4
2022-10-19T23:39:00Z,202,19 45 58 9 64 15 8 78 46 79 44 43 76 35 32 53 24 65 10 26,tails,minor,3
2022-10-19T23:42:00Z,203,35 32 56 20 51 73 10 47 71 64 1 75 22 19 4 69 11 17 27 59,heads,minor,3
2022-10-19T23:45:00Z,204,56 45 12 5 34 70 29 16 33 1 75 36 14 80 62 78 17 64 22 39,heads,major,1
2022-10-19T23:48:00Z,206,68 3 11 5 67 12 21 52 24 72 43 29 39 63 19 16 17 23 75 66,heads,major,1
2022-10-19T23:51:00Z,207,80 69 3 66 72 17 13 43 74 14 29 51 76 2 58 39 65 44 46 9,tails,regular,3
2022-10-19T23:54:00Z,208,20 68 74 9 47 76 77 35 37 27 2 67 50 56 24 3 64 61 70 65,tails,major,5
2022-10-19T23:57:00Z,209,27 14 51 80 4 53 6 23 5 65 71 45 54 15 52 1 18 77 9 35,heads,regular,5
2022-10-20T00:00:00Z,210,36 72 67 77 20 16 49 18 24 31 32 47 80 52 34 38 46 69 56 12,evens,regular,3
2022-10-20T00:03:00Z,211,6 52 3 5 38 65 13 40 59 11 36 66 68 79 26 76 31 27 60 62,heads,minor,10
2022-10-20T00:06:00Z,212,50 3 57 54 34 44 16 6 24 72 61 80 59 29 15 79 27 31 51 71,tails,regular,3
2022-10-20T00:09:00Z,213,62 39 29 47 2 55 52 17 70 37 12 6 71 41 27 50 56 24 46 35,evens,regular,1
2022-10-20T00:12:00Z,215,42 20 75 28 53 3 57 29 38 39 67 50 27 70 59 22 26 61 43 24,evens,regular,3
2022-10-20T00:15:00Z,216,78 22 72 28 34 14 24 18 55 56 47 76 7 80 74 23 66 33 2 29,heads,regular,4
2022-10-20T00:18:00Z,217,50 42 46 29 64 36 70 68 14 40 4 73 39 9 61 7 56 19 35 44,evens,major,2
2022-10-20T00:21:00Z,218,45 16 77 57 63 43 34 39 73 64 2 68 53 72 70 67 27 65 8 69,tails,minor,3
2022-10-20T00:24:00Z,219,58 28 12 35 7 37 73 30 76 61 69 17 33 20 63 4 50 22 31 10,heads,regular,1
2022-10-20T00:27:00Z,220,60 27 55 70 7 79 9 44 12 25 53 37 8 51 11 56 24 57 61 76,tails,regular,2
2022-10-20T00:30:00Z,221,60 57 30 22 56 18 75 4 37 68 79 6 13 46 16 71 48 42 45 44,tails,regular,1
2022-10-20T00:33:00Z,222,60 45 17 71 13 52 61 11 7 57 34 40 54 25 33 56 22 41 53 64,tails,regular,3
2022-10-20T00:36:00Z,224,22 72 13 41 32 10 67 24 53 9 47 23 26 65 36 34 40 46 73 61,heads,regular,3
2022-10-20T00:39:00Z,225,36 45 55 32 15 72 34 46 67 37 73 49 47 9 23 60 1 38 41 31,evens,minor,2
2022-10-20T00:42:00Z,226,42 55 67 51 57 23 77 18 80 3 24 40 65 74 21 28 75 31 39 5,evens,regular,2
2022-10-20T00:45:00Z,227,15 33 3 72 41 47 17 25 38 31 7 18 74 43 62 8 65 16 76 5,heads,regular,2
2022-10-20T00:48:00Z,228,11 60 19 21 45 61 7 18 73 27 28 59 37 75 47 76 41 66 29 10,evens,regular,2
2022-10-20T00:51:00Z,229,59 28 48 46 12 80 30 41 8 13 72 32 1 70 44 31 57 75 45 37,tails,minor,3
2022-10-20T00:54:00Z,230,8 61 30 18 12 20 15 51 27 76 23 22 32 42 9 21 25 69 1 60,heads,minor,4
2022-10-20T00:57:00Z,231,49 13 54 31 48 42 4 27 69 29 79 44 24 56 57 23 51 65 35 62,tails,regular,4
2022-10-20T01:00:00Z,233,59 40 46 29 26 64 4 45 76 35 75 78 27 5 77 54 57 10 28 44,tails,regular,1
2022-10-20T01:03:00Z,234,52 64 59 71 20 58 23 73 3 60 35 37 4 43 39 42 8 74 66 56,tails,regular,1
2022-10-20T01:06:00Z,235,46 33 50 32 44 54 1 63 36 8 2 52 26 19 64 43 12 9 39 31,heads,minor,1
2022-10-20T01:09:00Z,236,65 71 22 76 23 67 60 52 10 72 13 6 50 38 24 80 19 58 42 53,tails,regular,1
2022-10-20T01:12:00Z,237,11 18 30 68 65 63 70 39 31 9 12 15 43 22 54 33 57 5 53 59,heads,regular,3
2022-10-20T01:15:00Z,238,28 69 9 53 36 10 50 54 57 56 40 79 75 71 5 66 4 18 78 11,tails,major,1
2022-10-20T01:18:00Z,239,65 18 77 44 27 29 79 62 40 56 47 45 49 55 60 69 61 8 30 46,tails,regular,1
2022-10-20T01:21:00Z,240,42 70 68 50 52 73 62 10 22 30 8 17 28 27 41 67 43 58 48 75,tails,regular,3
2022-10-20T01:24:00Z,242,28 38 43 77 78 54 46 16 47 13 18 69 61 45 67 5 76 74 73 66,tails,minor,1
2022-10-20T01:27:00Z,243,18 24 39 14 3 71 40 46 10 2 28 34 80 50 17 29 43 1 31 22,heads,regular,3
2022-10-20T01:30:00Z,244,20 46 19 44 69 38 48 40 5 72 8 2 15 58 10 73 49 56 42 22,evens,regular,1
2022-10-20T01:33:00Z,245,77 3 11 66 37 23 18 24 20 25 34 5 40 8 68 26 32 42 2 39,heads,regular,1
2022-10-20T01:36:00Z,246,36 52 41 63 13 37 44 76 59 62 28 24 58 70 43 80 54 10 29 60,tails,regular,1
2022-10-20T01:39:00Z,247,25 64 37 47 80 16 10 77 6 53 4 32 5 70 75 66 72 13 8 7,heads,major,1
2022-10-20T01:42:00Z,248,6 69 79 8 5 54 64 21 60 67 77 55 53 63 56 16 14 10 40 35,tails,regular,1
2022-10-20T01:45:00Z,249,47 30 45 21 11 24 59 19 5 38 22 76 57 60 79 4 25 34 13 78,heads,regular,1
2022-10-20T01:48:00Z,251,37 25 7 51 52 58 78 32 40 16 60 19 42 30 2 27 75 67 41 79,evens,regular,4
2022-10-20T01:51:00Z,252,17 50 46 11 61 40 59 28 73 75 79 12 64 7 71 39 58 37 57 56,tails,minor,2
2022-10-20T01:54:00Z,253,14 74 80 62 73 51 69 64 60 68 75 63 57 78 53 37 66 52 28 17,tails,minor,1
2022-10-20T01:57:00Z,254,54 71 38 70 29 9 44 20 4 75 35 68 33 80 3 74 72 24 73 27,evens,regular,1
2022-10-20T02:00:00Z,255,1 21 4 48 43 7 28 73 12 56 39 55 76 69 79 44 36 26 41 31,evens,regular,1
2022-10-20T02:03:00Z,256,49 25 20 63 47 54 8 70 51 30 53 14 33 41 35 40 55 62 75 6,tails,regular,1
2022-10-20T02:06:00Z,257,71 79 19 33 3 40 68 20 58 59 39 28 26 73 69 7 65 38 47 1,heads,regular,2
2022-10-20T02:09:00Z,258,5 19 41 74 80 65 75 69 71 9 20 6 27 73 72 59 26 30 67 24,tails,regular,1
2022-10-20T02:12:00Z,260,48 34 13 9 61 30 1 10 55 59 70 60 73 2 5 11 43 41 53 65,tails,major,1
2022-10-20T02:15:00Z,261,17 19 31 52 20 77 64 59 76 35 74 14 24 61 3 60 29 62 12 6,heads,regular,2
2022-10-20T02:18:00Z,262,20 13 57 23 72 75 6 5 68 19 78 55 32 25 50 16 11 53 71 60,evens,major,3
2022-10-20T02:21:00Z,263,79 43 50 7 26 24 20 68 19 1 21 11 10 63 67 46 59 34 30 66,heads,regular,3
2022-10-20T02:24:00Z,264,61 17 70 5 22 79 47 51 20 3 75 23 18 24 37 59 62 55 9 19,heads,regular,3
2022-10-20T02:27:00Z,265,14 8 65 62 68 74 29 23 80 59 26 72 79 60 22 51 25 75 35 48,tails,regular,1
2022-10-20T02:30:00Z,266,64 33 54 1 44 8 3 35 2 41 32 4 6 47 76 59 5 23 12 13,heads,minor,1
2022-10-20T02:33:00Z,267,40 51 4 74 11 19 10 49 3 65 14 56 75 29 39 12 28 22 8 64,heads,regular,1
2022-10-20T02:36:00Z,269,27 25 35 51 64 21 2 60 61 43 8 11 19 32 22 7 4 46 3 42,heads,minor,1
2022-10-20T02:39:00Z,270,47 10 5 18 71 51 36 45 70 13 80 6 40 59 25 23 20 2 19 69,heads,minor,1
2022-10-20T02:42:00Z,271,1 44 67 65 48 72 47 26 7 5 73 23 10 51 68 71 13 50 12 59,tails,regular,1
2022-10-20T02:45:00Z,272,23 43 79 74 32 70 64 37 65 5 20 77 67 61 46 56 13 17 38 40,tails,regular,10
2022-10-20T02:48:00Z,273,22 31 64 13 79 75 4 76 58 18 25 34 36 27 72 1 38 67 39 9,heads,major,1
2022-10-20T02:51:00Z,274,1 57 47 41 29 21 28 59 80 53 19 7 13 52 73 24 62 69 15 37,evens,minor,3
2022-10-20T02:54:00Z,275,24 12 52 15 23 72 50 40 31 17 65 11 14 22 76 69 19 28 57 73,heads,regular,3
2022-10-20T02:57:00Z,276,13 18 45 70 15 52 60 11 37 14 47 19 43 53 73 24 28 42 20 35,heads,regular,1
2022-10-20T03:00:00Z,278,16 24 14 60 40 59 31 47 9 20 65 73 45 5 54 38 67 33 56 76,evens,minor,1
2022-10-20T03:03:00Z,279,15 3 41 59 75 23 42 18 66 36 22 34 49 65 2 1 38 47 37 7,heads,major,2
2022-10-20T03:06:00Z,280,37 50 29 80 1 62 36 64 49 48 59 39 68 56 55 5 54 77 16 35,tails,regular,3
2022-10-20T03:09:00Z,281,17 38 59 21 60 69 43 28 66 75 80 73 14 53 1 41 2 24 33 55,tails,regular,1
2022-10-20T03:12:00Z,282,13 17 39 43 59 80 44 16 60 65 61 27 15 62 29 35 25 3 37 50,heads,regular,2
2022-10-20T03:15:00Z,283,23 43 38 29 61 32 65 79 76 63 77 9 42 25 1 2 36 15 47 3,heads,minor,2
2022-10-20T03:18:00Z,284,72 64 42 77 32 61 66 70 18 63 37 47 5 3 80 54 76 65 36 2,tails,minor,3
2022-10-20T03:21:00Z,285,55 19 24 63 70 60 22 47 54 41 9 48 8 57 67 34 31 72 28 39,tails,major,4
2022-10-20T03:24:00Z,287,35 22 9 39 16 36 63 30 72 45 78 51 17 41 59 7 5 46 68 1,heads,regular,3
2022-10-20T03:27:00Z,288,34 40 6 25 29 49 31 62 64 28 45 21 48 80 5 30 32 37 65 10,heads,regular,1
2022-10-20T03:30:00Z,289,41 35 64 74 44 45 13 68 12 53 66 59 57 43 79 62 73 17 76 42,tails,regular,3
2022-10-20T03:33:00Z,290,27 22 51 50 65 20 58 40 29 2 68 72 42 79 16 36 5 32 25 63,heads,minor,1
2022-10-20T03:36:00Z,291,53 64 51 43 63 16 71 39 22 21 62 66 25 24 15 58 48 3 14 68,tails,minor,3
2022-10-20T03:39:00Z,292,36 38 66 24 35 55 12 41 78 11 58 53 39 18 48 64 79 52 8 50,tails,minor,2
2022-10-20T03:42:00Z,293,65 56 7 72 61 73 78 36 77 79 16 75 66 9 45 27 11 47 33 4,tails,minor,2
2022-10-20T03:45:00Z,294,52 44 4 70 68 15 3 54 26 41 5 8 19 21 16 78 32 45 36 53,heads,regular,2
2022-10-20T03:48:00Z,296,4 41 68 35 3 66 19 11 2 26 5 44 42 24 75 32 16 15 51 27,heads,regular,3
2022-10-20T03:51:00Z,297,61 47 77 42 46 17 63 7 3 6 50 55 69 79 62 39 4 41 58 40,tails,regular,1
2022-10-20T03:54:00Z,298,69 80 44 25 30 21 65 14 68 5 4 74 16 67 12 42 33 23 78 63,evens,regular,3
2022-10-20T03:57:00Z,299,32 5 76 22 73 58 10 30 37 2 33 64 80 18 31 35 13 55 4 26,heads,major,3
2022-10-20T04:00:00Z,300,20 55 59 71 37 77 75 27 14 26 58 73 40 5 61 19 16 48 1 60,evens,regular,10
2022-10-20T04:03:00Z,301,11 23 34 21 46 36 26 47 59 19 22 70 48 45 1 57 30 5 10 53,heads,regular,2
2022-10-20T04:06:00Z,302,13 77 32 65 43 78 20 70 56 73 55 18 22 61 12 35 2 76 45 68,tails,regular,5
2022-10-20T04:09:00Z,303,25 68 43 1 34 49 13 12 70 57 19 3 39 78 74 21 37 35 38 73,heads,regular,1
2022-10-20T04:12:00Z,305,33 78 49 28 51 58 12 63 32 2 1 41 48 26 72 71 68 40 29 36,evens,regular,4
2022-10-20T04:15:00Z,306,24 26 22 20 6 76 9 37 50 32 57 11 71 40 72 4 36 15 30 66,heads,major,3
2022-10-20T04:18:00Z,307,78 69 77 2 51 29 33 65 31 38 40 10 60 11 6 63 67 58 28 50,evens,regular,1
2022-10-20T04:21:00Z,308,43 56 47 68 58 66 52 46 76 61 48 3 62 54 29 49 74 37 21 44,tails,minor,1
2022-10-20T04:24:00Z,309,20 16 58 28 42 74 41 69 34 2 10 43 65 1 9 7 80 67 64 17,evens,regular,1
2022-10-20T04:27:00Z,310,39 4 56 44 2 71 10 40 20 60 78 59 21 53 1 65 50 7 58 70,tails,minor,1
2022-10-20T04:30:00Z,311,57 59 38 46 32 58 15 9 28 12 26 68 30 53 63 72 31 69 11 2,heads,regular,3
2022-10-20T04:33:00Z,312,30 39 26 4 3 61 51 54 60 22 50 5 9 21 27 15 8 31 64 10,heads,regular,2
2022-10-20T04:36:00Z,314,61 37 55 10 56 75 68 12 74 35 11 77 34 53 26 15 40 29 5 73,heads,regular,2
2022-10-20T04:39:00Z,315,16 47 55 18 67 34 59 3 41 31 42 77 4 70 65 13 1 33 64 45,tails,major,1
2022-10-20T04:42:00Z,316,12 6 51 54 34 47 30 35 27 53 39 55 71 48 74 37 65 49 52 63,tails,regular,1
2022-10-20T04:45:00Z,317,56 59 41 46 62 55 74 3 29 22 35 11 40 48 7 50 65 30 68 16,tails,regular,2
2022-10-20T04:48:00Z,318,77 21 16 27 31 29 64 69 67 75 38 23 18 46 2 35 62 13 36 9,heads,regular,4
2022-10-20T04:51:00Z,319,79 10 48 34 56 69 64 75 26 62 57 46 49 42 37 78 43 31 41 60,tails,regular,1
2022-10-20T04:54:00Z,320,19 1 2 10 43 35 9 44 72 54 5 29 20 22 32 12 45 71 48 23,heads,major,2
2022-10-20T04:57:00Z,321,30 31 44 54 46 75 19 50 69 14 1 58 53 74 80 51 2 72 13 17,tails,minor,1
2022-10-20T05:00:00Z,323,78 69 63 76 23 28 31 73 42 60 22 6 55 17 26 56 43 35 37 46,tails,minor,3
2022-10-20T05:03:00Z,324,22 8 66 34 39 4 15 62 64 76 6 72 32 47 28 24 55 18 74 46,heads,regular,1
2022-10-20T05:06:00Z,325,36 41 62 63 29 42 55 59 27 24 6 53 64 58 18 5 3 60 28 40,evens,regular,1
2022-10-20T05:09:00Z,326,42 7 8 18 41 1 16 62 58 71 17 56 26 28 78 74 66 30 55 38,evens,regular,1
2022-10-20T05:12:00Z,327,67 73 8 77 19 17 50 75 78 21 11 42 57 49 48 44 58 2 6 33,tails,minor,1
2022-10-20T05:15:00Z,328,12 31 8 76 68 69 38 35 78 32 10 53 40 21 16 44 39 18 63 65,heads,regular,3
2022-10-20T05:18:00Z,329,31 22 4 56 76 74 62 13 63 5 41 35 38 26 1 60 36 15 51 27,heads,regular,1
2022-10-20T05:21:00Z,330,38 10 40 80 25 7 42 36 17 76 30 16 23 72 63 49 60 33 56 14,heads,minor,3
2022-10-20T05:24:00Z,332,68 52 51 69 72 45 66 17 48 73 41 44 32 76 25 24 65 30 12 7,tails,regular,2
2022-10-20T05:27:00Z,333,65 62 51 22 53 10 26 25 5 57 59 75 68 44 14 35 60 70 33 21,tails,regular,1
2022-10-20T05:30:00Z,334,78 75 54 55 35 6 1 43 22 50 5 80 23 14 69 57 15 74 30 25,evens,minor,2
2022-10-20T05:33:00Z,335,58 42 31 61 56 8 66 33 40 67 30 3 59 22 76 51 24 21 60 75,tails,regular,1
2022-10-20T05:36:00Z,336,73 29 44 45 41 56 33 55 36 62 79 66 10 47 12 70 67 35 34 13,tails,minor,1
2022-10-20T05:39:00Z,337,45 49 50 30 11 29 33 28 63 72 6 1 2 3 17 76 14 25 75 54,heads,major,2
2022-10-20T05:42:00Z,338,55 18 23 53 54 63 65 59 56 30 13 37 21 76 40 6 38 10 42 41,evens,regular,1
2022-10-20T05:45:00Z,339,72 7 49 17 22 41 62 69 6 14 56 58 50 4 61 78 5 20 73 76,tails,regular,2
2022-10-20T05:48:00Z,341,74 59 24 73 40 60 9 55 22 33 46 48 13 44 29 41 58 67 42 30,tails,regular,3
2022-10-20T05:51:00Z,342,29 54 37 53 26 57 66 60 16 5 56 31 75 79 2 13 51 64 20 78,tails,major,3
2022-10-20T05:54:00Z,343,7 77 12 80 76 73 25 17 51 50 2 52 4 22 70 57 26 64 42 11,tails,regular,1
2022-10-20T05:57:00Z,344,7 22 62 2 49 23 24 52 48 57 53 20 72 31 61 63 26 71 70 58,tails,minor,2
2022-10-20T06:00:00Z,345,71 36 16 37 44 60 41 12 77 79 42 68 45 73 33 18 78 57 10 38,tails,major,2
2022-10-20T06:03:00Z,346,62 30 1 58 4 74 23 42 57 75 24 47 21 3 56 34 15 5 13 55,heads,regular,5
2022-10-20T06:06:00Z,347,59 28 36 25 67 71 18 42 13 6 20 43 16 24 47 68 49 54 60 22,evens,regular,1
2022-10-20T06:09:00Z,348,12 13 70 72 34 35 39 2 26 46 59 54 58 28 60 62 1 78 17 77,evens,regular,2
2022-10-20T06:12:00Z,350,28 7 10 12 56 33 76 20 50 67 71 54 48 3 4 74 16 34 68 14,heads,minor,3
2022-10-20T06:15:00Z,351,15 11 74 55 17 67 73 41 32 80 20 56 64 48 24 42 65 78 23 57,tails,regular,1
2022-10-20T06:18:00Z,352,61 34 79 22 60 58 43 48 64 71 63 66 73 51 38 49 20 29 6 70,tails,regular,1
2022-10-20T06:21:00Z,353,63 61 21 44 5 28 32 15 30 19 11 69 58 72 47 49 24 34 57 14,heads,regular,2
2022-10-20T06:24:00Z,354,36 9 64 16 28 21 70 6 77 24 49 4 5 33 46 79 68 61 69 29,heads,regular,3
2022-10-20T06:27:00Z,355,42 63 75 25 23 32 43 74 19 67 70 1 30 53 51 27 9 41 52 71,tails,minor,2
2022-10-20T06:30:00Z,356,73 55 21 6 43 58 9 79 53 69 54 48 1 68 31 65 13 62 12 66,tails,minor,3
2022-10-20T06:33:00Z,357,75 44 4 15 61 9 22 23 33 39 17 25 13 74 77 55 10 50 57 54,heads,regular,3
2022-10-20T06:36:00Z,359,55 26 79 22 76 72 43 64 45 53 35 70 69 63 6 52 60 71 20 14,tails,major,3
2022-10-20T06:39:00Z,360,62 2 16 42 19 18 57 50 38 8 14 43 36 17 49 80 32 47 1 31,heads,major,3
2022-10-20T06:42:00Z,361,38 49 30 58 29 4 19 24 45 56 46 76 66 1 41 11 6 32 22 7,heads,regular,3
2022-10-20T06:45:00Z,362,65 71 40 11 4 50 73 76 70 17 56 80 28 1 7 26 14 52 64 46,tails,major,4
2022-10-20T06:48:00Z,363,71 21 12 15 66 3 69 77 41 60 29 51 22 23 61 19 7 64 46 4,evens,regular,3
2022-10-20T06:51:00Z,364,12 29 57 24 47 73 32 20 1 19 49 25 42 34 59 30 60 23 46 55,heads,regular,1
2022-10-20T06:54:00Z,365,74 20 80 9 50 21 25 65 34 5 22 64 26 36 73 40 31 33 56 37,heads,regular,2
2022-10-20T06:57:00Z,366,56 55 32 48 39 10 69 63 1 79 14 4 35 74 9 43 77 37 21 78,evens,minor,2
2022-10-20T07:00:00Z,368,14 30 37 23 44 78 7 51 52 47 61 69 22 28 27 25 58 21 76 24,heads,regular,3
2022-10-20T07:03:00Z,369,36 17 26 60 12 11 14 45 23 59 64 32 2 74 72 6 56 51 76 9,heads,minor,3
2022-10-20T07:06:00Z,370,58 10 11 40 37 36 12 28 70 38 51 3 65 57 6 5 34 41 31 66,heads,regular,5
2022-10-20T07:09:00Z,371,46 37 38 40 71 13 70 17 22 5 41 14 2 53 66 61 77 30 65 76,evens,minor,2
2022-10-20T07:12:00Z,372,2 14 50 40 24 47 48 25 76 7 56 69 1 36 8 67 22 44 72 55,evens,minor,3
2022-10-20T07:15:00Z,373,23 20 16 22 70 48 28 30 33 53 1 31 4 12 19 66 35 47 52 71,heads,regular,1
2022-10-20T07:18:00Z,374,55 63 6 8 75 73 39 29 62 57 4 60 56 13 64 3 15 41 54 59,tails,regular,2
2022-10-20T07:21:00Z,375,25 26 13 30 72 47 21 70 54 57 14 39 49 8 53 60 11 80 43 62,tails,regular,1
2022-10-20T07:24:00Z,377,72 64 10 71 13 18 27 52 5 21 60 36 56 59 12 69 41 61 51 79,tails,minor,1
2022-10-20T07:27:00Z,378,50 60 11 19 18 29 14 4 61 42 41 63 21 58 49 12 72 55 6 79,tails,major,2
2022-10-20T07:30:00Z,379,16 17 15 45 64 24 80 77 38 5 25 10 20 7 63 52 11 56 49 44,heads,minor,1
2022-10-20T07:33:00Z,380,75 54 60 69 38 3 50 53 9 49 45 8 19 34 71 52 24 6 30 68,tails,regular,2
2022-10-20T07:36:00Z,381,4 33 40 67 14 3 27 70 74 38 36 17 29 58 15 69 19 28 60 11,heads,regular,3
2022-10-20T07:39:00Z,382,3 41 56 21 7 33 32 22 49 12 27 79 43 57 10 75 20 77 78 69,evens,minor,2
2022-10-20T07:42:00Z,383,80 76 50 22 31 10 64 77 59 53 12 21 13 78 52 65 38 40 67 8,tails,minor,3
2022-10-20T07:45:00Z,384,14 65 20 47 42 4 48 45 25 49 12 33 51 1 17 9 24 50 67 30,heads,regular,1
2022-10-20T07:48:00Z,386,46 65 60 34 79 54 80 56 33 76 41 71 35 14 28 51 64 66 37 31,tails,minor,4
2022-10-20T07:51:00Z,387,29 33 79 19 9 45 6 21 50 12 3 61 72 76 58 75 27 5 10 18,heads,regular,1
2022-10-20T07:54:00Z,388,41 67 4 52 25 46 34 23 58 79 9 14 40 76 49 36 33 17 15 51,heads,minor,4
2022-10-20T07:57:00Z,389,53 16 25 12 5 68 9 44 58 30 41 23 22 2 21 51 29 36 61 59,heads,regular,3
2022-10-20T08:00:00Z,390,56 16 78 8 38 59 35 40 67 4 31 7 28 53 33 30 24 50 6 66,heads,regular,3
2022-10-20T08:03:00Z,391,38 4 76 72 52 15 17 5 43 51 42 27 10 53 46 28 77 70 61 29,tails,regular,3
2022-10-20T08:06:00Z,392,67 43 66 80 31 18 51 20 1 46 57 28 58 44 49 56 25 5 68 74,tails,regular,1
2022-10-20T08:09:00Z,393,3 27 65 72 36 46 18 76 54 12 60 7 74 16 22 41 47 68 52 48,tails,minor,2
2022-10-20T08:12:00Z,395,59 8 68 35 5 21 33 23 72 39 28 14 12 22 6 3 26 27 9 11,heads,regular,1
2022-10-20T08:15:00Z,396,7 6 42 2 9 70 34 33 79 74 38 21 20 14 55 18 39 37 60 29,heads,regular,2
2022-10-20T08:18:00Z,397,57 17 70 23 6 42 37 65 53 33 59 39 15 13 18 72 76 20 22 11,heads,minor,3
2022-10-20T08:21:00Z,398,57 22 18 44 62 64 20 70 68 11 4 63 17 66 39 27 10 28 59 47,evens,regular,3
2022-10-20T08:24:00Z,399,22 51 52 15 40 77 49 63 5 25 37 8 45 76 30 39 61 34 1 7,heads,regular,1
2022-10-20T08:27:00Z,400,45 8 3 36 13 43 21 74 76 19 24 64 50 66 54 71 11 73 48 57,tails,minor,3
2022-10-20T08:30:00Z,401,11 65 49 15 32 67 44 30 29 17 25 9 51 46 8 2 50 24 27 71,heads,regular,2
2022-10-20T08:33:00Z,402,69 25 3 78 23 33 54 70 79 68 40 31 2 9 14 39 74 38 66 20,heads,minor,1
2022-10-20T08:36:00Z,404,59 3 64 43 11 35 15 33 4 65 38 21 5 47 27 10 12 66 52 26,heads,regular,1
2022-10-20T08:39:00Z,405,31 60 53 51 23 5 68 70 39 41 10 33 42 52 30 20 40 44 15 54,evens,minor,2
2022-10-20T08:42:00Z,406,65 4 11 55 34 71 70 37 31 24 38 62 76 35 28 23 30 64 47 22,heads,major,1
2022-10-20T08:45:00Z,407,53 46 64 48 4 36 39 14 79 67 68 38 15 50 56 49 32 33 10 41,tails,regular,10
2022-10-20T08:48:00Z,408,39 57 44 24 1 58 79 45 15 46 20 30 9 62 67 26 50 65 19 61,tails,regular,2
2022-10-20T08:51:00Z,409,27 60 66 72 1 36 2 69 59 6 78 52 65 48 13 56 39 58 70 37,tails,major,1
2022-10-20T08:54:00Z,410,74 15 37 63 29 62 71 24 77 17 11 57 59 19 4 50 45 2 40 78,evens,regular,1
2022-10-20T08:57:00Z,411,57 54 61 38 46 34 22 17 68 23 62 58 1 74 11 27 26 72 60 45,tails,minor,3
2022-10-20T09:00:00Z,413,69 68 11 59 70 13 62 27 66 58 33 8 50 43 37 54 41 64 21 19,tails,regular,1
2022-10-20T09:03:00Z,414,25 5 66 26 49 70 42 17 8 32 59 4 41 74 39 18 61 2 48 6,heads,regular,1
2022-10-20T09:06:00Z,415,4 43 54 1 45 57 70 8 46 39 24 78 26 28 49 5 34 38 79 25,heads,regular,2
2022-10-20T09:09:00Z,416,20 43 35 76 14 80 64 28 41 50 48 8 33 73 40 1 22 55 29 52,evens,regular,1
2022-10-20T09:12:00Z,417,1 32 54 53 33 29 12 71 23 26 59 77 37 72 13 14 24 57 22 5,heads,regular,2
2022-10-20T09:15:00Z,418,38 7 53 80 46 68 59 74 77 56 31 11 14 28 22 62 47 79 70 42,tails,regular,1
2022-10-20T09:18:00Z,419,25 30 21 1 23 70 60 53 33 49 39 76 2 58 31 29 78 5 59 44,heads,regular,1
2022-10-20T09:21:00Z,420,52 16 26 34 48 66 80 58 21 59 35 19 28 27 49 18 37 75 69 79,evens,regular,2
2022-10-20T09:24:00Z,422,2 25 43 32 65 36 63 78 7 30 24 42 40 1 13 80 73 23 3 75,heads,regular,1
2022-10-20T09:27:00Z,423,41 79 80 21 64 71 34 50 66 72 9 30 55 16 44 31 51 36 56 68,tails,major,3
2022-10-20T09:30:00Z,424,67 68 38 52 44 45 22 47 70 48 31 7 62 59 63 11 2 1 43 50,tails,major,4
2022-10-20T09:33:00Z,425,28 62 18 33 77 38 8 73 13 63 1 43 17 30 22 26 5 7 56 37,heads,regular,1
2022-10-20T09:36:00Z,426,34 17 26 24 39 23 3 22 47 1 80 69 58 48 54 33 12 43 37 31,heads,major,2
2022-10-20T09:39:00Z,427,62 66 53 58 22 59 8 55 77 52 18 68 12 54 45 35 7 50 42 61,tails,regular,3
2022-10-20T09:42:00Z,428,22 2 52 30 8 80 13 79 38 45 73 12 29 71 23 77 72 21 64 63,evens,minor,1
2022-10-20T09:45:00Z,429,76 19 43 16 32 11 6 77 57 25 40 63 58 29 34 31 61 42 33 68,heads,regular,3
2022-10-20T09:48:00Z,431,58 11 47 35 3 32 16 45 36 50 30 62 63 24 73 55 20 76 37 23,heads,regular,3
2022-10-20T09:51:00Z,432,68 77 55 36 62 1 71 15 34 74 56 23 14 63 13 51 38 25 11 65,evens,regular,1
2022-10-20T09:54:00Z,433,60 9 1 63 65 52 67 46 25 13 37 61 45 34 55 72 77 36 50 71,tails,regular,1
2022-10-20T09:57:00Z,434,52 21 29 73 66 70 34 41 71 17 8 15 43 16 18 22 48 7 5 24,heads,major,2
2022-10-20T10:00:00Z,435,73 63 62 65 44 79 76 70 64 28 50 60 71 46 56 54 30 33 66 23,tails,regular,1
2022-10-20T10:03:00Z,436,61 60 74 57 44 62 42 20 58 27 70 43 1 35 3 78 45 55 37 76,tails,regular,2
2022-10-20T10:06:00Z,437,22 20 34 53 11 31 18 25 16 64 29 59 3 4 21 26 49 45 27 69,heads,regular,1
2022-10-20T10:09:00Z,438,7 66 26 69 37 49 2 4 62 60 32 27 53 54 18 43 40 67 42 71,tails,minor,3
2022-10-20T10:12:00Z,440,46 62 17 30 24 66 71 52 79 4 6 76 63 41 29 55 59 37 34 20,tails,minor,2
2022-10-20T10:15:00Z,441,27 24 71 80 29 36 57 22 19 43 33 58 38 37 47 28 45 23 12 73,heads,minor,1
2022-10-20T10:18:00Z,442,36 58 77 11 69 16 30 4 50 45 5 17 25 40 2 32 59 56 10 79,heads,minor,10
2022-10-20T10:21:00Z,443,17 69 15 53 57 16 62 76 73 33 1 75 74 44 52 29 28 39 54 40,tails,minor,1
2022-10-20T10:24:00Z,444,45 7 77 28 19 78 60 14 80 79 43 20 22 73 18 51 44 55 62 76,tails,regular,1
2022-10-20T10:27:00Z,445,35 72 4 71 67 7 55 69 42 41 58 47 12 45 56 65 48 46 18 43,tails,regular,1
2022-10-20T10:30:00Z,446,14 58 17 1 67 77 52 12 31 54 43 41 4 65 59 36 79 16 18 20,evens,major,2
2022-10-20T10:33:00Z,447,77 79 56 33 70 1 28 75 76 62 7 5 57 58 2 4 21 3 53 36,evens,regular,2
2022-10-20T10:36:00Z,449,56 50 71 47 6 58 20 54 49 10 64 45 17 16 21 74 65 70 67 59,tails,minor,1
2022-10-20T10:39:00Z,450,75 25 26 37 9 72 44 77 80 35 56 73 39 78 12 5 24 10 33 22,heads,minor,1
2022-10-20T10:42:00Z,451,77 43 54 66 39 9 80 25 56 18 20 30 15 21 51 31 2 5 64 1,heads,regular,3
2022-10-20T10:45:00Z,452,70 59 33 25 34 39 66 16 3 37 71 24 65 23 7 42 28 72 12 4,heads,minor,1
2022-10-20T10:48:00Z,453,59 19 10 36 72 23 73 50 79 41 53 67 69 32 48 17 24 12 20 7,evens,minor,2
2022-10-20T10:51:00Z,454,41 66 33 45 72 56 52 29 80 30 54 25 11 58 61 12 8 24 53 40,tails,minor,3
2022-10-20T10:54:00Z,455,42 21 28 62 4 44 74 29 30 71 55 59 32 78 6 26 12 2 65 15,heads,regular,1
2022-10-20T10:57:00Z,456,20 63 59 28 65 32 9 18 76 17 14 43 62 60 30 45 72 68 25 73,tails,regular,1
2022-10-20T11:00:00Z,458,65 60 20 11 53 77 76 10 27 9 69 36 62 68 64 41 23 49 72 66,tails,minor,3
2022-10-20T11:03:00Z,459,21 70 78 72 27 44 71 48 40 37 73 5 34 20 65 16 43 18 53 61,tails,regular,2
2022-10-20T11:06:00Z,460,8 77 64 71 60 73 43 72 53 52 3 24 63 69 17 74 79 1 49 78,tails,regular,3
2022-10-20T11:09:00Z,461,5 72 56 58 4 37 51 53 30 68 33 55 78 61 52 27 14 28 57 15,tails,regular,1
2022-10-20T11:12:00Z,462,37 32 15 26 66 64 20 29 28 22 19 13 42 3 16 34 54 39 57 55,heads,regular,1
2022-10-20T11:15:00Z,463,40 58 10 7 3 61 51 41 13 11 47 44 22 1 59 18 70 4 39 53,heads,regular,2
2022-10-20T11:18:00Z,464,65 54 76 7 31 22 74 53 6 24 40 28 41 52 30 3 79 26 11 46,heads,regular,1
2022-10-20T11:21:00Z,465,69 71 77 43 56 12 5 9 37 50 67 22 76 13 46 79 35 24 49 27,tails,regular,3
2022-10-20T11:24:00Z,467,20 57 32 65 17 12 2 53 70 14 36 72 79 64 33 59 50 56 54 42,tails,regular,1
2022-10-20T11:27:00Z,468,72 74 6 57 27 47 59 39 7 80 40 53 60 34 29 44 79 38 58 37,tails,minor,2
2022-10-20T11:30:00Z,469,36 23 18 15 61 73 37 57 35 67 13 68 62 20 59 29 51 31 16 50,heads,regular,3
2022-10-20T11:33:00Z,470,19 28 14 9 53 63 27 29 11 40 76 32 42 54 60 2 16 77 36 64,heads,regular,2
2022-10-20T11:36:00Z,471,31 1 40 44 25 9 15 2 63 80 46 73 52 22 45 71 24 66 34 56,evens,regular,3
2022-10-20T11:39:00Z,472,30 29 5 14 61 40 15 13 50 74 53 45 32 69 77 19 16 27 65 41,heads,regular,2
2022-10-20T11:42:00Z,473,66 76 42 14 21 53 4 64 13 19 65 52 23 75 33 26 6 56 40 48,evens,regular,3
2022-10-20T11:45:00Z,474,8 48 68 73 35 2 49 47 62 45 61 70 39 16 58 22 19 46 41 44,tails,minor,1
2022-10-20T11:48:00Z,476,74 66 29 72 76 34 18 3 22 46 38 67 31 55 75 2 69 35 49 28,evens,minor,2
2022-10-20T11:51:00Z,477,37 18 22 80 25 65 24 40 1 79 6 12 29 74 43 34 67 64 15 36,heads,regular,2
2022-10-20T11:54:00Z,478,23 61 12 34 70 65 48 51 37 64 60 50 39 10 18 44 28 55 8 30,evens,regular,1
2022-10-20T11:57:00Z,479,27 39 58 9 51 32 23 36 24 40 70 55 46 31 66 11 6 41 20 65,heads,regular,3
2022-10-20T12:00:00Z,480,27 48 51 14 45 28 71 18 77 41 29 13 6 19 60 79 53 68 42 5,tails,regular,3
2022-10-20T12:03:00Z,481,20 28 43 34 72 19 24 58 61 6 79 48 10 13 11 39 5 27 1 8,heads,regular,3
2022-10-20T12:06:00Z,482,31 80 52 11 43 74 50 40 56 12 36 25 9 66 4 27 28 39 16 75,heads,regular,3
2022-10-20T12:09:00Z,483,65 55 37 11 7 28 24 66 36 17 71 43 21 61 22 5 42 41 53 79,evens,minor,2
2022-10-20T12:12:00Z,485,15 62 8 29 60 26 51 6 80 39 71 4 53 24 13 44 73 41 54 23,evens,regular,2
2022-10-20T12:15:00Z,486,49 39 75 65 20 51 9 12 71 63 41 76 3 47 78 72 48 35 45 69,tails,regular,2
2022-10-20T12:18:00Z,487,2 78 61 72 40 74 25 54 67 1 66 70 24 6 51 37 43 12 79 4,tails,regular,1
2022-10-20T12:21:00Z,488,33 50 60 36 38 62 34 78 5 25 42 13 2 61 46 68 45 27 28 47,evens,regular,1
2022-10-20T12:24:00Z,489,31 52 9 64 76 79 38 19 47 5 10 33 62 75 63 77 72 34 28 60,tails,minor,1
2022-10-20T12:27:00Z,490,54 15 74 10 12 49 80 2 65 73 52 42 16 17 18 19 66 21 4 24,heads,regular,1
2022-10-20T12:30:00Z,491,75 49 65 8 5 74 15 36 34 10 37 16 28 11 59 20 56 78 43 24,heads,major,1
2022-10-20T12:33:00Z,492,48 34 10 41 4 30 59 67 74 49 53 3 52 39 2 56 62 32 6 78,tails,regular,3
2022-10-20T12:36:00Z,494,75 56 14 47 50 22 71 9 26 19 33 42 38 77 7 59 78 52 55 3,tails,regular,3
2022-10-20T12:39:00Z,495,57 56 40 50 43 9 19 20 62 46 26 78 53 3 52 41 21 13 48 25,tails,regular,1
2022-10-20T12:42:00Z,496,32 51 52 19 11 58 67 24 14 78 45 76 40 46 3 44 54 28 62 68,tails,major,3
2022-10-20T12:45:00Z,497,7 28 58 25 59 52 68 20 23 51 6 14 55 31 64 30 21 49 75 48,evens,minor,2
2022-10-20T12:48:00Z,498,6 17 16 13 36 58 5 67 51 75 3 71 24 57 55 33 27 4 2 41,heads,minor,2
2022-10-20T12:51:00Z,499,14 12 32 54 26 70 79 71 9 15 50 56 27 51 35 22 46 76 75 28,evens,major,4
2022-10-20T12:54:00Z,500,71 22 50 67 9 58 44 48 42 2 18 69 61 63 66 19 28 57 72 17,tails,regular,1
2022-10-20T12:57:00Z,501,22 8 59 79 70 60 49 52 41 14 71 16 48 64 67 56 62 38 54 20,tails,regular,3
2022-10-20T13:00:00Z,503,71 2 47 5 32 74 29 79 18 49 62 25 39 12 10 4 15 72 77 78,heads,regular,1
2022-10-20T13:03:00Z,504,31 8 67 70 36 9 73 34 22 39 77 29 44 53 52 37 24 19 10 12,heads,major,1
2022-10-20T13:06:00Z,505,66 54 43 60 67 48 75 10 14 32 35 6 20 19 41 24 57 16 74 21,evens,regular,5
2022-10-20T13:09:00Z,506,71 42 51 66 12 57 79 41 74 7 1 15 72 54 17 80 30 2 52 73,tails,regular,2
2022-10-20T13:12:00Z,507,7 76 63 19 37 54 13 47 28 16 3 59 38 39 62 49 51 20 35 8,heads,minor,2
2022-10-20T13:15:00Z,508,33 78 80 48 53 32 70 7 75 13 34 6 20 39 36 79 68 57 29 21,heads,regular,2
2022-10-20T13:18:00Z,509,13 55 20 27 48 26 66 70 36 19 34 65 40 42 71 77 38 80 11 30,heads,minor,2
2022-10-20T13:21:00Z,510,45 72 71 67 17 55 8 54 35 68 40 6 61 2 5 22 74 1 19 32,heads,regular,5
2022-10-20T13:24:00Z,512,21 59 80 24 62 5 7 8 11 74 65 76 22 12 51 73 37 54 43 39,evens,minor,10
2022-10-20T13:27:00Z,513,35 2 71 40 78 29 5 66 48 44 39 74 1 73 36 4 21 63 7 25,heads,regular,3
2022-10-20T13:30:00Z,514,66 56 73 33 43 11 32 19 46 72 25 2 5 4 8 67 31 70 65 52,evens,regular,2
2022-10-20T13:33:00Z,515,6 60 63 35 48 37 27 39 5 18 12 72 79 32 64 43 80 22 23 58,heads,minor,10
2022-10-20T13:36:00Z,516,26 25 14 77 49 78 19 51 5 55 38 46 56 74 11 9 72 27 40 36,heads,minor,1
2022-10-20T13:39:00Z,517,15 65 58 30 11 57 70 33 12 20 78 41 52 8 61 23 48 39 63 79,tails,regular,3
2022-10-20T13:42:00Z,518,37 51 47 25 62 59 31 75 38 40 36 74 21 46 41 17 48 32 45 19,evens,minor,2
2022-10-20T13:45:00Z,519,67 39 2 46 41 50 42 78 30 75 47 19 73 56 28 63 52 71 43 79,tails,regular,3
2022-10-20T13:48:00Z,521,67 74 43 42 47 40 54 61 5 15 11 36 58 21 73 60 48 44 52 79,tails,regular,2
2022-10-20T13:51:00Z,522,32 24 44 49 26 75 29 74 35 46 47 1 50 2 51 25 73 9 80 55,tails,major,1
2022-10-20T13:54:00Z,523,61 22 66 68 31 75 9 72 44 12 52 41 51 1 14 13 11 36 67 28,evens,regular,3
2022-10-20T13:57:00Z,524,42 45 64 62 36 32 23 76 2 21 68 47 10 38 8 7 27 51 78 5,heads,minor,2
2022-10-20T14:00:00Z,525,44 33 34 63 53 61 14 6 27 72 21 37 75 62 9 3 23 52 7 39,heads,regular,2
2022-10-20T14:03:00Z,526,54 39 80 31 47 24 5 1 79 28 74 26 72 23 56 73 8 77 35 63,evens,minor,1
2022-10-20T14:06:00Z,527,32 78 9 19 2 15 33 31 44 28 4 20 36 69 22 11 76 75 38 30,heads,regular,2
2022-10-20T14:09:00Z,528,29 74 47 9 3 79 48 7 56 30 21 70 58 13 15 46 75 24 19 66,evens,regular,1
2022-10-20T14:12:00Z,530,71 32 50 18 12 66 39 35 56 33 17 16 61 65 9 26 28 63 72 29,heads,regular,2
2022-10-20T14:15:00Z,531,80 48 44 69 10 3 1 43 18 68 57 65 4 30 71 16 73 64 19 72,tails,regular,1
2022-10-20T14:18:00Z,532,28 43 61 57 14 71 59 50 64 5 73 17 52 2 20 3 62 1 37 51,tails,regular,3
2022-10-20T14:21:00Z,533,14 29 19 25 65 49 4 22 64 52 6 45 68 26 33 79 28 12 48 61,heads,regular,2
2022-10-20T14:24:00Z,534,28 17 12 18 42 65 26 40 21 30 62 55 38 70 79 8 73 25 77 76,heads,regular,4
2022-10-20T14:27:00Z,535,13 53 27 70 58 10 44 52 67 15 2 33 23 19 32 12 69 35 34 48,heads,regular,3
2022-10-20T14:30:00Z,536,69 19 53 15 49 28 40 24 50 58 79 48 4 75 62 80 65 35 73 26,tails,minor,2
2022-10-20T14:33:00Z,537,58 46 7 51 11 72 28 33 43 80 67 36 1 4 62 64 55 60 24 45,tails,minor,1
2022-10-20T14:36:00Z,539,64 16 58 30 59 75 19 80 50 65 70 23 10 40 7 43 14 62 51 57,tails,major,1
2022-10-20T14:39:00Z,540,70 34 55 72 2 12 39 23 47 17 53 10 5 64 43 25 22 49 57 75,evens,regular,3
2022-10-20T14:42:00Z,541,22 73 38 42 67 78 51 18 21 30 8 41 80 10 1 48 36 20 26 31,heads,regular,1
2022-10-20T14:45:00Z,542,74 32 35 71 14 75 68 36 39 65 64 7 45 80 3 12 51 5 4 15,heads,regular,2
2022-10-20T14:48:00Z,543,30 46 78 14 41 45 10 72 4 37 66 42 13 80 19 65 11 59 61 26,tails,regular,2
2022-10-20T14:51:00Z,544,33 45 12 66 77 26 57 9 7 67 18 54 4 40 43 25 47 24 8 70,heads,regular,1
2022-10-20T14:54:00Z,545,4 74 11 64 43 67 24 61 7 30 25 15 53 26 35 55 52 59 66 28,evens,regular,3
2022-10-20T14:57:00Z,546,20 5 53 68 29 42 44 7 58 6 8 79 47 30 1 59 11 24 56 23,heads,regular,3
2022-10-20T15:00:00Z,548,21 44 45 10 41 35 79 60 25 62 59 24 37 36 50 7 9 33 22 64,heads,minor,3
2022-10-20T15:03:00Z,549,30 14 70 7 64 59 28 78 20 48 47 61 35 38 23 75 9 32 18 25,heads,minor,2
2022-10-20T15:06:00Z,550,42 67 62 14 41 75 36 22 15 4 53 9 46 40 66 55 71 58 30 47,tails,minor,1
2022-10-20T15:09:00Z,551,72 10 14 24 62 41 51 32 12 58 28 29 19 37 63 47 20 22 52 50,heads,major,1
2022-10-20T15:12:00Z,552,53 46 76 36 19 20 2 58 60 54 38 40 61 44 56 47 22 78 18 48,tails,regular,3
2022-10-20T15:15:00Z,553,15 71 60 16 34 69 51 78 58 49 37 9 8 6 18 29 80 35 30 66,heads,regular,2
2022-10-20T15:18:00Z,554,42 67 60 80 21 70 65 36 25 47 29 55 79 71 17 48 22 11 52 26,tails,regular,1
2022-10-20T15:21:00Z,555,23 2 39 65 61 25 41 49 7 68 77 29 20 45 30 16 35 79 37 5,heads,regular,2
2022-10-20T15:24:00Z,557,10 21 24 14 76 25 38 62 13 3 70 47 11 39 52 46 67 19 29 16,heads,minor,1
2022-10-20T15:27:00Z,558,29 44 48 3 20 58 8 24 63 68 28 23 75 21 13 22 18 27 52 45,heads,regular,3
2022-10-20T15:30:00Z,559,63 61 18 14 46 49 7 66 64 71 59 17 30 34 69 39 52 80 26 6,tails,minor,2
2022-10-20T15:33:00Z,560,71 39 78 50 6 42 23 62 14 16 45 30 80 35 17 41 55 32 21 2,heads,regular,1
2022-10-20T15:36:00Z,561,64 6 5 67 72 10 70 1 69 54 78 66 71 8 21 74 80 55 19 33,tails,regular,1
2022-10-20T15:39:00Z,562,29 61 70 52 60 1 4 42 51 50 79 54 68 20 5 22 15 3 47 25,tails,regular,4
2022-10-20T15:42:00Z,563,68 41 48 33 37 12 27 34 66 65 77 42 45 28 36 31 4 57 5 38,heads,regular,3
2022-10-20T15:45:00Z,564,38 45 77 32 56 44 5 31 23 47 75 55 59 68 34 67 60 41 65 1,tails,regular,1
2022-10-20T15:48:00Z,566,27 19 65 12 68 25 32 52 45 75 37 78 35 30 15 9 2 76 49 26,heads,regular,2
2022-10-20T15:51:00Z,567,70 38 51 52 77 64 54 42 9 65 59 29 16 2 31 20 75 62 33 18,tails,regular,3
2022-10-20T15:54:00Z,568,64 10 6 57 70 26 63 12 75 11 38 72 20 15 18 1 46 52 31 32,heads,regular,1
2022-10-20T15:57:00Z,569,28 43 59 30 52 42 73 7 29 77 9 2 49 58 6 44 63 41 50 36,tails,regular,2
2022-10-20T16:00:00Z,570,53 14 13 64 6 55 42 51 77 3 80 32 9 63 45 12 33 24 49 57,tails,regular,5
2022-10-20T16:03:00Z,571,71 48 28 40 60 63 72 49 15 12 78 37 4 80 44 10 41 2 59 32,tails,regular,2
2022-10-20T16:06:00Z,572,18 53 58 46 60 17 20 61 52 66 51 80 50 59 6 30 5 22 1 25,tails,regular,2
2022-10-20T16:09:00Z,573,30 29 69 20 48 74 45 24 6 52 12 51 63 18 40 47 61 27 25 11,heads,regular,2
2022-10-20T16:12:00Z,575,23 41 38 13 69 4 26 42 14 79 54 58 66 10 67 6 18 49 16 20,heads,regular,1
2022-10-20T16:15:00Z,576,37 53 75 16 57 77 7 56 30 66 74 65 25 54 79 42 70 21 28 33,tails,regular,1
2022-10-20T16:18:00Z,577,60 43 53 35 18 30 13 58 70 62 16 2 26 51 37 48 40 57 23 6,heads,minor,3
2022-10-20T16:21:00Z,578,75 58 43 66 50 29 57 28 31 64 5 38 47 69 32 63 79 26 77 80,tails,regular,3
2022-10-20T16:24:00Z,579,80 15 41 6 52 17 5 35 22 51 25 7 71 57 2 50 3 64 31 49,heads,major,2
2022-10-20T16:27:00Z,580,68 29 43 42 20 37 10 50 48 80 40 25 33 63 31 12 2 21 69 26,heads,regular,2
2022-10-20T16:30:00Z,581,40 29 62 5 65 33 68 53 13 52 78 41 37 19 16 66 57 26 4 79,evens,regular,2
2022-10-20T16:33:00Z,582,15 46 10 21 62 4 20 19 77 76 2 42 22 23 44 74 59 16 63 30,heads,major,1
2022-10-20T16:36:00Z,584,20 66 63 9 46 29 37 65 48 39 70 54 22 64 23 42 56 74 41 21,tails,minor,2
2022-10-20T16:39:00Z,585,76 63 59 35 42 30 61 37 75 64 72 70 46 51 22 62 73 1 43 78,tails,minor,3
2022-10-20T16:42:00Z,586,20 52 41 51 34 18 26 29 21 72 38 77 75 31 57 8 28 4 40 6,heads,regular,1
2022-10-20T16:45:00Z,587,68 40 73 76 23 27 56 28 8 61 55 22 29 13 41 79 43 39 69 31,evens,regular,3
2022-10-20T16:48:00Z,588,48 49 23 44 78 43 33 36 30 39 53 3 32 21 16 66 26 54 13 45,heads,regular,2
2022-10-20T16:51:00Z,589,13 45 60 18 75 9 66 32 47 21 79 48 67 46 70 64 2 5 69 14,tails,minor,3
2022-10-20T16:54:00Z,590,63 14 33 17 72 60 4 34 27 41 51 7 44 40 18 26 16 68 10 62,heads,regular,3
2022-10-20T16:57:00Z,591,60 44 46 67 78 39 71 80 7 20 64 69 38 33 27 32 61 10 51 34,tails,minor,3
2022-10-20T17:00:00Z,593,66 62 25 21 57 67 65 38 5 59 4 18 47 35 44 13 30 53 63 56,tails,regular,1
2022-10-20T17:03:00Z,594,69 64 27 25 4 47 33 17 53 73 44 36 32 21 18 12 26 77 72 15,heads,regular,1
2022-10-20T17:06:00Z,595,26 55 56 17 43 70 1 8 40 80 19 46 68 37 78 4 69 79 44 76,tails,minor,3
2022-10-20T17:09:00Z,596,6 70 74 51 69 32 14 23 35 47 12 20 60 30 71 27 46 25 43 40,heads,regular,2
2022-10-20T17:12:00Z,597,9 11 8 56 70 52 72 49 55 24 41 46 53 35 39 31 51 48 14 18,tails,regular,5
2022-10-20T17:15:00Z,598,36 30 12 78 4 29 73 48 10 34 33 70 55 23 65 20 26 60 35 22,heads,minor,3
2022-10-20T17:18:00Z,599,60 55 10 12 54 31 22 18 49 56 74 39 44 17 79 24 42 65 51 46,tails,major,4
2022-10-20T17:21:00Z,600,54 63 33 4 6 19 15 14 52 9 69 21 25 24 65 67 56 50 80 73,evens,regular,3
2022-10-20T17:24:00Z,602,24 8 14 2 45 23 44 10 60 28 33 53 49 75 52 69 43 18 11 31,heads,regular,1
2022-10-20T17:27:00Z,603,16 4 33 78 34 55 68 15 20 13 6 28 57 26 52 49 60 75 77 21,heads,minor,3
2022-10-20T17:30:00Z,604,44 9 2 74 21 4 63 38 59 57 43 78 10 77 7 12 56 71 14 64,tails,regular,2
2022-10-20T17:33:00Z,605,58 21 12 18 8 39 79 66 54 72 64 1 5 3 55 71 75 4 17 36,heads,regular,4
2022-10-20T17:36:00Z,606,20 4 38 68 78 69 35 12 61 73 67 2 31 42 27 66 13 45 30 33,heads,minor,2
2022-10-20T17:39:00Z,607,56 58 39 55 49 62 25 72 50 14 7 68 65 13 74 24 52 78 53 80,tails,minor,1
2022-10-20T17:42:00Z,608,26 24 65 54 21 41 2 75 27 8 57 5 18 71 53 14 49 6 7 50,heads,regular,1
2022-10-20T17:45:00Z,609,73 78 74 16 27 75 42 26 17 77 68 54 60 22 76 38 79 53 20 47,tails,regular,1
2022-10-20T17:48:00Z,611,43 65 55 59 52 26 36 77 24 2 14 6 37 11 32 22 50 9 21 25,heads,regular,1
2022-10-20T17:51:00Z,612,44 3 27 72 41 39 33 2 42 29 71 77 48 58 5 57 4 37 76 28,evens,minor,1
2022-10-20T17:54:00Z,613,35 9 13 58 69 67 19 49 8 62 39 11 2 54 7 32 61 20 12 72,heads,regular,5
2022-10-20T17:57:00Z,614,77 69 76 64 38 5 48 30 59 71 24 7 54 58 18 33 80 51 10 4,tails,regular,3
2022-10-20T18:00:00Z,615,46 76 6 20 19 1 77 71 10 17 9 57 8 73 32 70 44 3 54 36,heads,regular,3
2022-10-20T18:03:00Z,616,7 73 17 61 67 50 27 39 34 22 47 15 49 36 59 20 72 80 70 18,evens,regular,3
2022-10-20T18:06:00Z,617,14 6 13 35 46 48 45 16 79 56 17 52 62 37 7 34 28 25 9 41,heads,regular,3
2022-10-20T18:09:00Z,618,40 46 77 54 68 55 63 80 1 76 42 66 50 44 10 36 73 79 14 43,tails,regular,3
2022-10-20T18:12:00Z,620,4 32 5 27 37 52 60 68 45 1 15 43 38 10 9 56 47 59 42 76,evens,regular,3
2022-10-20T18:15:00Z,621,15 30 80 29 48 32 57 1 10 40 46 23 25 28 55 58 59 43 67 75,evens,regular,3
2022-10-20T18:18:00Z,622,70 24 19 68 48 30 64 6 21 59 56 15 63 62 17 31 22 69 41 12,evens,regular,1
2022-10-20T18:21:00Z,623,74 21 33 80 35 12 38 58 8 44 43 11 30 32 48 5 47 60 61 14,heads,regular,5
2022-10-20T18:24:00Z,624,25 46 49 64 70 65 21 61 73 15 79 54 48 32 23 27 33 45 26 29,tails,regular,2
2022-10-20T18:27:00Z,625,50 23 9 3 41 59 64 68 25 42 80 1 5 21 8 44 37 65 43 35,evens,regular,1
2022-10-20T18:30:00Z,626,22 35 6 34 40 14 12 57 30 52 49 68 16 7 74 19 79 59 39 29,heads,regular,1
2022-10-20T18:33:00Z,627,31 42 36 76 71 63 50 9 70 45 52 20 6 35 21 48 59 60 77 30,tails,regular,1
2022-10-20T18:36:00Z,629,63 15 52 79 58 66 34 6 71 50 21 9 14 40 77 4 16 61 54 31,evens,regular,3
2022-10-20T18:39:00Z,630,53 12 33 74 6 43 14 59 71 69 30 27 75 37 31 77 41 46 55 15,tails,minor,2
2022-10-20T18:42:00Z,631,34 24 65 78 25 59 14 8 13 54 56 60 15 68 31 80 35 42 77 47,tails,regular,2
2022-10-20T18:45:00Z,632,36 57 22 10 69 37 12 75 55 33 51 44 79 40 52 34 30 39 35 60,heads,regular,3
2022-10-20T18:48:00Z,633,65 19 63 44 28 77 2 49 68 58 10 40 38 80 55 23 31 17 33 8,heads,minor,1
2022-10-20T18:51:00Z,634,27 47 2 20 57 77 19 37 66 23 38 74 49 25 67 79 6 59 28 78,evens,regular,2
2022-10-20T18:54:00Z,635,59 79 37 80 27 47 22 25 20 73 43 38 21 48 76 19 45 35 71 24,evens,minor,2
2022-10-20T18:57:00Z,636,13 60 80 42 12 46 44 55 78 38 64 2 70 66 43 63 26 24 72 52,tails,regular,3
2022-10-20T19:00:00Z,638,66 75 63 44 59 5 52 60 56 24 31 7 25 72 2 49 50 62 64 45,tails,major,1
2022-10-20T19:03:00Z,639,11 70 35 77 37 54 28 43 39 45 5 33 8 42 38 71 27 52 80 68,evens,regular,3
2022-10-20T19:06:00Z,640,26 71 20 30 4 31 43 41 38 68 37 14 55 65 9 34 8 73 16 51,heads,regular,2
2022-10-20T19:09:00Z,641,40 19 60 7 5 8 39 80 23 46 1 58 2 74 21 25 20 22 72 70,heads,regular,1
2022-10-20T19:12:00Z,642,43 36 39 45 56 51 26 34 25 76 46 52 69 78 4 50 47 1 53 61,tails,minor,1
2022-10-20T19:15:00Z,643,55 64 2 74 62 70 27 80 38 47 15 3 37 72 8 49 22 6 53 12,evens,regular,3
2022-10-20T19:18:00Z,644,47 64 50 40 44 1 65 17 48 38 66 52 77 80 41 9 8 24 46 27,tails,minor,2
2022-10-20T19:21:00Z,645,3 58 25 7 33 14 62 11 18 24 69 44 59 63 74 27 37 48 76 8,heads,minor,2
2022-10-20T19:24:00Z,647,70 58 9 44 4 64 48 69 49 78 73 59 15 18 77 28 23 1 39 16,tails,regular,10
2022-10-20T19:27:00Z,648,71 39 14 24 69 20 78 40 73 42 23 62 17 64 18 53 16 4 21 34,heads,regular,5
2022-10-20T19:30:00Z,649,48 39 41 76 1 36 58 44 5 27 19 6 78 72 20 13 43 73 24 16,heads,minor,3
2022-10-20T19:33:00Z,650,62 51 16 57 77 37 60 4 11 12 7 23 44 8 38 54 47 27 1 53,heads,regular,3
2022-10-20T19:36:00Z,651,34 38 43 5 52 28 55 26 78 21 40 37 22 3 62 8 16 54 75 10,heads,regular,3
2022-10-20T19:39:00Z,652,11 59 43 49 22 48 50 68 58 61 53 55 54 20 15 39 76 29 66 18,tails,regular,3
2022-10-20T19:42:00Z,653,19 43 37 44 6 22 5 60 61 34 38 68 30 42 57 23 39 52 70 80,evens,major,4
2022-10-20T19:45:00Z,654,47 58 43 49 14 33 72 79 1 27 67 29 24 39 23 3 26 10 40 50,heads,regular,2
2022-10-20T19:48:00Z,656,68 21 78 42 57 73 45 11 9 80 40 16 74 79 71 20 22 27 28 33,evens,regular,3
2022-10-20T19:51:00Z,657,33 1 22 36 27 32 21 54 49 66 31 47 71 77 75 17 56 52 62 45,tails,minor,1
2022-10-20T19:54:00Z,658,52 5 14 34 68 2 27 37 58 50 76 20 28 69 10 3 63 44 9 64,heads,regular,1
2022-10-20T19:57:00Z,659,12 64 34 11 1 30 75 38 59 20 32 63 27 65 6 70 53 72 58 73,evens,regular,3
2022-10-20T20:00:00Z,660,44 34 61 59 37 66 80 15 69 64 46 9 47 22 31 13 16 52 71 68,tails,regular,3
2022-10-20T20:03:00Z,661,57 67 40 29 43 15 72 41 39 34 23 45 63 61 1 59 49 46 9 28,tails,regular,3
2022-10-20T20:06:00Z,662,51 14 60 62 58 19 20 61 3 72 23 57 22 1 44 74 10 56 69 24,tails,regular,1
2022-10-20T20:09:00Z,663,30 50 57 73 48 64 74 76 80 13 5 7 78 63 54 55 69 6 4 42,tails,regular,2
2022-10-20T20:12:00Z,665,17 41 62 80 67 34 7 19 12 54 16 5 58 2 29 73 68 38 59 10,heads,minor,1
2022-10-20T20:15:00Z,666,67 16 64 72 36 41 1 60 18 32 79 54 57 43 20 12 7 28 73 29,evens,major,3
2022-10-20T20:18:00Z,667,43 62 54 57 14 22 59 12 16 36 8 4 79 77 2 49 52 69 58 48,tails,regular,3
2022-10-20T20:21:00Z,668,49 26 2 51 28 21 22 58 43 4 46 16 76 25 38 62 27 5 74 53,heads,regular,3
2022-10-20T20:24:00Z,669,9 25 60 31 26 48 77 3 21 58 78 24 76 49 34 50 29 45 73 79,tails,minor,1
2022-10-20T20:27:00Z,670,1 48 19 45 36 20 66 55 2 60 46 72 39 7 30 53 57 51 62 5,tails,regular,3
2022-10-20T20:30:00Z,671,76 57 74 46 10 9 4 22 75 56 43 12 67 79 28 20 50 3 32 54,tails,regular,2
2022-10-20T20:33:00Z,672,80 70 62 50 39 75 40 15 31 52 4 78 6 73 59 8 3 65 55 29,tails,regular,3
2022-10-20T20:36:00Z,674,38 34 60 71 58 73 64 1 69 6 67 40 8 23 27 46 21 77 74 59,tails,minor,3
2022-10-20T20:39:00Z,675,8 33 65 58 61 79 72 7 16 52 45 73 30 50 36 43 53 49 3 17,tails,minor,3
2022-10-20T20:42:00Z,676,6 53 30 18 34 56 55 74 71 20 13 52 79 11 72 31 73 59 29 43,tails,regular,1
2022-10-20T20:45:00Z,677,5 15 39 60 26 73 65 30 22 28 57 31 20 21 7 71 62 79 70 49,heads,major,4
2022-10-20T20:48:00Z,678,9 59 17 47 21 75 41 3 71 11 80 61 29 62 30 5 53 6 55 2,evens,regular,1
2022-10-20T20:51:00Z,679,77 60 76 69 13 80 38 34 48 31 58 75 22 27 7 56 14 25 71 37,evens,regular,3
2022-10-20T20:54:00Z,680,80 34 1 17 9 58 6 53 24 22 65 36 50 10 74 46 13 15 20 37,heads,regular,3
2022-10-20T20:57:00Z,681,43 52 55 39 80 44 18 16 19 15 75 14 57 72 51 64 21 4 37 17,evens,minor,1
2022-10-20T21:00:00Z,683,61 52 68 34 26 1 36 32 14 17 19 64 48 56 55 57 50 80 47 42,tails,regular,3
2022-10-20T21:03:00Z,684,22 70 38 35 16 13 79 5 41 25 1 62 15 71 66 54 42 68 48 65,tails,regular,2
2022-10-20T21:06:00Z,685,67 12 17 62 71 20 58 19 45 56 2 53 6 39 32 75 78 14 23 52,evens,regular,2
2022-10-20T21:09:00Z,686,60 8 25 58 67 24 7 74 36 15 30 54 17 68 45 22 31 38 1 3,heads,major,2
2022-10-20T21:12:00Z,687,44 79 42 65 19 21 77 34 70 68 50 57 36 58 23 78 40 31 12 64,tails,regular,2
2022-10-20T21:15:00Z,688,27 31 33 70 75 51 65 20 80 55 30 8 16 15 48 19 1 78 79 21,heads,regular,2
2022-10-20T21:18:00Z,689,68 43 34 5 42 25 62 75 32 1 29 30 65 31 28 10 39 41 13 21,heads,regular,1
2022-10-20T21:21:00Z,690,74 52 9 47 37 43 36 22 11 76 16 19 50 63 78 10 46 23 32 75,evens,regular,2
2022-10-20T21:24:00Z,692,49 29 45 74 39 53 41 78 1 57 63 54 28 19 80 22 11 16 75 67,tails,regular,1
2022-10-20T21:27:00Z,693,49 41 15 33 54 76 4 28 37 24 34 18 14 32 25 27 60 56 38 63,heads,regular,1
2022-10-20T21:30:00Z,694,24 53 78 19 16 42 48 80 21 69 72 56 34 66 45 70 30 27 20 71,tails,regular,2
2022-10-20T21:33:00Z,695,13 52 27 77 69 62 1 8 2 75 40 35 49 10 19 26 25 12 28 67,heads,minor,1
2022-10-20T21:36:00Z,696,44 15 58 60 3 69 6 41 5 20 34 13 49 18 70 54 35 65 46 76,tails,minor,2
2022-10-20T21:39:00Z,697,1 43 74 52 33 26 56 40 5 54 79 10 64 12 27 25 16 14 49 37,heads,regular,1
2022-10-20T21:42:00Z,698,47 4 41 22 50 30 13 59 29 5 21 18 33 77 12 2 78 45 69 75,heads,minor,1
2022-10-20T21:45:00Z,699,13 26 43 15 73 10 55 69 16 14 62 1 65 74 42 36 63 56 28 34,evens,regular,2
2022-10-20T21:48:00Z,701,53 43 33 75 26 63 10 74 41 5 80 28 55 57 1 34 70 2 15 77,tails,regular,10
2022-10-20T21:51:00Z,702,38 1 39 11 72 77 21 78 69 56 15 76 73 67 43 34 8 13 37 51,evens,regular,1
2022-10-20T21:54:00Z,703,8 1 14 4 48 33 21 36 69 7 46 74 32 28 15 16 71 34 11 20,heads,regular,2
2022-10-20T21:57:00Z,704,25 54 7 34 42 75 76 44 51 68 4 46 6 69 72 35 79 8 23 10,tails,regular,1
2022-10-20T22:00:00Z,705,73 60 42 12 41 4 71 11 78 53 24 63 69 56 44 15 30 35 9 68,tails,regular,1
2022-10-20T22:03:00Z,706,49 41 79 58 2 68 39 37 4 11 52 33 50 61 29 60 24 45 28 43,tails,regular,1
2022-10-20T22:06:00Z,707,64 62 9 76 15 25 4 27 59 35 65 51 58 63 61 60 3 30 70 26,tails,regular,3
2022-10-20T22:09:00Z,708,11 71 1 70 33 28 27 5 14 56 54 3 79 64 10 15 66 74 29 76,heads,regular,1
2022-10-20T22:12:00Z,710,19 60 20 72 9 43 23 65 61 39 17 40 57 6 73 38 53 71 34 33,heads,regular,3
2022-10-20T22:15:00Z,711,77 17 62 80 21 1 63 8 24 44 65 31 7 40 54 76 49 32 43 64,tails,regular,1
2022-10-20T22:18:00Z,712,56 21 26 6 40 37 23 20 19 45 78 72 75 51 42 4 67 7 54 62,evens,minor,10
2022-10-20T22:21:00Z,713,18 40 72 11 23 4 5 78 47 44 31 63 46 39 14 59 6 45 73 43,evens,regular,3
2022-10-20T22:24:00Z,714,79 21 66 48 20 52 9 7 27 50 1 78 18 43 75 38 62 74 26 32,evens,minor,3
2022-10-20T22:27:00Z,715,64 28 73 65 20 59 36 77 46 35 52 1 43 51 21 34 48 71 47 66,tails,minor,2
2022-10-20T22:30:00Z,716,20 64 10 74 68 59 62 9 54 17 70 58 45 57 24 56 77 43 42 13,tails,regular,1
2022-10-20T22:33:00Z,717,77 15 31 49 50 1 26 56 68 43 5 76 59 51 60 6 45 66 42 55,tails,regular,3
2022-10-20T22:36:00Z,719,50 58 80 37 71 63 26 11 14 21 1 53 73 74 39 8 33 17 57 5,heads,regular,2
2022-10-20T22:39:00Z,720,43 63 78 72 60 11 46 74 66 8 42 68 37 1 23 58 61 10 54 34,tails,regular,1
2022-10-20T22:42:00Z,721,50 22 43 54 74 40 55 69 62 21 6 24 45 9 70 11 27 67 39 65,tails,minor,1
2022-10-20T22:45:00Z,722,24 6 73 68 71 27 11 30 60 5 36 51 16 58 67 20 39 17 31 59,heads,minor,4
2022-10-20T22:48:00Z,723,32 3 31 28 79 21 69 48 65 23 45 25 5 35 26 47 63 30 7 55,heads,regular,1
2022-10-20T22:51:00Z,724,65 26 10 34 38 30 59 55 69 51 52 14 63 68 47 79 41 1 74 64,tails,minor,2
2022-10-20T22:54:00Z,725,21 59 34 72 19 61 42 57 47 54 63 66 55 62 80 8 16 17 50 40,tails,regular,1
2022-10-20T22:57:00Z,726,72 6 59 23 34 13 28 52 55 26 40 39 12 62 69 25 44 2 77 9,heads,regular,1
2022-10-20T23:00:00Z,728,25 10 31 41 42 53 75 74 2 22 3 72 32 9 70 8 63 64 69 12,evens,regular,2
2022-10-20T23:03:00Z,729,3 71 75 45 38 35 49 72 8 39 52 15 6 78 70 55 12 56 63 24,tails,regular,1
2022-10-20T23:06:00Z,730,80 79 17 71 69 55 51 70 40 48 27 50 65 77 56 3 58 6 42 74,tails,regular,2
2022-10-20T23:09:00Z,731,55 65 28 16 77 21 41 61 1 51 13 24 79 31 12 63 42 34 38 30,heads,regular,5
2022-10-20T23:12:00Z,732,19 22 36 45 73 61 79 68 44 31 58 26 16 66 3 37 60 77 35 13,evens,major,1
2022-10-20T23:15:00Z,733,32 73 22 34 13 54 21 74 23 75 69 17 20 53 51 33 28 39 44 71,heads,regular,2
2022-10-20T23:18:00Z,734,20 31 19 17 80 18 52 4 1 44 27 28 42 24 50 45 78 12 9 64,heads,regular,3
2022-10-20T23:21:00Z,735,57 59 77 38 58 28 41 12 13 26 73 67 17 69 42 36 24 71 8 49,tails,minor,2
2022-10-20T23:24:00Z,737,52 79 5 34 22 59 16 47 80 31 28 60 29 35 48 24 18 55 2 73,heads,regular,1
2022-10-20T23:27:00Z,738,10 28 69 68 60 2 24 80 7 23 72 5 14 47 19 43 49 57 17 50,evens,regular,3
2022-10-20T23:30:00Z,739,56 62 49 37 33 5 39 72 46 38 23 78 17 73 8 16 53 58 27 60,evens,minor,3
2022-10-20T23:33:00Z,740,73 37 33 58 13 30 16 20 54 3 22 60 62 4 76 32 43 72 11 71,heads,minor,4
2022-10-20T23:36:00Z,741,12 42 15 11 62 1 39 19 33 66 27 6 68 10 48 73 65 36 37 78,heads,minor,3
2022-10-20T23:39:00Z,742,72 34 12 23 44 77 48 28 21 39 74 38 9 36 18 22 80 53 29 27,heads,minor,2
2022-10-20T23:42:00Z,743,25 8 34 78 51 61 60 50 45 74 15 73 65 43 5 44 38 35 16 64,tails,regular,1
2022-10-20T23:45:00Z,744,4 67 35 57 23 58 34 44 48 61 45 78 79 26 62 55 72 12 19 9,tails,regular,1
2022-10-20T23:48:00Z,746,8 80 78 22 45 20 12 13 7 5 32 37 11 62 58 28 15 50 59 77,heads,regular,1
2022-10-20T23:51:00Z,747,64 41 22 44 14 21 75 18 77 29 56 47 68 9 5 3 61 67 37 25,evens,regular,1
2022-10-20T23:54:00Z,748,3 6 21 38 15 37 47 59 32 66 44 22 57 77 76 74 27 9 18 54,heads,regular,5
2022-10-20T23:57:00Z,749,1 18 2 27 62 64 50 78 63 15 33 14 41 28 31 54 26 52 51 12,heads,major,1
2022-10-21T00:00:00Z,750,31 66 34 65 68 16 33 20 7 25 71 18 79 58 75 21 69 63 28 36,heads,regular,1
2022-10-21T00:03:00Z,751,42 72 1 52 65 57 15 62 3 37 54 43 29 74 9 39 13 60 17 79,tails,minor,10
2022-10-21T00:06:00Z,752,26 45 16 69 22 38 25 48 41 54 28 70 29 49 12 50 14 56 67 61,tails,regular,1
2022-10-21T00:09:00Z,753,74 48 2 63 25 69 6 20 21 22 40 19 35 33 54 34 45 44 14 59,heads,minor,5
2022-10-21T00:12:00Z,755,66 18 23 75 42 48 65 15 38 76 22 52 45 24 17 12 6 33 40 20,heads,regular,1
2022-10-21T00:15:00Z,756,40 47 30 38 51 3 74 58 41 39 37 60 9 62 18 33 11 44 78 66,evens,regular,2
2022-10-21T00:18:00Z,757,47 29 34 74 63 55 51 65 24 40 64 76 5 27 30 26 17 6 78 79,evens,major,1
2022-10-21T00:21:00Z,758,40 45 53 7 61 64 30 56 17 6 63 8 48 35 42 3 11 68 52 43,tails,regular,2
2022-10-21T00:24:00Z,759,7 69 67 20 39 65 2 49 23 37 80 43 32 79 68 13 78 56 55 28,tails,minor,1
2022-10-21T00:27:00Z,760,21 67 30 72 68 26 7 74 20 11 60 50 52 12 5 31 3 62 76 53,evens,regular,1
2022-10-21T00:30:00Z,761,45 19 28 61 68 50 40 4 56 59 13 58 48 79 16 18 37 33 53 74,tails,regular,3
2022-10-21T00:33:00Z,762,15 3 16 8 9 57 47 74 70 14 6 36 4 17 31 44 43 23 62 39,heads,regular,1
2022-10-21T00:36:00Z,764,77 79 30 15 56 74 23 7 3 78 29 73 1 2 45 6 60 76 19 21,heads,regular,3
2022-10-21T00:39:00Z,765,49 27 43 4 47 50 16 63 56 23 2 76 59 40 10 44 58 21 62 55,tails,minor,10
2022-10-21T00:42:00Z,766,64 5 38 54 15 4 51 26 68 31 60 53 18 78 73 12 9 42 76 70,tails,minor,1
2022-10-21T00:45:00Z,767,15 75 71 12 39 74 32 68 55 59 8 35 22 45 73 60 1 2 53 78,tails,minor,1
2022-10-21T00:48:00Z,768,76 52 28 9 60 23 44 64 37 67 77 49 26 7 75 68 21 6 56 53,tails,minor,2
2022-10-21T00:51:00Z,769,15 6 77 7 49 33 58 53 24 73 38 45 36 17 43 41 23 9 27 51,heads,major,1
2022-10-21T00:54:00Z,770,26 54 50 56 23 17 34 77 25 18 68 43 28 55 72 21 16 31 38 14,heads,minor,2
2022-10-21T00:57:00Z,771,12 69 45 54 24 37 17 74 32 14 28 35 4 60 26 61 7 9 46 80,heads,regular,2
2022-10-21T01:00:00Z,773,11 51 16 79 42 29 64 45 32 39 22 7 40 5 24 61 18 52 10 17,heads,minor,1
2022-10-21T01:03:00Z,774,20 27 79 7 16 62 30 25 37 58 53 13 4 11 28 75 64 41 46 38,heads,regular,2
2022-10-21T01:06:00Z,775,70 16 59 48 1 42 22 76 25 50 15 8 38 24 26 67 41 19 53 6,heads,minor,1
2022-10-21T01:09:00Z,776,32 60 10 39 46 16 72 21 53 20 55 73 68 29 30 7 56 47 80 19,evens,regular,3
2022-10-21T01:12:00Z,777,47 28 49 18 46 62 2 37 9 10 57 6 14 48 25 76 74 19 41 30,heads,regular,1
2022-10-21T01:15:00Z,778,23 46 34 51 41 54 79 42 78 39 64 59 27 15 12 22 29 40 24 70,evens,regular,2
2022-10-21T01:18:00Z,779,53 72 36 35 67 49 29 23 50 34 65 52 16 9 33 19 14 61 64 48,evens,minor,3
2022-10-21T01:21:00Z,780,66 40 35 51 22 54 73 70 69 24 32 56 7 10 68 45 46 72 75 6,tails,regular,5
2022-10-21T01:24:00Z,782,70 19 32 41 43 65 49 63 45 47 3 10 69 61 1 22 77 33 4 54,tails,minor,1
2022-10-21T01:27:00Z,783,69 61 66 12 44 64 15 6 34 5 18 19 45 32 52 28 33 65 79 25,heads,minor,4
2022-10-21T01:30:00Z,784,37 63 29 71 36 52 21 9 78 59 69 50 5 53 60 74 31 4 2 35,evens,regular,4
2022-10-21T01:33:00Z,785,62 49 73 13 8 30 21 46 3 42 37 32 54 33 70 15 22 24 2 75,heads,regular,1
2022-10-21T01:36:00Z,786,22 47 73 62 40 34 52 4 51 55 23 9 17 79 27 38 7 28 44 15,heads,minor,5
2022-10-21T01:39:00Z,787,67 57 1 33 68 53 10 76 22 47 36 43 54 34 14 79 56 32 31 80,tails,major,1
2022-10-21T01:42:00Z,788,43 41 64 30 8 69 60 31 32 45 50 72 40 11 13 76 33 42 35 15,evens,regular,2
2022-10-21T01:45:00Z,789,73 55 32 77 49 79 64 39 65 43 42 7 31 38 70 62 6 58 18 52,tails,regular,2
2022-10-21T01:48:00Z,791,63 2 64 12 22 21 27 46 49 16 77 8 38 66 47 58 40 80 68 13,evens,regular,2
2022-10-21T01:51:00Z,792,3 50 32 76 12 26 1 58 27 14 53 4 79 71 33 45 16 75 56 68,evens,regular,3
2022-10-21T01:54:00Z,793,13 76 52 59 21 29 41 25 18 30 19 71 23 53 2 8 16 22 4 51,heads,regular,1
2022-10-21T01:57:00Z,794,19 80 42 11 37 29 28 56 45 46 10 59 50 27 76 39 6 47 61 70,tails,regular,4
2022-10-21T02:00:00Z,795,28 80 74 17 72 66 76 55 11 1 70 26 56 7 78 62 71 52 34 21,tails,regular,2
2022-10-21T02:03:00Z,796,43 58 6 44 53 74 2 39 26 77 1 45 29 59 76 48 41 72 13 25,tails,regular,1
2022-10-21T02:06:00Z,797,62 1 47 5 39 9 11 36 19 56 72 12 43 25 18 8 2 34 16 54,heads,regular,3
2022-10-21T02:09:00Z,798,69 29 64 9 10 19 44 35 54 60 2 18 75 37 33 47 6 71 73 27,heads,regular,5
2022-10-21T02:12:00Z,800,8 60 5 2 42 65 44 78 80 39 6 36 11 47 41 57 26 71 53 18,tails,regular,1
2022-10-21T02:15:00Z,801,44 71 33 66 24 36 78 27 46 42 62 53 60 69 19 10 72 9 25 38,tails,regular,1
2022-10-21T02:18:00Z,802,61 71 4 78 9 7 25 38 64 14 32 65 5 75 57 11 22 72 31 68,heads,major,3
2022-10-21T02:21:00Z,803,25 11 61 75 10 30 26 21 68 32 60 8 65 46 17 71 72 47 18 4,heads,major,1
2022-10-21T02:24:00Z,804,34 63 48 71 15 73 29 66 49 20 16 57 39 9 7 36 62 19 31 17,heads,regular,3
2022-10-21T02:27:00Z,805,21 8 33 76 18 71 55 15 49 61 63 17 45 37 59 38 43 16 23 20,heads,regular,1
2022-10-21T02:30:00Z,806,68 65 37 8 30 71 11 28 6 17 75 39 59 34 53 50 47 12 3 67,heads,regular,2
2022-10-21T02:33:00Z,807,27 9 5 56 58 2 17 18 49 13 72 35 59 75 25 38 20 21 34 40,heads,regular,1
2022-10-21T02:36:00Z,809,47 50 56 58 35 53 38 69 70 16 73 44 68 77 34 65 60 4 74 7,tails,major,4
2022-10-21T02:39:00Z,810,18 47 29 41 69 44 57 38 25 59 37 30 19 28 46 7 50 62 53 54,tails,regular,1
2022-10-21T02:42:00Z,811,22 29 3 59 9 21 74 20 50 58 79 46 31 27 56 72 2 8 63 55,evens,minor,2
2022-10-21T02:45:00Z,812,54 51 24 47 63 53 73 64 40 33 71 67 49 60 14 7 8 9 17 3,tails,regular,1
2022-10-21T02:48:00Z,813,39 80 31 78 63 66 30 49 45 27 32 56 12 1 21 60 7 28 54 70,evens,regular,2
2022-10-21T02:51:00Z,814,77 25 50 51 47 14 44 1 11 64 70 68 38 41 74 76 73 5 18 15,tails,regular,4
2022-10-21T02:54:00Z,815,6 40 80 51 39 62 36 18 54 76 41 7 68 32 65 66 14 24 56 28,evens,regular,3
2022-10-21T02:57:00Z,816,30 53 61 42 54 59 1 19 21 47 65 70 50 32 8 31 41 57 28 25,tails,regular,3
2022-10-21T03:00:00Z,818,34 38 45 40 27 19 12 16 57 32 47 23 68 66 58 13 4 51 67 26,heads,major,1
2022-10-21T03:03:00Z,819,20 8 15 80 74 16 39 1 49 69 75 11 52 23 18 37 27 66 38 44,heads,regular,1
2022-10-21T03:06:00Z,820,20 50 80 35 47 25 9 15 33 30 75 71 76 37 1 72 70 49 42 63,tails,regular,2
2022-10-21T03:09:00Z,821,34 8 14 77 79 74 15 50 29 40 65 53 73 47 6 11 23 59 9 43,evens,major,3
2022-10-21T03:12:00Z,822,61 79 19 76 35 6 52 71 23 65 68 8 37 24 10 80 40 30 49 69,evens,regular,1
2022-10-21T03:15:00Z,823,28 31 40 65 32 38 37 16 64 56 3 12 75 62 58 74 15 77 29 70,heads,regular,2
2022-10-21T03:18:00Z,824,73 14 72 40 33 65 77 3 22 50 80 39 12 7 28 61 20 49 70 62,evens,minor,1
2022-10-21T03:21:00Z,825,73 38 12 59 1 20 39 66 4 40 61 63 74 51 9 78 34 76 25 52,evens,regular,2
2022-10-21T03:24:00Z,827,10 3 45 31 57 80 1 75 50 79 20 33 70 37 43 76 35 55 68 13,tails,regular,3
2022-10-21T03:27:00Z,828,72 65 64 39 2 47 37 63 42 49 74 26 20 18 24 75 77 34 3 31,evens,regular,4
2022-10-21T03:30:00Z,829,46 44 64 77 24 52 3 5 35 73 50 23 29 10 4 74 80 8 28 19,heads,minor,3
2022-10-21T03:33:00Z,830,80 42 55 72 75 71 29 61 9 40 3 46 70 63 48 8 27 65 26 22,tails,regular,1
2022-10-21T03:36:00Z,831,12 29 24 11 22 10 30 56 66 72 28 17 4 76 70 6 31 44 67 74,heads,regular,2
2022-10-21T03:39:00Z,832,52 35 39 61 29 40 76 37 47 65 12 10 30 78 21 69 63 19 44 73,evens,regular,2
2022-10-21T03:42:00Z,833,1 43 52 42 20 15 25 80 3 46 17 8 56 50 69 58 14 22 61 60,tails,minor,2
2022-10-21T03:45:00Z,834,80 62 17 8 42 38 67 46 74 18 34 7 2 31 39 60 13 73 23 76,heads,regular,2
2022-10-21T03:48:00Z,836,4 2 27 19 76 7 46 71 10 24 17 26 8 29 21 44 12 23 75 55,heads,major,2
2022-10-21T03:51:00Z,837,31 14 1 15 28 49 75 20 74 25 52 58 37 68 61 34 19 12 48 80,heads,regular,2
2022-10-21T03:54:00Z,838,11 20 79 50 4 67 12 69 10 40 27 30 6 42 62 32 23 54 49 18,heads,regular,5
2022-10-21T03:57:00Z,839,34 2 47 29 52 50 67 54 71 22 37 32 53 76 31 23 28 63 41 56,tails,minor,2
2022-10-21T04:00:00Z,840,60 68 36 28 39 13 4 9 30 79 35 67 7 78 16 24 69 64 41 46,heads,regular,1
2022-10-21T04:03:00Z,841,4 78 16 9 70 26 3 57 35 56 38 53 39 17 31 5 34 6 41 33,heads,regular,1
2022-10-21T04:06:00Z,842,59 6 15 80 12 78 20 44 51 36 52 46 11 3 77 42 50 14 37 48,tails,minor,2
2022-10-21T04:09:00Z,843,38 7 29 26 23 55 58 49 28 68 60 36 2 9 53 30 17 78 22 52,heads,regular,3
2022-10-21T04:12:00Z,845,55 41 71 38 70 26 10 37 54 35 23 64 76 32 28 56 21 73 65 36,evens,major,1
2022-10-21T04:15:00Z,846,45 28 68 35 2 31 41 5 24 54 33 8 57 51 75 66 58 42 63 61,tails,minor,1
2022-10-21T04:18:00Z,847,55 47 79 13 46 80 6 10 75 52 5 11 41 69 38 31 33 37 54 60,tails,regular,10
2022-10-21T04:21:00Z,848,52 56 19 62 26 39 48 49 16 51 24 46 9 14 31 65 8 33 75 66,evens,regular,1
2022-10-21T04:24:00Z,849,11 3 7 69 65 53 36 25 44 26 12 71 22 43 57 48 79 10 37 64,evens,regular,5
2022-10-21T04:27:00Z,850,65 75 61 70 40 73 28 77 6 30 36 52 50 18 54 68 29 48 37 1,tails,regular,3
2022-10-21T04:30:00Z,851,75 70 12 8 21 62 50 78 67 47 56 26 65 13 38 9 72 46 5 59,tails,regular,1
2022-10-21T04:33:00Z,852,42 19 10 63 9 3 2 43 1 13 66 7 23 4 20 54 58 76 5 57,heads,major,1
2022-10-21T04:36:00Z,854,55 36 19 73 77 74 6 35 32 61 26 72 2 63 50 33 76 11 80 25,evens,regular,2
2022-10-21T04:39:00Z,855,50 31 38 6 14 19 30 11 15 63 7 68 43 55 62 22 3 5 42 44,heads,regular,1
2022-10-21T04:42:00Z,856,20 17 44 64 37 61 72 34 51 80 58 57 42 29 22 74 38 26 50 66,tails,regular,1
2022-10-21T04:45:00Z,857,56 23 37 46 24 69 25 29 59 8 6 50 80 67 51 28 64 68 22 57,tails,major,1
2022-10-21T04:48:00Z,858,43 64 27 50 4 28 31 9 51 24 78 38 8 79 21 35 5 70 26 56,heads,regular,1
2022-10-21T04:51:00Z,859,42 71 38 19 70 63 62 33 1 51 28 12 53 3 10 32 65 57 14 48,evens,minor,4
2022-10-21T04:54:00Z,860,51 29 13 45 77 3 44 73 47 27 16 43 38 62 71 30 67 15 50 33,tails,regular,1
2022-10-21T04:57:00Z,861,73 7 24 18 34 16 62 48 1 66 10 28 17 38 5 45 30 47 27 15,heads,regular,1
2022-10-21T05:00:00Z,863,39 4 63 76 46 60 75 33 13 10 6 67 78 15 43 20 56 34 62 47,tails,minor,1
2022-10-21T05:03:00Z,864,76 53 40 23 62 24 35 70 59 63 61 64 10 38 66 71 48 75 79 18,tails,regular,2
2022-10-21T05:06:00Z,865,2 15 1 41 68 53 59 48 39 55 71 57 80 16 20 29 17 69 56 49,tails,regular,2
2022-10-21T05:09:00Z,866,17 66 80 42 70 30 53 14 8 27 24 9 1 46 6 54 44 52 16 75,evens,regular,2
2022-10-21T05:12:00Z,867,14 8 77 58 71 52 70 17 29 10 78 24 35 59 47 13 39 40 7 21,heads,minor,4
2022-10-21T05:15:00Z,868,32 64 46 21 71 8 31 79 18 4 36 9 14 59 29 23 70 13 20 52,heads,regular,5
2022-10-21T05:18:00Z,869,4 54 24 21 2 9 19 31 12 6 53 44 13 57 17 52 67 34 16 45,heads,minor,2
2022-10-21T05:21:00Z,870,30 59 28 55 63 17 34 46 5 4 16 31 72 36 15 73 49 41 38 20,heads,regular,1
2022-10-21T05:24:00Z,872,48 75 66 51 65 72 43 15 53 18 68 56 1 46 67 22 49 30 35 33,tails,minor,3
2022-10-21T05:27:00Z,873,17 60 24 49 71 31 47 8 21 2 4 56 76 29 52 44 75 78 11 68,tails,minor,10
2022-10-21T05:30:00Z,874,41 37 76 38 68 16 75 32 45 77 40 55 25 17 73 11 46 52 58 64,tails,regular,1
2022-10-21T05:33:00Z,875,77 19 61 27 75 17 36 26 65 51 40 50 16 28 72 25 24 68 73 22,heads,major,3
2022-10-21T05:36:00Z,876,54 8 18 72 62 20 67 5 2 23 53 44 77 59 10 49 64 78 61 75,tails,regular,1
2022-10-21T05:39:00Z,877,47 66 6 55 77 75 29 35 57 7 27 39 16 65 60 5 46 36 3 24,heads,regular,2
2022-10-21T05:42:00Z,878,79 47 52 10 69 51 65 26 36 74 16 9 11 55 15 23 34 13 43 77,evens,minor,10
2022-10-21T05:45:00Z,879,2 3 34 19 79 43 52 25 44 51 16 35 40 56 22 30 47 57 18 5,heads,regular,1
2022-10-21T05:48:00Z,881,3 40 75 1 33 59 60 8 32 67 58 65 34 66 5 74 48 51 37 53,tails,major,1
2022-10-21T05:51:00Z,882,40 29 80 5 7 4 42 10 15 22 49 60 1 48 30 28 33 54 68 2,heads,regular,2
2022-10-21T05:54:00Z,883,71 24 35 36 13 77 75 54 12 65 33 68 30 4 62 34 66 14 49 57,evens,regular,1
2022-10-21T05:57:00Z,884,44 62 78 31 39 57 1 52 79 49 55 50 14 68 70 4 5 58 28 35,tails,regular,1
2022-10-21T06:00:00Z,885,14 48 8 3 56 19 29 34 60 23 57 53 4 27 22 13 47 54 80 16,heads,minor,3
2022-10-21T06:03:00Z,886,33 26 30 51 25 7 77 62 11 49 42 71 74 79 59 29 64 57 78 32,tails,major,1
2022-10-21T06:06:00Z,887,64 73 3 67 51 58 18 14 61 8 12 37 38 30 16 35 55 56 62 79,evens,regular,1
2022-10-21T06:09:00Z,888,5 44 42 40 75 72 6 12 33 1 49 66 37 80 36 32 64 28 63 41,evens,minor,3
2022-10-21T06:12:00Z,890,21 69 79 31 32 65 5 16 78 39 60 9 15 72 8 52 50 56 36 26,heads,regular,2
2022-10-21T06:15:00Z,891,25 79 72 13 69 3 71 48 60 17 33 44 27 28 20 56 42 62 14 37,evens,regular,1
2022-10-21T06:18:00Z,892,78 76 33 56 70 77 68 50 47 40 74 15 19 41 61 73 7 9 57 20,tails,regular,10
2022-10-21T06:21:00Z,893,54 36 69 29 13 40 4 20 11 26 53 76 22 10 32 72 70 31 23 68,heads,regular,1
2022-10-21T06:24:00Z,894,33 15 74 42 66 10 23 71 41 52 28 36 75 78 20 9 48 4 8 64,evens,regular,1
2022-10-21T06:27:00Z,895,53 36 49 70 73 18 47 28 16 80 43 38 74 10 34 46 19 69 17 78,tails,minor,2
2022-10-21T06:30:00Z,896,66 65 14 58 7 38 9 49 12 63 46 55 77 69 27 60 39 76 1 28,tails,regular,3
2022-10-21T06:33:00Z,897,24 54 26 73 25 75 51 7 34 36 55 80 52 48 69 65 17 47 62 3,tails,regular,1
2022-10-21T06:36:00Z,899,61 35 60 20 68 78 22 48 8 80 7 11 77 1 30 28 16 72 70 13,heads,minor,10
2022-10-21T06:39:00Z,900,48 50 9 77 41 11 5 33 24 2 40 26 42 76 31 62 27 63 25 35,heads,minor,5
2022-10-21T06:42:00Z,901,70 41 26 62 17 35 66 53 57 48 59 27 55 16 72 19 76 54 11 6,tails,regular,3
2022-10-21T06:45:00Z,902,24 58 9 14 35 26 61 6 7 2 54 5 46 44 80 20 67 4 45 52,heads,major,1
2022-10-21T06:48:00Z,903,80 50 38 2 34 78 11 65 56 12 76 8 45 27 79 57 69 6 13 39,evens,regular,2
2022-10-21T06:51:00Z,904,16 29 3 1 27 6 26 68 45 2 66 59 56 22 67 58 44 31 12 47,heads,minor,2
2022-10-21T06:54:00Z,905,20 32 1 38 57 28 10 63 36 19 43 11 67 68 62 6 33 9 40 53,heads,regular,2
2022-10-21T06:57:00Z,906,54 50 5 55 20 53 74 30 66 43 68 48 6 49 62 19 21 2 61 24,tails,regular,2
2022-10-21T07:00:00Z,908,62 78 3 36 74 31 46 77 55 48 9 47 30 66 57 21 26 53 70 67,tails,major,1
2022-10-21T07:03:00Z,909,71 79 76 4 65 43 47 29 48 50 1 7 55 3 49 40 42 39 2 12,tails,regular,1
2022-10-21T07:06:00Z,910,30 3 25 71 39 36 53 68 73 5 62 18 78 12 66 38 69 77 35 19,heads,minor,1
2022-10-21T07:09:00Z,911,76 35 2 5 62 10 44 36 51 49 31 8 37 56 79 50 68 63 77 46,tails,regular,2
2022-10-21T07:12:00Z,912,49 6 21 8 20 61 25 11 56 64 41 54 9 77 22 16 75 60 36 14,heads,major,1
2022-10-21T07:15:00Z,913,66 48 73 15 41 28 70 33 3 72 17 12 77 7 65 18 11 16 47 26,heads,minor,3
2022-10-21T07:18:00Z,914,69 45 9 33 49 46 74 13 55 77 14 34 2 18 27 23 7 28 62 36,heads,minor,10
2022-10-21T07:21:00Z,915,78 61 69 36 73 70 19 75 21 28 3 74 62 55 77 40 59 31 8 1,tails,minor,2
2022-10-21T07:24:00Z,917,18 64 33 38 57 21 77 40 28 49 13 75 42 68 70 66 34 31 7 20,heads,major,4
2022-10-21T07:27:00Z,918,8 72 51 16 57 66 54 9 73 19 2 41 80 59 15 11 22 42 68 33,tails,regular,2
2022-10-21T07:30:00Z,919,32 17 73 62 21 44 24 5 67 80 63 68 57 23 64 65 27 56 74 28,tails,regular,3
2022-10-21T07:33:00Z,920,80 7 65 43 29 51 30 54 9 74 16 47 61 6 41 50 49 62 71 22,tails,regular,3
2022-10-21T07:36:00Z,921,37 70 66 76 46 40 26 28 56 27 24 2 6 16 31 19 22 39 14 18,heads,regular,2
2022-10-21T07:39:00Z,922,15 48 49 46 25 21 44 30 32 73 79 42 14 9 18 10 64 58 55 80,tails,regular,1
2022-10-21T07:42:00Z,923,79 57 45 12 74 50 54 51 53 30 29 11 13 39 4 80 43 16 35 8,evens,regular,1
2022-10-21T07:45:00Z,924,48 66 52 3 22 25 40 23 21 24 19 29 75 53 68 27 4 72 11 69,heads,minor,1
2022-10-21T07:48:00Z,926,28 73 43 40 4 69 50 42 66 30 52 60 38 10 79 71 17 2 25 54,tails,minor,1
2022-10-21T07:51:00Z,927,39 57 53 3 75 80 48 5 50 41 26 2 73 8 20 70 65 42 60 37,tails,regular,1
2022-10-21T07:54:00Z,928,74 23 35 3 31 21 76 33 41 68 63 42 43 78 14 45 66 51 13 28,tails,major,4
2022-10-21T07:57:00Z,929,4 78 54 58 11 5 27 68 29 70 49 33 51 77 14 23 57 38 61 63,tails,regular,3
2022-10-21T08:00:00Z,930,71 49 36 63 40 27 51 38 20 14 57 19 66 22 47 18 10 69 50 45,evens,regular,1
2022-10-21T08:03:00Z,931,75 12 64 13 22 79 53 27 63 67 61 10 74 57 3 20 31 36 5 59,evens,regular,1
2022-10-21T08:06:00Z,932,65 47 40 45 48 22 29 19 80 2 3 70 23 46 36 52 54 53 24 34,evens,regular,1
2022-10-21T08:09:00Z,933,69 58 40 11 21 35 48 4 39 56 32 13 38 6 55 60 20 49 36 52,heads,minor,2
2022-10-21T08:12:00Z,935,74 29 18 12 76 10 65 72 11 37 3 41 55 77 1 51 24 78 20 69,evens,minor,10
2022-10-21T08:15:00Z,936,34 52 71 40 21 54 55 7 28 6 14 50 11 20 5 61 4 33 58 51,heads,regular,3
2022-10-21T08:18:00Z,937,77 18 13 68 62 57 60 10 24 32 9 14 79 23 61 49 36 29 4 2,heads,minor,5
2022-10-21T08:21:00Z,938,30 50 56 40 33 7 78 12 57 4 47 20 77 19 15 18 67 31 59 39,heads,regular,1
2022-10-21T08:24:00Z,939,71 39 46 55 54 53 11 61 58 80 70 63 49 65 18 3 68 66 50 75,tails,regular,3
2022-10-21T08:27:00Z,940,29 5 6 24 45 44 23 15 41 38 55 14 70 19 59 31 47 35 32 16,heads,regular,3
2022-10-21T08:30:00Z,941,38 74 10 21 53 59 73 34 33 40 80 41 60 13 70 4 24 58 22 71,evens,regular,2
2022-10-21T08:33:00Z,942,56 44 6 19 20 54 22 48 46 1 10 79 36 50 72 29 39 17 77 32,heads,regular,3
2022-10-21T08:36:00Z,944,56 66 40 27 29 45 47 35 63 60 22 18 2 24 37 5 43 19 59 65,heads,regular,1
2022-10-21T08:39:00Z,945,15 63 42 76 68 45 35 6 14 54 56 67 27 52 75 74 31 40 60 71,tails,regular,10
2022-10-21T08:42:00Z,946,1 51 23 70 3 21 6 5 38 62 72 16 27 33 20 43 50 56 32 2,heads,regular,3
2022-10-21T08:45:00Z,947,19 53 77 28 52 29 74 37 62 13 24 65 48 21 41 44 39 31 72 42,tails,minor,2
2022-10-21T08:48:00Z,948,80 29 70 35 58 54 69 45 11 24 41 42 12 74 28 23 51 64 46 25,tails,regular,3
2022-10-21T08:51:00Z,949,33 8 7 79 73 18 24 29 58 45 28 20 34 12 55 1 42 50 53 17,heads,regular,1
2022-10-21T08:54:00Z,950,44 71 24 67 58 61 49 23 32 15 14 33 17 66 34 35 40 13 2 31,heads,regular,3
2022-10-21T08:57:00Z,951,74 3 46 69 27 60 49 32 77 59 47 62 28 14 12 5 55 61 10 23,tails,regular,1
2022-10-21T09:00:00Z,953,72 69 2 18 48 39 21 31 60 38 26 46 77 25 40 32 52 5 59 76,heads,regular,2
2022-10-21T09:03:00Z,954,40 10 9 38 20 61 52 28 31 6 42 59 66 51 50 8 57 79 48 23,evens,regular,1
2022-10-21T09:06:00Z,955,8 42 75 7 74 77 23 25 13 55 62 2 70 67 61 65 6 37 57 19,tails,regular,2
2022-10-21T09:09:00Z,956,37 24 52 53 35 80 17 43 39 20 2 29 47 19 1 62 69 6 9 49,heads,regular,1
2022-10-21T09:12:00Z,957,29 2 59 13 27 53 15 79 24 7 58 35 42 76 23 69 72 38 71 10,heads,minor,1
2022-10-21T09:15:00Z,958,16 71 13 6 57 28 8 53 77 2 66 3 4 54 15 37 33 59 25 79,heads,minor,1
2022-10-21T09:18:00Z,959,48 70 64 13 2 6 58 3 78 72 12 22 26 65 55 69 31 49 38 44,tails,regular,2
2022-10-21T09:21:00Z,960,57 77 50 43 4 74 1 17 2 69 19 21 56 16 35 65 52 48 70 22,tails,regular,2
2022-10-21T09:24:00Z,962,79 71 76 2 64 69 51 46 65 14 49 29 44 54 25 80 70 9 27 75,tails,regular,5
2022-10-21T09:27:00Z,963,34 68 1 5 50 14 27 71 74 65 47 25 72 45 29 60 23 16 22 10,heads,regular,4
2022-10-21T09:30:00Z,964,13 70 21 64 32 58 36 1 2 15 61 54 52 16 75 9 60 28 22 80,heads,minor,4
2022-10-21T09:33:00Z,965,59 49 56 10 13 70 48 25 1 58 21 20 14 75 42 71 54 24 55 46,tails,minor,2
2022-10-21T09:36:00Z,966,12 7 20 64 25 13 38 45 23 6 71 19 78 52 49 40 8 16 4 26,heads,minor,1
2022-10-21T09:39:00Z,967,67 26 77 78 59 30 74 36 3 61 69 25 72 79 9 62 28 6 76 16,tails,major,3
2022-10-21T09:42:00Z,968,47 3 71 6 72 7 22 79 69 54 24 28 57 65 11 8 20 13 67 61,evens,minor,2
2022-10-21T09:45:00Z,969,58 5 68 44 78 38 15 8 65 72 9 41 33 67 43 74 13 69 64 30,tails,regular,3
2022-10-21T09:48:00Z,971,60 49 76 41 36 22 9 7 17 65 15 2 58 13 34 4 45 39 30 46,heads,regular,2
2022-10-21T09:51:00Z,972,21 11 26 4 44 63 50 76 12 65 29 27 24 43 46 55 38 22 31 18,heads,regular,5
2022-10-21T09:54:00Z,973,60 27 34 67 31 77 25 12 69 23 49 55 74 2 30 52 5 47 38 33,heads,regular,2
2022-10-21T09:57:00Z,974,42 63 5 23 57 80 20 54 4 30 59 9 60 64 33 61 70 74 22 11,tails,regular,3
2022-10-21T10:00:00Z,975,32 78 22 43 64 70 26 11 71 60 31 40 45 10 37 12 3 15 18 13,heads,major,2
2022-10-21T10:03:00Z,976,1 53 18 27 11 59 14 32 24 77 75 71 79 12 47 8 7 60 68 76,evens,regular,2
2022-10-21T10:06:00Z,977,61 27 39 54 7 43 26 66 44 22 30 31 58 9 14 23 19 72 48 45,heads,regular,2
2022-10-21T10:09:00Z,978,59 67 12 72 30 14 18 77 53 52 15 62 28 1 74 66 19 48 54 23,tails,minor,2
2022-10-21T10:12:00Z,980,60 56 22 58 32 65 43 13 34 30 25 50 61 49 29 67 51 66 17 77,tails,regular,1
2022-10-21T10:15:00Z,981,9 69 49 7 47 40 22 13 46 4 61 16 42 32 6 20 28 12 68 77,heads,regular,2
2022-10-21T10:18:00Z,982,31 55 5 62 12 44 79 72 17 33 32 42 6 36 54 73 22 7 71 19,heads,minor,4
2022-10-21T10:21:00Z,983,43 48 64 57 6 32 56 39 51 17 14 60 41 74 55 54 69 66 71 21,tails,regular,1
2022-10-21T10:24:00Z,984,3 55 32 1 47 7 71 51 80 38 72 27 64 10 40 18 21 62 39 68,heads,major,2
2022-10-21T10:27:00Z,985,57 42 8 23 27 61 6 45 36 28 53 43 18 29 39 59 32 25 17 68,heads,regular,3
2022-10-21T10:30:00Z,986,66 26 5 19 22 55 7 79 34 2 47 25 12 50 73 80 71 45 36 59,evens,regular,1
2022-10-21T10:33:00Z,987,61 10 69 73 49 53 47 33 24 72 62 32 11 23 80 43 27 77 57 42,tails,regular,3
2022-10-21T10:36:00Z,989,21 51 10 9 74 8 13 25 32 49 58 70 57 16 20 24 15 54 65 27,heads,regular,1
2022-10-21T10:39:00Z,990,61 48 24 67 2 13 64 63 78 25 76 62 32 1 43 59 34 16 17 33,evens,regular,1
2022-10-21T10:42:00Z,991,78 50 32 19 26 12 61 48 71 29 39 49 25 72 68 44 77 30 9 59,tails,minor,2
2022-10-21T10:45:00Z,992,75 7 70 32 61 38 59 40 79 1 63 73 6 34 46 25 55 29 28 49,evens,regular,3
2022-10-21T10:48:00Z,993,16 36 4 43 56 71 59 10 12 18 29 46 6 41 70 51 60 61 54 58,tails,regular,2
2022-10-21T10:51:00Z,994,49 69 23 26 80 17 70 52 60 9 47 1 71 4 11 66 50 41 30 79,tails,regular,1
2022-10-21T10:54:00Z,995,12 64 76 80 10 35 54 61 48 23 15 65 29 44 42 26 53 59 18 70,tails,regular,1
2022-10-21T10:57:00Z,996,6 15 9 31 39 16 4 53 75 34 27 1 44 61 67 69 79 30 12 54,heads,regular,3
2022-10-21T11:00:00Z,998,72 60 74 37 58 44 66 52 6 69 27 54 26 22 77 79 73 50 53 78,tails,regular,1
2022-10-21T11:03:00Z,999,23 21 65 43 28 34 1 70 46 67 26 31 41 55 24 35 73 51 63 33,evens,major,4
2022-10-21T11:06:00Z,1,22 71 46 68 59 39 25 65 62 13 32 67 63 12 38 3 73 17 6 28,heads,major,3
2022-10-21T11:09:00Z,2,51 80 24 11 76 40 73 36 12 17 8 5 27 70 22 29 61 32 43 62,heads,regular,3
2022-10-21T11:12:00Z,3,80 48 8 62 17 49 37 38 6 56 72 57 61 41 54 60 74 39 78 79,tails,major,2
2022-10-21T11:15:00Z,4,29 1 33 17 13 65 23 7 70 30 58 73 6 69 15 27 72 77 14 64,heads,minor,3
2022-10-21T11:18:00Z,5,28 34 37 66 61 35 64 19 58 24 36 38 15 12 62 16 27 18 9 59,heads,minor,1
2022-10-21T11:21:00Z,6,27 53 14 4 21 18 23 69 78 42 19 79 25 1 39 66 45 44 26 63,heads,regular,3
2022-10-21T11:24:00Z,8,18 49 38 66 55 56 26 77 33 79 71 9 4 14 46 30 63 52 45 25,tails,minor,3
2022-10-21T11:27:00Z,9,32 69 38 24 64 18 35 61 25 34 17 14 62 67 74 36 13 16 51 29,heads,regular,3
2022-10-21T11:30:00Z,10,39 41 1 68 23 32 48 12 73 54 13 22 28 67 58 79 26 60 8 56,evens,minor,1
2022-10-21T11:33:00Z,11,37 79 40 25 18 51 34 36 56 70 12 72 57 74 15 53 59 45 4 43,tails,regular,2
2022-10-21T11:36:00Z,12,13 43 42 39 12 36 54 19 41 68 17 78 18 29 32 46 34 67 57 4,heads,regular,2
2022-10-21T11:39:00Z,13,46 68 70 75 50 72 80 32 67 33 56 29 17 20 7 61 60 11 6 71,tails,minor,3
2022-10-21T11:42:00Z,14,26 10 51 9 78 11 80 72 49 71 70 74 44 39 77 25 6 17 27 62,tails,minor,2
2022-10-21T11:45:00Z,15,31 49 51 27 79 67 39 25 23 10 76 77 37 24 20 44 15 57 52 48,evens,major,4
2022-10-21T11:48:00Z,17,52 18 36 27 4 21 69 59 50 30 39 80 63 75 17 71 8 46 40 20,heads,regular,2
2022-10-21T11:51:00Z,18,2 37 42 33 34 21 58 73 60 53 49 70 54 29 59 11 57 18 78 43,tails,regular,3
2022-10-21T11:54:00Z,19,9 3 17 39 29 7 4 21 76 63 80 24 35 41 14 56 75 48 23 43,heads,regular,3
2022-10-21T11:57:00Z,20,58 5 7 67 36 62 74 60 20 73 29 34 71 19 40 24 17 55 37 80,heads,minor,2
2022-10-21T12:00:00Z,21,72 33 41 39 19 64 37 77 51 74 78 62 23 75 59 7 43 56 5 49,tails,regular,1
2022-10-21T12:03:00Z,22,37 16 50 4 2 10 78 33 45 77 34 53 43 24 57 75 47 25 46 20,evens,regular,2
2022-10-21T12:06:00Z,23,34 13 72 60 25 70 54 30 79 63 76 11 61 19 71 55 68 17 59 21,tails,minor,3
2022-10-21T12:09:00Z,24,80 5 63 7 20 38 64 48 65 37 34 56 58 12 36 24 42 59 2 15,heads,regular,1
2022-10-21T12:12:00Z,26,38 70 76 4 6 31 26 9 11 79 73 36 46 75 8 7 63 60 72 33,heads,minor,10
2022-10-21T12:15:00Z,27,30 20 76 59 77 32 18 60 63 15 21 41 48 43 57 7 49 67 44 79,tails,regular,2
2022-10-21T12:18:00Z,28,6 43 24 42 62 76 53 26 2 28 79 66 16 9 17 44 40 15 58 61,evens,major,1
2022-10-21T12:21:00Z,29,56 1 12 62 53 26 49 33 55 75 35 10 50 37 21 16 77 63 4 38,heads,regular,1
2022-10-21T12:24:00Z,30,24 6 76 11 4 70 66 71 15 55 17 79 34 13 49 68 7 45 3 77,evens,minor,4
2022-10-21T12:27:00Z,31,59 49 15 53 58 43 10 69 11 70 39 37 67 28 5 29 56 30 72 2,evens,minor,1
2022-10-21T12:30:00Z,32,56 70 71 36 7 15 29 47 5 16 3 48 64 52 44 57 17 42 50 33,tails,regular,1
2022-10-21T12:33:00Z,33,46 51 6 12 69 5 56 53 37 49 75 72 23 9 67 73 42 76 14 77,tails,regular,1
2022-10-21T12:36:00Z,35,64 70 21 80 14 68 76 19 7 60 57 63 66 47 42 53 50 69 37 67,tails,regular,3
2022-10-21T12:39:00Z,36,34 18 64 75 35 60 19 66 45 74 71 63 40 12 7 51 28 16 43 68,tails,minor,2
2022-10-21T12:42:00Z,37,75 18 74 22 56 37 64 2 45 44 9 19 65 11 80 52 54 60 27 6,tails,regular,1
2022-10-21T12:45:00Z,38,52 46 19 30 34 7 31 45 24 3 9 56 35 77 27 67 58 36 54 12,heads,major,1
2022-10-21T12:48:00Z,39,70 23 40 25 75 72 17 32 80 52 46 30 6 54 41 77 20 16 63 18,evens,regular,3
2022-10-21T12:51:00Z,40,33 73 16 51 21 68 63 69 56 40 17 22 48 65 49 76 42 41 18 15,tails,regular,1
2022-10-21T12:54:00Z,41,3 78 54 18 1 38 17 44 79 49 51 65 39 43 26 34 32 77 4 48,evens,regular,1
2022-10-21T12:57:00Z,42,74 35 6 9 2 20 13 78 44 58 11 33 38 69 43 28 72 14 4 39,heads,regular,2
2022-10-21T13:00:00Z,44,17 76 26 31 52 56 48 62 15 24 16 39 14 66 6 71 43 38 67 77,evens,minor,2
2022-10-21T13:03:00Z,45,48 11 44 18 29 49 36 64 69 12 67 23 42 40 13 73 52 5 2 3,heads,minor,2
2022-10-21T13:06:00Z,46,39 57 7 54 42 8 18 60 24 67 75 9 6 51 29 34 74 41 64 55,tails,minor,2
2022-10-21T13:09:00Z,47,32 16 37 56 25 4 80 9 28 49 73 55 26 69 31 57 63 70 11 64,evens,regular,1
2022-10-21T13:12:00Z,48,21 57 30 11 22 5 78 17 35 68 53 61 79 26 48 50 73 56 65 59,tails,major,1
2022-10-21T13:15:00Z,49,19 11 17 58 20 40 52 78 2 74 45 30 5 18 49 75 56 57 14 6,heads,regular,3
2022-10-21T13:18:00Z,50,17 32 12 55 35 21 71 15 53 20 23 7 14 58 22 75 2 9 79 10,heads,regular,1
2022-10-21T13:21:00Z,51,7 2 23 37 63 52 70 54 14 47 46 21 56 59 57 18 29 72 45 31,tails,regular,2
2022-10-21T13:24:00Z,53,1 15 48 80 64 5 6 70 68 32 34 28 67 73 30 69 33 43 19 37,heads,regular,2
2022-10-21T13:27:00Z,54,14 68 52 46 72 6 58 9 29 31 56 44 55 17 20 24 10 25 79 4,heads,regular,1
2022-10-21T13:30:00Z,55,22 18 40 29 38 51 73 31 45 20 3 61 12 23 5 36 69 4 46 63,heads,regular,3
2022-10-21T13:33:00Z,56,22 32 20 69 63 14 80 46 25 3 68 74 17 15 39 65 61 38 6 64,heads,regular,3
2022-10-21T13:36:00Z,57,62 51 44 52 63 20 23 55 29 77 7 10 40 38 74 34 65 60 36 26,evens,regular,1
2022-10-21T13:39:00Z,58,38 16 27 74 13 36 64 59 75 79 72 60 47 55 20 57 26 65 28 18,tails,regular,1
2022-10-21T13:42:00Z,59,32 33 67 29 53 57 43 49 74 50 21 51 78 17 24 13 39 22 54 35,evens,regular,3
2022-10-21T13:45:00Z,60,55 69 57 61 51 58 79 17 14 70 2 25 46 7 12 9 10 15 41 27,evens,major,1
2022-10-21T13:48:00Z,62,5 67 18 10 61 36 6 16 51 8 65 58 21 11 12 60 2 59 22 45,heads,regular,1
2022-10-21T13:51:00Z,63,70 31 10 69 17 8 53 52 61 57 76 9 28 75 18 58 66 55 30 37,tails,regular,2
2022-10-21T13:54:00Z,64,62 55 57 28 7 10 12 4 17 14 45 61 56 9 18 16 64 6 78 52,heads,regular,1
2022-10-21T13:57:00Z,65,51 7 49 4 10 29 43 80 53 57 55 9 56 35 69 40 38 30 37 32,heads,minor,2
2022-10-21T14:00:00Z,66,65 12 13 24 48 56 35 29 26 6 37 61 20 63 77 34 66 40 67 52,heads,regular,1
2022-10-21T14:03:00Z,67,45 9 25 24 21 16 8 80 17 14 74 28 31 18 15 46 78 23 53 35,heads,regular,3
2022-10-21T14:06:00Z,68,62 55 44 2 7 14 56 60 45 35 63 58 22 47 72 36 64 13 73 54,tails,regular,2
2022-10-21T14:09:00Z,69,39 76 2 24 43 1 28 69 12 37 49 71 38 23 33 9 40 51 75 50,heads,regular,3
2022-10-21T14:12:00Z,71,53 43 46 3 2 74 32 27 60 62 68 33 56 58 52 6 76 26 78 55,tails,minor,1
2022-10-21T14:15:00Z,72,55 47 74 77 57 2 6 25 35 44 14 50 62 48 73 22 15 80 45 59,tails,major,1
2022-10-21T14:18:00Z,73,57 59 7 67 63 8 71 24 37 70 42 65 40 44 47 58 5 3 38 61,tails,regular,1
2022-10-21T14:21:00Z,74,73 14 75 3 5 53 4 74 9 30 21 68 78 7 29 80 43 24 34 69,heads,minor,1
2022-10-21T14:24:00Z,75,37 49 20 16 45 41 69 64 57 28 53 43 74 66 33 6 46 31 1 80,tails,regular,3
2022-10-21T14:27:00Z,76,21 43 14 77 5 30 44 47 7 66 34 69 20 71 61 1 3 68 50 13,evens,regular,3
2022-10-21T14:30:00Z,77,46 71 47 69 57 25 41 35 67 75 3 64 5 40 9 65 4 68 29 72,tails,minor,1
2022-10-21T14:33:00Z,78,6 17 13 52 62 66 55 35 23 38 26 14 36 76 18 77 60 34 49 57,heads,minor,2
2022-10-21T14:36:00Z,80,57 25 15 18 71 50 69 67 31 35 22 1 47 63 80 11 9 27 38 58,heads,regular,3
2022-10-21T14:39:00Z,81,60 16 64 8 69 59 66 25 63 15 22 6 57 61 50 18 80 3 45 10,tails,regular,1
2022-10-21T14:42:00Z,82,24 19 48 16 50 14 46 31 56 51 44 60 11 64 20 43 72 10 4 55,tails,regular,2
2022-10-21T14:45:00Z,83,77 42 37 80 13 75 8 25 78 14 9 64 2 5 15 7 41 51 21 39,heads,minor,2
2022-10-21T14:48:00Z,84,61 75 24 4 38 46 50 56 77 7 78 20 22 2 63 26 23 12 35 10,heads,regular,3
2022-10-21T14:51:00Z,85,37 67 68 38 80 70 76 12 73 47 43 78 21 23 19 1 58 13 62 40,tails,regular,1
2022-10-21T14:54:00Z,86,5 25 68 38 43 7 44 3 52 9 78 69 13 40 50 24 16 35 74 71,heads,major,2
2022-10-21T14:57:00Z,87,4 45 78 62 52 67 12 46 65 3 56 37 36 77 48 69 19 22 7 51,tails,minor,3
2022-10-21T15:00:00Z,89,64 18 37 11 78 22 58 34 10 51 57 15 12 65 70 69 5 71 68 76,tails,regular,3
2022-10-21T15:03:00Z,90,60 78 65 74 25 69 80 67 49 50 20 37 17 3 15 75 5 30 16 62,tails,regular,1
2022-10-21T15:06:00Z,91,49 42 5 71 39 41 66 11 27 51 31 65 77 76 74 35 14 37 4 17,evens,minor,1
2022-10-21T15:09:00Z,92,48 17 25 12 79 22 29 39 18 76 43 32 58 75 45 70 40 37 61 9,heads,minor,1
2022-10-21T15:12:00Z,93,70 69 66 65 47 50 27 14 29 13 36 20 18 60 34 55 35 30 40 49,heads,major,1
2022-10-21T15:15:00Z,94,13 71 10 15 77 17 2 75 59 47 45 55 21 63 79 69 42 6 41 40,tails,minor,1
2022-10-21T15:18:00Z,95,49 18 23 53 75 37 9 71 17 57 51 55 47 10 68 35 3 36 11 24,heads,regular,2
2022-10-21T15:21:00Z,96,1 43 38 51 78 26 50 3 20 16 54 63 24 76 14 35 19 80 66 37,heads,regular,3
2022-10-21T15:24:00Z,98,51 62 52 25 10 65 77 16 7 67 80 64 43 36 49 58 5 48 33 13,tails,regular,1
2022-10-21T15:27:00Z,99,46 33 70 62 64 69 6 25 63 27 52 76 5 55 3 43 45 34 20 48,tails,regular,2
2022-10-21T15:30:00Z,100,44 72 27 70 24 36 14 22 45 75 13 32 64 6 50 57 28 37 74 66,evens,minor,3
2022-10-21T15:33:00Z,101,34 53 33 1 54 70 26 35 23 59 62 57 69 65 6 79 80 63 55 77,tails,regular,3
2022-10-21T15:36:00Z,102,4 37 3 43 36 69 9 54 72 6 49 52 28 79 74 42 14 63 7 31,evens,minor,4
2022-10-21T15:39:00Z,103,58 63 42 31 69 30 3 43 59 9 1 56 62 71 40 34 67 47 20 7,tails,regular,1
2022-10-21T15:42:00Z,104,70 60 56 79 35 63 2 3 39 54 41 24 16 69 11 34 37 30 36 25,heads,minor,2
2022-10-21T15:45:00Z,105,69 39 21 68 76 28 19 30 51 9 60 52 26 11 23 78 56 47 55 32,evens,minor,3
2022-10-21T15:48:00Z,107,11 17 44 22 45 41 47 38 4 65 53 8 54 34 42 35 46 67 13 27,evens,regular,1
2022-10-21T15:51:00Z,108,69 29 2 32 20 4 16 67 45 47 64 27 11 58 80 74 51 49 19 26,evens,minor,4
2022-10-21T15:54:00Z,109,71 4 47 20 43 60 50 69 1 53 22 9 42 46 13 44 10 31 58 28,tails,minor,10
2022-10-21T15:57:00Z,110,34 8 55 25 9 40 36 58 65 44 41 73 32 39 17 71 61 22 52 56,evens,regular,4
2022-10-21T16:00:00Z,111,78 7 10 74 39 46 16 66 14 57 71 54 64 48 17 69 55 21 61 67,tails,minor,1
2022-10-21T16:03:00Z,112,53 18 28 61 24 10 72 25 44 13 71 31 66 47 14 57 17 6 69 7,heads,regular,1
2022-10-21T16:06:00Z,113,28 41 55 60 74 80 49 19 47 29 30 2 25 59 61 31 11 10 43 6,evens,minor,2
2022-10-21T16:09:00Z,114,74 31 49 17 54 68 41 55 76 1 60 36 62 42 3 37 9 34 80 40,tails,major,1
2022-10-21T16:12:00Z,116,40 36 4 51 55 57 64 59 69 13 49 42 52 35 66 77 23 19 75 3,tails,minor,2
2022-10-21T16:15:00Z,117,6 4 8 68 34 47 40 46 21 22 75 31 72 51 9 26 17 79 63 30,heads,regular,2
2022-10-21T16:18:00Z,118,43 10 40 25 67 57 61 3 39 77 64 70 56 41 50 34 17 13 33 4,evens,regular,3
2022-10-21T16:21:00Z,119,41 65 75 79 40 42 25 48 5 38 6 17 67 73 21 36 63 3 22 55,evens,regular,3
2022-10-21T16:24:00Z,120,63 2 55 28 30 58 51 22 1 66 11 27 49 54 61 39 29 15 74 31,heads,minor,2
2022-10-21T16:27:00Z,121,55 76 45 71 38 78 47 68 10 14 75 52 31 18 21 58 28 66 26 79,tails,major,1
2022-10-21T16:30:00Z,122,18 70 58 2 13 44 36 50 27 62 73 80 66 22 34 23 72 54 35 31,evens,regular,3
2022-10-21T16:33:00Z,123,52 44 66 64 47 41 27 38 24 69 46 13 6 25 62 30 51 73 21 54,tails,minor,1
2022-10-21T16:36:00Z,125,79 72 41 16 40 37 19 12 25 18 50 70 15 68 60 64 51 47 6 76,tails,regular,1
2022-10-21T16:39:00Z,126,2 57 62 8 49 64 40 37 61 32 80 30 39 14 78 76 50 45 46 4,tails,minor,1
2022-10-21T16:42:00Z,127,52 50 10 22 51 31 42 38 53 35 27 28 17 46 4 30 60 62 44 67,evens,minor,4
2022-10-21T16:45:00Z,128,24 22 66 38 70 63 74 76 26 32 10 31 23 16 7 36 3 35 65 73,heads,minor,4
2022-10-21T16:48:00Z,129,19 29 2 14 57 9 37 45 44 28 61 51 25 64 53 40 72 22 46 30,heads,minor,3
2022-10-21T16:51:00Z,130,8 70 56 71 45 50 59 75 36 28 69 53 6 65 46 67 14 9 26 48,tails,regular,1
2022-10-21T16:54:00Z,131,58 54 3 10 34 6 79 8 76 2 18 69 21 80 13 68 42 22 15 50,heads,regular,1
2022-10-21T16:57:00Z,132,46 37 45 27 47 31 41 2 43 20 13 65 4 69 21 71 49 34 57 11,evens,regular,1
2022-10-21T17:00:00Z,134,22 73 10 11 2 55 47 69 65 68 57 32 45 42 51 62 78 6 48 80,tails,regular,1
2022-10-21T17:03:00Z,135,43 80 47 66 26 10 33 31 3 79 71 6 7 29 76 21 20 53 24 2,heads,minor,5
2022-10-21T17:06:00Z,136,42 29 50 49 44 70 64 1 41 77 65 2 21 53 78 24 18 47 72 54,tails,regular,1
2022-10-21T17:09:00Z,137,55 75 45 20 61 24 36 38 4 8 66 58 17 2 63 28 40 69 73 25,heads,regular,1
2022-10-21T17:12:00Z,138,42 19 63 16 27 17 31 36 80 62 73 70 29 64 11 56 78 47 75 61,tails,regular,2
2022-10-21T17:15:00Z,139,19 1 64 49 55 5 14 53 51 71 67 63 72 40 69 61 27 30 32 54,tails,regular,1
2022-10-21T17:18:00Z,140,59 37 70 44 49 43 78 19 20 35 14 56 62 64 32 80 25 26 58 29,tails,regular,2
2022-10-21T17:21:00Z,141,38 17 29 4 2 51 11 21 59 47 30 32 8 68 77 10 39 56 22 37,heads,minor,1
2022-10-21T17:24:00Z,143,43 64 57 50 58 62 34 55 23 22 8 71 48 17 53 68 36 21 33 70,tails,major,1
2022-10-21T17:27:00Z,144,21 60 80 56 35 22 12 48 55 29 16 54 65 62 64 32 27 78 9 49,tails,minor,1
2022-10-21T17:30:00Z,145,9 29 72 57 27 19 4 69 7 12 14 62 20 54 66 18 63 21 39 28,heads,regular,2
2022-10-21T17:33:00Z,146,20 33 46 7 5 11 53 8 36 9 34 23 70 52 1 65 67 27 54 63,heads,regular,10
2022-10-21T17:36:00Z,147,39 28 34 51 9 23 52 45 30 54 79 20 40 66 3 80 77 64 76 32,evens,regular,1
2022-10-21T17:39:00Z,148,10 56 53 16 11 42 9 30 39 64 75 71 63 7 15 70 19 22 41 12,heads,major,1
2022-10-21T17:42:00Z,149,53 65 80 64 18 69 41 3 5 16 30 8 38 60 77 36 56 32 34 19,heads,regular,3
2022-10-21T17:45:00Z,150,17 3 54 75 16 66 28 13 49 7 35 42 47 51 14 15 74 76 44 6,evens,regular,1
2022-10-21T17:48:00Z,152,57 78 20 62 25 60 23 37 11 32 70 1 17 75 56 54 55 5 48 53,tails,regular,2
2022-10-21T17:51:00Z,153,11 13 50 38 72 10 56 40 46 32 30 68 52 63 39 59 21 69 26 1,heads,regular,3
2022-10-21T17:54:00Z,154,19 73 54 46 55 3 12 66 48 39 72 42 78 65 69 56 8 20 29 53,tails,minor,1
2022-10-21T17:57:00Z,155,1 58 52 40 43 29 48 59 67 46 38 66 53 25 70 12 27 79 19 47,tails,regular,1
2022-10-21T18:00:00Z,156,50 16 48 1 51 74 61 60 26 30 22 71 20 41 70 17 38 59 66 52,tails,regular,1
2022-10-21T18:03:00Z,157,80 11 10 68 77 12 14 8 18 41 5 62 52 1 55 25 44 54 75 21,evens,regular,1
2022-10-21T18:06:00Z,158,77 80 43 1 69 74 19 35 66 23 20 53 40 78 71 30 27 3 52 8,evens,major,1
2022-10-21T18:09:00Z,159,54 17 20 47 45 76 19 66 4 64 55 18 67 6 58 35 61 26 21 25,evens,minor,2
2022-10-21T18:12:00Z,161,46 24 29 28 38 48 50 33 39 75 41 67 51 20 32 15 71 19 52 10,heads,major,1
2022-10-21T18:15:00Z,162,68 41 69 73 70 13 6 62 66 44 8 64 18 30 31 61 37 40 65 26,tails,minor,1
2022-10-21T18:18:00Z,163,70 68 71 20 17 63 45 52 26 18 56 5 58 53 30 22 37 25 78 80,tails,regular,3
2022-10-21T18:21:00Z,164,50 23 15 26 54 40 80 20 78 28 8 63 25 33 29 70 62 66 74 65,evens,regular,1
2022-10-21T18:24:00Z,165,26 46 4 61 65 17 18 73 25 45 24 66 32 70 54 15 62 78 12 76,tails,major,1
2022-10-21T18:27:00Z,166,24 51 28 39 11 41 10 78 27 9 6 73 59 21 60 17 40 23 79 43,heads,minor,3
2022-10-21T18:30:00Z,167,40 1 30 16 28 41 4 24 74 57 48 76 67 3 56 78 52 69 39 73,tails,regular,3
2022-10-21T18:33:00Z,168,26 58 59 36 60 34 63 76 71 41 40 1 57 73 31 48 18 54 78 62,tails,regular,2
2022-10-21T18:36:00Z,170,61 37 1 38 13 52 14 64 63 24 40 50 42 59 44 12 48 20 4 33,heads,regular,1
2022-10-21T18:39:00Z,171,13 25 72 10 20 37 39 43 23 58 59 65 61 34 41 50 24 4 33 16,heads,minor,5
2022-10-21T18:42:00Z,172,44 78 5 13 75 34 11 70 35 80 67 69 10 15 63 29 72 43 8 56,tails,minor,1
2022-10-21T18:45:00Z,173,49 73 34 67 45 40 18 16 55 50 31 65 66 64 1 47 36 68 53 58,tails,regular,10
2022-10-21T18:48:00Z,174,75 63 19 37 10 17 54 21 48 58 2 20 64 35 38 73 1 74 76 22,heads,regular,1
2022-10-21T18:51:00Z,175,75 58 11 74 61 24 10 18 67 68 6 37 65 25 60 21 3 27 62 31,heads,regular,2
2022-10-21T18:54:00Z,176,10 13 38 24 61 1 5 12 71 29 34 49 21 42 54 80 2 7 41 55,heads,regular,1
2022-10-21T18:57:00Z,177,68 55 48 58 36 52 15 71 66 39 79 44 78 38 64 29 51 18 42 22,tails,minor,1
2022-10-21T19:00:00Z,179,9 73 25 71 49 79 15 24 62 8 63 70 18 53 64 40 55 33 14 21,evens,regular,2
2022-10-21T19:03:00Z,180,6 70 22 65 73 48 71 32 25 38 53 16 14 15 7 36 19 17 63 47,heads,regular,1
2022-10-21T19:06:00Z,181,2 27 78 68 34 73 36 52 70 40 71 69 5 72 45 6 23 62 10 57,tails,regular,2
2022-10-21T19:09:00Z,182,72 31 68 61 26 21 78 49 44 55 9 77 35 51 8 66 50 40 34 69,tails,regular,1
2022-10-21T19:12:00Z,183,76 30 19 80 29 37 49 68 38 54 57 26 70 62 6 41 21 74 65 58,tails,regular,2
2022-10-21T19:15:00Z,184,5 49 62 39 14 43 56 60 80 21 18 47 16 12 41 46 4 7 34 55,evens,minor,1
2022-10-21T19:18:00Z,185,62 21 23 9 27 26 52 2 16 51 46 15 66 44 75 43 70 69 80 28,tails,regular,2
2022-10-21T19:21:00Z,186,42 12 13 26 64 75 23 52 36 3 9 30 53 72 48 61 78 71 21 60,tails,regular,2
2022-10-21T19:24:00Z,188,24 29 21 54 37 48 40 13 36 61 76 74 45 43 46 56 66 65 52 4,tails,major,1
2022-10-21T19:27:00Z,189,80 33 68 55 57 2 26 47 17 51 20 78 79 6 29 50 16 1 18 45,evens,regular,1
2022-10-21T19:30:00Z,190,8 6 14 28 39 13 10 73 31 49 7 9 1 54 34 67 76 41 64 26,heads,regular,3
2022-10-21T19:33:00Z,191,16 71 65 38 27 53 11 44 51 17 39 75 28 22 24 66 33 4 49 2,heads,regular,2
2022-10-21T19:36:00Z,192,51 14 12 65 60 13 47 45 71 17 73 41 2 9 72 48 56 63 42 15,tails,regular,3
2022-10-21T19:39:00Z,193,11 9 44 78 40 35 42 58 69 75 55 8 3 45 53 33 14 25 34 48,evens,regular,3
2022-10-21T19:42:00Z,194,77 14 39 10 51 49 12 78 57 31 13 47 28 40 55 66 33 72 59 42,tails,regular,1
2022-10-21T19:45:00Z,195,74 6 61 23 16 30 52 47 22 29 53 66 63 45 49 13 26 19 32 77,evens,regular,2
2022-10-21T19:48:00Z,197,54 52 17 7 62 15 57 67 47 1 16 55 31 43 79 25 78 50 73 24,tails,minor,1
2022-10-21T19:51:00Z,198,17 2 60 47 49 68 36 13 10 18 32 80 42 43 6 53 48 39 1 26,heads,regular,2
2022-10-21T19:54:00Z,199,65 72 28 34 31 41 55 80 57 3 61 14 22 58 62 2 52 5 48 7,tails,regular,1
2022-10-21T19:57:00Z,200,67 16 66 52 41 11 46 25 65 5 42 54 47 3 61 55 10 73 34 62,tails,minor,1
2022-10-21T20:00:00Z,201,39 22 35 74 21 6 80 68 14 3 48 31 60 52 12 36 4 43 62 10,heads,regular,3
2022-10-21T20:03:00Z,202,58 73 11 56 15 19 52 77 57 64 28 32 24 50 53 10 5 42 1 76,tails,regular,2
2022-10-21T20:06:00Z,203,77 73 23 52 43 40 70 20 18 39 37 25 26 31 80 17 78 33 32 57,heads,minor,2
2022-10-21T20:09:00Z,204,53 46 25 42 59 10 71 50 52 9 68 38 15 65 1 24 66 47 22 69,tails,minor,1
2022-10-21T20:12:00Z,206,29 8 20 62 70 32 53 23 68 73 52 10 47 55 1 12 65 77 72 7,tails,regular,2
2022-10-21T20:15:00Z,207,50 61 25 11 53 36 39 80 5 71 3 58 35 29 70 49 32 69 75 20,evens,minor,2
2022-10-21T20:18:00Z,208,56 52 6 75 7 40 62 55 72 18 21 68 43 38 20 5 76 22 1 39,heads,regular,2
2022-10-21T20:21:00Z,209,61 76 56 36 29 11 73 24 13 51 41 53 21 58 62 49 30 72 44 33,tails,major,1
2022-10-21T20:24:00Z,210,4 58 28 76 29 67 22 71 38 32 46 75 49 53 25 19 36 37 2 24,heads,regular,2
2022-10-21T20:27:00Z,211,21 6 37 20 68 42 73 72 16 60 78 64 38 2 56 67 63 69 35 45,tails,major,5
2022-10-21T20:30:00Z,212,71 25 78 27 9 38 5 23 49 16 29 72 42 32 76 56 66 17 43 61,evens,minor,1
2022-10-21T20:33:00Z,213,80 60 17 16 34 24 19 49 25 22 39 36 44 14 31 74 79 55 12 30,heads,minor,2
2022-10-21T20:36:00Z,215,59 73 70 75 39 79 38 61 46 35 9 24 15 6 18 26 42 78 22 72,evens,regular,1
2022-10-21T20:39:00Z,216,2 52 38 46 23 62 17 13 35 55 4 40 22 36 50 71 8 43 20 34,heads,regular,1
2022-10-21T20:42:00Z,217,63 69 53 33 6 62 73 22 61 4 9 50 72 8 39 74 27 20 37 58,evens,regular,2
2022-10-21T20:45:00Z,218,6 16 61 36 47 42 56 37 26 25 60 19 22 43 13 72 11 49 58 73,evens,minor,4
2022-10-21T20:48:00Z,219,78 17 21 25 47 69 3 57 11 59 72 32 67 33 15 53 14 5 73 60,evens,minor,2
2022-10-21T20:51:00Z,220,68 43 18 29 1 77 3 75 9 49 14 52 53 40 36 30 37 2 80 76,heads,regular,1
2022-10-21T20:54:00Z,221,76 55 34 26 49 18 14 17 33 63 45 28 57 16 47 36 79 9 53 44,evens,regular,3
2022-10-21T20:57:00Z,222,44 4 29 16 30 52 59 62 1 79 41 43 15 11 68 18 10 40 6 78,heads,minor,1
2022-10-21T21:00:00Z,224,79 66 24 63 74 54 30 48 32 61 39 68 52 64 10 9 78 38 11 1,tails,regular,1
2022-10-21T21:03:00Z,225,33 35 76 1 2 30 63 24 39 23 42 56 48 28 19 52 72 12 25 66,heads,major,1
2022-10-21T21:06:00Z,226,19 18 30 54 56 5 39 4 37 62 74 65 51 26 50 20 47 16 28 44,heads,minor,3
2022-10-21T21:09:00Z,227,64 18 79 32 27 28 49 7 53 44 20 43 19 5 15 8 55 50 58 9,heads,major,2
2022-10-21T21:12:00Z,228,18 60 69 9 47 4 27 23 48 8 2 17 5 3 49 43 71 46 73 40,heads,major,3
2022-10-21T21:15:00Z,229,76 51 7 38 28 62 24 80 50 77 27 39 75 23 71 59 25 9 58 70,tails,minor,1
2022-10-21T21:18:00Z,230,31 28 1 17 76 78 52 16 37 48 51 3 47 18 71 13 15 2 29 57,heads,regular,2
2022-10-21T21:21:00Z,231,13 60 36 18 47 50 8 4 77 34 74 14 45 79 54 33 37 39 11 25,heads,regular,4
2022-10-21T21:24:00Z,233,21 9 8 28 3 42 34 62 19 43 56 37 57 45 29 73 36 66 38 67,heads,regular,1
2022-10-21T21:27:00Z,234,12 55 76 61 3 9 23 25 14 80 51 52 20 16 66 7 41 39 22 27,heads,regular,5
2022-10-21T21:30:00Z,235,15 6 18 40 37 71 32 67 12 59 3 65 22 75 49 63 61 29 5 69,heads,regular,2
2022-10-21T21:33:00Z,236,73 16 78 60 11 61 20 7 44 24 56 54 46 72 38 18 13 64 71 53,tails,regular,1
2022-10-21T21:36:00Z,237,73 13 53 28 35 10 70 21 19 14 68 60 52 9 59 49 37 39 2 30,heads,regular,1
2022-10-21T21:39:00Z,238,56 22 6 13 61 29 24 35 40 51 16 20 76 10 62 45 42 25 46 14,heads,regular,1
2022-10-21T21:42:00Z,239,16 25 2 72 10 65 48 74 42 29 40 7 5 28 58 13 30 66 77 80,heads,minor,3
2022-10-21T21:45:00Z,240,67 77 42 39 69 3 12 80 61 33 74 8 65 26 15 45 24 54 53 56,tails,regular,1
2022-10-21T21:48:00Z,242,24 73 6 59 13 25 75 53 50 67 55 79 56 58 14 17 47 12 44 3,tails,major,4
2022-10-21T21:51:00Z,243,44 47 14 19 5 30 43 36 1 17 77 65 53 54 8 4 46 12 20 28,heads,regular,1
2022-10-21T21:54:00Z,244,42 4 6 68 46 8 63 76 13 31 77 66 65 23 54 37 52 5 79 21,tails,regular,2
2022-10-21T21:57:00Z,245,62 41 52 31 73 71 39 72 16 4 40 12 27 76 28 2 60 70 78 35,evens,minor,2
2022-10-21T22:00:00Z,246,73 6 12 62 24 39 10 80 16 13 63 29 74 5 42 32 15 33 27 40,heads,regular,1
2022-10-21T22:03:00Z,247,31 54 5 52 9 59 56 64 13 77 3 27 30 34 7 18 67 24 66 8,heads,major,3
2022-10-21T22:06:00Z,248,35 2 77 59 75 46 60 78 17 10 42 3 45 22 9 55 34 19 70 67,tails,regular,2
2022-10-21T22:09:00Z,249,66 35 3 64 44 14 53 68 55 58 31 6 13 24 34 36 20 54 29 5,heads,regular,3
2022-10-21T22:12:00Z,251,66 5 13 62 8 31 32 68 16 33 36 22 53 79 10 71 17 64 41 52,heads,regular,3
2022-10-21T22:15:00Z,252,50 80 22 42 37 38 48 78 60 32 20 25 7 1 51 4 53 43 9 63,evens,minor,3
2022-10-21T22:18:00Z,253,52 78 55 12 71 33 31 18 73 35 53 14 69 68 42 25 60 77 44 1,tails,major,1
2022-10-21T22:21:00Z,254,79 19 20 22 48 25 4 37 33 80 53 50 35 62 28 6 1 8 64 15,heads,regular,3
2022-10-21T22:24:00Z,255,57 22 63 17 60 6 43 66 19 78 55 54 30 34 38 7 71 65 39 11,evens,minor,1
2022-10-21T22:27:00Z,256,41 78 50 1 2 49 27 57 25 54 3 17 8 10 56 26 62 75 40 24,heads,regular,5
2022-10-21T22:30:00Z,257,36 11 8 31 5 77 29 56 19 38 43 27 16 12 53 78 80 7 48 9,heads,major,2
2022-10-21T22:33:00Z,258,70 50 19 47 7 12 36 34 79 10 28 56 72 44 67 22 39 46 2 42,evens,regular,5
2022-10-21T22:36:00Z,260,25 52 54 6 61 69 45 17 59 11 21 62 16 75 14 1 8 71 5 44,evens,regular,3
2022-10-21T22:39:00Z,261,35 25 13 22 27 34 11 74 63 53 2 20 70 60 40 42 1 59 6 75,heads,regular,1
2022-10-21T22:42:00Z,262,43 79 32 65 21 73 42 4 56 55 51 2 5 39 37 70 29 11 15 62,evens,regular,2
2022-10-21T22:45:00Z,263,72 27 57 54 13 41 14 36 40 78 47 66 46 39 69 5 49 33 4 53,tails,regular,2
2022-10-21T22:48:00Z,264,16 34 66 20 72 68 11 30 22 65 63 39 45 3 1 31 74 29 32 5,heads,regular,3
2022-10-21T22:51:00Z,265,33 32 11 22 7 5 39 64 66 67 72 41 9 50 27 44 4 34 23 1,heads,regular,1
2022-10-21T22:54:00Z,266,14 33 25 21 32 31 34 35 27 38 5 80 37 17 71 55 12 65 49 43,heads,minor,2
2022-10-21T22:57:00Z,267,70 69 34 57 50 56 46 15 73 27 51 32 75 47 6 3 63 38 45 58,tails,regular,5
2022-10-21T23:00:00Z,269,35 54 30 19 28 76 79 38 62 32 69 37 22 18 5 16 4 67 11 80,heads,regular,5
2022-10-21T23:03:00Z,270,55 24 11 34 50 6 54 40 77 3 75 78 69 49 20 22 39 4 5 53,heads,regular,1
2022-10-21T23:06:00Z,271,45 18 7 40 71 73 39 20 5 9 13 34 17 6 55 49 2 15 58 53,heads,regular,3
2022-10-21T23:09:00Z,272,46 28 68 7 78 29 34 56 35 22 49 16 26 47 58 12 54 69 24 67,evens,regular,2
2022-10-21T23:12:00Z,273,43 20 31 42 26 24 64 15 55 32 39 51 63 2 23 21 52 12 48 22,heads,minor,2
2022-10-21T23:15:00Z,274,15 36 59 70 30 79 61 58 17 3 56 63 71 24 33 42 32 62 14 2,evens,major,1
2022-10-21T23:18:00Z,275,31 46 65 42 67 73 25 26 58 35 13 71 44 2 48 24 43 21 15 29,evens,regular,1
2022-10-21T23:21:00Z,276,27 73 54 78 29 66 3 42 65 51 55 79 57 62 37 6 21 48 72 63,tails,regular,10
2022-10-21T23:24:00Z,278,4 51 32 47 57 19 59 77 66 6 16 74 63 44 80 43 45 8 31 69,tails,regular,3
2022-10-21T23:27:00Z,279,22 65 61 78 51 15 29 74 68 34 50 9 58 70 10 71 80 13 52 43,tails,major,3
2022-10-21T23:30:00Z,280,32 3 22 45 10 16 49 18 67 58 61 15 60 40 55 50 43 78 48 34,tails,regular,3
2022-10-21T23:33:00Z,281,25 32 30 26 64 23 46 3 13 56 73 31 24 42 71 68 78 6 80 50,evens,regular,3
2022-10-21T23:36:00Z,282,50 46 41 61 55 35 31 38 68 14 58 70 20 65 13 71 26 3 10 19,evens,regular,3
2022-10-21T23:39:00Z,283,24 7 39 61 59 48 29 10 69 40 2 17 38 73 55 77 4 43 30 41,heads,minor,2
2022-10-21T23:42:00Z,284,42 2 4 9 26 78 5 7 23 74 18 76 11 14 75 51 41 57 59 73,evens,minor,3
2022-10-21T23:45:00Z,285,77 73 34 33 45 14 60 5 1 76 25 41 70 50 56 71 16 7 35 46,tails,minor,1
2022-10-21T23:48:00Z,287,78 33 46 31 40 59 23 71 36 18 30 56 42 79 66 25 17 60 67 57,tails,minor,1
2022-10-21T23:51:00Z,288,37 39 56 3 10 32 17 48 69 44 42 31 71 78 66 20 6 77 35 40,heads,regular,3
2022-10-21T23:54:00Z,289,56 19 1 43 45 49 36 29 59 74 71 69 72 77 2 34 39 75 8 23,tails,regular,3
2022-10-21T23:57:00Z,290,60 57 20 43 73 69 47 27 21 80 10 14 38 53 19 64 5 76 45 11,tails,minor,1
2022-10-22T00:00:00Z,291,26 55 75 49 50 67 40 52 39 73 64 38 57 22 24 63 79 17 3 15,tails,regular,1
2022-10-22T00:03:00Z,292,25 17 79 7 38 74 50 33 76 67 51 28 62 64 60 41 40 15 24 78,tails,regular,1
2022-10-22T00:06:00Z,293,20 65 78 60 12 39 6 11 34 25 3 9 47 79 18 48 19 2 4 69,heads,regular,3
2022-10-22T00:09:00Z,294,69 41 79 23 37 75 36 49 8 35 14 59 6 26 31 18 12 7 3 74,heads,regular,2
2022-10-22T00:12:00Z,296,28 10 18 25 37 36 17 4 47 32 33 64 6 23 79 5 8 51 63 3,heads,regular,1
2022-10-22T00:15:00Z,297,59 46 75 27 54 73 23 6 2 48 60 67 63 43 40 72 22 31 79 15,tails,regular,1
2022-10-22T00:18:00Z,298,61 25 53 52 37 63 3 19 24 58 49 48 62 20 57 27 10 28 13 70,evens,regular,3
2022-10-22T00:21:00Z,299,47 75 27 26 45 12 55 11 66 23 29 43 8 70 17 65 24 9 22 19,heads,regular,1
2022-10-22T00:24:00Z,300,32 20 26 66 12 1 46 73 58 77 15 48 22 39 59 33 65 18 70 16,heads,regular,3
2022-10-22T00:27:00Z,301,14 26 42 19 23 2 43 34 62 71 59 40 48 64 33 68 69 24 74 79,tails,regular,3
2022-10-22T00:30:00Z,302,61 19 43 35 24 13 4 67 74 65 3 46 23 9 45 63 50 11 59 51,tails,regular,1
2022-10-22T00:33:00Z,303,16 7 34 68 26 35 15 55 43 42 41 1 65 9 71 60 70 50 56 53,tails,regular,2
2022-10-22T00:36:00Z,305,32 10 64 60 61 49 1 71 31 62 23 4 44 63 52 22 55 68 35 77,tails,regular,1
2022-10-22T00:39:00Z,306,25 72 19 47 9 66 53 64 34 71 65 18 39 43 4 51 37 33 36 75,evens,regular,1
2022-10-22T00:42:00Z,307,64 45 53 44 35 2 50 48 56 57 61 11 10 54 43 25 60 71 5 22,tails,regular,3
2022-10-22T00:45:00Z,308,37 36 73 12 53 21 52 15 60 64 14 10 9 35 59 2 26 77 27 23,heads,regular,5
2022-10-22T00:48:00Z,309,11 70 55 23 41 49 62 13 22 51 5 75 28 27 63 16 12 24 10 40,heads,minor,1
2022-10-22T00:51:00Z,310,55 52 63 66 51 8 29 20 39 53 60 44 56 59 2 18 74 43 78 36,tails,regular,2
2022-10-22T00:54:00Z,311,52 8 73 21 19 69 32 43 13 70 3 33 5 74 79 14 42 6 16 39,heads,regular,1
2022-10-22T00:57:00Z,312,32 53 10 38 60 64 69 74 77 61 28 40 73 31 75 24 49 8 52 1,tails,minor,1
2022-10-22T01:00:00Z,314,68 58 34 9 24 54 42 10 44 27 71 79 25 60 21 39 7 67 8 74,evens,regular,3
2022-10-22T01:03:00Z,315,44 7 46 2 38 66 19 13 54 16 12 45 24 49 11 8 15 34 1 22,heads,regular,3
2022-10-22T01:06:00Z,316,43 61 17 35 37 26 15 46 47 73 29 70 76 8 38 25 78 22 56 20,heads,regular,2
2022-10-22T01:09:00Z,317,14 47 66 59 58 75 17 43 36 26 64 76 11 31 57 55 29 38 6 25,evens,regular,3
2022-10-22T01:12:00Z,318,11 59 67 28 61 6 1 72 63 4 9 51 14 76 45 56 77 71 17 23,tails,minor,2
2022-10-22T01:15:00Z,319,35 59 78 61 62 45 25 11 31 12 47 68 32 7 41 4 34 26 1 51,heads,minor,1
2022-10-22T01:18:00Z,320,30 11 8 65 17 20 3 75 79 49 66 44 60 6 32 29 47 78 51 54,tails,regular,3
2022-10-22T01:21:00Z,321,80 25 71 73 4 65 3 24 30 9 40 56 76 46 37 60 69 63 8 72,tails,major,1
2022-10-22T01:24:00Z,323,49 5 71 17 61 24 46 14 64 51 70 76 1 75 16 7 31 54 36 45,tails,regular,1
2022-10-22T01:27:00Z,324,38 63 26 2 42 76 47 78 41 62 25 66 6 10 20 74 36 72 35 15,evens,regular,1
2022-10-22T01:30:00Z,325,7 13 29 51 28 35 77 26 78 57 46 60 33 80 6 50 3 47 72 65,tails,regular,3
2022-10-22T01:33:00Z,326,71 77 25 19 37 23 5 4 42 17 59 18 9 48 24 29 30 45 69 57,heads,regular,1
2022-10-22T01:36:00Z,327,2 58 60 51 15 14 32 62 67 26 68 35 46 79 42 37 3 61 9 10,evens,regular,2
2022-10-22T01:39:00Z,328,38 79 13 61 33 14 36 63 17 51 73 6 58 26 5 50 59 52 71 31,evens,regular,2
2022-10-22T01:42:00Z,329,43 73 36 9 61 78 37 16 51 66 25 65 60 12 69 54 62 7 21 40,tails,regular,2
2022-10-22T01:45:00Z,330,63 77 42 61 52 29 64 70 32 5 37 2 58 43 72 47 66 46 56 30,tails,minor,2
2022-10-22T01:48:00Z,332,64 35 20 46 68 31 69 55 3 79 65 44 78 2 53 37 25 15 62 28,tails,regular,1
2022-10-22T01:51:00Z,333,74 45 17 50 75 70 42 58 48 7 10 23 73 34 20 26 71 44 15 25,tails,major,1
2022-10-22T01:54:00Z,334,36 58 53 25 31 52 21 4 48 66 26 62 67 74 65 45 37 39 8 41,tails,regular,1
2022-10-22T01:57:00Z,335,27 12 42 47 1 20 35 29 25 39 37 41 40 66 21 73 9 77 78 14,heads,regular,1
2022-10-22T02:00:00Z,336,69 27 11 71 56 55 57 77 34 40 35 48 75 66 43 44 21 79 38 39,tails,regular,1
2022-10-22T02:03:00Z,337,38 25 9 12 45 5 42 66 80 54 17 22 59 35 8 19 31 13 65 7,heads,regular,2
2022-10-22T02:06:00Z,338,62 16 26 50 51 64 77 72 65 1 68 11 19 29 70 58 49 43 37 45,tails,minor,3
2022-10-22T02:09:00Z,339,37 21 10 32 23 12 24 26 62 65 72 34 66 25 36 33 54 61 38 67,heads,regular,2
2022-10-22T02:12:00Z,341,22 79 26 54 33 39 31 78 63 49 46 55 3 51 15 44 45 53 61 17,tails,regular,2
2022-10-22T02:15:00Z,342,24 68 61 42 5 26 37 1 18 34 66 70 47 79 46 3 45 51 58 71,tails,regular,1
2022-10-22T02:18:00Z,343,37 17 34 33 1 69 18 74 20 13 71 5 68 65 11 30 73 29 24 16,heads,regular,1
2022-10-22T02:21:00Z,344,1 20 76 68 53 8 9 26 56 70 78 50 47 62 31 60 59 29 21 52,tails,regular,3
2022-10-22T02:24:00Z,345,47 16 23 61 51 68 2 72 33 58 25 44 52 75 54 10 64 21 76 29,tails,regular,3
2022-10-22T02:27:00Z,346,46 41 74 22 45 68 53 54 20 51 8 80 39 18 56 19 14 78 62 73,tails,regular,5
2022-10-22T02:30:00Z,347,49 25 52 76 43 2 74 58 51 30 20 56 1 46 66 19 12 65 24 68,tails,regular,1
2022-10-22T02:33:00Z,348,55 13 64 33 19 67 28 50 63 52 58 1 21 11 29 24 69 76 3 66,evens,minor,1
2022-10-22T02:36:00Z,350,42 54 25 60 57 44 15 8 26 1 5 67 9 3 63 10 16 17 47 33,heads,regular,3
2022-10-22T02:39:00Z,351,32 62 17 4 25 37 38 18 74 15 65 63 70 59 56 53 16 66 7 3,heads,regular,2
2022-10-22T02:42:00Z,352,37 6 67 58 27 2 10 39 16 50 18 24 7 73 26 22 31 42 30 46,heads,regular,3
2022-10-22T02:45:00Z,353,54 18 74 44 68 7 10 46 11 78 55 45 25 51 22 59 72 20 21 77,tails,regular,3
2022-10-22T02:48:00Z,354,36 80 34 39 13 2 20 46 49 24 64 6 37 4 55 21 74 69 38 75,heads,regular,1
2022-10-22T02:51:00Z,355,11 62 40 9 32 8 42 36 61 78 43 56 72 7 51 73 29 13 6 12,heads,regular,1
2022-10-22T02:54:00Z,356,23 12 4 44 63 67 48 53 41 58 29 66 17 73 24 1 2 55 32 47,tails,regular,1
2022-10-22T02:57:00Z,357,80 12 63 64 6 78 5 68 19 59 52 29 30 42 60 11 47 1 25 7,evens,regular,4
2022-10-22T03:00:00Z,359,27 22 28 21 53 19 32 79 35 52 16 5 57 2 39 59 26 6 20 56,heads,regular,3
2022-10-22T03:03:00Z,360,7 54 48 25 11 29 5 8 12 4 21 44 22 13 18 2 60 27 9 45,heads,regular,1
2022-10-22T03:06:00Z,361,74 40 25 65 52 72 16 6 69 42 33 15 55 14 41 59 60 32 49 19,tails,regular,4
2022-10-22T03:09:00Z,362,64 77 30 13 15 80 5 49 6 70 11 35 68 29 39 52 1 24 54 78,heads,regular,1
2022-10-22T03:12:00Z,363,9 23 28 20 10 60 72 56 66 30 21 41 6 42 50 73 71 43 38 75,tails,regular,1
2022-10-22T03:15:00Z,364,73 66 15 1 61 75 32 31 40 3 2 68 29 72 9 7 50 33 71 37,heads,regular,2
2022-10-22T03:18:00Z,365,79 24 40 28 69 61 22 10 42 59 77 9 11 15 75 60 48 50 5 1,evens,major,1
2022-10-22T03:21:00Z,366,24 11 20 63 25 57 50 33 6 49 79 77 65 61 32 1 80 36 16 15,heads,regular,1
2022-10-22T03:24:00Z,368,59 44 63 8 50 66 72 71 20 24 34 25 52 11 37 14 41 75 68 53,tails,regular,1
2022-10-22T03:27:00Z,369,14 72 48 20 61 39 60 5 55 38 19 73 79 74 45 31 43 67 42 63,tails,regular,2
2022-10-22T03:30:00Z,370,69 46 73 27 1 24 12 23 14 2 68 31 5 11 79 59 29 16 7 41,heads,minor,3
2022-10-22T03:33:00Z,371,55 40 27 41 67 25 26 79 49 69 64 33 78 13 21 74 8 58 60 3,tails,major,1
2022-10-22T03:36:00Z,372,54 71 4 28 41 48 51 26 68 23 49 67 27 65 74 10 44 60 31 56,tails,regular,1
2022-10-22T03:39:00Z,373,60 9 1 13 73 42 52 16 36 46 23 20 72 5 12 49 47 19 34 31,heads,regular,3
2022-10-22T03:42:00Z,374,72 52 40 38 3 31 34 8 1 41 5 24 43 67 61 55 80 32 76 10,heads,regular,1
2022-10-22T03:45:00Z,375,40 64 5 9 55 14 47 18 39 28 72 25 52 78 62 38 68 29 10 74,heads,major,1
2022-10-22T03:48:00Z,377,33 37 63 44 18 3 64 61 5 74 53 68 40 19 39 30 58 52 35 65,evens,regular,1
2022-10-22T03:51:00Z,378,48 21 14 17 52 74 1 3 8 6 68 40 37 28 66 15 22 76 54 49,heads,regular,5
2022-10-22T03:54:00Z,379,24 33 55 79 66 51 22 59 27 56 31 61 4 10 50 49 17 53 42 26,tails,regular,1
2022-10-22T03:57:00Z,380,64 12 63 55 29 74 43 14 8 6 30 57 50 7 51 44 42 68 31 10,tails,regular,4
2022-10-22T04:00:00Z,381,67 42 75 33 11 58 64 41 66 65 43 79 49 60 57 20 72 36 77 3,tails,minor,3
2022-10-22T04:03:00Z,382,59 19 34 35 71 57 78 16 22 18 62 72 44 47 6 30 58 75 29 64,tails,regular,2
2022-10-22T04:06:00Z,383,63 37 12 73 6 34 26 65 15 54 5 62 57 7 35 9 39 52 32 17,heads,minor,2
2022-10-22T04:09:00Z,384,42 35 13 24 38 29 67 9 52 54 17 60 64 69 36 72 79 14 22 27,heads,minor,10
2022-10-22T04:12:00Z,386,29 55 56 45 31 24 79 63 53 42 3 50 47 36 11 65 15 17 66 78,tails,minor,2
2022-10-22T04:15:00Z,387,75 57 68 32 70 7 30 73 22 16 11 18 34 40 29 15 67 37 25 8,heads,regular,2
2022-10-22T04:18:00Z,388,22 59 55 57 48 10 19 35 4 40 24 75 43 28 45 14 50 2 60 49,evens,minor,3
2022-10-22T04:21:00Z,389,13 46 9 2 51 59 78 32 25 67 20 18 35 16 23 24 21 61 56 53,heads,minor,1
2022-10-22T04:24:00Z,390,3 49 60 74 20 12 46 76 39 67 40 72 70 57 45 80 51 7 11 1,tails,regular,2
2022-10-22T04:27:00Z,391,65 27 61 25 80 8 34 54 63 66 7 12 9 28 58 22 53 17 57 37,heads,regular,1
2022-10-22T04:30:00Z,392,71 20 6 11 8 78 24 14 7 27 10 28 4 72 13 25 79 34 69 19,heads,minor,3
2022-10-22T04:33:00Z,393,49 56 31 60 52 8 48 74 34 15 16 63 4 73 62 27 26 76 6 41,tails,regular,3
2022-10-22T04:36:00Z,395,35 47 17 61 5 62 73 7 12 72 59 9 43 21 34 67 54 70 41 42,tails,regular,1
2022-10-22T04:39:00Z,396,54 6 44 72 76 59 23 68 25 35 77 51 11 43 29 79 70 7 62 63,tails,regular,1
2022-10-22T04:42:00Z,397,2 70 78 37 31 56 22 68 20 71 52 18 69 36 11 43 65 5 12 8,heads,regular,3
2022-10-22T04:45:00Z,398,33 46 65 51 62 39 27 7 55 21 28 32 25 50 18 37 45 14 75 13,heads,major,1
2022-10-22T04:48:00Z,399,67 64 71 76 22 40 42 37 35 34 69 36 8 43 38 75 7 21 48 74,evens,minor,1
2022-10-22T04:51:00Z,400,34 40 28 58 12 23 69 41 16 62 8 18 15 51 32 67 39 24 48 20,heads,regular,5
2022-10-22T04:54:00Z,401,47 74 27 1 33 20 51 50 79 52 59 48 3 19 60 2 30 21 24 57,evens,regular,3
2022-10-22T04:57:00Z,402,71 35 31 6 36 48 2 27 18 37 80 30 77 25 7 75 53 34 12 70,heads,regular,3
2022-10-22T05:00:00Z,404,40 29 3 74 27 19 65 76 53 17 15 9 18 4 52 36 48 68 26 66,heads,minor,3
2022-10-22T05:03:00Z,405,49 73 9 59 62 72 60 16 12 34 57 15 39 23 20 80 54 2 41 48,tails,regular,2
2022-10-22T05:06:00Z,406,59 17 3 70 15 62 68 18 22 2 76 34 80 72 52 47 14 20 73 39,evens,regular,2
2022-10-22T05:09:00Z,407,66 79 72 75 39 20 1 18 48 73 30 26 25 47 28 22 14 5 37 46,heads,regular,2
2022-10-22T05:12:00Z,408,58 51 19 1 62 65 71 55 33 77 29 32 52 21 5 49 46 3 34 17,evens,regular,2
2022-10-22T05:15:00Z,409,37 19 52 6 66 63 32 42 49 51 8 9 14 12 26 74 27 60 48 53,evens,minor,3
2022-10-22T05:18:00Z,410,5 41 66 57 3 17 75 79 2 71 59 36 44 48 43 20 28 8 14 34,evens,regular,3
2022-10-22T05:21:00Z,411,15 59 58 51 1 64 75 79 53 8 71 62 45 55 20 11 72 80 69 4,tails,minor,2
2022-10-22T05:24:00Z,413,15 3 51 65 46 64 25 8 28 59 12 4 79 18 29 67 39 7 34 75,heads,regular,1
2022-10-22T05:27:00Z,414,41 58 18 47 35 50 57 68 30 2 46 31 54 36 9 11 38 55 26 14,heads,regular,3
2022-10-22T05:30:00Z,415,28 16 51 3 49 5 39 9 34 64 71 19 75 24 77 65 69 60 68 50,tails,regular,3
2022-10-22T05:33:00Z,416,30 21 43 76 4 26 63 69 19 37 28 40 10 2 73 32 20 57 22 56,heads,regular,1
2022-10-22T05:36:00Z,417,72 20 78 56 46 75 68 42 65 17 53 35 32 10 61 50 80 76 43 18,tails,minor,1
2022-10-22T05:39:00Z,418,8 5 26 67 60 46 63 64 24 20 52 70 53 11 18 39 30 51 37 59,evens,regular,2
2022-10-22T05:42:00Z,419,50 75 4 21 49 64 79 42 32 35 74 28 69 60 55 70 30 41 7 12,tails,regular,1
2022-10-22T05:45:00Z,420,45 55 42 76 56 57 17 59 43 72 31 54 23 33 4 15 2 52 10 13,tails,regular,1
2022-10-22T05:48:00Z,422,69 15 47 61 75 74 1 60 57 18 5 70 29 34 7 58 55 64 52 73,tails,regular,3
2022-10-22T05:51:00Z,423,25 42 48 9 37 20 58 33 78 6 39 76 21 7 59 32 49 43 79 19,heads,regular,2
2022-10-22T05:54:00Z,424,16 65 40 30 24 38 68 9 10 4 34 33 8 67 41 55 54 75 12 37,heads,regular,3
2022-10-22T05:57:00Z,425,11 20 52 57 6 30 42 46 47 24 60 9 19 38 36 18 56 43 21 63,heads,regular,1
2022-10-22T06:00:00Z,426,47 80 35 62 1 72 23 15 36 2 75 20 4 63 64 38 66 59 41 17,evens,regular,1
2022-10-22T06:03:00Z,427,50 21 5 76 32 10 61 14 3 35 22 13 63 8 37 27 49 47 42 48,heads,regular,2
2022-10-22T06:06:00Z,428,8 63 23 30 18 5 64 33 16 35 62 6 25 12 49 50 78 51 44 76,heads,minor,3
2022-10-22T06:09:00Z,429,59 61 7 28 21 78 69 52 63 31 36 71 44 17 22 47 51 23 8 15,evens,regular,2
2022-10-22T06:12:00Z,431,71 68 61 77 48 72 66 7 57 46 14 6 34 25 40 23 22 76 9 19,evens,regular,3
2022-10-22T06:15:00Z,432,12 77 67 39 74 35 36 61 53 24 73 78 5 8 69 21 1 34 32 38,heads,regular,1
2022-10-22T06:18:00Z,433,70 75 49 55 7 51 71 37 54 79 44 28 78 62 23 58 65 35 4 12,tails,regular,2
2022-10-22T06:21:00Z,434,17 26 27 47 19 48 61 70 34 60 56 8 39 6 57 20 11 37 7 23,heads,regular,1
2022-10-22T06:24:00Z,435,34 36 59 63 28 11 66 57 14 42 61 73 33 4 69 49 20 38 80 12,evens,regular,2
2022-10-22T06:27:00Z,436,65 70 21 31 59 72 80 73 25 71 33 10 28 62 20 79 50 78 8 4,tails,regular,1
2022-10-22T06:30:00Z,437,64 16 45 37 48 12 41 28 6 35 62 66 14 71 53 38 42 29 44 60,tails,minor,2
2022-10-22T06:33:00Z,438,68 22 21 6 72 7 39 12 60 34 15 65 42 19 54 8 75 2 76 38,heads,regular,2
2022-10-22T06:36:00Z,440,4 35 78 21 63 24 44 50 36 45 30 5 74 73 57 68 38 48 33 26,evens,regular,1
2022-10-22T06:39:00Z,441,28 51 10 49 53 2 80 4 55 75 78 47 36 64 12 25 43 59 69 45,tails,regular,2
2022-10-22T06:42:00Z,442,62 43 11 16 22 53 37 48 41 67 28 8 6 31 51 69 71 35 63 58,tails,regular,1
2022-10-22T06:45:00Z,443,37 60 38 16 15 21 30 28 73 56 13 29 7 22 3 40 47 71 23 8,heads,minor,3
2022-10-22T06:48:00Z,444,5 9 66 17 34 28 37 63 23 26 72 10 25 35 78 39 13 7 20 46,heads,regular,1
2022-10-22T06:51:00Z,445,7 68 3 21 75 22 9 16 76 65 42 2 69 31 11 6 49 17 14 8,heads,regular,1
2022-10-22T06:54:00Z,446,80 5 38 8 7 65 16 6 32 36 20 54 31 41 33 45 27 79 49 11,heads,major,2
2022-10-22T06:57:00Z,447,80 38 53 5 79 41 33 45 8 71 69 20 54 30 37 64 28 66 75 2,tails,minor,2
2022-10-22T07:00:00Z,449,38 48 47 68 11 10 75 43 9 57 73 24 5 49 29 55 7 20 42 8,evens,minor,1
2022-10-22T07:03:00Z,450,28 62 9 75 67 48 1 14 37 41 20 60 69 34 2 8 4 21 51 66,heads,regular,1
2022-10-22T07:06:00Z,451,15 52 23 78 71 33 57 42 76 55 37 67 21 11 63 20 17 72 7 32,evens,regular,2
2022-10-22T07:09:00Z,452,8 36 69 7 79 4 80 23 68 41 22 25 21 73 38 28 77 71 13 1,heads,minor,2
2022-10-22T07:12:00Z,453,73 40 70 78 53 46 45 24 11 52 23 51 35 65 63 36 49 39 72 44,tails,regular,1
2022-10-22T07:15:00Z,454,1 17 39 71 33 79 48 6 4 77 40 16 65 42 46 66 67 13 20 62,evens,regular,1
2022-10-22T07:18:00Z,455,55 56 60 3 48 36 67 2 15 54 71 73 66 9 63 46 7 58 45 25,tails,regular,3
2022-10-22T07:21:00Z,456,54 38 25 68 70 39 7 72 1 12 36 34 61 69 16 44 45 41 18 57,evens,regular,1
2022-10-22T07:24:00Z,458,76 54 37 68 79 72 21 56 45 14 53 23 22 60 26 16 74 27 73 61,tails,regular,2
2022-10-22T07:27:00Z,459,5 3 75 22 20 29 73 42 79 63 12 30 57 48 36 66 80 45 6 19,evens,regular,2
2022-10-22T07:30:00Z,460,67 50 17 7 76 66 48 64 16 77 39 35 55 62 71 26 19 22 11 18,evens,regular,2
2022-10-22T07:33:00Z,461,66 16 15 71 72 2 69 70 32 43 3 50 35 11 30 5 19 49 58 61,evens,regular,2
2022-10-22T07:36:00Z,462,55 43 32 24 58 23 40 69 77 14 37 17 75 72 28 65 21 20 63 56,evens,minor,2
2022-10-22T07:39:00Z,463,60 62 12 53 79 29 74 7 28 71 43 8 42 67 16 52 40 6 63 2,tails,minor,2
2022-10-22T07:42:00Z,464,48 30 63 56 76 72 52 59 40 17 35 53 20 51 33 71 10 36 9 18,evens,regular,2
2022-10-22T07:45:00Z,465,27 23 53 9 31 12 46 4 5 49 36 18 39 21 78 13 72 25 54 77,heads,regular,1
2022-10-22T07:48:00Z,467,33 38 34 74 28 1 25 52 13 3 16 61 22 76 56 63 50 65 41 72,evens,minor,10
2022-10-22T07:51:00Z,468,36 67 1 27 10 5 70 19 75 71 59 25 61 28 52 65 7 14 57 24,heads,regular,1
2022-10-22T07:54:00Z,469,76 60 66 52 22 1 35 53 71 34 55 59 4 24 30 78 33 17 28 49,evens,minor,1
2022-10-22T07:57:00Z,470,11 32 43 48 40 5 80 4 66 63 56 61 71 13 9 49 67 64 60 65,tails,minor,1
2022-10-22T08:00:00Z,471,41 39 20 14 56 53 71 31 48 63 24 2 16 8 40 29 42 6 36 66,heads,regular,5
2022-10-22T08:03:00Z,472,67 70 74 8 69 40 24 7 65 77 12 20 18 36 68 80 44 23 64 32,evens,minor,2
2022-10-22T08:06:00Z,473,25 53 44 28 56 29 32 75 67 18 52 76 27 21 39 13 30 70 26 73,heads,regular,1
2022-10-22T08:09:00Z,474,21 66 76 9 74 5 61 53 39 52 4 56 48 44 68 80 8 45 58 55,tails,regular,1
2022-10-22T08:12:00Z,476,6 60 71 1 37 17 80 39 66 56 44 14 46 41 42 3 4 40 38 22,heads,minor,5
2022-10-22T08:15:00Z,477,50 31 1 6 17 63 75 30 37 69 47 74 43 16 56 23 73 21 61 8,evens,regular,2
2022-10-22T08:18:00Z,478,39 56 16 33 47 6 64 60 22 32 80 31 9 29 68 53 17 67 42 21,heads,regular,1
2022-10-22T08:21:00Z,479,17 34 42 79 75 23 46 63 60 10 30 54 21 37 16 69 14 22 59 52,evens,minor,10
2022-10-22T08:24:00Z,480,38 9 45 20 78 29 72 42 41 39 66 18 43 40 65 26 37 3 4 31,heads,major,1
2022-10-22T08:27:00Z,481,43 64 16 28 5 9 26 58 46 48 35 57 45 60 63 21 15 29 20 69,evens,regular,3
2022-10-22T08:30:00Z,482,18 24 76 19 60 39 73 77 62 45 68 4 79 21 59 51 48 67 29 71,tails,regular,1
2022-10-22T08:33:00Z,483,26 77 76 55 57 17 46 47 5 41 59 38 11 43 25 67 21 2 31 3,evens,regular,1
2022-10-22T08:36:00Z,485,6 76 50 61 40 47 38 70 55 34 10 69 79 45 73 28 58 77 66 30,tails,minor,3
2022-10-22T08:39:00Z,486,69 74 2 17 4 37 7 44 27 20 71 36 28 13 53 52 60 80 11 12,heads,regular,1
2022-10-22T08:42:00Z,487,40 61 25 12 33 26 64 71 30 54 46 45 6 62 41 27 35 29 19 7,heads,regular,1
2022-10-22T08:45:00Z,488,69 34 23 41 77 54 27 8 35 52 28 14 66 4 9 67 40 58 37 17,heads,minor,2
2022-10-22T08:48:00Z,489,40 46 21 34 14 78 36 35 19 15 10 30 60 4 39 29 77 38 3 69,heads,minor,1
2022-10-22T08:51:00Z,490,23 4 45 78 3 6 76 21 65 70 74 62 27 75 79 72 69 39 2 28,tails,regular,3
2022-10-22T08:54:00Z,491,72 23 30 49 5 80 57 51 53 18 68 7 45 79 43 9 26 17 64 22,tails,regular,1
2022-10-22T08:57:00Z,492,26 72 9 11 2 43 18 71 37 30 1 73 40 80 27 38 6 39 65 41,heads,regular,3
2022-10-22T09:00:00Z,494,17 20 55 30 48 54 12 34 76 11 80 21 19 62 4 50 27 74 66 68,evens,regular,1
2022-10-22T09:03:00Z,495,73 25 65 50 2 6 52 22 1 35 51 42 13 16 77 32 67 11 56 76,evens,minor,4
2022-10-22T09:06:00Z,496,25 42 40 36 17 3 55 61 78 69 26 73 46 66 14 28 21 19 23 79,heads,regular,3
2022-10-22T09:09:00Z,497,39 62 2 38 17 1 41 49 60 64 21 31 46 16 72 4 52 55 73 45,tails,major,1
2022-10-22T09:12:00Z,498,52 53 77 74 37 54 25 14 71 12 75 76 59 46 66 73 38 65 78 70,tails,regular,1
2022-10-22T09:15:00Z,499,71 78 9 32 44 38 76 63 17 58 50 7 46 19 59 64 41 4 67 26,tails,major,1
2022-10-22T09:18:00Z,500,28 41 69 67 14 10 56 77 26 46 76 30 52 9 53 40 17 78 80 25,tails,regular,3
2022-10-22T09:21:00Z,501,36 1 52 48 19 72 47 23 21 46 3 20 15 75 42 25 53 59 29 70,evens,regular,3
2022-10-22T09:24:00Z,503,24 71 60 59 48 73 38 70 43 29 3 54 27 23 33 36 75 49 8 63,tails,minor,3
2022-10-22T09:27:00Z,504,11 10 7 44 23 17 70 41 78 54 56 58 67 60 15 57 16 43 37 42,tails,major,2
2022-10-22T09:30:00Z,505,46 71 49 79 35 44 14 4 38 42 78 23 31 73 58 10 20 45 54 27,tails,regular,3
2022-10-22T09:33:00Z,506,34 76 47 10 22 35 25 67 79 11 39 3 42 60 33 50 64 13 72 66,evens,major,4
2022-10-22T09:36:00Z,507,48 11 4 75 10 55 13 30 78 37 61 35 38 72 7 29 19 9 79 33,heads,major,1
2022-10-22T09:39:00Z,508,12 79 67 48 72 7 75 9 35 33 3 4 29 50 55 53 28 32 16 80,heads,minor,3
2022-10-22T09:42:00Z,509,33 30 70 2 14 68 67 75 31 48 64 79 11 60 6 12 47 37 8 43,evens,minor,10
2022-10-22T09:45:00Z,510,49 45 38 12 53 36 56 35 43 62 14 15 9 33 40 30 8 68 70 48,heads,major,2
2022-10-22T09:48:00Z,512,16 66 14 11 54 43 57 26 80 32 41 71 37 77 21 4 72 35 38 60,evens,regular,1
2022-10-22T09:51:00Z,513,15 19 14 20 21 48 34 57 36 47 6 3 22 16 63 75 76 70 71 68,heads,minor,2
2022-10-22T09:54:00Z,514,60 52 61 25 64 74 57 19 24 10 33 78 26 62 13 63 17 47 70 68,tails,regular,1
2022-10-22T09:57:00Z,515,68 22 45 6 15 25 63 49 43 20 44 13 47 59 66 69 8 28 42 62,tails,regular,3
2022-10-22T10:00:00Z,516,60 78 32 62 61 29 72 73 49 56 45 52 57 8 51 36 6 71 64 53,tails,minor,2
2022-10-22T10:03:00Z,517,58 28 60 51 22 61 5 57 59 46 77 42 41 35 64 25 67 21 14 49,tails,regular,2
2022-10-22T10:06:00Z,518,2 59 68 32 66 77 60 30 70 37 51 22 14 67 25 80 24 4 19 36,heads,regular,2
2022-10-22T10:09:00Z,519,76 26 11 65 67 7 13 79 3 36 48 54 45 72 30 33 75 42 1 16,evens,regular,3
2022-10-22T10:12:00Z,521,26 67 53 51 18 80 59 63 5 72 28 35 44 76 58 25 41 33 9 13,tails,minor,3
2022-10-22T10:15:00Z,522,64 77 79 45 70 71 31 17 3 5 27 36 20 44 32 38 35 23 7 16,heads,regular,3
2022-10-22T10:18:00Z,523,57 27 61 79 38 76 22 77 12 73 29 14 35 3 32 80 43 62 10 30,heads,regular,2
2022-10-22T10:21:00Z,524,3 62 27 31 52 51 65 8 2 63 21 73 10 67 64 40 9 43 76 56,tails,minor,10
2022-10-22T10:24:00Z,525,45 1 17 33 49 58 9 5 37 80 70 7 55 59 42 47 51 15 62 66,tails,minor,1
2022-10-22T10:27:00Z,526,65 40 63 26 21 42 10 71 67 31 59 55 80 62 17 60 57 12 58 38,tails,minor,1
2022-10-22T10:30:00Z,527,41 15 58 44 10 31 75 11 56 5 48 1 21 62 64 70 22 29 79 80,tails,regular,2
2022-10-22T10:33:00Z,528,24 66 51 21 42 33 75 3 60 47 32 16 64 53 7 46 79 80 61 23,tails,regular,1
2022-10-22T10:36:00Z,530,61 66 24 75 34 54 72 60 22 59 78 67 56 20 7 31 39 36 19 6,evens,minor,3
2022-10-22T10:39:00Z,531,74 29 1 72 9 59 61 68 73 63 10 13 28 40 20 44 14 12 23 47,heads,minor,2
2022-10-22T10:42:00Z,532,27 36 35 14 12 44 32 42 47 68 9 51 10 66 24 30 49 48 46 41,evens,regular,2
2022-10-22T10:45:00Z,533,39 33 60 59 43 13 16 35 7 6 78 55 64 67 41 24 21 29 45 30,heads,regular,1
2022-10-22T10:48:00Z,534,78 19 26 12 55 7 29 41 37 38 14 58 47 30 70 22 20 62 42 45,heads,regular,2
2022-10-22T10:51:00Z,535,62 69 71 44 40 14 43 24 33 47 29 63 51 30 61 8 25 16 36 37,heads,regular,2
2022-10-22T10:54:00Z,536,45 79 76 47 27 77 49 33 6 26 16 52 80 22 32 36 69 25 54 15,evens,regular,1
2022-10-22T10:57:00Z,537,40 52 6 69 30 4 18 50 14 19 10 70 38 54 77 62 17 25 51 64,heads,regular,3
2022-10-22T11:00:00Z,539,34 7 5 20 62 17 31 42 24 25 11 69 78 70 23 61 60 45 1 32,heads,regular,1
2022-10-22T11:03:00Z,540,67 37 80 35 45 8 39 26 74 14 6 18 10 31 76 23 53 78 52 43,heads,regular,1
2022-10-22T11:06:00Z,541,27 10 24 12 38 61 44 11 58 31 19 73 46 48 28 17 14 59 60 66,heads,major,1
2022-10-22T11:09:00Z,542,66 20 58 6 61 53 43 27 64 38 28 78 34 49 47 52 26 77 4 32,tails,regular,3
2022-10-22T11:12:00Z,543,11 14 23 34 44 79 53 45 48 49 33 63 70 26 1 72 32 69 9 51,tails,minor,3
2022-10-22T11:15:00Z,544,80 32 44 66 37 73 12 41 50 7 57 35 76 70 3 8 2 13 38 16,heads,minor,2
2022-10-22T11:18:00Z,545,80 30 15 78 37 53 27 35 36 55 5 47 14 33 46 4 75 71 60 45,evens,regular,2
2022-10-22T11:21:00Z,546,44 60 48 54 32 17 33 64 39 20 46 49 57 8 70 47 6 29 50 67,tails,regular,2
2022-10-22T11:24:00Z,548,45 31 67 39 66 51 32 50 24 17 47 65 36 25 68 13 1 46 14 8,heads,minor,3
2022-10-22T11:27:00Z,549,69 79 56 27 46 22 50 18 39 63 28 37 73 40 29 75 14 43 49 45,tails,regular,1
2022-10-22T11:30:00Z,550,24 60 45 47 7 36 40 63 57 2 43 49 1 67 56 26 25 23 34 29,heads,regular,2
2022-10-22T11:33:00Z,551,21 58 16 61 66 37 23 12 65 75 73 69 27 3 62 77 80 25 15 7,evens,major,3
2022-10-22T11:36:00Z,552,68 28 74 26 54 38 20 44 25 52 21 65 8 33 77 13 51 80 46 16,evens,regular,2
2022-10-22T11:39:00Z,553,58 25 32 40 2 14 24 21 5 43 16 3 44 54 11 36 51 52 20 50,heads,minor,2
2022-10-22T11:42:00Z,554,48 36 6 24 70 35 51 5 65 46 30 56 3 39 18 54 68 75 26 44,evens,regular,3
2022-10-22T11:45:00Z,555,63 9 43 50 5 62 48 75 73 40 55 25 58 47 64 24 20 69 54 61,tails,regular,3
2022-10-22T11:48:00Z,557,38 34 8 78 46 22 56 41 62 68 76 42 19 31 79 6 5 15 27 2,heads,regular,1
2022-10-22T11:51:00Z,558,4 49 77 50 47 27 43 42 11 62 44 68 2 28 75 38 14 69 54 58,tails,regular,4
2022-10-22T11:54:00Z,559,74 40 23 43 62 29 61 63 2 5 11 24 71 9 47 72 13 45 48 51,tails,minor,1
2022-10-22T11:57:00Z,560,44 74 80 63 55 78 4 5 76 20 39 52 73 47 79 53 23 49 33 50,tails,minor,1
2022-10-22T12:00:00Z,561,22 64 67 3 56 51 80 6 47 10 48 38 46 18 30 45 76 35 29 20,evens,regular,2
2022-10-22T12:03:00Z,562,38 37 52 53 60 78 39 74 3 32 24 65 25 68 75 6 55 33 46 30,evens,major,1
2022-10-22T12:06:00Z,563,11 12 72 60 70 43 8 49 76 66 64 42 30 25 23 34 61 3 14 27,evens,minor,4
2022-10-22T12:09:00Z,564,34 56 12 67 55 43 23 36 65 6 69 1 42 53 46 79 33 74 5 59,tails,regular,1
2022-10-22T12:12:00Z,566,49 10 74 64 62 18 79 12 24 34 72 1 14 66 11 77 76 61 58 46,tails,regular,1
2022-10-22T12:15:00Z,567,37 65 68 14 20 77 40 25 34 48 16 41 60 46 9 10 78 52 23 27,heads,minor,4
2022-10-22T12:18:00Z,568,70 9 66 72 44 75 10 61 32 77 1 14 28 24 39 12 18 13 15 20,heads,minor,2
2022-10-22T12:21:00Z,569,32 49 38 3 26 59 33 40 24 28 34 7 76 61 42 22 37 31 57 52,heads,minor,1
2022-10-22T12:24:00Z,570,69 13 23 57 64 76 3 33 20 63 72 68 45 39 2 40 28 74 37 22,heads,major,4
2022-10-22T12:27:00Z,571,16 35 46 50 28 1 24 39 36 58 48 7 79 80 10 23 30 56 66 63,heads,regular,2
2022-10-22T12:30:00Z,572,37 68 31 5 66 74 16 67 50 80 29 49 10 13 44 70 64 12 26 65,tails,regular,3
2022-10-22T12:33:00Z,573,42 18 80 63 9 67 66 41 19 55 78 48 47 69 15 71 4 8 6 31,tails,regular,1
2022-10-22T12:36:00Z,575,6 17 47 31 60 62 80 74 22 32 73 30 79 46 71 66 53 8 23 39,tails,minor,1
2022-10-22T12:39:00Z,576,3 30 70 26 52 36 12 73 79 65 28 69 59 57 44 31 60 2 72 67,tails,major,2
2022-10-22T12:42:00Z,577,77 18 74 66 2 25 42 67 55 40 57 8 63 4 13 48 10 1 26 44,evens,regular,3
2022-10-22T12:45:00Z,578,10 59 54 6 55 73 40 72 43 80 28 63 57 49 11 41 36 70 32 67,tails,regular,1
2022-10-22T12:48:00Z,579,11 44 41 26 79 64 65 63 72 14 28 23 57 7 42 6 10 38 66 53,tails,major,3
2022-10-22T12:51:00Z,580,25 74 11 42 4 62 9 43 60 27 29 57 31 41 46 19 58 48 34 63,tails,regular,1
2022-10-22T12:54:00Z,581,38 67 13 65 17 8 34 28 70 79 50 10 77 57 47 16 14 51 3 19,heads,minor,3
2022-10-22T12:57:00Z,582,59 54 33 36 21 69 24 78 66 56 16 57 11 25 55 44 23 43 32 18,evens,regular,1
2022-10-22T13:00:00Z,584,32 17 38 69 61 26 34 75 46 48 22 19 78 51 67 18 71 41 21 74,tails,regular,1
2022-10-22T13:03:00Z,585,72 59 34 68 40 74 79 64 7 63 20 60 49 13 56 36 24 22 26 16,evens,regular,2
2022-10-22T13:06:00Z,586,32 4 48 53 67 13 52 41 23 43 27 47 10 18 26 56 59 44 36 15,evens,regular,2
2022-10-22T13:09:00Z,587,79 25 47 32 17 11 20 19 71 57 46 41 38 74 56 69 49 28 52 36,tails,regular,3
2022-10-22T13:12:00Z,588,11 23 24 20 61 39 41 18 36 12 19 62 80 8 6 34 55 67 65 42,heads,regular,1
2022-10-22T13:15:00Z,589,1 15 46 27 54 3 28 50 78 66 60 72 41 9 40 77 64 36 2 75,tails,minor,2
2022-10-22T13:18:00Z,590,58 23 61 17 42 19 3 15 74 13 43 54 36 41 50 26 5 2 35 33,heads,regular,3
2022-10-22T13:21:00Z,591,33 2 3 20 59 18 52 74 65 6 72 10 61 34 37 44 49 69 70 45,tails,minor,10
2022-10-22T13:24:00Z,593,39 10 78 36 7 50 58 51 57 42 31 53 76 54 67 46 9 34 19 6,tails,minor,10
2022-10-22T13:27:00Z,594,59 11 13 9 57 49 40 67 80 15 72 78 16 42 1 3 62 6 61 18,evens,regular,1
2022-10-22T13:30:00Z,595,4 51 71 25 64 46 61 52 30 28 66 78 19 15 3 75 31 38 22 20,heads,regular,3
2022-10-22T13:33:00Z,596,61 70 54 79 52 27 60 45 53 49 20 21 75 51 67 25 69 50 48 58,tails,regular,3
2022-10-22T13:36:00Z,597,20 61 21 31 63 2 24 79 11 25 36 62 18 14 66 72 71 27 39 70,heads,regular,1
2022-10-22T13:39:00Z,598,64 4 13 36 68 42 77 60 40 32 2 79 39 19 78 10 18 70 47 1,heads,regular,3
2022-10-22T13:42:00Z,599,59 24 9 27 5 31 1 44 2 63 40 18 11 30 52 46 36 76 73 37,heads,regular,10
2022-10-22T13:45:00Z,600,5 45 17 78 40 76 15 61 30 22 49 35 60 16 25 50 65 4 54 10,heads,regular,3
2022-10-22T13:48:00Z,602,46 78 9 55 37 53 16 22 4 30 42 64 66 20 44 31 23 13 32 19,heads,major,3
2022-10-22T13:51:00Z,603,49 76 67 51 33 47 32 44 68 45 66 5 18 6 27 11 50 71 62 7,tails,minor,1
2022-10-22T13:54:00Z,604,59 2 35 28 46 22 45 8 70 5 21 13 33 32 39 34 14 74 3 76,heads,major,1
2022-10-22T13:57:00Z,605,62 21 46 64 8 3 61 5 40 32 31 7 65 58 1 29 44 23 36 10,heads,minor,3
2022-10-22T14:00:00Z,606,39 67 12 66 13 33 11 27 20 9 30 10 17 15 6 80 4 24 21 78,heads,regular,3
2022-10-22T14:03:00Z,607,7 23 14 47 72 26 39 5 64 58 74 1 28 21 12 53 37 78 70 24,heads,regular,2
2022-10-22T14:06:00Z,608,75 43 17 52 71 39 57 48 14 10 21 5 16 37 7 61 79 66 41 28,evens,minor,3
2022-10-22T14:09:00Z,609,57 30 23 58 35 67 55 76 44 20 13 45 40 24 21 66 62 47 41 22,tails,regular,2
2022-10-22T14:12:00Z,611,80 13 76 63 55 19 54 30 62 66 18 64 1 45 22 2 31 73 74 12,tails,regular,2
2022-10-22T14:15:00Z,612,25 30 74 17 38 70 61 69 72 29 5 7 14 51 67 80 12 35 18 9,heads,regular,1
2022-10-22T14:18:00Z,613,65 35 15 79 67 16 43 27 20 54 13 60 33 51 56 58 64 6 21 12,evens,regular,2
2022-10-22T14:21:00Z,614,16 24 28 39 7 65 41 69 53 48 42 58 1 80 15 50 47 11 25 14,evens,regular,1
2022-10-22T14:24:00Z,615,73 56 32 65 80 44 74 22 1 5 11 38 49 15 46 77 43 67 10 72,tails,regular,2
2022-10-22T14:27:00Z,616,42 66 67 72 2 34 55 64 50 14 76 70 4 75 65 52 49 54 3 29,tails,regular,1
2022-10-22T14:30:00Z,617,70 49 37 4 42 38 73 7 16 66 58 80 59 78 48 54 35 21 20 19,tails,minor,1
2022-10-22T14:33:00Z,618,49 65 42 4 38 29 24 5 64 58 31 26 17 80 1 30 8 72 9 46,heads,regular,1
2022-10-22T14:36:00Z,620,4 35 7 30 11 40 80 23 78 52 6 12 57 31 58 69 64 28 15 36,heads,regular,1
2022-10-22T14:39:00Z,621,5 66 19 12 28 62 17 4 60 23 54 44 75 24 52 6 1 79 31 69,heads,regular,2
2022-10-22T14:42:00Z,622,23 49 78 18 25 40 34 77 71 32 1 68 20 60 54 72 70 42 55 37,tails,regular,1
2022-10-22T14:45:00Z,623,66 49 22 21 1 23 26 36 79 8 10 40 25 67 48 78 64 14 38 2,heads,regular,1
2022-10-22T14:48:00Z,624,70 5 1 28 39 26 48 68 35 67 53 71 51 42 33 50 76 64 47 75,tails,minor,1
2022-10-22T14:51:00Z,625,48 49 50 29 69 57 34 64 44 59 52 31 74 77 73 4 19 21 80 8,tails,regular,1
2022-10-22T14:54:00Z,626,19 46 70 36 45 49 77 3 80 71 61 4 5 75 13 51 26 63 38 53,tails,regular,2
2022-10-22T14:57:00Z,627,52 66 33 53 50 45 16 37 74 18 63 25 17 5 49 48 69 62 26 1,tails,major,3
2022-10-22T15:00:00Z,629,64 35 16 40 22 59 5 55 41 52 48 42 77 15 39 69 60 75 78 72,tails,regular,1
2022-10-22T15:03:00Z,630,34 17 27 61 77 2 45 26 18 55 59 11 67 29 54 43 8 14 22 68,heads,regular,1
2022-10-22T15:06:00Z,631,38 21 77 40 69 39 75 64 30 11 54 73 62 35 79 5 43 80 8 41,tails,regular,1
2022-10-22T15:09:00Z,632,77 50 38 40 32 64 2 78 76 28 33 65 51 44 49 18 29 39 45 47,tails,regular,1
2022-10-22T15:12:00Z,633,72 58 70 36 40 46 8 12 47 22 45 44 5 63 41 37 62 30 71 38,tails,minor,1
2022-10-22T15:15:00Z,634,5 40 32 64 36 45 68 43 37 62 41 14 34 51 50 47 8 69 59 58,tails,regular,3
2022-10-22T15:18:00Z,635,16 1 47 75 25 52 41 35 46 61 4 56 63 30 65 22 71 49 60 13,tails,minor,1
2022-10-22T15:21:00Z,636,57 59 20 3 62 49 37 46 35 64 14 2 74 70 54 11 61 4 10 50,tails,regular,5
2022-10-22T15:24:00Z,638,16 22 34 51 29 69 8 9 31 78 57 19 77 58 73 79 62 50 30 40,evens,minor,1
2022-10-22T15:27:00Z,639,43 15 61 17 42 48 10 49 19 64 58 2 77 31 21 36 55 38 56 4,evens,major,1
2022-10-22T15:30:00Z,640,45 48 50 25 79 19 16 34 42 63 41 4 60 54 5 9 2 47 27 58,tails,regular,1
2022-10-22T15:33:00Z,641,17 27 66 29 56 48 9 80 32 67 16 45 12 33 57 30 68 72 19 55,evens,regular,4
2022-10-22T15:36:00Z,642,66 22 64 70 62 12 48 79 13 60 67 2 24 75 23 17 11 46 51 71,tails,regular,1
2022-10-22T15:39:00Z,643,46 76 59 7 73 68 69 38 66 65 77 60 10 55 30 32 75 37 2 52,tails,minor,1
2022-10-22T15:42:00Z,644,53 25 6 1 51 50 54 5 49 23 62 52 70 45 40 31 68 75 17 26,tails,regular,2
2022-10-22T15:45:00Z,645,79 30 63 9 71 34 14 40 42 33 72 51 21 49 45 47 13 59 6 24,evens,minor,1
2022-10-22T15:48:00Z,647,65 76 33 78 53 29 24 25 21 7 16 42 67 41 50 26 38 8 69 5,heads,regular,1
2022-10-22T15:51:00Z,648,43 44 62 13 77 4 30 9 2 57 69 26 3 18 10 56 60 79 7 37,heads,minor,1
2022-10-22T15:54:00Z,649,68 23 69 4 61 40 48 56 50 80 36 60 19 15 71 12 35 75 13 67,tails,regular,1
2022-10-22T15:57:00Z,650,22 46 13 43 2 12 10 18 6 21 41 9 1 19 28 52 29 62 7 38,heads,regular,1
2022-10-22T16:00:00Z,651,35 2 18 46 25 63 26 36 47 34 77 3 74 71 41 42 12 37 67 32,heads,major,1
2022-10-22T16:03:00Z,652,28 75 69 47 45 57 64 59 76 58 44 74 37 21 36 25 70 62 14 73,tails,regular,3
2022-10-22T16:06:00Z,653,8 3 63 32 27 47 1 11 78 71 35 60 46 5 55 22 53 57 79 68,tails,regular,3
2022-10-22T16:09:00Z,654,49 30 44 53 46 62 39 40 35 73 22 70 2 1 29 16 15 57 52 28,heads,minor,3
2022-10-22T16:12:00Z,656,19 25 74 68 63 77 28 5 4 32 46 72 36 20 78 51 67 40 12 37,heads,regular,1
2022-10-22T16:15:00Z,657,19 52 5 56 16 7 54 23 22 24 8 17 12 13 15 18 74 49 73 40,heads,regular,3
2022-10-22T16:18:00Z,658,63 34 25 22 48 17 70 18 64 41 30 56 76 33 7 39 49 27 40 74,heads,regular,3
2022-10-22T16:21:00Z,659,9 17 67 30 19 59 70 41 7 44 8 25 43 54 6 47 40 42 79 12,evens,regular,1
2022-10-22T16:24:00Z,660,26 56 43 19 18 53 62 4 59 79 5 65 37 11 7 31 15 40 12 17,heads,major,1
2022-10-22T16:27:00Z,661,31 20 44 79 67 13 54 35 32 27 16 24 75 57 48 39 1 80 78 4,heads,regular,3
2022-10-22T16:30:00Z,662,40 15 43 42 8 65 25 21 4 20 9 61 23 29 64 16 60 30 55 58,heads,minor,5
2022-10-22T16:33:00Z,663,21 72 10 70 5 6 25 24 4 63 38 68 78 22 51 60 80 14 74 54,evens,regular,2
2022-10-22T16:36:00Z,665,71 23 68 54 65 72 11 7 80 24 20 26 59 64 78 9 18 46 48 44,tails,regular,1
2022-10-22T16:39:00Z,666,80 43 30 9 5 35 7 69 10 39 2 50 33 61 79 65 42 16 20 45,heads,regular,3
2022-10-22T16:42:00Z,667,19 15 65 55 2 30 80 17 69 3 20 38 12 41 40 79 21 57 22 54,heads,minor,3
2022-10-22T16:45:00Z,668,54 26 64 19 79 8 47 18 10 20 29 71 74 56 76 23 65 11 9 63,evens,regular,2
2022-10-22T16:48:00Z,669,49 46 44 51 73 70 48 22 65 17 80 76 3 74 32 15 10 67 28 9,tails,regular,1
2022-10-22T16:51:00Z,670,39 63 42 3 6 22 28 56 20 80 49 57 69 53 40 14 15 48 78 51,tails,regular,3
2022-10-22T16:54:00Z,671,39 34 14 29 38 22 50 70 5 7 51 49 27 20 4 57 79 1 46 78,heads,regular,3
2022-10-22T16:57:00Z,672,41 71 3 5 8 25 30 70 10 79 17 54 34 49 48 23 63 21 60 6,heads,regular,1
2022-10-22T17:00:00Z,674,31 37 48 28 70 45 41 79 62 36 7 53 56 33 64 43 1 6 60 50,tails,minor,3
2022-10-22T17:03:00Z,675,21 14 63 51 33 32 47 67 15 1 58 50 80 10 7 64 78 5 43 22,evens,regular,3
2022-10-22T17:06:00Z,676,39 40 36 4 57 42 22 48 58 35 76 50 13 63 3 7 23 8 16 10,heads,regular,3
2022-10-22T17:09:00Z,677,19 37 66 55 11 58 35 17 38 73 20 29 21 10 56 60 25 65 28 9,heads,regular,1
2022-10-22T17:12:00Z,678,75 76 15 78 55 27 47 2 12 33 34 74 56 29 61 18 40 19 10 1,heads,regular,1
2022-10-22T17:15:00Z,679,61 38 27 68 50 14 45 16 70 79 42 13 40 75 15 32 34 1 46 71,evens,regular,1
2022-10-22T17:18:00Z,680,49 20 21 25 3 72 42 76 29 9 69 2 31 33 53 46 28 64 41 6,heads,regular,1
2022-10-22T17:21:00Z,681,22 67 62 61 52 66 16 4 36 2 49 68 70 40 48 43 6 80 56 38,tails,minor,3
2022-10-22T17:24:00Z,683,16 20 12 4 63 6 36 44 76 61 10 42 73 35 8 11 52 77 70 3,heads,regular,1
2022-10-22T17:27:00Z,684,39 9 44 27 16 24 52 59 29 55 11 21 25 60 42 46 41 17 2 56,heads,regular,3
2022-10-22T17:30:00Z,685,9 35 2 20 57 75 29 17 12 4 54 38 74 56 28 22 78 16 13 7,heads,minor,3
2022-10-22T17:33:00Z,686,12 60 31 41 34 38 23 44 45 33 62 64 43 25 79 24 27 16 17 22,heads,regular,3
2022-10-22T17:36:00Z,687,23 4 17 31 71 50 60 78 9 12 62 21 13 20 5 1 65 7 11 45,heads,regular,3
2022-10-22T17:39:00Z,688,74 12 9 28 55 46 48 78 75 49 3 76 29 26 64 68 23 60 44 65,tails,major,5
2022-10-22T17:42:00Z,689,43 12 48 14 63 80 42 70 24 33 71 23 7 30 60 58 2 6 40 34,heads,minor,2
2022-10-22T17:45:00Z,690,21 61 30 13 79 49 31 9 48 16 22 43 40 36 33 46 18 54 72 7,heads,regular,1
2022-10-22T17:48:00Z,692,53 32 17 62 7 44 60 75 37 72 48 80 21 47 33 68 42 18 77 58,tails,regular,1
2022-10-22T17:51:00Z,693,29 8 54 40 26 36 51 45 11 61 80 4 59 32 71 48 15 21 43 39,heads,regular,1
2022-10-22T17:54:00Z,694,41 77 47 57 67 53 40 36 22 29 31 44 3 52 7 64 25 17 12 34,heads,regular,4
2022-10-22T17:57:00Z,695,17 70 3 23 57 33 34 29 43 2 13 80 39 77 51 74 38 15 60 36,heads,regular,3
2022-10-22T18:00:00Z,696,71 24 32 34 3 30 38 21 2 36 27 47 72 41 76 61 48 44 45 65,evens,regular,2
2022-10-22T18:03:00Z,697,26 75 29 49 11 78 18 10 77 41 72 24 64 40 34 62 74 27 3 79,evens,major,1
2022-10-22T18:06:00Z,698,4 34 47 36 18 66 48 2 74 22 51 49 79 80 45 43 69 37 29 35,tails,minor,2
2022-10-22T18:09:00Z,699,77 67 76 78 20 14 36 3 49 40 1 75 4 10 33 59 23 41 53 18,heads,regular,2
2022-10-22T18:12:00Z,701,33 44 79 76 38 54 49 74 15 11 6 8 10 69 25 30 77 37 40 1,heads,regular,2
2022-10-22T18:15:00Z,702,73 15 36 35 21 16 37 41 9 31 44 58 67 75 29 79 54 76 78 56,tails,regular,2
2022-10-22T18:18:00Z,703,43 16 35 58 40 19 36 28 12 3 77 48 37 32 69 73 20 27 51 79,heads,regular,2
2022-10-22T18:21:00Z,704,72 6 31 19 66 65 15 49 46 67 26 21 36 68 4 24 62 63 80 70,tails,major,1
2022-10-22T18:24:00Z,705,66 60 39 5 41 7 24 55 20 32 28 71 9 11 42 12 50 6 36 19,heads,regular,1
2022-10-22T18:27:00Z,706,26 79 3 9 33 2 27 5 57 7 47 65 77 35 46 23 70 73 52 13,heads,regular,2
2022-10-22T18:30:00Z,707,59 37 41 22 19 39 75 20 55 47 21 54 18 4 2 70 27 62 57 61,evens,minor,4
2022-10-22T18:33:00Z,708,19 6 14 61 1 7 26 65 55 54 51 44 9 64 79 72 41 62 18 78,tails,minor,3
2022-10-22T18:36:00Z,710,68 25 73 79 27 5 60 74 19 26 61 15 36 75 30 37 51 20 39 31,heads,major,4
2022-10-22T18:39:00Z,711,16 77 60 33 14 56 66 61 31 73 32 26 62 8 41 34 9 72 71 36,evens,regular,2
2022-10-22T18:42:00Z,712,34 53 60 23 24 12 49 13 73 56 62 79 15 71 61 46 33 37 16 42,tails,regular,3
2022-10-22T18:45:00Z,713,32 29 23 16 74 18 8 7 76 67 13 21 72 60 62 20 46 25 64 2,heads,regular,2
2022-10-22T18:48:00Z,714,14 58 78 18 42 5 70 2 72 48 29 3 19 57 22 36 62 12 51 34,heads,regular,1
2022-10-22T18:51:00Z,715,65 24 73 4 40 43 35 52 17 29 60 64 2 15 76 75 55 26 49 67,tails,minor,2
2022-10-22T18:54:00Z,716,18 69 6 44 15 74 76 3 29 47 77 73 24 27 14 35 9 4 12 66,heads,major,1
2022-10-22T18:57:00Z,717,49 41 30 7 78 67 59 62 2 42 72 17 63 43 54 46 57 74 21 73,tails,regular,2
2022-10-22T19:00:00Z,719,29 35 38 31 54 51 47 18 10 24 52 12 53 33 64 50 62 80 67 57,tails,regular,3
2022-10-22T19:03:00Z,720,10 7 77 21 42 38 13 41 76 23 14 27 36 55 37 17 34 45 75 22,heads,regular,1
2022-10-22T19:06:00Z,721,41 77 9 56 60 43 61 55 38 72 49 74 78 65 80 45 40 21 47 10,tails,minor,4
2022-10-22T19:09:00Z,722,34 64 16 68 6 66 61 21 44 17 46 62 9 59 31 78 52 14 27 70,tails,regular,2
2022-10-22T19:12:00Z,723,79 69 29 17 42 54 14 70 32 30 57 80 67 27 77 28 65 10 21 36,evens,regular,3
2022-10-22T19:15:00Z,724,44 66 70 51 32 76 7 71 3 56 64 72 8 23 33 1 34 22 14 17,heads,major,2
2022-10-22T19:18:00Z,725,70 40 17 32 10 79 44 29 62 13 53 38 61 71 75 68 47 25 42 22,tails,minor,2
2022-10-22T19:21:00Z,726,41 4 80 7 23 60 61 50 47 76 20 68 3 49 71 57 45 32 37 52,tails,regular,1
2022-10-22T19:24:00Z,728,65 55 13 64 63 19 4 35 22 11 14 73 72 16 10 60 68 37 1 20,heads,major,1
2022-10-22T19:27:00Z,729,45 40 48 44 76 32 61 37 28 66 58 30 53 3 17 74 62 80 43 10,tails,minor,1
2022-10-22T19:30:00Z,730,77 34 23 31 50 30 42 18 19 60 70 43 74 45 14 16 35 21 47 59,evens,minor,1
2022-10-22T19:33:00Z,731,33 56 38 16 37 67 20 73 72 21 69 65 3 46 44 62 36 80 54 23,tails,regular,5
2022-10-22T19:36:00Z,732,63 35 30 1 51 44 31 38 8 26 46 20 9 22 60 55 34 57 52 7,heads,regular,3
2022-10-22T19:39:00Z,733,68 4 10 17 63 52 42 69 8 22 57 45 80 41 73 14 16 36 79 64,tails,regular,2
2022-10-22T19:42:00Z,734,27 58 17 50 51 20 35 23 78 52 10 63 18 8 67 31 80 1 28 72,heads,regular,1
2022-10-22T19:45:00Z,735,41 10 23 67 63 1 78 27 69 24 79 38 70 3 77 62 49 47 30 55,tails,minor,3
2022-10-22T19:48:00Z,737,46 78 4 63 61 71 9 37 12 59 66 72 49 11 69 29 52 43 17 48,tails,regular,2
2022-10-22T19:51:00Z,738,8 22 30 28 17 55 40 36 1 54 13 2 60 32 78 39 26 34 62 70,heads,regular,3
2022-10-22T19:54:00Z,739,52 58 21 3 55 77 30 57 79 65 9 15 74 12 18 17 44 67 56 24,tails,regular,3
2022-10-22T19:57:00Z,740,61 59 51 78 11 52 53 60 22 34 79 8 48 5 64 14 41 44 50 33,tails,regular,3
2022-10-22T20:00:00Z,741,38 26 41 3 13 68 34 19 65 18 12 74 16 21 4 46 15 42 1 63,heads,minor,3
2022-10-22T20:03:00Z,742,77 16 46 79 43 2 66 68 52 73 13 54 75 9 24 32 57 11 10 41,tails,major,4
2022-10-22T20:06:00Z,743,31 7 11 8 13 16 38 49 37 35 26 77 22 34 29 65 14 62 63 51,heads,minor,5
2022-10-22T20:09:00Z,744,41 23 30 62 78 34 71 27 51 21 65 66 7 32 9 20 67 42 31 72,evens,regular,2
2022-10-22T20:12:00Z,746,17 18 34 62 35 1 74 66 43 48 73 24 10 61 22 31 67 59 5 39,heads,regular,1
2022-10-22T20:15:00Z,747,30 65 27 77 35 32 44 74 8 10 20 9 18 4 43 22 52 72 70 46,heads,regular,4
2022-10-22T20:18:00Z,748,33 60 65 28 8 76 10 38 48 73 74 52 35 40 44 27 1 46 32 21,heads,minor,2
2022-10-22T20:21:00Z,749,23 39 60 29 57 25 47 13 74 56 53 43 16 75 73 80 64 68 45 28,tails,regular,2
2022-10-22T20:24:00Z,750,12 55 50 77 40 28 59 22 60 47 35 46 27 71 57 45 52 42 39 14,tails,regular,2
2022-10-22T20:27:00Z,751,17 67 73 70 27 6 18 47 20 37 53 9 45 36 2 56 31 4 24 38,heads,major,2
2022-10-22T20:30:00Z,752,1 72 49 28 2 31 40 54 27 24 77 25 79 78 47 70 75 68 33 15,evens,minor,1
2022-10-22T20:33:00Z,753,64 46 49 35 12 13 69 18 63 22 76 48 56 52 11 44 25 36 54 27,tails,regular,1
2022-10-22T20:36:00Z,755,1 17 61 49 35 31 44 4 30 63 8 29 21 67 12 52 60 70 10 62,heads,regular,3
2022-10-22T20:39:00Z,756,77 21 31 10 63 18 80 27 9 37 55 41 56 50 29 36 71 1 51 8,heads,regular,2
2022-10-22T20:42:00Z,757,79 2 11 16 37 53 55 12 57 39 1 23 63 64 20 61 52 25 58 32,heads,minor,2
2022-10-22T20:45:00Z,758,15 54 20 19 73 48 45 69 7 3 35 2 33 74 27 31 16 9 4 44,heads,regular,1
2022-10-22T20:48:00Z,759,76 9 51 20 59 5 45 70 58 43 48 4 71 74 42 30 63 13 27 41,tails,regular,2
2022-10-22T20:51:00Z,760,8 65 52 71 47 57 13 38 23 62 3 25 53 14 80 35 77 45 73 4,tails,regular,2
2022-10-22T20:54:00Z,761,27 13 67 76 72 54 70 71 1 73 58 21 55 52 24 29 39 34 66 14,tails,minor,3
2022-10-22T20:57:00Z,762,16 38 76 18 59 60 80 21 15 56 57 47 23 22 45 64 69 20 49 30,tails,minor,2
2022-10-22T21:00:00Z,764,42 50 11 43 45 9 21 55 75 39 71 25 20 61 57 74 23 72 51 66,tails,minor,1
2022-10-22T21:03:00Z,765,63 42 45 22 51 3 10 52 30 9 27 70 35 31 49 18 64 68 38 50,evens,regular,2
2022-10-22T21:06:00Z,766,73 36 61 77 48 55 79 80 41 38 12 23 64 47 46 51 19 50 6 60,tails,regular,3
2022-10-22T21:09:00Z,767,39 43 26 47 45 52 77 17 10 40 74 79 32 6 50 24 57 58 53 76,tails,regular,1
2022-10-22T21:12:00Z,768,26 19 76 42 79 65 78 66 49 32 21 33 70 56 35 10 50 69 5 6,tails,regular,1
2022-10-22T21:15:00Z,769,11 9 76 23 27 54 13 15 79 60 69 25 38 41 47 70 56 75 18 44,tails,minor,3
2022-10-22T21:18:00Z,770,14 31 49 5 38 27 78 18 51 12 62 26 32 22 24 6 13 61 17 21,heads,regular,1
2022-10-22T21:21:00Z,771,45 42 11 17 46 27 57 5 63 12 3 15 44 77 9 50 70 73 62 8,tails,regular,1
2022-10-22T21:24:00Z,773,5 66 69 57 19 77 61 54 17 56 28 43 36 44 4 13 37 31 30 18,heads,regular,1
2022-10-22T21:27:00Z,774,68 33 59 5 61 25 44 20 45 70 58 56 4 75 49 52 80 9 29 14,tails,minor,3
2022-10-22T21:30:00Z,775,55 23 31 6 17 11 46 48 59 51 18 74 33 32 36 47 24 19 70 45,heads,minor,3
2022-10-22T21:33:00Z,776,43 26 68 10 1 78 20 63 73 46 59 3 66 38 16 77 17 80 75 35,tails,regular,3
2022-10-22T21:36:00Z,777,32 69 36 4 50 48 51 40 63 62 8 65 43 46 21 60 44 11 38 78,tails,major,1
2022-10-22T21:39:00Z,778,3 30 57 14 44 32 35 37 68 55 77 46 76 6 5 71 8 11 28 43,heads,major,1
2022-10-22T21:42:00Z,779,33 42 1 62 61 57 2 69 39 35 24 54 16 11 75 21 79 12 34 50,heads,regular,2
2022-10-22T21:45:00Z,780,69 60 63 38 41 79 66 71 28 42 17 72 15 80 10 68 67 39 26 11,tails,regular,1
2022-10-22T21:48:00Z,782,17 29 8 75 15 50 4 36 6 37 23 64 79 2 59 78 67 38 63 7,heads,regular,3
2022-10-22T21:51:00Z,783,63 65 61 54 51 26 77 66 11 79 32 60 17 78 12 42 24 23 55 16,tails,regular,1
2022-10-22T21:54:00Z,784,18 40 56 12 74 32 16 44 21 3 61 23 42 65 62 78 47 39 80 48,tails,regular,1
2022-10-22T21:57:00Z,785,11 62 20 49 13 66 43 71 37 70 9 23 45 16 15 51 3 26 1 12,heads,minor,1
2022-10-22T22:00:00Z,786,40 49 31 73 57 62 10 38 80 66 12 16 64 35 58 67 77 43 48 37,tails,regular,1
2022-10-22T22:03:00Z,787,24 73 41 26 79 76 29 4 37 35 44 21 27 40 59 39 67 61 64 34,heads,regular,2
2022-10-22T22:06:00Z,788,77 37 64 63 27 55 16 57 59 43 51 72 18 40 66 3 11 7 73 26,tails,minor,2
2022-10-22T22:09:00Z,789,35 36 33 52 15 45 34 75 21 42 71 77 59 57 79 69 46 14 70 61,tails,minor,3
2022-10-22T22:12:00Z,791,22 23 18 47 52 57 51 40 5 24 70 17 74 69 29 78 58 7 61 20,evens,regular,2
2022-10-22T22:15:00Z,792,73 35 17 18 55 77 27 40 59 34 1 23 12 3 24 20 19 46 9 80,heads,regular,2
2022-10-22T22:18:00Z,793,55 15 75 56 9 42 58 51 76 64 22 24 69 67 6 80 57 40 19 14,tails,regular,1
2022-10-22T22:21:00Z,794,53 7 54 69 44 27 38 17 71 66 75 45 64 77 26 14 16 43 52 24,tails,regular,2
2022-10-22T22:24:00Z,795,50 1 49 18 61 28 12 64 14 63 31 7 22 20 58 9 21 60 45 67,heads,minor,2
2022-10-22T22:27:00Z,796,65 19 69 39 18 28 8 1 60 76 56 5 49 61 73 74 78 11 9 48,tails,minor,1
2022-10-22T22:30:00Z,797,40 24 28 33 51 53 5 73 9 63 72 41 22 2 60 55 35 62 47 69,tails,minor,2
2022-10-22T22:33:00Z,798,80 5 46 48 33 8 43 66 22 76 51 57 39 15 4 65 11 50 41 1,tails,regular,3
2022-10-22T22:36:00Z,800,10 70 23 6 77 27 74 57 26 3 4 1 79 9 54 51 55 40 48 38,heads,regular,2
2022-10-22T22:39:00Z,801,1 20 58 77 29 11 41 75 12 3 63 48 6 25 47 28 67 43 17 60,evens,regular,2
2022-10-22T22:42:00Z,802,3 46 53 55 64 4 31 60 61 9 12 19 2 63 27 30 18 28 68 79,heads,regular,1
2022-10-22T22:45:00Z,803,57 66 61 52 2 15 41 6 39 54 36 19 12 42 48 55 3 75 13 71,tails,major,1
2022-10-22T22:48:00Z,804,17 74 61 39 58 22 56 66 12 27 77 60 40 52 68 65 8 71 28 54,tails,minor,3
2022-10-22T22:51:00Z,805,56 61 20 49 59 19 15 60 10 35 36 48 31 18 29 24 32 73 72 22,heads,minor,4
2022-10-22T22:54:00Z,806,51 71 4 57 30 45 72 35 53 18 43 44 52 67 48 58 54 23 74 63,tails,regular,1
2022-10-22T22:57:00Z,807,23 41 33 20 53 36 65 51 21 11 48 68 45 9 50 22 37 56 12 59,evens,minor,2
2022-10-22T23:00:00Z,809,77 58 13 15 67 64 48 2 41 50 26 35 17 31 54 11 39 65 56 33,evens,minor,1
2022-10-22T23:03:00Z,810,56 32 10 47 15 27 71 54 25 37 22 30 39 34 60 38 16 40 75 9,heads,regular,1
2022-10-22T23:06:00Z,811,36 62 10 73 67 25 8 77 3 23 76 17 52 33 78 41 2 40 22 59,heads,regular,3
2022-10-22T23:09:00Z,812,40 35 17 16 52 37 59 44 15 66 22 4 43 28 7 51 14 63 2 77,heads,regular,1
2022-10-22T23:12:00Z,813,63 64 44 20 5 79 54 74 50 25 9 42 71 33 36 45 57 67 34 40,tails,regular,1
2022-10-22T23:15:00Z,814,57 59 72 55 79 12 33 29 69 20 34 44 56 17 66 36 73 25 49 18,tails,regular,1
2022-10-22T23:18:00Z,815,27 34 25 59 35 15 41 52 44 24 16 70 66 26 72 51 55 19 38 56,evens,regular,2
2022-10-22T23:21:00Z,816,37 39 28 77 3 38 15 75 73 5 67 65 74 23 22 12 79 64 29 40,heads,minor,2
2022-10-22T23:24:00Z,818,58 70 14 20 44 43 69 66 56 21 39 10 22 73 32 62 35 74 60 53,tails,regular,5
2022-10-22T23:27:00Z,819,24 17 44 6 73 9 60 19 55 40 70 72 74 49 26 65 2 29 18 22,heads,regular,3
2022-10-22T23:30:00Z,820,76 73 7 33 22 74 66 10 63 54 24 18 61 35 23 62 21 17 29 9,heads,regular,2
2022-10-22T23:33:00Z,821,71 26 51 10 41 4 3 76 22 30 68 49 7 63 72 64 61 31 60 42,tails,major,4
2022-10-22T23:36:00Z,822,26 3 74 38 80 70 33 18 34 51 68 1 25 13 32 17 73 69 55 43,heads,minor,10
2022-10-22T23:39:00Z,823,42 31 63 64 34 18 5 71 11 19 52 61 30 68 45 48 67 14 12 23,evens,regular,1
2022-10-22T23:42:00Z,824,21 49 45 47 1 15 40 27 48 56 5 57 20 10 74 46 16 26 78 37,heads,minor,1
2022-10-22T23:45:00Z,825,31 75 65 71 7 69 79 13 76 44 37 36 59 43 19 72 4 54 63 60,tails,major,1
2022-10-22T23:48:00Z,827,9 11 45 32 42 37 4 34 49 13 12 65 56 79 17 54 10 71 40 68,heads,minor,3
2022-10-22T23:51:00Z,828,14 5 19 9 10 43 8 17 29 67 21 24 12 45 71 3 7 53 13 61,heads,regular,3
2022-10-22T23:54:00Z,829,75 49 47 72 35 67 13 71 12 30 10 17 24 63 8 48 77 54 3 11,evens,regular,1
2022-10-22T23:57:00Z,830,25 64 70 9 15 45 74 56 78 80 66 46 40 62 57 53 22 58 63 59,tails,minor,3
2022-10-23T00:00:00Z,831,25 42 7 71 62 69 77 51 60 74 18 46 17 50 28 19 65 38 13 33,tails,minor,2
2022-10-23T00:03:00Z,832,19 12 21 58 27 75 4 72 47 30 1 15 3 2 79 46 8 73 10 71,heads,regular,1
2022-10-23T00:06:00Z,833,69 60 19 37 45 29 36 12 24 55 2 72 80 77 42 53 25 74 10 57,tails,regular,2
2022-10-23T00:09:00Z,834,13 73 80 72 45 34 33 28 7 26 51 15 29 12 6 30 43 66 4 9,heads,minor,1
2022-10-23T00:12:00Z,836,72 67 30 54 2 37 49 38 46 50 75 76 69 20 68 59 11 6 66 28,tails,regular,1
2022-10-23T00:15:00Z,837,17 6 59 37 79 51 12 4 43 8 66 69 3 53 14 65 25 41 26 54,evens,regular,1
2022-10-23T00:18:00Z,838,63 52 55 40 54 6 38 75 27 69 37 51 36 17 80 22 8 41 19 53,evens,regular,2
2022-10-23T00:21:00Z,839,62 3 7 73 49 69 35 14 45 61 28 60 16 72 58 36 41 10 52 53,tails,minor,2
2022-10-23T00:24:00Z,840,47 43 69 58 20 49 48 25 9 11 54 18 23 4 5 16 14 38 70 42,heads,regular,2
2022-10-23T00:27:00Z,841,30 49 45 70 35 48 7 50 57 42 75 4 29 64 63 65 19 27 37 26,tails,regular,10
2022-10-23T00:30:00Z,842,17 35 54 29 2 64 65 43 47 26 28 12 40 77 42 27 75 11 31 46,heads,regular,2
2022-10-23T00:33:00Z,843,15 21 67 20 54 3 74 80 13 33 7 19 57 50 29 27 16 46 65 44,heads,regular,3
2022-10-23T00:36:00Z,845,78 25 14 53 62 67 72 79 57 55 24 58 10 1 34 56 73 45 49 70,tails,minor,3
2022-10-23T00:39:00Z,846,34 61 31 44 77 74 64 58 80 27 30 11 26 8 50 15 9 45 54 68,tails,regular,1
2022-10-23T00:42:00Z,847,11 58 60 20 52 12 49 64 2 73 14 18 3 28 57 6 71 15 48 16,heads,regular,1
2022-10-23T00:45:00Z,848,3 47 39 67 51 8 11 73 53 46 35 64 61 34 54 43 25 37 18 6,evens,regular,2
2022-10-23T00:48:00Z,849,12 61 30 71 23 34 19 14 44 8 37 64 48 79 2 51 25 21 70 69,heads,regular,5
2022-10-23T00:51:00Z,850,9 72 15 16 32 12 21 7 25 61 80 14 26 64 66 6 63 29 11 41,heads,regular,3
2022-10-23T00:54:00Z,851,20 76 5 53 19 79 3 65 29 8 70 35 60 77 75 41 37 40 11 74,evens,minor,1
2022-10-23T00:57:00Z,852,22 56 13 47 17 79 31 64 59 26 34 3 16 10 36 75 25 74 41 15,heads,major,1
2022-10-23T01:00:00Z,854,52 15 49 78 73 26 76 9 19 50 11 66 4 64 72 63 3 38 22 79,tails,major,1
2022-10-23T01:03:00Z,855,57 66 70 72 64 2 1 36 12 60 19 24 21 35 63 15 69 67 46 73,tails,major,3
2022-10-23T01:06:00Z,856,56 52 36 13 55 31 19 10 1 71 74 47 17 18 77 57 66 72 3 49,tails,regular,3
2022-10-23T01:09:00Z,857,78 19 16 24 46 51 4 39 62 49 45 44 9 65 34 14 13 33 58 73,evens,regular,2
2022-10-23T01:12:00Z,858,32 5 57 34 33 7 17 53 25 52 10 43 68 11 18 67 56 8 31 60,heads,regular,2
2022-10-23T01:15:00Z,859,70 2 50 75 58 28 55 15 30 14 68 49 39 51 6 66 57 41 52 9,tails,minor,1
2022-10-23T01:18:00Z,860,76 19 27 24 2 32 75 37 70 39 71 14 11 6 5 79 40 56 77 57,heads,regular,2
2022-10-23T01:21:00Z,861,57 73 24 22 77 41 33 62 48 12 21 65 46 44 58 40 9 78 59 34,tails,regular,1
2022-10-23T01:24:00Z,863,23 15 18 61 26 16 73 53 3 49 47 24 29 39 22 32 59 50 58 35,heads,regular,1
2022-10-23T01:27:00Z,864,53 44 9 28 19 8 36 42 59 75 26 23 40 55 54 70 52 21 33 58,evens,minor,10
2022-10-23T01:30:00Z,865,8 14 70 35 67 48 13 24 60 59 21 4 10 44 49 19 20 73 5 22,heads,regular,3
2022-10-23T01:33:00Z,866,66 56 19 71 32 64 72 49 18 46 6 59 70 35 61 43 22 37 14 2,tails,regular,10
2022-10-23T01:36:00Z,867,30 31 61 62 49 54 37 75 73 69 68 60 20 25 10 67 29 18 70 5,tails,minor,3
2022-10-23T01:39:00Z,868,57 71 70 58 53 75 31 80 76 49 10 62 60 45 55 77 66 30 26 73,tails,major,1
2022-10-23T01:42:00Z,869,22 54 15 75 68 73 71 35 31 9 18 2 57 61 21 74 39 7 48 69,evens,regular,2
2022-10-23T01:45:00Z,870,65 22 55 80 29 67 53 38 14 61 33 3 74 60 40 19 73 76 56 8,tails,regular,1
2022-10-23T01:48:00Z,872,49 2 44 35 63 70 37 5 78 79 13 62 18 3 7 8 26 61 22 58,heads,regular,3
2022-10-23T01:51:00Z,873,38 67 51 41 60 42 70 12 25 11 62 3 29 71 35 2 50 64 78 53,tails,regular,2
2022-10-23T01:54:00Z,874,39 19 56 17 20 2 13 71 76 36 7 40 22 58 41 6 28 61 1 74,heads,regular,2
2022-10-23T01:57:00Z,875,51 74 30 77 64 47 58 6 73 56 60 28 41 68 59 75 7 79 13 24,tails,regular,1
2022-10-23T02:00:00Z,876,2 13 32 80 7 20 63 50 57 70 56 17 10 45 53 21 4 40 19 72,heads,regular,2
2022-10-23T02:03:00Z,877,57 32 1 71 6 3 24 77 8 56 36 69 16 14 47 67 30 11 73 59,heads,regular,3
2022-10-23T02:06:00Z,878,26 3 33 44 5 45 35 1 36 48 13 52 71 80 62 67 57 43 32 78,tails,regular,1
2022-10-23T02:09:00Z,879,43 34 29 4 37 23 19 28 30 77 62 72 63 38 50 42 40 41 66 73,evens,minor,2
2022-10-23T02:12:00Z,881,24 47 39 55 46 30 69 40 60 58 54 56 62 67 51 71 26 42 19 7,tails,regular,1
2022-10-23T02:15:00Z,882,1 25 47 31 79 45 58 62 24 27 29 65 59 20 64 21 50 56 30 60,tails,minor,1
2022-10-23T02:18:00Z,883,49 45 66 46 47 31 51 10 70 73 57 48 75 78 27 69 33 50 19 59,tails,minor,3
2022-10-23T02:21:00Z,884,49 69 20 7 8 30 14 27 51 59 44 38 13 1 61 10 68 73 36 60,heads,regular,2
2022-10-23T02:24:00Z,885,9 60 64 34 58 51 14 5 48 23 46 55 24 40 67 61 52 65 49 69,tails,regular,3
2022-10-23T02:27:00Z,886,36 66 68 46 35 62 29 9 65 3 41 25 26 80 79 71 17 30 58 53,tails,regular,1
2022-10-23T02:30:00Z,887,41 17 33 52 77 59 14 9 64 42 4 65 5 71 46 16 63 34 23 44,tails,regular,3
2022-10-23T02:33:00Z,888,48 51 18 71 17 74 22 57 77 13 31 60 24 35 9 58 19 78 37 43,evens,regular,10
2022-10-23T02:36:00Z,890,48 41 78 70 75 64 33 22 58 59 61 52 57 19 68 20 65 43 47 6,tails,regular,2
2022-10-23T02:39:00Z,891,70 7 27 25 57 50 72 19 73 31 2 32 74 9 75 68 79 65 46 11,tails,minor,1
2022-10-23T02:42:00Z,892,41 27 22 36 61 59 11 28 67 66 13 76 31 50 46 51 78 32 72 54,tails,regular,5
2022-10-23T02:45:00Z,893,55 52 26 18 5 50 60 36 57 10 32 45 4 68 77 38 22 71 42 75,tails,regular,2
2022-10-23T02:48:00Z,894,60 38 62 58 41 12 16 61 53 36 30 24 21 32 50 46 57 65 33 22,evens,regular,2
2022-10-23T02:51:00Z,895,1 51 42 63 66 72 77 6 10 57 68 61 64 7 80 62 21 60 78 52,tails,major,4
2022-10-23T02:54:00Z,896,31 3 12 51 18 37 32 29 27 45 2 71 50 49 24 70 64 17 59 69,heads,minor,2
2022-10-23T02:57:00Z,897,66 58 50 5 45 62 3 23 44 60 42 78 56 46 76 7 8 59 69 16,tails,regular,1
2022-10-23T03:00:00Z,899,53 71 6 7 34 10 29 1 46 54 23 35 12 60 64 74 45 56 57 41,tails,regular,1
2022-10-23T03:03:00Z,900,46 9 68 18 48 38 80 21 70 20 11 27 44 4 67 69 40 65 30 60,evens,minor,1
2022-10-23T03:06:00Z,901,30 41 46 37 9 72 55 23 5 44 17 36 12 58 26 3 8 56 11 62,heads,regular,1
2022-10-23T03:09:00Z,902,8 21 27 76 80 50 19 35 7 49 36 9 24 5 66 54 63 74 45 3,heads,minor,1
2022-10-23T03:12:00Z,903,73 48 66 18 28 52 77 35 45 57 24 11 46 5 65 8 67 59 64 39,tails,regular,1
2022-10-23T03:15:00Z,904,60 28 58 15 62 69 11 35 42 18 56 54 24 27 4 16 9 37 75 12,heads,regular,3
2022-10-23T03:18:00Z,905,54 29 78 39 74 41 58 61 6 5 23 7 59 13 17 44 65 68 80 71,tails,minor,1
2022-10-23T03:21:00Z,906,49 35 80 50 20 16 46 1 8 13 9 18 32 11 17 54 64 34 25 68,heads,regular,3
2022-10-23T03:24:00Z,908,36 61 17 27 30 53 66 34 79 63 25 54 29 12 28 50 9 24 15 18,heads,minor,1
2022-10-23T03:27:00Z,909,62 12 68 45 2 32 54 41 4 57 49 13 36 70 73 14 25 42 22 46,tails,major,1
2022-10-23T03:30:00Z,910,33 34 57 46 8 26 15 75 13 6 42 68 39 45 3 32 37 70 54 65,heads,regular,1
2022-10-23T03:33:00Z,911,18 65 40 25 31 32 58 20 10 76 5 49 56 80 35 15 17 24 73 43,heads,minor,4
2022-10-23T03:36:00Z,912,76 6 47 69 22 62 70 24 72 67 11 8 64 60 45 34 39 51 68 55,tails,regular,3
2022-10-23T03:39:00Z,913,77 7 47 18 24 48 19 41 5 11 73 79 61 32 39 10 27 29 53 52,heads,regular,2
2022-10-23T03:42:00Z,914,20 52 13 57 28 80 39 30 50 8 25 17 19 42 70 7 74 24 76 11,heads,minor,2
2022-10-23T03:45:00Z,915,6 61 80 36 3 41 74 34 52 14 38 2 11 69 24 70 46 44 19 5,heads,regular,3
2022-10-23T03:48:00Z,917,6 79 69 25 37 15 63 2 58 8 40 76 53 77 44 78 56 60 64 16,tails,regular,1
2022-10-23T03:51:00Z,918,75 23 1 33 27 61 53 38 43 4 5 19 62 58 18 51 79 59 71 37,evens,regular,2
2022-10-23T03:54:00Z,919,54 78 55 63 25 3 76 35 57 6 79 10 71 29 8 12 16 48 42 60,tails,major,1
2022-10-23T03:57:00Z,920,57 78 80 7 25 39 66 14 52 79 24 22 21 1 40 73 54 29 75 16,heads,regular,1
2022-10-23T04:00:00Z,921,76 57 60 29 34 46 79 61 36 67 78 26 64 7 43 18 47 50 52 70,tails,minor,5
2022-10-23T04:03:00Z,922,75 25 8 57 14 29 69 68 39 45 31 44 42 19 17 49 33 71 54 55,tails,minor,2
2022-10-23T04:06:00Z,923,43 63 25 30 52 48 4 33 2 60 21 20 44 29 77 66 75 72 74 42,tails,regular,2
2022-10-23T04:09:00Z,924,71 29 50 27 72 24 10 57 26 67 44 66 34 15 23 49 18 54 12 70,evens,regular,1
2022-10-23T04:12:00Z,926,56 27 51 68 30 21 35 67 61 6 63 26 64 42 66 54 4 71 15 60,tails,regular,1
2022-10-23T04:15:00Z,927,74 68 62 6 15 9 27 18 76 12 51 26 20 77 28 17 19 36 60 25,heads,regular,3
2022-10-23T04:18:00Z,928,31 1 38 25 63 78 4 44 55 72 62 71 70 7 48 60 50 3 23 59,tails,regular,2
2022-10-23T04:21:00Z,929,28 64 77 6 43 62 3 41 18 79 42 21 35 80 5 73 26 67 74 76,tails,regular,3
2022-10-23T04:24:00Z,930,52 13 73 15 55 67 39 29 1 17 62 3 19 63 12 49 37 35 44 77,heads,regular,1
2022-10-23T04:27:00Z,931,37 55 51 4 70 34 31 61 15 13 66 29 53 18 28 49 30 32 21 48,heads,minor,3
2022-10-23T04:30:00Z,932,46 33 59 51 42 16 23 56 43 18 55 37 74 60 35 39 71 54 66 76,tails,regular,1
2022-10-23T04:33:00Z,933,20 1 6 77 26 64 45 29 50 59 44 49 75 24 43 66 46 16 62 69,tails,minor,2
2022-10-23T04:36:00Z,935,77 47 70 13 10 38 39 45 4 25 42 26 36 79 66 15 61 72 43 67,tails,regular,2
2022-10-23T04:39:00Z,936,80 78 2 10 22 15 43 36 23 67 38 57 55 4 31 62 64 8 25 52,heads,minor,4
2022-10-23T04:42:00Z,937,39 18 42 7 14 12 65 51 72 16 53 6 8 29 44 26 75 47 45 71,evens,regular,3
2022-10-23T04:45:00Z,938,68 63 44 71 12 61 58 76 70 66 48 1 42 78 15 24 77 23 2 75,tails,major,3
2022-10-23T04:48:00Z,939,6 20 28 64 21 24 26 71 68 50 30 18 31 13 74 23 75 1 48 56,heads,regular,1
2022-10-23T04:51:00Z,940,20 26 38 35 2 3 78 12 36 6 70 75 45 19 5 51 11 76 59 1,heads,regular,2
2022-10-23T04:54:00Z,941,26 34 73 21 66 70 2 30 43 22 54 60 10 41 44 6 47 3 56 51,tails,regular,1
2022-10-23T04:57:00Z,942,28 48 43 64 3 56 60 11 30 65 49 69 24 58 15 78 74 44 6 8,tails,regular,3
2022-10-23T05:00:00Z,944,48 69 73 67 12 13 7 72 3 47 29 26 32 50 49 66 2 10 63 78,tails,regular,3
2022-10-23T05:03:00Z,945,36 23 39 7 49 51 4 11 38 65 5 28 61 30 62 24 17 20 37 12,heads,minor,3
2022-10-23T05:06:00Z,946,30 21 53 70 57 23 7 22 71 47 32 78 45 15 20 61 72 59 1 74,tails,regular,1
2022-10-23T05:09:00Z,947,16 45 59 69 50 72 53 60 63 18 2 42 22 26 15 51 49 43 71 44,tails,regular,3
2022-10-23T05:12:00Z,948,13 45 63 18 54 32 11 52 59 5 77 57 12 61 27 79 46 9 73 15,tails,minor,1
2022-10-23T05:15:00Z,949,42 57 20 3 72 45 54 32 51 76 43 53 48 15 19 5 52 27 35 12,tails,regular,3
2022-10-23T05:18:00Z,950,26 4 5 52 75 23 68 32 45 18 51 15 6 71 2 65 14 62 37 47,heads,minor,1
2022-10-23T05:21:00Z,951,7 77 52 23 12 16 73 26 28 15 29 14 3 32 66 36 38 51 70 4,heads,regular,2
2022-10-23T05:24:00Z,953,74 20 80 26 66 55 78 25 47 7 53 6 27 1 30 54 16 76 46 24,evens,minor,2
2022-10-23T05:27:00Z,954,17 62 14 16 42 74 51 80 10 40 49 21 38 24 3 66 11 55 28 30,heads,regular,2
2022-10-23T05:30:00Z,955,16 50 41 38 53 11 28 39 14 13 67 34 57 56 26 64 59 46 36 49,evens,regular,1
2022-10-23T05:33:00Z,956,18 4 53 35 36 69 27 21 79 74 38 50 31 11 51 48 17 73 6 39,heads,regular,2
2022-10-23T05:36:00Z,957,25 46 28 12 3 2 26 42 48 32 17 33 75 36 63 80 72 64 10 71,heads,major,1
2022-10-23T05:39:00Z,958,44 75 10 13 70 36 29 79 73 23 33 61 24 53 62 47 57 8 49 76,tails,regular,1
2022-10-23T05:42:00Z,959,37 28 49 54 23 68 1 47 36 12 72 66 78 15 10 80 43 55 70 26,tails,regular,3
2022-10-23T05:45:00Z,960,18 34 75 76 62 31 2 52 72 65 41 25 15 6 27 51 58 59 22 74,tails,minor,2
2022-10-23T05:48:00Z,962,27 22 44 32 35 70 38 50 43 4 73 47 74 24 63 36 39 67 56 10,evens,regular,1
2022-10-23T05:51:00Z,963,72 73 14 71 44 30 16 39 18 25 79 32 2 40 54 68 12 21 4 74,heads,major,1
2022-10-23T05:54:00Z,964,2 66 45 16 55 80 72 51 39 58 7 75 9 27 59 22 63 15 14 74,tails,regular,2
2022-10-23T05:57:00Z,965,62 47 57 72 80 23 10 66 64 78 41 49 29 31 4 45 70 16 36 55,tails,major,2
2022-10-23T06:00:00Z,966,56 75 15 3 22 43 54 14 55 21 24 50 38 45 35 57 48 28 36 67,evens,regular,1
2022-10-23T06:03:00Z,967,10 75 65 64 23 3 19 4 18 68 29 1 72 45 37 80 50 33 17 76,heads,regular,1
2022-10-23T06:06:00Z,968,3 13 45 53 44 61 34 68 71 67 23 74 15 25 64 59 54 49 33 31,tails,minor,3
2022-10-23T06:09:00Z,969,54 61 23 29 69 60 76 73 63 62 58 7 64 65 78 17 55 30 9 31,tails,regular,1
2022-10-23T06:12:00Z,971,43 71 49 26 58 55 61 4 34 60 19 12 33 32 47 20 50 31 62 30,evens,regular,1
2022-10-23T06:15:00Z,972,69 35 47 27 28 7 54 44 24 20 66 42 61 67 3 32 45 33 25 76,evens,minor,10
2022-10-23T06:18:00Z,973,73 53 71 29 35 44 77 68 79 69 54 78 62 45 5 38 48 50 30 3,tails,regular,1
2022-10-23T06:21:00Z,974,3 5 55 29 65 12 47 4 60 39 28 8 71 46 52 9 69 75 66 59,tails,minor,1
2022-10-23T06:24:00Z,975,3 63 74 27 71 51 24 69 8 73 66 60 68 26 23 36 5 70 52 67,tails,regular,10
2022-10-23T06:27:00Z,976,54 26 55 19 40 2 4 12 66 39 11 48 59 72 57 61 51 7 70 13,evens,minor,2
2022-10-23T06:30:00Z,977,16 3 46 34 54 80 47 62 71 44 66 60 33 4 8 24 2 63 17 49,tails,regular,1
2022-10-23T06:33:00Z,978,35 14 33 68 75 64 28 48 80 40 22 70 62 72 11 1 42 23 77 3,evens,minor,2
2022-10-23T06:36:00Z,980,63 5 64 77 33 66 51 57 7 72 34 18 46 8 30 31 40 1 43 20,heads,minor,2
2022-10-23T06:39:00Z,981,67 65 54 68 76 77 11 23 50 66 9 61 22 6 28 38 59 29 62 58,tails,regular,1
2022-10-23T06:42:00Z,982,9 6 61 26 41 32 69 14 56 57 17 42 12 80 75 28 49 7 55 73,tails,major,3
2022-10-23T06:45:00Z,983,38 66 69 65 71 76 61 2 5 26 3 21 24 55 12 48 39 36 49 58,evens,regular,3
2022-10-23T06:48:00Z,984,21 18 70 13 39 27 41 29 51 80 56 78 25 60 40 74 48 62 11 20,evens,regular,3
2022-10-23T06:51:00Z,985,21 2 53 16 20 29 60 36 28 79 63 59 6 3 5 13 40 12 24 38,heads,regular,1
2022-10-23T06:54:00Z,986,8 79 17 4 49 31 22 14 45 68 67 11 70 76 58 34 69 41 38 65,tails,regular,1
2022-10-23T06:57:00Z,987,19 50 76 12 29 13 64 67 63 51 45 11 16 68 49 17 10 25 6 24,heads,regular,1
2022-10-23T07:00:00Z,989,37 63 18 27 22 30 71 19 4 28 32 51 39 69 65 60 59 48 78 66,evens,minor,3
2022-10-23T07:03:00Z,990,74 32 12 33 16 46 35 50 1 51 52 54 11 56 36 73 30 78 27 18,heads,major,1
2022-10-23T07:06:00Z,991,12 49 59 72 28 50 29 1 74 41 43 46 53 42 39 13 66 18 33 54,tails,regular,2
2022-10-23T07:09:00Z,992,60 70 14 65 4 24 29 19 77 7 5 28 42 54 22 55 39 16 61 34,heads,major,1
2022-10-23T07:12:00Z,993,33 43 45 4 76 67 11 69 12 47 3 22 74 58 24 60 37 1 53 50,tails,regular,1
2022-10-23T07:15:00Z,994,60 80 15 61 64 30 42 59 45 12 23 16 47 32 17 53 29 63 77 25,tails,minor,3
2022-10-23T07:18:00Z,995,75 42 73 64 67 18 40 63 43 6 76 10 57 56 66 30 79 29 39 25,tails,minor,3
2022-10-23T07:21:00Z,996,2 52 47 71 63 27 23 69 72 53 59 28 26 25 80 16 7 24 39 50,evens,regular,3
2022-10-23T07:24:00Z,998,50 10 63 62 3 34 8 1 43 60 4 23 33 61 67 71 69 75 79 20,tails,regular,2
2022-10-23T07:27:00Z,999,37 72 55 13 25 15 60 23 53 65 12 64 59 32 2 11 8 28 4 45,heads,major,2
2022-10-23T07:30:00Z,1,14 19 36 71 11 75 73 59 23 69 47 41 10 33 80 60 31 37 55 22,evens,regular,1
2022-10-23T07:33:00Z,2,76 28 67 17 38 79 27 12 46 44 22 54 45 3 73 6 25 42 78 51,tails,regular,3
2022-10-23T07:36:00Z,3,67 79 62 11 14 68 69 43 78 72 21 42 66 5 22 25 47 7 34 1,tails,regular,3
2022-10-23T07:39:00Z,4,71 11 51 63 72 69 50 67 61 3 42 36 65 6 1 15 9 55 22 37,tails,major,2
2022-10-23T07:42:00Z,5,76 46 28 61 29 53 3 69 75 8 67 60 80 1 10 25 79 74 52 37,tails,regular,2
2022-10-23T07:45:00Z,6,18 40 42 55 15 70 19 32 6 56 10 4 34 78 62 75 63 50 77 38,evens,minor,2
2022-10-23T07:48:00Z,8,48 37 38 2 80 15 47 79 9 42 50 66 77 70 7 34 67 58 27 49,tails,regular,1
2022-10-23T07:51:00Z,9,29 62 76 72 44 2 27 26 61 7 3 8 28 48 23 31 43 79 1 53,heads,regular,1
2022-10-23T07:54:00Z,10,36 60 53 56 14 50 65 48 71 45 39 31 25 43 66 13 19 9 3 70,tails,regular,3
2022-10-23T07:57:00Z,11,78 42 54 34 24 35 67 58 68 27 3 2 32 80 9 45 66 1 71 43,tails,regular,2
2022-10-23T08:00:00Z,12,59 46 51 2 26 35 14 79 45 49 30 75 50 16 77 4 66 36 80 71,tails,major,1
2022-10-23T08:03:00Z,13,71 45 72 75 80 19 34 76 58 38 47 43 13 65 22 16 23 55 46 11,tails,regular,1
2022-10-23T08:06:00Z,14,8 70 59 68 14 69 35 30 77 42 7 65 41 28 49 5 18 25 46 53,tails,major,3
2022-10-23T08:09:00Z,15,53 23 12 64 66 39 70 73 78 2 3 19 27 52 80 16 51 17 31 25,heads,regular,2
2022-10-23T08:12:00Z,17,13 74 32 38 27 24 60 65 19 28 73 30 79 17 59 67 14 12 35 10,heads,regular,2
2022-10-23T08:15:00Z,18,5 78 48 72 57 63 59 42 37 8 74 50 38 9 41 65 22 79 73 31,tails,regular,1
2022-10-23T08:18:00Z,19,44 57 1 23 59 73 66 77 8 22 61 69 6 41 30 20 75 36 80 27,tails,regular,2
2022-10-23T08:21:00Z,20,45 65 10 68 34 70 72 74 37 77 54 22 64 56 50 40 48 23 19 53,tails,regular,3
2022-10-23T08:24:00Z,21,19 48 72 13 40 32 30 56 3 65 9 37 18 61 77 4 58 15 14 33,heads,major,3
2022-10-23T08:27:00Z,22,3 32 66 68 4 31 57 11 36 19 52 22 33 62 27 63 49 61 7 65,heads,regular,1
2022-10-23T08:30:00Z,23,6 52 71 17 29 11 60 78 55 37 41 27 73 33 64 46 69 61 23 76,tails,regular,1
2022-10-23T08:33:00Z,24,45 9 54 46 59 57 56 55 75 28 58 16 41 36 12 6 50 4 62 52,tails,regular,3
2022-10-23T08:36:00Z,26,8 56 23 32 27 16 5 46 36 44 64 54 1 28 59 43 26 29 55 42,heads,regular,1
2022-10-23T08:39:00Z,27,77 75 41 22 39 23 21 62 50 65 29 34 71 61 57 78 52 49 2 4,tails,regular,1
2022-10-23T08:42:00Z,28,30 37 11 12 75 6 49 27 54 59 71 57 9 68 14 35 61 51 22 48,evens,regular,3
2022-10-23T08:45:00Z,29,56 63 74 46 15 18 25 8 70 41 42 27 52 48 65 23 66 53 37 36,tails,minor,2
2022-10-23T08:48:00Z,30,16 27 54 75 45 26 7 37 63 61 46 50 42 43 55 34 41 25 17 24,tails,major,1
2022-10-23T08:51:00Z,31,61 74 54 75 32 76 21 43 6 30 48 60 3 79 63 27 68 66 9 51,tails,regular,1
2022-10-23T08:54:00Z,32,56 57 76 13 22 79 73 64 80 70 74 4 68 14 45 54 53 27 2 9,tails,minor,2
2022-10-23T08:57:00Z,33,41 74 56 10 18 55 43 37 64 47 14 57 34 61 40 19 24 15 6 49,evens,major,2
2022-10-23T09:00:00Z,35,17 56 36 63 61 78 19 68 3 70 69 25 42 40 72 37 49 80 76 13,tails,major,3
2022-10-23T09:03:00Z,36,43 61 55 68 10 71 26 38 16 67 17 27 20 19 44 56 37 63 36 73,evens,minor,1
2022-10-23T09:06:00Z,37,52 14 3 61 21 40 31 19 28 64 49 32 38 47 62 41 36 13 60 37,heads,minor,3
2022-10-23T09:09:00Z,38,27 10 54 44 5 13 77 39 45 7 64 34 70 65 58 51 30 1 42 48,tails,minor,2
2022-10-23T09:12:00Z,39,46 21 30 70 79 18 29 27 11 33 42 40 52 9 75 73 2 44 38 53,heads,regular,1
2022-10-23T09:15:00Z,40,28 52 33 11 22 75 4 17 56 73 12 43 20 53 70 36 42 41 72 40,evens,regular,1
2022-10-23T09:18:00Z,41,53 18 9 70 46 56 31 49 71 15 42 48 11 17 58 67 4 27 69 50,tails,minor,2
2022-10-23T09:21:00Z,42,14 44 43 77 24 30 40 12 55 70 53 67 2 58 50 33 54 5 9 51,tails,regular,2
2022-10-23T09:24:00Z,44,78 15 11 41 69 52 3 24 59 44 19 14 65 12 9 32 75 45 72 20,evens,regular,1
2022-10-23T09:27:00Z,45,54 74 13 46 72 65 16 32 56 41 29 33 10 17 2 76 36 38 62 30,heads,minor,1
2022-10-23T09:30:00Z,46,75 12 49 30 27 10 67 18 11 79 35 29 53 20 4 47 26 37 71 28,heads,regular,1
2022-10-23T09:33:00Z,47,76 61 71 31 56 5 69 80 75 62 59 7 12 58 57 50 18 28 51 77,tails,minor,3
2022-10-23T09:36:00Z,48,21 66 19 51 41 23 5 33 73 71 79 3 30 24 72 4 56 78 70 27,evens,regular,2
2022-10-23T09:39:00Z,49,66 65 42 74 17 30 38 34 23 19 16 48 36 33 63 73 3 62 6 24,heads,minor,4
2022-10-23T09:42:00Z,50,62 45 9 73 69 17 11 36 53 76 75 4 43 56 66 67 65 48 74 5,tails,regular,1
2022-10-23T09:45:00Z,51,61 79 57 51 40 55 11 58 18 62 9 71 67 78 20 56 68 38 64 30,tails,regular,3
2022-10-23T09:48:00Z,53,26 72 6 41 49 17 14 66 9 50 76 79 63 22 68 34 29 58 28 25,evens,minor,1
2022-10-23T09:51:00Z,54,6 74 40 4 30 78 50 39 46 68 14 11 44 3 43 26 52 25 51 45,evens,regular,2
2022-10-23T09:54:00Z,55,9 36 23 48 60 44 29 58 3 71 65 78 47 15 1 30 64 18 49 39,evens,minor,3
2022-10-23T09:57:00Z,56,42 55 3 11 7 44 29 74 35 54 37 60 12 53 22 70 63 34 40 20,heads,regular,1
2022-10-23T10:00:00Z,57,13 20 9 10 60 5 28 41 70 12 48 69 31 68 74 66 61 35 3 42,evens,regular,1
2022-10-23T10:03:00Z,58,14 52 26 6 80 41 21 56 37 53 1 11 12 43 24 22 32 3 50 55,heads,regular,3
2022-10-23T10:06:00Z,59,12 45 73 6 55 56 61 75 63 57 58 38 16 11 64 3 66 79 14 43,tails,minor,1
2022-10-23T10:09:00Z,60,47 4 66 49 24 51 40 59 3 35 25 28 73 78 15 62 55 50 1 43,tails,minor,1
2022-10-23T10:12:00Z,62,26 73 53 45 63 40 50 31 20 69 79 66 15 41 49 76 21 59 42 67,tails,regular,1
2022-10-23T10:15:00Z,63,40 21 53 24 15 60 46 68 57 80 3 42 34 10 79 75 20 72 2 22,evens,minor,10
2022-10-23T10:18:00Z,64,69 19 8 20 29 49 2 73 7 12 44 56 16 25 27 48 36 14 75 47,heads,minor,1
2022-10-23T10:21:00Z,65,29 64 43 21 34 27 6 69 74 60 67 18 49 1 14 5 48 37 32 7,heads,regular,5
2022-10-23T10:24:00Z,66,26 18 71 5 7 47 21 14 40 43 80 25 63 35 19 41 58 61 37 28,heads,minor,3
2022-10-23T10:27:00Z,67,35 49 4 46 59 72 54 18 3 56 10 44 65 33 42 37 47 43 1 24,tails,minor,2
2022-10-23T10:30:00Z,68,36 79 58 47 56 35 70 27 44 65 6 14 49 2 80 22 33 76 30 64,tails,major,1
2022-10-23T10:33:00Z,69,62 53 32 12 61 19 35 80 56 41 15 48 38 20 60 55 11 43 3 57,tails,regular,2
2022-10-23T10:36:00Z,71,68 4 53 27 9 5 63 54 50 43 7 32 58 30 46 72 76 64 60 8,tails,minor,3
2022-10-23T10:39:00Z,72,67 75 65 18 28 40 33 51 10 17 30 68 44 57 76 1 7 13 34 11,heads,minor,3
2022-10-23T10:42:00Z,73,20 24 72 79 76 36 59 10 68 21 80 27 62 64 17 78 34 54 9 4,evens,regular,3
2022-10-23T10:45:00Z,74,66 12 4 29 40 41 1 57 65 67 20 37 7 18 76 79 34 19 16 35,heads,regular,1
2022-10-23T10:48:00Z,75,63 4 67 45 36 56 62 2 34 46 26 54 17 48 43 68 8 29 12 38,evens,regular,4
2022-10-23T10:51:00Z,76,46 27 38 77 54 67 23 16 40 10 39 30 9 59 24 29 58 64 4 18,heads,regular,1
2022-10-23T10:54:00Z,77,35 78 76 33 59 71 64 36 66 7 63 10 75 48 42 1 6 60 29 61,tails,regular,3
2022-10-23T10:57:00Z,78,57 44 38 67 50 22 64 29 45 76 59 25 12 24 6 8 80 42 26 20,evens,regular,3
2022-10-23T11:00:00Z,80,20 55 78 23 25 4 10 21 42 45 8 34 57 7 43 41 70 40 64 75,evens,regular,1
2022-10-23T11:03:00Z,81,4 75 77 17 76 3 43 60 54 73 20 49 58 44 12 7 57 55 52 63,tails,regular,1
2022-10-23T11:06:00Z,82,44 62 9 78 56 55 54 74 58 45 33 71 26 79 42 61 28 2 40 19,tails,regular,10
2022-10-23T11:09:00Z,83,32 76 23 6 9 61 14 4 47 26 48 58 57 12 34 11 72 29 31 7,heads,regular,1
2022-10-23T11:12:00Z,84,59 27 80 8 41 58 36 73 23 28 2 60 13 15 10 56 22 52 40 55,heads,regular,4
2022-10-23T11:15:00Z,85,68 80 73 64 60 76 41 27 48 70 75 59 13 17 57 54 53 20 66 43,tails,regular,1
2022-10-23T11:18:00Z,86,10 16 43 36 18 54 59 42 73 34 24 47 75 58 14 78 66 71 62 76,tails,major,1
2022-10-23T11:21:00Z,87,28 60 20 24 44 37 72 14 61 55 30 8 56 2 32 11 68 63 66 42,evens,minor,1
2022-10-23T11:24:00Z,89,14 32 18 76 4 50 44 57 12 34 26 45 59 6 2 11 56 33 49 74,heads,regular,2
2022-10-23T11:27:00Z,90,32 7 67 31 22 19 39 20 10 52 55 18 75 73 74 13 56 62 46 25,heads,regular,3
2022-10-23T11:30:00Z,91,71 4 15 31 1 56 18 22 32 35 3 11 77 41 17 47 60 66 45 70,heads,major,1
2022-10-23T11:33:00Z,92,4 8 53 30 71 80 62 74 11 25 68 2 60 7 14 61 6 22 19 13,heads,regular,2
2022-10-23T11:36:00Z,93,73 31 78 28 2 50 56 68 44 22 29 13 14 75 77 40 15 12 5 60,heads,regular,1
2022-10-23T11:39:00Z,94,48 31 51 2 62 45 50 15 21 42 55 70 47 26 63 52 77 75 71 12,tails,regular,5
2022-10-23T11:42:00Z,95,59 15 29 20 77 72 28 51 2 75 69 32 49 1 7 65 30 3 57 17,heads,regular,4
2022-10-23T11:45:00Z,96,51 66 14 45 22 69 59 61 65 10 6 26 56 20 23 9 15 68 29 52,evens,minor,2
2022-10-23T11:48:00Z,98,3 10 8 23 52 67 41 22 16 77 44 50 48 51 56 1 49 13 42 25,tails,regular,1
2022-10-23T11:51:00Z,99,65 37 14 46 9 13 36 38 58 78 23 50 25 28 69 67 24 6 61 73,heads,regular,1
2022-10-23T11:54:00Z,100,61 41 1 34 38 5 58 49 24 54 53 16 52 73 40 77 14 23 48 45,tails,major,2
2022-10-23T11:57:00Z,101,77 74 41 46 79 40 6 18 51 58 44 19 20 37 56 33 39 52 12 64,tails,regular,1
2022-10-23T12:00:00Z,102,58 37 63 20 18 12 51 50 38 46 64 27 10 39 8 53 80 40 9 42,heads,regular,1
2022-10-23T12:03:00Z,103,11 62 18 3 10 56 61 5 63 43 45 57 55 40 72 13 66 17 35 23,evens,regular,1
2022-10-23T12:06:00Z,104,9 25 36 3 75 68 57 8 10 17 62 12 37 24 45 47 15 77 31 58,heads,regular,3
2022-10-23T12:09:00Z,105,9 64 69 29 47 2 56 6 39 59 35 15 72 32 8 45 79 68 37 70,evens,regular,3
2022-10-23T12:12:00Z,107,25 51 28 80 76 18 1 52 2 13 29 5 19 67 65 68 45 40 58 78,evens,regular,1
2022-10-23T12:15:00Z,108,72 55 7 57 67 44 38 36 5 42 78 15 16 24 13 59 10 34 73 1,heads,major,1
2022-10-23T12:18:00Z,109,5 45 53 76 49 59 30 41 1 60 39 68 18 62 24 44 28 37 64 71,tails,minor,1
2022-10-23T12:21:00Z,110,31 35 51 58 10 48 47 72 67 30 57 68 3 78 6 32 37 80 21 63,tails,regular,3
2022-10-23T12:24:00Z,111,11 34 77 20 23 49 79 40 19 58 67 1 53 25 71 60 39 59 33 29,heads,minor,1
2022-10-23T12:27:00Z,112,69 65 8 72 39 63 66 45 62 10 57 13 46 55 44 21 68 56 35 64,tails,minor,3
2022-10-23T12:30:00Z,113,43 69 17 1 56 24 46 48 68 23 44 40 27 21 47 67 42 64 49 22,tails,regular,1
2022-10-23T12:33:00Z,114,56 80 33 8 64 59 46 42 49 5 17 25 31 41 43 38 62 71 50 6,tails,minor,3
2022-10-23T12:36:00Z,116,67 77 12 66 48 24 57 38 4 34 30 3 11 19 53 6 21 75 55 65,heads,regular,1
2022-10-23T12:39:00Z,117,59 5 20 54 60 51 44 19 73 61 64 55 63 12 3 30 70 78 24 74,tails,minor,1
2022-10-23T12:42:00Z,118,25 72 2 42 43 67 53 37 51 38 48 31 4 21 28 26 32 74 77 58,evens,minor,3
2022-10-23T12:45:00Z,119,11 63 47 10 13 17 73 58 18 44 71 65 66 7 16 68 32 78 80 61,tails,minor,2
2022-10-23T12:48:00Z,120,13 68 15 12 42 25 53 34 52 29 69 58 51 41 33 50 8 2 5 77,evens,regular,1
2022-10-23T12:51:00Z,121,50 5 53 27 47 37 44 54 23 19 2 4 59 76 73 13 71 57 24 42,tails,regular,2
2022-10-23T12:54:00Z,122,5 67 40 65 15 77 4 41 18 58 36 52 2 80 21 66 9 29 48 14,heads,regular,1
2022-10-23T12:57:00Z,123,28 19 29 76 68 10 13 34 41 50 62 59 24 12 25 40 16 71 8 63,heads,minor,3
2022-10-23T13:00:00Z,125,19 37 63 23 21 76 17 61 44 18 41 27 58 31 43 74 66 42 28 16,evens,minor,10
2022-10-23T13:03:00Z,126,9 68 10 57 13 70 76 51 65 54 28 34 21 39 75 6 2 61 77 71,tails,regular,1
2022-10-23T13:06:00Z,127,10 78 3 31 72 53 11 80 56 9 71 4 34 5 54 20 16 24 45 52,heads,regular,1
2022-10-23T13:09:00Z,128,20 15 34 11 26 16 46 76 79 7 19 78 1 54 9 57 55 62 10 72,heads,regular,1
2022-10-23T13:12:00Z,129,24 60 19 49 20 65 54 67 61 74 63 79 78 7 37 48 4 23 47 28,tails,minor,1
2022-10-23T13:15:00Z,130,41 80 11 60 33 66 52 19 69 56 32 59 50 46 22 62 42 1 29 16,tails,regular,2
2022-10-23T13:18:00Z,131,60 53 40 1 44 33 43 31 76 15 65 28 32 30 11 25 12 55 67 6,heads,minor,5
2022-10-23T13:21:00Z,132,79 57 22 2 76 75 9 66 27 65 41 5 44 78 62 19 38 11 61 50,tails,regular,1
2022-10-23T13:24:00Z,134,48 77 25 24 7 32 71 29 46 12 62 10 18 8 11 36 56 28 58 3,heads,minor,2
2022-10-23T13:27:00Z,135,34 43 50 46 19 57 21 63 71 44 39 69 53 40 4 36 5 7 35 73,evens,major,3
2022-10-23T13:30:00Z,136,70 76 31 30 78 72 32 75 40 13 33 26 29 6 49 80 44 41 3 57,evens,regular,2
2022-10-23T13:33:00Z,137,57 25 38 64 69 36 41 77 80 48 35 79 63 32 74 44 68 13 58 73,tails,regular,1
2022-10-23T13:36:00Z,138,71 67 19 64 59 49 5 40 76 77 36 53 30 48 55 51 27 65 21 13,tails,regular,1
2022-10-23T13:39:00Z,139,73 38 59 10 42 5 63 54 77 41 23 74 52 32 18 56 19 61 24 69,tails,major,1
2022-10-23T13:42:00Z,140,52 32 19 70 43 38 37 61 13 7 68 6 9 47 74 39 20 53 71 79,evens,regular,4
2022-10-23T13:45:00Z,141,53 40 5 36 33 51 28 18 79 30 32 16 46 15 62 66 17 47 41 45,heads,minor,2
2022-10-23T13:48:00Z,143,17 61 49 50 72 15 2 3 27 65 37 16 25 47 24 10 45 42 66 39,heads,regular,3
2022-10-23T13:51:00Z,144,9 71 11 57 64 76 52 53 72 40 47 14 61 33 44 48 22 15 41 4,tails,regular,1
2022-10-23T13:54:00Z,145,10 50 40 52 19 64 71 13 62 60 54 66 14 46 74 3 47 2 33 58,tails,regular,4
2022-10-23T13:57:00Z,146,12 72 73 53 19 52 11 6 65 79 28 30 27 4 15 39 74 60 14 80,heads,regular,1
2022-10-23T14:00:00Z,147,69 66 40 37 54 73 7 15 18 38 22 48 78 12 32 44 71 20 11 21,heads,regular,2
2022-10-23T14:03:00Z,148,48 68 54 27 65 39 6 18 19 49 5 72 8 36 32 58 38 28 51 66,heads,minor,3
2022-10-23T14:06:00Z,149,65 77 14 50 3 9 49 15 25 44 55 12 64 38 42 45 23 58 33 79,tails,regular,1
2022-10-23T14:09:00Z,150,60 44 75 38 7 63 67 28 42 15 35 34 72 62 6 14 11 49 45 19,evens,regular,1
2022-10-23T14:12:00Z,152,14 53 73 69 28 54 75 62 19 40 8 63 43 12 48 34 80 31 71 55,tails,major,5
2022-10-23T14:15:00Z,153,66 48 75 15 14 20 43 34 13 76 1 8 25 38 24 22 36 77 26 59,heads,regular,3
2022-10-23T14:18:00Z,154,12 78 38 31 29 25 18 53 27 10 20 17 65 74 45 47 24 48 79 55,heads,regular,2
2022-10-23T14:21:00Z,155,23 21 57 74 45 38 39 8 55 53 58 59 10 75 77 35 73 47 80 24,tails,regular,1
2022-10-23T14:24:00Z,156,19 55 52 57 47 35 67 32 2 6 41 51 60 44 64 17 1 27 65 50,tails,regular,1
2022-10-23T14:27:00Z,157,49 6 29 55 54 17 37 72 71 80 12 64 46 62 18 20 23 70 63 28,tails,regular,3
2022-10-23T14:30:00Z,158,16 77 64 39 72 21 48 70 38 46 30 13 22 20 24 2 36 45 8 15,heads,minor,1
2022-10-23T14:33:00Z,159,21 68 45 73 60 56 59 61 47 79 23 25 77 7 52 70 14 62 40 19,tails,minor,3
2022-10-23T14:36:00Z,161,5 52 50 65 8 68 71 44 49 9 22 7 56 38 55 34 18 20 40 69,evens,regular,2
2022-10-23T14:39:00Z,162,17 6 48 57 75 45 66 52 72 35 25 46 20 42 31 24 15 65 58 14,tails,regular,1
2022-10-23T14:42:00Z,163,13 5 31 28 30 75 43 10 58 26 50 54 22 1 36 2 61 42 23 59,heads,regular,1
2022-10-23T14:45:00Z,164,65 56 61 49 41 2 79 20 54 68 46 45 59 66 15 12 31 67 37 52,tails,regular,1
2022-10-23T14:48:00Z,165,76 59 40 42 80 26 64 18 73 23 5 21 32 49 66 36 78 16 34 79,evens,regular,2
2022-10-23T14:51:00Z,166,23 34 39 44 55 56 73 16 9 54 10 25 78 5 8 79 30 40 42 26,heads,major,1
2022-10-23T14:54:00Z,167,19 50 58 16 59 21 48 67 78 76 3 64 51 8 26 46 15 11 32 12,evens,minor,2
2022-10-23T14:57:00Z,168,46 19 20 73 26 67 14 11 22 28 71 72 29 41 75 5 50 6 31 16,heads,major,1
2022-10-23T15:00:00Z,170,7 79 42 16 68 72 66 8 30 23 75 13 28 73 50 21 58 54 45 59,tails,regular,1
2022-10-23T15:03:00Z,171,64 52 66 60 7 63 40 22 38 74 76 68 58 13 1 20 21 29 12 4,heads,major,1
2022-10-23T15:06:00Z,172,30 39 70 18 68 16 23 41 25 46 40 67 62 13 12 7 79 22 15 53,heads,major,1
2022-10-23T15:09:00Z,173,50 30 51 56 54 23 4 79 76 33 37 43 6 21 20 31 60 74 1 32,heads,minor,2
2022-10-23T15:12:00Z,174,46 80 50 38 76 14 49 7 54 12 30 72 78 24 35 55 10 48 11 68,tails,regular,3
2022-10-23T15:15:00Z,175,50 55 62 80 37 57 7 21 5 79 68 46 31 15 25 30 2 74 47 58,tails,regular,2
2022-10-23T15:18:00Z,176,8 79 18 33 75 17 25 70 76 12 66 26 28 32 39 14 45 41 1 54,heads,regular,1
2022-10-23T15:21:00Z,177,37 72 13 45 53 8 56 32 63 76 31 43 25 61 77 20 9 17 4 57,evens,regular,3
2022-10-23T15:24:00Z,179,55 22 67 60 3 46 33 70 45 59 41 48 71 9 7 68 24 23 26 40,tails,regular,2
2022-10-23T15:27:00Z,180,44 73 38 79 75 47 71 11 28 51 54 5 68 22 63 72 19 65 74 77,tails,minor,1
2022-10-23T15:30:00Z,181,54 77 70 46 22 57 43 18 25 58 78 49 65 59 79 48 13 17 5 14,tails,regular,1
2022-10-23T15:33:00Z,182,11 54 12 70 79 19 71 6 20 43 63 73 37 75 34 26 27 36 47 21,heads,regular,3
2022-10-23T15:36:00Z,183,80 24 1 62 34 45 5 54 12 29 3 71 30 52 10 31 42 68 76 74,evens,regular,2
2022-10-23T15:39:00Z,184,70 38 54 7 55 27 10 23 20 66 58 61 79 29 26 22 15 52 13 8,heads,regular,1
2022-10-23T15:42:00Z,185,57 74 19 33 79 15 24 36 30 27 77 4 41 7 66 11 6 13 37 52,heads,regular,1
2022-10-23T15:45:00Z,186,44 78 1 34 8 31 70 4 52 22 61 67 11 38 54 33 10 3 26 18,heads,regular,3
2022-10-23T15:48:00Z,188,28 71 66 14 40 1 59 70 75 27 21 79 65 48 33 42 41 5 24 63,tails,major,3
2022-10-23T15:51:00Z,189,16 69 25 38 52 33 71 36 80 59 44 23 43 26 9 72 27 63 40 79,evens,regular,1
2022-10-23T15:54:00Z,190,31 78 71 12 1 47 74 54 11 19 69 9 25 80 46 41 66 79 75 49,tails,minor,2
2022-10-23T15:57:00Z,191,48 64 26 24 61 20 67 40 54 77 38 12 53 30 36 32 52 76 49 13,evens,major,3
2022-10-23T16:00:00Z,192,46 42 70 59 1 35 20 43 12 24 4 76 26 58 13 29 75 30 55 27,heads,minor,3
2022-10-23T16:03:00Z,193,50 38 46 56 39 34 69 18 14 28 30 37 11 19 40 51 62 26 8 66,heads,minor,2
2022-10-23T16:06:00Z,194,47 29 63 54 75 18 77 31 64 5 30 80 42 65 43 28 55 38 58 66,tails,regular,2
2022-10-23T16:09:00Z,195,80 24 54 26 79 5 56 49 9 61 39 35 4 2 71 60 33 32 28 69,heads,regular,3
2022-10-23T16:12:00Z,197,26 44 20 2 64 72 55 38 46 50 22 67 25 27 73 9 80 59 13 1,evens,minor,1
2022-10-23T16:15:00Z,198,68 24 15 2 62 13 29 75 57 20 72 67 53 52 26 56 49 41 38 40,tails,regular,3
2022-10-23T16:18:00Z,199,42 58 79 18 36 47 72 25 15 5 13 46 80 70 4 55 43 1 69 61,tails,regular,2
2022-10-23T16:21:00Z,200,35 30 21 60 79 74 41 23 62 16 57 76 66 5 9 52 63 1 13 28,evens,minor,2
2022-10-23T16:24:00Z,201,62 12 13 79 21 51 36 59 5 27 77 43 26 25 72 65 7 2 30 80,heads,regular,1
2022-10-23T16:27:00Z,202,27 68 24 71 14 31 29 62 49 4 70 44 46 42 75 78 5 30 57 22,tails,major,4
2022-10-23T16:30:00Z,203,6 74 16 56 61 7 80 68 78 38 67 36 52 48 63 11 25 40 47 24,tails,regular,1
2022-10-23T16:33:00Z,204,23 61 44 24 69 70 6 58 76 29 33 63 1 66 57 65 4 10 52 22,tails,regular,3
2022-10-23T16:36:00Z,206,70 64 79 54 32 56 69 4 10 45 39 25 65 11 53 17 24 80 52 58,tails,minor,1
2022-10-23T16:39:00Z,207,57 4 12 38 69 55 31 53 64 2 37 6 45 50 30 28 47 27 46 80,evens,minor,2
2022-10-23T16:42:00Z,208,42 30 2 56 71 74 63 59 35 27 38 24 46 10 66 61 20 41 67 8,tails,regular,2
2022-10-23T16:45:00Z,209,14 25 73 45 65 31 74 55 18 53 24 51 71 34 76 7 42 12 41 36,tails,minor,1
2022-10-23T16:48:00Z,210,51 15 20 28 19 61 66 3 1 21 62 24 50 43 44 46 10 71 69 47,tails,minor,1
2022-10-23T16:51:00Z,211,49 57 26 44 64 6 29 72 69 65 19 16 17 51 40 78 45 3 22 53,tails,regular,2
2022-10-23T16:54:00Z,212,43 36 66 19 21 62 13 65 34 18 33 56 49 68 27 5 2 54 52 53,evens,regular,2
2022-10-23T16:57:00Z,213,76 8 17 6 26 31 68 80 52 39 45 13 28 41 1 25 37 29 50 58,heads,minor,1
2022-10-23T17:00:00Z,215,42 74 15 68 31 4 21 27 35 11 16 53 71 55 20 66 2 69 38 60,heads,regular,1
2022-10-23T17:03:00Z,216,33 38 23 13 11 58 15 5 45 52 21 34 24 18 64 75 76 49 43 20,heads,regular,1
2022-10-23T17:06:00Z,217,56 21 7 63 4 26 48 53 31 58 34 18 1 39 37 12 70 22 77 51,heads,regular,1
2022-10-23T17:09:00Z,218,11 70 68 29 49 65 7 62 79 73 19 59 32 80 56 12 43 18 74 33,tails,regular,1
2022-10-23T17:12:00Z,219,75 29 21 38 27 50 73 74 78 52 2 11 26 46 15 8 66 20 23 80,heads,minor,2
2022-10-23T17:15:00Z,220,72 43 64 44 74 68 4 26 10 75 22 16 24 79 11 47 38 28 67 63,tails,regular,2
2022-10-23T17:18:00Z,221,46 28 64 61 42 6 31 77 11 36 56 32 26 21 68 54 73 5 72 7,evens,regular,3
2022-10-23T17:21:00Z,222,63 36 1 41 34 68 72 10 2 30 13 24 23 74 69 22 55 53 47 64,evens,regular,2
2022-10-23T17:24:00Z,224,65 60 23 26 67 71 45 77 1 8 38 14 18 28 4 80 3 29 51 56,heads,major,2
2022-10-23T17:27:00Z,225,61 34 65 15 4 11 17 68 35 42 20 37 38 73 31 23 77 51 44 39,heads,major,1
2022-10-23T17:30:00Z,226,54 3 78 76 25 68 55 77 69 53 45 72 29 21 65 50 22 46 41 15,tails,regular,1
2022-10-23T17:33:00Z,227,57 67 73 40 58 2 78 46 59 10 80 20 23 62 53 39 72 47 51 76,tails,regular,1
2022-10-23T17:36:00Z,228,2 60 71 35 30 1 15 5 66 67 51 23 53 10 34 48 29 79 68 27,heads,regular,3
2022-10-23T17:39:00Z,229,57 63 25 5 32 11 8 1 15 4 35 17 22 80 56 7 60 75 66 73,heads,regular,3
2022-10-23T17:42:00Z,230,18 36 66 28 24 53 5 60 50 79 9 80 78 71 31 37 41 10 61 52,tails,minor,2
2022-10-23T17:45:00Z,231,66 11 4 54 40 29 69 76 34 67 7 61 79 49 63 53 39 73 71 15,tails,regular,2
2022-10-23T17:48:00Z,233,71 35 31 21 41 7 59 3 70 36 26 12 66 9 50 53 11 60 23 64,heads,minor,3
2022-10-23T17:51:00Z,234,52 61 36 19 80 31 32 48 77 5 4 53 72 13 27 58 10 33 60 28,heads,regular,3
2022-10-23T17:54:00Z,235,50 66 31 33 69 21 9 35 54 24 27 43 22 64 46 42 61 34 19 53,evens,regular,2
2022-10-23T17:57:00Z,236,17 10 66 16 77 49 1 35 3 15 44 19 80 40 47 7 76 33 57 68,heads,minor,2
2022-10-23T18:00:00Z,237,54 4 2 49 8 79 14 39 30 9 38 72 65 18 11 63 37 57 23 6,heads,regular,1
2022-10-23T18:03:00Z,238,12 16 50 6 67 15 73 64 18 72 42 63 78 11 41 25 35 1 33 36,heads,regular,4
2022-10-23T18:06:00Z,239,74 26 73 71 47 38 32 76 39 28 13 5 45 6 34 36 18 30 57 2,heads,regular,3
2022-10-23T18:09:00Z,240,14 59 36 5 53 20 22 8 76 9 50 75 79 57 33 49 24 64 68 43,tails,minor,2
2022-10-23T18:12:00Z,242,37 39 76 13 17 32 50 47 9 65 4 55 62 22 78 64 52 7 38 28,heads,regular,2
2022-10-23T18:15:00Z,243,52 49 46 71 43 56 30 17 19 57 54 14 9 42 26 3 39 2 61 63,tails,regular,2
2022-10-23T18:18:00Z,244,13 12 18 59 71 20 64 3 79 63 39 26 57 10 15 62 34 67 42 25,heads,regular,3
2022-10-23T18:21:00Z,245,36 4 23 13 21 49 69 72 7 24 26 80 65 60 56 11 77 32 34 71,heads,major,4
2022-10-23T18:24:00Z,246,27 10 24 48 44 25 28 55 16 6 30 23 5 71 58 65 74 15 54 34,heads,regular,3
2022-10-23T18:27:00Z,247,74 5 18 17 59 27 21 57 66 29 60 26 10 48 33 35 67 80 69 70,evens,minor,2
2022-10-23T18:30:00Z,248,76 35 7 45 15 20 61 74 23 75 56 73 52 8 48 36 68 53 27 43,tails,minor,1
2022-10-23T18:33:00Z,249,61 73 3 58 64 37 52 66 38 9 50 8 12 15 68 31 24 57 40 28,heads,regular,3
2022-10-23T18:36:00Z,251,22 32 63 71 42 76 23 56 36 9 51 20 44 67 61 18 62 50 15 35,tails,minor,1
2022-10-23T18:39:00Z,252,17 60 6 16 10 30 29 78 56 52 65 23 19 4 59 76 71 54 80 13,evens,regular,1
2022-10-23T18:42:00Z,253,37 26 32 55 47 19 75 53 14 69 4 25 16 43 1 6 44 7 49 42,heads,minor,1
2022-10-23T18:45:00Z,254,68 1 51 64 47 80 25 42 17 23 49 37 34 78 58 73 24 19 12 20,evens,regular,2
2022-10-23T18:48:00Z,255,33 52 43 67 15 70 28 63 23 57 62 17 5 2 55 29 41 18 24 10,heads,regular,2
2022-10-23T18:51:00Z,256,52 26 30 33 25 4 42 40 78 7 66 2 35 18 67 28 6 14 20 43,heads,regular,1
2022-10-23T18:54:00Z,257,27 77 24 63 64 73 5 61 29 18 33 55 44 11 37 59 43 40 9 67,evens,regular,2
2022-10-23T18:57:00Z,258,2 35 65 36 24 47 30 76 27 12 26 64 9 68 13 39 31 52 72 8,heads,regular,1
2022-10-23T19:00:00Z,260,36 40 61 32 42 33 27 37 15 10 26 54 8 24 7 45 80 41 59 50,heads,minor,5
2022-10-23T19:03:00Z,261,30 57 71 69 35 59 40 20 43 33 67 62 49 47 6 56 65 10 13 76,tails,regular,1
2022-10-23T19:06:00Z,262,30 73 59 56 18 47 16 34 72 75 54 19 10 58 13 78 64 9 66 57,tails,regular,1
2022-10-23T19:09:00Z,263,73 43 23 65 74 68 39 40 47 53 60 11 24 70 49 42 9 61 5 45,tails,regular,1
2022-10-23T19:12:00Z,264,58 78 52 56 3 57 20 38 9 6 49 11 8 12 75 77 1 67 34 72,evens,regular,1
2022-10-23T19:15:00Z,265,59 55 24 16 60 45 51 1 72 20 80 12 64 3 68 54 8 47 74 17,tails,major,4
2022-10-23T19:18:00Z,266,68 61 47 5 31 25 19 28 42 49 79 24 73 70 38 78 63 60 77 51,tails,regular,10
2022-10-23T19:21:00Z,267,66 50 73 20 40 17 2 25 70 14 52 22 42 62 19 15 58 44 11 69,evens,regular,2
2022-10-23T19:24:00Z,269,10 74 16 24 39 66 60 15 38 37 51 21 12 61 41 29 19 8 50 72,heads,major,1
2022-10-23T19:27:00Z,270,5 31 69 65 43 63 53 33 14 4 77 49 9 6 68 80 24 22 59 1,evens,regular,2
2022-10-23T19:30:00Z,271,24 49 5 44 2 59 68 75 58 19 15 27 63 50 34 57 26 8 14 6,heads,minor,2
2022-10-23T19:33:00Z,272,69 71 52 54 7 17 72 74 15 27 4 13 58 42 8 50 43 14 57 60,tails,regular,1
2022-10-23T19:36:00Z,273,68 6 75 32 42 37 45 77 16 31 26 58 60 17 15 46 40 64 41 50,tails,regular,2
2022-10-23T19:39:00Z,274,33 23 79 34 52 19 35 30 4 68 77 64 26 31 36 55 48 75 40 62,heads,regular,3
2022-10-23T19:42:00Z,275,68 12 24 17 80 57 63 20 9 14 13 42 47 18 62 25 45 64 15 41,evens,regular,1
2022-10-23T19:45:00Z,276,27 18 34 62 30 53 3 58 42 71 15 72 52 24 32 69 35 36 43 47,evens,minor,10
2022-10-23T19:48:00Z,278,80 1 59 60 75 6 28 58 50 44 11 69 12 34 42 2 38 22 79 10,evens,regular,2
2022-10-23T19:51:00Z,279,64 33 53 21 17 32 61 66 11 79 30 31 36 6 50 10 49 58 14 43,heads,major,2
2022-10-23T19:54:00Z,280,46 53 44 48 51 27 6 40 8 71 36 67 1 65 11 23 68 29 57 58,tails,major,3
2022-10-23T19:57:00Z,281,7 1 55 32 46 74 12 25 41 9 57 50 13 52 72 47 70 43 65 62,tails,regular,3
2022-10-23T20:00:00Z,282,40 14 16 18 23 19 67 37 76 20 5 57 43 15 32 34 54 59 41 26,heads,regular,2
2022-10-23T20:03:00Z,283,69 51 32 62 17 5 8 16 52 11 34 42 18 3 64 20 59 14 2 9,heads,regular,2
2022-10-23T20:06:00Z,284,80 18 28 29 56 19 39 27 46 69 32 10 13 30 49 74 75 57 59 20,heads,major,4
2022-10-23T20:09:00Z,285,79 69 2 24 73 26 4 45 15 28 31 40 21 12 36 80 53 66 14 72,heads,minor,4
2022-10-23T20:12:00Z,287,71 46 57 1 39 80 51 21 35 13 78 25 79 6 45 22 49 3 64 41,tails,minor,3
2022-10-23T20:15:00Z,288,34 11 42 58 48 56 64 72 31 32 66 37 43 8 62 26 61 71 59 54,tails,major,2
2022-10-23T20:18:00Z,289,64 44 60 80 70 24 51 40 15 1 33 32 26 37 56 47 23 30 46 2,heads,minor,2
2022-10-23T20:21:00Z,290,7 71 1 36 75 77 66 32 56 64 48 25 78 20 3 76 58 49 67 79,tails,regular,10
2022-10-23T20:24:00Z,291,15 60 57 49 9 75 4 54 61 30 42 17 74 19 40 5 71 68 2 16,evens,regular,1
2022-10-23T20:27:00Z,292,70 5 17 7 68 67 32 2 12 36 38 61 8 45 25 14 34 79 33 1,heads,regular,3
2022-10-23T20:30:00Z,293,72 26 49 47 18 45 8 77 80 28 27 56 35 13 75 19 25 17 3 11,heads,regular,2
2022-10-23T20:33:00Z,294,2 6 56 43 23 46 63 51 5 24 53 70 62 42 25 37 27 33 49 67,tails,minor,2
2022-10-23T20:36:00Z,296,25 67 35 68 61 10 40 56 1 60 50 2 55 59 80 16 12 20 21 73,evens,minor,2
2022-10-23T20:39:00Z,297,35 53 63 21 39 24 34 50 16 28 48 2 30 25 44 78 37 55 65 12,heads,regular,1
2022-10-23T20:42:00Z,298,39 59 23 48 58 53 9 22 56 31 54 66 43 25 69 34 18 21 41 70,tails,regular,2
2022-10-23T20:45:00Z,299,14 5 58 76 46 9 72 12 22 62 45 25 20 65 40 48 70 35 36 30,heads,minor,4
2022-10-23T20:48:00Z,300,52 71 13 14 59 11 35 79 56 22 40 4 16 61 73 46 8 32 47 21,heads,minor,2
2022-10-23T20:51:00Z,301,12 63 42 6 80 2 69 59 28 67 5 25 76 1 20 58 57 16 31 55,evens,minor,4
2022-10-23T20:54:00Z,302,63 5 45 40 74 59 17 20 26 27 25 39 48 47 14 12 19 41 43 16,heads,major,2
2022-10-23T20:57:00Z,303,8 70 53 9 22 35 73 38 47 67 32 27 42 37 12 50 1 40 19 34,heads,regular,3
2022-10-23T21:00:00Z,305,70 48 56 28 59 80 67 4 14 29 54 6 19 41 25 27 37 10 69 3,heads,major,1
2022-10-23T21:03:00Z,306,55 40 47 79 18 59 28 14 63 19 15 37 57 21 9 17 1 77 73 42,heads,regular,2
2022-10-23T21:06:00Z,307,32 31 37 54 51 33 53 46 45 61 28 15 6 27 59 52 35 44 4 18,heads,regular,2
2022-10-23T21:09:00Z,308,78 36 44 28 21 77 33 60 80 29 50 47 69 57 61 64 40 45 22 67,tails,regular,3
2022-10-23T21:12:00Z,309,72 70 79 31 19 12 15 13 74 28 17 44 63 9 33 37 32 56 16 55,heads,regular,2
2022-10-23T21:15:00Z,310,11 39 20 53 27 75 74 61 12 33 60 68 64 21 52 58 72 16 73 22,tails,major,1
2022-10-23T21:18:00Z,311,23 50 67 8 58 74 29 56 26 51 71 5 72 34 7 37 77 20 79 17,evens,regular,1
2022-10-23T21:21:00Z,312,67 46 39 26 65 70 32 12 64 17 33 15 2 10 7 48 23 61 74 68,heads,regular,3
2022-10-23T21:24:00Z,314,15 39 21 65 37 31 7 8 59 45 41 5 61 35 18 69 80 44 47 48,evens,regular,2
2022-10-23T21:27:00Z,315,39 11 12 35 26 31 47 6 29 65 68 56 58 17 72 54 23 41 14 4,heads,regular,1
2022-10-23T21:30:00Z,316,4 39 63 42 10 24 61 12 79 26 72 31 69 44 2 54 75 27 46 28,evens,minor,1
2022-10-23T21:33:00Z,317,65 46 2 54 41 32 20 64 17 11 1 76 9 61 37 5 30 29 57 22,heads,minor,3
2022-10-23T21:36:00Z,318,58 67 11 38 7 61 33 53 72 32 12 75 50 52 27 26 55 17 2 9,heads,regular,3
2022-10-23T21:39:00Z,319,21 17 30 65 23 28 80 73 18 35 59 1 36 39 55 32 50 49 51 33,heads,regular,2
2022-10-23T21:42:00Z,320,8 41 20 16 39 12 30 22 59 80 11 64 28 37 18 57 73 42 69 7,heads,regular,1
2022-10-23T21:45:00Z,321,65 14 2 21 38 23 49 58 3 68 45 55 31 4 75 15 43 74 29 36,heads,minor,3
2022-10-23T21:48:00Z,323,58 15 2 77 5 17 21 11 1 60 50 40 22 48 32 10 74 14 54 67,heads,regular,1
2022-10-23T21:51:00Z,324,12 63 48 70 75 65 71 4 47 1 25 58 19 38 46 13 53 64 43 59,tails,minor,1
2022-10-23T21:54:00Z,325,3 30 43 65 75 32 15 50 62 64 57 52 6 23 9 34 63 40 21 18,heads,regular,1
2022-10-23T21:57:00Z,326,17 14 30 70 50 31 33 46 18 62 2 6 44 41 69 48 54 60 4 9,evens,regular,1
2022-10-23T22:00:00Z,327,55 10 25 35 78 80 16 19 62 20 42 14 57 28 17 79 60 76 47 1,evens,regular,3
2022-10-23T22:03:00Z,328,23 20 15 1 3 10 35 66 75 61 37 32 71 45 13 52 65 31 36 58,heads,regular,2
2022-10-23T22:06:00Z,329,29 62 42 56 28 64 16 70 69 12 21 35 34 60 39 80 8 37 61 33,heads,minor,3
2022-10-23T22:09:00Z,330,6 52 67 55 26 21 78 79 42 34 8 38 40 35 9 12 37 13 71 43,heads,minor,2
2022-10-23T22:12:00Z,332,56 45 50 78 79 36 9 44 17 24 35 43 69 8 10 75 22 47 18 13,evens,regular,1
2022-10-23T22:15:00Z,333,29 11 14 8 42 51 17 65 33 59 6 62 38 28 63 47 52 73 66 64,tails,regular,1
2022-10-23T22:18:00Z,334,6 49 51 19 35 32 37 41 30 12 80 61 53 33 40 45 22 72 7 55,heads,regular,2
2022-10-23T22:21:00Z,335,33 3 39 61 43 77 11 50 2 44 27 55 64 56 59 63 49 28 37 30,tails,regular,1
2022-10-23T22:24:00Z,336,19 5 68 73 78 49 50 12 70 23 25 34 77 29 44 18 76 57 2 1,evens,regular,2
2022-10-23T22:27:00Z,337,38 22 59 10 25 2 75 35 34 33 11 20 29 80 60 9 69 28 64 66,heads,minor,4
2022-10-23T22:30:00Z,338,50 23 48 77 66 30 52 21 58 25 14 38 26 4 5 62 75 10 13 71,heads,regular,1
2022-10-23T22:33:00Z,339,53 54 22 35 37 14 58 57 62 73 48 9 70 3 25 20 71 75 17 44,tails,minor,1
2022-10-23T22:36:00Z,341,30 66 55 22 79 24 1 73 8 56 7 50 65 54 32 70 62 52 34 2,tails,regular,10
2022-10-23T22:39:00Z,342,54 40 12 10 80 59 61 72 1 66 38 76 27 26 55 49 14 50 43 71,tails,regular,3
2022-10-23T22:42:00Z,343,70 25 19 76 10 80 74 75 45 63 62 48 56 26 35 33 79 41 52 29,tails,major,4
2022-10-23T22:45:00Z,344,43 38 5 46 24 36 49 8 29 54 35 19 15 34 10 42 80 73 7 31,heads,regular,1
2022-10-23T22:48:00Z,345,39 54 7 45 51 10 18 27 62 14 9 49 63 59 47 40 37 1 35 6,heads,regular,1
2022-10-23T22:51:00Z,346,68 30 43 42 31 63 53 59 47 62 56 35 48 28 65 55 9 25 58 7,tails,regular,1
2022-10-23T22:54:00Z,347,80 52 14 73 29 59 50 11 15 19 60 37 40 32 22 2 1 51 68 70,heads,major,1
2022-10-23T22:57:00Z,348,1 7 8 65 4 75 24 66 43 45 34 56 26 71 48 69 6 40 76 72,tails,regular,2
2022-10-23T23:00:00Z,350,12 64 31 41 40 57 58 80 59 39 61 1 55 78 25 70 6 36 2 45,tails,regular,2
2022-10-23T23:03:00Z,351,63 44 10 49 33 71 46 34 36 45 3 51 15 78 22 37 67 11 29 18,heads,regular,1
2022-10-23T23:06:00Z,352,37 41 76 20 43 52 73 2 8 12 62 53 56 70 14 34 51 46 17 71,tails,regular,4
2022-10-23T23:09:00Z,353,49 11 77 36 35 48 20 59 8 38 32 70 57 61 45 27 68 19 9 14,heads,regular,1
2022-10-23T23:12:00Z,354,54 19 28 1 21 9 7 61 12 80 32 10 30 66 46 14 23 49 68 56,heads,regular,1
2022-10-23T23:15:00Z,355,20 70 26 74 45 32 19 21 69 78 15 66 49 53 8 36 29 14 10 75,heads,major,3
2022-10-23T23:18:00Z,356,5 17 30 4 65 46 41 67 51 64 28 25 13 26 49 32 66 76 69 33,evens,regular,1
2022-10-23T23:21:00Z,357,28 64 25 52 9 60 6 45 32 42 18 2 17 56 1 43 73 49 68 58,tails,minor,3
2022-10-23T23:24:00Z,359,78 10 49 58 59 28 76 18 74 40 71 13 52 57 64 38 30 24 77 54,tails,minor,3
2022-10-23T23:27:00Z,360,71 9 60 25 31 30 80 44 79 28 33 27 26 52 10 3 12 47 43 1,heads,regular,1
2022-10-23T23:30:00Z,361,73 16 19 5 4 69 31 60 76 68 77 62 20 38 61 49 30 15 9 22,heads,regular,3
2022-10-23T23:33:00Z,362,20 3 78 21 30 46 75 56 31 40 1 45 5 66 77 43 33 29 55 73,evens,major,1
2022-10-23T23:36:00Z,363,37 58 50 42 8 53 40 77 10 46 30 4 61 48 54 32 35 45 28 24,evens,regular,5
2022-10-23T23:39:00Z,364,17 2 4 15 34 45 40 46 23 74 21 69 50 42 53 52 12 16 13 63,heads,regular,1
2022-10-23T23:42:00Z,365,52 18 72 63 36 39 46 35 38 76 60 43 26 55 29 56 78 50 65 21,tails,minor,3
2022-10-23T23:45:00Z,366,7 10 35 8 53 4 79 21 69 2 34 48 57 58 37 63 78 59 26 42,evens,minor,4
2022-10-23T23:48:00Z,368,19 18 80 72 52 57 16 14 33 15 39 11 73 66 4 36 68 48 37 74,heads,minor,1
2022-10-23T23:51:00Z,369,6 62 43 69 21 67 47 37 46 31 32 18 7 41 17 39 22 8 55 40,heads,regular,1
2022-10-23T23:54:00Z,370,13 39 36 15 4 28 58 17 9 71 53 63 12 43 61 38 74 45 34 42,heads,regular,1
2022-10-23T23:57:00Z,371,10 19 65 64 79 8 18 38 31 52 61 4 57 74 34 77 14 75 62 6,evens,major,4
2022-10-24T00:00:00Z,372,66 49 46 62 27 8 51 18 55 63 34 37 30 70 17 65 67 36 19 58,tails,regular,2
2022-10-24T00:03:00Z,373,51 34 29 18 7 24 1 27 26 9 59 52 48 66 77 45 36 50 42 41,evens,minor,2
2022-10-24T00:06:00Z,374,46 44 30 74 25 8 58 9 40 37 21 65 73 12 54 78 68 56 28 18,evens,minor,2
2022-10-24T00:09:00Z,375,37 38 59 28 77 14 26 57 39 63 25 34 60 71 70 67 32 75 69 72,tails,regular,1
2022-10-24T00:12:00Z,377,72 15 80 48 51 43 47 28 46 59 53 25 20 29 16 18 4 64 66 13,tails,regular,1
2022-10-24T00:15:00Z,378,28 10 78 76 55 69 56 15 26 79 12 6 11 54 36 66 22 4 19 80,heads,minor,1
2022-10-24T00:18:00Z,379,60 21 41 46 69 24 39 61 2 4 64 73 27 52 29 9 44 37 59 18,evens,regular,3
2022-10-24T00:21:00Z,380,53 56 20 14 33 18 76 23 31 61 77 43 24 57 59 1 4 60 70 7,evens,minor,3
2022-10-24T00:24:00Z,381,39 67 62 22 47 25 60 26 50 1 46 61 68 37 10 45 64 72 12 30,tails,minor,2
2022-10-24T00:27:00Z,382,23 13 26 16 37 29 60 57 73 52 45 28 9 66 14 4 42 61 10 17,heads,minor,1
2022-10-24T00:30:00Z,383,13 15 42 61 16 74 17 51 40 27 22 6 39 4 36 44 67 70 32 41,heads,regular,1
2022-10-24T00:33:00Z,384,49 71 18 31 24 78 73 40 42 10 3 69 61 41 44 48 59 57 26 70,tails,major,1
2022-10-24T00:36:00Z,386,66 31 17 67 29 64 72 46 22 61 56 41 19 51 7 53 59 60 76 28,tails,regular,1
2022-10-24T00:39:00Z,387,63 12 3 27 42 28 56 52 65 2 48 23 33 50 68 41 25 5 76 21,evens,regular,3
2022-10-24T00:42:00Z,388,56 47 30 4 6 66 78 51 13 76 5 15 71 16 2 17 64 31 60 36,heads,regular,3
2022-10-24T00:45:00Z,389,50 40 74 64 25 75 59 37 27 48 10 31 42 51 77 78 71 28 57 1,tails,regular,3
2022-10-24T00:48:00Z,390,54 10 61 49 60 50 75 34 9 32 1 55 26 68 70 21 31 24 12 64,evens,major,2
2022-10-24T00:51:00Z,391,14 31 21 9 16 75 19 41 51 61 38 34 47 26 33 40 76 66 3 27,heads,regular,1
2022-10-24T00:54:00Z,392,29 80 34 47 41 16 3 58 17 67 30 48 53 79 62 22 28 4 51 49,tails,regular,1
2022-10-24T00:57:00Z,393,50 57 42 53 60 40 80 12 9 65 66 72 21 62 56 77 49 25 20 4,tails,regular,3
2022-10-24T01:00:00Z,395,40 72 79 19 3 62 66 25 1 60 10 65 21 74 46 49 47 73 34 55,tails,regular,1
2022-10-24T01:03:00Z,396,3 67 42 56 36 23 34 1 32 16 74 37 12 39 58 68 13 27 47 15,heads,minor,2
2022-10-24T01:06:00Z,397,6 65 40 1 30 17 12 25 38 15 52 5 51 42 68 73 44 26 13 72,heads,regular,1
2022-10-24T01:09:00Z,398,11 7 16 18 5 6 48 73 70 57 65 34 54 25 71 8 10 44 75 15,heads,regular,3
2022-10-24T01:12:00Z,399,15 14 68 45 43 44 38 42 63 30 55 37 29 79 80 54 33 27 76 20,tails,minor,1
2022-10-24T01:15:00Z,400,42 4 18 47 74 16 13 51 31 48 24 72 35 7 30 60 78 56 69 36,evens,minor,2
2022-10-24T01:18:00Z,401,2 19 22 10 47 70 56 30 63 68 67 66 78 58 16 32 20 69 72 13,tails,regular,2
2022-10-24T01:21:00Z,402,38 74 53 48 52 79 26 64 31 45 32 2 3 78 17 7 10 46 65 22,evens,regular,1
2022-10-24T01:24:00Z,404,75 63 78 67 16 77 29 36 46 32 9 39 40 73 11 66 74 80 54 26,tails,minor,3
2022-10-24T01:27:00Z,405,21 34 9 24 48 57 23 52 10 67 15 68 58 30 6 19 36 47 38 29,heads,regular,1
2022-10-24T01:30:00Z,406,58 61 21 11 72 6 22 38 25 59 33 29 26 12 42 9 34 76 31 32,heads,minor,1
2022-10-24T01:33:00Z,407,62 63 19 40 39 70 57 41 27 76 1 59 74 71 7 26 53 5 66 67,tails,regular,1
2022-10-24T01:36:00Z,408,39 56 22 65 57 58 73 55 67 30 74 17 61 80 48 64 75 33 21 32,tails,regular,1
2022-10-24T01:39:00Z,409,37 3 6 2 78 64 75 68 59 45 38 10 35 14 48 62 65 32 5 46,evens,regular,1
2022-10-24T01:42:00Z,410,9 78 14 65 62 11 35 23 34 41 55 1 63 44 53 7 79 8 20 21,heads,regular,1
2022-10-24T01:45:00Z,411,72 55 73 1 42 9 32 23 44 14 56 75 6 59 31 49 5 79 17 54,tails,regular,3
2022-10-24T01:48:00Z,413,41 80 45 33 3 4 1 39 71 44 68 14 31 70 15 64 73 9 62 13,evens,regular,2
2022-10-24T01:51:00Z,414,66 70 59 58 23 80 30 26 21 74 73 72 9 8 45 71 18 77 27 64,tails,regular,10
2022-10-24T01:54:00Z,415,46 6 2 70 67 61 72 47 50 49 64 79 33 29 58 3 40 75 14 20,tails,regular,2
2022-10-24T01:57:00Z,416,59 53 30 32 63 36 56 72 57 4 42 10 78 12 67 46 11 50 60 2,tails,regular,2
2022-10-24T02:00:00Z,417,79 64 30 47 11 1 74 36 33 76 4 16 54 9 39 67 46 12 6 50,heads,regular,5
2022-10-24T02:03:00Z,418,67 28 46 23 57 51 12 61 63 52 59 16 70 25 18 32 76 47 24 10,tails,regular,1
2022-10-24T02:06:00Z,419,44 2 28 32 25 23 63 56 76 26 30 18 14 6 31 58 55 36 17 46,heads,regular,1
2022-10-24T02:09:00Z,420,66 14 53 21 38 40 19 79 42 64 46 20 16 49 13 22 18 78 73 30,heads,regular,2
2022-10-24T02:12:00Z,422,32 67 51 24 60 4 74 8 58 26 46 77 40 2 48 50 33 37 22 75,evens,regular,1
2022-10-24T02:15:00Z,423,57 71 36 23 39 4 22 61 3 33 2 62 11 51 10 32 49 65 79 77,heads,minor,3
2022-10-24T02:18:00Z,424,56 63 45 43 24 14 67 64 70 80 69 34 35 51 2 42 3 61 79 38,tails,minor,2
2022-10-24T02:21:00Z,425,31 56 53 79 51 66 38 49 1 18 52 17 13 72 28 12 60 22 25 61,evens,regular,3
2022-10-24T02:24:00Z,426,53 24 36 10 7 64 21 76 80 15 11 18 19 40 45 3 26 57 43 38,heads,regular,1
2022-10-24T02:27:00Z,427,22 63 80 52 48 67 61 3 7 15 4 39 70 66 23 32 55 57 25 45,tails,regular,1
2022-10-24T02:30:00Z,428,80 10 32 58 68 1 2 42 26 24 45 33 61 73 4 22 52 70 11 53,evens,major,1
2022-10-24T02:33:00Z,429,20 51 75 59 3 58 24 56 48 33 38 55 39 62 34 64 22 18 40 79,evens,regular,2
2022-10-24T02:36:00Z,431,60 65 2 43 80 3 44 58 55 24 33 63 77 26 69 14 49 30 50 1,tails,regular,2
2022-10-24T02:39:00Z,432,69 35 34 27 37 39 7 41 14 75 12 16 38 44 74 51 36 62 77 24,heads,regular,1
2022-10-24T02:42:00Z,433,70 24 57 54 30 12 64 66 56 45 37 77 49 14 46 5 58 67 41 33,tails,regular,1
2022-10-24T02:45:00Z,434,18 20 2 31 4 50 15 80 51 32 38 3 40 49 28 73 63 41 7 66,heads,regular,1
2022-10-24T02:48:00Z,435,5 40 39 76 32 21 27 51 35 28 6 19 42 11 2 4 53 34 75 74,heads,regular,1
2022-10-24T02:51:00Z,436,11 7 1 20 8 61 41 5 2 26 45 57 49 47 3 13 25 4 72 16,heads,regular,2
2022-10-24T02:54:00Z,437,47 48 67 24 13 22 2 39 15 56 20 6 64 38 65 21 43 62 33 42,heads,minor,5
2022-10-24T02:57:00Z,438,26 66 48 47 12 68 31 25 41 10 20 33 8 70 23 36 42 63 18 80,heads,major,1
2022-10-24T03:00:00Z,440,62 42 41 43 64 39 13 6 9 53 26 33 28 80 23 36 3 78 10 73,heads,regular,1
2022-10-24T03:03:00Z,441,33 29 9 43 78 72 20 68 38 23 59 30 7 2 1 60 41 69 18 48,heads,minor,3
2022-10-24T03:06:00Z,442,65 76 6 78 29 9 12 68 34 25 22 64 42 4 51 60 61 71 20 27,evens,regular,3
2022-10-24T03:09:00Z,443,46 27 1 61 69 74 24 17 22 53 29 60 52 54 76 43 73 6 80 49,tails,minor,3
2022-10-24T03:12:00Z,444,71 12 34 52 30 8 24 23 16 20 43 40 67 73 25 65 51 32 36 46,heads,regular,1
2022-10-24T03:15:00Z,445,15 52 29 55 59 65 10 27 49 7 20 22 48 80 66 64 50 39 78 75,tails,minor,1
2022-10-24T03:18:00Z,446,20 62 70 13 7 35 64 4 22 55 59 26 6 36 25 2 5 50 15 75,heads,regular,1
2022-10-24T03:21:00Z,447,37 69 56 63 44 8 68 46 14 13 25 39 67 51 76 47 55 20 36 15,tails,regular,2
2022-10-24T03:24:00Z,449,65 42 4 16 43 2 3 51 30 75 15 41 25 74 46 54 56 63 33 29,tails,major,1
2022-10-24T03:27:00Z,450,44 7 23 80 34 22 21 45 62 59 18 29 8 4 38 66 35 19 67 53,heads,regular,2
2022-10-24T03:30:00Z,451,67 29 53 68 40 58 73 12 1 42 16 22 39 6 74 20 48 35 3 78,heads,minor,2
2022-10-24T03:33:00Z,452,53 68 56 58 50 25 12 45 60 49 55 48 8 72 32 71 51 27 34 31,tails,regular,1
2022-10-24T03:36:00Z,453,48 74 36 14 56 46 22 58 25 64 29 4 54 20 55 15 42 33 76 10,evens,minor,2
2022-10-24T03:39:00Z,454,61 38 63 3 46 54 9 5 39 76 22 10 55 7 42 67 27 57 33 72,evens,regular,1
2022-10-24T03:42:00Z,455,77 49 75 63 68 60 11 6 52 55 25 23 51 21 54 40 37 42 53 74,tails,regular,10
2022-10-24T03:45:00Z,456,13 8 14 10 41 35 22 49 73 52 45 7 28 54 55 47 65 15 16 44,evens,regular,1
2022-10-24T03:48:00Z,458,10 5 78 7 77 34 35 57 12 67 53 45 9 1 19 43 40 28 38 4,heads,major,3
2022-10-24T03:51:00Z,459,62 36 60 57 72 56 73 11 3 38 70 47 17 46 12 48 19 14 16 42,tails,regular,3
2022-10-24T03:54:00Z,460,42 79 80 69 65 19 13 37 39 55 23 53 74 9 3 30 21 60 71 64,tails,regular,2
2022-10-24T03:57:00Z,461,65 8 61 21 36 25 49 22 23 39 50 35 33 30 12 31 18 28 78 52,heads,regular,3
2022-10-24T04:00:00Z,462,73 68 40 8 67 55 69 48 26 54 70 76 50 25 4 16 2 77 35 39,tails,regular,1
2022-10-24T04:03:00Z,463,10 68 57 6 55 30 33 29 36 18 75 44 41 73 20 76 66 50 74 7,tails,minor,2
2022-10-24T04:06:00Z,464,30 45 42 28 20 34 23 8 46 24 37 63 21 75 29 36 18 39 80 71,heads,minor,4
2022-10-24T04:09:00Z,465,50 18 73 72 75 31 80 35 38 16 11 25 27 41 78 69 10 46 8 62,evens,minor,2
2022-10-24T04:12:00Z,467,20 7 49 57 9 42 74 29 18 67 4 22 47 25 27 52 31 70 59 33,heads,minor,2
2022-10-24T04:15:00Z,468,10 59 46 67 18 48 31 39 33 53 11 12 37 27 78 80 55 58 62 74,tails,minor,2
2022-10-24T04:18:00Z,469,59 23 50 34 21 18 61 45 8 26 56 57 40 13 32 14 31 2 1 37,heads,regular,1
2022-10-24T04:21:00Z,470,70 49 63 33 69 32 7 47 4 13 66 75 46 12 8 21 76 64 61 80,tails,regular,2
2022-10-24T04:24:00Z,471,20 53 43 27 12 74 60 73 66 13 59 49 1 21 6 38 23 40 34 65,heads,regular,2
2022-10-24T04:27:00Z,472,58 19 59 35 61 7 2 62 51 11 69 25 13 37 41 48 47 32 55 38,evens,regular,3
2022-10-24T04:30:00Z,473,32 58 43 27 4 22 63 36 34 69 47 40 2 72 45 20 28 17 76 53,heads,major,1
2022-10-24T04:33:00Z,474,28 17 42 13 16 40 23 29 74 19 66 14 52 3 78 70 22 20 68 32,heads,regular,3
2022-10-24T04:36:00Z,476,7 38 32 9 40 14 11 54 5 65 15 39 73 1 28 52 77 70 57 33,heads,regular,3
2022-10-24T04:39:00Z,477,63 5 46 60 58 64 45 40 28 65 76 43 50 71 23 14 15 21 13 41,tails,regular,3
2022-10-24T04:42:00Z,478,46 47 49 27 20 36 72 75 25 70 52 73 32 79 12 67 21 38 62 15,tails,regular,3
2022-10-24T04:45:00Z,479,73 63 41 54 74 1 27 48 35 56 31 38 12 36 33 69 9 50 39 49,evens,regular,4
2022-10-24T04:48:00Z,480,4 1 76 6 27 60 40 29 59 72 63 31 35 13 62 56 64 75 38 79,evens,major,1
2022-10-24T04:51:00Z,481,62 24 16 66 48 31 1 29 3 54 38 67 57 5 17 65 6 69 32 53,heads,major,1
2022-10-24T04:54:00Z,482,17 60 30 70 74 78 69 75 16 4 34 3 31 22 9 36 25 55 14 5,heads,minor,5
2022-10-24T04:57:00Z,483,44 50 62 33 41 80 46 54 40 4 39 78 17 10 75 60 47 28 36 11,tails,regular,1
2022-10-24T05:00:00Z,485,22 72 53 33 12 19 74 30 67 4 21 47 62 55 11 52 13 1 70 24,heads,minor,2
2022-10-24T05:03:00Z,486,58 20 59 24 14 25 8 75 51 4 70 73 61 49 53 32 45 80 43 2,tails,regular,2
2022-10-24T05:06:00Z,487,26 71 61 50 35 74 43 23 10 32 79 41 48 45 67 11 17 54 73 63,tails,regular,1
2022-10-24T05:09:00Z,488,75 80 5 67 49 52 35 18 26 34 48 31 45 25 10 70 43 36 73 12,evens,regular,1
2022-10-24T05:12:00Z,489,6 32 3 10 9 13 5 18 49 51 1 78 79 33 20 67 2 42 62 21,heads,minor,2
2022-10-24T05:15:00Z,490,50 31 61 34 45 70 57 18 80 28 29 37 20 1 76 77 6 75 46 44,tails,regular,2
2022-10-24T05:18:00Z,491,37 24 11 14 15 66 38 26 28 32 20 68 54 69 72 58 63 5 42 29,heads,regular,2
2022-10-24T05:21:00Z,492,6 27 8 46 1 77 64 4 9 33 29 2 73 16 42 39 32 12 70 71,heads,minor,2
2022-10-24T05:24:00Z,494,30 23 57 54 7 9 1 48 20 25 61 52 8 65 53 24 75 27 45 38,heads,major,1
2022-10-24T05:27:00Z,495,70 3 26 5 44 59 32 45 30 77 1 57 48 73 17 29 11 67 24 35,heads,regular,2
2022-10-24T05:30:00Z,496,10 26 69 36 46 51 49 34 15 54 47 52 22 64 17 6 14 12 2 65,heads,regular,1
2022-10-24T05:33:00Z,497,76 35 72 16 39 2 43 34 51 70 47 15 45 69 7 37 40 21 78 13,heads,regular,2
2022-10-24T05:36:00Z,498,27 10 41 72 77 3 76 26 21 67 64 20 33 18 80 44 79 68 48 5,tails,regular,1
2022-10-24T05:39:00Z,499,63 35 38 50 25 75 5 21 33 78 19 61 67 57 52 55 64 32 76 23,tails,regular,1
2022-10-24T05:42:00Z,500,66 15 26 56 55 57 31 29 44 4 21 27 12 67 38 72 75 58 60 51,tails,regular,2
2022-10-24T05:45:00Z,501,41 6 66 33 31 36 74 25 78 12 35 17 69 65 28 27 59 49 55 47,evens,minor,1
2022-10-24T05:48:00Z,503,37 50 18 53 48 32 72 43 44 42 51 36 75 5 64 78 41 11 21 59,tails,regular,2
2022-10-24T05:51:00Z,504,46 12 23 59 7 78 62 70 66 33 75 25 36 17 61 48 76 64 22 54,tails,minor,1
2022-10-24T05:54:00Z,505,21 19 67 65 64 37 77 76 5 53 27 32 70 14 80 73 24 7 12 69,evens,minor,1
2022-10-24T05:57:00Z,506,73 14 26 31 7 63 27 24 36 78 19 33 62 17 39 71 41 42 60 34,heads,regular,1
2022-10-24T06:00:00Z,507,25 11 49 46 43 64 65 33 50 60 8 31 63 67 26 52 40 74 78 37,tails,regular,1
2022-10-24T06:03:00Z,508,44 17 35 77 43 4 37 66 72 78 40 57 73 36 70 42 55 51 24 60,tails,regular,3
2022-10-24T06:06:00Z,509,28 30 8 51 74 2 7 62 75 10 68 50 78 66 57 64 63 72 11 71,tails,regular,1
2022-10-24T06:09:00Z,510,67 33 77 14 53 15 10 3 19 26 49 48 28 4 64 61 72 25 29 16,heads,regular,1
2022-10-24T06:12:00Z,512,28 2 68 21 78 19 33 37 65 79 20 1 4 30 41 9 24 53 80 76,heads,regular,1
2022-10-24T06:15:00Z,513,9 78 59 20 15 12 8 1 13 55 5 18 50 36 3 40 58 76 45 57,heads,minor,1
2022-10-24T06:18:00Z,514,10 74 65 67 33 31 35 5 50 40 34 49 37 63 64 70 52 9 2 78,evens,minor,2
2022-10-24T06:21:00Z,515,39 80 18 42 3 79 40 76 28 70 23 65 46 7 61 51 4 10 30 34,heads,major,2
2022-10-24T06:24:00Z,516,31 54 11 66 68 47 43 16 14 32 37 25 17 71 41 79 4 39 74 46,evens,regular,1
2022-10-24T06:27:00Z,517,29 49 35 66 74 12 13 33 26 68 4 64 34 65 16 41 44 40 54 69,evens,regular,2
2022-10-24T06:30:00Z,518,78 27 1 24 18 55 49 17 77 25 46 3 41 19 7 56 20 31 70 67,heads,regular,2
2022-10-24T06:33:00Z,519,44 35 53 80 28 11 67 40 6 59 14 20 34 15 22 1 19 46 57 13,heads,minor,1
2022-10-24T06:36:00Z,521,27 40 37 5 45 62 7 15 12 41 66 46 31 79 13 57 21 72 68 17,heads,regular,3
2022-10-24T06:39:00Z,522,61 32 53 68 24 13 36 20 52 48 75 10 76 26 18 73 29 5 56 39,heads,minor,2
2022-10-24T06:42:00Z,523,69 73 18 6 63 79 7 58 61 43 4 33 78 56 55 34 5 60 40 48,tails,major,1
2022-10-24T06:45:00Z,524,10 70 61 56 39 25 32 57 6 59 64 71 78 31 35 21 75 80 38 63,tails,regular,10
2022-10-24T06:48:00Z,525,11 22 43 47 4 51 45 80 19 73 6 8 28 18 68 37 23 38 5 12,heads,major,3
2022-10-24T06:51:00Z,526,67 17 41 74 77 57 35 37 31 63 19 53 16 8 42 38 78 45 55 6,tails,regular,3
2022-10-24T06:54:00Z,527,35 73 1 12 23 38 79 2 58 34 37 15 24 80 16 54 20 55 70 26,heads,regular,2
2022-10-24T06:57:00Z,528,36 62 18 40 2 16 60 26 37 56 53 25 17 35 29 44 70 69 9 27,heads,regular,2
2022-10-24T07:00:00Z,530,34 60 38 26 28 72 19 7 71 57 6 59 48 1 78 10 73 30 15 47,heads,regular,3
2022-10-24T07:03:00Z,531,49 32 41 48 47 12 40 2 5 62 34 36 69 79 59 80 42 13 43 44,tails,regular,1
2022-10-24T07:06:00Z,532,20 72 49 56 6 9 66 44 10 13 62 21 27 12 11 42 73 77 8 67,evens,minor,3
2022-10-24T07:09:00Z,533,38 32 63 7 35 21 29 34 45 80 1 77 61 59 53 55 33 57 3 76,evens,regular,3
2022-10-24T07:12:00Z,534,14 53 29 4 23 55 78 56 34 65 76 45 11 43 67 8 15 35 12 54,evens,regular,2
2022-10-24T07:15:00Z,535,43 69 37 74 72 30 8 61 49 65 1 70 5 47 26 53 63 29 56 16,tails,minor,1
2022-10-24T07:18:00Z,536,15 36 66 64 76 63 79 34 26 23 59 27 70 69 24 39 58 52 41 2,tails,regular,1
2022-10-24T07:21:00Z,537,29 1 15 75 48 80 51 78 45 24 43 28 70 55 73 57 19 62 32 26,tails,major,1
2022-10-24T07:24:00Z,539,8 77 1 80 50 61 56 33 78 21 67 53 14 34 57 29 37 54 39 55,tails,regular,3
2022-10-24T07:27:00Z,540,41 10 13 63 80 18 35 59 28 7 44 49 51 30 33 48 9 12 57 72,evens,regular,1
2022-10-24T07:30:00Z,541,24 34 36 56 14 3 68 29 19 72 48 4 41 28 10 63 70 22 9 40,heads,regular,2
2022-10-24T07:33:00Z,542,27 7 53 38 45 21 37 47 35 34 63 25 72 65 66 78 64 17 5 79,evens,regular,2
2022-10-24T07:36:00Z,543,55 23 17 22 69 28 16 38 71 73 33 61 31 77 11 62 52 50 72 26,evens,regular,1
2022-10-24T07:39:00Z,544,1 71 75 22 37 47 60 77 5 38 28 6 16 65 50 25 18 27 3 73,heads,regular,3
2022-10-24T07:42:00Z,545,20 56 1 74 2 3 72 66 79 21 60 40 70 44 73 41 6 36 7 29,evens,regular,1
2022-10-24T07:45:00Z,546,19 1 30 12 67 18 6 29 8 66 42 32 55 16 23 22 24 54 65 46,heads,regular,1
2022-10-24T07:48:00Z,548,44 4 39 40 70 10 77 36 12 56 51 50 41 9 43 34 6 7 52 16,heads,minor,1
2022-10-24T07:51:00Z,549,57 11 12 14 37 50 28 63 38 30 71 19 16 31 74 27 13 7 70 41,heads,minor,1
2022-10-24T07:54:00Z,550,73 59 6 65 76 31 48 61 36 69 30 55 19 50 9 18 11 72 66 25,tails,regular,1
2022-10-24T07:57:00Z,551,32 24 23 53 80 41 47 76 58 34 79 44 51 73 59 36 10 12 21 45,tails,minor,2
2022-10-24T08:00:00Z,552,48 21 66 32 62 64 47 10 36 33 37 2 25 59 34 29 23 45 6 5,heads,regular,10
2022-10-24T08:03:00Z,553,70 32 5 29 68 26 36 74 33 42 23 9 49 53 58 55 72 25 75 59,tails,major,1
2022-10-24T08:06:00Z,554,23 25 71 59 66 14 67 80 61 10 46 51 64 6 56 26 70 38 42 68,tails,regular,1
2022-10-24T08:09:00Z,555,46 12 37 26 42 13 31 62 16 3 20 66 28 45 52 74 2 8 1 50,heads,minor,2
2022-10-24T08:12:00Z,557,24 28 45 75 56 7 19 68 23 66 74 33 42 40 41 36 31 15 5 49,heads,regular,2
2022-10-24T08:15:00Z,558,44 3 22 33 74 21 64 59 61 73 79 56 30 63 60 62 14 24 45 72,tails,regular,2
2022-10-24T08:18:00Z,559,52 53 22 40 23 61 51 58 10 60 71 29 2 18 34 68 67 6 57 9,evens,regular,2
2022-10-24T08:21:00Z,560,48 59 10 35 3 38 17 64 14 65 40 52 80 28 78 18 6 2 26 7,heads,regular,2
2022-10-24T08:24:00Z,561,72 60 19 41 37 28 56 42 21 7 36 13 32 67 35 17 75 49 4 66,heads,regular,2
2022-10-24T08:27:00Z,562,43 80 55 2 4 14 8 47 61 21 34 40 76 5 33 15 26 32 28 10,heads,minor,2
2022-10-24T08:30:00Z,563,68 73 10 52 43 20 37 8 54 17 1 14 47 75 62 60 18 80 44 71,tails,regular,1
2022-10-24T08:33:00Z,564,42 52 59 43 34 10 80 46 21 62 53 67 69 58 30 65 56 7 9 15,tails,regular,2
2022-10-24T08:36:00Z,566,1 3 29 18 35 6 44 75 68 38 32 24 69 36 22 34 27 2 42 47,heads,regular,2
2022-10-24T08:39:00Z,567,12 31 19 5 27 21 50 48 55 41 24 69 10 3 73 57 26 9 80 74,heads,regular,2
2022-10-24T08:42:00Z,568,37 45 21 77 54 50 26 61 67 48 70 14 64 80 47 68 7 56 73 78,tails,regular,1
2022-10-24T08:45:00Z,569,77 5 1 80 74 43 4 52 47 46 22 16 38 70 73 13 57 19 29 41,tails,regular,1
2022-10-24T08:48:00Z,570,30 44 80 49 33 2 47 39 55 7 10 73 53 31 1 57 75 65 63 8,tails,regular,2
2022-10-24T08:51:00Z,571,21 77 75 48 7 63 4 11 1 12 35 18 51 57 42 69 19 32 16 54,heads,regular,3
2022-10-24T08:54:00Z,572,16 3 47 36 59 29 2 68 44 56 45 78 35 40 43 8 67 48 58 14,tails,regular,3
2022-10-24T08:57:00Z,573,61 7 3 56 4 20 19 74 68 79 78 44 66 8 72 47 46 36 40 13,tails,regular,3
2022-10-24T09:00:00Z,575,17 74 68 66 21 5 77 22 56 78 67 47 52 32 2 43 50 39 60 31,tails,minor,1
2022-10-24T09:03:00Z,576,75 19 24 45 29 26 62 13 54 77 76 78 53 4 5 15 42 58 44 52,tails,major,4
2022-10-24T09:06:00Z,577,25 76 77 58 29 51 34 45 3 42 67 55 35 43 5 53 62 38 70 40,tails,regular,1
2022-10-24T09:09:00Z,578,48 44 49 36 14 38 42 1 54 28 17 63 43 35 76 25 71 16 62 22,evens,minor,2
2022-10-24T09:12:00Z,579,24 65 40 31 15 61 37 30 34 75 56 52 63 11 70 66 1 41 43 20,evens,minor,1
2022-10-24T09:15:00Z,580,71 45 80 18 9 61 79 3 63 53 10 34 57 5 4 50 44 20 52 42,tails,regular,1
2022-10-24T09:18:00Z,581,23 6 34 77 4 50 58 2 1 72 54 48 11 38 32 71 26 33 78 28,heads,major,1
2022-10-24T09:21:00Z,582,45 74 39 6 40 3 37 22 75 14 12 63 60 61 42 25 8 7 28 59,heads,regular,3
2022-10-24T09:24:00Z,584,40 31 78 73 69 72 16 43 35 18 19 74 38 27 76 59 15 77 24 70,evens,regular,1
2022-10-24T09:27:00Z,585,33 37 38 30 51 18 29 78 41 60 68 76 64 20 16 74 75 2 48 13,evens,minor,2
2022-10-24T09:30:00Z,586,7 21 34 40 68 28 32 44 72 8 60 69 66 63 18 56 52 45 27 77,tails,regular,1
2022-10-24T09:33:00Z,587,8 52 54 4 22 35 38 80 60 36 67 45 23 29 15 10 11 31 13 75,heads,regular,1
2022-10-24T09:36:00Z,588,9 31 72 1 53 3 49 12 26 64 75 27 40 30 19 23 46 17 70 69,heads,regular,1
2022-10-24T09:39:00Z,589,42 68 45 22 32 43 53 33 36 51 47 76 80 70 7 41 67 26 6 19,tails,regular,2
2022-10-24T09:42:00Z,590,12 70 74 79 51 33 1 57 27 15 10 46 11 38 32 17 19 20 37 62,heads,regular,1
2022-10-24T09:45:00Z,591,36 3 5 52 61 8 43 78 28 30 62 31 80 11 39 48 72 59 10 7,heads,minor,3
2022-10-24T09:48:00Z,593,30 63 12 6 64 23 1 57 5 74 59 31 71 49 47 62 68 40 39 16,evens,regular,2
2022-10-24T09:51:00Z,594,51 35 21 59 71 27 79 3 56 16 55 29 24 31 43 38 30 2 58 40,heads,regular,1
2022-10-24T09:54:00Z,595,54 8 36 62 78 15 32 5 22 10 67 52 31 42 37 16 68 74 49 46,evens,regular,3
2022-10-24T09:57:00Z,596,3 65 38 19 24 70 80 39 37 45 11 17 46 4 40 64 48 76 43 63,evens,minor,1
2022-10-24T10:00:00Z,597,29 17 41 26 23 62 49 53 77 60 69 7 15 40 19 73 50 72 44 57,tails,regular,1
2022-10-24T10:03:00Z,598,72 30 71 37 35 25 28 55 60 39 63 13 2 67 76 31 73 46 26 23,heads,major,3
2022-10-24T10:06:00Z,599,71 14 61 53 47 46 48 80 13 1 36 10 7 50 62 8 38 6 11 24,heads,regular,1
2022-10-24T10:09:00Z,600,17 51 69 5 64 31 74 21 61 36 33 48 76 67 29 12 37 79 72 66,tails,regular,2
2022-10-24T10:12:00Z,602,73 4 40 58 8 74 60 68 24 48 9 29 56 26 77 63 42 6 34 23,evens,regular,2
2022-10-24T10:15:00Z,603,27 13 58 63 12 34 56 31 77 19 49 25 71 43 74 54 39 67 29 9,evens,minor,3
2022-10-24T10:18:00Z,604,4 72 13 54 21 66 40 3 46 37 61 45 6 15 28 25 34 64 53 69,heads,regular,3
2022-10-24T10:21:00Z,605,22 55 74 77 59 8 30 24 80 17 78 66 56 75 33 76 60 34 72 52,tails,regular,3
2022-10-24T10:24:00Z,606,6 48 80 58 24 69 25 46 14 39 1 49 64 54 67 19 65 17 53 23,tails,regular,3
2022-10-24T10:27:00Z,607,72 60 77 29 56 59 46 18 39 1 2 10 6 79 44 25 21 51 15 34,heads,regular,3
2022-10-24T10:30:00Z,608,4 43 28 20 39 37 48 30 78 57 46 61 26 73 27 51 60 50 6 9,evens,minor,1
2022-10-24T10:33:00Z,609,27 73 68 30 53 28 80 4 66 33 67 17 78 69 1 16 2 41 40 47,evens,regular,2
2022-10-24T10:36:00Z,611,75 9 76 3 22 25 67 44 48 74 6 57 31 5 28 24 1 39 79 46,heads,regular,1
2022-10-24T10:39:00Z,612,6 41 77 73 30 47 65 32 57 66 59 80 54 19 25 78 60 27 9 68,tails,minor,1
2022-10-24T10:42:00Z,613,53 80 5 61 62 65 21 40 33 46 63 2 19 17 57 56 9 54 59 1,tails,regular,2
2022-10-24T10:45:00Z,614,15 56 43 2 72 14 7 10 62 69 3 68 31 20 79 17 70 28 23 49,heads,regular,2
2022-10-24T10:48:00Z,615,51 47 3 8 23 62 22 44 13 55 28 18 70 75 45 41 63 68 65 50,tails,major,4
2022-10-24T10:51:00Z,616,70 42 30 32 24 34 63 5 37 68 46 1 71 3 80 53 57 50 7 43,tails,regular,3
2022-10-24T10:54:00Z,617,17 49 23 5 60 29 38 56 36 16 27 50 26 25 30 18 24 78 77 44,heads,regular,1
2022-10-24T10:57:00Z,618,61 39 51 73 10 56 7 9 45 71 41 68 55 75 1 46 66 79 76 50,tails,minor,2
2022-10-24T11:00:00Z,620,54 75 11 48 43 4 62 9 76 55 22 79 8 58 44 49 71 46 59 15,tails,regular,1
2022-10-24T11:03:00Z,621,41 19 47 29 21 23 58 26 70 4 69 62 17 53 27 32 30 60 6 57,heads,minor,1
2022-10-24T11:06:00Z,622,17 77 20 41 39 9 34 46 37 7 35 47 65 76 56 71 11 13 48 54,evens,regular,2
2022-10-24T11:09:00Z,623,54 1 23 20 7 25 65 56 66 32 71 30 48 70 6 28 14 27 9 5,heads,regular,1
2022-10-24T11:12:00Z,624,45 28 75 37 23 9 33 67 20 26 78 42 73 34 50 54 27 48 74 49,tails,minor,1
2022-10-24T11:15:00Z,625,24 73 59 44 6 61 40 15 8 27 18 25 67 72 42 68 64 56 22 63,tails,regular,1
2022-10-24T11:18:00Z,626,68 22 5 14 77 1 73 6 71 34 54 10 66 36 23 70 48 75 28 44,evens,regular,2
2022-10-24T11:21:00Z,627,19 44 33 59 58 21 80 23 28 13 78 53 56 27 50 7 52 76 11 72,tails,regular,2
2022-10-24T11:24:00Z,629,74 42 36 29 71 17 69 21 43 49 68 12 67 40 60 22 3 55 25 16,evens,regular,2
2022-10-24T11:27:00Z,630,2 7 51 32 30 56 43 67 72 79 58 76 39 62 34 31 18 11 25 13,heads,major,2
2022-10-24T11:30:00Z,631,27 48 17 54 35 56 4 77 16 29 52 67 8 13 34 1 25 9 76 39,heads,regular,2
2022-10-24T11:33:00Z,632,47 23 5 48 46 70 39 50 11 60 16 25 68 49 30 7 65 59 79 52,tails,regular,2
2022-10-24T11:36:00Z,633,78 52 69 7 60 54 20 48 67 1 63 8 16 50 15 17 79 28 33 49,tails,minor,2
2022-10-24T11:39:00Z,634,40 26 18 50 3 70 57 49 4 5 28 6 75 46 27 23 56 59 78 47,evens,major,1
2022-10-24T11:42:00Z,635,23 53 38 51 8 30 16 25 37 43 52 69 33 80 57 6 18 47 71 65,evens,regular,2
2022-10-24T11:45:00Z,636,53 57 14 49 56 27 13 51 7 21 24 72 11 76 30 52 48 34 15 68,evens,regular,1
2022-10-24T11:48:00Z,638,66 62 77 67 7 42 49 54 19 16 36 2 61 33 24 65 45 38 76 63,tails,regular,1
2022-10-24T11:51:00Z,639,10 39 21 60 30 69 63 48 20 12 68 80 17 32 40 65 44 64 66 4,evens,regular,1
2022-10-24T11:54:00Z,640,61 37 31 32 28 35 11 7 21 26 29 50 66 76 20 53 78 75 43 48,heads,major,1
2022-10-24T11:57:00Z,641,7 20 69 15 74 34 53 9 17 28 43 38 26 48 31 3 25 23 47 19,heads,regular,3
2022-10-24T12:00:00Z,642,54 39 33 48 79 61 1 52 3 12 64 51 4 24 16 67 30 11 50 77,evens,regular,2
2022-10-24T12:03:00Z,643,21 24 71 61 54 1 7 42 28 67 27 16 18 5 31 39 66 62 33 79,heads,regular,2
2022-10-24T12:06:00Z,644,6 38 8 33 48 53 37 62 47 30 55 45 59 42 77 29 24 25 69 63,tails,minor,3
2022-10-24T12:09:00Z,645,24 16 7 47 33 39 57 26 65 51 18 4 66 70 52 73 44 61 15 5,evens,regular,1
2022-10-24T12:12:00Z,647,30 37 46 76 70 57 48 6 73 18 74 24 19 27 41 33 55 12 54 22,evens,regular,2
2022-10-24T12:15:00Z,648,25 7 77 51 47 64 37 39 54 6 57 28 12 67 2 26 9 59 31 80,heads,regular,1
2022-10-24T12:18:00Z,649,53 42 12 41 65 2 59 46 16 60 70 63 71 29 38 58 54 69 50 51,tails,minor,1
2022-10-24T12:21:00Z,650,8 43 21 36 15 60 52 9 70 23 1 19 79 66 17 25 34 58 54 80,heads,regular,3
2022-10-24T12:24:00Z,651,34 39 56 2 37 40 30 65 61 71 20 4 60 1 62 31 51 67 27 79,heads,regular,1
2022-10-24T12:27:00Z,652,13 54 80 64 71 5 29 62 68 26 46 7 39 35 61 63 24 69 36 3,evens,regular,1
2022-10-24T12:30:00Z,653,57 17 28 3 43 67 9 45 72 71 11 19 27 79 48 76 62 52 64 44,tails,regular,3
2022-10-24T12:33:00Z,654,34 69 55 22 10 5 2 36 26 20 18 56 35 71 44 14 38 32 67 7,heads,minor,2
2022-10-24T12:36:00Z,656,59 20 54 47 7 78 23 13 21 2 68 79 11 1 19 71 26 32 43 60,heads,regular,2
2022-10-24T12:39:00Z,657,45 69 80 32 56 43 39 12 47 42 9 35 58 74 53 25 44 5 73 34,tails,regular,2
2022-10-24T12:42:00Z,658,31 21 50 41 24 17 25 32 61 8 63 53 47 3 69 14 11 75 15 59,heads,regular,1
2022-10-24T12:45:00Z,659,38 1 58 69 47 79 14 3 70 8 26 16 71 42 18 55 53 11 23 54,evens,regular,3
2022-10-24T12:48:00Z,660,66 38 31 5 67 8 26 25 65 24 17 29 18 79 54 7 60 80 20 22,heads,regular,1
2022-10-24T12:51:00Z,661,68 69 63 59 10 66 72 1 51 71 55 6 21 27 30 2 67 48 57 19,tails,regular,4
2022-10-24T12:54:00Z,662,24 13 23 15 57 31 7 25 63 21 17 8 12 37 9 30 64 53 73 48,heads,regular,1
2022-10-24T12:57:00Z,663,50 34 10 3 62 8 48 32 51 24 52 71 26 28 77 1 65 63 64 19,evens,major,1
2022-10-24T13:00:00Z,665,33 19 28 44 64 5 37 12 3 6 16 22 27 10 50 1 77 71 61 4,heads,regular,2
2022-10-24T13:03:00Z,666,1 27 75 69 70 54 11 2 30 8 64 78 32 18 12 66 44 67 13 28,heads,minor,4
2022-10-24T13:06:00Z,667,77 23 58 57 73 36 11 54 24 63 68 50 71 33 39 15 56 14 28 60,tails,minor,1
2022-10-24T13:09:00Z,668,43 5 35 47 58 15 67 3 14 29 53 46 26 25 76 18 17 60 48 63,evens,minor,3
2022-10-24T13:12:00Z,669,28 27 51 26 46 23 25 41 1 43 58 56 57 5 52 17 42 45 15 12,evens,regular,3
2022-10-24T13:15:00Z,670,45 16 54 6 65 1 12 21 35 11 36 20 64 79 48 68 78 51 18 43,evens,regular,2
2022-10-24T13:18:00Z,671,6 62 59 69 38 74 33 45 73 29 9 48 37 78 4 36 80 49 25 39,evens,major,1
2022-10-24T13:21:00Z,672,15 10 20 76 72 31 46 60 52 40 74 3 79 29 9 4 27 48 16 59,heads,regular,3
2022-10-24T13:24:00Z,674,76 64 50 56 62 42 63 36 78 45 4 33 12 7 10 27 46 19 41 70,tails,regular,3
2022-10-24T13:27:00Z,675,68 66 32 7 52 46 75 6 53 48 10 79 13 56 38 31 74 60 55 76,tails,regular,3
2022-10-24T13:30:00Z,676,12 32 44 53 65 27 43 49 55 47 79 20 73 71 21 58 68 36 61 29,tails,regular,1
2022-10-24T13:33:00Z,677,79 35 5 30 37 45 22 42 49 55 9 50 60 52 8 33 72 47 59 38,tails,major,1
2022-10-24T13:36:00Z,678,40 67 58 13 54 37 36 78 42 15 39 18 76 53 62 14 5 25 50 33,heads,regular,1
2022-10-24T13:39:00Z,679,66 18 15 64 74 16 42 26 43 30 71 57 63 36 46 39 44 68 32 21,tails,minor,2
2022-10-24T13:42:00Z,680,24 1 23 21 59 18 8 19 4 9 70 16 33 32 67 38 11 56 55 61,heads,minor,3
2022-10-24T13:45:00Z,681,70 31 24 3 52 77 15 78 25 64 13 19 4 27 20 46 37 9 39 36,heads,regular,3
2022-10-24T13:48:00Z,683,24 40 54 60 6 36 72 19 77 34 28 45 8 48 35 29 65 38 71 30,heads,regular,2
2022-10-24T13:51:00Z,684,13 33 58 14 22 48 25 46 39 53 27 42 19 44 62 43 5 69 8 34,heads,major,3
2022-10-24T13:54:00Z,685,29 34 12 61 6 1 54 36 68 17 21 20 56 5 70 59 11 27 69 44,heads,minor,2
2022-10-24T13:57:00Z,686,70 23 79 12 63 15 80 51 4 29 60 33 24 35 47 21 43 38 32 76,heads,minor,1
2022-10-24T14:00:00Z,687,65 9 47 57 53 6 22 38 54 5 33 70 74 26 39 4 10 13 55 41,heads,minor,10
2022-10-24T14:03:00Z,688,46 52 35 37 70 28 34 55 79 66 58 13 50 29 25 9 4 78 3 63,evens,regular,1
2022-10-24T14:06:00Z,689,35 63 75 30 60 39 8 1 50 24 13 18 12 55 25 42 26 3 11 19,heads,regular,1
2022-10-24T14:09:00Z,690,28 38 79 70 31 72 63 10 4 12 58 75 23 53 64 6 74 54 22 32,evens,minor,2
2022-10-24T14:12:00Z,692,11 68 57 46 12 39 75 31 2 38 35 29 19 62 28 27 78 73 41 44,heads,regular,1
2022-10-24T14:15:00Z,693,7 67 26 3 78 65 12 30 5 38 25 44 20 58 80 21 40 17 16 66,heads,minor,1
2022-10-24T14:18:00Z,694,34 7 56 58 59 8 26 50 74 49 53 71 64 39 36 32 46 17 14 62,tails,regular,1
2022-10-24T14:21:00Z,695,60 55 70 13 69 78 59 52 19 40 80 15 76 74 77 35 54 12 5 41,tails,regular,1
2022-10-24T14:24:00Z,696,41 16 39 71 46 40 73 69 56 18 10 35 64 1 61 28 38 57 12 49,evens,regular,3
2022-10-24T14:27:00Z,697,43 29 72 44 15 60 41 75 18 57 69 38 30 22 52 54 45 67 24 20,tails,regular,2
2022-10-24T14:30:00Z,698,23 27 17 7 21 73 2 56 55 53 39 40 54 78 15 68 12 77 44 26,heads,minor,3
2022-10-24T14:33:00Z,699,71 28 54 1 61 6 12 66 37 19 68 40 4 15 74 11 80 79 41 17,heads,minor,2
2022-10-24T14:36:00Z,701,4 53 68 11 58 13 66 3 57 33 78 77 34 45 27 54 56 59 46 76,tails,regular,3
2022-10-24T14:39:00Z,702,71 26 31 12 75 63 79 57 76 49 80 64 29 15 7 9 33 21 3 72,evens,major,3
2022-10-24T14:42:00Z,703,21 66 65 67 15 33 51 73 5 20 22 4 72 79 9 69 52 37 14 36,heads,regular,2
2022-10-24T14:45:00Z,704,50 27 58 47 18 3 41 22 28 78 62 74 69 61 16 13 32 15 46 67,tails,major,1
2022-10-24T14:48:00Z,705,78 28 27 53 73 49 19 79 9 62 58 26 22 34 24 46 33 61 51 69,tails,regular,1
2022-10-24T14:51:00Z,706,35 61 11 28 40 17 58 59 48 30 60 42 19 26 29 78 53 1 67 14,heads,regular,2
2022-10-24T14:54:00Z,707,24 45 79 68 47 72 7 51 20 30 53 26 46 78 54 41 9 77 10 42,tails,regular,1
2022-10-24T14:57:00Z,708,38 24 39 49 30 42 43 74 78 46 73 64 32 25 18 72 40 1 57 28,evens,regular,1
2022-10-24T15:00:00Z,710,63 19 69 39 80 32 24 10 77 15 37 29 7 71 49 78 64 52 25 55,evens,minor,1
2022-10-24T15:03:00Z,711,72 41 29 55 11 38 26 8 15 40 5 75 22 47 36 23 58 50 27 54,heads,regular,1
2022-10-24T15:06:00Z,712,25 47 18 56 72 27 57 38 36 66 80 51 28 58 33 30 48 31 10 42,evens,minor,1
2022-10-24T15:09:00Z,713,21 37 75 12 71 79 23 59 28 39 27 73 56 77 25 26 51 30 5 35,heads,regular,2
2022-10-24T15:12:00Z,714,23 73 12 19 56 28 43 49 33 17 4 18 65 80 79 31 13 66 2 45,heads,regular,3
2022-10-24T15:15:00Z,715,48 14 47 41 52 23 28 43 76 30 17 18 50 26 7 39 45 36 35 38,heads,regular,1
2022-10-24T15:18:00Z,716,39 23 63 64 7 54 12 38 76 45 80 16 14 43 22 27 51 56 42 69,tails,regular,3
2022-10-24T15:21:00Z,717,30 58 61 17 32 34 68 70 6 20 3 37 49 77 46 26 28 31 21 16,heads,minor,1
2022-10-24T15:24:00Z,719,48 38 32 71 34 41 36 69 44 4 16 75 58 15 64 13 40 49 43 21,evens,minor,2
2022-10-24T15:27:00Z,720,29 7 57 65 79 4 68 24 1 72 64 31 36 23 56 15 50 54 51 78,tails,regular,2
2022-10-24T15:30:00Z,721,62 47 60 58 54 61 29 3 72 40 53 63 16 1 5 55 75 46 10 27,tails,regular,1
2022-10-24T15:33:00Z,722,26 44 34 32 25 15 30 40 35 47 57 10 39 61 45 14 64 9 46 7,heads,major,2
2022-10-24T15:36:00Z,723,71 51 16 36 59 9 47 32 30 2 73 38 6 66 54 76 26 27 72 13,heads,regular,3
2022-10-24T15:39:00Z,724,30 28 51 5 15 35 37 39 55 59 8 24 31 40 26 67 58 2 23 50,heads,major,2
2022-10-24T15:42:00Z,725,13 69 50 51 18 22 30 36 1 59 28 32 60 57 70 14 43 63 77 39,evens,minor,1
2022-10-24T15:45:00Z,726,50 71 5 64 24 43 9 11 72 21 68 23 22 57 20 28 70 10 6 54,heads,regular,1
2022-10-24T15:48:00Z,728,40 1 48 45 46 73 54 5 20 67 18 37 32 7 64 50 62 23 27 63,evens,regular,5
2022-10-24T15:51:00Z,729,23 68 79 9 57 64 67 31 78 42 16 44 59 5 2 63 70 75 39 61,tails,minor,2
2022-10-24T15:54:00Z,730,66 29 17 28 62 39 11 25 46 43 37 36 75 47 8 71 54 78 23 80,evens,regular,2
2022-10-24T15:57:00Z,731,58 23 50 9 56 41 19 4 29 34 51 20 53 3 28 63 55 78 33 80,evens,minor,3
2022-10-24T16:00:00Z,732,27 33 1 13 48 44 14 16 4 7 34 41 77 57 45 15 11 19 17 36,heads,minor,1
2022-10-24T16:03:00Z,733,13 44 67 21 43 5 18 36 78 30 70 38 65 24 14 50 32 16 66 3,heads,regular,1
2022-10-24T16:06:00Z,734,47 51 3 13 30 39 59 52 65 54 31 45 34 41 55 44 6 40 77 36,tails,regular,2
2022-10-24T16:09:00Z,735,35 14 67 18 59 55 3 31 39 47 79 61 4 70 6 17 60 64 26 7,heads,regular,1
2022-10-24T16:12:00Z,737,3 41 68 15 34 6 64 44 19 25 13 17 39 69 49 62 27 61 35 78,heads,minor,4
2022-10-24T16:15:00Z,738,3 2 54 65 58 34 52 44 25 57 27 67 80 77 76 1 24 50 6 79,tails,regular,3
2022-10-24T16:18:00Z,739,77 16 26 59 72 43 17 49 31 63 67 42 24 34 30 36 57 52 20 28,evens,regular,2
2022-10-24T16:21:00Z,740,40 47 45 76 23 59 70 28 9 5 37 30 66 52 33 11 36 21 31 56,heads,regular,2
2022-10-24T16:24:00Z,741,46 30 44 36 22 9 71 61 60 11 65 76 7 73 39 41 42 38 50 5,tails,minor,3
2022-10-24T16:27:00Z,742,70 18 20 53 12 37 2 56 3 69 43 40 61 39 41 17 8 35 60 46,heads,minor,1
2022-10-24T16:30:00Z,743,73 10 61 4 64 15 21 52 56 42 65 32 72 40 24 12 30 59 27 62,evens,regular,3
2022-10-24T16:33:00Z,744,4 45 29 39 36 35 47 28 48 77 9 63 34 70 68 3 79 14 59 58,evens,regular,2
2022-10-24T16:36:00Z,746,71 69 36 39 11 66 27 13 68 43 52 2 72 62 28 49 17 67 34 16,evens,regular,10
2022-10-24T16:39:00Z,747,36 61 37 65 73 13 74 4 25 12 68 67 35 49 45 58 70 22 60 1,tails,regular,2
2022-10-24T16:42:00Z,748,32 45 35 40 76 12 57 26 78 50 39 15 80 25 17 18 31 41 72 56,heads,regular,2
2022-10-24T16:45:00Z,749,43 23 15 37 55 44 63 3 56 42 17 40 58 67 33 79 46 57 47 32,tails,regular,3
2022-10-24T16:48:00Z,750,16 36 76 50 71 24 37 13 6 49 7 8 68 66 45 52 60 55 9 56,tails,regular,3
2022-10-24T16:51:00Z,751,14 58 55 33 71 34 80 74 17 47 61 20 35 41 73 76 22 59 75 19,tails,regular,1
2022-10-24T16:54:00Z,752,80 12 19 8 7 42 47 39 33 35 15 63 50 60 56 51 1 67 26 30,heads,regular,1
2022-10-24T16:57:00Z,753,23 64 7 74 37 50 6 48 4 67 30 75 73 36 5 3 1 66 69 25,heads,minor,3
2022-10-24T17:00:00Z,755,11 77 45 19 43 50 29 60 6 55 8 14 56 59 3 38 4 47 33 35,heads,regular,1
2022-10-24T17:03:00Z,756,35 53 66 62 64 21 34 69 44 78 36 8 14 45 43 29 9 7 59 77,tails,minor,1
2022-10-24T17:06:00Z,757,18 69 25 78 23 20 40 41 64 63 29 50 59 26 43 21 1 28 49 75,evens,regular,2
2022-10-24T17:09:00Z,758,55 2 67 24 72 62 26 59 28 21 60 48 19 80 44 39 50 79 12 41,tails,regular,1
2022-10-24T17:12:00Z,759,36 67 45 3 13 11 12 49 16 60 44 20 2 34 41 73 62 70 14 47,evens,regular,1
2022-10-24T17:15:00Z,760,49 79 56 35 31 21 2 80 32 12 40 71 77 18 78 50 7 41 44 75,tails,minor,2
2022-10-24T17:18:00Z,761,45 12 56 79 74 17 30 2 54 4 80 76 50 68 21 40 33 75 19 58,tails,major,1
2022-10-24T17:21:00Z,762,25 74 76 69 28 52 78 48 46 34 66 37 58 71 62 50 49 7 14 2,tails,regular,1
2022-10-24T17:24:00Z,764,15 76 44 58 5 50 45 29 30 25 60 52 72 23 31 65 59 14 7 11,evens,regular,2
2022-10-24T17:27:00Z,765,54 50 24 58 17 53 16 67 28 70 77 41 48 76 20 37 23 49 38 6,tails,regular,1
2022-10-24T17:30:00Z,766,3 67 62 79 29 54 12 28 56 20 52 33 7 41 55 37 16 58 57 4,evens,regular,3
2022-10-24T17:33:00Z,767,25 53 14 50 37 72 51 54 60 77 52 58 6 28 48 34 32 2 71 42,tails,regular,1
2022-10-24T17:36:00Z,768,24 69 7 2 67 14 72 16 59 11 66 13 68 50 42 32 51 40 47 3,evens,regular,2
2022-10-24T17:39:00Z,769,61 26 5 50 48 4 56 65 25 52 43 68 8 3 30 73 46 58 51 23,tails,regular,2
2022-10-24T17:42:00Z,770,3 77 19 20 80 15 55 1 56 28 37 30 53 43 44 6 23 73 5 13,heads,regular,1
2022-10-24T17:45:00Z,771,57 66 7 47 75 14 74 13 50 54 69 62 1 21 73 65 38 8 60 35,tails,minor,2
2022-10-24T17:48:00Z,773,53 40 39 20 11 44 80 16 54 21 51 73 34 19 74 37 66 62 17 69,evens,regular,2
2022-10-24T17:51:00Z,774,37 5 66 73 42 13 23 36 61 28 75 32 56 65 41 27 21 60 79 40,evens,regular,2
2022-10-24T17:54:00Z,775,46 80 65 78 74 11 63 38 32 72 68 3 60 77 20 9 56 59 2 67,tails,regular,1
2022-10-24T17:57:00Z,776,27 48 36 80 46 67 29 56 19 34 77 5 7 30 79 16 57 3 4 20,heads,regular,3
2022-10-24T18:00:00Z,777,64 66 23 16 29 34 53 71 35 50 67 15 24 3 30 57 70 54 48 42,tails,major,4
2022-10-24T18:03:00Z,778,11 6 15 79 20 49 57 26 36 40 72 14 39 60 52 43 80 53 24 66,evens,regular,10
2022-10-24T18:06:00Z,779,20 15 57 49 23 25 80 65 67 54 4 73 31 1 51 68 74 16 33 41,tails,minor,1
2022-10-24T18:09:00Z,780,17 25 52 77 39 38 42 35 73 3 62 18 46 13 34 53 7 6 21 50,heads,regular,1
2022-10-24T18:12:00Z,782,55 67 8 49 9 50 68 35 28 34 12 47 38 37 79 4 16 17 44 71,heads,regular,1
2022-10-24T18:15:00Z,783,50 62 11 59 8 55 54 56 22 15 52 72 38 43 17 49 67 44 40 80,tails,regular,3
2022-10-24T18:18:00Z,784,34 76 29 5 7 70 65 56 23 27 26 79 42 47 15 46 80 4 54 13,evens,regular,2
2022-10-24T18:21:00Z,785,64 70 51 66 7 18 62 76 32 30 38 73 26 10 9 6 54 4 40 13,heads,regular,2
2022-10-24T18:24:00Z,786,38 15 63 50 79 59 32 29 30 21 71 24 18 41 12 26 74 42 36 16,heads,regular,2
2022-10-24T18:27:00Z,787,80 78 17 25 35 51 30 24 65 62 5 14 63 10 43 16 32 4 29 52,heads,regular,2
2022-10-24T18:30:00Z,788,3 77 76 75 53 61 51 7 45 79 74 48 80 15 10 9 14 67 47 69,tails,regular,2
2022-10-24T18:33:00Z,789,2 11 77 56 12 60 54 65 27 18 36 64 38 68 72 23 13 49 58 20,evens,minor,10
2022-10-24T18:36:00Z,791,10 2 46 53 18 35 51 8 68 74 72 49 60 31 78 66 20 27 13 15,evens,regular,3
2022-10-24T18:39:00Z,792,1 77 78 28 32 68 33 50 66 31 51 27 30 62 63 19 7 75 9 3,heads,regular,2
2022-10-24T18:42:00Z,793,66 38 56 74 39 36 35 48 78 30 9 31 69 40 49 37 71 16 45 52,evens,minor,1
2022-10-24T18:45:00Z,794,72 30 80 43 18 76 39 3 19 14 9 67 1 4 7 26 12 41 65 2,heads,regular,1
2022-10-24T18:48:00Z,795,46 35 77 2 36 80 58 23 71 37 51 14 48 52 56 17 29 22 72 74,tails,regular,2
2022-10-24T18:51:00Z,796,67 42 17 1 71 75 34 16 64 14 66 29 51 48 37 30 7 50 36 61,evens,regular,3
2022-10-24T18:54:00Z,797,46 47 25 54 69 68 27 63 26 49 39 53 55 23 59 61 79 20 52 71,tails,regular,2
2022-10-24T18:57:00Z,798,30 70 16 8 46 72 41 12 6 69 19 78 62 44 36 28 60 58 17 10,evens,regular,5
2022-10-24T19:00:00Z,800,18 79 43 76 53 51 19 8 5 80 44 56 34 25 6 33 11 59 66 14,evens,regular,2
2022-10-24T19:03:00Z,801,25 65 10 70 9 24 31 23 4 26 13 71 39 55 76 18 49 57 43 60,heads,regular,1
2022-10-24T19:06:00Z,802,71 4 77 40 59 76 1 11 41 72 48 8 54 13 14 52 25 23 42 28,evens,regular,1
2022-10-24T19:09:00Z,803,44 23 22 13 30 50 76 68 80 31 5 77 12 79 32 25 29 60 58 7,heads,regular,3
2022-10-24T19:12:00Z,804,2 40 27 20 16 29 38 69 43 51 39 61 30 56 7 71 77 18 31 33,heads,regular,4
2022-10-24T19:15:00Z,805,45 56 57 78 48 79 67 3 15 42 59 36 76 58 53 19 46 32 77 22,tails,regular,2
2022-10-24T19:18:00Z,806,36 30 8 4 22 39 43 40 69 35 26 63 60 57 55 25 76 68 49 65,evens,regular,3
2022-10-24T19:21:00Z,807,3 32 2 36 75 4 80 50 25 42 29 1 6 40 34 47 23 14 8 67,heads,regular,1
2022-10-24T19:24:00Z,809,60 24 41 8 68 48 44 11 75 36 28 37 51 14 66 30 16 50 78 64,tails,regular,2
2022-10-24T19:27:00Z,810,45 29 1 9 16 40 7 63 38 51 15 56 59 57 60 31 11 58 70 22,heads,regular,2
2022-10-24T19:30:00Z,811,38 63 27 18 67 31 33 21 61 10 39 52 54 59 25 32 75 29 77 72,heads,regular,1
2022-10-24T19:33:00Z,812,55 32 15 78 52 73 40 22 4 46 43 5 12 35 41 25 51 53 80 50,tails,regular,1
2022-10-24T19:36:00Z,813,35 44 5 17 60 6 20 72 71 75 68 43 2 56 61 34 12 69 74 62,tails,minor,3
2022-10-24T19:39:00Z,814,5 11 20 34 22 69 58 74 4 49 14 59 9 29 8 19 53 50 67 73,heads,minor,5
2022-10-24T19:42:00Z,815,36 23 47 70 54 66 73 33 19 17 61 57 64 42 18 55 22 12 28 8,evens,minor,10
2022-10-24T19:45:00Z,816,60 2 50 10 1 78 48 63 25 38 44 8 7 4 24 67 61 16 74 72,evens,regular,2
2022-10-24T19:48:00Z,818,64 41 37 71 6 42 47 24 20 77 63 23 75 36 12 62 46 28 70 3,tails,minor,1
2022-10-24T19:51:00Z,819,44 60 4 76 48 69 32 9 41 22 63 67 46 65 29 78 7 14 70 11,tails,regular,1
2022-10-24T19:54:00Z,820,38 12 32 16 7 27 15 72 33 60 64 41 20 35 11 44 36 18 26 50,heads,regular,1
2022-10-24T19:57:00Z,821,17 29 16 47 70 67 28 38 15 54 56 68 66 49 25 40 65 35 74 30,evens,minor,2
2022-10-24T20:00:00Z,822,59 60 50 55 13 26 80 44 57 10 72 75 78 71 77 29 79 64 56 46,tails,regular,1
2022-10-24T20:03:00Z,823,72 74 64 35 37 70 12 23 65 43 3 73 14 7 42 31 62 10 66 1,evens,regular,3
2022-10-24T20:06:00Z,824,17 49 56 63 24 79 6 12 38 34 36 62 23 72 78 66 60 2 76 11,evens,regular,2
2022-10-24T20:09:00Z,825,47 65 61 39 15 34 62 51 75 60 53 72 80 45 49 54 18 19 26 63,tails,regular,10
2022-10-24T20:12:00Z,827,52 64 46 54 27 8 41 61 38 45 9 30 18 34 73 62 70 4 68 23,tails,major,1
2022-10-24T20:15:00Z,828,3 2 48 52 57 4 20 66 37 50 30 62 79 24 72 36 59 16 70 23,evens,regular,2
2022-10-24T20:18:00Z,829,37 79 46 10 21 35 32 2 62 51 50 61 44 11 67 68 72 57 53 12,tails,regular,3
2022-10-24T20:21:00Z,830,70 27 3 18 55 44 30 39 37 52 11 62 46 58 5 72 38 15 25 40,heads,regular,1
2022-10-24T20:24:00Z,831,19 48 76 32 2 66 37 28 30 20 78 4 52 61 74 15 13 49 55 18,heads,regular,2
2022-10-24T20:27:00Z,832,10 67 71 25 21 65 12 7 29 18 5 8 45 74 14 20 49 24 27 54,heads,regular,1
2022-10-24T20:30:00Z,833,42 53 76 36 4 45 67 69 64 11 79 6 38 27 55 56 18 37 40 23,evens,regular,2
2022-10-24T20:33:00Z,834,18 12 70 4 17 10 73 31 26 1 78 51 16 58 62 34 74 76 2 47,heads,minor,2
2022-10-24T20:36:00Z,836,71 79 61 22 62 24 53 73 38 45 41 5 49 76 57 33 10 56 37 67,tails,regular,2
2022-10-24T20:39:00Z,837,4 33 53 75 41 10 73 77 38 25 79 34 26 18 63 28 65 69 42 5,evens,regular,1
2022-10-24T20:42:00Z,838,58 56 65 10 30 32 60 6 57 31 70 35 18 34 7 2 49 40 61 80,heads,regular,2
2022-10-24T20:45:00Z,839,40 71 34 4 10 60 78 23 76 27 72 63 54 65 57 80 19 2 6 52,tails,major,1
2022-10-24T20:48:00Z,840,65 42 9 28 56 60 16 59 15 54 52 68 57 62 11 12 18 38 80 7,tails,major,3
2022-10-24T20:51:00Z,841,69 59 78 37 58 4 12 15 71 53 9 55 44 54 56 75 68 3 42 20,tails,regular,2
2022-10-24T20:54:00Z,842,8 63 26 43 76 64 53 1 62 71 37 75 80 61 5 31 9 29 69 73,tails,regular,10
2022-10-24T20:57:00Z,843,48 36 57 60 28 66 18 17 15 38 35 2 22 11 61 50 16 29 21 39,heads,regular,1
2022-10-24T21:00:00Z,845,4 80 40 28 43 32 22 6 77 42 39 62 33 49 78 44 35 10 3 48,heads,regular,2
2022-10-24T21:03:00Z,846,49 51 46 23 59 29 19 69 9 57 60 63 55 44 37 3 45 34 31 11,tails,regular,3
2022-10-24T21:06:00Z,847,7 57 69 58 51 24 15 52 2 78 29 39 45 35 53 16 60 43 34 64,tails,regular,1
2022-10-24T21:09:00Z,848,38 51 35 76 69 78 58 15 63 70 9 73 32 39 19 57 71 43 12 24,tails,major,5
2022-10-24T21:12:00Z,849,54 34 76 77 2 72 25 23 67 14 6 15 62 64 44 70 40 60 7 63,tails,regular,2
2022-10-24T21:15:00Z,850,36 57 6 68 31 63 40 38 15 56 18 70 3 12 17 7 74 69 2 16,heads,regular,1
2022-10-24T21:18:00Z,851,36 8 17 9 79 53 20 11 68 56 62 69 61 76 70 39 54 16 4 65,tails,regular,1
2022-10-24T21:21:00Z,852,19 26 59 6 73 56 52 77 78 31 3 29 66 60 10 61 69 65 20 64,tails,regular,3
2022-10-24T21:24:00Z,854,60 6 9 22 26 11 65 31 42 63 77 3 25 21 10 18 75 73 76 24,heads,regular,1
2022-10-24T21:27:00Z,855,68 48 40 54 44 14 59 46 25 45 11 9 41 20 77 3 58 35 39 16,evens,regular,2
2022-10-24T21:30:00Z,856,28 37 63 35 79 71 60 43 55 17 23 54 21 51 48 22 69 6 74 12,tails,minor,2
2022-10-24T21:33:00Z,857,54 37 19 31 17 73 64 16 7 28 66 30 41 65 5 69 57 8 6 25,heads,minor,1
2022-10-24T21:36:00Z,858,59 54 27 19 36 10 31 3 61 24 23 45 73 77 28 42 79 80 63 9,evens,regular,2
2022-10-24T21:39:00Z,859,26 17 55 2 25 72 52 14 70 19 31 36 80 60 44 4 51 27 20 5,heads,regular,1
2022-10-24T21:42:00Z,860,55 11 5 61 14 57 70 16 73 6 27 79 30 67 62 64 47 77 69 45,tails,major,2
2022-10-24T21:45:00Z,861,3 26 44 58 18 45 32 79 73 33 39 47 36 7 56 21 71 1 6 67,heads,regular,1
2022-10-24T21:48:00Z,863,59 42 24 38 44 68 1 53 32 6 60 19 5 9 63 71 25 2 45 55,evens,minor,10
2022-10-24T21:51:00Z,864,24 27 59 53 62 28 47 35 43 25 23 77 70 58 7 50 38 79 49 18,tails,major,3
2022-10-24T21:54:00Z,865,16 36 2 73 31 20 53 3 34 35 80 69 59 22 18 57 78 52 41 70,evens,regular,2
2022-10-24T21:57:00Z,866,42 45 32 6 20 1 76 26 27 43 74 8 16 21 34 13 48 75 24 53,heads,regular,10
2022-10-24T22:00:00Z,867,24 55 68 2 50 66 26 32 20 38 69 37 23 4 41 64 62 25 53 17,heads,regular,2
2022-10-24T22:03:00Z,868,62 51 2 42 43 57 63 56 19 64 25 54 15 50 53 74 29 40 70 41,tails,minor,1
2022-10-24T22:06:00Z,869,14 63 39 43 75 31 73 28 67 30 51 65 25 22 5 44 40 17 2 1,heads,regular,2
2022-10-24T22:09:00Z,870,55 58 34 41 71 12 62 45 64 28 3 4 74 7 79 72 24 10 19 36,evens,regular,2
2022-10-24T22:12:00Z,872,79 49 80 8 47 46 34 50 75 21 53 52 11 15 18 71 30 7 70 43,tails,regular,3
2022-10-24T22:15:00Z,873,20 30 41 12 77 16 5 37 24 78 51 17 58 38 66 71 47 56 27 1,heads,minor,4
2022-10-24T22:18:00Z,874,71 2 77 64 41 42 80 7 43 16 68 29 60 79 40 70 73 30 51 62,tails,regular,1
2022-10-24T22:21:00Z,875,33 11 71 3 29 74 7 24 34 26 45 56 80 50 70 44 42 32 59 48,tails,regular,4
2022-10-24T22:24:00Z,876,25 38 65 2 56 54 16 61 21 26 32 3 28 33 45 57 53 49 19 9,heads,regular,1
2022-10-24T22:27:00Z,877,65 46 34 80 54 79 31 75 69 42 5 6 7 39 57 50 48 61 59 32,tails,regular,1
2022-10-24T22:30:00Z,878,4 10 24 17 9 45 19 47 69 28 57 15 25 72 55 13 51 71 39 8,heads,regular,1
2022-10-24T22:33:00Z,879,11 30 46 40 51 14 25 23 1 66 27 12 33 4 42 36 24 70 20 39,heads,regular,3
2022-10-24T22:36:00Z,881,25 20 48 64 24 54 36 21 13 11 33 26 8 50 4 47 1 46 23 76,heads,regular,1
2022-10-24T22:39:00Z,882,15 62 20 42 9 40 60 64 13 24 71 51 61 32 3 54 80 29 48 31,evens,major,3
2022-10-24T22:42:00Z,883,10 38 63 54 73 77 26 27 12 52 45 65 51 32 40 72 16 7 23 30,heads,regular,1
2022-10-24T22:45:00Z,884,37 5 14 48 20 77 62 16 11 15 46 72 41 42 73 44 30 55 63 71,tails,regular,10
2022-10-24T22:48:00Z,885,9 38 14 35 18 16 23 76 49 67 30 7 71 48 19 5 24 27 80 31,heads,regular,2
2022-10-24T22:51:00Z,886,67 73 3 39 34 65 57 45 17 10 18 4 5 55 43 58 66 69 54 20,tails,minor,1
2022-10-24T22:54:00Z,887,4 44 70 73 40 47 18 41 43 20 32 10 8 28 27 3 79 72 16 78,heads,regular,2
2022-10-24T22:57:00Z,888,59 36 13 12 42 27 77 26 10 63 18 29 60 64 56 25 79 67 57 55,tails,regular,2
2022-10-24T23:00:00Z,890,52 38 27 53 7 46 57 43 31 37 2 75 44 71 51 76 67 48 4 35,tails,regular,2
2022-10-24T23:03:00Z,891,66 2 60 41 28 29 32 57 64 74 39 76 73 3 38 59 12 30 8 9,heads,regular,1
2022-10-24T23:06:00Z,892,62 42 49 43 78 1 6 71 54 69 61 44 7 32 30 3 63 19 50 33,tails,regular,2
2022-10-24T23:09:00Z,893,18 78 42 77 69 60 80 43 37 34 29 47 22 27 19 33 10 38 35 26,heads,regular,3
2022-10-24T23:12:00Z,894,27 79 77 64 58 65 71 44 45 32 74 75 54 67 34 1 6 73 52 5,tails,minor,3
2022-10-24T23:15:00Z,895,23 57 54 42 32 47 56 51 8 11 39 7 65 67 2 28 12 35 34 41,heads,regular,1
2022-10-24T23:18:00Z,896,22 74 55 29 71 50 33 20 23 45 48 37 11 31 60 15 28 24 13 67,heads,regular,3
2022-10-24T23:21:00Z,897,65 78 40 30 34 79 33 49 46 76 42 17 63 67 66 56 27 68 71 77,tails,minor,1
2022-10-24T23:24:00Z,899,74 19 22 9 46 32 36 53 66 73 17 44 68 28 61 71 64 5 1 57,tails,regular,2
2022-10-24T23:27:00Z,900,21 8 10 57 38 41 48 56 51 25 5 46 18 64 23 33 55 22 45 53,evens,regular,1
2022-10-24T23:30:00Z,901,33 77 25 35 66 37 79 73 5 50 14 9 62 52 4 59 26 48 60 29,evens,regular,2
2022-10-24T23:33:00Z,902,26 17 2 8 68 30 56 4 21 47 20 46 51 55 59 1 80 14 73 35,heads,regular,1
2022-10-24T23:36:00Z,903,34 41 68 39 64 9 1 3 80 22 67 63 23 4 32 35 78 79 30 33,heads,minor,10
2022-10-24T23:39:00Z,904,7 26 65 15 38 62 18 21 57 19 50 48 78 24 56 51 74 71 63 79,tails,regular,1
2022-10-24T23:42:00Z,905,65 37 76 17 2 30 23 64 59 67 47 11 58 15 72 36 7 54 38 73,evens,major,4
2022-10-24T23:45:00Z,906,68 28 58 5 12 52 62 69 23 75 20 4 54 1 63 14 7 66 59 48,tails,major,1
2022-10-24T23:48:00Z,908,69 37 40 23 56 53 73 75 44 47 25 6 12 31 20 62 35 78 74 60,tails,regular,3
2022-10-24T23:51:00Z,909,80 57 6 60 53 25 79 36 37 20 52 67 44 35 39 27 59 77 32 78,tails,regular,1
2022-10-24T23:54:00Z,910,62 74 1 67 80 31 9 50 47 64 68 30 75 8 39 42 41 57 56 55,tails,major,1
2022-10-24T23:57:00Z,911,49 34 42 48 71 45 75 31 18 19 54 70 37 50 23 9 5 69 63 28,tails,regular,2
2022-10-25T00:00:00Z,912,25 41 68 14 23 18 10 39 69 76 48 1 79 61 26 46 12 42 45 60,tails,regular,2
2022-10-25T00:03:00Z,913,57 79 34 14 48 11 80 74 53 60 8 25 78 68 55 46 37 49 27 31,tails,minor,1
2022-10-25T00:06:00Z,914,80 17 61 54 56 46 16 10 63 55 73 33 6 67 7 68 13 35 51 5,tails,regular,3
2022-10-25T00:09:00Z,915,70 72 49 18 77 37 35 16 11 76 23 21 73 40 50 67 60 22 3 14,heads,regular,1
2022-10-25T00:12:00Z,917,72 59 42 54 79 25 12 27 39 32 50 6 66 73 53 4 30 61 33 46,tails,regular,3
2022-10-25T00:15:00Z,918,60 27 17 52 19 22 55 13 11 14 70 73 28 38 74 4 36 72 50 48,heads,regular,1
2022-10-25T00:18:00Z,919,39 47 32 26 59 54 53 28 78 43 19 42 4 50 9 14 18 58 21 30,heads,minor,2
2022-10-25T00:21:00Z,920,48 21 69 1 7 58 49 22 42 45 8 15 40 14 76 12 28 17 51 32,heads,minor,1
2022-10-25T00:24:00Z,921,30 22 77 16 33 35 32 9 49 70 75 23 11 8 51 7 45 27 71 46,heads,regular,1
2022-10-25T00:27:00Z,922,8 49 21 15 29 48 67 60 46 14 75 20 2 36 58 37 76 71 35 16,heads,regular,1
2022-10-25T00:30:00Z,923,55 8 35 18 15 4 21 77 39 69 79 43 42 65 68 26 7 44 32 41,evens,major,1
2022-10-25T00:33:00Z,924,22 11 60 9 42 38 68 13 21 27 16 67 73 59 55 47 18 23 37 40,heads,major,1
2022-10-25T00:36:00Z,926,22 54 28 75 18 62 6 72 61 53 26 73 77 32 7 71 33 70 56 37,tails,regular,2
2022-10-25T00:39:00Z,927,64 44 67 23 68 55 30 15 20 72 2 45 62 78 29 7 12 56 18 32,evens,regular,3
2022-10-25T00:42:00Z,928,60 14 66 4 58 16 68 34 78 51 76 63 41 46 21 52 67 42 3 59,tails,minor,1
2022-10-25T00:45:00Z,929,27 16 12 22 26 62 70 14 45 65 68 17 6 44 47 37 28 15 25 63,heads,minor,1
2022-10-25T00:48:00Z,930,30 64 21 48 19 66 23 9 32 78 36 56 46 27 25 18 71 33 1 61,heads,major,2
2022-10-25T00:51:00Z,931,72 14 39 27 50 48 65 37 75 32 35 19 78 26 64 41 17 55 59 40,evens,major,1
2022-10-25T00:54:00Z,932,76 71 26 40 31 28 8 42 32 14 43 68 27 79 21 3 74 72 5 16,heads,regular,2
2022-10-25T00:57:00Z,933,55 32 65 41 71 54 64 40 24 46 2 35 21 30 42 53 31 66 68 20,tails,regular,2
2022-10-25T01:00:00Z,935,25 1 17 29 2 28 68 40 15 39 56 27 67 41 23 34 63 48 58 13,heads,regular,1
2022-10-25T01:03:00Z,936,66 61 65 58 73 44 30 15 22 6 57 34 33 31 60 12 10 19 62 24,heads,regular,5
2022-10-25T01:06:00Z,937,40 7 12 32 29 66 52 20 50 21 14 77 75 47 67 57 53 25 44 58,tails,regular,2
2022-10-25T01:09:00Z,938,33 9 4 75 65 31 58 63 41 49 78 13 12 22 45 51 34 61 29 57,tails,major,4
2022-10-25T01:12:00Z,939,24 8 20 52 49 19 63 7 33 46 51 22 42 4 28 26 3 43 47 37,heads,regular,3
2022-10-25T01:15:00Z,940,74 16 52 32 71 8 22 17 46 30 51 13 41 56 65 50 54 40 80 78,tails,regular,2
2022-10-25T01:18:00Z,941,50 11 64 62 59 48 2 35 52 37 53 28 70 25 65 66 68 15 58 32,tails,regular,2
2022-10-25T01:21:00Z,942,57 7 40 75 77 48 67 49 27 66 2 39 56 14 34 72 3 15 6 12,heads,minor,2
2022-10-25T01:24:00Z,944,62 58 36 67 41 5 77 48 30 42 32 64 28 20 65 78 14 60 59 12,tails,minor,2
2022-10-25T01:27:00Z,945,30 65 77 7 35 8 5 31 14 80 47 69 58 75 27 70 53 1 42 36,evens,major,4
2022-10-25T01:30:00Z,946,7 72 9 55 14 36 80 4 11 42 66 73 63 74 69 34 46 10 29 1,evens,regular,2
2022-10-25T01:33:00Z,947,30 52 45 63 58 59 66 79 19 77 47 70 20 64 5 42 69 49 48 9,tails,regular,10
2022-10-25T01:36:00Z,948,39 12 80 38 72 2 34 23 49 32 11 58 40 77 13 59 51 4 6 66,heads,minor,2
2022-10-25T01:39:00Z,949,51 18 58 52 78 1 49 14 41 6 10 16 48 79 34 21 3 39 65 35,heads,minor,1
2022-10-25T01:42:00Z,950,63 46 25 31 5 57 78 65 7 11 60 42 19 80 49 73 54 17 35 76,tails,major,1
2022-10-25T01:45:00Z,951,41 8 61 7 10 25 1 5 18 20 70 65 75 47 43 9 79 52 36 24,heads,regular,2
2022-10-25T01:48:00Z,953,16 56 70 80 50 39 60 19 6 71 59 69 66 54 26 17 25 73 11 75,tails,regular,1
2022-10-25T01:51:00Z,954,72 13 74 9 23 75 67 63 28 65 76 49 58 36 16 18 51 5 43 3,tails,minor,2
2022-10-25T01:54:00Z,955,47 53 36 78 29 26 63 25 38 66 21 61 74 77 23 55 2 6 40 51,evens,minor,2
2022-10-25T01:57:00Z,956,6 68 43 28 78 70 50 61 19 59 67 48 16 55 8 60 49 29 9 80,tails,regular,1
2022-10-25T02:00:00Z,957,23 42 57 33 45 67 20 38 35 72 70 17 65 78 73 49 52 68 39 28,tails,regular,10
2022-10-25T02:03:00Z,958,1 26 47 36 25 31 66 28 76 4 10 5 24 3 53 67 79 44 48 37,heads,regular,1
2022-10-25T02:06:00Z,959,72 49 45 51 6 15 13 55 17 71 11 44 8 20 60 80 21 79 59 39,tails,regular,1
2022-10-25T02:09:00Z,960,49 6 76 27 36 57 16 41 54 8 66 68 34 30 50 67 2 63 31 26,evens,regular,1
2022-10-25T02:12:00Z,962,67 61 13 65 41 45 16 70 42 33 19 6 29 50 47 15 59 60 72 11,tails,regular,3
2022-10-25T02:15:00Z,963,8 15 72 79 33 17 45 57 49 63 30 48 54 68 40 53 16 76 74 38,tails,major,2
2022-10-25T02:18:00Z,964,9 62 11 32 35 8 18 13 40 60 78 24 5 21 57 23 76 17 26 28,heads,minor,1
2022-10-25T02:21:00Z,965,66 55 16 35 77 10 23 43 19 26 61 8 52 1 21 59 25 60 73 67,evens,regular,1
2022-10-25T02:24:00Z,966,52 16 76 74 6 75 20 13 64 39 63 15 2 61 31 41 67 54 23 22,evens,minor,2
2022-10-25T02:27:00Z,967,71 29 26 79 37 72 40 53 46 65 44 58 11 4 50 67 48 64 41 68,tails,minor,1
2022-10-25T02:30:00Z,968,60 24 20 55 43 23 25 42 80 3 69 38 59 65 2 8 31 54 48 71,tails,regular,1
2022-10-25T02:33:00Z,969,30 17 66 63 38 37 69 10 76 52 42 64 32 48 49 58 60 54 53 46,tails,regular,1
2022-10-25T02:36:00Z,971,10 46 17 51 2 35 47 43 61 73 9 28 29 50 33 63 76 38 6 56,evens,regular,1
2022-10-25T02:39:00Z,972,45 1 68 39 6 22 12 56 26 20 29 13 69 11 9 37 35 73 52 36,heads,major,1
2022-10-25T02:42:00Z,973,23 67 65 4 2 58 29 52 72 51 39 56 9 12 79 68 46 11 8 78,tails,minor,3
2022-10-25T02:45:00Z,974,62 39 32 42 65 4 51 68 12 69 77 18 14 22 26 7 20 10 27 49,heads,regular,2
2022-10-25T02:48:00Z,975,51 2 30 65 20 36 62 31 48 23 75 60 26 37 29 11 55 40 57 13,heads,regular,2
2022-10-25T02:51:00Z,976,65 51 75 80 53 78 55 38 57 33 26 64 21 54 3 72 29 14 20 27,tails,regular,5
2022-10-25T02:54:00Z,977,9 23 13 72 63 53 56 4 70 75 69 10 42 59 8 7 12 15 49 60,tails,minor,4
2022-10-25T02:57:00Z,978,6 79 74 76 47 60 9 35 63 48 54 72 28 59 50 4 36 69 8 20,tails,regular,1
2022-10-25T03:00:00Z,980,73 55 36 59 7 79 49 44 75 35 47 63 61 65 72 71 12 5 32 37,tails,major,1
2022-10-25T03:03:00Z,981,10 4 14 56 15 78 42 2 64 51 57 65 30 74 8 71 7 73 72 40,tails,regular,3
2022-10-25T03:06:00Z,982,77 26 12 22 20 60 59 56 43 32 71 67 49 42 19 57 62 47 31 55,tails,minor,1
2022-10-25T03:09:00Z,983,59 71 46 14 33 45 78 80 53 11 63 61 20 49 34 64 73 27 57 47,tails,regular,1
2022-10-25T03:12:00Z,984,18 17 48 25 2 51 65 52 72 11 75 34 73 42 7 29 45 47 68 20,tails,regular,2
2022-10-25T03:15:00Z,985,52 78 20 49 75 33 2 31 71 9 43 79 28 8 77 3 76 37 73 66,tails,minor,1
2022-10-25T03:18:00Z,986,72 65 8 46 70 69 22 26 80 19 61 42 12 41 52 28 38 44 15 54,tails,regular,2
2022-10-25T03:21:00Z,987,45 58 19 61 2 11 23 40 64 25 14 26 36 7 18 41 43 68 28 76,heads,regular,5
2022-10-25T03:24:00Z,989,20 9 23 65 17 27 33 70 39 11 62 63 29 2 69 32 34 64 15 37,heads,minor,10
2022-10-25T03:27:00Z,990,6 10 11 28 22 61 26 67 1 46 48 17 8 80 3 78 9 7 24 51,heads,regular,10
2022-10-25T03:30:00Z,991,32 22 68 41 27 16 45 3 28 40 13 54 15 70 55 33 61 53 78 20,heads,regular,3
2022-10-25T03:33:00Z,992,20 14 63 51 64 4 16 67 8 34 46 12 71 76 55 13 6 41 19 74,evens,regular,5
2022-10-25T03:36:00Z,993,58 64 53 22 44 79 68 13 6 7 49 18 48 1 47 11 2 30 63 60,tails,major,1
2022-10-25T03:39:00Z,994,25 31 62 13 61 67 77 54 55 52 65 63 69 76 19 68 12 17 21 53,tails,regular,2
2022-10-25T03:42:00Z,995,39 36 32 31 7 14 61 41 64 25 66 70 26 22 48 49 40 38 79 15,heads,regular,2
2022-10-25T03:45:00Z,996,72 42 24 22 38 71 6 11 12 58 31 3 15 73 25 57 67 79 36 74,heads,regular,3
2022-10-25T03:48:00Z,998,64 45 17 19 61 40 66 62 49 63 34 58 26 38 53 4 47 76 3 16,tails,regular,3
2022-10-25T03:51:00Z,999,49 46 26 60 45 10 2 71 32 68 79 37 62 33 53 21 58 5 18 39,evens,minor,2
2022-10-25T03:54:00Z,1,2 13 42 44 40 57 67 68 22 45 37 79 59 7 26 65 58 19 54 69,tails,regular,1
2022-10-25T03:57:00Z,2,5 19 27 78 62 23 80 61 26 28 73 29 57 37 46 66 59 36 65 43,tails,regular,3
2022-10-25T04:00:00Z,3,44 4 57 76 53 54 52 39 21 56 30 59 61 12 7 31 43 46 10 68,tails,minor,10
2022-10-25T04:03:00Z,4,70 6 1 43 61 27 36 4 72 12 29 18 55 19 52 10 9 63 65 60,heads,regular,3
2022-10-25T04:06:00Z,5,73 79 56 23 4 43 37 7 20 60 59 26 49 68 25 13 3 54 42 66,tails,regular,1
2022-10-25T04:09:00Z,6,16 78 62 71 74 37 46 69 55 30 48 27 7 1 20 43 56 51 36 60,tails,regular,1
2022-10-25T04:12:00Z,8,57 62 67 1 73 6 20 79 25 64 65 11 61 29 30 75 28 48 7 27,evens,minor,1
2022-10-25T04:15:00Z,9,41 21 62 11 63 39 10 27 79 51 77 70 75 54 80 14 52 73 15 13,tails,regular,10
2022-10-25T04:18:00Z,10,46 25 4 35 17 62 53 60 48 63 13 5 43 76 59 74 37 7 44 42,tails,regular,1
2022-10-25T04:21:00Z,11,10 66 2 40 55 61 32 35 78 69 70 9 44 73 11 71 34 51 19 80,tails,minor,1
2022-10-25T04:24:00Z,12,6 8 45 10 73 16 20 2 77 40 17 28 29 39 13 71 18 27 30 22,heads,regular,1
2022-10-25T04:27:00Z,13,6 34 80 26 22 78 45 25 68 59 65 11 29 40 60 79 20 23 67 32,heads,major,1
2022-10-25T04:30:00Z,14,19 42 66 34 30 60 75 13 22 80 17 55 57 25 5 54 51 71 74 15,tails,minor,2
2022-10-25T04:33:00Z,15,54 31 37 28 39 12 72 53 8 48 66 24 64 16 6 79 9 78 42 29,heads,regular,2
2022-10-25T04:36:00Z,17,66 77 36 43 35 62 50 69 78 25 51 71 56 13 40 80 16 23 65 38,tails,minor,1
2022-10-25T04:39:00Z,18,24 56 64 58 33 41 22 3 37 65 27 19 74 15 67 7 10 43 75 26,heads,minor,2
2022-10-25T04:42:00Z,19,61 72 32 58 77 11 65 9 56 6 2 76 16 42 46 43 39 31 10 41,tails,minor,1
2022-10-25T04:45:00Z,20,12 32 63 62 1 66 41 49 64 3 71 21 53 34 4 57 47 6 27 29,evens,minor,2
2022-10-25T04:48:00Z,21,34 70 75 4 61 6 45 17 12 30 2 31 3 26 79 18 43 8 65 33,heads,major,3
2022-10-25T04:51:00Z,22,65 56 5 49 18 30 77 68 74 32 53 46 67 37 36 72 16 35 62 40,tails,regular,1
2022-10-25T04:54:00Z,23,25 59 5 23 45 10 12 50 61 73 27 37 21 54 47 80 30 42 29 46,evens,regular,2
2022-10-25T04:57:00Z,24,41 32 3 56 78 19 47 59 26 76 28 45 38 80 68 53 48 60 34 1,tails,minor,1
2022-10-25T05:00:00Z,26,45 5 30 21 22 20 78 15 77 53 27 34 57 76 48 59 36 39 72 50,evens,regular,2
2022-10-25T05:03:00Z,27,49 38 15 47 72 31 60 18 42 46 44 41 7 2 28 8 59 22 51 14,evens,regular,1
2022-10-25T05:06:00Z,28,47 52 3 60 56 2 30 67 49 71 10 66 16 76 40 37 38 6 39 18,heads,regular,1
2022-10-25T05:09:00Z,29,71 38 21 51 43 58 73 59 25 41 66 74 65 15 54 79 76 22 11 30,tails,regular,3
2022-10-25T05:12:00Z,30,36 17 11 15 47 57 46 54 49 79 52 10 37 26 80 40 42 74 7 4,evens,regular,1
2022-10-25T05:15:00Z,31,5 49 18 48 40 26 1 65 15 29 42 47 39 67 21 33 43 55 51 44,evens,regular,2
2022-10-25T05:18:00Z,32,72 74 22 65 1 59 52 68 73 64 24 60 67 12 58 10 5 49 47 42,tails,regular,3
2022-10-25T05:21:00Z,33,72 71 37 6 5 10 69 56 70 8 9 58 47 65 21 32 61 53 35 44,tails,minor,3
2022-10-25T05:24:00Z,35,75 36 34 51 53 20 25 24 8 79 52 80 70 2 37 72 63 40 30 35,heads,minor,3
2022-10-25T05:27:00Z,36,27 79 16 76 4 5 11 62 2 20 61 8 65 49 53 40 48 60 30 35,heads,minor,1
2022-10-25T05:30:00Z,37,7 71 20 39 51 23 77 34 46 10 62 21 47 31 43 11 32 44 48 25,heads,minor,2
2022-10-25T05:33:00Z,38,62 45 47 2 19 33 76 72 41 20 13 32 48 26 23 67 1 34 5 61,heads,minor,5
2022-10-25T05:36:00Z,39,66 67 42 14 18 44 57 10 4 22 68 26 1 17 64 40 53 36 59 61,evens,minor,4
2022-10-25T05:39:00Z,40,70 17 59 54 51 49 46 42 52 27 5 47 68 7 9 53 3 13 67 2,tails,regular,1
2022-10-25T05:42:00Z,41,36 71 76 24 72 22 56 73 16 17 1 49 75 25 78 46 53 12 3 21,evens,minor,3
2022-10-25T05:45:00Z,42,26 34 8 42 20 65 44 3 7 15 47 40 17 54 53 6 46 62 50 27,heads,regular,1
2022-10-25T05:48:00Z,44,27 47 9 56 75 46 2 40 18 64 77 17 58 29 16 43 30 49 79 33,evens,regular,1
2022-10-25T05:51:00Z,45,16 50 20 40 44 56 46 76 28 63 23 37 36 57 68 65 33 77 79 8,tails,regular,1
2022-10-25T05:54:00Z,46,19 70 51 44 74 29 37 41 32 9 57 3 17 79 4 60 61 69 6 43,tails,minor,10
2022-10-25T05:57:00Z,47,67 74 42 51 6 50 43 44 14 7 52 29 64 54 9 80 37 24 13 31,tails,regular,2
2022-10-25T06:00:00Z,48,49 6 69 8 16 14 43 13 52 65 72 1 12 70 39 37 77 27 57 25,heads,regular,2
2022-10-25T06:03:00Z,49,16 63 5 39 38 51 28 76 80 47 21 27 61 20 23 43 67 42 55 53,tails,regular,1
2022-10-25T06:06:00Z,50,38 45 2 43 35 29 65 73 74 76 39 8 50 63 15 23 34 53 75 32,evens,major,3
2022-10-25T06:09:00Z,51,27 24 38 5 68 3 80 71 12 62 25 76 54 55 51 18 61 11 37 35,heads,regular,1
2022-10-25T06:12:00Z,53,14 44 75 47 66 18 8 62 54 64 37 2 74 76 71 63 26 58 57 25,tails,regular,2
2022-10-25T06:15:00Z,54,38 41 4 80 61 14 26 2 62 77 65 29 39 3 57 42 1 46 68 49,tails,regular,3
2022-10-25T06:18:00Z,55,76 59 43 23 29 31 78 4 70 47 46 51 34 63 16 32 57 3 8 49,tails,regular,2
2022-10-25T06:21:00Z,56,35 38 4 63 9 52 17 18 29 53 12 58 21 27 59 7 11 37 74 50,heads,regular,1
2022-10-25T06:24:00Z,57,45 13 11 40 22 67 14 72 35 18 66 5 77 73 41 39 38 27 76 50,heads,minor,3
2022-10-25T06:27:00Z,58,58 57 45 43 42 19 74 38 65 59 18 48 25 13 46 39 60 55 9 63,tails,regular,3
2022-10-25T06:30:00Z,59,51 37 53 46 1 18 78 30 2 66 21 72 77 15 75 28 57 49 24 11,evens,minor,2
2022-10-25T06:33:00Z,60,11 37 69 45 1 47 21 42 9 48 53 39 46 31 52 25 76 34 30 8,heads,minor,2
2022-10-25T06:36:00Z,62,41 66 50 68 25 38 1 28 21 14 7 5 27 79 47 71 3 9 2 42,heads,regular,2
2022-10-25T06:39:00Z,63,43 16 76 7 46 72 1 66 51 37 53 62 74 65 28 3 80 20 6 14,tails,regular,1
2022-10-25T06:42:00Z,64,51 5 25 60 52 8 72 42 54 68 59 22 21 43 34 48 44 10 35 24,tails,regular,2
2022-10-25T06:45:00Z,65,16 25 45 77 54 52 19 3 80 8 23 39 46 26 27 14 57 79 7 68,heads,regular,1
2022-10-25T06:48:00Z,66,8 3 63 5 39 17 26 7 75 79 13 71 35 27 9 41 42 73 50 56,heads,minor,3
2022-10-25T06:51:00Z,67,39 19 21 27 25 74 65 9 76 8 37 42 22 62 43 60 11 66 55 26,heads,minor,3
2022-10-25T06:54:00Z,68,74 9 47 14 11 37 16 8 73 38 79 24 76 28 55 69 39 4 34 44,heads,regular,3
2022-10-25T06:57:00Z,69,15 46 27 33 9 34 30 1 58 65 7 26 56 64 60 25 22 72 61 79,heads,minor,4
2022-10-25T07:00:00Z,71,6 22 23 11 18 64 12 9 58 15 78 13 69 48 31 61 76 39 34 71,heads,regular,4
2022-10-25T07:03:00Z,72,68 59 35 49 27 15 61 12 39 7 64 43 74 52 47 25 30 56 38 63,tails,regular,2
2022-10-25T07:06:00Z,73,54 17 48 71 4 62 56 6 34 78 72 47 21 67 57 76 22 30 16 5,tails,regular,2
2022-10-25T07:09:00Z,74,78 56 15 19 14 28 80 22 48 23 52 59 33 47 65 50 64 38 29 66,tails,minor,3
2022-10-25T07:12:00Z,75,5 80 71 24 12 54 20 9 61 16 28 19 66 38 72 6 11 58 59 53,heads,regular,1
2022-10-25T07:15:00Z,76,64 10 33 43 15 53 56 42 27 77 35 19 31 63 68 75 5 50 80 62,tails,regular,1
2022-10-25T07:18:00Z,77,73 80 2 75 7 56 38 17 20 46 53 36 49 31 78 3 66 69 62 48,tails,regular,1
2022-10-25T07:21:00Z,78,62 22 79 31 52 35 29 16 15 33 74 78 25 11 66 3 27 44 28 60,heads,minor,4
2022-10-25T07:24:00Z,80,55 69 68 22 65 9 5 56 23 25 14 2 59 74 30 75 77 26 79 43,tails,regular,3
2022-10-25T07:27:00Z,81,10 80 56 46 8 42 29 23 64 54 22 63 47 25 31 78 41 4 2 19,evens,regular,3
2022-10-25T07:30:00Z,82,41 37 26 46 27 38 4 69 42 34 64 56 30 55 33 12 63 9 60 47,evens,minor,1
2022-10-25T07:33:00Z,83,18 46 79 1 47 16 59 17 52 32 27 4 55 22 39 53 66 13 69 63,evens,regular,1
2022-10-25T07:36:00Z,84,28 79 20 48 32 21 41 6 8 11 27 38 15 69 70 26 9 16 80 19,heads,regular,2
2022-10-25T07:39:00Z,85,70 39 38 53 50 30 3 26 10 7 15 11 66 68 40 44 48 77 17 52,heads,major,2
2022-10-25T07:42:00Z,86,47 57 43 22 9 10 7 33 31 36 37 35 25 14 3 50 55 59 26 2,heads,minor,2
2022-10-25T07:45:00Z,87,66 68 58 65 46 21 74 16 57 8 47 76 24 33 25 53 49 12 43 48,tails,minor,2
2022-10-25T07:48:00Z,89,5 2 44 66 18 1 47 57 27 58 79 36 6 56 42 49 38 10 65 4,evens,regular,1
2022-10-25T07:51:00Z,90,21 16 74 30 36 31 20 28 73 35 8 46 65 72 11 78 56 1 10 70,heads,minor,2
2022-10-25T07:54:00Z,91,22 23 9 5 29 21 68 57 60 34 38 42 33 7 43 79 73 1 15 77,heads,regular,1
2022-10-25T07:57:00Z,92,7 37 14 35 12 66 47 15 17 13 55 60 20 3 56 58 76 30 31 77,heads,regular,3
2022-10-25T08:00:00Z,93,12 65 13 53 75 63 5 50 41 74 73 69 26 46 55 39 32 37 51 4,tails,regular,1
2022-10-25T08:03:00Z,94,79 20 5 53 4 43 27 48 54 11 7 1 18 76 57 35 31 66 6 67,heads,regular,1
2022-10-25T08:06:00Z,95,6 57 18 10 23 5 69 31 8 68 51 38 30 72 55 78 79 27 63 54,evens,regular,10
2022-10-25T08:09:00Z,96,39 74 41 25 5 49 67 73 28 69 42 50 71 38 13 55 63 53 35 14,tails,regular,3
2022-10-25T08:12:00Z,98,20 73 22 76 74 62 33 5 51 41 46 50 9 68 19 63 14 12 54 61,tails,minor,1
2022-10-25T08:15:00Z,99,55 24 47 66 63 13 6 46 68 57 43 49 32 21 74 20 22 70 77 35,tails,regular,1
2022-10-25T08:18:00Z,100,33 25 42 2 65 46 44 16 75 30 63 59 9 77 71 22 49 66 69 41,tails,regular,3
2022-10-25T08:21:00Z,101,14 41 7 12 36 61 78 35 19 5 66 68 60 4 76 48 20 33 77 80,evens,regular,2
2022-10-25T08:24:00Z,102,61 69 80 15 6 31 79 39 77 59 32 3 67 5 52 35 46 58 50 7,tails,minor,2
2022-10-25T08:27:00Z,103,42 1 51 75 27 2 73 43 68 31 66 23 80 7 55 9 16 30 61 33,evens,minor,1
2022-10-25T08:30:00Z,104,45 29 12 26 36 54 61 15 58 19 78 50 47 16 79 55 2 53 40 3,evens,regular,1
2022-10-25T08:33:00Z,105,4 22 12 16 76 18 77 24 25 2 41 3 36 70 55 64 43 40 46 63,heads,regular,1
2022-10-25T08:36:00Z,107,12 57 72 13 26 44 7 63 65 49 24 34 1 47 58 69 15 17 80 16,evens,minor,4
2022-10-25T08:39:00Z,108,46 9 70 75 79 43 53 1 26 31 71 78 57 48 55 4 7 11 77 68,tails,regular,1
2022-10-25T08:42:00Z,109,60 74 76 63 80 32 5 27 19 57 33 13 35 75 16 62 24 69 47 79,tails,regular,1
2022-10-25T08:45:00Z,110,36 53 63 10 77 45 47 13 11 31 19 69 27 75 23 55 57 61 66 22,tails,regular,2
2022-10-25T08:48:00Z,111,28 79 1 3 74 73 50 52 61 31 80 75 23 6 26 34 37 44 60 17,evens,regular,1
2022-10-25T08:51:00Z,112,76 52 61 65 80 64 62 20 33 73 3 47 70 14 9 40 30 13 28 19,evens,regular,3
2022-10-25T08:54:00Z,113,80 38 79 75 23 69 72 33 64 74 27 63 49 78 14 35 1 37 15 61,tails,regular,1
2022-10-25T08:57:00Z,114,74 51 63 46 50 10 80 52 69 53 1 9 11 35 59 6 40 65 79 20,tails,regular,1
2022-10-25T09:00:00Z,116,10 75 2 24 41 69 25 61 34 8 54 35 68 56 22 11 76 50 26 52,evens,regular,3
2022-10-25T09:03:00Z,117,43 71 57 47 76 23 26 53 49 29 69 4 72 36 22 54 77 13 56 8,tails,regular,2
2022-10-25T09:06:00Z,118,15 35 14 54 55 40 3 47 80 24 65 63 27 38 10 20 39 45 53 75,heads,minor,1
2022-10-25T09:09:00Z,119,32 18 60 75 55 9 19 45 39 47 72 15 13 27 46 21 36 69 6 28,heads,regular,1
2022-10-25T09:12:00Z,120,52 79 21 53 66 54 12 25 42 24 40 59 35 41 9 26 13 39 49 78,evens,regular,2
2022-10-25T09:15:00Z,121,19 65 34 39 37 74 4 27 22 76 35 46 53 51 73 10 61 15 17 80,heads,regular,4
2022-10-25T09:18:00Z,122,56 51 73 19 79 72 7 2 57 44 48 60 4 62 67 77 69 34 20 23,tails,regular,3
2022-10-25T09:21:00Z,123,67 45 69 39 73 6 71 72 5 66 56 58 75 29 36 62 25 38 30 12,tails,minor,1
2022-10-25T09:24:00Z,125,51 4 57 70 50 32 26 48 14 1 58 23 3 54 29 55 67 60 16 78,tails,regular,3
2022-10-25T09:27:00Z,126,68 7 77 2 36 57 24 9 61 17 66 11 4 74 65 28 55 44 18 49,evens,minor,4
2022-10-25T09:30:00Z,127,24 75 20 80 69 56 3 36 68 21 58 53 6 50 1 9 2 78 64 57,tails,major,4
2022-10-25T09:33:00Z,128,15 55 51 60 47 79 35 38 59 66 70 57 11 9 34 48 31 25 23 27,evens,regular,2
2022-10-25T09:36:00Z,129,76 29 8 26 40 19 25 41 50 67 12 20 56 37 35 7 4 55 5 64,heads,minor,1
2022-10-25T09:39:00Z,130,34 19 4 5 53 22 41 24 44 68 32 7 46 17 54 59 36 62 56 70,evens,regular,2
2022-10-25T09:42:00Z,131,42 73 79 10 52 25 48 38 45 62 37 74 44 5 15 31 47 68 19 35,tails,regular,2
2022-10-25T09:45:00Z,132,21 39 26 70 23 35 75 30 27 50 78 33 52 46 47 5 55 68 19 38,heads,regular,1
2022-10-25T09:48:00Z,134,35 22 9 47 41 43 52 36 48 80 73 21 14 26 13 69 63 1 10 72,evens,regular,2
2022-10-25T09:51:00Z,135,59 26 55 14 30 47 12 35 24 23 51 52 32 66 61 43 71 13 46 76,tails,regular,2
2022-10-25T09:54:00Z,136,27 40 66 6 58 47 72 46 24 80 4 7 2 1 75 54 68 41 19 53,tails,minor,4
2022-10-25T09:57:00Z,137,68 69 37 26 55 35 78 54 76 80 15 38 49 39 17 9 74 32 24 16,heads,regular,3
2022-10-25T10:00:00Z,138,60 46 45 70 14 55 78 65 12 9 24 44 11 79 22 77 63 71 56 6,tails,minor,1
2022-10-25T10:03:00Z,139,55 68 53 10 24 70 35 48 6 76 60 56 57 62 26 33 15 2 7 58,tails,regular,3
2022-10-25T10:06:00Z,140,22 23 66 8 75 62 51 19 45 9 18 7 10 57 12 28 49 17 73 29,heads,major,2
2022-10-25T10:09:00Z,141,28 10 37 61 42 29 1 59 64 66 24 23 60 3 16 21 56 17 32 70,heads,regular,1
2022-10-25T10:12:00Z,143,1 63 32 50 79 27 77 6 38 19 14 44 25 29 56 75 40 62 11 36,heads,minor,2
2022-10-25T10:15:00Z,144,20 31 55 62 34 24 45 18 36 70 25 42 60 14 3 58 17 39 40 11,heads,major,3
2022-10-25T10:18:00Z,145,65 22 9 56 53 15 45 59 12 52 69 46 39 29 13 71 54 42 38 5,tails,regular,3
2022-10-25T10:21:00Z,146,44 42 13 26 3 65 32 70 7 15 5 77 20 57 35 73 80 33 68 21,heads,regular,1
2022-10-25T10:24:00Z,147,72 64 25 28 36 40 55 15 42 46 33 24 2 48 23 7 53 32 20 37,heads,regular,2
2022-10-25T10:27:00Z,148,11 74 73 68 71 31 49 36 58 20 6 34 29 9 5 28 63 13 22 66,heads,minor,2
2022-10-25T10:30:00Z,149,39 8 50 49 15 36 79 63 31 10 6 11 34 46 20 66 51 59 22 62,heads,regular,3
2022-10-25T10:33:00Z,150,5 74 10 75 41 56 65 72 38 47 53 22 66 42 77 12 50 57 55 52,tails,regular,1
2022-10-25T10:36:00Z,152,74 39 58 35 68 23 66 41 54 30 12 79 60 22 77 29 46 76 26 9,tails,regular,3
2022-10-25T10:39:00Z,153,3 1 20 69 34 41 47 40 14 57 12 5 65 78 76 2 58 66 36 25,heads,regular,2
2022-10-25T10:42:00Z,154,60 49 68 77 46 57 72 40 7 71 80 28 27 74 19 38 4 52 37 69,tails,regular,1
2022-10-25T10:45:00Z,155,5 30 64 33 55 67 78 16 49 31 61 47 18 20 51 2 71 46 77 43,tails,regular,2
2022-10-25T10:48:00Z,156,45 64 17 67 20 56 27 79 53 18 77 8 57 70 10 75 39 19 63 49,tails,minor,3
2022-10-25T10:51:00Z,157,2 14 6 48 64 53 66 15 9 51 58 52 77 10 67 70 76 22 5 35,tails,regular,1
2022-10-25T10:54:00Z,158,51 50 34 26 73 37 16 23 21 71 31 29 63 55 52 7 5 28 43 72,heads,minor,3
2022-10-25T10:57:00Z,159,38 5 62 69 70 59 9 72 24 28 4 1 6 44 79 25 63 53 8 64,evens,regular,1
2022-10-25T11:00:00Z,161,42 62 57 7 28 73 31 77 14 74 40 53 18 61 24 65 44 15 66 76,tails,regular,10
2022-10-25T11:03:00Z,162,11 25 17 73 1 51 3 67 24 37 48 18 12 55 50 49 4 79 69 33,heads,regular,3
2022-10-25T11:06:00Z,163,8 40 45 76 57 2 73 59 47 12 70 72 60 27 25 5 48 31 11 58,tails,minor,3
2022-10-25T11:09:00Z,164,2 7 25 46 36 13 56 63 27 44 3 50 73 78 14 19 10 26 20 43,heads,minor,1
2022-10-25T11:12:00Z,165,7 74 17 12 23 46 10 69 20 78 28 53 9 36 61 13 47 25 66 79,heads,regular,1
2022-10-25T11:15:00Z,166,43 15 18 68 66 11 32 55 9 22 62 31 8 76 37 74 19 2 54 4,heads,minor,1
2022-10-25T11:18:00Z,167,23 20 6 51 65 68 73 47 60 67 55 18 25 43 69 16 40 72 78 61,tails,regular,2
2022-10-25T11:21:00Z,168,39 14 53 63 25 35 33 16 49 67 64 73 15 29 77 27 62 32 34 70,heads,minor,1
2022-10-25T11:24:00Z,170,32 6 15 79 46 51 74 52 13 56 40 68 42 3 16 57 33 61 41 58,tails,regular,2
2022-10-25T11:27:00Z,171,14 32 37 46 44 50 78 34 76 36 61 52 67 2 75 41 43 29 20 18,tails,regular,1
2022-10-25T11:30:00Z,172,54 46 74 41 2 5 3 76 24 43 65 63 50 39 56 14 23 12 18 75,tails,regular,1
2022-10-25T11:33:00Z,173,28 8 14 18 33 59 41 74 70 75 77 51 47 23 72 80 24 35 16 52,tails,regular,1
2022-10-25T11:36:00Z,174,37 55 49 60 10 17 80 43 18 35 23 58 56 46 57 79 59 25 76 14,tails,regular,1
2022-10-25T11:39:00Z,175,72 70 71 19 26 55 66 16 30 3 58 6 14 59 63 18 17 54 47 29,evens,minor,1
2022-10-25T11:42:00Z,176,6 11 74 59 9 26 62 7 33 27 72 31 66 49 17 70 51 23 73 12,heads,regular,1
2022-10-25T11:45:00Z,177,35 22 42 47 14 6 13 3 43 70 1 46 62 30 55 51 69 64 38 60,tails,regular,2
2022-10-25T11:48:00Z,179,57 41 75 52 71 28 48 23 73 39 60 79 14 12 25 16 4 64 38 2,evens,regular,3
2022-10-25T11:51:00Z,180,76 67 18 40 37 35 42 80 12 11 20 43 74 29 13 7 38 71 63 17,heads,minor,1
2022-10-25T11:54:00Z,181,3 24 12 8 71 35 55 51 27 60 58 42 7 2 23 14 61 19 37 80,heads,regular,3
2022-10-25T11:57:00Z,182,51 61 53 45 12 64 75 23 31 5 40 17 24 25 4 16 11 43 57 8,heads,regular,3
2022-10-25T12:00:00Z,183,44 38 9 60 14 3 77 43 30 5 58 32 51 45 23 50 66 6 54 71,tails,regular,3
2022-10-25T12:03:00Z,184,75 44 80 35 23 27 62 36 64 59 56 65 8 9 33 24 74 3 70 31,evens,regular,2
2022-10-25T12:06:00Z,185,74 51 75 41 57 69 61 45 40 70 60 66 67 77 10 53 33 64 63 73,tails,regular,1
2022-10-25T12:09:00Z,186,80 22 54 57 31 68 18 60 24 20 34 37 75 42 41 64 47 10 50 76,tails,minor,1
2022-10-25T12:12:00Z,188,59 78 62 52 43 74 70 61 21 10 65 41 13 36 29 1 31 8 6 38,evens,regular,2
2022-10-25T12:15:00Z,189,16 46 80 1 62 67 73 10 19 11 33 4 17 74 72 37 35 20 27 47,heads,minor,1
2022-10-25T12:18:00Z,190,12 21 18 56 35 53 44 64 71 43 17 41 76 51 80 61 7 74 55 34,tails,minor,3
2022-10-25T12:21:00Z,191,42 36 74 62 79 69 49 14 8 18 60 59 55 25 50 1 56 58 46 30,tails,regular,3
2022-10-25T12:24:00Z,192,78 77 8 55 17 32 64 65 41 67 19 38 10 20 35 62 27 29 2 39,heads,major,1
2022-10-25T12:27:00Z,193,47 9 46 71 20 23 56 27 43 30 73 31 37 18 6 4 21 1 33 48,heads,regular,2
2022-10-25T12:30:00Z,194,66 6 55 37 54 1 39 8 35 5 69 52 63 16 48 9 70 7 3 31,heads,regular,1
2022-10-25T12:33:00Z,195,69 77 38 54 12 45 21 41 24 22 1 11 15 17 29 5 63 48 23 13,heads,regular,1
2022-10-25T12:36:00Z,197,32 62 46 5 22 17 25 59 63 70 55 15 57 50 29 36 1 51 54 23,evens,minor,4
2022-10-25T12:39:00Z,198,27 5 75 21 61 2 43 26 30 52 55 18 80 44 42 48 19 20 15 22,heads,regular,5
2022-10-25T12:42:00Z,199,27 14 54 80 16 41 36 60 75 59 34 4 3 18 56 32 19 7 33 20,heads,minor,5
2022-10-25T12:45:00Z,200,16 30 49 79 9 62 24 70 72 76 13 14 25 35 8 21 2 69 19 32,heads,major,1
2022-10-25T12:48:00Z,201,36 32 33 12 59 16 43 4 14 72 21 57 24 9 10 39 69 52 61 40,heads,minor,2
2022-10-25T12:51:00Z,202,57 43 72 52 17 29 70 65 56 41 80 40 3 33 22 28 13 38 21 75,evens,regular,1
2022-10-25T12:54:00Z,203,43 17 16 48 13 9 37 8 67 30 44 53 38 80 73 19 3 61 40 15,heads,regular,2
2022-10-25T12:57:00Z,204,36 65 61 68 49 32 30 54 16 22 19 47 51 7 33 67 70 50 56 1,tails,regular,1
2022-10-25T13:00:00Z,206,37 49 51 41 1 70 69 20 62 55 71 50 40 7 58 17 65 45 11 59,tails,regular,2
2022-10-25T13:03:00Z,207,47 68 5 6 7 49 46 14 36 44 55 45 26 18 30 79 23 54 53 35,evens,regular,3
2022-10-25T13:06:00Z,208,73 22 66 4 28 5 16 39 61 3 53 33 11 13 77 14 17 18 80 49,heads,minor,1
2022-10-25T13:09:00Z,209,64 66 45 22 67 40 71 39 24 12 42 5 41 77 59 25 73 46 78 20,tails,minor,3
2022-10-25T13:12:00Z,210,74 12 62 70 25 66 60 8 55 75 3 30 32 21 33 6 63 59 22 57,evens,regular,3
2022-10-25T13:15:00Z,211,12 27 22 80 46 8 1 31 49 41 78 39 71 26 37 65 72 60 75 28,evens,minor,2
2022-10-25T13:18:00Z,212,26 19 23 36 56 25 32 30 33 60 21 55 72 28 74 41 4 48 58 43,heads,minor,2
2022-10-25T13:21:00Z,213,53 43 14 65 71 4 30 59 78 45 64 34 6 8 57 15 79 75 23 77,tails,regular,2
2022-10-25T13:24:00Z,215,17 21 41 50 3 47 78 34 56 4 33 39 2 80 28 7 77 58 40 20,heads,regular,2
2022-10-25T13:27:00Z,216,12 21 8 60 44 18 64 2 6 25 47 41 69 26 63 57 39 71 76 66,tails,regular,1
2022-10-25T13:30:00Z,217,37 35 16 21 71 40 69 42 52 22 48 80 62 5 13 29 3 1 72 45,heads,minor,3
2022-10-25T13:33:00Z,218,21 55 36 51 48 77 71 5 42 1 40 10 41 79 52 29 25 43 18 8,evens,regular,2
2022-10-25T13:36:00Z,219,79 80 14 13 5 66 8 45 53 36 64 42 77 50 9 65 44 56 68 16,tails,major,1
2022-10-25T13:39:00Z,220,68 51 40 2 76 58 33 20 77 52 57 66 18 56 7 13 6 22 80 50,tails,regular,1
2022-10-25T13:42:00Z,221,9 60 25 66 61 14 31 28 5 55 45 44 34 30 57 39 68 48 70 7,evens,regular,3
2022-10-25T13:45:00Z,222,11 67 4 78 24 64 31 9 76 74 23 50 41 21 48 27 26 59 10 53,evens,regular,3
2022-10-25T13:48:00Z,224,66 29 51 73 41 20 55 79 23 39 49 6 71 32 31 10 25 62 5 13,heads,regular,2
2022-10-25T13:51:00Z,225,67 5 38 29 54 69 63 48 52 22 36 1 70 34 44 10 60 62 71 31,tails,regular,1
2022-10-25T13:54:00Z,226,21 33 3 24 6 18 23 52 66 27 49 31 71 58 37 7 4 38 10 11,heads,regular,1
2022-10-25T13:57:00Z,227,37 12 47 64 44 76 65 1 13 46 77 10 6 39 5 7 34 9 60 21,heads,regular,1
2022-10-25T14:00:00Z,228,64 26 4 61 19 62 44 27 77 3 7 1 33 53 74 76 18 66 13 12,heads,regular,3
2022-10-25T14:03:00Z,229,17 19 22 37 79 28 56 75 66 57 43 34 63 59 10 70 42 13 36 41,tails,regular,3
2022-10-25T14:06:00Z,230,21 48 66 74 60 62 33 14 39 40 35 30 11 71 52 6 49 43 59 80,tails,major,1
2022-10-25T14:09:00Z,231,19 53 27 30 75 46 12 29 69 37 68 66 9 10 18 61 58 45 6 44,evens,regular,5
2022-10-25T14:12:00Z,233,75 76 56 58 36 45 8 54 27 55 32 40 73 19 77 79 18 6 15 25,evens,minor,1
2022-10-25T14:15:00Z,234,63 77 29 58 11 5 23 56 45 72 15 51 48 20 80 36 21 35 44 64,tails,minor,1
2022-10-25T14:18:00Z,235,3 72 40 69 39 26 19 34 16 68 9 20 11 56 23 71 22 50 24 36,heads,regular,1
2022-10-25T14:21:00Z,236,53 12 25 22 65 43 72 28 1 7 34 68 48 63 31 57 36 58 70 29,evens,regular,2
2022-10-25T14:24:00Z,237,61 13 39 73 9 63 31 30 64 44 12 60 68 53 78 62 67 70 40 34,tails,regular,10
2022-10-25T14:27:00Z,238,42 30 61 53 19 76 38 48 28 29 31 74 1 73 58 25 3 59 34 57,evens,regular,2
2022-10-25T14:30:00Z,239,76 72 62 51 71 73 2 47 42 8 44 26 11 64 79 46 67 60 16 15,tails,major,5
2022-10-25T14:33:00Z,240,11 21 48 8 32 39 54 53 77 64 38 59 47 44 19 2 71 46 79 61,tails,regular,1
2022-10-25T14:36:00Z,242,22 41 67 43 62 29 39 18 4 74 51 61 71 6 5 8 65 79 14 49,tails,minor,1
2022-10-25T14:39:00Z,243,47 6 67 41 75 31 35 54 74 56 12 22 55 59 19 34 7 23 30 76,evens,minor,10
2022-10-25T14:42:00Z,244,26 69 59 20 35 74 10 17 12 40 67 15 58 19 75 73 56 64 50 47,tails,minor,3
2022-10-25T14:45:00Z,245,15 44 80 12 65 18 72 58 10 4 38 32 59 64 50 63 60 67 49 29,tails,minor,2
2022-10-25T14:48:00Z,246,52 17 69 38 65 6 8 30 36 43 61 11 49 15 41 40 78 22 60 27,heads,regular,1
2022-10-25T14:51:00Z,247,5 56 74 30 28 31 18 19 51 64 46 67 77 25 34 39 14 37 78 63,heads,minor,3
2022-10-25T14:54:00Z,248,21 53 34 17 70 35 54 63 37 77 52 22 38 6 42 36 7 11 10 18,heads,minor,2
2022-10-25T14:57:00Z,249,47 35 71 24 2 15 53 16 11 44 36 8 52 5 51 38 19 70 1 63,heads,minor,2
2022-10-25T15:00:00Z,251,19 42 68 34 16 45 21 28 6 58 53 75 20 27 15 50 25 57 10 35,heads,major,3
2022-10-25T15:03:00Z,252,37 70 66 2 25 21 57 43 6 24 39 36 11 78 29 48 28 9 30 16,heads,regular,3
2022-10-25T15:06:00Z,253,18 79 67 14 7 17 44 52 29 24 1 70 57 22 76 33 60 40 66 55,evens,regular,1
2022-10-25T15:09:00Z,254,17 31 52 56 14 36 45 73 6 11 46 42 39 9 72 59 70 69 61 23,tails,regular,1
2022-10-25T15:12:00Z,255,62 54 1 33 52 26 66 50 4 71 23 38 12 55 53 57 51 39 43 6,tails,regular,3
2022-10-25T15:15:00Z,256,77 20 65 33 29 28 51 56 67 36 57 75 73 39 58 13 27 60 78 15,tails,regular,2
2022-10-25T15:18:00Z,257,27 49 3 18 53 60 17 8 54 29 72 71 50 13 36 47 78 65 33 41,tails,regular,3
2022-10-25T15:21:00Z,258,26 66 54 22 65 74 42 5 49 1 64 14 41 9 33 77 71 24 44 34,tails,regular,1
2022-10-25T15:24:00Z,260,76 20 5 27 29 52 54 16 26 62 14 6 48 25 42 74 78 58 55 46,tails,regular,1
2022-10-25T15:27:00Z,261,44 66 15 55 47 2 5 8 36 75 62 28 31 53 56 40 4 26 61 52,evens,minor,2
2022-10-25T15:30:00Z,262,24 46 12 63 37 28 79 62 38 76 59 78 30 69 58 41 1 53 21 7,tails,regular,2
2022-10-25T15:33:00Z,263,21 41 20 4 69 26 27 63 30 57 23 19 35 60 75 72 13 9 6 3,heads,regular,1
2022-10-25T15:36:00Z,264,49 2 28 66 11 80 1 17 56 68 75 8 43 60 32 21 25 6 46 19,heads,regular,1
2022-10-25T15:39:00Z,265,52 76 29 35 48 6 51 56 7 28 78 77 71 12 41 46 30 32 79 53,tails,minor,1
2022-10-25T15:42:00Z,266,74 22 57 6 13 26 78 47 68 53 48 79 36 16 37 67 62 10 49 30,tails,regular,2
2022-10-25T15:45:00Z,267,64 60 8 44 30 33 45 39 31 55 78 76 52 37 16 18 26 49 51 15,evens,major,1
2022-10-25T15:48:00Z,269,63 20 22 79 25 21 45 71 77 58 74 2 59 42 35 3 12 9 80 56,tails,minor,1
2022-10-25T15:51:00Z,270,28 77 24 45 20 6 30 4 17 29 46 36 40 21 74 78 35 34 8 37,heads,regular,3
2022-10-25T15:54:00Z,271,35 10 61 64 6 72 43 62 44 37 15 8 9 46 42 23 4 52 3 22,heads,minor,1
2022-10-25T15:57:00Z,272,50 12 38 53 59 3 49 64 48 56 29 36 41 17 68 66 65 34 44 25,tails,regular,3
2022-10-25T16:00:00Z,273,72 16 57 65 27 63 9 12 78 32 11 47 3 41 26 29 8 36 64 51,heads,regular,1
2022-10-25T16:03:00Z,274,23 62 70 38 45 19 27 51 75 56 67 20 36 26 80 79 44 57 3 58,tails,regular,10
2022-10-25T16:06:00Z,275,8 75 76 79 32 53 73 52 65 77 56 23 62 37 61 71 69 22 70 10,tails,regular,1
2022-10-25T16:09:00Z,276,26 69 58 18 35 64 16 80 43 3 49 17 66 75 39 54 46 38 53 9,tails,regular,1
2022-10-25T16:12:00Z,278,75 45 63 11 13 5 48 57 51 41 28 69 2 68 14 12 71 6 44 65,tails,major,1
2022-10-25T16:15:00Z,279,39 80 74 46 45 55 12 20 36 6 57 76 40 24 4 26 77 79 5 18,heads,regular,2
2022-10-25T16:18:00Z,280,12 60 13 45 30 77 79 1 26 2 59 54 15 8 10 25 78 73 37 16,heads,regular,3
2022-10-25T16:21:00Z,281,61 57 48 64 55 33 36 1 7 27 38 29 80 51 63 15 45 17 11 16,heads,regular,5
2022-10-25T16:24:00Z,282,68 58 45 47 11 25 21 34 4 51 70 9 66 46 77 10 41 57 24 60,tails,regular,3
2022-10-25T16:27:00Z,283,73 6 76 42 19 33 28 71 55 25 57 23 22 48 21 79 34 30 58 65,evens,minor,2
2022-10-25T16:30:00Z,284,62 35 11 66 78 17 24 30 70 43 67 8 10 15 44 48 69 37 68 63,tails,minor,2
2022-10-25T16:33:00Z,285,76 73 60 72 68 59 56 9 63 65 30 36 25 23 69 24 2 39 17 14,evens,regular,2
2022-10-25T16:36:00Z,287,5 29 32 15 30 66 72 60 6 3 49 47 23 53 78 57 14 34 28 63,heads,major,2
2022-10-25T16:39:00Z,288,1 12 59 53 23 16 25 46 13 69 18 41 38 35 17 42 57 49 22 34,heads,regular,3
2022-10-25T16:42:00Z,289,64 45 49 28 36 10 73 69 50 9 59 20 19 15 51 67 14 35 13 4,heads,minor,1
2022-10-25T16:45:00Z,290,75 6 76 59 78 18 43 70 44 13 41 36 29 28 26 61 4 39 38 19,heads,regular,2
2022-10-25T16:48:00Z,291,16 21 5 51 78 59 42 14 54 32 28 7 76 40 25 34 19 77 33 29,heads,regular,3
2022-10-25T16:51:00Z,292,35 42 45 47 13 18 57 63 4 14 34 6 76 50 56 48 24 1 71 67,tails,regular,2
2022-10-25T16:54:00Z,293,38 50 52 33 29 64 37 69 62 7 44 76 26 41 65 78 60 56 11 13,tails,major,1
2022-10-25T16:57:00Z,294,67 11 39 43 77 10 72 38 40 41 17 51 3 71 6 27 15 66 25 12,heads,regular,2
2022-10-25T17:00:00Z,296,47 68 75 52 38 66 72 8 19 42 18 56 67 29 45 50 48 17 69 62,tails,regular,2
2022-10-25T17:03:00Z,297,69 63 77 34 70 28 10 52 49 68 50 36 9 2 47 78 45 14 67 13,tails,regular,3
2022-10-25T17:06:00Z,298,10 17 60 29 27 9 34 33 72 70 46 13 28 50 16 68 78 35 58 4,heads,regular,3
2022-10-25T17:09:00Z,299,42 13 8 47 21 28 66 33 19 72 36 55 22 12 18 29 6 40 32 16,heads,regular,1
2022-10-25T17:12:00Z,300,6 12 18 46 3 17 5 63 73 72 41 29 14 58 52 25 50 45 19 54,evens,regular,2
2022-10-25T17:15:00Z,301,72 11 37 7 77 69 28 14 2 19 40 79 71 46 1 38 27 35 10 15,heads,regular,1
2022-10-25T17:18:00Z,302,25 42 34 54 38 80 33 79 19 77 32 14 23 44 15 65 62 53 58 46,tails,major,1
2022-10-25T17:21:00Z,303,28 67 40 70 4 32 19 33 45 9 63 58 55 25 20 38 66 72 5 12,heads,regular,3
2022-10-25T17:24:00Z,305,54 20 41 42 22 39 14 49 7 30 35 6 29 17 38 21 68 47 33 62,heads,regular,1
2022-10-25T17:27:00Z,306,70 1 47 15 3 11 34 44 5 26 68 55 9 56 10 67 51 64 40 63,evens,minor,3
2022-10-25T17:30:00Z,307,63 30 53 17 31 22 71 1 32 70 40 78 23 74 4 12 76 51 24 14,heads,regular,1
2022-10-25T17:33:00Z,308,67 71 65 56 45 6 60 9 1 61 32 7 72 54 25 35 80 69 74 16,tails,regular,1
2022-10-25T17:36:00Z,309,38 49 32 11 55 40 34 69 30 71 41 21 24 37 25 22 58 7 43 76,heads,regular,1
2022-10-25T17:39:00Z,310,11 9 56 40 33 39 21 58 30 41 23 4 49 34 61 27 63 72 59 35,heads,regular,1
2022-10-25T17:42:00Z,311,53 76 68 58 19 25 59 27 64 26 62 37 52 75 66 1 77 22 61 15,tails,regular,1
2022-10-25T17:45:00Z,312,24 1 10 79 72 62 60 23 36 38 21 58 55 25 29 12 15 63 20 80,heads,regular,1
2022-10-25T17:48:00Z,314,32 21 46 79 74 73 61 63 71 69 75 16 67 6 28 62 30 53 15 19,tails,regular,2
2022-10-25T17:51:00Z,315,8 6 70 34 71 79 20 67 2 42 15 4 72 53 13 46 24 76 40 44,evens,regular,1
2022-10-25T17:54:00Z,316,46 29 3 1 59 74 57 68 79 49 37 5 45 40 10 8 56 11 25 35,heads,regular,1
2022-10-25T17:57:00Z,317,10 29 76 18 11 57 16 40 68 20 72 61 79 19 63 6 69 36 51 55,evens,minor,3
2022-10-25T18:00:00Z,318,36 22 16 42 19 18 73 61 51 50 74 66 48 58 79 47 78 54 24 62,tails,regular,1
2022-10-25T18:03:00Z,319,45 39 67 44 9 5 23 28 3 73 19 34 48 61 11 10 24 58 18 2,heads,regular,5
2022-10-25T18:06:00Z,320,51 68 35 9 64 76 34 30 50 63 33 71 41 42 47 14 49 15 46 18,tails,minor,3
2022-10-25T18:09:00Z,321,49 34 4 19 26 53 57 23 11 28 58 47 17 16 15 36 52 21 30 31,heads,regular,2
2022-10-25T18:12:00Z,323,5 27 78 33 79 49 52 6 43 24 14 36 44 72 74 15 9 69 61 38,evens,regular,1
2022-10-25T18:15:00Z,324,36 63 76 73 61 40 70 52 51 28 55 18 57 26 72 54 9 22 14 68,tails,regular,3
2022-10-25T18:18:00Z,325,63 8 55 58 65 75 27 77 31 52 33 4 47 7 39 62 41 79 35 22,tails,regular,2
2022-10-25T18:21:00Z,326,3 28 17 24 69 14 72 78 15 68 27 19 37 13 60 77 35 75 73 43,heads,minor,1
2022-10-25T18:24:00Z,327,78 36 55 4 68 42 26 21 45 1 64 8 32 34 61 12 46 40 56 71,evens,regular,1
2022-10-25T18:27:00Z,328,31 55 79 59 2 65 50 39 33 74 19 7 46 25 29 76 34 10 43 16,heads,regular,1
2022-10-25T18:30:00Z,329,12 66 69 47 51 42 71 68 16 45 59 19 1 17 6 10 25 22 43 31,evens,regular,3
2022-10-25T18:33:00Z,330,5 45 16 47 41 21 63 15 71 70 20 28 31 67 55 58 1 52 10 35,evens,minor,1
2022-10-25T18:36:00Z,332,58 47 35 13 45 77 27 12 26 66 62 57 1 36 22 39 33 41 32 15,heads,regular,3
2022-10-25T18:39:00Z,333,5 56 12 31 68 48 42 44 37 36 30 58 11 20 17 54 61 80 29 32,heads,regular,2
2022-10-25T18:42:00Z,334,1 67 77 66 18 49 32 24 4 31 70 44 19 21 38 60 51 78 52 3,evens,minor,10
2022-10-25T18:45:00Z,335,27 11 43 17 25 31 79 80 60 36 63 32 26 24 46 6 75 3 7 4,heads,regular,1
2022-10-25T18:48:00Z,336,13 38 70 10 44 59 68 48 72 42 20 6 41 52 34 2 80 23 45 24,tails,regular,2
2022-10-25T18:51:00Z,337,27 39 47 15 71 57 18 54 52 11 22 23 25 20 26 74 48 19 51 68,heads,major,1
2022-10-25T18:54:00Z,338,49 54 70 37 28 79 21 12 3 17 50 42 24 43 15 23 71 44 22 2,heads,minor,1
2022-10-25T18:57:00Z,339,1 3 58 16 29 23 79 6 22 54 78 48 60 8 27 67 17 50 68 2,heads,regular,3
2022-10-25T19:00:00Z,341,5 17 10 58 52 9 53 75 20 27 31 49 79 70 67 72 68 28 47 45,tails,regular,2
2022-10-25T19:03:00Z,342,48 18 76 47 61 15 26 16 11 30 9 44 17 66 63 54 42 56 39 50,tails,major,1
2022-10-25T19:06:00Z,343,65 33 77 11 66 53 57 36 31 40 23 25 21 46 2 16 9 22 10 27,heads,regular,3
2022-10-25T19:09:00Z,344,43 39 56 54 38 79 63 77 36 72 65 3 17 5 9 32 23 1 55 44,evens,minor,2
2022-10-25T19:12:00Z,345,43 58 44 72 53 9 10 6 65 52 49 41 66 7 34 61 8 38 31 20,tails,major,1
2022-10-25T19:15:00Z,346,58 79 39 43 28 6 71 55 46 33 78 15 9 65 12 23 48 36 31 24,heads,regular,3
2022-10-25T19:18:00Z,347,37 27 22 51 34 10 28 33 63 67 48 53 68 31 13 18 35 66 54 2,heads,minor,2
2022-10-25T19:21:00Z,348,8 67 14 1 26 80 70 48 52 38 30 68 58 21 27 17 11 6 61 74,heads,regular,2
2022-10-25T19:24:00Z,350,52 3 18 50 66 13 70 58 53 32 7 16 30 56 46 63 1 60 77 24,tails,regular,2
2022-10-25T19:27:00Z,351,30 28 9 78 14 72 77 41 80 39 10 69 76 18 45 56 16 6 4 20,heads,major,1
2022-10-25T19:30:00Z,352,3 2 54 52 77 50 14 76 42 11 41 21 74 20 56 68 4 25 28 26,evens,regular,3
2022-10-25T19:33:00Z,353,41 12 46 67 45 19 78 79 57 25 15 66 10 44 4 23 26 24 13 22,heads,regular,3
2022-10-25T19:36:00Z,354,40 58 42 72 53 43 13 57 4 18 2 71 56 65 38 67 20 25 49 55,tails,major,4
2022-10-25T19:39:00Z,355,15 63 59 51 24 39 37 32 30 78 52 28 74 20 40 54 49 2 58 1,heads,major,2
2022-10-25T19:42:00Z,356,61 16 43 23 38 44 75 51 79 19 15 60 26 17 29 37 11 56 72 55,evens,major,1
2022-10-25T19:45:00Z,357,6 42 36 29 66 3 73 52 9 1 28 15 39 13 44 45 72 54 18 14,heads,major,1
2022-10-25T19:48:00Z,359,15 48 41 19 16 45 58 55 2 5 72 23 54 63 24 56 7 57 8 3,evens,regular,1
2022-10-25T19:51:00Z,360,29 10 51 62 44 48 14 42 55 59 74 33 72 23 9 3 71 56 75 8,tails,regular,4
2022-10-25T19:54:00Z,361,43 17 1 63 10 77 14 34 13 69 49 53 62 73 5 47 41 32 11 46,tails,minor,2
2022-10-25T19:57:00Z,362,45 52 5 36 16 28 31 65 10 1 78 57 73 39 56 51 46 7 47 63,tails,major,2
2022-10-25T20:00:00Z,363,41 39 19 7 35 34 80 17 8 40 2 76 58 60 20 56 78 37 42 54,heads,regular,2
2022-10-25T20:03:00Z,364,13 31 25 62 70 39 69 59 48 4 21 28 42 1 40 45 38 30 75 34,heads,regular,3
2022-10-25T20:06:00Z,365,39 8 76 1 13 11 24 64 57 31 69 74 78 70 53 33 35 19 32 75,heads,regular,4
2022-10-25T20:09:00Z,366,60 62 69 27 34 52 38 16 19 72 25 18 20 21 47 30 2 41 56 35,heads,regular,3
2022-10-25T20:12:00Z,368,73 16 74 75 79 22 41 80 60 48 12 72 65 76 34 54 6 35 19 70,tails,regular,1
2022-10-25T20:15:00Z,369,12 66 44 28 55 9 75 80 65 79 11 49 67 54 7 1 57 60 16 64,tails,regular,1
2022-10-25T20:18:00Z,370,33 41 10 17 60 16 64 18 68 2 50 27 5 66 22 32 30 65 58 34,heads,minor,1
2022-10-25T20:21:00Z,371,27 26 8 11 22 74 70 24 21 51 2 39 1 29 48 17 44 79 25 3,heads,regular,5
2022-10-25T20:24:00Z,372,44 71 7 17 22 10 26 14 35 60 54 47 69 39 34 29 58 61 48 79,evens,regular,3
2022-10-25T20:27:00Z,373,45 53 57 8 75 21 67 16 76 10 23 18 31 36 2 11 41 71 30 32,heads,regular,1
2022-10-25T20:30:00Z,374,4 79 73 48 11 47 23 14 12 50 31 8 55 17 65 10 71 2 45 21,heads,regular,1
2022-10-25T20:33:00Z,375,76 41 31 4 50 79 74 54 66 11 35 20 53 36 15 14 32 24 3 17,heads,regular,2
2022-10-25T20:36:00Z,377,30 67 74 5 27 77 6 29 33 64 54 75 44 23 65 8 40 41 31 15,heads,minor,1
2022-10-25T20:39:00Z,378,67 29 48 31 21 32 10 18 50 75 51 35 79 80 7 72 55 2 37 24,heads,minor,10
2022-10-25T20:42:00Z,379,34 10 53 47 49 24 29 54 38 68 55 36 60 6 16 48 67 9 43 32,evens,regular,1
2022-10-25T20:45:00Z,380,5 48 22 58 51 7 31 64 55 74 36 57 69 47 46 80 35 15 41 70,tails,major,1
2022-10-25T20:48:00Z,381,22 30 64 77 26 41 76 34 14 43 72 11 24 36 16 39 44 12 32 27,heads,regular,3
2022-10-25T20:51:00Z,382,15 46 80 65 73 25 14 27 47 67 23 12 74 29 26 71 45 55 51 50,tails,minor,1
2022-10-25T20:54:00Z,383,69 46 22 5 19 18 23 21 64 3 76 20 63 80 31 49 50 70 7 13,heads,regular,2
2022-10-25T20:57:00Z,384,4 22 43 48 47 70 54 21 11 33 76 34 75 46 80 32 73 53 17 79,tails,regular,3
2022-10-25T21:00:00Z,386,10 21 43 48 70 51 59 3 80 34 25 68 58 6 47 16 28 5 67 22,evens,regular,3
2022-10-25T21:03:00Z,387,44 7 58 71 73 23 27 10 1 57 49 39 30 62 47 46 4 43 34 33,evens,regular,4
2022-10-25T21:06:00Z,388,32 9 13 68 25 77 37 5 27 22 6 63 59 53 12 61 34 17 24 3,heads,regular,10
2022-10-25T21:09:00Z,389,11 53 80 57 10 23 40 5 27 77 44 68 75 78 28 29 63 51 79 32,tails,regular,2
2022-10-25T21:12:00Z,390,41 7 14 77 31 70 73 6 60 68 9 4 47 38 30 54 80 51 53 57,tails,regular,3
2022-10-25T21:15:00Z,391,31 23 36 19 77 38 22 12 18 57 50 72 15 80 42 66 8 64 4 33,heads,major,1
2022-10-25T21:18:00Z,392,53 43 24 58 12 16 15 5 9 57 65 10 37 68 28 77 69 34 80 36,heads,regular,3
2022-10-25T21:21:00Z,393,14 75 74 46 53 45 2 5 27 49 39 60 64 1 3 77 35 11 28 73,evens,minor,2
2022-10-25T21:24:00Z,395,58 74 23 59 6 16 44 3 37 53 17 5 69 67 57 68 20 10 32 71,evens,regular,1
2022-10-25T21:27:00Z,396,79 77 46 18 51 20 63 61 39 65 58 71 24 35 47 34 16 76 7 44,tails,minor,3
2022-10-25T21:30:00Z,397,76 26 8 2 7 28 11 59 49 68 56 67 78 15 65 57 1 70 75 74,tails,minor,1
2022-10-25T21:33:00Z,398,68 57 79 42 38 3 75 59 35 4 80 78 43 61 53 8 69 65 11 30,tails,minor,3
2022-10-25T21:36:00Z,399,73 46 14 56 27 70 8 63 28 57 67 9 64 13 43 4 78 6 37 25,evens,major,1
2022-10-25T21:39:00Z,400,58 8 41 66 36 23 17 65 33 51 55 75 2 14 68 78 40 29 53 48,tails,regular,2
2022-10-25T21:42:00Z,401,18 22 63 23 73 34 19 50 75 35 55 59 13 58 36 69 57 7 11 43,evens,regular,1
2022-10-25T21:45:00Z,402,49 37 42 47 11 28 31 76 8 40 24 69 34 73 29 43 27 25 54 65,heads,regular,1
2022-10-25T21:48:00Z,404,16 19 13 3 50 66 1 43 52 49 9 62 42 47 59 34 4 25 32 74,evens,minor,2
2022-10-25T21:51:00Z,405,69 50 40 61 47 55 5 3 73 46 16 71 35 26 25 52 49 48 13 77,tails,regular,1
2022-10-25T21:54:00Z,406,19 4 52 5 10 48 26 41 80 40 11 31 50 38 2 7 18 78 60 36,heads,regular,1
2022-10-25T21:57:00Z,407,73 71 65 13 4 69 8 5 6 36 62 27 38 44 53 34 24 20 67 68,heads,minor,3
2022-10-25T22:00:00Z,408,45 78 61 59 43 17 50 65 11 29 46 3 53 8 27 7 48 25 49 52,tails,regular,2
2022-10-25T22:03:00Z,409,2 71 14 9 28 41 17 24 62 7 38 39 51 66 80 15 56 33 74 23,heads,regular,3
2022-10-25T22:06:00Z,410,55 65 62 35 74 54 4 41 29 17 63 16 40 72 14 60 30 42 64 1,tails,regular,4
2022-10-25T22:09:00Z,411,57 8 13 15 36 68 20 18 54 58 46 26 72 40 56 4 80 24 7 66,heads,regular,1
2022-10-25T22:12:00Z,413,63 28 9 37 66 27 50 12 74 48 38 44 40 32 67 78 73 30 18 76,evens,minor,1
2022-10-25T22:15:00Z,414,45 57 23 75 65 61 73 77 29 1 36 79 78 31 71 74 20 32 24 14,tails,regular,1
2022-10-25T22:18:00Z,415,34 26 64 7 72 55 1 41 13 3 22 11 71 49 79 52 54 43 25 78,tails,regular,1
2022-10-25T22:21:00Z,416,22 36 76 31 19 51 40 43 28 32 58 54 16 68 29 10 33 79 3 13,heads,regular,1
2022-10-25T22:24:00Z,417,40 52 16 6 62 14 58 31 12 78 25 4 67 49 65 37 33 2 76 60,heads,minor,3
2022-10-25T22:27:00Z,418,79 19 14 40 26 15 13 74 1 37 31 30 28 67 65 25 48 34 52 59,heads,regular,3
2022-10-25T22:30:00Z,419,57 21 43 64 35 44 61 40 30 16 73 45 68 12 51 53 18 74 29 36,tails,regular,3
2022-10-25T22:33:00Z,420,35 13 64 75 5 78 36 11 47 26 80 40 48 25 1 73 55 15 27 39,heads,minor,1
2022-10-25T22:36:00Z,422,42 48 55 56 61 45 13 64 18 66 38 41 58 69 11 51 62 35 52 49,tails,minor,1
2022-10-25T22:39:00Z,423,73 21 60 25 19 50 45 58 24 62 78 27 29 35 16 74 43 55 69 52,tails,regular,5
2022-10-25T22:42:00Z,424,66 48 34 41 73 62 58 75 51 80 15 53 21 33 74 23 45 1 39 6,tails,minor,2
2022-10-25T22:45:00Z,425,42 13 70 32 65 52 7 50 68 25 37 26 3 27 63 16 72 39 10 75,heads,regular,1
2022-10-25T22:48:00Z,426,70 67 76 13 46 69 37 48 34 61 1 20 51 47 60 31 43 38 29 41,tails,regular,2
2022-10-25T22:51:00Z,427,53 25 78 19 61 52 63 39 20 14 37 10 35 75 48 72 15 12 67 22,heads,regular,2
2022-10-25T22:54:00Z,428,66 10 5 53 49 75 20 60 68 70 52 7 14 34 44 12 29 63 79 6,tails,regular,3
2022-10-25T22:57:00Z,429,2 74 8 15 55 7 79 65 59 33 51 16 36 58 77 53 42 41 66 45,tails,regular,2
2022-10-25T23:00:00Z,431,20 80 66 58 4 27 57 2 22 45 73 70 52 68 3 7 72 6 62 19,tails,regular,1
2022-10-25T23:03:00Z,432,8 75 78 31 68 33 37 51 60 56 63 76 48 65 69 21 46 26 12 18,tails,regular,2
2022-10-25T23:06:00Z,433,33 73 3 44 70 36 67 74 38 54 42 66 75 16 11 12 7 39 40 1,heads,regular,2
2022-10-25T23:09:00Z,434,59 62 70 67 41 31 36 61 10 28 77 39 45 48 71 1 42 13 52 46,tails,regular,1
2022-10-25T23:12:00Z,435,37 70 9 29 14 57 23 24 13 5 22 54 77 66 41 59 34 26 30 52,heads,minor,2
2022-10-25T23:15:00Z,436,24 21 17 22 46 14 66 44 73 30 50 4 10 77 43 31 52 57 34 61,evens,regular,2
2022-10-25T23:18:00Z,437,63 58 5 28 55 68 56 59 69 15 62 38 30 17 60 45 43 14 35 23,tails,regular,2
2022-10-25T23:21:00Z,438,26 66 42 58 19 24 44 29 23 17 3 55 67 79 20 62 70 56 21 43,tails,regular,3
2022-10-25T23:24:00Z,440,54 49 33 74 69 17 40 47 56 20 46 78 3 26 68 45 63 34 10 60,tails,minor,1
2022-10-25T23:27:00Z,441,74 57 27 7 19 12 66 56 30 2 43 34 71 41 33 17 13 36 62 65,heads,regular,1
2022-10-25T23:30:00Z,442,34 75 70 12 51 78 41 7 80 48 74 23 19 79 66 26 8 62 72 76,tails,regular,3
2022-10-25T23:33:00Z,443,17 11 29 21 68 26 19 69 25 48 79 66 15 61 30 8 10 62 64 71,heads,regular,3
2022-10-25T23:36:00Z,444,36 10 61 19 14 33 40 12 38 76 29 71 59 25 43 54 18 62 44 34,heads,regular,1
2022-10-25T23:39:00Z,445,38 23 59 10 50 18 53 2 51 3 26 46 52 55 43 11 27 20 14 36,heads,minor,3
2022-10-25T23:42:00Z,446,39 28 66 7 30 31 44 5 45 51 12 43 79 14 6 57 63 61 50 47,tails,regular,1
2022-10-25T23:45:00Z,447,77 70 34 16 68 40 3 58 7 19 41 18 75 65 2 49 14 46 64 12,evens,regular,1
2022-10-25T23:48:00Z,449,62 22 3 66 63 46 9 73 74 42 61 13 58 29 70 55 60 2 31 71,tails,minor,1
2022-10-25T23:51:00Z,450,65 32 20 56 26 40 34 78 59 61 37 17 66 2 74 55 80 6 38 1,heads,minor,1
2022-10-25T23:54:00Z,451,22 21 25 29 9 17 77 35 50 54 39 41 20 58 5 74 60 12 52 10,heads,regular,1
2022-10-25T23:57:00Z,452,57 52 44 67 65 79 8 3 24 41 14 15 21 11 30 20 60 51 49 46,tails,regular,3
2022-10-26T00:00:00Z,453,66 1 67 32 20 31 47 6 57 24 18 38 60 22 65 39 33 16 59 23,heads,minor,2
2022-10-26T00:03:00Z,454,25 71 35 23 8 1 76 26 29 50 2 67 74 15 32 20 9 10 72 19,heads,minor,1
2022-10-26T00:06:00Z,455,24 56 69 72 14 16 52 1 36 62 33 78 32 46 48 10 49 55 61 40,tails,regular,1
2022-10-26T00:09:00Z,456,44 76 62 7 30 78 32 31 79 58 65 80 49 47 14 15 66 67 12 53,tails,regular,1
2022-10-26T00:12:00Z,458,17 65 5 28 66 2 78 35 40 79 29 30 70 77 62 60 31 24 9 26,heads,regular,3
2022-10-26T00:15:00Z,459,9 16 28 56 64 59 70 41 30 24 60 21 29 52 39 27 5 14 34 15,heads,regular,1
2022-10-26T00:18:00Z,460,7 37 33 79 1 26 69 43 14 58 48 39 40 53 17 22 56 47 18 68,heads,regular,2
2022-10-26T00:21:00Z,461,38 37 26 16 79 6 76 25 61 48 63 70 3 51 50 8 41 67 5 33,evens,regular,2
2022-10-26T00:24:00Z,462,58 64 71 63 7 11 5 75 20 29 21 76 73 53 9 25 18 80 54 6,evens,regular,1
2022-10-26T00:27:00Z,463,29 15 78 5 12 73 39 68 72 79 80 46 74 70 44 19 63 16 50 3,tails,major,2
2022-10-26T00:30:00Z,464,32 3 16 36 35 24 9 44 75 17 14 53 79 23 2 58 78 13 15 56,heads,minor,1
2022-10-26T00:33:00Z,465,31 20 5 22 72 74 62 16 56 76 32 61 26 53 68 28 49 21 42 12,evens,minor,3
2022-10-26T00:36:00Z,467,65 5 55 45 16 57 19 63 78 30 71 68 13 43 39 33 73 15 70 75,tails,regular,2
2022-10-26T00:39:00Z,468,80 74 37 64 43 26 16 30 62 28 31 44 3 54 35 55 7 66 11 33,heads,regular,3
2022-10-26T00:42:00Z,469,32 35 19 36 33 42 61 13 54 24 29 60 46 37 5 8 67 44 30 45,heads,regular,3
2022-10-26T00:45:00Z,470,12 18 14 58 65 40 16 70 47 43 27 29 80 46 69 60 49 20 23 13,evens,regular,3
2022-10-26T00:48:00Z,471,9 22 6 69 21 8 12 45 72 53 79 17 58 43 14 60 54 27 16 71,evens,regular,3
2022-10-26T00:51:00Z,472,59 74 17 9 11 47 29 44 40 4 16 25 49 77 23 51 48 24 32 64,heads,major,1
2022-10-26T00:54:00Z,473,71 22 24 46 65 62 80 60 14 73 25 52 43 10 30 75 7 79 1 12,tails,major,4
2022-10-26T00:57:00Z,474,40 77 42 19 15 60 8 13 14 44 1 24 35 70 30 61 72 6 59 21,heads,regular,1
2022-10-26T01:00:00Z,476,70 75 53 45 20 80 29 76 26 67 23 72 79 30 68 4 21 54 50 1,tails,regular,1
2022-10-26T01:03:00Z,477,17 79 75 9 21 70 52 68 19 54 80 61 64 73 4 20 49 69 28 36,tails,regular,2
2022-10-26T01:06:00Z,478,37 22 36 18 45 48 20 27 71 53 15 77 30 34 80 66 35 68 46 43,evens,minor,2
2022-10-26T01:09:00Z,479,36 8 23 63 60 78 41 77 45 47 29 14 9 70 44 32 50 59 49 73,tails,minor,1
2022-10-26T01:12:00Z,480,18 45 62 75 59 74 28 43 32 15 12 37 76 16 63 58 26 30 80 25,evens,minor,1
2022-10-26T01:15:00Z,481,18 33 30 45 20 59 62 14 73 51 27 53 46 72 28 80 39 76 31 70,tails,regular,10
2022-10-26T01:18:00Z,482,49 62 26 39 5 38 1 18 43 34 13 12 40 69 68 75 47 36 35 11,heads,minor,10
2022-10-26T01:21:00Z,483,74 30 66 39 1 23 62 47 27 40 8 68 52 33 53 14 49 63 72 10,evens,regular,1
2022-10-26T01:24:00Z,485,21 22 78 75 39 10 50 8 14 23 49 37 34 4 48 25 47 3 7 77,heads,regular,1
2022-10-26T01:27:00Z,486,75 7 23 80 34 9 66 64 29 55 73 17 18 37 61 16 19 78 50 13,heads,regular,3
2022-10-26T01:30:00Z,487,59 2 46 48 77 74 19 69 37 49 70 15 35 17 55 1 6 27 57 21,evens,minor,2
2022-10-26T01:33:00Z,488,75 64 63 66 39 45 55 80 46 9 58 41 33 51 62 3 27 19 2 16,tails,regular,1
2022-10-26T01:36:00Z,489,39 45 54 8 2 19 77 52 17 76 60 59 75 4 44 5 6 30 58 29,evens,regular,1
2022-10-26T01:39:00Z,490,77 31 47 59 8 28 10 19 14 17 39 53 72 30 46 49 74 60 42 37,evens,regular,1
2022-10-26T01:42:00Z,491,63 65 53 45 75 70 78 10 44 71 41 43 38 8 62 28 66 4 1 6,tails,minor,2
2022-10-26T01:45:00Z,492,3 66 73 25 31 39 34 1 61 9 42 6 67 16 11 56 44 29 5 19,heads,minor,3
2022-10-26T01:48:00Z,494,32 20 8 15 57 49 42 51 75 60 77 52 41 64 34 74 65 10 73 72,tails,regular,10
2022-10-26T01:51:00Z,495,79 17 75 63 2 65 43 55 5 24 18 74 41 8 57 60 80 67 7 44,tails,regular,1
2022-10-26T01:54:00Z,496,37 17 52 22 77 62 35 79 9 21 54 5 75 7 61 69 68 66 65 57,tails,regular,1
2022-10-26T01:57:00Z,497,64 53 13 21 31 41 12 65 54 77 32 52 4 62 73 34 16 42 70 40,tails,minor,3
2022-10-26T02:00:00Z,498,11 17 66 36 25 30 56 60 29 24 54 74 68 77 46 80 72 65 47 45,tails,minor,3
2022-10-26T02:03:00Z,499,35 11 14 41 16 69 51 60 8 52 12 15 43 10 68 75 79 29 9 76,evens,regular,1
2022-10-26T02:06:00Z,500,70 15 10 5 47 16 19 33 41 57 7 2 13 35 50 66 72 27 34 78,heads,minor,1
2022-10-26T02:09:00Z,501,21 31 44 15 38 49 53 55 48 61 45 14 24 18 52 40 28 27 17 4,heads,regular,10
2022-10-26T02:12:00Z,503,25 60 66 18 62 41 37 74 30 78 5 15 35 79 38 59 32 20 33 34,heads,regular,3
2022-10-26T02:15:00Z,504,44 4 52 28 2 59 51 21 43 69 26 46 14 73 42 76 5 22 70 33,tails,regular,2
2022-10-26T02:18:00Z,505,39 74 50 77 46 24 19 20 41 17 10 1 6 23 7 18 16 65 44 52,heads,regular,1
2022-10-26T02:21:00Z,506,27 7 17 74 69 36 68 28 48 37 43 42 15 1 5 14 57 23 4 58,heads,regular,1
2022-10-26T02:24:00Z,507,24 15 71 5 59 58 75 41 72 14 16 7 22 25 1 3 77 65 46 35,heads,regular,2
2022-10-26T02:27:00Z,508,47 33 76 30 2 53 65 16 10 58 19 45 23 22 61 43 24 32 40 74,heads,regular,1
2022-10-26T02:30:00Z,509,55 32 45 70 15 26 19 46 59 69 79 76 29 27 73 14 49 24 7 44,tails,regular,1
2022-10-26T02:33:00Z,510,30 26 60 73 56 28 22 8 21 62 49 53 72 59 55 80 58 44 69 71,tails,regular,2
2022-10-26T02:36:00Z,512,3 15 19 60 37 41 74 78 42 68 18 5 59 25 38 26 16 40 70 48,heads,regular,5
2022-10-26T02:39:00Z,513,30 41 44 52 78 48 10 59 57 79 37 65 7 39 12 40 69 67 73 9,tails,minor,3
2022-10-26T02:42:00Z,514,9 24 68 6 74 78 36 2 46 45 5 17 64 37 33 32 65 41 75 77,evens,regular,1
2022-10-26T02:45:00Z,515,12 69 29 4 80 72 20 2 58 59 78 8 33 3 76 56 55 35 79 65,tails,major,1
2022-10-26T02:48:00Z,516,18 9 50 37 51 78 15 13 63 64 53 26 52 7 14 67 28 2 55 27,heads,regular,3
2022-10-26T02:51:00Z,517,62 44 76 33 37 19 21 77 23 42 28 14 32 50 48 15 20 30 5 59,heads,regular,2
2022-10-26T02:54:00Z,518,40 77 79 28 20 17 55 37 43 61 27 1 56 57 9 2 66 34 69 35,heads,regular,1
2022-10-26T02:57:00Z,519,24 61 77 58 72 27 46 60 50 36 7 3 26 20 62 65 51 18 52 4,tails,regular,2
2022-10-26T03:00:00Z,521,59 19 18 38 47 8 14 28 39 30 46 34 31 61 74 55 54 23 2 73,heads,regular,2
2022-10-26T03:03:00Z,522,59 44 55 71 11 13 28 31 78 50 19 40 25 35 52 79 39 46 63 7,evens,regular,2
2022-10-26T03:06:00Z,523,39 5 35 54 34 12 55 59 3 32 21 52 50 67 45 26 8 16 76 1,heads,regular,2
2022-10-26T03:09:00Z,524,76 27 52 15 22 69 53 55 24 49 29 59 9 54 46 28 13 21 18 64,evens,regular,1
2022-10-26T03:12:00Z,525,73 48 28 53 47 57 75 78 38 39 37 40 76 10 15 49 50 55 51 1,tails,regular,3
2022-10-26T03:15:00Z,526,70 23 6 18 26 71 19 27 12 68 59 7 1 52 34 9 67 10 42 16,heads,minor,3
2022-10-26T03:18:00Z,527,31 65 44 40 1 47 48 60 14 34 35 8 64 41 25 3 54 42 55 33,evens,regular,3
2022-10-26T03:21:00Z,528,57 55 44 51 5 58 39 54 31 33 78 41 4 62 7 28 12 1 59 52,tails,regular,2
2022-10-26T03:24:00Z,530,1 17 49 11 4 3 65 47 50 45 31 67 66 41 68 55 12 33 62 27,tails,regular,5
2022-10-26T03:27:00Z,531,20 6 66 76 63 35 48 46 53 40 75 30 39 64 73 55 10 13 17 32,evens,regular,1
2022-10-26T03:30:00Z,532,76 14 37 64 33 78 66 73 42 68 48 79 4 23 18 39 46 2 36 30,evens,regular,3
2022-10-26T03:33:00Z,533,23 47 19 61 21 39 14 3 28 68 52 62 25 80 13 10 53 54 46 78,evens,regular,3
2022-10-26T03:36:00Z,534,61 19 78 27 43 47 52 80 41 50 17 34 58 14 39 55 49 30 64 68,tails,regular,1
2022-10-26T03:39:00Z,535,32 15 65 1 4 5 2 67 26 38 18 7 12 3 50 56 14 8 45 47,heads,major,3
2022-10-26T03:42:00Z,536,26 2 73 29 63 54 7 1 67 22 42 59 30 65 55 48 78 23 66 68,tails,regular,2
2022-10-26T03:45:00Z,537,50 58 75 70 71 68 48 39 51 42 57 6 37 20 47 7 29 2 31 40,tails,major,4
2022-10-26T03:48:00Z,539,27 54 79 63 8 5 47 80 62 13 24 56 15 20 23 77 42 29 17 44,evens,major,1
2022-10-26T03:51:00Z,540,2 21 28 62 60 38 50 54 72 47 63 79 78 5 17 58 36 77 73 15,tails,major,2
2022-10-26T03:54:00Z,541,25 1 5 16 39 72 12 55 27 4 26 75 70 44 41 32 15 65 66 30,heads,regular,3
2022-10-26T03:57:00Z,542,65 71 21 51 15 22 78 38 17 42 49 37 7 53 61 76 75 8 55 36,tails,minor,1
2022-10-26T04:00:00Z,543,25 49 27 73 61 41 40 55 59 35 76 58 1 11 38 16 50 6 62 21,evens,regular,3
2022-10-26T04:03:00Z,544,60 2 33 51 56 16 67 24 76 14 41 19 71 35 11 54 45 32 39 50,evens,regular,3
2022-10-26T04:06:00Z,545,8 17 10 59 54 40 41 39 74 14 78 7 67 43 21 13 16 15 57 23,heads,regular,2
2022-10-26T04:09:00Z,546,72 14 59 4 23 45 25 80 26 55 47 56 39 60 8 70 5 37 65 40,evens,major,4
2022-10-26T04:12:00Z,548,34 32 23 41 70 25 33 1 11 10 50 30 80 79 3 24 67 73 27 39,heads,regular,2
2022-10-26T04:15:00Z,549,6 50 74 64 30 56 66 38 39 49 55 21 48 24 44 14 45 5 18 72,tails,regular,1
2022-10-26T04:18:00Z,550,20 74 39 72 64 29 75 15 44 67 36 8 60 43 70 16 21 6 13 66,evens,regular,4
2022-10-26T04:21:00Z,551,70 27 35 61 74 2 63 79 71 33 45 46 60 19 16 24 36 51 14 3,evens,minor,3
2022-10-26T04:24:00Z,552,36 64 60 44 48 55 20 73 77 17 3 50 6 9 45 32 7 23 53 39,evens,regular,3
2022-10-26T04:27:00Z,553,66 76 55 57 25 52 18 63 33 17 53 8 43 65 30 44 41 14 80 7,tails,minor,1
2022-10-26T04:30:00Z,554,12 22 67 36 20 26 49 47 54 63 6 48 73 72 60 24 19 3 58 10,evens,minor,4
2022-10-26T04:33:00Z,555,52 72 20 16 43 33 25 67 34 29 13 62 54 4 38 45 58 79 31 59,evens,regular,1
2022-10-26T04:36:00Z,557,56 75 50 9 49 78 77 26 66 74 68 80 22 73 21 58 35 11 4 20,tails,minor,2
2022-10-26T04:39:00Z,558,35 15 29 48 66 14 40 1 44 21 45 47 16 2 34 5 64 38 36 30,heads,regular,1
2022-10-26T04:42:00Z,559,33 68 5 38 58 74 45 14 31 53 70 30 42 12 1 7 55 34 73 76,evens,regular,2
2022-10-26T04:45:00Z,560,24 80 3 33 39 23 52 13 30 72 28 53 20 9 74 61 48 41 27 49,heads,regular,3
2022-10-26T04:48:00Z,561,4 46 59 6 51 37 33 58 48 23 16 5 36 41 63 47 66 75 76 50,tails,regular,2
2022-10-26T04:51:00Z,562,64 50 52 37 47 35 70 2 25 78 17 73 28 48 21 74 14 19 57 32,evens,regular,2
2022-10-26T04:54:00Z,563,79 40 26 68 20 57 49 6 51 61 71 22 47 36 15 7 21 42 34 73,evens,regular,2
2022-10-26T04:57:00Z,564,13 19 42 66 38 24 72 8 75 31 67 6 78 25 22 7 27 45 47 57,heads,minor,4
2022-10-26T05:00:00Z,566,46 20 40 60 9 39 43 30 23 32 21 12 45 6 79 68 69 35 4 28,heads,minor,1
2022-10-26T05:03:00Z,567,77 44 26 3 37 72 59 76 68 41 25 70 30 14 33 24 8 38 28 4,heads,regular,2
2022-10-26T05:06:00Z,568,77 18 55 75 78 59 26 9 45 1 16 74 56 44 48 70 67 47 58 52,tails,regular,1
2022-10-26T05:09:00Z,569,26 22 75 38 40 43 1 14 59 20 42 45 5 17 80 57 9 10 69 47,heads,regular,1
2022-10-26T05:12:00Z,570,17 26 8 18 37 43 31 67 63 59 34 39 20 79 80 44 36 69 77 16,heads,regular,3
2022-10-26T05:15:00Z,571,64 26 10 11 80 25 33 40 75 31 30 1 57 72 65 43 66 54 61 32,evens,regular,3
2022-10-26T05:18:00Z,572,18 12 34 37 54 19 47 58 68 66 77 25 30 46 10 21 8 73 6 75,heads,minor,2
2022-10-26T05:21:00Z,573,25 22 4 58 44 41 6 69 15 63 65 53 79 40 18 70 59 37 13 31,evens,regular,1
2022-10-26T05:24:00Z,575,35 73 36 19 25 7 54 33 44 74 10 51 30 6 48 56 76 23 50 62,evens,regular,1
2022-10-26T05:27:00Z,576,27 54 29 23 68 63 7 16 58 46 31 8 43 77 70 26 73 34 64 62,tails,regular,1
2022-10-26T05:30:00Z,577,2 31 36 68 39 26 54 22 73 65 59 20 12 24 63 76 41 48 10 47,evens,regular,3
2022-10-26T05:33:00Z,578,60 23 73 69 71 20 57 18 67 66 78 30 17 24 76 61 6 26 40 77,tails,regular,2
2022-10-26T05:36:00Z,579,74 30 23 2 77 37 19 15 44 41 29 66 79 51 54 69 1 78 28 57,tails,minor,1
2022-10-26T05:39:00Z,580,61 36 75 63 15 73 46 8 10 35 74 78 44 29 30 68 62 31 65 3,tails,regular,2
2022-10-26T05:42:00Z,581,75 15 17 35 48 59 1 13 78 10 74 64 40 16 7 5 58 56 79 72,evens,regular,2
2022-10-26T05:45:00Z,582,18 8 15 16 79 17 2 10 47 49 62 25 40 30 34 36 60 50 75 53,heads,regular,3
2022-10-26T05:48:00Z,584,12 75 53 59 27 38 56 22 43 49 70 74 4 24 33 41 73 64 39 10,tails,regular,1
2022-10-26T05:51:00Z,585,20 37 24 4 66 21 30 28 33 60 17 8 44 3 49 12 6 10 46 14,heads,minor,10
2022-10-26T05:54:00Z,586,61 34 77 68 10 20 4 65 33 41 12 23 60 50 38 52 22 7 28 73,heads,regular,1
2022-10-26T05:57:00Z,587,30 1 24 69 76 26 74 31 3 2 6 70 73 62 78 5 67 58 46 18,evens,regular,2
2022-10-26T06:00:00Z,588,21 41 18 9 37 33 34 63 31 51 50 80 47 39 25 70 49 20 12 69,heads,regular,3
2022-10-26T06:03:00Z,589,59 74 51 53 1 25 78 63 19 6 68 18 4 62 47 8 72 64 80 41,tails,major,1
2022-10-26T06:06:00Z,590,69 11 76 50 14 45 64 44 20 79 2 53 59 13 78 65 47 52 28 22,tails,regular,3
2022-10-26T06:09:00Z,591,26 40 3 41 67 52 79 74 64 28 10 21 76 38 15 49 70 34 56 17,evens,regular,2
2022-10-26T06:12:00Z,593,20 8 17 33 4 51 68 37 63 64 22 10 32 79 25 29 15 9 75 73,heads,regular,2
2022-10-26T06:15:00Z,594,55 73 21 42 4 46 18 34 68 28 22 30 35 78 39 31 43 23 41 79,heads,regular,2
2022-10-26T06:18:00Z,595,51 78 73 76 72 60 75 52 38 21 53 56 57 74 5 13 12 39 23 7,tails,major,2
2022-10-26T06:21:00Z,596,5 60 51 1 66 67 74 34 18 78 20 17 72 42 58 30 26 69 41 27,tails,minor,3
2022-10-26T06:24:00Z,597,2 79 34 74 1 47 32 38 53 20 33 51 36 42 71 75 37 25 23 66,heads,regular,2
2022-10-26T06:27:00Z,598,3 1 75 5 24 35 61 42 51 56 16 25 80 63 34 46 12 6 49 68,evens,regular,2
2022-10-26T06:30:00Z,599,26 71 58 8 40 56 38 19 15 4 49 21 78 39 75 54 67 10 25 52,heads,minor,10
2022-10-26T06:33:00Z,600,27 61 31 15 48 51 62 67 3 63 29 34 5 66 50 28 54 70 38 46,tails,major,4
2022-10-26T06:36:00Z,602,38 27 41 71 11 54 37 21 13 74 17 67 76 45 6 61 68 39 47 52,tails,minor,2
2022-10-26T06:39:00Z,603,53 1 40 36 39 58 18 22 62 6 12 65 30 26 2 38 51 19 17 27,heads,minor,4
2022-10-26T06:42:00Z,604,73 11 22 28 13 35 50 4 56 79 24 51 63 30 53 26 40 46 55 33,heads,regular,1
2022-10-26T06:45:00Z,605,7 20 23 8 45 46 16 70 30 11 28 18 6 72 14 39 73 71 33 5,heads,regular,1
2022-10-26T06:48:00Z,606,29 27 6 73 11 71 15 56 13 35 76 19 42 43 41 51 38 59 37 21,heads,minor,3
2022-10-26T06:51:00Z,607,53 38 57 43 80 59 52 15 6 9 63 48 55 1 4 65 73 29 5 22,tails,regular,2
2022-10-26T06:54:00Z,608,26 13 56 9 32 24 54 5 73 6 50 41 15 21 77 37 51 16 23 66,heads,regular,1
2022-10-26T06:57:00Z,609,53 18 66 41 14 8 26 32 59 52 40 35 47 75 51 20 1 50 37 4,heads,regular,3
2022-10-26T07:00:00Z,611,78 73 35 64 63 77 8 42 12 38 23 24 17 30 1 33 40 2 26 11,heads,minor,1
2022-10-26T07:03:00Z,612,19 68 70 36 53 41 61 39 51 59 35 11 55 25 16 37 2 45 28 69,evens,regular,1
2022-10-26T07:06:00Z,613,41 9 56 48 1 58 44 34 51 77 65 29 47 70 15 50 35 27 17 39,tails,regular,1
2022-10-26T07:09:00Z,614,53 66 47 54 28 29 35 73 78 23 16 19 14 64 30 4 74 38 67 3,heads,regular,1
2022-10-26T07:12:00Z,615,24 31 75 30 12 50 28 21 25 59 18 11 70 44 32 69 27 37 4 41,heads,regular,1
2022-10-26T07:15:00Z,616,10 19 61 46 45 5 14 21 56 80 72 29 63 34 8 31 68 20 7 23,heads,regular,3
2022-10-26T07:18:00Z,617,22 11 33 56 52 23 19 47 74 48 32 38 39 12 64 18 46 7 2 10,heads,regular,1
2022-10-26T07:21:00Z,618,69 63 36 52 73 32 13 51 14 72 10 44 53 49 25 6 62 7 58 2,tails,regular,2
2022-10-26T07:24:00Z,620,60 2 46 28 21 30 80 59 77 47 51 29 11 76 62 66 15 5 18 57,tails,regular,2
2022-10-26T07:27:00Z,621,7 54 46 44 64 21 35 15 51 73 28 69 20 39 72 25 17 11 31 38,heads,minor,2
2022-10-26T07:30:00Z,622,25 70 9 69 66 79 19 35 72 23 63 27 2 49 16 1 44 17 74 62,evens,regular,2
2022-10-26T07:33:00Z,623,65 75 27 20 17 69 44 9 13 41 76 45 55 46 47 6 72 66 60 43,tails,regular,2
2022-10-26T07:36:00Z,624,4 40 14 30 73 22 53 55 75 65 38 31 29 6 37 78 66 13 3 59,heads,regular,2
2022-10-26T07:39:00Z,625,31 75 18 19 38 21 51 22 44 41 56 80 24 40 65 14 76 10 7 58,heads,minor,4
2022-10-26T07:42:00Z,626,26 70 21 69 35 66 52 78 15 1 25 28 36 29 55 16 10 12 23 80,heads,regular,1
2022-10-26T07:45:00Z,627,46 20 30 76 3 54 29 65 21 42 37 59 16 15 56 43 62 66 63 2,tails,minor,10
2022-10-26T07:48:00Z,629,73 49 32 56 38 46 43 44 2 60 75 64 79 13 16 17 35 26 69 66,tails,regular,1
2022-10-26T07:51:00Z,630,30 55 11 39 67 15 58 71 29 68 24 41 33 46 27 8 74 36 1 51,heads,minor,2
2022-10-26T07:54:00Z,631,33 45 19 13 23 18 27 40 21 42 74 35 75 49 11 73 62 29 12 1,heads,regular,2
2022-10-26T07:57:00Z,632,55 51 17 78 60 18 43 66 24 13 38 56 27 69 75 22 49 57 42 79,tails,regular,1
2022-10-26T08:00:00Z,633,22 69 9 32 61 73 41 63 39 1 77 67 20 74 35 4 16 51 80 72,tails,regular,2
2022-10-26T08:03:00Z,634,50 6 58 80 43 38 33 8 12 55 51 76 64 73 49 32 74 66 10 31,tails,regular,1
2022-10-26T08:06:00Z,635,59 56 57 10 31 68 14 36 78 79 80 22 12 47 71 55 42 41 75 60,tails,regular,3
2022-10-26T08:09:00Z,636,42 30 61 49 60 51 72 18 4 20 17 11 53 54 10 33 15 77 40 21,heads,regular,2
2022-10-26T08:12:00Z,638,54 5 21 23 35 6 78 7 16 18 48 38 64 59 45 63 10 66 30 47,heads,regular,1
2022-10-26T08:15:00Z,639,60 72 57 3 55 50 34 54 4 35 29 13 12 2 36 67 23 52 65 64,evens,minor,3
2022-10-26T08:18:00Z,640,41 71 20 78 1 29 50 10 24 22 61 16 40 12 57 28 51 6 8 74,heads,regular,5
2022-10-26T08:21:00Z,641,54 70 65 80 61 68 21 48 24 25 32 62 9 38 18 29 30 46 23 35,heads,regular,4
2022-10-26T08:24:00Z,642,44 9 60 65 45 2 42 50 22 75 67 43 40 16 61 72 26 12 5 76,tails,minor,1
2022-10-26T08:27:00Z,643,35 46 63 42 49 29 69 50 67 32 20 64 75 70 34 33 5 40 45 18,tails,minor,3
2022-10-26T08:30:00Z,644,53 80 44 71 61 17 43 3 8 24 56 70 38 42 30 5 79 34 33 64,tails,regular,1
2022-10-26T08:33:00Z,645,6 23 9 66 18 20 80 68 73 55 63 47 29 31 79 19 25 33 4 7,heads,regular,1
2022-10-26T08:36:00Z,647,80 72 77 75 8 4 54 21 34 3 23 70 53 78 19 18 14 29 32 51,heads,regular,1
2022-10-26T08:39:00Z,648,16 78 62 4 63 56 3 75 53 79 48 57 50 69 33 76 24 19 26 25,tails,minor,3
2022-10-26T08:42:00Z,649,12 77 47 26 54 69 67 13 55 24 40 70 76 11 5 23 2 14 43 10,heads,regular,2
2022-10-26T08:45:00Z,650,72 37 35 56 74 22 14 73 43 71 2 51 25 21 6 8 15 65 47 26,heads,minor,3
2022-10-26T08:48:00Z,651,38 71 57 18 56 1 62 74 68 45 53 64 42 65 72 24 23 44 69 32,tails,regular,1
2022-10-26T08:51:00Z,652,43 70 27 51 76 46 72 18 5 20 73 60 10 6 75 71 47 57 48 17,tails,minor,1
2022-10-26T08:54:00Z,653,43 26 65 78 53 58 74 77 14 71 7 44 21 9 33 57 73 25 29 47,tails,regular,3
2022-10-26T08:57:00Z,654,41 55 9 78 65 44 36 61 16 14 64 70 38 5 76 7 49 28 72 59,tails,regular,1
2022-10-26T09:00:00Z,656,3 33 79 78 23 73 30 70 72 54 77 56 49 80 12 29 60 34 64 47,tails,regular,3
2022-10-26T09:03:00Z,657,55 48 53 71 66 49 17 68 21 46 5 36 65 7 57 18 12 64 79 34,tails,minor,2
2022-10-26T09:06:00Z,658,78 74 18 12 59 6 67 51 75 1 62 22 7 64 31 50 19 68 29 35,evens,regular,1
2022-10-26T09:09:00Z,659,34 80 33 30 74 73 22 41 55 8 37 56 79 1 35 16 70 9 32 14,heads,regular,3
2022-10-26T09:12:00Z,660,48 43 54 65 37 72 31 55 58 10 4 76 78 63 22 34 3 68 71 77,tails,regular,1
2022-10-26T09:15:00Z,661,28 19 60 26 73 15 45 25 47 6 68 29 70 5 41 59 2 9 62 8,heads,minor,1
2022-10-26T09:18:00Z,662,53 28 26 39 66 21 80 79 10 58 30 67 43 56 55 37 19 7 54 40,evens,minor,2
2022-10-26T09:21:00Z,663,65 38 14 24 3 29 15 60 21 77 73 30 19 5 28 39 57 25 62 43,heads,minor,5
2022-10-26T09:24:00Z,665,22 5 69 33 37 62 80 46 77 73 18 15 75 31 11 76 24 67 23 27,heads,minor,2
2022-10-26T09:27:00Z,666,48 78 10 5 4 35 26 24 34 46 22 73 61 76 23 33 37 11 13 18,heads,regular,1
2022-10-26T09:30:00Z,667,63 68 77 51 20 15 3 41 11 34 72 27 53 64 5 38 55 36 52 19,evens,regular,3
2022-10-26T09:33:00Z,668,12 71 57 48 24 51 19 22 31 25 47 3 7 34 8 38 70 40 78 55,heads,regular,3
2022-10-26T09:36:00Z,669,9 50 29 80 8 33 15 23 7 17 70 20 25 69 43 75 2 31 65 77,heads,minor,3
2022-10-26T09:39:00Z,670,79 59 51 69 9 62 32 54 77 63 24 33 22 38 70 35 48 16 46 14,tails,regular,1
2022-10-26T09:42:00Z,671,45 40 63 46 11 61 13 56 54 79 67 76 26 35 43 49 29 23 24 20,tails,regular,2
2022-10-26T09:45:00Z,672,11 35 16 17 53 21 46 12 9 31 74 30 63 2 41 59 19 33 65 38,heads,regular,3
2022-10-26T09:48:00Z,674,9 3 18 28 80 10 33 78 55 63 19 44 68 20 67 26 30 66 43 73,evens,regular,3
2022-10-26T09:51:00Z,675,44 32 2 36 25 6 51 67 77 39 15 24 59 26 21 41 65 49 14 40,heads,regular,1
2022-10-26T09:54:00Z,676,63 47 21 28 80 24 12 59 17 40 56 38 41 51 34 20 67 22 57 6,heads,regular,1
2022-10-26T09:57:00Z,677,35 40 62 9 44 76 61 77 4 71 14 19 64 43 52 63 33 73 60 24,tails,regular,3
2022-10-26T10:00:00Z,678,54 63 7 28 30 62 45 68 50 20 25 58 53 22 65 16 3 70 21 52,tails,regular,1
2022-10-26T10:03:00Z,679,15 26 37 69 33 56 80 66 61 49 64 75 44 58 1 68 21 53 17 24,tails,regular,2
2022-10-26T10:06:00Z,680,64 39 33 2 66 55 16 18 35 25 5 58 69 3 65 12 78 40 37 17,heads,regular,1
2022-10-26T10:09:00Z,681,20 29 80 33 77 25 47 13 23 54 11 3 55 57 9 35 44 27 1 37,heads,major,2
2022-10-26T10:12:00Z,683,31 55 21 63 41 33 43 27 75 44 50 48 17 18 22 16 24 68 6 69,evens,regular,2
2022-10-26T10:15:00Z,684,28 76 7 1 38 36 42 59 60 57 39 53 80 58 34 20 51 44 8 56,tails,minor,1
2022-10-26T10:18:00Z,685,55 27 71 6 54 59 70 32 29 31 66 1 58 76 74 41 24 46 79 49,tails,regular,2
2022-10-26T10:21:00Z,686,61 41 11 54 38 74 18 23 42 37 65 76 31 78 51 17 27 16 21 45,evens,minor,3
2022-10-26T10:24:00Z,687,12 21 31 69 1 7 10 14 60 9 48 63 8 29 56 52 55 47 66 5,heads,regular,2
2022-10-26T10:27:00Z,688,66 73 58 39 77 41 24 79 5 28 47 18 80 19 60 6 26 46 74 76,tails,regular,1
2022-10-26T10:30:00Z,689,50 33 60 9 14 21 59 49 72 11 73 4 41 58 53 74 36 70 8 24,tails,regular,2
2022-10-26T10:33:00Z,690,73 17 74 36 5 65 47 9 78 6 14 48 27 80 69 8 42 57 37 58,tails,minor,3
2022-10-26T10:36:00Z,692,21 70 72 15 62 42 77 46 74 6 27 44 5 67 29 60 18 13 32 8,evens,major,1
2022-10-26T10:39:00Z,693,34 22 68 1 35 60 16 8 25 67 37 13 41 61 80 70 66 33 58 2,heads,regular,1
2022-10-26T10:42:00Z,694,75 17 70 49 10 11 16 4 77 47 39 2 45 29 44 8 64 38 43 7,heads,regular,1
2022-10-26T10:45:00Z,695,22 3 8 36 66 67 19 6 61 20 47 21 11 7 27 24 57 33 34 76,heads,regular,1
2022-10-26T10:48:00Z,696,39 50 6 55 52 29 63 36 58 43 46 72 66 17 53 32 7 8 28 10,evens,regular,3
2022-10-26T10:51:00Z,697,16 5 62 71 78 51 44 59 74 7 6 39 47 73 20 43 15 75 12 9,tails,major,2
2022-10-26T10:54:00Z,698,51 72 67 34 48 65 53 52 63 21 7 60 39 20 43 77 8 37 30 13,tails,regular,2
2022-10-26T10:57:00Z,699,49 59 27 2 44 68 45 11 15 78 24 7 21 36 55 46 69 51 48 26,tails,minor,2
2022-10-26T11:00:00Z,701,2 64 11 12 7 67 78 76 40 46 60 34 68 47 74 42 65 43 20 13,tails,major,1
2022-10-26T11:03:00Z,702,27 2 20 35 70 29 4 67 12 21 47 55 61 18 8 59 24 62 46 42,heads,minor,1
2022-10-26T11:06:00Z,703,59 55 54 37 27 66 65 77 72 20 75 15 6 48 70 17 39 24 44 1,tails,minor,2
2022-10-26T11:09:00Z,704,36 33 3 20 23 68 58 26 32 2 72 29 77 28 9 41 40 22 1 6,heads,regular,1
2022-10-26T11:12:00Z,705,74 67 61 38 39 11 41 14 12 28 10 48 40 20 76 50 72 3 60 8,heads,minor,4
2022-10-26T11:15:00Z,706,71 7 4 43 74 61 12 19 35 42 25 30 23 63 57 32 73 56 16 52,evens,regular,2
2022-10-26T11:18:00Z,707,34 23 17 42 38 72 22 36 76 29 20 6 18 1 28 44 21 27 45 70,heads,regular,1
2022-10-26T11:21:00Z,708,29 66 4 43 22 26 60 70 78 27 33 23 6 53 35 13 20 10 71 50,heads,minor,3
2022-10-26T11:24:00Z,710,19 41 8 20 77 4 25 10 49 28 50 33 60 74 24 71 29 2 62 42,heads,regular,1
2022-10-26T11:27:00Z,711,13 30 61 36 21 57 44 3 66 54 9 43 1 5 6 27 65 2 31 37,heads,regular,1
2022-10-26T11:30:00Z,712,22 80 19 48 20 44 28 50 21 33 78 45 75 8 3 56 71 52 32 1,evens,regular,1
2022-10-26T11:33:00Z,713,41 27 7 55 59 28 80 31 69 40 56 43 3 5 48 16 19 15 42 62,evens,major,1
2022-10-26T11:36:00Z,714,62 54 52 60 14 21 44 43 28 42 7 71 32 10 68 1 19 24 56 63,tails,regular,2
2022-10-26T11:39:00Z,715,69 65 2 5 23 80 13 57 49 64 26 36 62 61 33 78 72 68 10 52,tails,regular,1
2022-10-26T11:42:00Z,716,79 71 19 26 22 54 13 21 48 60 29 50 28 52 3 12 44 58 49 64,tails,minor,1
2022-10-26T11:45:00Z,717,19 14 76 29 18 15 54 42 36 78 7 35 28 80 64 50 12 53 67 33,heads,regular,2
2022-10-26T11:48:00Z,719,49 7 26 34 16 4 12 57 14 32 35 68 76 65 43 36 56 3 64 54,heads,minor,1
2022-10-26T11:51:00Z,720,16 17 15 23 4 46 37 33 80 9 24 14 45 71 47 56 3 34 13 38,heads,minor,3
2022-10-26T11:54:00Z,721,52 75 14 43 70 56 80 30 7 68 46 2 44 61 15 22 64 73 51 34,tails,minor,1
2022-10-26T11:57:00Z,722,71 2 45 1 28 4 32 43 69 64 13 29 44 53 49 80 61 22 58 14,tails,regular,5
2022-10-26T12:00:00Z,723,12 79 10 31 58 18 54 60 69 16 68 11 77 46 56 40 78 26 49 6,tails,regular,2
2022-10-26T12:03:00Z,724,16 20 79 8 78 65 59 75 37 23 14 74 34 30 60 9 17 72 28 67,heads,minor,2
2022-10-26T12:06:00Z,725,53 48 52 21 74 58 57 43 46 54 64 38 66 33 27 19 15 22 39 23,tails,regular,1
2022-10-26T12:09:00Z,726,38 4 54 22 21 76 45 62 24 29 30 11 49 31 56 3 72 47 12 46,heads,regular,1
2022-10-26T12:12:00Z,728,55 16 72 57 11 39 23 28 36 10 64 27 18 19 77 3 14 30 56 69,heads,minor,2
2022-10-26T12:15:00Z,729,4 19 55 41 14 33 9 48 5 62 20 70 77 6 13 22 8 51 16 80,heads,regular,1
2022-10-26T12:18:00Z,730,73 37 27 54 57 21 34 74 7 75 14 6 19 48 23 4 11 55 53 43,heads,regular,2
2022-10-26T12:21:00Z,731,11 38 5 51 32 25 76 58 52 69 42 55 50 13 18 29 30 49 77 72,tails,regular,1
2022-10-26T12:24:00Z,732,31 24 36 13 20 64 47 12 79 1 60 67 37 8 55 27 21 62 71 53,heads,major,1
2022-10-26T12:27:00Z,733,43 78 22 11 41 36 14 57 23 64 72 51 31 24 74 26 10 53 63 35,evens,regular,1
2022-10-26T12:30:00Z,734,69 53 49 75 38 20 76 71 11 70 40 54 80 61 57 43 33 9 48 16,tails,minor,1
2022-10-26T12:33:00Z,735,12 21 54 59 17 71 42 36 64 46 20 3 68 1 47 31 16 14 48 56,evens,regular,3
2022-10-26T12:36:00Z,737,27 34 8 29 71 53 24 5 75 6 32 74 35 19 11 18 12 79 14 30,heads,regular,1
2022-10-26T12:39:00Z,738,29 59 9 49 22 71 58 63 17 45 43 24 16 20 62 75 2 41 19 18,evens,minor,2
2022-10-26T12:42:00Z,739,39 35 77 70 50 69 80 52 14 9 25 8 15 18 20 17 10 76 64 72,heads,regular,1
2022-10-26T12:45:00Z,740,73 42 11 66 52 30 22 48 40 46 56 28 60 45 18 5 74 31 49 23,tails,regular,2
2022-10-26T12:48:00Z,741,31 47 4 51 59 78 9 50 66 69 58 22 56 55 74 14 5 68 25 30,tails,minor,2
2022-10-26T12:51:00Z,742,24 5 20 62 71 3 21 61 2 45 43 75 17 40 41 60 70 10 76 13,evens,regular,1
2022-10-26T12:54:00Z,743,16 19 37 60 41 71 15 32 62 1 48 76 21 30 3 9 35 33 51 43,heads,minor,2
2022-10-26T12:57:00Z,744,61 3 73 16 28 37 80 36 2 5 8 7 11 52 20 60 63 25 6 62,heads,minor,1
2022-10-26T13:00:00Z,746,57 17 76 1 49 45 5 75 14 6 15 11 34 72 50 61 19 71 79 73,tails,major,4
2022-10-26T13:03:00Z,747,53 6 28 31 21 75 43 22 45 3 54 18 8 46 66 59 72 63 16 69,tails,regular,2
2022-10-26T13:06:00Z,748,67 30 78 56 3 60 27 7 43 49 31 80 4 66 63 34 8 5 69 48,tails,regular,1
2022-10-26T13:09:00Z,749,52 19 27 14 35 43 63 60 8 28 58 68 41 51 50 37 62 71 17 26,tails,major,4
2022-10-26T13:12:00Z,750,24 43 7 66 28 26 64 51 55 22 79 61 36 3 49 72 13 53 77 58,tails,regular,1
2022-10-26T13:15:00Z,751,68 66 51 61 74 5 58 80 12 13 29 31 23 11 20 6 3 28 37 47,heads,regular,1
2022-10-26T13:18:00Z,752,15 38 21 47 16 39 10 57 40 1 23 77 74 26 19 73 14 54 64 51,heads,regular,1
2022-10-26T13:21:00Z,753,61 62 23 7 44 76 58 18 43 2 3 47 59 21 53 69 19 34 67 20,tails,regular,1
2022-10-26T13:24:00Z,755,62 73 56 76 29 7 6 11 13 46 32 25 70 59 9 54 45 49 34 78,tails,regular,1
2022-10-26T13:27:00Z,756,55 9 17 19 37 50 39 13 4 31 43 69 6 35 34 54 42 71 15 57,heads,minor,2
2022-10-26T13:30:00Z,757,60 66 59 15 42 28 43 51 19 69 16 74 31 33 17 75 38 63 68 32,tails,regular,1
2022-10-26T13:33:00Z,758,26 58 29 70 20 57 18 36 69 71 55 24 15 62 54 33 41 30 67 32,evens,regular,3
2022-10-26T13:36:00Z,759,31 6 8 67 11 26 70 58 20 33 62 37 21 80 76 14 7 25 9 60,heads,minor,10
2022-10-26T13:39:00Z,760,64 36 40 27 69 46 12 79 43 55 16 8 37 66 57 28 75 30 51 33,evens,major,3
2022-10-26T13:42:00Z,761,79 1 78 54 16 17 10 23 30 22 72 11 32 63 80 9 65 68 34 66,heads,major,4
2022-10-26T13:45:00Z,762,45 70 9 26 22 23 68 56 6 79 19 14 38 3 58 64 75 34 7 80,heads,regular,3
2022-10-26T13:48:00Z,764,23 66 69 74 38 67 73 42 13 53 12 8 27 71 52 43 44 65 77 62,tails,minor,2
2022-10-26T13:51:00Z,765,53 23 48 29 28 7 1 52 30 75 41 43 16 36 31 63 11 35 26 54,heads,regular,2
2022-10-26T13:54:00Z,766,53 43 70 72 76 33 40 80 74 69 22 24 34 12 19 47 1 30 55 28,evens,regular,2
2022-10-26T13:57:00Z,767,42 77 15 79 39 28 65 24 60 69 29 21 7 5 57 31 58 9 67 37,heads,regular,2
2022-10-26T14:00:00Z,768,80 42 55 54 38 63 51 46 18 3 78 8 66 10 61 44 7 52 36 50,tails,regular,4
2022-10-26T14:03:00Z,769,54 20 31 42 55 11 60 53 41 64 18 48 5 68 79 8 29 6 16 22,evens,minor,1
2022-10-26T14:06:00Z,770,44 54 2 73 34 57 40 38 72 33 79 74 46 59 61 6 16 13 68 55,tails,regular,3
2022-10-26T14:09:00Z,771,42 64 3 19 45 15 32 58 63 55 16 25 40 7 44 68 60 77 37 48,tails,regular,1
2022-10-26T14:12:00Z,773,23 50 76 20 28 12 70 17 48 32 6 73 63 60 35 58 66 62 43 78,tails,regular,3
2022-10-26T14:15:00Z,774,3 48 20 14 27 18 8 17 51 52 31 28 72 56 2 61 70 4 32 35,heads,regular,1
2022-10-26T14:18:00Z,775,61 12 32 8 68 48 75 46 51 6 11 33 9 34 23 35 28 22 57 76,heads,regular,2
2022-10-26T14:21:00Z,776,14 18 40 53 75 50 30 38 69 59 48 42 7 79 27 10 9 74 6 64,evens,regular,1
2022-10-26T14:24:00Z,777,24 35 27 46 3 26 38 22 57 39 17 47 42 75 48 6 41 74 44 53,evens,major,2
2022-10-26T14:27:00Z,778,33 53 34 8 57 43 71 68 9 14 78 76 23 32 73 56 30 6 62 20,evens,regular,2
2022-10-26T14:30:00Z,779,68 40 17 39 52 10 78 33 2 31 53 54 75 67 79 19 69 15 46 6,evens,minor,1
2022-10-26T14:33:00Z,780,1 26 40 57 44 4 60 32 9 68 27 47 12 69 37 72 11 63 49 46,evens,regular,3
2022-10-26T14:36:00Z,782,35 49 9 50 36 74 21 65 2 14 46 5 39 61 70 58 48 6 18 24,heads,minor,1
2022-10-26T14:39:00Z,783,11 78 69 8 53 80 30 6 44 15 29 27 1 57 62 54 13 37 9 49,heads,regular,1
2022-10-26T14:42:00Z,784,53 75 70 72 65 33 28 26 12 67 40 50 57 32 48 7 30 34 10 43,evens,regular,1
2022-10-26T14:45:00Z,785,21 68 79 47 65 3 24 63 28 35 55 8 56 66 50 29 7 14 27 80,evens,regular,2
2022-10-26T14:48:00Z,786,38 60 19 69 43 21 35 78 40 15 20 25 8 71 62 2 37 61 6 80,heads,minor,4
2022-10-26T14:51:00Z,787,38 67 12 49 22 39 10 72 11 17 30 46 78 60 29 65 1 64 35 50,heads,regular,2
2022-10-26T14:54:00Z,788,80 22 69 63 51 42 16 3 54 20 52 28 39 77 65 15 21 25 35 44,evens,regular,3
2022-10-26T14:57:00Z,789,74 33 59 6 54 44 65 5 15 26 64 35 68 25 67 34 43 11 7 29,heads,major,2
2022-10-26T15:00:00Z,791,33 2 66 9 17 48 15 75 38 58 25 59 30 16 5 46 28 40 72 32,heads,regular,2
2022-10-26T15:03:00Z,792,66 23 7 51 56 38 55 19 31 40 43 58 6 61 3 54 39 14 73 27,heads,major,2
2022-10-26T15:06:00Z,793,46 43 47 55 16 73 15 37 21 23 7 70 49 44 32 22 36 9 68 61,evens,regular,3
2022-10-26T15:09:00Z,794,37 69 67 68 70 74 18 5 79 41 39 25 66 14 28 80 8 54 15 77,tails,minor,1
2022-10-26T15:12:00Z,795,13 47 56 12 11 9 77 53 69 61 42 25 36 78 37 2 7 76 34 44,evens,regular,1
2022-10-26T15:15:00Z,796,60 30 78 53 61 29 72 24 64 59 17 65 36 79 9 26 66 45 7 57,tails,minor,2
2022-10-26T15:18:00Z,797,61 19 17 48 67 54 9 74 41 55 75 14 68 56 1 58 24 73 20 7,tails,regular,3
2022-10-26T15:21:00Z,798,5 33 74 51 23 65 15 34 16 58 75 69 21 40 79 9 61 10 64 35,heads,regular,1
2022-10-26T15:24:00Z,800,45 36 6 37 27 59 11 72 70 26 73 7 78 20 13 64 29 12 35 23,heads,major,1
2022-10-26T15:27:00Z,801,5 64 33 32 1 31 73 21 80 62 55 47 53 40 30 50 66 17 38 54,evens,regular,1
2022-10-26T15:30:00Z,802,59 50 43 7 35 20 5 29 27 37 45 80 12 78 18 47 61 11 17 13,heads,regular,1
2022-10-26T15:33:00Z,803,6 70 31 52 75 73 62 12 3 56 16 27 26 23 78 36 43 29 45 77,evens,regular,2
2022-10-26T15:36:00Z,804,55 17 78 43 24 74 49 53 67 31 11 48 57 13 64 8 6 35 80 62,tails,regular,2
2022-10-26T15:39:00Z,805,45 28 3 53 2 51 71 33 19 40 23 36 62 24 43 17 68 42 18 50,heads,regular,1
2022-10-26T15:42:00Z,806,43 32 18 16 15 76 11 13 68 52 12 65 56 48 67 23 62 25 54 30,evens,regular,1
2022-10-26T15:45:00Z,807,31 35 78 7 76 20 79 25 54 33 51 70 63 38 13 65 57 61 52 28,tails,regular,10
2022-10-26T15:48:00Z,809,72 40 46 25 31 14 30 80 61 70 24 22 79 16 62 15 68 1 59 66,evens,regular,3
2022-10-26T15:51:00Z,810,15 76 17 55 78 73 79 64 5 30 31 38 62 54 21 60 6 59 61 50,tails,minor,1
2022-10-26T15:54:00Z,811,18 30 29 19 27 11 72 63 21 16 1 73 5 9 55 3 62 39 12 77,heads,regular,10
2022-10-26T15:57:00Z,812,28 2 73 17 48 72 76 58 13 18 62 31 30 21 37 22 42 80 54 64,evens,major,4
2022-10-26T16:00:00Z,813,35 79 19 27 4 8 1 32 39 23 6 77 20 37 53 46 69 38 55 48,heads,regular,3
2022-10-26T16:03:00Z,814,8 32 35 61 24 55 21 63 16 6 73 11 62 28 26 4 54 39 13 80,heads,regular,1
2022-10-26T16:06:00Z,815,75 69 22 32 53 38 24 21 28 78 46 19 29 1 54 60 57 5 43 4,heads,regular,4
2022-10-26T16:09:00Z,816,21 50 68 66 47 43 46 28 48 29 76 80 7 34 13 5 49 14 54 67,tails,regular,2
2022-10-26T16:12:00Z,818,14 9 42 28 30 68 44 51 31 74 21 58 38 64 2 79 32 4 26 62,heads,regular,2
2022-10-26T16:15:00Z,819,27 3 45 74 10 43 40 62 69 41 39 68 22 57 28 73 38 16 56 4,evens,regular,1
2022-10-26T16:18:00Z,820,21 3 59 53 66 50 9 58 31 36 26 19 22 75 43 8 41 71 61 47,tails,regular,3
2022-10-26T16:21:00Z,821,80 36 9 27 1 20 37 44 2 71 56 17 6 68 54 42 73 43 62 18,evens,minor,2
2022-10-26T16:24:00Z,822,14 12 4 71 23 40 39 43 65 52 11 15 20 18 80 61 26 78 55 79,heads,major,2
2022-10-26T16:27:00Z,823,1 15 76 46 55 38 6 63 77 22 12 53 37 52 45 14 32 39 62 66,evens,minor,2
2022-10-26T16:30:00Z,824,26 40 20 79 24 80 43 69 33 35 27 11 45 50 1 54 77 52 64 59,tails,minor,2
2022-10-26T16:33:00Z,825,9 72 26 60 32 20 63 28 36 17 12 44 11 37 64 58 45 61 15 67,heads,regular,2
2022-10-26T16:36:00Z,827,48 49 78 13 5 14 45 39 77 72 2 7 79 35 75 53 15 36 74 62,tails,regular,2
2022-10-26T16:39:00Z,828,64 65 36 51 30 14 45 27 74 66 70 58 2 43 34 32 38 62 55 44,tails,minor,1
2022-10-26T16:42:00Z,829,13 69 7 78 65 53 3 22 20 28 15 71 50 63 40 76 9 6 68 70,evens,minor,3
2022-10-26T16:45:00Z,830,22 72 41 49 54 14 62 28 11 69 44 79 2 55 25 6 70 37 52 56,tails,major,4
2022-10-26T16:48:00Z,831,1 9 67 16 49 79 38 77 74 3 54 39 26 34 37 17 69 25 76 19,heads,major,3
2022-10-26T16:51:00Z,832,4 12 48 50 38 33 79 74 44 53 26 13 41 40 52 47 39 80 56 30,tails,regular,3
2022-10-26T16:54:00Z,833,34 21 54 8 14 29 69 49 62 22 15 77 45 66 80 10 47 71 12 36,evens,regular,3
2022-10-26T16:57:00Z,834,3 19 11 13 35 72 68 16 59 2 26 43 69 51 18 37 58 28 22 27,heads,regular,1
2022-10-26T17:00:00Z,836,28 55 43 16 47 32 77 68 9 11 41 70 21 24 4 64 6 80 57 54,tails,regular,1
2022-10-26T17:03:00Z,837,59 44 21 12 30 74 66 22 26 75 63 52 32 42 50 8 70 3 18 71,tails,regular,4
2022-10-26T17:06:00Z,838,30 56 1 70 78 65 73 10 31 24 69 77 34 74 9 38 19 66 4 18,heads,regular,2
2022-10-26T17:09:00Z,839,28 52 16 47 65 62 26 39 54 74 33 70 34 29 67 20 30 46 41 6,evens,regular,2
2022-10-26T17:12:00Z,840,55 79 29 25 6 24 30 78 39 50 33 75 28 7 2 17 59 49 72 34,heads,regular,2
2022-10-26T17:15:00Z,841,47 38 61 9 28 58 56 48 31 30 20 1 64 46 3 34 72 5 59 40,heads,regular,3
2022-10-26T17:18:00Z,842,37 57 3 25 41 68 20 65 61 70 36 50 33 19 21 31 38 26 2 4,heads,regular,3
2022-10-26T17:21:00Z,843,55 56 3 11 9 40 39 32 6 27 4 45 76 31 77 16 41 20 30 74,heads,regular,1
2022-10-26T17:24:00Z,845,18 43 31 76 35 10 65 7 56 64 55 51 2 17 50 25 68 67 15 46,tails,regular,2
2022-10-26T17:27:00Z,846,53 45 36 6 33 70 9 4 2 54 8 50 11 12 57 21 5 72 16 35,heads,major,4
2022-10-26T17:30:00Z,847,29 50 30 14 25 45 23 72 49 67 56 55 31 1 8 32 10 76 46 59,evens,regular,1
2022-10-26T17:33:00Z,848,10 14 37 12 8 71 5 42 20 67 53 25 21 54 46 18 49 75 36 23,heads,regular,1
2022-10-26T17:36:00Z,849,23 50 53 35 20 42 18 57 54 9 12 32 43 78 56 1 36 47 58 66,tails,minor,4
2022-10-26T17:39:00Z,850,76 20 44 55 59 2 40 10 26 54 18 56 71 62 47 45 52 46 28 61,tails,major,3
2022-10-26T17:42:00Z,851,25 66 4 43 31 19 65 36 53 27 48 1 6 51 79 76 46 59 49 45,tails,minor,3
2022-10-26T17:45:00Z,852,3 64 8 38 44 35 77 70 50 34 65 59 16 40 19 23 20 43 2 6,heads,regular,3
2022-10-26T17:48:00Z,854,51 75 68 76 43 74 57 59 48 17 12 41 49 38 15 71 46 16 25 66,tails,regular,1
2022-10-26T17:51:00Z,855,63 56 5 77 3 49 7 38 28 54 41 16 40 42 23 59 44 60 64 74,tails,regular,2
2022-10-26T17:54:00Z,856,59 37 71 38 21 50 44 46 17 62 56 64 72 42 6 67 3 13 53 10,tails,regular,1
2022-10-26T17:57:00Z,857,2 73 52 36 11 1 63 75 78 56 55 58 7 70 44 4 62 20 31 42,tails,regular,2
2022-10-26T18:00:00Z,858,20 12 71 59 61 73 16 52 7 77 50 47 64 46 29 23 75 2 54 67,tails,regular,1
2022-10-26T18:03:00Z,859,25 6 1 77 3 50 58 70 63 62 79 74 80 18 67 21 66 7 35 72,tails,minor,1
2022-10-26T18:06:00Z,860,48 46 41 15 1 33 26 45 42 28 53 11 3 18 25 58 6 68 63 27,heads,regular,1
2022-10-26T18:09:00Z,861,77 60 26 12 21 1 7 4 70 20 52 54 65 15 63 76 46 69 30 74,tails,regular,10
2022-10-26T18:12:00Z,863,49 75 3 21 61 60 58 42 32 7 11 65 68 56 23 57 10 27 54 36,tails,regular,1
2022-10-26T18:15:00Z,864,28 66 6 17 42 40 69 30 14 22 15 39 50 41 44 3 54 63 52 78,evens,regular,1
2022-10-26T18:18:00Z,865,74 4 21 23 40 66 26 20 76 54 14 65 68 77 80 78 34 37 42 72,tails,regular,10
2022-10-26T18:21:00Z,866,43 64 13 9 49 42 30 68 7 21 54 14 80 25 72 6 19 5 79 50,evens,regular,3
2022-10-26T18:24:00Z,867,5 54 37 26 30 9 32 61 14 57 12 62 28 70 64 15 69 29 23 58,heads,regular,1
2022-10-26T18:27:00Z,868,10 23 44 39 9 47 19 35 20 26 46 48 8 53 62 14 36 7 80 5,heads,regular,3
2022-10-26T18:30:00Z,869,28 50 42 79 19 2 59 9 23 29 26 24 51 3 44 45 14 56 63 27,heads,regular,1
2022-10-26T18:33:00Z,870,23 55 9 12 8 62 33 18 24 28 42 41 70 74 13 72 59 43 76 69,tails,regular,1
2022-10-26T18:36:00Z,872,24 7 65 8 40 67 77 50 46 2 57 47 30 4 48 80 58 75 17 18,tails,regular,1
2022-10-26T18:39:00Z,873,3 74 62 63 17 32 13 1 57 39 28 6 36 75 72 34 24 22 70 31,heads,regular,1
2022-10-26T18:42:00Z,874,33 27 34 41 54 66 55 17 80 75 23 18 50 31 1 25 71 35 60 46,evens,regular,10
2022-10-26T18:45:00Z,875,30 19 4 15 35 1 71 2 58 54 40 68 43 41 10 75 31 51 18 50,heads,regular,3
2022-10-26T18:48:00Z,876,17 2 38 53 39 48 47 29 66 21 74 60 43 58 27 28 22 8 15 68,heads,minor,3
2022-10-26T18:51:00Z,877,15 62 67 68 9 48 7 55 43 66 72 61 76 63 80 26 19 74 44 70,tails,regular,1
2022-10-26T18:54:00Z,878,36 23 79 8 77 59 3 62 14 19 52 75 38 20 22 47 57 35 16 10,heads,regular,2
2022-10-26T18:57:00Z,879,26 36 27 1 43 35 55 69 40 21 34 65 41 47 78 66 14 24 3 42,heads,major,1
2022-10-26T19:00:00Z,881,21 78 1 49 42 16 4 66 31 44 56 27 62 35 68 13 32 39 71 57,evens,regular,1
2022-10-26T19:03:00Z,882,44 18 57 32 72 21 76 34 59 66 29 15 46 5 42 23 14 62 6 37,heads,regular,4
2022-10-26T19:06:00Z,883,67 30 38 64 42 78 8 65 51 37 59 41 29 31 9 36 72 18 45 77,tails,regular,1
2022-10-26T19:09:00Z,884,33 65 72 10 41 52 78 51 62 46 55 32 54 53 61 17 50 4 15 16,tails,regular,3
2022-10-26T19:12:00Z,885,52 8 56 37 30 33 13 69 26 22 38 76 77 32 29 66 21 49 75 3,heads,regular,1
2022-10-26T19:15:00Z,886,78 68 53 3 34 58 41 18 25 32 47 5 61 4 17 33 31 62 6 56,heads,regular,1
2022-10-26T19:18:00Z,887,43 4 56 61 55 3 70 53 23 31 13 36 46 7 27 20 50 49 54 35,evens,regular,1
2022-10-26T19:21:00Z,888,35 79 15 4 40 65 19 53 78 64 6 39 36 72 14 12 76 70 67 16,heads,regular,2
2022-10-26T19:24:00Z,890,66 50 48 67 64 63 52 53 17 62 39 69 35 72 15 55 12 58 76 80,tails,regular,1
2022-10-26T19:27:00Z,891,68 36 72 2 44 52 34 80 78 61 42 66 59 27 60 40 19 58 53 38,tails,regular,3
2022-10-26T19:30:00Z,892,53 2 36 15 20 51 21 75 4 80 59 67 55 72 29 44 23 22 73 38,evens,regular,2
2022-10-26T19:33:00Z,893,58 31 63 11 5 64 18 13 7 45 37 14 33 44 77 12 4 78 9 56,heads,minor,3
2022-10-26T19:36:00Z,894,52 6 43 19 4 57 69 15 66 22 18 73 51 21 3 63 34 61 29 78,evens,minor,2
2022-10-26T19:39:00Z,895,64 27 61 23 12 75 34 68 38 71 59 63 79 35 30 50 10 13 11 56,evens,regular,1
2022-10-26T19:42:00Z,896,2 17 68 15 73 55 33 47 9 18 22 60 16 62 41 37 53 45 80 11,evens,major,2
2022-10-26T19:45:00Z,897,33 1 45 4 28 57 64 26 80 38 50 69 9 6 36 62 17 68 41 65,evens,regular,3
2022-10-26T19:48:00Z,899,4 22 80 41 55 47 70 5 53 3 36 30 74 37 43 64 14 79 18 13,evens,major,1
2022-10-26T19:51:00Z,900,40 45 47 30 61 39 28 31 5 42 74 60 19 13 1 67 32 38 18 43,heads,regular,1
2022-10-26T19:54:00Z,901,51 56 76 57 17 43 19 79 28 10 52 46 54 69 74 62 21 61 42 33,tails,regular,3
2022-10-26T19:57:00Z,902,67 35 41 34 80 44 14 4 77 32 53 79 27 65 56 40 42 64 39 72,tails,regular,1
2022-10-26T20:00:00Z,903,64 53 73 54 18 13 23 72 79 41 56 66 34 51 31 6 3 1 17 65,tails,regular,1
2022-10-26T20:03:00Z,904,28 14 36 24 5 60 1 32 19 65 10 3 59 45 7 55 43 72 61 80,heads,regular,1
2022-10-26T20:06:00Z,905,65 16 54 71 72 63 17 18 77 62 23 35 61 22 27 37 19 40 57 32,heads,minor,2
2022-10-26T20:09:00Z,906,74 27 19 73 4 51 15 30 12 9 77 58 36 72 42 5 59 6 17 49,heads,regular,2
2022-10-26T20:12:00Z,908,40 47 8 39 14 33 25 11 48 3 72 53 21 66 65 27 57 46 7 12,heads,regular,1
2022-10-26T20:15:00Z,909,5 20 16 35 9 2 65 50 14 26 28 12 54 10 46 78 53 3 29 15,heads,regular,1
2022-10-26T20:18:00Z,910,39 21 4 70 63 28 29 46 62 73 32 75 37 41 43 34 61 7 16 54,evens,minor,1
2022-10-26T20:21:00Z,911,38 3 72 66 79 47 54 1 17 70 7 50 41 69 67 76 15 30 60 40,tails,regular,1
2022-10-26T20:24:00Z,912,10 13 34 19 74 28 78 40 37 77 14 30 63 39 53 16 61 68 24 44,heads,regular,2
2022-10-26T20:27:00Z,913,78 77 51 68 7 11 32 9 53 75 59 25 31 33 54 45 66 27 17 70,tails,regular,1
2022-10-26T20:30:00Z,914,27 56 64 57 3 4 59 44 50 31 17 37 69 61 80 63 65 68 21 42,tails,regular,3
2022-10-26T20:33:00Z,915,29 35 67 31 49 39 10 64 73 25 79 53 3 75 20 37 63 32 7 77,heads,minor,2
2022-10-26T20:36:00Z,917,15 53 59 60 4 2 38 1 25 18 56 67 8 70 20 29 7 71 36 40,heads,minor,3
2022-10-26T20:39:00Z,918,46 8 75 37 21 25 73 58 79 59 11 14 20 64 23 9 39 27 48 33,heads,minor,4
2022-10-26T20:42:00Z,919,36 2 59 51 76 65 34 77 25 64 21 7 57 46 28 74 38 5 37 69,evens,minor,2
2022-10-26T20:45:00Z,920,47 68 59 11 16 8 15 46 54 5 29 49 4 80 52 55 64 45 70 69,tails,regular,2
2022-10-26T20:48:00Z,921,4 41 64 66 36 24 50 43 47 22 5 19 57 74 11 68 78 34 9 8,evens,minor,2
2022-10-26T20:51:00Z,922,16 11 21 46 62 70 79 28 10 51 1 25 66 52 69 37 57 47 45 36,tails,minor,3
2022-10-26T20:54:00Z,923,56 54 50 48 24 25 46 57 69 5 43 14 68 80 39 26 78 35 28 61,tails,regular,2
2022-10-26T20:57:00Z,924,64 1 8 20 42 51 56 50 65 66 19 39 47 73 78 68 12 22 57 16,tails,regular,1
2022-10-26T21:00:00Z,926,26 33 17 63 48 2 28 61 62 68 3 66 42 14 40 49 29 8 5 71,heads,regular,2
2022-10-26T21:03:00Z,927,57 6 69 54 53 47 80 34 65 59 22 60 37 21 72 61 51 42 77 48,tails,minor,2
2022-10-26T21:06:00Z,928,59 32 57 55 52 41 37 22 16 3 34 2 18 49 13 17 43 64 66 19,heads,regular,5
2022-10-26T21:09:00Z,929,27 67 18 32 59 79 31 2 23 54 25 46 13 26 44 15 20 9 24 58,heads,regular,2
2022-10-26T21:12:00Z,930,56 72 12 30 55 42 69 53 23 66 26 17 64 29 22 13 7 74 37 38,heads,minor,10
2022-10-26T21:15:00Z,931,3 35 39 68 13 41 29 15 51 6 9 55 63 20 31 45 17 77 33 19,heads,regular,1
2022-10-26T21:18:00Z,932,69 73 67 21 33 8 44 40 22 50 46 16 45 62 65 39 12 10 13 24,heads,regular,1
2022-10-26T21:21:00Z,933,2 45 58 19 33 17 25 6 59 42 73 24 61 44 65 55 37 40 22 67,evens,regular,3
2022-10-26T21:24:00Z,935,57 48 14 58 35 23 22 27 21 28 52 66 34 65 71 75 46 37 73 67,tails,minor,1
2022-10-26T21:27:00Z,936,49 23 29 12 61 25 64 32 56 53 36 76 2 10 8 37 38 55 46 67,heads,regular,3
2022-10-26T21:30:00Z,937,77 73 63 14 1 17 12 58 64 65 30 70 51 74 75 44 62 31 6 53,tails,minor,2
2022-10-26T21:33:00Z,938,59 51 28 70 4 35 45 14 43 5 38 8 44 48 3 52 13 25 65 57,evens,regular,3
2022-10-26T21:36:00Z,939,1 72 52 65 23 42 57 75 66 4 77 22 30 48 64 80 61 2 73 37,tails,regular,1
2022-10-26T21:39:00Z,940,59 34 32 5 64 23 30 33 54 55 72 66 3 9 50 77 20 12 15 76,heads,regular,1
2022-10-26T21:42:00Z,941,66 52 13 74 38 77 39 57 51 23 46 16 28 43 80 70 47 14 53 69,tails,major,1
2022-10-26T21:45:00Z,942,45 59 67 73 7 46 80 23 35 69 12 4 40 54 8 13 11 34 79 24,heads,regular,1
2022-10-26T21:48:00Z,944,61 9 11 35 39 60 76 34 65 64 20 72 13 2 54 22 47 32 5 28,heads,regular,2
2022-10-26T21:51:00Z,945,25 48 41 29 8 68 32 52 21 28 15 13 70 34 67 37 14 61 72 55,heads,minor,4
2022-10-26T21:54:00Z,946,71 31 28 75 23 21 70 67 17 78 5 34 41 66 38 13 56 7 48 24,heads,regular,1
2022-10-26T21:57:00Z,947,37 10 31 27 35 7 39 29 42 54 28 47 1 19 65 6 34 66 5 77,heads,major,1
2022-10-26T22:00:00Z,948,55 2 4 36 44 52 68 12 10 13 45 53 8 1 54 18 60 42 40 75,evens,regular,1
2022-10-26T22:03:00Z,949,60 66 75 40 13 3 73 37 78 71 36 31 26 53 18 61 68 76 50 29,tails,regular,1
2022-10-26T22:06:00Z,950,65 27 67 31 61 34 69 24 72 36 26 50 1 30 79 54 78 55 8 5,evens,major,3
2022-10-26T22:09:00Z,951,75 78 72 74 48 62 59 17 22 34 43 60 57 10 26 23 7 65 1 51,tails,regular,1
2022-10-26T22:12:00Z,953,74 57 61 62 49 20 42 18 34 44 69 10 25 72 65 5 11 33 79 47,tails,minor,1
2022-10-26T22:15:00Z,954,56 45 28 78 5 10 31 68 77 30 25 47 7 34 69 8 36 15 60 26,heads,regular,1
2022-10-26T22:18:00Z,955,68 16 75 62 39 60 6 13 69 40 29 7 52 79 49 76 10 20 56 57,tails,regular,1
2022-10-26T22:21:00Z,956,75 23 68 74 17 16 10 41 69 22 46 5 2 66 72 73 51 31 49 47,tails,regular,3
2022-10-26T22:24:00Z,957,7 47 22 58 60 45 64 59 61 39 20 57 29 5 70 33 79 78 31 13,tails,minor,1
2022-10-26T22:27:00Z,958,26 17 14 58 29 65 53 41 1 36 20 15 57 52 55 42 31 23 61 56,evens,regular,2
2022-10-26T22:30:00Z,959,47 52 10 22 46 51 12 30 24 63 4 17 65 50 49 15 21 58 34 36,heads,minor,1
2022-10-26T22:33:00Z,960,26 31 37 72 29 21 7 73 55 66 11 23 68 67 17 51 22 58 14 79,heads,major,1
2022-10-26T22:36:00Z,962,28 4 8 63 58 64 39 42 61 43 59 23 65 73 6 70 20 34 78 44,tails,regular,2
2022-10-26T22:39:00Z,963,77 50 46 49 23 4 26 58 11 67 54 75 80 12 16 74 70 62 35 17,tails,regular,2
2022-10-26T22:42:00Z,964,8 27 30 9 21 63 33 80 11 1 52 47 25 48 45 38 42 14 12 73,heads,minor,3
2022-10-26T22:45:00Z,965,56 73 71 69 19 70 8 65 5 47 20 66 59 11 50 74 52 29 38 62,tails,regular,1
2022-10-26T22:48:00Z,966,23 79 43 44 18 65 10 2 58 46 5 42 64 27 41 17 39 24 7 8,heads,major,3
2022-10-26T22:51:00Z,967,16 3 78 45 51 1 38 2 52 73 80 60 11 21 43 13 42 34 8 65,evens,regular,1
2022-10-26T22:54:00Z,968,31 5 49 75 41 59 13 24 16 63 26 46 28 20 4 44 79 40 67 69,evens,regular,3
2022-10-26T22:57:00Z,969,32 66 14 53 7 2 49 43 56 71 40 36 59 67 75 30 41 3 78 45,tails,regular,3
2022-10-26T23:00:00Z,971,50 72 5 40 59 1 45 61 7 64 19 80 43 4 49 68 47 24 14 53,tails,minor,10
2022-10-26T23:03:00Z,972,59 49 15 36 1 41 10 24 53 38 16 34 61 37 66 35 46 45 3 79,heads,minor,3
2022-10-26T23:06:00Z,973,55 14 80 4 58 28 22 9 36 15 38 67 44 6 62 27 26 31 13 54,heads,regular,3
2022-10-26T23:09:00Z,974,60 34 53 15 51 48 11 33 12 36 31 30 39 2 73 21 68 50 9 72,heads,minor,3
2022-10-26T23:12:00Z,975,77 62 24 66 36 48 75 71 25 38 61 6 34 22 19 41 42 72 55 50,tails,regular,3
2022-10-26T23:15:00Z,976,33 51 23 62 19 67 12 58 14 8 24 28 64 4 75 59 65 50 30 31,heads,regular,2
2022-10-26T23:18:00Z,977,73 14 46 12 79 7 75 77 78 48 26 30 49 9 50 39 63 57 61 56,tails,minor,1
2022-10-26T23:21:00Z,978,54 56 52 16 11 62 50 44 35 64 1 42 10 48 40 39 66 4 58 27,tails,regular,3
2022-10-26T23:24:00Z,980,66 7 52 13 25 41 3 63 40 72 29 6 23 12 75 67 74 10 73 33,heads,minor,2
2022-10-26T23:27:00Z,981,8 53 67 2 1 80 75 23 62 68 66 31 4 45 38 69 22 18 37 28,heads,regular,1
2022-10-26T23:30:00Z,982,73 9 55 39 24 22 4 76 57 78 45 51 16 12 10 52 70 26 1 53,evens,regular,1
2022-10-26T23:33:00Z,983,67 18 50 55 10 22 46 34 36 29 38 13 33 53 40 57 78 71 64 20,heads,regular,1
2022-10-26T23:36:00Z,984,78 69 46 22 15 73 20 32 43 54 7 21 48 75 66 23 49 67 39 1,tails,major,4
2022-10-26T23:39:00Z,985,78 22 57 6 15 60 58 2 38 71 7 45 31 8 13 70 77 52 69 26,evens,minor,10
2022-10-26T23:42:00Z,986,47 41 63 1 8 17 77 12 26 38 79 52 67 39 65 9 76 73 46 30,tails,regular,1
2022-10-26T23:45:00Z,987,9 61 42 46 47 40 73 51 72 12 22 4 30 19 18 70 37 35 57 49,evens,regular,3
2022-10-26T23:48:00Z,989,10 41 1 46 28 55 45 51 15 63 42 75 6 43 66 7 39 31 18 32,evens,regular,2
2022-10-26T23:51:00Z,990,68 55 35 66 41 25 23 79 10 69 61 49 80 77 60 30 40 57 71 46,tails,minor,3
2022-10-26T23:54:00Z,991,3 27 30 23 39 28 17 40 71 6 35 44 16 73 76 42 33 32 48 52,heads,regular,2
2022-10-26T23:57:00Z,992,34 29 43 76 79 16 11 75 38 70 78 5 72 68 40 10 19 25 44 21,heads,minor,1
2022-10-27T00:00:00Z,993,30 12 76 50 8 78 73 7 42 6 54 36 79 31 14 1 68 9 18 2,heads,regular,1
2022-10-27T00:03:00Z,994,1 20 55 4 70 14 49 36 9 56 5 35 57 77 50 6 33 71 13 43,heads,major,3
2022-10-27T00:06:00Z,995,33 8 39 60 78 76 17 18 51 7 32 73 55 58 21 10 11 2 12 53,heads,regular,2
2022-10-27T00:09:00Z,996,17 61 18 16 41 19 66 28 33 69 25 51 5 44 72 12 32 34 63 26,heads,regular,1
2022-10-27T00:12:00Z,998,61 51 36 60 44 35 18 58 70 54 77 29 13 68 62 75 53 39 31 38,tails,regular,3
2022-10-27T00:15:00Z,999,66 10 4 59 5 50 58 75 35 14 18 33 13 38 44 29 3 76 11 9,heads,regular,3
2022-10-27T00:18:00Z,1,52 10 44 49 76 32 51 39 68 70 66 48 54 11 2 12 56 69 43 53,tails,regular,1
2022-10-27T00:21:00Z,2,60 71 20 80 56 47 33 19 3 36 27 64 29 35 63 62 51 40 2 25,heads,minor,10
2022-10-27T00:24:00Z,3,78 63 51 25 77 7 52 43 64 50 75 20 39 28 2 22 1 16 53 38,evens,regular,3
2022-10-27T00:27:00Z,4,25 32 11 39 63 56 9 51 10 22 69 76 19 38 72 20 49 36 75 62,heads,regular,1
2022-10-27T00:30:00Z,5,13 74 53 57 33 1 3 44 39 45 21 38 26 30 34 28 51 62 22 54,heads,regular,1
2022-10-27T00:33:00Z,6,49 41 18 1 77 58 51 6 8 15 34 78 53 24 32 76 74 20 69 70,tails,regular,1
2022-10-27T00:36:00Z,8,14 79 5 24 41 38 49 4 47 70 20 29 46 43 72 50 69 9 52 68,tails,minor,3
2022-10-27T00:39:00Z,9,14 32 6 79 47 35 53 50 7 60 28 25 68 51 71 63 55 57 80 20,tails,regular,1
2022-10-27T00:42:00Z,10,17 44 13 40 33 61 32 55 39 4 26 19 29 72 41 22 6 65 56 79,heads,regular,2
2022-10-27T00:45:00Z,11,61 12 45 66 14 9 48 60 46 1 57 75 26 56 8 33 4 67 3 68,tails,regular,1
2022-10-27T00:48:00Z,12,45 49 47 40 48 14 24 7 28 35 42 76 15 36 20 64 13 10 69 38,heads,regular,3
2022-10-27T00:51:00Z,13,21 36 45 63 78 40 17 23 76 54 48 37 31 64 10 66 43 6 50 19,evens,major,1
2022-10-27T00:54:00Z,14,52 41 30 60 22 68 11 78 69 79 67 50 66 53 39 71 55 17 63 21,tails,minor,3
2022-10-27T00:57:00Z,15,38 73 70 75 44 65 20 33 23 64 77 45 60 71 50 27 34 55 74 53,tails,regular,3
2022-10-27T01:00:00Z,17,52 74 12 16 71 77 21 9 37 28 4 36 31 54 33 42 65 73 59 35,heads,minor,3
2022-10-27T01:03:00Z,18,30 78 6 41 77 47 9 28 18 15 21 61 26 20 17 52 62 43 64 23,heads,regular,2
2022-10-27T01:06:00Z,19,30 32 59 75 29 62 8 58 12 9 37 66 46 70 45 79 24 76 69 54,tails,minor,2
2022-10-27T01:09:00Z,20,57 45 25 13 80 8 73 28 77 67 53 35 19 58 76 46 40 48 32 3,tails,regular,1
2022-10-27T01:12:00Z,21,58 54 6 66 23 64 32 68 73 17 44 11 29 48 31 16 72 55 39 34,evens,regular,2
2022-10-27T01:15:00Z,22,68 40 31 69 44 49 73 6 59 79 26 28 52 48 56 4 27 30 14 55,tails,regular,1
2022-10-27T01:18:00Z,23,41 18 76 24 1 51 54 69 65 5 70 63 72 8 2 39 10 3 75 56,tails,minor,1
2022-10-27T01:21:00Z,24,57 28 2 37 30 5 72 47 20 46 33 80 8 24 26 34 41 48 62 77,heads,regular,2
2022-10-27T01:24:00Z,26,14 9 69 38 31 32 54 17 75 64 22 24 1 46 52 50 15 71 80 45,evens,major,3
2022-10-27T01:27:00Z,27,25 22 65 44 18 78 64 49 45 33 70 17 21 9 39 41 72 34 73 79,tails,minor,2
2022-10-27T01:30:00Z,28,25 56 79 37 50 3 4 71 36 39 46 73 55 58 62 51 6 54 34 63,tails,regular,1
2022-10-27T01:33:00Z,29,54 13 33 39 20 52 50 17 24 10 60 63 26 53 49 48 46 3 11 72,evens,major,1
2022-10-27T01:36:00Z,30,73 38 47 24 53 10 11 21 13 2 69 56 34 37 49 25 68 76 6 18,heads,minor,1
2022-10-27T01:39:00Z,31,67 45 32 64 71 1 19 40 37 8 41 69 48 43 73 34 59 2 7 66,tails,minor,3
2022-10-27T01:42:00Z,32,59 58 53 70 77 18 50 10 75 2 28 72 36 60 9 29 46 37 26 78,tails,major,1
2022-10-27T01:45:00Z,33,31 28 80 35 39 38 58 43 42 56 55 20 72 17 52 7 13 33 3 50,heads,minor,4
2022-10-27T01:48:00Z,35,1 29 55 19 11 23 16 12 4 71 26 49 48 18 76 77 27 64 75 14,heads,regular,1
2022-10-27T01:51:00Z,36,8 64 61 3 37 31 58 80 7 56 72 11 65 76 79 4 77 40 73 52,tails,regular,1
2022-10-27T01:54:00Z,37,60 66 5 70 31 19 71 53 23 28 65 44 6 51 33 42 15 47 73 17,tails,regular,2
2022-10-27T01:57:00Z,38,5 53 71 52 22 16 15 63 75 14 8 29 32 33 79 17 66 18 57 54,heads,regular,3
2022-10-27T02:00:00Z,39,25 35 51 66 34 55 74 3 19 70 76 57 18 38 30 5 2 7 52 61,heads,regular,1
2022-10-27T02:03:00Z,40,38 31 34 55 57 39 74 9 66 56 7 54 1 62 78 20 11 65 23 40,heads,regular,1
2022-10-27T02:06:00Z,41,46 44 4 75 40 6 71 8 21 25 76 47 12 36 79 27 3 32 34 43,heads,regular,3
2022-10-27T02:09:00Z,42,77 61 2 16 32 9 21 1 76 19 75 10 12 40 54 64 39 17 57 20,heads,regular,2
2022-10-27T02:12:00Z,44,70 16 30 31 62 9 79 37 3 43 29 21 51 44 46 1 6 28 74 42,heads,major,1
2022-10-27T02:15:00Z,45,54 49 63 48 46 45 25 41 3 13 2 61 35 73 29 75 65 7 34 71,tails,regular,2
2022-10-27T02:18:00Z,46,11 76 21 31 12 53 48 16 38 57 23 49 30 8 63 5 52 62 17 67,heads,minor,3
2022-10-27T02:21:00Z,47,25 45 33 2 69 6 68 75 80 49 37 32 17 13 40 64 31 42 47 3,heads,regular,1
2022-10-27T02:24:00Z,48,46 24 80 20 9 48 28 26 13 43 55 53 31 70 4 63 71 25 8 3,heads,regular,3
2022-10-27T02:27:00Z,49,18 78 61 30 73 24 19 28 20 26 8 42 71 65 45 5 58 52 23 25,heads,regular,2
2022-10-27T02:30:00Z,50,21 63 29 27 6 71 78 33 61 60 32 72 30 1 67 41 40 18 56 68,evens,minor,1
2022-10-27T02:33:00Z,51,35 28 17 61 37 2 39 19 69 52 27 63 36 21 16 53 38 64 72 23,heads,minor,4
2022-10-27T02:36:00Z,53,32 38 41 5 36 67 6 45 65 35 55 28 61 16 34 52 7 11 25 48,heads,regular,3
2022-10-27T02:39:00Z,54,44 62 27 76 3 75 52 37 50 7 4 23 9 14 45 11 30 36 33 6,heads,regular,2
2022-10-27T02:42:00Z,55,53 11 74 52 17 13 47 65 30 67 41 79 70 32 37 23 12 9 78 39,evens,regular,2
2022-10-27T02:45:00Z,56,19 42 53 40 32 51 80 77 45 22 14 6 57 9 49 41 59 2 76 62,tails,regular,2
2022-10-27T02:48:00Z,57,20 71 78 16 17 33 5 65 9 32 26 44 62 21 68 18 55 12 45 67,heads,major,2
2022-10-27T02:51:00Z,58,7 14 75 27 42 26 28 47 54 3 12 67 13 76 44 5 6 8 48 36,heads,major,3
2022-10-27T02:54:00Z,59,73 61 76 27 68 22 32 52 62 39 44 17 47 38 26 58 55 6 56 25,tails,regular,1
2022-10-27T02:57:00Z,60,30 14 29 4 26 5 54 36 64 61 56 72 79 33 23 40 17 8 44 60,heads,regular,1
2022-10-27T03:00:00Z,62,31 25 26 16 67 9 1 64 43 18 63 75 7 37 78 21 3 41 52 60,heads,regular,1
2022-10-27T03:03:00Z,63,78 30 57 40 15 41 6 49 73 59 26 2 46 52 11 27 66 29 17 65,evens,regular,1
2022-10-27T03:06:00Z,64,19 23 60 56 80 35 78 34 3 16 53 10 63 59 6 22 37 69 1 39,heads,minor,3
2022-10-27T03:09:00Z,65,80 48 18 59 21 9 17 43 22 24 4 56 16 45 63 79 66 1 25 58,evens,regular,5
2022-10-27T03:12:00Z,66,59 44 69 72 63 18 58 51 34 46 56 21 28 3 73 42 74 60 45 20,tails,regular,10
2022-10-27T03:15:00Z,67,61 18 65 58 64 70 79 59 71 39 34 37 44 55 57 19 51 28 73 52,tails,regular,3
2022-10-27T03:18:00Z,68,49 64 72 47 13 28 25 54 8 11 80 45 29 42 2 12 44 59 26 17,evens,minor,5
2022-10-27T03:21:00Z,69,31 52 78 40 35 22 24 33 71 42 13 29 32 25 62 2 3 63 18 77,heads,regular,2
2022-10-27T03:24:00Z,71,55 68 66 11 54 14 8 38 74 19 20 35 65 78 23 10 16 52 34 9,heads,regular,2
2022-10-27T03:27:00Z,72,23 35 38 34 46 11 15 21 18 43 7 42 58 20 66 75 32 40 68 71,heads,minor,3
2022-10-27T03:30:00Z,73,69 28 80 33 43 75 65 22 40 35 16 36 13 24 67 59 61 71 10 55,evens,regular,1
2022-10-27T03:33:00Z,74,72 63 5 18 60 45 4 56 22 74 65 2 78 62 29 9 12 6 14 51,evens,regular,1
2022-10-27T03:36:00Z,75,50 55 32 56 12 59 35 74 76 57 51 64 40 34 65 71 14 18 20 61,tails,regular,1
2022-10-27T03:39:00Z,76,7 56 48 71 10 80 43 13 45 6 44 8 79 31 37 23 54 5 75 41,tails,regular,2
2022-10-27T03:42:00Z,77,40 31 54 17 55 36 65 71 7 10 26 11 39 4 8 79 68 6 22 60,heads,minor,1
2022-10-27T03:45:00Z,78,41 72 48 30 10 17 8 9 13 18 14 55 23 39 33 61 22 25 74 54,heads,regular,1
2022-10-27T03:48:00Z,80,28 60 17 33 76 54 13 75 52 77 44 80 10 21 12 3 73 14 47 57,tails,regular,2
2022-10-27T03:51:00Z,81,47 77 11 37 78 6 63 67 40 64 68 12 75 60 30 28 22 25 31 27,heads,minor,2
2022-10-27T03:54:00Z,82,58 69 1 20 23 4 40 21 73 50 25 71 65 78 45 34 54 13 14 51,evens,major,3
2022-10-27T03:57:00Z,83,39 11 46 63 44 12 16 38 19 68 33 29 49 35 55 43 23 17 21 72,heads,regular,1
2022-10-27T04:00:00Z,84,79 26 30 4 44 75 62 52 65 76 1 8 77 78 58 74 39 31 59 29,tails,regular,1
2022-10-27T04:03:00Z,85,21 47 10 15 61 68 5 20 42 54 19 52 16 58 9 57 59 50 55 73,tails,regular,2
2022-10-27T04:06:00Z,86,44 38 21 4 18 27 35 69 41 1 63 62 74 15 56 57 20 22 60 9,heads,regular,1
2022-10-27T04:09:00Z,87,15 34 64 2 21 31 30 73 56 38 5 22 44 39 26 43 57 6 68 11,heads,minor,2
2022-10-27T04:12:00Z,89,43 30 28 61 15 68 69 55 4 25 5 35 60 1 51 76 36 58 11 7,heads,regular,2
2022-10-27T04:15:00Z,90,12 47 42 13 6 27 18 45 50 2 15 29 43 14 26 22 19 33 61 66,heads,regular,2
2022-10-27T04:18:00Z,91,70 6 49 15 16 45 36 5 56 57 12 71 63 60 11 23 42 67 22 32,evens,regular,4
2022-10-27T04:21:00Z,92,64 60 74 59 4 40 47 55 69 23 46 65 53 73 79 17 51 18 28 41,tails,regular,3
2022-10-27T04:24:00Z,93,74 3 61 49 75 34 38 29 25 36 44 79 80 8 76 12 64 35 60 41,tails,regular,1
2022-10-27T04:27:00Z,94,67 31 68 32 78 62 61 71 10 3 24 75 77 16 50 64 53 7 59 52,tails,regular,2
2022-10-27T04:30:00Z,95,73 74 15 53 41 4 28 60 25 51 55 3 39 1 36 48 50 26 44 69,tails,regular,2
2022-10-27T04:33:00Z,96,47 60 75 66 20 44 39 43 13 79 70 9 29 1 51 22 37 4 46 71,tails,minor,3
2022-10-27T04:36:00Z,98,51 63 49 10 13 14 5 22 62 46 26 67 45 53 76 17 43 55 38 58,tails,regular,1
2022-10-27T04:39:00Z,99,23 17 79 16 9 76 61 44 34 70 49 21 75 60 72 53 47 45 5 8,tails,regular,2
2022-10-27T04:42:00Z,100,72 26 39 46 71 10 51 21 77 47 45 18 24 6 3 74 62 50 43 55,tails,regular,2
2022-10-27T04:45:00Z,101,3 30 28 66 13 23 50 80 69 37 24 25 71 41 78 47 43 5 19 39,heads,regular,2
2022-10-27T04:48:00Z,102,35 54 46 10 17 36 34 55 19 7 61 80 58 25 8 38 20 37 27 48,heads,regular,1
2022-10-27T04:51:00Z,103,21 18 7 4 31 57 60 5 3 8 68 33 29 40 52 42 75 14 62 15,heads,regular,2
2022-10-27T04:54:00Z,104,21 75 31 5 27 23 74 11 69 59 49 45 42 29 57 55 25 13 3 41,evens,regular,5
2022-10-27T04:57:00Z,105,74 8 57 19 30 10 42 56 64 34 24 11 2 50 53 80 27 54 58 36,evens,regular,1
2022-10-27T05:00:00Z,107,39 66 29 63 25 32 55 47 80 73 64 43 14 71 58 56 16 27 11 12,tails,regular,3
2022-10-27T05:03:00Z,108,11 74 44 7 3 45 5 36 73 68 67 65 55 54 16 47 37 77 62 21,tails,regular,3
2022-10-27T05:06:00Z,109,55 10 12 8 80 31 17 40 23 44 60 3 15 48 56 43 51 13 1 4,heads,regular,3
2022-10-27T05:09:00Z,110,80 45 10 53 35 30 77 31 4 62 76 16 8 70 39 60 15 61 48 9,evens,minor,3
2022-10-27T05:12:00Z,111,21 69 39 2 47 77 29 22 80 57 40 64 67 31 75 76 70 68 12 43,tails,regular,3
2022-10-27T05:15:00Z,112,10 9 70 2 80 27 65 31 37 35 42 66 11 22 4 78 76 51 53 15,heads,minor,2
2022-10-27T05:18:00Z,113,50 52 58 72 20 67 34 29 80 33 12 39 62 40 30 47 13 36 55 41,evens,regular,3
2022-10-27T05:21:00Z,114,15 53 29 3 65 67 41 49 56 31 76 12 9 50 59 58 57 46 64 13,tails,minor,1
2022-10-27T05:24:00Z,116,58 57 1 9 8 5 7 47 75 43 31 11 77 74 63 46 45 13 42 25,tails,regular,1
2022-10-27T05:27:00Z,117,32 18 78 53 43 70 27 23 41 48 29 36 76 58 61 9 57 55 35 75,tails,regular,3
2022-10-27T05:30:00Z,118,21 74 28 64 80 60 29 54 19 57 71 33 58 62 8 35 31 49 68 26,tails,regular,10
2022-10-27T05:33:00Z,119,68 36 48 25 37 20 10 28 67 27 23 57 60 63 79 8 49 51 80 16,evens,regular,1
2022-10-27T05:36:00Z,120,2 78 29 44 50 74 32 35 46 14 61 25 42 39 55 40 22 23 4 51,heads,minor,2
2022-10-27T05:39:00Z,121,25 45 18 58 50 46 39 8 41 74 40 43 10 31 78 15 55 76 23 11,evens,regular,1
2022-10-27T05:42:00Z,122,31 16 56 40 61 51 54 63 28 1 30 32 78 59 14 19 46 45 35 13,heads,minor,4
2022-10-27T05:45:00Z,123,24 61 66 54 70 39 35 47 11 15 80 68 64 26 53 20 56 45 6 67,tails,minor,1
2022-10-27T05:48:00Z,125,78 22 15 5 34 45 36 27 4 66 21 25 30 41 53 51 23 49 59 6,heads,regular,2
2022-10-27T05:51:00Z,126,77 54 51 19 17 14 38 4 2 53 65 47 18 26 66 41 13 27 32 34,heads,regular,1
2022-10-27T05:54:00Z,127,50 63 75 70 79 35 24 3 41 68 66 55 48 14 67 10 64 76 4 56,tails,regular,2
2022-10-27T05:57:00Z,128,78 10 26 5 79 13 76 72 60 14 28 25 43 51 34 54 9 23 77 29,heads,major,2
2022-10-27T06:00:00Z,129,65 49 43 53 60 52 18 13 67 33 61 8 29 11 34 4 24 21 73 10,heads,regular,1
2022-10-27T06:03:00Z,130,3 23 36 77 68 21 58 70 47 14 11 18 59 5 63 4 76 35 8 66,heads,regular,1
2022-10-27T06:06:00Z,131,39 22 70 5 3 45 1 23 19 62 44 26 12 33 14 27 36 59 52 43,heads,regular,1
2022-10-27T06:09:00Z,132,28 45 74 30 52 27 77 56 12 53 54 3 79 2 41 19 14 55 65 47,tails,regular,3
2022-10-27T06:12:00Z,134,37 30 77 9 47 46 60 48 29 7 10 28 12 64 78 20 43 67 22 18,heads,regular,2
2022-10-27T06:15:00Z,135,62 37 9 50 5 60 69 55 25 46 44 71 77 29 76 47 52 61 58 80,tails,regular,1
2022-10-27T06:18:00Z,136,40 30 53 29 36 54 70 3 33 8 1 75 11 14 24 73 38 2 42 22,heads,minor,1
2022-10-27T06:21:00Z,137,51 27 70 77 26 11 1 45 71 57 20 29 55 72 61 37 80 19 68 39,tails,minor,3
2022-10-27T06:24:00Z,138,67 46 71 75 74 18 51 15 58 44 27 7 33 79 56 80 30 42 6 38,tails,regular,2
2022-10-27T06:27:00Z,139,24 11 13 53 70 1 33 3 42 51 35 59 69 68 62 72 22 49 52 18,tails,regular,1
2022-10-27T06:30:00Z,140,12 25 75 9 58 48 18 16 35 72 38 24 41 42 3 67 14 70 73 69,evens,major,3
2022-10-27T06:33:00Z,141,48 43 24 31 75 59 9 49 1 62 28 34 23 45 21 14 36 26 16 13,heads,regular,1
2022-10-27T06:36:00Z,143,74 11 14 30 29 46 53 43 80 23 5 9 1 72 67 59 7 54 55 26,evens,regular,4
2022-10-27T06:39:00Z,144,52 32 38 27 43 56 4 39 72 57 30 70 20 11 55 40 78 64 22 6,heads,regular,3
2022-10-27T06:42:00Z,145,12 31 71 67 79 65 54 16 47 8 49 5 40 48 56 73 52 11 72 68,tails,regular,3
2022-10-27T06:45:00Z,146,75 54 76 33 50 77 4 21 61 58 73 44 18 65 25 46 62 34 45 26,tails,regular,1
2022-10-27T06:48:00Z,147,63 42 8 30 44 80 74 10 57 21 48 34 26 1 12 25 23 61 28 20,heads,regular,3
2022-10-27T06:51:00Z,148,38 21 28 65 20 26 47 15 39 34 13 57 61 53 16 3 25 46 12 55,heads,regular,1
2022-10-27T06:54:00Z,149,24 52 22 66 46 56 11 49 38 26 36 10 23 67 34 54 70 32 42 5,heads,minor,3
2022-10-27T06:57:00Z,150,80 57 46 77 22 33 26 14 75 11 61 76 79 62 4 74 40 12 29 58,tails,regular,10
2022-10-27T07:00:00Z,152,51 78 71 74 8 13 10 69 7 40 29 65 57 75 34 61 1 3 67 22,evens,minor,1
2022-10-27T07:03:00Z,153,63 19 52 66 77 74 23 49 48 53 17 11 62 51 60 1 61 47 29 35,tails,minor,2
2022-10-27T07:06:00Z,154,52 8 29 68 77 61 16 36 20 5 42 31 33 69 70 62 67 58 35 12,evens,major,4
2022-10-27T07:09:00Z,155,72 5 67 54 43 22 23 1 39 61 13 2 70 64 45 56 35 14 15 62,evens,minor,3
2022-10-27T07:12:00Z,156,71 8 42 60 63 21 41 44 74 43 32 14 75 34 13 11 38 54 6 58,tails,minor,1
2022-10-27T07:15:00Z,157,66 51 22 17 32 20 59 64 58 6 75 74 55 63 60 16 23 24 40 10,evens,minor,1
2022-10-27T07:18:00Z,158,13 59 16 31 15 75 30 54 57 3 34 38 50 21 18 46 68 39 24 19,heads,regular,1
2022-10-27T07:21:00Z,159,59 45 39 40 50 49 61 63 74 41 78 47 26 22 77 80 30 23 10 24,tails,regular,1
2022-10-27T07:24:00Z,161,56 22 17 47 44 62 53 50 11 28 66 51 21 43 73 29 18 64 26 45,tails,minor,3
2022-10-27T07:27:00Z,162,32 7 78 36 10 67 39 26 25 62 5 71 1 18 73 42 34 12 40 27,heads,regular,5
2022-10-27T07:30:00Z,163,16 53 10 1 67 47 26 51 45 52 32 54 37 15 11 38 41 66 44 73,tails,regular,3
2022-10-27T07:33:00Z,164,51 1 35 79 38 57 18 17 71 21 10 45 67 43 44 66 63 6 26 39,evens,regular,1
2022-10-27T07:36:00Z,165,6 61 21 68 3 16 22 63 62 32 29 73 39 18 45 15 78 80 52 76,evens,regular,3
2022-10-27T07:39:00Z,166,35 22 18 39 78 8 38 67 55 13 26 49 73 9 21 42 70 19 34 48,heads,major,2
2022-10-27T07:42:00Z,167,33 43 69 6 54 72 59 16 40 7 79 3 57 70 10 56 34 28 45 4,evens,major,1
2022-10-27T07:45:00Z,168,48 54 38 22 26 49 57 42 30 18 47 29 40 24 60 13 74 66 75 25,evens,regular,1
2022-10-27T07:48:00Z,170,68 61 79 14 56 3 67 22 4 43 64 40 5 37 25 20 26 34 8 41,heads,regular,1
2022-10-27T07:51:00Z,171,46 43 53 31 44 64 63 51 9 77 79 17 73 7 55 14 23 22 29 26,tails,minor,3
2022-10-27T07:54:00Z,172,34 13 29 54 61 66 37 16 60 44 76 55 63 79 73 5 58 65 59 51,tails,major,4
2022-10-27T07:57:00Z,173,69 49 68 38 44 27 41 6 8 46 16 28 72 47 66 54 55 19 65 26,tails,minor,2
2022-10-27T08:00:00Z,174,74 63 59 7 52 13 30 69 6 42 45 34 67 49 40 4 12 79 2 9,evens,regular,3
2022-10-27T08:03:00Z,175,77 79 13 22 50 39 71 47 23 49 37 28 51 64 18 34 68 16 10 75,evens,minor,2
2022-10-27T08:06:00Z,176,58 79 33 69 6 31 8 16 49 42 3 55 23 50 13 60 61 37 25 78,evens,regular,3
2022-10-27T08:09:00Z,177,57 34 9 56 8 31 44 63 69 39 13 52 2 15 74 30 21 64 67 42,evens,minor,4
2022-10-27T08:12:00Z,179,47 56 57 14 52 4 21 9 76 34 2 39 19 60 44 66 16 11 22 45,heads,regular,1
2022-10-27T08:15:00Z,180,26 12 51 22 75 65 29 39 35 3 46 66 67 55 6 53 70 36 60 57,tails,regular,1
2022-10-27T08:18:00Z,181,80 26 77 78 51 69 2 17 30 60 72 3 27 58 33 44 70 19 24 42,tails,regular,2
2022-10-27T08:21:00Z,182,5 4 7 32 21 16 74 2 14 6 80 18 39 20 36 1 64 63 77 54,heads,regular,1
2022-10-27T08:24:00Z,183,1 9 48 25 79 46 49 30 15 58 71 28 68 18 11 26 35 22 78 76,heads,minor,1
2022-10-27T08:27:00Z,184,39 27 37 22 31 19 41 18 42 59 79 6 62 9 52 65 16 57 55 14,heads,regular,3
2022-10-27T08:30:00Z,185,55 29 35 2 37 51 52 22 53 69 67 43 73 36 72 62 24 59 14 42,tails,regular,1
2022-10-27T08:33:00Z,186,75 57 12 2 11 24 34 26 19 40 41 25 44 10 8 15 63 60 66 80,heads,regular,3
2022-10-27T08:36:00Z,188,32 72 55 37 56 25 66 53 22 71 26 80 65 23 50 20 38 73 36 28,evens,minor,1
2022-10-27T08:39:00Z,189,71 41 14 58 5 32 36 9 31 51 18 48 29 47 77 75 8 28 46 27,heads,minor,1
2022-10-27T08:42:00Z,190,9 15 8 72 41 79 40 37 43 7 62 10 53 20 25 28 52 78 42 27,heads,minor,3
2022-10-27T08:45:00Z,191,35 25 14 4 1 54 58 74 47 69 59 5 66 63 49 32 67 20 31 60,tails,regular,3
2022-10-27T08:48:00Z,192,3 37 26 58 16 79 48 36 29 8 27 43 59 61 22 64 73 72 65 23,evens,regular,2
2022-10-27T08:51:00Z,193,47 13 40 69 24 80 5 61 27 70 52 3 16 76 17 32 68 44 4 59,evens,regular,1
2022-10-27T08:54:00Z,194,72 54 56 3 39 24 64 62 15 31 6 48 74 19 55 49 80 78 47 37,tails,minor,3
2022-10-27T08:57:00Z,195,24 54 37 35 19 23 78 64 77 75 13 3 66 9 30 51 46 34 18 10,heads,minor,2
2022-10-27T09:00:00Z,197,74 72 68 67 19 65 29 30 76 44 50 26 57 5 78 75 48 1 28 16,tails,minor,1
2022-10-27T09:03:00Z,198,54 6 36 13 8 41 34 20 55 23 77 73 19 71 76 12 29 49 1 33,heads,minor,1
2022-10-27T09:06:00Z,199,38 5 21 39 20 65 43 14 49 70 46 52 67 23 57 41 58 56 69 1,tails,regular,1
2022-10-27T09:09:00Z,200,70 23 20 27 6 49 21 75 56 26 1 10 38 74 57 79 7 52 55 65,evens,minor,2
2022-10-27T09:12:00Z,201,30 72 64 66 33 79 45 5 6 9 7 55 13 56 8 19 14 73 2 31,heads,regular,2
2022-10-27T09:15:00Z,202,73 14 50 28 20 60 59 75 64 40 45 51 77 44 47 41 55 66 19 74,tails,regular,1
2022-10-27T09:18:00Z,203,80 75 49 44 45 47 21 29 73 27 10 69 31 55 41 40 61 43 33 13,tails,minor,3
2022-10-27T09:21:00Z,204,20 63 79 24 9 72 12 1 19 40 45 73 60 6 41 71 34 53 50 4,evens,regular,2
2022-10-27T09:24:00Z,206,58 68 21 6 76 44 43 37 64 15 66 18 70 50 9 60 1 40 62 73,tails,regular,3
2022-10-27T09:27:00Z,207,4 29 71 18 45 3 20 31 16 67 35 34 23 76 49 69 64 14 44 72,heads,minor,2
2022-10-27T09:30:00Z,208,47 67 79 15 4 38 35 62 54 1 18 59 74 68 71 64 19 73 66 43,tails,regular,2
2022-10-27T09:33:00Z,209,26 71 78 29 40 21 55 65 52 28 7 42 73 72 67 1 57 59 50 49,tails,regular,1
2022-10-27T09:36:00Z,210,5 34 37 6 69 16 43 68 62 80 50 33 59 2 1 67 25 65 8 56,evens,regular,1
2022-10-27T09:39:00Z,211,31 29 5 30 66 16 74 79 34 62 4 7 26 11 21 15 53 69 22 48,heads,regular,2
2022-10-27T09:42:00Z,212,14 10 50 8 51 58 48 33 13 66 31 38 61 15 45 74 19 32 23 20,heads,minor,1
2022-10-27T09:45:00Z,213,52 61 29 10 4 45 64 63 9 80 65 79 77 30 31 73 13 70 37 67,tails,regular,2
2022-10-27T09:48:00Z,215,59 80 66 9 41 17 19 40 73 46 61 56 38 28 22 43 5 20 48 49,tails,regular,1
2022-10-27T09:51:00Z,216,63 20 55 39 19 1 6 11 8 49 78 43 70 71 56 32 24 5 75 76,evens,regular,2
2022-10-27T09:54:00Z,217,60 25 79 44 30 24 63 77 1 43 17 53 48 64 75 12 8 35 10 78,tails,regular,2
2022-10-27T09:57:00Z,218,14 43 67 76 68 53 4 17 23 11 69 22 51 70 28 45 57 9 48 35,tails,regular,2
2022-10-27T10:00:00Z,219,36 38 25 59 50 30 43 72 31 78 12 4 21 34 45 76 77 41 1 64,evens,regular,1
2022-10-27T10:03:00Z,220,72 45 76 10 50 22 77 58 46 11 30 6 41 1 60 37 68 5 43 52,tails,regular,2
2022-10-27T10:06:00Z,221,2 8 67 21 50 69 7 24 18 47 73 38 61 77 53 11 59 45 27 15,evens,minor,4
2022-10-27T10:09:00Z,222,47 9 42 59 3 55 63 21 11 23 73 20 26 49 18 67 29 34 38 31,heads,minor,1
2022-10-27T10:12:00Z,224,15 41 35 57 16 17 68 53 40 3 67 63 23 49 38 20 26 55 58 18,heads,regular,1
2022-10-27T10:15:00Z,225,10 55 51 52 78 73 26 23 69 42 21 47 8 15 44 9 33 12 34 49,evens,minor,1
2022-10-27T10:18:00Z,226,25 29 42 10 61 80 71 28 62 17 70 23 77 11 8 40 66 12 63 6,heads,regular,2
2022-10-27T10:21:00Z,227,15 25 13 64 5 51 52 16 78 73 10 22 17 43 32 77 14 2 44 41,heads,regular,1
2022-10-27T10:24:00Z,228,66 50 75 51 61 35 56 32 79 21 77 28 53 10 25 76 34 52 30 26,tails,minor,2
2022-10-27T10:27:00Z,229,70 30 71 36 33 45 77 12 66 8 69 18 63 58 65 14 1 79 20 37,evens,major,3
2022-10-27T10:30:00Z,230,58 8 74 9 20 29 39 23 80 65 16 41 35 61 75 34 3 4 48 26,heads,minor,3
2022-10-27T10:33:00Z,231,41 51 63 75 36 26 68 40 58 13 80 66 19 61 43 56 20 32 47 17,tails,regular,1
2022-10-27T10:36:00Z,233,65 28 72 39 57 37 42 75 52 11 60 19 51 15 24 5 67 46 23 30,evens,regular,1
2022-10-27T10:39:00Z,234,54 4 2 43 74 8 22 60 11 40 16 15 6 70 9 61 31 45 30 5,heads,regular,3
2022-10-27T10:42:00Z,235,45 74 67 19 4 75 43 63 3 12 16 39 15 57 55 31 30 61 24 34,heads,major,1
2022-10-27T10:45:00Z,236,64 45 42 30 52 5 25 39 40 33 73 78 1 36 8 47 35 63 66 27,heads,major,3
2022-10-27T10:48:00Z,237,16 65 17 30 56 23 28 4 10 48 46 55 51 25 7 24 76 66 80 40,heads,major,1
2022-10-27T10:51:00Z,238,46 9 26 66 54 68 60 74 43 49 45 67 27 57 18 50 37 5 30 47,tails,regular,2
2022-10-27T10:54:00Z,239,69 11 59 66 67 39 13 75 77 27 41 40 44 5 12 24 14 56 6 29,heads,regular,3
2022-10-27T10:57:00Z,240,72 71 69 44 9 12 68 41 18 53 49 74 58 56 55 24 6 36 2 15,tails,minor,1
2022-10-27T11:00:00Z,242,3 14 34 32 73 40 54 31 53 64 42 27 10 63 29 39 2 50 37 75,heads,minor,4
2022-10-27T11:03:00Z,243,37 73 28 27 33 71 75 79 52 24 8 70 7 29 51 74 61 19 18 60,evens,regular,2
2022-10-27T11:06:00Z,244,10 68 15 70 24 2 35 63 45 53 6 80 61 71 31 50 3 29 77 4,evens,regular,1
2022-10-27T11:09:00Z,245,18 61 8 44 75 38 78 32 59 39 50 56 4 19 34 47 68 23 5 62,evens,regular,1
2022-10-27T11:12:00Z,246,72 16 40 65 42 33 68 17 74 51 34 54 11 20 80 64 30 26 32 50,evens,regular,1
2022-10-27T11:15:00Z,247,38 39 6 58 49 34 7 10 66 5 26 64 45 32 21 50 73 70 30 28,heads,minor,1
2022-10-27T11:18:00Z,248,2 42 25 17 71 70 59 10 52 67 64 39 78 4 58 8 24 44 35 26,evens,regular,2
2022-10-27T11:21:00Z,249,35 42 60 27 3 17 74 46 54 62 28 4 53 47 56 8 6 43 66 49,tails,regular,2
2022-10-27T11:24:00Z,251,2 58 35 50 70 77 48 56 60 34 41 63 21 5 43 45 49 8 47 23,tails,minor,1
2022-10-27T11:27:00Z,252,48 74 40 70 53 32 50 59 55 4 68 2 76 41 11 46 51 25 8 49,tails,regular,4
2022-10-27T11:30:00Z,253,78 15 51 9 18 52 53 68 59 20 48 54 57 19 35 60 50 58 63 70,tails,minor,2
2022-10-27T11:33:00Z,254,37 10 17 65 7 20 23 24 11 38 75 55 28 15 66 67 53 41 58 62,heads,minor,4
2022-10-27T11:36:00Z,255,71 8 50 4 72 53 32 80 68 75 29 59 51 19 48 76 9 61 73 55,tails,regular,3
2022-10-27T11:39:00Z,256,30 10 2 58 39 56 60 29 41 46 67 44 59 24 80 23 71 73 22 50,tails,regular,1
2022-10-27T11:42:00Z,257,16 79 77 40 9 21 78 71 59 69 7 12 26 44 5 19 39 50 2 30,heads,regular,2
2022-10-27T11:45:00Z,258,1 65 57 42 75 20 64 33 69 68 14 31 36 66 38 61 39 63 77 12,tails,minor,3
2022-10-27T11:48:00Z,260,29 58 38 43 14 51 50 68 41 79 39 59 75 55 45 4 21 71 26 76,tails,regular,1
2022-10-27T11:51:00Z,261,61 16 19 15 22 60 18 43 30 39 53 31 75 7 42 21 32 23 26 79,heads,regular,3
2022-10-27T11:54:00Z,262,56 23 10 78 25 4 77 30 65 60 7 8 31 22 35 42 79 28 34 49,heads,minor,3
2022-10-27T11:57:00Z,263,66 2 23 14 59 67 31 24 79 17 71 46 65 64 74 29 73 21 51 52,tails,minor,1
2022-10-27T12:00:00Z,264,1 10 5 45 64 16 11 4 24 20 78 57 25 26 31 69 59 33 32 49,heads,major,1
2022-10-27T12:03:00Z,265,8 23 66 72 9 30 24 78 2 18 71 45 63 27 80 69 34 68 57 17,evens,regular,1
2022-10-27T12:06:00Z,266,38 21 79 6 12 39 2 68 18 16 78 59 25 44 72 63 20 57 24 80,heads,regular,3
2022-10-27T12:09:00Z,267,3 25 54 80 2 5 58 26 79 51 67 50 23 61 45 47 78 37 11 20,tails,regular,2
2022-10-27T12:12:00Z,269,36 65 30 3 61 28 52 20 9 44 50 63 80 68 40 75 66 45 56 76,tails,regular,1
2022-10-27T12:15:00Z,270,45 6 11 61 36 47 62 71 37 52 54 67 7 34 29 9 33 74 50 48,tails,regular,3
2022-10-27T12:18:00Z,271,35 74 57 47 25 44 28 75 78 3 36 10 58 26 65 68 39 14 16 77,evens,regular,2
2022-10-27T12:21:00Z,272,47 42 30 8 58 46 37 33 52 38 25 40 22 77 55 35 80 26 15 70,heads,regular,2
2022-10-27T12:24:00Z,273,57 55 77 54 79 74 36 24 50 32 53 60 40 38 34 76 67 59 62 65,tails,regular,1
2022-10-27T12:27:00Z,274,74 7 28 80 14 54 18 78 29 68 58 36 11 76 49 2 69 1 46 15,evens,regular,1
2022-10-27T12:30:00Z,275,58 59 10 66 68 34 72 50 69 28 23 39 17 36 9 60 45 8 6 78,evens,minor,1
2022-10-27T12:33:00Z,276,69 72 24 74 5 37 25 21 33 4 2 40 6 79 22 73 66 47 80 18,heads,regular,1
2022-10-27T12:36:00Z,278,35 37 11 61 78 68 42 57 80 34 51 23 33 7 10 25 67 41 47 3,evens,regular,2
2022-10-27T12:39:00Z,279,66 70 68 59 44 31 55 80 20 24 54 23 45 38 39 21 57 64 8 41,tails,minor,1
2022-10-27T12:42:00Z,280,11 2 10 26 67 32 39 55 43 25 27 28 33 50 16 36 72 30 68 46,heads,regular,3
2022-10-27T12:45:00Z,281,59 2 24 54 33 66 30 28 78 38 34 69 42 4 46 74 61 12 72 3,evens,minor,3
2022-10-27T12:48:00Z,282,31 16 37 62 3 41 66 61 64 19 70 49 68 6 63 32 39 50 67 9,tails,minor,1
2022-10-27T12:51:00Z,283,29 54 16 10 61 19 75 34 23 59 51 52 69 66 6 25 36 46 41 32,evens,regular,3
2022-10-27T12:54:00Z,284,15 46 47 69 48 13 24 8 42 57 18 78 74 56 25 34 2 22 60 23,evens,regular,3
2022-10-27T12:57:00Z,285,19 62 80 14 24 63 18 37 67 77 65 48 29 27 79 60 16 3 33 17,heads,regular,4
2022-10-27T13:00:00Z,287,78 71 64 6 30 75 12 38 8 67 1 26 23 74 51 62 39 63 25 24,heads,regular,1
2022-10-27T13:03:00Z,288,49 36 45 6 78 11 25 39 69 51 43 55 47 1 70 72 16 9 59 53,tails,regular,1
2022-10-27T13:06:00Z,289,14 71 33 42 3 69 6 7 35 65 9 64 17 49 24 10 55 11 1 68,heads,regular,1
2022-10-27T13:09:00Z,290,33 71 48 72 31 5 50 66 53 4 77 22 61 65 19 43 28 57 14 78,tails,regular,1
2022-10-27T13:12:00Z,291,40 18 74 64 79 22 34 7 58 20 57 31 25 63 76 50 49 48 62 28,tails,regular,1
2022-10-27T13:15:00Z,292,63 45 10 31 62 18 5 70 32 38 44 34 57 68 15 33 29 79 49 53,evens,minor,1
2022-10-27T13:18:00Z,293,55 18 37 23 32 67 20 24 54 65 21 17 1 9 57 42 2 79 6 71,heads,minor,2
2022-10-27T13:21:00Z,294,64 15 10 41 31 61 79 45 46 30 53 76 72 37 22 59 12 51 33 71,tails,regular,1
2022-10-27T13:24:00Z,296,1 61 28 78 51 27 34 47 15 45 52 25 12 68 46 37 23 22 8 76,heads,regular,3
2022-10-27T13:27:00Z,297,71 46 32 23 57 51 18 61 20 53 30 17 38 43 75 7 21 62 47 22,evens,regular,3
2022-10-27T13:30:00Z,298,77 54 10 72 7 35 76 74 1 70 31 47 46 23 37 51 32 49 80 33,tails,regular,1
2022-10-27T13:33:00Z,299,8 43 69 75 32 28 17 19 20 12 71 2 38 41 59 10 66 68 15 76,heads,minor,4
2022-10-27T13:36:00Z,300,30 22 63 11 14 67 12 71 18 15 56 42 49 50 34 62 44 8 77 19,evens,major,2
2022-10-27T13:39:00Z,301,18 76 24 61 34 26 7 71 67 6 12 77 22 60 32 64 14 3 58 52,heads,minor,2
2022-10-27T13:42:00Z,302,31 10 18 17 7 20 56 24 9 66 36 5 41 55 61 47 2 8 50 68,heads,regular,3
2022-10-27T13:45:00Z,303,45 12 4 7 78 2 64 3 37 43 57 24 35 75 50 65 68 40 19 15,heads,major,1
2022-10-27T13:48:00Z,305,64 55 69 28 14 40 2 71 26 51 54 58 24 57 5 80 60 59 10 48,tails,regular,2
2022-10-27T13:51:00Z,306,6 45 48 37 64 52 28 26 55 56 21 15 29 30 25 70 44 53 80 12,evens,regular,3
2022-10-27T13:54:00Z,307,67 56 70 72 61 54 42 29 14 10 30 3 45 32 26 77 64 73 76 75,tails,minor,2
2022-10-27T13:57:00Z,308,42 68 36 13 33 24 34 38 1 9 49 76 35 57 6 11 39 41 30 3,heads,regular,1
2022-10-27T14:00:00Z,309,6 10 64 25 76 51 44 58 55 12 19 5 53 16 21 50 29 75 40 14,heads,regular,1
2022-10-27T14:03:00Z,310,67 3 58 21 62 73 27 2 16 56 15 70 49 23 22 14 31 77 29 39,heads,regular,5
2022-10-27T14:06:00Z,311,31 36 77 58 47 32 42 6 45 16 38 61 9 12 79 15 29 10 62 39,heads,regular,3
2022-10-27T14:09:00Z,312,11 62 5 41 26 77 27 19 57 17 39 43 75 24 56 31 32 34 51 15,heads,minor,2
2022-10-27T14:12:00Z,314,36 56 4 57 14 50 15 3 16 67 5 43 22 62 46 13 23 65 41 30,heads,regular,2
2022-10-27T14:15:00Z,315,45 13 6 74 77 72 78 9 29 75 31 68 49 52 80 50 24 14 57 58,tails,minor,2
2022-10-27T14:18:00Z,316,7 48 8 35 42 22 27 17 49 2 13 38 40 55 76 18 20 32 77 24,heads,regular,3
2022-10-27T14:21:00Z,317,73 6 66 70 13 31 24 14 52 53 16 3 65 75 32 11 22 64 57 17,heads,major,2
2022-10-27T14:24:00Z,318,15 25 16 71 29 61 32 26 4 53 13 33 28 68 54 45 73 8 19 17,heads,regular,2
2022-10-27T14:27:00Z,319,71 68 37 6 11 3 65 45 62 33 49 40 78 8 25 44 72 53 48 21,tails,regular,2
2022-10-27T14:30:00Z,320,25 74 37 3 1 73 48 18 26 7 75 14 66 21 4 40 57 65 15 2,heads,regular,1
2022-10-27T14:33:00Z,321,79 38 26 7 61 18 66 21 6 77 60 50 14 70 33 28 58 47 29 12,heads,regular,1
2022-10-27T14:36:00Z,323,21 72 22 70 32 16 17 60 46 44 45 27 18 77 23 68 49 29 65 31,evens,minor,1
2022-10-27T14:39:00Z,324,57 21 70 46 36 62 50 51 61 39 29 47 60 76 44 73 6 8 13 7,tails,minor,3
2022-10-27T14:42:00Z,325,34 76 21 48 60 8 40 80 6 41 65 53 11 26 69 2 73 18 27 7,heads,regular,1
2022-10-27T14:45:00Z,326,62 70 34 58 2 59 72 44 38 67 49 7 4 35 61 14 68 9 15 63,tails,regular,1
2022-10-27T14:48:00Z,327,26 32 80 41 2 58 11 16 7 68 74 5 23 52 39 48 33 75 13 4,heads,regular,3
2022-10-27T14:51:00Z,328,17 69 27 60 39 55 37 47 3 46 28 35 19 18 7 4 44 22 78 26,heads,regular,1
2022-10-27T14:54:00Z,329,70 45 69 11 46 74 65 52 2 47 40 13 18 54 80 48 31 50 44 7,tails,regular,1
2022-10-27T14:57:00Z,330,80 5 48 79 42 76 61 18 27 46 66 68 62 75 12 56 9 35 73 43,tails,regular,3
2022-10-27T15:00:00Z,332,37 51 80 56 6 32 44 42 2 16 61 47 13 66 65 49 4 19 79 77,tails,regular,2
2022-10-27T15:03:00Z,333,73 38 11 80 12 70 40 59 76 26 77 10 35 69 27 33 15 72 29 74,heads,regular,1
2022-10-27T15:06:00Z,334,16 13 63 27 28 43 69 35 77 20 2 72 66 39 22 56 48 74 26 17,heads,regular,1
2022-10-27T15:09:00Z,335,2 78 48 16 37 44 76 55 26 63 7 35 40 10 3 20 45 52 1 64,heads,major,1
2022-10-27T15:12:00Z,336,32 1 50 63 2 48 29 59 38 64 73 16 69 27 9 36 22 55 37 4,heads,regular,2
2022-10-27T15:15:00Z,337,68 15 28 78 14 65 36 29 3 57 34 50 16 19 11 77 5 35 25 26,heads,regular,1
2022-10-27T15:18:00Z,338,28 62 45 77 52 34 24 74 38 36 46 48 3 79 20 78 27 35 44 59,tails,regular,1
2022-10-27T15:21:00Z,339,9 44 35 25 33 73 72 39 80 56 69 75 42 53 27 40 48 63 38 50,tails,regular,10
2022-10-27T15:24:00Z,341,42 4 80 12 57 3 28 51 31 52 61 19 48 55 71 33 7 47 63 1,tails,regular,1
2022-10-27T15:27:00Z,342,80 30 72 15 57 14 37 61 59 54 11 1 65 55 24 32 28 51 36 20,heads,minor,1
2022-10-27T15:30:00Z,343,5 71 61 4 10 38 58 16 53 78 14 39 62 35 32 18 24 48 51 50,heads,major,1
2022-10-27T15:33:00Z,344,79 55 73 57 64 44 29 27 80 60 71 5 67 58 30 7 38 40 65 39,tails,regular,10
2022-10-27T15:36:00Z,345,42 2 80 75 62 36 73 22 74 9 52 18 47 49 4 35 54 17 38 46,tails,minor,1
2022-10-27T15:39:00Z,346,7 71 33 5 54 19 8 32 13 10 43 14 20 12 18 27 78 31 63 37,heads,minor,1
2022-10-27T15:42:00Z,347,1 7 48 39 63 34 41 53 31 73 18 14 29 46 66 28 35 30 47 26,heads,regular,3
2022-10-27T15:45:00Z,348,68 2 77 60 33 71 21 39 52 6 35 20 37 27 64 30 3 10 74 5,heads,regular,2
2022-10-27T15:48:00Z,350,15 26 10 46 36 48 55 6 77 47 12 33 57 43 53 67 41 73 59 5,tails,major,3
2022-10-27T15:51:00Z,351,62 44 51 13 6 39 2 17 35 1 33 78 24 45 59 27 4 37 16 31,heads,regular,3
2022-10-27T15:54:00Z,352,29 61 59 52 66 37 39 1 17 7 57 44 12 20 34 46 45 35 4 5,heads,regular,3
2022-10-27T15:57:00Z,353,16 7 42 38 74 26 33 30 43 9 6 22 34 13 76 12 68 4 71 73,heads,minor,1
2022-10-27T16:00:00Z,354,32 64 42 76 6 61 59 70 26 15 4 44 45 48 72 8 1 56 75 55,tails,regular,3
2022-10-27T16:03:00Z,355,79 46 3 64 37 72 51 48 14 17 23 6 73 18 55 31 44 54 69 33,tails,regular,1
2022-10-27T16:06:00Z,356,68 72 78 31 37 43 15 27 1 17 16 49 4 30 42 12 50 57 63 9,heads,minor,10
2022-10-27T16:09:00Z,357,75 2 51 67 23 22 68 76 48 79 19 4 31 37 28 26 33 57 78 77,evens,regular,1
2022-10-27T16:12:00Z,359,9 74 35 52 46 77 21 65 78 22 66 1 26 14 62 55 51 13 7 23,evens,regular,1
2022-10-27T16:15:00Z,360,18 71 40 54 68 73 75 52 67 39 38 44 64 29 65 13 61 5 20 41,tails,minor,2
2022-10-27T16:18:00Z,361,49 1 73 46 10 77 24 35 14 51 78 27 53 63 36 45 18 64 42 16,tails,regular,2
2022-10-27T16:21:00Z,362,41 65 77 16 38 30 33 48 54 62 6 20 42 11 76 1 58 4 18 55,evens,regular,1
2022-10-27T16:24:00Z,363,17 15 33 45 60 9 16 80 39 52 7 46 44 25 71 75 64 67 21 27,evens,regular,1
2022-10-27T16:27:00Z,364,40 75 70 37 34 10 14 47 29 38 17 71 60 31 43 27 2 50 73 5,heads,regular,1
2022-10-27T16:30:00Z,365,78 36 41 8 3 29 2 11 4 80 10 27 20 28 42 71 47 6 57 48,heads,regular,3
2022-10-27T16:33:00Z,366,73 22 78 9 31 16 39 32 15 69 63 45 17 60 2 71 10 30 12 21,heads,regular,1
2022-10-27T16:36:00Z,368,58 3 54 36 6 60 64 35 12 23 33 80 30 18 10 16 34 29 70 48,heads,regular,1
2022-10-27T16:39:00Z,369,36 5 15 71 22 47 65 73 31 49 26 77 54 79 63 32 39 60 34 58,tails,regular,10
2022-10-27T16:42:00Z,370,39 75 45 71 31 29 33 10 19 36 5 30 4 55 37 43 48 17 56 25,heads,regular,1
2022-10-27T16:45:00Z,371,67 15 39 74 38 52 73 48 30 72 28 6 9 8 2 37 17 66 7 51,heads,minor,3
2022-10-27T16:48:00Z,372,1 68 79 18 20 4 55 2 27 26 37 59 43 52 65 73 49 19 23 72,evens,regular,1
2022-10-27T16:51:00Z,373,67 1 65 35 76 19 56 2 49 20 5 46 63 72 58 43 17 7 71 10,tails,regular,5
2022-10-27T16:54:00Z,374,67 21 23 3 42 60 1 46 27 66 17 22 6 13 47 75 53 35 69 15,heads,regular,1
2022-10-27T16:57:00Z,375,30 73 35 31 76 23 5 38 29 43 13 33 65 80 64 3 53 27 44 41,heads,major,2
2022-10-27T17:00:00Z,377,75 40 10 35 21 80 23 8 44 33 51 7 2 17 67 58 71 65 25 54,heads,regular,1
2022-10-27T17:03:00Z,378,77 39 61 68 42 78 53 71 2 52 38 37 17 6 31 55 47 67 23 22,tails,minor,3
2022-10-27T17:06:00Z,379,15 50 63 48 17 29 25 56 76 19 55 68 2 46 52 47 54 69 27 26,tails,minor,2
2022-10-27T17:09:00Z,380,68 10 33 39 2 34 6 55 69 67 60 59 48 47 63 31 53 25 9 56,tails,regular,1
2022-10-27T17:12:00Z,381,20 40 31 21 42 11 13 56 52 29 65 7 37 2 51 12 62 59 71 9,heads,regular,2
2022-10-27T17:15:00Z,382,10 16 25 76 26 33 46 43 11 63 62 38 64 23 72 61 20 70 69 59,tails,regular,1
2022-10-27T17:18:00Z,383,56 80 40 11 74 67 2 21 65 19 44 59 58 5 39 28 79 51 57 76,tails,minor,3
2022-10-27T17:21:00Z,384,63 51 74 70 59 60 34 48 55 80 43 49 66 38 2 61 47 18 1 72,tails,minor,3
2022-10-27T17:24:00Z,386,30 39 55 77 53 3 12 6 38 72 18 29 60 63 61 19 59 8 9 13,heads,minor,2
2022-10-27T17:27:00Z,387,79 41 42 43 39 33 68 62 71 16 26 24 65 8 15 51 10 25 46 48,tails,regular,1
2022-10-27T17:30:00Z,388,32 79 45 71 36 47 2 57 62 31 4 30 80 54 25 11 42 8 3 33,heads,regular,2
2022-10-27T17:33:00Z,389,56 68 60 64 7 13 46 57 76 32 79 36 78 34 27 70 72 6 24 58,tails,regular,1
2022-10-27T17:36:00Z,390,56 76 51 40 7 60 43 32 2 59 73 8 70 16 75 19 42 27 44 74,tails,minor,1
2022-10-27T17:39:00Z,391,13 8 59 1 12 74 3 70 55 73 21 79 62 41 20 26 30 42 37 6,heads,regular,1
2022-10-27T17:42:00Z,392,26 62 6 76 71 11 31 64 44 29 40 15 42 78 37 45 48 28 32 77,evens,regular,4
2022-10-27T17:45:00Z,393,66 14 17 28 74 64 37 13 77 12 7 47 45 43 49 32 10 57 51 53,tails,regular,3
2022-10-27T17:48:00Z,395,39 46 40 58 53 55 32 77 68 66 15 7 50 71 26 61 69 29 63 22,tails,regular,1
2022-10-27T17:51:00Z,396,13 55 68 56 76 57 43 71 74 32 37 78 29 52 1 54 7 12 22 62,tails,regular,1
2022-10-27T17:54:00Z,397,49 65 1 50 18 79 43 13 28 59 16 68 75 78 7 8 51 20 64 21,tails,regular,1
2022-10-27T17:57:00Z,398,19 79 75 50 18 72 27 73 10 14 25 48 49 59 42 35 66 8 47 76,tails,minor,1
2022-10-27T18:00:00Z,399,37 36 31 42 6 25 43 78 54 52 14 39 74 18 63 51 29 27 50 75,evens,minor,2
2022-10-27T18:03:00Z,400,57 70 35 65 19 20 45 56 74 10 23 9 28 7 27 76 48 18 55 42,evens,minor,2
2022-10-27T18:06:00Z,401,3 80 15 30 8 6 17 48 44 74 51 25 34 5 13 64 52 38 50 53,heads,regular,1
2022-10-27T18:09:00Z,402,17 42 12 50 16 39 78 13 67 76 32 75 27 56 24 79 57 44 28 65,tails,regular,1
2022-10-27T18:12:00Z,404,62 26 65 72 16 5 68 9 33 34 63 36 15 8 53 66 46 25 35 48,heads,major,1
2022-10-27T18:15:00Z,405,1 23 37 32 25 78 73 74 27 69 33 21 41 58 65 39 62 31 53 16,heads,regular,1
2022-10-27T18:18:00Z,406,31 61 54 11 72 74 29 36 78 45 10 4 64 76 46 14 25 16 57 6,evens,major,3
2022-10-27T18:21:00Z,407,62 26 65 67 2 68 49 64 71 14 7 16 61 10 37 72 59 58 77 23,tails,regular,1
2022-10-27T18:24:00Z,408,32 38 41 4 33 65 52 74 60 42 68 47 54 36 67 75 30 59 49 48,tails,major,3
2022-10-27T18:27:00Z,409,48 6 24 59 50 38 4 36 44 33 7 37 78 69 34 12 19 45 68 56,heads,major,1
2022-10-27T18:30:00Z,410,76 71 42 34 69 23 43 50 25 13 80 31 63 70 64 74 60 61 67 62,tails,minor,2
2022-10-27T18:33:00Z,411,62 61 58 37 73 65 20 36 25 11 31 76 18 52 74 69 28 49 70 72,tails,regular,1
2022-10-27T18:36:00Z,413,18 6 70 58 31 47 69 48 79 25 52 38 55 61 37 42 16 33 32 1,evens,regular,1
2022-10-27T18:39:00Z,414,41 57 42 20 3 35 19 13 30 6 54 76 52 49 2 32 46 68 44 23,evens,regular,3
2022-10-27T18:42:00Z,415,36 24 54 27 50 71 74 41 63 62 13 65 6 28 19 76 20 80 18 38,evens,minor,2
2022-10-27T18:45:00Z,416,34 13 72 54 25 48 79 58 37 10 75 12 6 9 66 23 50 57 62 49,tails,regular,2
2022-10-27T18:48:00Z,417,75 41 63 56 74 23 78 45 25 76 67 18 31 66 54 48 50 46 37 38,tails,regular,1
2022-10-27T18:51:00Z,418,30 16 72 76 26 62 61 50 44 56 73 57 75 38 20 8 47 34 58 3,tails,regular,2
2022-10-27T18:54:00Z,419,77 58 17 60 16 22 67 52 79 3 5 48 69 42 35 64 21 18 23 10,evens,regular,1
2022-10-27T18:57:00Z,420,43 1 63 42 32 34 11 73 54 44 46 13 19 39 51 75 9 74 80 8,tails,minor,2
2022-10-27T19:00:00Z,422,10 18 79 40 43 80 55 1 68 45 62 31 11 50 14 30 42 48 13 38,evens,regular,1
2022-10-27T19:03:00Z,423,20 21 15 76 63 35 11 32 22 18 43 41 73 47 17 31 66 39 14 42,heads,regular,3
2022-10-27T19:06:00Z,424,48 20 73 31 80 46 60 43 35 7 15 70 40 44 27 50 55 64 61 58,tails,regular,10
2022-10-27T19:09:00Z,425,77 59 27 39 68 75 45 10 30 25 37 56 24 7 71 80 12 29 36 35,heads,regular,10
2022-10-27T19:12:00Z,426,27 72 38 7 31 71 24 42 43 2 50 30 9 39 47 10 11 76 65 44,heads,regular,2
2022-10-27T19:15:00Z,427,21 27 14 59 39 22 5 29 70 24 1 34 67 66 80 73 44 45 61 38,heads,regular,2
2022-10-27T19:18:00Z,428,9 66 61 51 48 17 7 74 8 14 6 26 71 75 20 32 58 30 53 45,evens,regular,2
2022-10-27T19:21:00Z,429,50 26 44 49 68 38 43 3 42 76 47 58 36 34 18 63 16 73 51 46,tails,regular,3
2022-10-27T19:24:00Z,431,63 70 54 16 79 27 4 29 66 58 36 20 22 34 69 55 25 74 1 3,heads,minor,10
2022-10-27T19:27:00Z,432,38 42 47 21 79 29 31 80 78 27 19 17 12 77 65 20 22 51 2 16,heads,regular,1
2022-10-27T19:30:00Z,433,72 32 77 18 66 58 79 55 62 40 1 41 38 10 26 35 5 17 73 75,evens,regular,2
2022-10-27T19:33:00Z,434,6 79 21 59 8 36 15 14 57 33 47 1 34 60 62 65 72 5 12 76,heads,regular,1
2022-10-27T19:36:00Z,435,7 30 72 36 18 3 25 16 57 46 11 14 9 1 53 73 22 24 27 62,heads,regular,3
2022-10-27T19:39:00Z,436,75 16 62 4 51 30 31 53 76 67 71 25 5 61 49 42 27 70 10 59,tails,regular,1
2022-10-27T19:42:00Z,437,19 52 35 5 31 51 46 80 11 18 24 10 6 1 33 73 54 55 70 43,heads,regular,1
2022-10-27T19:45:00Z,438,42 63 4 28 12 32 36 27 11 37 66 3 64 1 47 50 2 40 78 7,heads,regular,3
2022-10-27T19:48:00Z,440,73 69 56 65 14 45 42 49 33 67 61 60 13 18 52 5 7 28 43 23,tails,minor,10
2022-10-27T19:51:00Z,441,48 40 62 58 15 17 53 59 64 26 30 45 65 43 18 41 79 27 31 36,tails,regular,3
2022-10-27T19:54:00Z,442,61 12 56 55 31 2 63 11 36 58 6 39 4 74 9 21 46 29 5 28,heads,minor,3
2022-10-27T19:57:00Z,443,32 46 18 75 77 3 38 7 9 25 64 2 11 79 21 76 59 31 65 30,heads,regular,1
2022-10-27T20:00:00Z,444,13 51 54 75 4 14 15 57 33 32 17 66 42 35 8 60 70 62 5 28,heads,regular,1
2022-10-27T20:03:00Z,445,51 1 11 57 29 38 16 3 54 56 21 74 31 28 19 2 66 44 43 18,heads,major,3
2022-10-27T20:06:00Z,446,20 41 10 29 71 64 50 16 62 46 60 42 72 69 2 68 12 6 43 36,tails,regular,2
2022-10-27T20:09:00Z,447,20 59 37 63 25 4 45 70 47 30 17 23 69 29 46 21 19 3 51 61,heads,minor,3
2022-10-27T20:12:00Z,449,43 54 20 11 42 73 5 22 51 47 58 69 39 40 60 29 67 50 16 6,tails,minor,1
2022-10-27T20:15:00Z,450,18 14 51 29 36 21 4 40 77 58 68 80 62 69 27 52 26 7 59 75,evens,regular,1
2022-10-27T20:18:00Z,451,63 46 29 80 56 66 13 2 12 32 37 25 1 36 28 9 73 4 77 67,heads,regular,3
2022-10-27T20:21:00Z,452,17 77 16 78 53 57 56 36 46 44 73 21 13 27 8 19 20 70 6 79,evens,regular,3
2022-10-27T20:24:00Z,453,67 6 19 41 47 48 77 26 13 79 52 22 27 9 66 72 44 35 50 64,tails,regular,2
2022-10-27T20:27:00Z,454,36 14 9 32 72 69 29 71 26 16 62 28 63 60 53 57 65 68 80 47,tails,regular,2
2022-10-27T20:30:00Z,455,55 6 39 35 65 16 3 31 36 44 43 33 68 45 76 13 11 66 38 19,heads,minor,2
2022-10-27T20:33:00Z,456,8 51 30 37 66 57 1 61 71 52 58 72 38 78 44 3 36 43 68 50,tails,regular,3
2022-10-27T20:36:00Z,458,56 67 46 71 10 66 72 29 69 24 25 35 47 18 75 6 39 80 32 15,evens,regular,2
2022-10-27T20:39:00Z,459,8 13 77 70 40 2 56 79 65 67 47 63 34 42 49 55 73 22 59 51,tails,regular,3
2022-10-27T20:42:00Z,460,61 73 14 11 79 80 31 24 12 1 46 54 42 62 7 76 8 39 67 36,evens,minor,10
2022-10-27T20:45:00Z,461,35 19 5 44 40 71 49 64 1 47 11 62 48 42 30 29 2 70 73 7,evens,regular,2
2022-10-27T20:48:00Z,462,14 2 79 17 27 40 8 24 78 63 3 26 32 16 45 58 34 43 71 18,heads,regular,1
2022-10-27T20:51:00Z,463,3 55 25 78 61 71 9 8 39 30 51 77 12 26 32 37 60 72 1 68,heads,regular,1
2022-10-27T20:54:00Z,464,73 63 43 80 44 47 77 58 34 66 75 52 46 42 40 23 4 33 26 14,tails,minor,2
2022-10-27T20:57:00Z,465,46 47 11 56 29 76 10 62 39 14 23 30 74 15 3 61 42 5 68 25,heads,regular,1
2022-10-27T21:00:00Z,467,50 69 17 23 10 12 21 35 63 49 25 65 64 33 13 14 19 7 74 1,heads,minor,1
2022-10-27T21:03:00Z,468,16 8 17 61 10 34 55 53 65 63 72 30 20 14 18 6 29 40 77 43,heads,regular,2
2022-10-27T21:06:00Z,469,39 76 68 79 32 53 41 45 74 3 78 7 65 20 72 80 2 64 71 69,tails,regular,2
2022-10-27T21:09:00Z,470,24 70 38 27 65 10 16 19 9 51 13 22 55 57 7 76 2 6 5 3,heads,major,1
2022-10-27T21:12:00Z,471,78 7 5 76 50 74 10 31 44 38 4 71 12 54 70 80 21 9 16 56,evens,major,2
2022-10-27T21:15:00Z,472,63 3 31 26 5 42 64 33 61 45 72 74 76 1 2 62 58 80 67 29,tails,regular,3
2022-10-27T21:18:00Z,473,72 1 17 62 9 65 45 30 10 46 3 18 39 61 24 14 13 21 31 2,heads,minor,1
2022-10-27T21:21:00Z,474,28 65 4 80 25 33 8 69 36 43 50 63 56 21 38 18 78 17 30 79,heads,regular,3
2022-10-27T21:24:00Z,476,68 37 27 54 16 42 31 5 48 32 35 60 64 18 55 71 24 79 58 62,tails,minor,3
2022-10-27T21:27:00Z,477,50 68 58 57 54 29 79 36 1 41 23 60 40 27 52 32 28 42 74 9,tails,regular,2
2022-10-27T21:30:00Z,478,62 23 66 52 73 64 29 48 68 45 11 1 31 17 14 39 28 7 67 74,evens,regular,2
2022-10-27T21:33:00Z,479,10 67 47 16 15 51 74 49 55 76 27 66 25 12 50 71 43 69 28 2,tails,minor,1
2022-10-27T21:36:00Z,480,49 59 26 48 44 76 13 36 64 8 32 57 62 61 42 24 16 25 33 73,tails,major,4
2022-10-27T21:39:00Z,481,30 12 60 70 53 28 8 39 61 41 74 17 65 45 15 31 10 2 67 34,heads,regular,1
2022-10-27T21:42:00Z,482,50 9 51 40 60 25 6 41 32 54 57 7 39 75 55 64 27 1 59 77,tails,minor,3
2022-10-27T21:45:00Z,483,9 28 76 79 32 29 7 10 8 54 1 50 60 18 64 26 4 43 15 56,heads,regular,1
2022-10-27T21:48:00Z,485,49 45 32 62 1 7 34 36 41 61 12 3 35 79 30 53 2 39 42 37,heads,minor,2
2022-10-27T21:51:00Z,486,46 67 41 57 27 79 69 17 47 29 53 30 58 54 34 12 72 51 14 32,tails,minor,2
2022-10-27T21:54:00Z,487,1 63 41 60 14 13 72 33 53 28 49 19 17 2 32 68 22 39 50 23,heads,regular,5
2022-10-27T21:57:00Z,488,7 25 27 65 13 3 46 51 71 20 58 39 10 5 56 36 69 64 43 23,heads,regular,2
2022-10-27T22:00:00Z,489,57 41 47 46 16 19 52 72 39 48 51 69 37 75 18 44 77 65 33 7,tails,minor,3
2022-10-27T22:03:00Z,490,2 66 1 51 53 61 42 21 46 59 72 35 50 58 47 69 70 13 57 24,tails,regular,1
2022-10-27T22:06:00Z,491,23 68 76 31 3 35 4 65 27 41 19 72 59 25 80 16 78 28 39 2,heads,regular,2
2022-10-27T22:09:00Z,492,1 7 20 6 47 17 13 19 21 12 68 36 38 80 29 65 41 44 52 75,heads,regular,1
2022-10-27T22:12:00Z,494,15 49 32 73 59 5 30 7 6 54 51 43 69 16 70 56 29 57 34 79,tails,regular,1
2022-10-27T22:15:00Z,495,77 67 74 65 75 18 24 38 17 11 1 62 56 15 28 35 7 36 48 27,heads,minor,2
2022-10-27T22:18:00Z,496,27 54 52 32 41 68 66 22 51 23 35 28 3 36 10 71 74 44 73 39,evens,regular,2
2022-10-27T22:21:00Z,497,53 74 71 34 12 25 43 3 30 54 33 5 20 23 9 26 2 18 39 15,heads,regular,1
2022-10-27T22:24:00Z,498,60 65 35 75 29 23 72 13 57 79 67 4 11 10 8 3 34 1 54 48,heads,minor,3
2022-10-27T22:27:00Z,499,12 43 8 15 80 21 18 69 51 22 47 74 50 71 59 9 4 36 60 13,evens,regular,1
2022-10-27T22:30:00Z,500,50 3 35 13 27 51 12 7 18 62 74 34 64 29 77 39 23 28 63 5,heads,regular,2
2022-10-27T22:33:00Z,501,51 1 22 32 55 17 58 74 7 54 2 69 57 73 50 6 80 25 39 43,tails,regular,1
2022-10-27T22:36:00Z,503,40 46 30 34 25 29 57 65 56 24 71 22 53 8 70 49 37 38 44 61,evens,regular,3
2022-10-27T22:39:00Z,504,24 73 41 3 38 10 29 70 6 44 40 53 23 18 76 31 15 42 36 14,heads,regular,1
2022-10-27T22:42:00Z,505,43 36 14 63 72 51 37 52 30 31 73 38 77 25 40 9 29 50 75 69,evens,major,1
2022-10-27T22:45:00Z,506,57 16 69 77 72 70 78 76 61 1 45 8 12 75 65 29 49 80 71 42,tails,regular,1
2022-10-27T22:48:00Z,507,47 43 52 13 41 68 23 45 65 31 44 18 24 11 20 75 42 28 1 7,evens,regular,1
2022-10-27T22:51:00Z,508,68 12 1 35 30 8 32 76 11 73 80 34 46 55 48 74 10 54 70 47,tails,regular,2
2022-10-27T22:54:00Z,509,61 70 67 32 39 3 52 76 24 10 59 45 60 19 66 31 77 72 44 34,tails,regular,2
2022-10-27T22:57:00Z,510,53 64 71 8 76 30 73 18 67 66 61 60 46 52 68 33 28 22 10 19,tails,regular,1
2022-10-27T23:00:00Z,512,15 31 79 57 16 38 50 51 49 64 20 72 6 32 75 35 61 4 3 68,evens,minor,3
2022-10-27T23:03:00Z,513,45 18 32 67 7 3 63 23 34 21 79 19 12 37 55 31 10 2 59 14,heads,regular,3
2022-10-27T23:06:00Z,514,48 31 29 25 11 67 72 41 57 15 69 55 9 4 49 13 2 3 40 42,heads,minor,1
2022-10-27T23:09:00Z,515,69 78 72 11 31 34 57 30 15 37 1 66 28 67 48 74 49 32 33 38,heads,regular,3
2022-10-27T23:12:00Z,516,20 47 73 80 32 66 76 79 70 16 55 51 75 17 25 27 60 14 68 26,tails,major,1
2022-10-27T23:15:00Z,517,80 56 45 68 76 4 5 31 59 34 39 42 36 1 18 57 32 78 6 21,heads,major,1
2022-10-27T23:18:00Z,518,78 23 42 29 4 38 15 39 11 65 41 37 51 36 16 53 6 64 30 9,heads,regular,2
2022-10-27T23:21:00Z,519,31 13 71 58 26 7 21 35 20 9 76 70 79 59 18 47 27 49 62 38,heads,regular,3
2022-10-27T23:24:00Z,521,50 14 11 78 58 75 49 24 22 69 1 40 52 51 29 27 71 63 61 12,tails,regular,3
2022-10-27T23:27:00Z,522,63 24 22 71 6 69 7 76 78 1 48 19 59 35 10 80 67 54 16 74,tails,regular,1
2022-10-27T23:30:00Z,523,35 74 5 25 70 52 60 34 11 20 24 55 80 22 67 41 28 33 47 79,evens,regular,4
2022-10-27T23:33:00Z,524,45 22 29 41 33 1 66 12 52 20 38 44 19 77 74 39 48 46 79 30,evens,regular,1
2022-10-27T23:36:00Z,525,64 21 19 69 52 40 74 25 55 27 75 73 78 76 59 3 35 63 18 48,tails,major,3
2022-10-27T23:39:00Z,526,55 68 10 32 78 19 20 13 31 43 26 69 65 27 49 50 63 9 6 77,evens,regular,2
2022-10-27T23:42:00Z,527,29 38 71 70 5 58 68 79 2 10 41 51 27 21 69 1 42 6 73 37,evens,regular,2
2022-10-27T23:45:00Z,528,16 2 23 17 49 20 48 1 69 70 56 80 35 5 75 30 76 60 67 4,evens,regular,2
2022-10-27T23:48:00Z,530,30 34 28 62 66 32 31 55 6 56 8 29 14 23 40 38 7 72 70 25,heads,regular,3
2022-10-27T23:51:00Z,531,50 3 39 61 68 67 44 25 74 66 7 37 55 75 78 72 57 43 32 79,tails,regular,2
2022-10-27T23:54:00Z,532,40 14 21 33 8 79 61 66 32 74 46 52 68 41 11 73 76 23 28 38,evens,regular,1
2022-10-27T23:57:00Z,533,78 35 53 26 18 17 2 43 13 67 71 69 66 68 14 70 6 27 31 1,heads,regular,2
2022-10-28T00:00:00Z,534,75 7 50 27 56 52 79 73 28 64 45 40 35 70 15 65 10 23 3 53,tails,regular,3
2022-10-28T00:03:00Z,535,74 36 22 45 10 59 47 72 41 48 69 29 32 17 30 24 75 38 67 40,evens,regular,2
2022-10-28T00:06:00Z,536,53 16 68 79 71 4 59 49 74 31 48 51 34 22 58 26 18 72 60 76,tails,regular,1
2022-10-28T00:09:00Z,537,23 29 69 52 61 66 59 34 20 32 15 30 37 62 74 26 46 57 28 43,evens,regular,3
2022-10-28T00:12:00Z,539,35 51 24 12 69 59 66 61 65 40 47 9 42 22 41 55 56 5 57 19,tails,minor,1
2022-10-28T00:15:00Z,540,43 32 50 11 17 64 24 63 29 34 67 72 36 21 52 75 73 71 79 53,tails,regular,3
2022-10-28T00:18:00Z,541,2 59 3 43 77 33 20 49 60 78 16 70 41 24 9 8 50 65 7 53,tails,major,1
2022-10-28T00:21:00Z,542,6 80 15 22 41 46 29 2 70 50 60 71 13 34 66 48 45 68 18 49,tails,regular,3
2022-10-28T00:24:00Z,543,56 39 58 68 21 55 69 27 76 29 23 1 15 72 38 46 25 71 32 70,evens,regular,3
2022-10-28T00:27:00Z,544,63 75 43 21 4 12 25 10 78 55 34 37 67 80 51 56 72 1 7 20,evens,minor,2
2022-10-28T00:30:00Z,545,35 73 10 26 34 27 64 37 3 56 68 79 12 18 47 42 39 76 72 45,evens,regular,3
2022-10-28T00:33:00Z,546,12 67 19 41 43 57 76 73 66 63 77 5 40 71 30 65 53 29 49 10,tails,regular,1
2022-10-28T00:36:00Z,548,1 45 67 17 68 23 38 14 4 54 3 70 72 32 50 12 7 48 6 26,heads,regular,1
2022-10-28T00:39:00Z,549,17 68 10 33 77 57 12 41 79 43 37 76 19 15 13 39 34 56 62 45,evens,regular,3
2022-10-28T00:42:00Z,550,6 80 76 58 50 22 32 49 53 55 47 64 40 46 37 74 17 15 28 63,tails,regular,1
2022-10-28T00:45:00Z,551,45 64 40 26 11 66 19 16 6 43 56 3 76 35 8 7 58 4 54 80,heads,regular,1
2022-10-28T00:48:00Z,552,74 53 3 65 16 29 2 38 77 73 22 61 76 20 33 23 80 48 6 45,evens,minor,2
2022-10-28T00:51:00Z,553,75 2 41 35 65 66 21 6 4 20 19 9 27 32 30 23 31 73 15 45,heads,regular,3
2022-10-28T00:54:00Z,554,12 9 60 56 44 27 78 2 36 73 10 40 35 28 18 54 62 4 80 8,heads,regular,1
2022-10-28T00:57:00Z,555,8 18 49 64 14 3 60 59 28 24 12 31 22 78 26 16 6 35 17 36,heads,regular,3
2022-10-28T01:00:00Z,557,29 14 31 78 68 8 74 34 73 42 51 35 23 57 38 39 4 2 30 61,heads,regular,2
2022-10-28T01:03:00Z,558,52 18 51 3 75 40 9 80 5 17 24 36 4 73 44 41 77 79 54 58,tails,regular,2
2022-10-28T01:06:00Z,559,63 3 74 58 50 17 13 30 7 43 34 41 14 33 75 45 22 40 51 1,heads,regular,2
2022-10-28T01:09:00Z,560,49 80 9 12 23 78 55 69 63 11 68 32 47 18 53 50 72 60 70 36,tails,minor,3
2022-10-28T01:12:00Z,561,26 3 43 4 63 33 74 8 50 67 12 80 54 39 76 34 25 57 37 72,evens,regular,3
2022-10-28T01:15:00Z,562,36 32 48 4 23 50 19 80 57 52 15 34 74 37 77 1 39 16 40 42,heads,regular,2
2022-10-28T01:18:00Z,563,53 18 42 51 43 5 26 13 76 47 7 79 69 70 45 72 78 74 21 49,tails,regular,1
2022-10-28T01:21:00Z,564,67 42 30 74 45 17 65 79 63 20 60 51 48 2 57 5 13 52 34 36,tails,regular,2
2022-10-28T01:24:00Z,566,47 54 66 26 57 77 9 35 22 76 32 27 51 59 79 16 62 18 13 11,evens,regular,1
2022-10-28T01:27:00Z,567,46 47 45 32 61 20 63 35 54 36 66 72 30 77 65 73 22 15 33 17,tails,regular,1
2022-10-28T01:30:00Z,568,35 68 11 14 50 39 22 17 76 42 40 18 73 75 53 24 44 49 69 21,evens,regular,2
2022-10-28T01:33:00Z,569,16 30 72 17 15 50 53 77 32 43 28 31 74 47 49 41 12 22 46 55,tails,regular,2
2022-10-28T01:36:00Z,570,77 49 30 47 54 44 51 14 9 55 60 80 50 56 69 42 32 21 13 11,tails,regular,2
2022-10-28T01:39:00Z,571,38 23 27 69 24 11 78 3 5 20 17 29 72 43 13 34 42 58 56 28,heads,regular,2
2022-10-28T01:42:00Z,572,35 17 30 48 6 56 69 47 22 68 34 23 51 46 24 36 19 50 78 3,heads,regular,1
2022-10-28T01:45:00Z,573,26 46 13 74 36 78 35 47 60 34 20 65 42 43 3 16 44 28 38 5,heads,regular,2
2022-10-28T01:48:00Z,575,57 69 33 79 48 3 23 76 39 8 11 62 13 60 10 36 53 77 26 31,heads,minor,2
2022-10-28T01:51:00Z,576,69 71 4 7 8 53 79 1 78 6 24 11 44 63 27 15 2 40 13 77,heads,regular,1
2022-10-28T01:54:00Z,577,42 18 34 1 51 63 73 45 46 48 21 29 31 33 79 3 57 11 74 35,evens,regular,3
2022-10-28T01:57:00Z,578,9 46 14 24 55 6 75 78 22 32 64 60 79 35 50 69 29 5 17 13,heads,regular,5
2022-10-28T02:00:00Z,579,17 59 67 20 42 77 50 33 48 19 58 23 16 73 40 72 38 18 35 68,evens,regular,1
2022-10-28T02:03:00Z,580,3 56 61 32 52 55 74 72 41 30 76 38 7 31 25 79 28 37 12 65,evens,minor,1
2022-10-28T02:06:00Z,581,27 18 43 49 65 61 17 40 66 64 73 36 6 9 21 42 67 78 8 39,evens,minor,3
2022-10-28T02:09:00Z,582,80 67 26 25 14 59 55 69 64 44 4 78 41 12 28 74 60 51 27 5,tails,regular,1
2022-10-28T02:12:00Z,584,40 55 47 20 53 29 65 49 14 34 4 45 42 66 31 63 76 19 78 62,tails,minor,1
2022-10-28T02:15:00Z,585,28 51 77 15 35 1 49 39 43 56 36 53 66 54 20 50 9 13 5 46,evens,major,1
2022-10-28T02:18:00Z,586,28 56 27 60 64 44 18 20 16 48 66 54 34 76 33 58 52 7 49 31,tails,regular,3
2022-10-28T02:21:00Z,587,2 62 34 68 22 54 43 47 33 10 18 67 74 8 32 39 7 59 60 45,evens,minor,2
2022-10-28T02:24:00Z,588,40 9 21 63 60 51 48 77 19 18 16 6 14 62 58 64 46 4 71 76,tails,minor,10
2022-10-28T02:27:00Z,589,75 42 13 48 20 62 24 16 46 79 7 77 55 72 18 14 5 73 76 27,tails,regular,2
2022-10-28T02:30:00Z,590,28 2 78 55 50 45 70 1 17 4 11 19 14 48 60 67 63 77 3 39,evens,minor,1
2022-10-28T02:33:00Z,591,36 38 43 58 68 51 10 64 7 50 72 28 41 47 54 60 77 2 21 23,tails,minor,3
2022-10-28T02:36:00Z,593,33 43 18 50 21 10 46 69 74 76 72 16 29 78 11 25 64 41 60 55,tails,regular,3
2022-10-28T02:39:00Z,594,3 52 44 19 72 70 10 16 25 80 67 76 54 55 68 37 49 32 7 78,tails,major,1
2022-10-28T02:42:00Z,595,80 38 2 30 44 55 24 40 76 51 16 8 35 29 19 69 33 4 11 67,heads,regular,2
2022-10-28T02:45:00Z,596,50 79 63 54 58 17 2 23 64 27 8 39 71 5 43 19 32 3 28 77,heads,regular,1
2022-10-28T02:48:00Z,597,69 53 3 24 70 45 66 22 63 58 32 43 71 2 38 36 39 25 5 15,heads,regular,3
2022-10-28T02:51:00Z,598,9 4 25 40 48 66 16 79 71 42 77 55 11 46 36 41 80 27 28 44,tails,regular,2
2022-10-28T02:54:00Z,599,52 79 24 31 37 72 53 71 12 57 22 19 9 3 46 76 4 34 39 44,heads,minor,2
2022-10-28T02:57:00Z,600,44 54 69 66 73 80 25 77 64 20 19 7 32 68 26 22 34 12 40 62,evens,regular,3
2022-10-28T03:00:00Z,602,68 12 70 33 77 14 62 63 1 44 20 54 46 48 34 26 21 18 66 50,tails,major,1
2022-10-28T03:03:00Z,603,56 3 61 16 52 78 2 23 31 28 7 12 60 18 4 67 39 22 34 57,heads,regular,3
2022-10-28T03:06:00Z,604,43 74 20 27 80 78 14 52 30 22 37 47 21 44 54 50 42 48 36 79,tails,minor,2
2022-10-28T03:09:00Z,605,54 69 65 63 42 11 35 68 61 13 32 4 60 3 64 57 67 70 44 45,tails,regular,10
2022-10-28T03:12:00Z,606,29 42 8 32 68 24 49 50 52 66 26 10 40 71 45 75 39 43 74 30,tails,regular,1
2022-10-28T03:15:00Z,607,19 20 9 55 67 38 39 70 76 72 5 31 65 77 22 58 4 13 42 54,evens,regular,2
2022-10-28T03:18:00Z,608,7 33 30 12 25 38 48 34 13 28 10 75 52 51 76 68 18 59 67 72,heads,regular,3
2022-10-28T03:21:00Z,609,48 6 9 58 7 21 66 4 75 10 45 61 54 72 3 62 5 33 43 36,evens,minor,1
2022-10-28T03:24:00Z,611,75 62 59 21 24 41 12 48 14 8 60 49 1 19 29 5 32 28 13 51,heads,regular,1
2022-10-28T03:27:00Z,612,73 15 24 80 5 57 2 56 44 76 72 79 22 13 69 28 29 19 35 7,heads,minor,10
2022-10-28T03:30:00Z,613,30 64 16 79 51 45 78 75 52 7 61 55 40 54 35 42 41 9 59 65,tails,minor,3
2022-10-28T03:33:00Z,614,3 62 8 59 63 53 6 50 22 67 76 74 9 46 24 79 69 33 40 5,tails,major,4
2022-10-28T03:36:00Z,615,30 76 69 20 33 7 40 70 15 38 10 47 59 11 39 80 63 51 12 34,heads,regular,3
2022-10-28T03:39:00Z,616,16 7 61 24 54 10 1 48 75 51 35 46 11 13 64 47 20 14 28 76,heads,major,2
2022-10-28T03:42:00Z,617,22 39 23 29 80 2 65 55 66 48 53 18 77 25 42 16 63 71 43 24,tails,regular,1
2022-10-28T03:45:00Z,618,16 23 5 62 74 34 13 20 37 60 4 78 14 30 45 57 76 42 61 7,heads,regular,4
2022-10-28T03:48:00Z,620,71 57 10 21 46 3 25 23 24 58 30 38 29 63 45 64 8 33 56 11,heads,regular,1
2022-10-28T03:51:00Z,621,49 16 57 58 79 1 29 47 78 32 48 41 34 64 18 76 12 3 17 74,tails,regular,3
2022-10-28T03:54:00Z,622,56 44 33 57 52 45 43 78 10 80 46 4 2 26 35 50 60 72 24 37,tails,regular,1
2022-10-28T03:57:00Z,623,6 70 47 25 13 33 8 21 57 48 12 76 77 37 11 71 52 28 79 9,heads,regular,2
2022-10-28T04:00:00Z,624,8 41 25 63 1 12 10 4 21 11 68 72 59 47 2 55 58 27 17 24,heads,minor,3
2022-10-28T04:03:00Z,625,21 80 73 62 39 76 56 35 12 20 75 42 38 15 55 66 14 7 30 18,heads,regular,1
2022-10-28T04:06:00Z,626,59 9 66 8 21 78 68 15 4 28 46 54 43 65 20 63 79 36 16 44,tails,regular,2
2022-10-28T04:09:00Z,627,11 60 70 14 36 47 37 43 24 26 19 9 56 8 59 22 74 71 15 73,heads,regular,3
2022-10-28T04:12:00Z,629,68 70 51 11 13 67 40 8 1 10 19 71 2 34 28 72 73 21 66 42,heads,major,1
2022-10-28T04:15:00Z,630,37 75 77 1 2 52 27 36 47 57 6 58 60 56 25 12 45 19 62 30,evens,minor,2
2022-10-28T04:18:00Z,631,73 19 22 67 38 70 11 17 33 29 2 13 21 50 7 36 79 54 71 51,heads,minor,3
2022-10-28T04:21:00Z,632,45 3 78 59 50 55 28 12 65 20 74 14 29 18 63 56 75 32 5 68,tails,regular,2
2022-10-28T04:24:00Z,633,75 43 31 64 10 9 14 22 27 69 38 61 76 35 41 13 49 12 57 65,evens,minor,2
2022-10-28T04:27:00Z,634,9 36 37 23 31 8 41 79 56 52 13 44 49 11 71 39 3 70 22 1,heads,regular,1
2022-10-28T04:30:00Z,635,1 52 13 14 72 12 36 10 27 51 55 31 69 22 4 59 62 25 45 39,heads,regular,5
2022-10-28T04:33:00Z,636,37 51 46 14 44 53 79 64 33 68 23 19 40 63 6 15 29 35 31 38,heads,major,1
2022-10-28T04:36:00Z,638,74 17 71 28 69 61 15 23 50 20 22 43 9 51 48 60 37 40 76 49,tails,regular,3
2022-10-28T04:39:00Z,639,77 20 41 72 18 63 45 37 42 74 57 46 51 79 30 1 24 23 61 22,tails,regular,1
2022-10-28T04:42:00Z,640,52 74 50 33 20 66 56 54 30 71 13 67 63 31 15 9 14 7 40 28,heads,minor,1
2022-10-28T04:45:00Z,641,63 1 4 8 18 48 2 57 55 24 40 78 79 14 32 12 51 59 31 30,heads,minor,1
2022-10-28T04:48:00Z,642,9 44 3 68 69 76 43 11 63 52 67 26 61 25 41 1 59 27 80 19,tails,minor,2
2022-10-28T04:51:00Z,643,59 1 71 19 57 70 15 42 52 60 61 21 4 49 67 36 80 72 30 38,tails,regular,3
2022-10-28T04:54:00Z,644,75 54 35 14 3 25 60 74 16 32 76 61 20 26 42 15 18 64 40 37,heads,minor,3
2022-10-28T04:57:00Z,645,53 58 54 4 18 49 80 68 11 78 63 57 51 47 43 74 12 27 73 13,tails,regular,2
2022-10-28T05:00:00Z,647,67 79 69 35 26 76 5 25 18 20 47 27 44 37 74 1 46 14 68 43,evens,regular,3
2022-10-28T05:03:00Z,648,51 19 64 49 23 32 74 9 31 5 79 7 69 60 52 59 30 24 80 21,evens,regular,4
2022-10-28T05:06:00Z,649,33 37 76 65 62 68 77 74 11 67 29 39 24 66 79 63 73 18 14 59,tails,regular,3
2022-10-28T05:09:00Z,650,5 61 76 44 57 20 48 7 42 24 30 74 35 46 21 69 43 79 67 77,tails,regular,1
2022-10-28T05:12:00Z,651,52 63 43 72 31 57 39 76 45 21 67 66 23 68 61 18 77 28 58 48,tails,regular,1
2022-10-28T05:15:00Z,652,33 43 36 71 46 39 30 11 32 77 61 18 41 14 22 72 24 62 63 2,heads,regular,1
2022-10-28T05:18:00Z,653,75 11 33 52 21 72 77 14 47 57 36 20 4 16 17 2 79 8 68 60,heads,minor,4
2022-10-28T05:21:00Z,654,5 39 61 71 73 13 2 32 36 23 31 34 4 64 77 70 8 18 41 28,heads,minor,1
2022-10-28T05:24:00Z,656,45 65 61 58 10 20 39 52 54 72 11 31 23 53 63 35 5 28 76 43,tails,minor,2
2022-10-28T05:27:00Z,657,44 14 50 70 80 68 3 29 56 8 19 5 61 27 41 51 15 28 52 30,evens,minor,1
2022-10-28T05:30:00Z,658,50 60 9 51 56 5 18 39 75 58 68 15 10 38 30 74 77 73 1 7,evens,minor,2
2022-10-28T05:33:00Z,659,67 17 11 27 76 24 16 72 20 53 37 77 62 56 45 74 21 70 1 28,evens,regular,1
2022-10-28T05:36:00Z,660,31 12 4 9 32 73 63 50 6 40 28 75 54 71 74 65 57 56 64 45,tails,regular,1
2022-10-28T05:39:00Z,661,63 39 35 31 77 70 2 16 54 1 26 47 44 72 58 60 51 71 10 36,tails,regular,3
2022-10-28T05:42:00Z,662,46 23 18 41 39 5 67 43 72 7 62 53 65 44 40 51 8 42 32 35,tails,minor,1
2022-10-28T05:45:00Z,663,47 43 33 50 37 21 55 13 51 4 15 63 6 16 73 41 34 14 58 45,evens,regular,1
2022-10-28T05:48:00Z,665,7 57 68 20 25 71 36 75 50 65 80 77 11 47 27 2 23 42 79 54,tails,minor,3
2022-10-28T05:51:00Z,666,61 53 24 38 7 48 55 12 40 44 74 49 58 70 51 17 16 13 14 47,tails,regular,2
2022-10-28T05:54:00Z,667,30 29 69 55 26 8 2 10 25 61 40 70 71 17 64 72 31 79 43 28,heads,major,4
2022-10-28T05:57:00Z,668,79 27 74 30 64 4 55 34 61 73 69 63 59 1 11 25 19 38 44 24,evens,regular,1
2022-10-28T06:00:00Z,669,60 16 68 5 66 67 79 28 30 58 55 7 35 64 52 48 62 3 2 57,tails,regular,4
2022-10-28T06:03:00Z,670,29 45 2 63 22 4 36 64 48 56 70 32 71 78 46 74 68 27 67 54,tails,major,1
2022-10-28T06:06:00Z,671,34 48 7 60 15 57 18 55 63 79 1 65 12 74 71 27 66 51 75 20,tails,minor,2
2022-10-28T06:09:00Z,672,44 63 43 71 35 66 80 48 42 75 67 15 76 24 28 39 20 7 61 69,tails,minor,1
2022-10-28T06:12:00Z,674,57 4 23 34 62 15 43 42 39 66 10 78 74 29 6 55 49 8 30 41,evens,regular,1
2022-10-28T06:15:00Z,675,26 11 38 74 66 17 73 41 63 57 34 2 44 13 80 65 48 5 30 50,tails,regular,1
2022-10-28T06:18:00Z,676,3 66 35 9 10 73 61 79 17 18 78 33 28 43 7 63 69 30 14 29,heads,regular,1
2022-10-28T06:21:00Z,677,44 2 5 21 68 45 47 67 51 48 50 69 30 77 60 57 3 10 7 18,tails,regular,3
2022-10-28T06:24:00Z,678,72 74 57 70 45 4 34 7 59 62 28 48 17 51 54 43 39 75 55 67,tails,minor,2
2022-10-28T06:27:00Z,679,60 5 55 58 7 13 29 12 57 15 63 38 3 70 25 62 44 68 43 18,evens,minor,3
2022-10-28T06:30:00Z,680,21 11 73 33 59 69 29 1 63 56 26 46 25 41 24 35 8 77 42 52,evens,regular,2
2022-10-28T06:33:00Z,681,57 12 20 1 17 53 18 27 6 69 49 29 23 8 10 77 62 59 43 78,heads,minor,1
2022-10-28T06:36:00Z,683,65 2 58 44 72 71 19 54 24 63 41 46 52 15 27 3 34 13 77 47,tails,major,1
2022-10-28T06:39:00Z,684,71 37 48 10 55 30 69 7 56 44 33 53 4 39 31 47 32 1 61 49,evens,regular,2
2022-10-28T06:42:00Z,685,55 49 76 36 16 58 29 25 50 73 26 18 1 79 23 17 30 51 47 33,heads,regular,1
2022-10-28T06:45:00Z,686,72 48 4 76 66 57 19 31 40 50 38 17 60 12 70 78 9 15 13 29,heads,regular,3
2022-10-28T06:48:00Z,687,50 63 40 77 80 27 78 24 16 5 42 32 1 46 74 60 19 41 2 65,tails,regular,10
2022-10-28T06:51:00Z,688,31 36 56 61 54 46 69 12 13 20 57 24 45 62 32 51 14 58 21 53,tails,regular,1
2022-10-28T06:54:00Z,689,75 62 47 1 12 55 38 7 8 19 3 10 27 5 76 28 64 68 11 52,heads,regular,2
2022-10-28T06:57:00Z,690,61 24 44 3 73 65 23 77 46 66 62 39 9 2 75 1 36 7 47 70,tails,major,4
2022-10-28T07:00:00Z,692,41 70 54 18 32 14 49 21 45 30 23 80 69 57 72 66 73 3 10 1,tails,regular,1
2022-10-28T07:03:00Z,693,27 78 74 4 53 8 38 6 75 11 52 60 71 15 12 14 31 35 40 66,heads,regular,3
2022-10-28T07:06:00Z,694,53 45 62 39 12 29 67 11 63 35 47 1 51 65 24 44 77 4 59 40,tails,regular,1
2022-10-28T07:09:00Z,695,25 56 31 26 41 77 58 36 30 16 17 73 7 5 2 10 54 4 46 1,heads,regular,1
2022-10-28T07:12:00Z,696,67 36 45 51 10 25 28 39 17 75 62 3 29 68 48 1 56 19 65 11,heads,regular,1
2022-10-28T07:15:00Z,697,43 76 51 53 2 54 77 17 28 40 6 1 79 41 27 47 20 75 9 67,tails,regular,1
2022-10-28T07:18:00Z,698,74 69 35 80 64 32 34 46 38 31 50 54 66 37 70 49 6 60 29 25,tails,minor,1
2022-10-28T07:21:00Z,699,14 71 80 45 17 3 46 53 59 70 10 49 61 50 27 64 38 54 72 26,tails,regular,1
2022-10-28T07:24:00Z,701,52 55 24 48 12 73 74 3 72 58 62 67 30 47 76 40 79 35 64 31,tails,regular,1
2022-10-28T07:27:00Z,702,25 70 10 51 44 41 76 13 18 47 38 3 73 59 31 22 63 14 57 49,tails,regular,3
2022-10-28T07:30:00Z,703,53 46 52 70 65 42 73 11 64 28 50 20 14 80 10 39 37 67 43 16,tails,regular,2
2022-10-28T07:33:00Z,704,64 27 18 79 28 40 45 68 35 39 7 56 17 25 38 11 47 78 21 60,heads,regular,2
2022-10-28T07:36:00Z,705,45 68 35 58 34 57 53 72 38 21 70 40 54 15 23 1 65 48 28 22,evens,minor,1
2022-10-28T07:39:00Z,706,77 26 62 17 27 22 64 31 54 16 46 47 24 53 58 7 14 15 79 39,heads,regular,1
2022-10-28T07:42:00Z,707,64 4 27 56 68 2 21 63 32 80 58 46 6 7 65 14 73 40 72 66,tails,regular,2
2022-10-28T07:45:00Z,708,22 50 14 26 77 15 46 39 59 18 67 66 35 48 40 42 73 80 29 54,tails,regular,2
2022-10-28T07:48:00Z,710,64 52 51 77 33 42 41 56 69 45 60 39 66 2 71 70 11 47 76 4,tails,minor,2
2022-10-28T07:51:00Z,711,13 55 33 63 25 37 32 51 50 2 31 54 49 61 78 19 18 4 53 68,evens,regular,3
2022-10-28T07:54:00Z,712,49 23 7 31 39 80 66 43 24 38 30 69 2 67 79 12 71 11 10 40,heads,regular,2
2022-10-28T07:57:00Z,713,27 12 66 49 19 42 15 16 45 24 59 44 6 41 61 1 47 54 69 67,tails,major,2
2022-10-28T08:00:00Z,714,49 71 29 19 60 78 8 74 5 35 39 12 52 17 62 18 43 42 61 65,tails,regular,2
2022-10-28T08:03:00Z,715,46 40 48 73 15 44 70 23 71 3 28 54 31 59 78 41 58 61 13 16,tails,major,3
2022-10-28T08:06:00Z,716,38 47 19 21 2 58 20 50 64 34 49 80 45 75 24 78 79 1 71 36,tails,regular,3
2022-10-28T08:09:00Z,717,67 9 28 14 31 16 32 12 49 70 50 60 2 26 13 74 22 23 58 63,heads,regular,1
2022-10-28T08:12:00Z,719,55 20 78 53 67 2 40 8 44 68 18 29 58 7 54 74 50 73 51 72,tails,regular,5
2022-10-28T08:15:00Z,720,6 64 26 71 76 10 47 80 5 45 22 36 51 33 48 28 75 31 32 62,evens,major,4
2022-10-28T08:18:00Z,721,62 18 24 38 53 30 10 8 52 1 64 55 11 47 48 21 39 61 60 76,evens,regular,1
2022-10-28T08:21:00Z,722,58 19 11 66 61 59 67 5 17 13 2 65 39 47 14 10 45 63 60 7,evens,regular,1
2022-10-28T08:24:00Z,723,42 29 45 34 22 7 71 1 31 20 50 12 44 60 57 28 18 32 80 4,heads,regular,2
2022-10-28T08:27:00Z,724,16 19 32 22 61 77 40 65 60 63 49 35 11 54 68 46 36 78 74 67,tails,minor,1
2022-10-28T08:30:00Z,725,41 51 6 9 10 26 77 25 78 24 52 44 58 55 23 21 43 18 56 74,tails,regular,2
2022-10-28T08:33:00Z,726,66 14 53 49 67 36 10 5 50 37 15 77 32 6 30 55 45 60 25 21,heads,regular,2
2022-10-28T08:36:00Z,728,35 79 2 6 47 41 71 67 43 4 80 11 7 20 64 55 51 29 76 56,tails,minor,2
2022-10-28T08:39:00Z,729,70 4 5 43 9 18 47 23 69 62 27 78 34 42 50 75 53 29 64 12,tails,minor,2
2022-10-28T08:42:00Z,730,23 26 10 36 50 80 76 15 37 66 51 64 11 63 65 39 28 55 30 69,evens,regular,3
2022-10-28T08:45:00Z,731,64 51 38 74 68 22 40 21 76 2 32 78 65 29 24 28 75 33 79 31,heads,regular,2
2022-10-28T08:48:00Z,732,16 49 2 54 73 10 31 79 47 11 62 24 76 35 60 59 70 25 67 14,tails,regular,2
2022-10-28T08:51:00Z,733,2 75 68 9 37 50 52 43 41 12 3 76 71 46 4 53 47 34 78 73,tails,minor,1
2022-10-28T08:54:00Z,734,12 69 1 38 42 30 78 22 76 55 14 32 5 39 17 54 15 64 75 57,heads,regular,2
2022-10-28T08:57:00Z,735,7 14 58 33 42 72 32 66 18 61 4 78 54 59 74 15 63 36 8 65,tails,regular,3
2022-10-28T09:00:00Z,737,21 8 10 58 9 67 32 48 55 41 16 13 12 25 44 52 29 75 53 49,evens,regular,1
2022-10-28T09:03:00Z,738,71 10 50 21 2 40 14 48 46 63 41 24 42 77 61 76 74 35 60 45,tails,regular,2
2022-10-28T09:06:00Z,739,46 18 61 50 12 74 14 65 72 70 63 49 36 35 52 33 19 42 62 17,tails,major,1
2022-10-28T09:09:00Z,740,49 57 3 26 66 76 58 60 79 43 4 9 37 56 68 12 41 34 65 22,tails,minor,2
2022-10-28T09:12:00Z,741,61 51 70 56 64 6 69 46 14 40 37 11 72 41 30 27 22 26 60 45,tails,major,4
2022-10-28T09:15:00Z,742,67 61 14 29 73 59 19 18 9 63 47 46 49 53 4 21 56 51 32 71,tails,regular,10
2022-10-28T09:18:00Z,743,34 25 32 21 15 24 29 45 58 49 4 52 27 61 36 74 51 3 57 50,heads,regular,1
2022-10-28T09:21:00Z,744,51 40 76 59 42 24 6 73 1 39 50 2 25 56 15 26 68 23 60 8,heads,regular,3
2022-10-28T09:24:00Z,746,28 51 14 37 49 12 26 4 27 15 1 5 76 39 29 21 2 18 62 70,heads,regular,3
2022-10-28T09:27:00Z,747,5 39 65 66 68 33 79 76 35 45 77 19 26 53 20 22 69 30 15 17,heads,regular,3
2022-10-28T09:30:00Z,748,46 48 76 11 75 24 79 74 67 19 53 32 44 51 17 22 36 43 45 15,tails,minor,1
2022-10-28T09:33:00Z,749,29 16 38 57 18 47 68 70 15 42 73 1 33 28 60 13 44 62 6 23,heads,major,1
2022-10-28T09:36:00Z,750,18 2 80 45 63 19 78 22 64 27 51 54 44 3 21 30 46 10 37 20,heads,regular,2
2022-10-28T09:39:00Z,751,4 63 36 32 14 3 60 34 6 55 1 70 23 42 73 74 37 19 67 54,heads,major,1
2022-10-28T09:42:00Z,752,43 76 29 56 79 36 48 24 21 78 28 38 16 25 73 46 49 41 23 75,tails,regular,3
2022-10-28T09:45:00Z,753,30 58 6 59 61 69 21 5 33 4 32 35 36 39 10 45 24 29 68 52,heads,regular,3
2022-10-28T09:48:00Z,755,16 53 2 10 69 72 28 46 29 32 67 61 68 47 65 44 37 70 6 12,tails,regular,1
2022-10-28T09:51:00Z,756,76 75 29 28 30 17 38 53 35 9 4 69 25 8 18 56 5 19 79 62,heads,regular,2
2022-10-28T09:54:00Z,757,36 54 31 68 59 71 19 3 37 76 73 60 30 16 6 65 80 40 67 72,tails,regular,1
2022-10-28T09:57:00Z,758,26 34 14 27 21 51 55 42 3 50 72 8 4 58 22 48 80 20 11 77,heads,regular,1
2022-10-28T10:00:00Z,759,80 4 16 73 58 34 69 61 72 66 23 78 20 6 67 50 77 26 70 25,tails,regular,1
2022-10-28T10:03:00Z,760,53 34 74 23 25 65 76 38 80 36 12 24 2 69 60 75 64 78 54 52,tails,minor,1
2022-10-28T10:06:00Z,761,77 14 69 45 43 79 32 63 7 18 2 28 39 41 17 47 73 51 48 72,tails,minor,2
2022-10-28T10:09:00Z,762,29 7 54 72 66 19 4 73 6 34 38 71 23 9 79 45 53 8 42 37,heads,minor,4
2022-10-28T10:12:00Z,764,47 14 64 41 22 48 80 7 55 61 60 79 57 40 11 78 50 6 42 67,tails,regular,1
2022-10-28T10:15:00Z,765,30 46 73 16 31 55 64 56 60 36 74 3 75 79 38 27 29 39 54 18,evens,regular,1
2022-10-28T10:18:00Z,766,3 23 72 26 64 63 13 55 31 50 78 66 1 33 60 38 47 40 41 24,evens,regular,1
2022-10-28T10:21:00Z,767,36 2 66 28 23 47 9 70 55 76 59 6 54 12 35 25 5 48 75 46,evens,regular,2
2022-10-28T10:24:00Z,768,18 75 44 33 52 78 70 27 8 55 64 21 30 3 12 35 47 24 37 32,heads,regular,1
2022-10-28T10:27:00Z,769,64 69 27 20 72 80 11 2 14 68 38 26 24 1 35 45 63 15 75 46,heads,regular,2
2022-10-28T10:30:00Z,770,22 50 2 5 54 49 47 76 24 71 1 72 18 78 12 32 80 28 34 52,evens,regular,1
2022-10-28T10:33:00Z,771,9 48 80 57 26 69 55 41 71 54 44 72 11 37 21 62 47 50 7 56,tails,regular,2
2022-10-28T10:36:00Z,773,53 4 11 31 48 27 70 54 14 26 43 67 18 16 68 58 2 34 45 42,evens,regular,2
2022-10-28T10:39:00Z,774,7 80 12 17 59 77 2 43 27 63 5 58 13 45 47 48 15 16 62 1,evens,minor,1
2022-10-28T10:42:00Z,775,44 65 26 15 37 7 54 14 35 60 23 38 71 51 61 1 13 80 74 50,evens,regular,2
2022-10-28T10:45:00Z,776,63 57 45 79 4 37 24 38 39 41 76 66 31 1 5 54 19 43 20 77,evens,regular,2
2022-10-28T10:48:00Z,777,36 68 22 53 25 43 3 18 50 76 72 56 40 44 35 42 13 6 28 60,evens,minor,4
2022-10-28T10:51:00Z,778,40 13 43 60 55 21 46 20 24 37 9 56 8 72 15 14 7 75 11 69,heads,regular,1
2022-10-28T10:54:00Z,779,73 65 57 46 17 23 38 72 33 14 8 25 12 52 32 10 51 66 35 76,heads,minor,10
2022-10-28T10:57:00Z,780,4 41 76 35 5 79 57 15 33 56 54 72 32 24 12 77 55 69 34 19,evens,regular,2
2022-10-28T11:00:00Z,782,54 77 22 21 44 58 45 70 62 61 59 17 39 65 66 75 40 28 32 24,tails,regular,2
2022-10-28T11:03:00Z,783,51 41 56 39 33 71 58 29 45 44 16 18 21 37 72 60 74 54 9 20,tails,major,4
2022-10-28T11:06:00Z,784,55 2 60 51 20 80 12 21 66 4 11 37 40 47 24 16 69 63 6 10,heads,regular,1
2022-10-28T11:09:00Z,785,65 17 76 3 51 63 28 27 71 19 37 66 12 25 30 9 20 23 59 6,heads,regular,3
2022-10-28T11:12:00Z,786,19 35 71 28 40 12 63 57 55 24 29 69 75 61 78 49 15 14 38 20,heads,regular,1
2022-10-28T11:15:00Z,787,19 21 35 39 51 17 40 42 34 23 16 45 74 77 52 68 53 65 62 76,tails,regular,1
2022-10-28T11:18:00Z,788,35 25 13 1 46 61 42 16 73 43 39 66 6 30 17 77 50 27 52 34,heads,regular,2
2022-10-28T11:21:00Z,789,60 54 65 73 79 59 5 44 62 29 41 28 22 33 75 52 9 10 11 66,tails,minor,1
2022-10-28T11:24:00Z,791,49 30 35 19 47 27 8 53 42 26 48 24 36 41 64 16 45 39 37 29,heads,regular,1
2022-10-28T11:27:00Z,792,1 32 77 34 50 14 33 28 62 19 4 23 76 53 37 60 44 59 75 63,evens,minor,2
2022-10-28T11:30:00Z,793,7 47 79 1 11 73 14 30 61 71 54 80 77 46 48 6 66 32 15 38,tails,minor,3
2022-10-28T11:33:00Z,794,26 65 15 28 57 64 44 58 68 55 32 30 48 77 5 29 21 3 75 19,evens,regular,2
2022-10-28T11:36:00Z,795,56 52 21 7 62 42 4 41 58 25 29 43 61 38 39 24 36 68 32 3,heads,regular,1
2022-10-28T11:39:00Z,796,37 47 28 34 51 49 53 20 3 46 16 43 80 35 50 65 67 30 44 8,tails,major,2
2022-10-28T11:42:00Z,797,17 22 50 79 73 16 77 13 6 62 76 38 21 33 67 59 19 65 23 7,heads,minor,10
2022-10-28T11:45:00Z,798,5 60 21 31 67 40 37 75 69 16 22 20 32 36 64 77 26 73 62 18,heads,major,4
2022-10-28T11:48:00Z,800,24 59 3 45 78 79 21 10 2 13 66 62 19 34 26 29 65 73 80 63,evens,major,4
2022-10-28T11:51:00Z,801,76 21 20 51 58 38 42 71 80 17 44 57 7 27 24 3 6 29 1 73,heads,minor,3
2022-10-28T11:54:00Z,802,23 65 6 77 11 42 45 51 72 8 29 31 49 80 35 70 56 19 37 46,tails,regular,1
2022-10-28T11:57:00Z,803,30 14 46 17 63 16 61 74 52 66 5 38 75 32 51 8 67 62 42 10,tails,minor,3
2022-10-28T12:00:00Z,804,4 62 68 3 38 34 47 56 57 29 27 26 35 11 79 74 6 17 23 14,heads,regular,1
2022-10-28T12:03:00Z,805,69 21 50 76 53 7 22 5 59 65 11 46 4 78 66 40 63 43 41 73,tails,minor,1
2022-10-28T12:06:00Z,806,24 35 22 54 56 48 39 65 30 73 52 1 64 18 57 23 21 26 41 55,evens,regular,3
2022-10-28T12:09:00Z,807,80 55 46 33 43 52 72 11 49 76 4 17 51 56 62 42 9 14 6 68,tails,regular,2
2022-10-28T12:12:00Z,809,31 46 43 18 63 38 66 13 74 41 76 49 8 7 61 39 69 72 56 58,tails,minor,1
2022-10-28T12:15:00Z,810,13 63 33 34 48 44 59 47 62 46 8 74 51 38 30 41 78 28 27 20,tails,minor,2
2022-10-28T12:18:00Z,811,26 57 14 70 48 5 36 64 55 2 25 3 18 23 63 67 19 80 8 1,heads,regular,10
2022-10-28T12:21:00Z,812,46 45 68 21 53 47 36 12 2 44 80 37 11 10 40 78 38 58 54 61,tails,regular,3
2022-10-28T12:24:00Z,813,45 3 60 26 8 59 2 75 21 11 64 37 74 40 65 43 32 38 69 10,heads,regular,5
2022-10-28T12:27:00Z,814,21 72 67 74 50 8 30 71 24 66 80 11 47 70 79 6 27 32 10 48,tails,major,1
2022-10-28T12:30:00Z,815,79 57 14 71 34 52 58 46 17 67 2 66 36 75 15 45 63 65 43 60,tails,regular,1
2022-10-28T12:33:00Z,816,57 46 3 69 45 26 73 56 23 75 49 55 67 27 4 78 63 29 2 50,tails,regular,1
2022-10-28T12:36:00Z,818,44 75 60 55 58 12 77 1 9 27 19 15 51 67 70 66 7 46 23 2,tails,minor,2
2022-10-28T12:39:00Z,819,64 47 45 41 59 19 68 42 80 12 18 28 13 51 9 32 56 38 50 39,tails,minor,2
2022-10-28T12:42:00Z,820,58 80 34 17 76 28 54 70 78 63 35 33 52 31 72 68 32 41 40 25,tails,regular,1
2022-10-28T12:45:00Z,821,40 70 71 27 76 31 74 69 22 75 20 66 72 80 32 10 9 48 11 24,evens,regular,10
2022-10-28T12:48:00Z,822,57 41 74 23 8 36 59 14 43 31 78 40 2 26 38 77 52 6 10 16,heads,regular,2
2022-10-28T12:51:00Z,823,64 28 43 19 55 20 32 36 34 14 80 41 71 2 39 40 50 58 74 65,evens,minor,2
2022-10-28T12:54:00Z,824,1 26 51 71 41 42 80 52 67 72 6 27 22 30 63 24 62 11 21 66,tails,minor,1
2022-10-28T12:57:00Z,825,63 61 5 64 79 55 32 57 18 67 45 50 49 2 69 74 21 43 20 11,tails,regular,2
2022-10-28T13:00:00Z,827,20 24 78 42 50 80 39 19 47 66 28 1 44 67 31 25 56 52 9 72,tails,minor,3
2022-10-28T13:03:00Z,828,14 6 78 9 44 17 28 2 70 3 22 31 13 46 59 36 79 74 33 57,heads,minor,10
2022-10-28T13:06:00Z,829,1 9 3 55 71 80 63 75 53 5 36 73 34 37 18 6 20 12 41 23,heads,regular,1
2022-10-28T13:09:00Z,830,73 47 58 11 14 38 55 69 42 6 59 1 60 76 29 67 28 36 79 46,tails,regular,3
2022-10-28T13:12:00Z,831,58 79 8 28 55 3 39 5 30 73 37 50 66 12 6 59 44 65 26 53,evens,regular,3
2022-10-28T13:15:00Z,832,10 73 50 44 59 38 24 22 36 45 53 9 2 75 62 29 39 57 78 42,tails,minor,1
2022-10-28T13:18:00Z,833,66 75 2 14 41 76 71 27 61 12 74 13 19 42 40 56 22 9 37 6,heads,minor,3
2022-10-28T13:21:00Z,834,29 49 14 8 13 43 66 19 30 62 15 79 27 72 65 4 71 12 45 6,heads,regular,3
2022-10-28T13:24:00Z,836,37 80 41 49 74 22 53 27 33 31 73 62 17 60 38 19 75 2 5 54,evens,regular,1
2022-10-28T13:27:00Z,837,58 12 26 4 54 35 71 72 62 64 29 49 53 16 1 41 66 40 30 13,evens,regular,3
2022-10-28T13:30:00Z,838,38 23 27 66 14 4 20 75 32 72 29 25 74 63 43 69 22 11 42 36,heads,major,1
2022-10-28T13:33:00Z,839,47 45 69 49 41 32 4 36 40 61 5 29 20 53 2 79 65 31 14 46,evens,regular,1
2022-10-28T13:36:00Z,840,32 59 64 9 13 53 79 39 8 76 51 43 60 5 72 78 15 34 3 47,tails,regular,2
2022-10-28T13:39:00Z,841,1 78 59 21 61 36 20 62 10 57 35 8 54 34 49 16 11 27 31 63,heads,regular,1
2022-10-28T13:42:00Z,842,17 40 38 73 41 28 6 55 67 80 13 2 24 63 44 35 27 52 25 20,heads,regular,3
2022-10-28T13:45:00Z,843,7 19 67 57 54 37 59 6 33 44 13 27 76 31 50 60 49 75 41 69,tails,minor,1
2022-10-28T13:48:00Z,845,55 33 71 66 2 16 11 15 41 46 64 65 4 57 1 25 7 13 31 60,heads,major,2
2022-10-28T13:51:00Z,846,73 8 65 58 55 74 61 54 63 39 24 11 53 13 46 7 16 22 50 72,tails,regular,2
2022-10-28T13:54:00Z,847,14 78 57 62 64 44 45 32 40 35 73 28 29 8 70 24 19 43 10 1,heads,regular,2
2022-10-28T13:57:00Z,848,21 49 27 52 61 80 58 34 9 6 68 33 50 18 51 19 32 56 17 24,heads,regular,1
2022-10-28T14:00:00Z,849,35 75 68 77 31 47 34 26 50 15 52 37 73 10 13 56 66 65 14 20,evens,regular,2
2022-10-28T14:03:00Z,850,17 47 16 51 61 8 44 29 13 45 79 48 23 49 11 18 25 6 32 27,heads,regular,1
2022-10-28T14:06:00Z,851,80 20 11 60 23 44 41 5 43 35 1 32 38 71 77 39 48 21 36 51,heads,regular,2
2022-10-28T14:09:00Z,852,24 51 10 25 45 11 33 53 7 27 75 28 8 72 16 74 76 78 22 50,heads,major,1
2022-10-28T14:12:00Z,854,31 74 40 72 54 6 59 39 60 19 77 57 32 66 63 75 44 29 79 53,tails,regular,1
2022-10-28T14:15:00Z,855,7 41 39 63 22 37 65 35 23 58 25 20 32 29 55 64 79 77 18 10,heads,regular,3
2022-10-28T14:18:00Z,856,36 6 21 31 23 70 58 76 80 26 52 48 12 55 59 9 41 28 62 65,tails,regular,1
2022-10-28T14:21:00Z,857,78 7 69 64 55 39 25 19 12 65 73 50 18 36 71 54 22 77 44 66,tails,regular,1
2022-10-28T14:24:00Z,858,8 27 3 31 32 44 69 21 70 43 65 61 77 53 39 14 29 16 7 60,heads,minor,4
2022-10-28T14:27:00Z,859,53 11 71 14 54 18 33 50 74 32 23 2 56 42 60 72 63 75 7 31,tails,regular,3
2022-10-28T14:30:00Z,860,72 43 68 52 60 9 25 65 2 55 7 33 23 1 73 16 42 26 10 12,heads,regular,1
2022-10-28T14:33:00Z,861,73 36 63 22 39 32 2 41 54 14 50 43 28 33 67 30 27 61 71 44,evens,major,4
2022-10-28T14:36:00Z,863,19 61 17 52 55 12 71 7 37 4 23 16 22 75 72 73 36 79 13 54,heads,regular,2
2022-10-28T14:39:00Z,864,66 17 77 15 51 70 74 61 35 69 55 50 64 34 3 7 72 36 48 45,tails,minor,1
2022-10-28T14:42:00Z,865,9 68 45 27 65 49 23 18 41 11 48 1 61 33 5 37 40 53 51 74,evens,regular,1
2022-10-28T14:45:00Z,866,65 22 79 73 34 55 80 75 78 2 6 74 58 9 13 59 71 7 56 66,tails,minor,3
2022-10-28T14:48:00Z,867,76 7 80 15 14 44 6 34 21 45 2 68 12 5 39 33 20 1 64 30,heads,minor,1
2022-10-28T14:51:00Z,868,9 64 2 69 19 53 33 72 37 74 31 65 70 13 49 68 62 71 36 28,tails,regular,1
2022-10-28T14:54:00Z,869,7 71 20 17 48 21 2 34 8 19 39 47 80 3 79 6 9 77 78 51,heads,regular,3
2022-10-28T14:57:00Z,870,79 75 15 54 40 74 13 73 19 10 43 47 56 65 12 9 71 50 26 33,tails,regular,2
2022-10-28T15:00:00Z,872,61 4 55 53 30 27 35 22 56 33 5 10 74 48 49 59 19 8 73 67,evens,major,1
2022-10-28T15:03:00Z,873,71 53 67 4 22 6 31 62 34 42 27 10 19 5 52 46 14 39 65 47,heads,regular,3
2022-10-28T15:06:00Z,874,11 34 71 50 60 3 31 41 59 26 2 29 49 17 43 74 27 23 62 73,evens,major,1
2022-10-28T15:09:00Z,875,6 50 2 64 8 51 48 31 66 11 7 39 77 73 79 38 72 65 17 26,evens,major,4
2022-10-28T15:12:00Z,876,41 65 19 6 28 34 71 8 18 73 68 48 36 45 40 59 9 12 80 74,evens,regular,1
2022-10-28T15:15:00Z,877,15 31 65 26 11 44 77 52 76 13 66 78 74 21 63 38 45 7 40 5,evens,minor,1
2022-10-28T15:18:00Z,878,71 20 37 64 41 80 56 17 68 9 15 6 69 55 53 59 61 21 47 34,tails,regular,1
2022-10-28T15:21:00Z,879,30 19 70 8 15 24 57 66 68 48 31 40 79 17 44 7 21 35 3 37,heads,regular,1
2022-10-28T15:24:00Z,881,13 58 28 40 57 64 9 36 59 51 66 46 79 73 33 68 77 49 48 6,tails,regular,2
2022-10-28T15:27:00Z,882,7 46 2 10 42 23 36 51 68 67 21 11 43 15 58 5 55 1 75 18,heads,regular,3
2022-10-28T15:30:00Z,883,58 31 10 34 61 4 69 46 54 33 49 26 71 48 67 62 52 27 51 77,tails,regular,2
2022-10-28T15:33:00Z,884,24 67 49 9 40 68 34 52 42 12 35 39 44 37 25 51 72 62 28 47,evens,regular,1
2022-10-28T15:36:00Z,885,12 61 56 18 25 37 79 39 47 53 8 45 38 27 14 62 69 59 63 71,tails,regular,1
2022-10-28T15:39:00Z,886,52 51 47 69 71 66 1 5 18 17 41 39 36 34 12 37 58 68 46 9,evens,regular,2
2022-10-28T15:42:00Z,887,64 44 7 16 68 80 6 50 23 26 25 42 78 31 27 56 34 30 9 2,heads,minor,1
2022-10-28T15:45:00Z,888,63 18 12 55 78 2 11 46 39 72 24 69 49 22 42 44 67 80 17 8,tails,regular,1
2022-10-28T15:48:00Z,890,10 59 26 20 52 51 47 72 78 54 33 67 4 49 74 41 80 71 21 32,tails,regular,2
2022-10-28T15:51:00Z,891,54 52 19 20 72 25 56 11 1 35 74 38 49 18 32 37 61 15 64 39,heads,minor,4
2022-10-28T15:54:00Z,892,9 4 11 33 51 62 35 72 20 68 76 78 55 65 71 45 43 54 61 24,tails,minor,2
2022-10-28T15:57:00Z,893,40 51 46 33 11 55 28 35 72 12 70 8 63 9 53 30 13 1 6 27,heads,regular,2
2022-10-28T16:00:00Z,894,19 69 43 4 21 56 60 58 50 36 62 48 25 40 18 17 75 57 37 77,tails,major,3
2022-10-28T16:03:00Z,895,19 20 4 58 17 53 43 67 18 47 42 10 55 12 46 9 70 64 52 35,tails,regular,1
2022-10-28T16:06:00Z,896,4 11 27 13 22 18 66 61 73 77 14 62 46 25 32 78 55 75 15 48,evens,regular,2
2022-10-28T16:09:00Z,897,16 59 22 18 27 48 10 4 62 31 79 7 29 17 41 70 51 56 80 11,heads,regular,2
2022-10-28T16:12:00Z,899,44 35 21 46 32 51 1 13 76 16 33 45 70 63 54 73 31 22 30 60,evens,regular,3
2022-10-28T16:15:00Z,900,44 78 66 41 12 16 76 13 20 25 65 2 9 4 74 36 3 64 70 46,evens,major,2
2022-10-28T16:18:00Z,901,46 47 37 22 56 31 26 60 69 72 1 50 45 51 78 76 48 10 49 7,tails,regular,3
2022-10-28T16:21:00Z,902,13 10 43 36 78 21 52 39 80 11 7 45 37 16 66 46 14 9 1 41,heads,regular,3
2022-10-28T16:24:00Z,903,56 12 18 62 52 64 31 15 29 4 14 13 9 37 53 69 59 57 55 38,heads,regular,1
2022-10-28T16:27:00Z,904,49 30 40 26 52 65 29 28 42 25 16 34 8 14 63 41 47 72 6 51,heads,regular,2
2022-10-28T16:30:00Z,905,14 20 45 35 79 1 28 36 68 18 37 55 77 2 60 23 11 29 58 57,heads,regular,2
2022-10-28T16:33:00Z,906,10 11 44 66 6 7 56 38 77 61 50 52 71 14 34 1 2 19 21 28,heads,regular,2
2022-10-28T16:36:00Z,908,67 13 14 43 61 9 22 20 75 33 56 44 55 42 46 21 18 24 27 1,heads,regular,1
2022-10-28T16:39:00Z,909,16 60 4 76 51 33 34 62 43 12 46 27 73 31 22 28 79 13 17 72,heads,regular,3
2022-10-28T16:42:00Z,910,57 67 31 64 21 11 56 28 25 33 51 79 66 18 52 74 38 14 15 62,evens,regular,4
2022-10-28T16:45:00Z,911,65 29 10 78 2 18 76 79 40 21 59 63 80 8 13 50 47 39 43 66,tails,minor,3
2022-10-28T16:48:00Z,912,78 31 73 46 67 53 45 3 77 33 69 24 9 34 15 39 30 62 7 5,heads,regular,1
2022-10-28T16:51:00Z,913,50 23 25 71 32 60 33 22 51 17 24 68 40 9 61 59 67 79 54 72,tails,regular,2
2022-10-28T16:54:00Z,914,4 15 80 56 22 20 36 1 35 60 13 33 75 55 26 31 64 30 41 19,heads,regular,3
2022-10-28T16:57:00Z,915,14 69 9 48 60 56 40 54 61 26 29 10 34 37 30 49 53 20 76 28,heads,regular,2
2022-10-28T17:00:00Z,917,74 77 3 66 51 8 13 60 14 39 25 18 2 1 48 12 73 67 6 80,heads,regular,1
2022-10-28T17:03:00Z,918,36 4 80 50 22 76 78 20 31 8 38 64 62 2 43 58 17 1 53 69,evens,regular,1
2022-10-28T17:06:00Z,919,44 65 38 66 15 20 72 37 28 39 1 55 41 49 11 46 52 2 16 12,heads,minor,1
2022-10-28T17:09:00Z,920,28 77 11 70 5 37 27 67 32 22 78 47 66 15 39 19 68 71 21 65,heads,minor,2
2022-10-28T17:12:00Z,921,42 35 49 24 8 13 23 31 1 17 51 61 58 6 45 38 37 29 47 52,heads,minor,3
2022-10-28T17:15:00Z,922,22 3 29 5 24 53 37 9 46 49 56 57 7 80 73 32 36 72 52 61,evens,regular,2
2022-10-28T17:18:00Z,923,36 2 69 30 54 66 8 10 9 4 11 28 51 25 35 52 40 13 24 43,heads,regular,2
2022-10-28T17:21:00Z,924,51 33 58 20 29 43 18 56 1 21 37 71 77 9 53 69 28 19 27 54,heads,regular,3
2022-10-28T17:24:00Z,926,24 10 3 61 13 33 17 65 9 8 4 14 64 58 5 28 59 1 31 25,heads,minor,10
2022-10-28T17:27:00Z,927,49 40 8 13 78 51 57 53 73 44 42 15 43 36 14 16 31 77 27 45,tails,regular,1
2022-10-28T17:30:00Z,928,44 24 2 38 57 29 15 55 36 23 6 42 58 26 67 39 69 50 10 9,heads,regular,5
2022-10-28T17:33:00Z,929,21 54 59 12 28 80 65 17 72 79 77 56 39 34 24 76 47 60 73 46,tails,major,2
2022-10-28T17:36:00Z,930,79 44 55 54 51 58 24 77 78 61 49 62 48 10 60 30 73 71 46 28,tails,major,1
2022-10-28T17:39:00Z,931,74 73 39 69 6 53 8 20 35 78 17 63 28 64 29 80 32 12 22 9,heads,minor,2
2022-10-28T17:42:00Z,932,3 2 50 79 33 13 60 48 46 6 1 49 43 36 69 21 71 72 31 28,evens,regular,3
2022-10-28T17:45:00Z,933,43 74 2 76 62 41 52 60 65 67 33 35 6 77 48 32 11 1 21 8,tails,minor,2
2022-10-28T17:48:00Z,935,20 31 19 15 58 78 64 46 16 42 43 47 60 11 41 63 79 50 10 37,tails,major,4
2022-10-28T17:51:00Z,936,35 26 79 27 64 33 31 39 69 45 7 63 13 67 77 80 55 38 6 36,heads,major,1
2022-10-28T17:54:00Z,937,39 55 7 29 28 49 53 36 40 45 13 5 54 71 17 69 80 61 56 59,tails,regular,1
2022-10-28T17:57:00Z,938,13 23 61 78 67 39 37 44 60 25 2 31 33 47 80 40 14 19 30 50,heads,minor,1
2022-10-28T18:00:00Z,939,50 12 66 20 5 46 38 11 41 30 7 22 1 75 74 14 70 9 59 62,heads,regular,3
2022-10-28T18:03:00Z,940,20 58 73 42 64 75 46 21 74 8 38 69 49 13 4 30 54 67 37 76,tails,regular,3
2022-10-28T18:06:00Z,941,3 10 76 72 64 60 63 78 30 66 25 12 58 37 44 47 75 61 29 8,tails,regular,3
2022-10-28T18:09:00Z,942,58 7 57 64 24 31 42 13 4 34 45 76 38 52 41 29 43 19 55 17,evens,regular,2
2022-10-28T18:12:00Z,944,40 30 21 66 7 54 53 32 34 31 13 2 6 25 46 70 33 43 75 19,heads,minor,2
2022-10-28T18:15:00Z,945,36 76 39 14 58 77 72 54 23 17 50 8 6 25 5 41 18 79 78 16,heads,regular,1
2022-10-28T18:18:00Z,946,39 27 24 32 12 72 44 51 4 22 30 13 8 70 57 34 47 64 43 23,heads,regular,3
2022-10-28T18:21:00Z,947,54 48 28 75 37 41 16 44 50 71 59 34 33 4 15 27 58 3 17 10,heads,minor,2
2022-10-28T18:24:00Z,948,78 15 53 75 58 13 79 2 3 77 36 44 22 39 80 18 37 50 6 41,evens,minor,3
2022-10-28T18:27:00Z,949,40 29 72 53 28 8 69 16 31 21 4 26 68 13 77 80 20 71 37 67,heads,major,4
2022-10-28T18:30:00Z,950,42 18 8 35 6 11 38 69 4 40 52 9 10 60 36 73 29 30 17 63,heads,regular,3
2022-10-28T18:33:00Z,951,78 15 74 77 79 57 41 61 50 28 36 26 60 31 59 33 16 71 58 63,tails,regular,1
2022-10-28T18:36:00Z,953,52 63 32 3 78 35 25 76 12 66 75 72 48 41 70 31 16 17 59 26,tails,regular,1
2022-10-28T18:39:00Z,954,65 14 75 76 23 22 40 61 26 27 21 70 29 25 20 1 6 35 34 53,heads,regular,1
2022-10-28T18:42:00Z,955,39 76 55 57 18 42 29 62 51 54 74 16 58 80 30 56 69 64 6 35,tails,regular,10
2022-10-28T18:45:00Z,956,79 23 37 70 61 6 24 59 67 46 48 30 2 7 20 69 12 64 68 45,tails,regular,1
2022-10-28T18:48:00Z,957,3 30 32 73 61 10 33 22 5 74 41 19 1 45 12 46 6 34 16 9,heads,regular,10
2022-10-28T18:51:00Z,958,68 1 69 25 49 56 60 51 32 53 4 70 65 31 22 26 61 71 21 7,tails,regular,10
2022-10-28T18:54:00Z,959,7 77 61 36 72 47 33 8 76 19 16 37 49 43 30 18 62 80 4 5,heads,regular,2
2022-10-28T18:57:00Z,960,20 19 43 16 70 76 60 3 59 33 74 12 9 17 15 62 71 1 8 39,heads,regular,3
2022-10-28T19:00:00Z,962,41 39 47 34 27 51 1 75 24 74 44 20 46 56 18 29 78 57 70 38,tails,major,1
2022-10-28T19:03:00Z,963,7 70 47 48 12 1 71 35 52 37 30 10 60 26 44 65 72 58 15 31,evens,regular,2
2022-10-28T19:06:00Z,964,44 65 42 24 71 39 32 76 78 36 61 21 22 27 10 70 38 5 12 74,heads,minor,1
2022-10-28T19:09:00Z,965,8 21 19 47 15 36 11 29 51 26 4 55 69 45 3 6 56 70 54 59,heads,regular,10
2022-10-28T19:12:00Z,966,42 21 25 72 45 16 77 9 80 57 15 30 24 11 26 31 52 66 55 71,evens,regular,2
2022-10-28T19:15:00Z,967,4 47 74 24 34 65 30 15 44 27 29 46 22 71 40 67 69 58 23 60,evens,regular,2
2022-10-28T19:18:00Z,968,11 26 28 18 42 19 10 1 41 64 79 67 31 5 57 22 6 52 46 32,heads,regular,1
2022-10-28T19:21:00Z,969,12 73 11 29 44 23 45 63 8 43 37 16 22 52 15 10 76 56 69 71,evens,regular,2
2022-10-28T19:24:00Z,971,14 49 76 33 77 53 67 23 69 4 68 36 43 17 15 38 30 27 18 78,heads,minor,1
2022-10-28T19:27:00Z,972,74 53 33 25 14 6 30 71 19 44 56 2 27 29 31 18 11 34 78 3,heads,minor,1
2022-10-28T19:30:00Z,973,1 3 48 19 59 2 11 25 34 18 15 40 31 36 46 72 38 4 9 47,heads,regular,2
2022-10-28T19:33:00Z,974,47 45 22 60 44 50 40 17 80 31 37 27 65 21 51 26 49 36 6 3,heads,regular,3
2022-10-28T19:36:00Z,975,49 69 79 16 32 60 76 46 31 73 26 30 74 1 40 3 47 20 65 78,tails,regular,5
2022-10-28T19:39:00Z,976,35 9 42 17 22 2 66 74 8 11 80 28 13 58 56 26 64 52 60 19,heads,minor,2
2022-10-28T19:42:00Z,977,30 46 62 39 44 57 28 51 67 80 48 7 6 26 69 12 78 5 50 10,tails,regular,1
2022-10-28T19:45:00Z,978,64 80 8 24 25 38 71 16 6 55 27 37 77 13 65 15 74 75 23 21,heads,minor,2
2022-10-28T19:48:00Z,980,32 29 7 72 74 24 70 49 33 48 53 62 21 44 73 37 13 78 28 61,tails,regular,1
2022-10-28T19:51:00Z,981,34 47 50 60 67 20 27 32 37 10 48 69 40 55 76 74 24 52 64 63,tails,minor,1
2022-10-28T19:54:00Z,982,39 66 40 35 69 29 59 52 8 53 64 19 49 45 1 57 13 9 23 61,evens,regular,2
2022-10-28T19:57:00Z,983,57 26 56 52 49 60 68 65 11 53 62 14 77 20 21 10 46 78 18 75,tails,regular,3
2022-10-28T20:00:00Z,984,64 66 50 36 31 54 55 40 24 75 42 12 23 59 79 58 9 4 11 45,tails,regular,1
2022-10-28T20:03:00Z,985,16 20 24 78 6 12 18 22 72 73 40 66 67 11 79 80 53 41 69 56,tails,regular,1
2022-10-28T20:06:00Z,986,75 51 56 79 7 8 71 74 27 18 35 47 67 80 50 6 17 44 68 73,tails,major,3
2022-10-28T20:09:00Z,987,9 30 60 62 41 51 32 71 79 74 6 56 7 76 80 42 46 61 25 72,tails,regular,1
2022-10-28T20:12:00Z,989,55 31 60 57 67 20 29 3 58 71 6 63 39 16 43 74 76 69 14 22,tails,regular,1
2022-10-28T20:15:00Z,990,68 49 48 30 9 41 71 76 8 39 2 62 31 17 50 21 75 6 27 23,heads,regular,2
2022-10-28T20:18:00Z,991,2 65 69 9 64 39 11 72 57 12 46 26 49 47 13 25 14 44 5 48,evens,regular,1
2022-10-28T20:21:00Z,992,18 17 57 79 37 20 29 26 3 30 27 76 5 7 71 51 80 72 52 15,heads,minor,4
2022-10-28T20:24:00Z,993,73 78 16 32 7 61 35 70 33 59 42 58 19 52 53 41 31 68 51 23,tails,regular,1
2022-10-28T20:27:00Z,994,54 49 38 4 33 64 15 10 32 71 45 70 8 48 5 74 62 18 58 37,evens,regular,2
2022-10-28T20:30:00Z,995,32 3 31 69 44 50 2 61 49 30 42 66 6 11 78 21 17 79 29 52,evens,minor,4
2022-10-28T20:33:00Z,996,65 13 79 38 48 16 42 11 62 50 32 1 43 36 45 56 10 28 12 70,evens,regular,3
2022-10-28T20:36:00Z,998,7 37 79 62 63 9 1 76 17 46 51 74 77 53 64 45 68 44 42 73,tails,regular,10
2022-10-28T20:39:00Z,999,50 73 58 61 48 41 26 60 29 75 34 16 71 28 38 21 56 47 53 4,tails,minor,2
2022-10-28T20:42:00Z,1,36 45 76 75 61 23 10 43 67 35 48 31 64 30 34 9 32 16 27 68,heads,major,4
2022-10-28T20:45:00Z,2,38 26 25 68 14 30 60 13 58 3 51 73 76 45 57 65 59 43 44 80,tails,minor,1
2022-10-28T20:48:00Z,3,50 40 44 53 42 43 28 78 45 39 11 36 3 23 24 29 17 72 1 63,heads,regular,1
2022-10-28T20:51:00Z,4,58 46 26 64 15 62 8 23 51 52 4 59 34 19 1 38 56 75 3 33,heads,minor,5
2022-10-28T20:54:00Z,5,57 68 29 49 31 55 38 48 26 74 22 79 67 53 19 75 56 43 73 21,tails,regular,2
2022-10-28T20:57:00Z,6,12 62 78 27 4 68 79 61 23 74 60 26 66 33 67 58 36 3 16 1,evens,regular,1
2022-10-28T21:00:00Z,8,35 23 25 54 42 39 38 50 24 30 7 20 67 59 78 46 36 9 31 13,heads,regular,3
2022-10-28T21:03:00Z,9,36 13 27 54 78 14 21 52 74 29 80 49 40 51 64 15 47 76 71 68,tails,regular,2
2022-10-28T21:06:00Z,10,19 64 56 29 21 2 1 3 24 44 65 16 50 51 15 43 46 74 11 25,heads,major,1
2022-10-28T21:09:00Z,11,24 20 52 74 46 45 43 47 49 11 14 29 10 67 55 48 65 23 12 7,tails,regular,1
2022-10-28T21:12:00Z,12,8 55 19 6 40 37 26 78 56 21 33 72 51 80 46 59 70 54 1 69,tails,regular,3
2022-10-28T21:15:00Z,13,51 59 30 19 76 18 26 32 43 5 34 45 67 74 75 13 2 16 6 28,heads,regular,1
2022-10-28T21:18:00Z,14,61 17 2 74 1 66 73 37 45 50 33 7 60 40 35 76 72 54 56 11,tails,regular,3
2022-10-28T21:21:00Z,15,65 25 16 57 73 74 62 18 13 70 52 4 49 17 64 3 23 75 33 34,evens,major,1
2022-10-28T21:24:00Z,17,22 8 12 25 43 9 47 66 24 61 67 19 54 11 69 64 40 56 75 38,evens,regular,2
2022-10-28T21:27:00Z,18,13 23 63 70 34 57 45 16 22 53 74 67 71 19 27 12 69 17 65 43,tails,regular,2
2022-10-28T21:30:00Z,19,48 42 8 78 28 44 53 39 57 18 32 51 50 74 19 56 33 38 6 62,tails,regular,2
2022-10-28T21:33:00Z,20,24 11 54 29 27 33 56 5 43 3 58 30 19 16 67 71 26 15 60 76,heads,regular,1
2022-10-28T21:36:00Z,21,16 20 77 23 70 15 73 53 42 63 80 59 64 72 31 25 1 36 52 10,tails,regular,2
2022-10-28T21:39:00Z,22,48 57 42 17 8 15 50 52 14 67 21 51 28 38 68 47 73 64 79 4,tails,regular,2
2022-10-28T21:42:00Z,23,34 30 61 62 17 71 3 56 1 67 45 51 43 33 68 2 66 22 64 44,tails,regular,2
2022-10-28T21:45:00Z,24,15 76 30 47 44 14 43 22 70 17 74 28 73 45 18 23 54 21 79 64,tails,regular,3
2022-10-28T21:48:00Z,26,36 63 80 30 18 62 34 68 11 33 76 73 59 27 57 16 58 61 21 6,evens,minor,2
2022-10-28T21:51:00Z,27,16 2 19 14 45 58 29 12 30 27 75 61 13 3 40 73 6 66 35 80,heads,major,3
2022-10-28T21:54:00Z,28,30 60 70 46 15 4 79 1 23 50 31 72 65 22 59 11 12 19 7 67,heads,major,1
2022-10-28T21:57:00Z,29,6 77 26 69 10 35 68 21 8 67 57 33 3 53 51 73 29 19 16 79,heads,regular,1
2022-10-28T22:00:00Z,30,45 19 48 7 23 22 28 37 17 18 67 52 32 40 2 80 74 27 73 69,heads,regular,2
2022-10-28T22:03:00Z,31,42 3 26 11 10 36 75 48 30 59 50 15 9 40 31 18 33 60 28 17,heads,major,2
2022-10-28T22:06:00Z,32,16 54 33 26 60 20 15 39 68 77 64 27 57 66 41 49 56 43 24 31,tails,regular,1
2022-10-28T22:09:00Z,33,16 44 59 55 35 34 8 12 72 11 65 50 47 24 46 61 5 2 76 63,tails,major,1
2022-10-28T22:12:00Z,35,66 20 63 76 75 79 26 80 61 44 48 2 41 43 27 19 42 55 25 73,tails,regular,1
2022-10-28T22:15:00Z,36,28 59 68 51 65 36 38 29 35 44 48 53 61 70 42 77 10 56 73 69,tails,minor,3
2022-10-28T22:18:00Z,37,79 45 47 2 62 41 51 63 60 75 3 5 54 70 65 27 42 1 7 32,tails,regular,1
2022-10-28T22:21:00Z,38,73 39 45 57 42 78 21 68 28 15 3 51 55 47 18 31 60 8 27 48,tails,minor,2
2022-10-28T22:24:00Z,39,64 73 8 62 41 80 77 36 72 38 20 76 78 1 11 14 26 75 52 69,tails,minor,1
2022-10-28T22:27:00Z,40,59 38 68 28 26 24 79 7 15 57 58 4 22 56 54 16 46 8 45 63,evens,regular,1
2022-10-28T22:30:00Z,41,28 22 10 76 72 42 26 17 49 14 80 45 32 8 7 57 71 58 36 3,heads,regular,2
2022-10-28T22:33:00Z,42,19 17 29 66 13 45 27 5 78 23 55 7 63 72 49 38 26 10 12 36,heads,regular,2
2022-10-28T22:36:00Z,44,13 62 41 18 30 43 39 22 37 16 48 45 31 12 27 67 9 75 35 14,heads,regular,10
2022-10-28T22:39:00Z,45,73 7 34 6 27 75 32 21 62 23 74 18 29 76 53 65 33 54 64 40,heads,regular,1
2022-10-28T22:42:00Z,46,37 10 36 75 72 13 69 80 17 57 15 31 67 27 60 39 21 28 19 49,heads,regular,2
2022-10-28T22:45:00Z,47,4 16 60 28 40 52 64 79 55 15 29 30 2 77 17 47 39 34 56 41,heads,major,1
2022-10-28T22:48:00Z,48,34 71 51 27 65 75 39 12 31 43 54 64 67 63 49 66 46 9 13 76,tails,minor,3
2022-10-28T22:51:00Z,49,74 10 59 2 61 53 76 58 35 25 55 39 67 4 26 6 42 69 22 19,evens,minor,1
2022-10-28T22:54:00Z,50,11 22 41 44 10 27 15 21 60 13 6 16 33 43 34 32 19 68 26 42,heads,minor,1
2022-10-28T22:57:00Z,51,38 33 37 7 21 48 32 75 24 18 49 9 78 28 74 11 34 53 43 42,heads,regular,5
2022-10-28T23:00:00Z,53,53 52 48 10 6 12 17 39 59 61 79 29 60 18 62 57 49 11 2 66,tails,minor,4
2022-10-28T23:03:00Z,54,52 1 5 33 26 7 59 42 64 47 58 70 48 18 2 11 63 54 57 22,tails,minor,3
2022-10-28T23:06:00Z,55,30 41 43 9 22 1 60 59 79 3 57 17 5 13 51 50 46 80 19 72,tails,regular,3
2022-10-28T23:09:00Z,56,20 24 42 74 45 19 59 9 64 53 14 7 57 18 26 5 47 78 27 15,heads,minor,2
2022-10-28T23:12:00Z,57,45 25 35 7 17 38 40 22 46 36 37 3 21 18 63 10 28 54 59 74,heads,regular,1
2022-10-28T23:15:00Z,58,12 44 46 21 16 60 74 29 45 69 15 23 43 4 49 24 78 77 9 35,evens,regular,1
2022-10-28T23:18:00Z,59,75 80 60 13 4 48 44 70 52 24 15 63 50 56 3 18 8 17 40 7,evens,regular,1
2022-10-28T23:21:00Z,60,72 11 61 65 14 10 60 19 21 24 75 57 68 6 30 4 54 48 42 70,tails,minor,2
2022-10-28T23:24:00Z,62,55 50 42 14 48 72 73 5 58 20 29 69 1 27 19 31 47 49 8 59,tails,regular,2
2022-10-28T23:27:00Z,63,44 16 1 63 9 58 69 68 7 24 51 73 30 55 71 60 37 11 78 79,tails,regular,3
2022-10-28T23:30:00Z,64,4 25 32 10 11 54 38 34 16 13 79 67 63 61 28 75 12 77 69 17,heads,major,1
2022-10-28T23:33:00Z,65,18 9 50 26 48 42 40 80 54 17 38 3 63 62 67 30 75 27 59 69,tails,minor,1
2022-10-28T23:36:00Z,66,7 22 70 31 20 23 1 26 33 61 44 73 5 67 39 47 11 28 41 78,heads,minor,5
2022-10-28T23:39:00Z,67,41 74 24 17 34 8 50 60 33 45 23 35 49 28 39 13 48 44 58 77,evens,regular,1
2022-10-28T23:42:00Z,68,59 56 24 36 55 42 76 65 29 64 50 38 52 68 33 44 77 71 12 51,tails,regular,1
2022-10-28T23:45:00Z,69,75 57 70 62 11 61 19 2 5 33 48 23 15 4 68 46 40 17 64 38,heads,regular,4
2022-10-28T23:48:00Z,71,18 76 39 55 8 62 9 68 3 50 65 2 40 70 24 34 21 12 63 19,heads,regular,2
2022-10-28T23:51:00Z,72,39 27 17 28 38 48 72 54 70 18 65 5 9 22 59 36 19 77 12 4,heads,regular,1
2022-10-28T23:54:00Z,73,8 5 62 59 32 58 33 60 19 13 18 21 76 12 44 75 39 16 14 68,heads,regular,1
2022-10-28T23:57:00Z,74,21 62 69 64 37 1 29 68 16 42 71 14 43 75 57 53 72 77 24 15,tails,minor,1
2022-10-29T00:00:00Z,75,74 41 59 78 17 31 45 40 8 25 5 29 38 66 42 72 20 21 33 60,heads,regular,3
2022-10-29T00:03:00Z,76,28 49 43 57 48 11 36 37 21 80 69 62 79 7 44 60 25 10 76 5,tails,minor,1
2022-10-29T00:06:00Z,77,78 7 2 27 50 68 20 80 67 37 26 59 25 69 56 57 79 41 11 53,tails,regular,1
2022-10-29T00:09:00Z,78,68 66 26 64 22 12 18 55 65 63 27 19 51 80 11 23 1 53 46 37,evens,regular,1
2022-10-29T00:12:00Z,80,48 47 52 20 72 53 77 39 24 78 28 38 61 69 41 4 3 22 9 32,evens,regular,2
2022-10-29T00:15:00Z,81,73 13 51 64 16 62 28 71 57 53 21 32 25 14 67 44 56 49 60 39,tails,minor,1
2022-10-29T00:18:00Z,82,24 16 78 67 77 5 51 49 25 47 73 68 21 7 54 23 59 63 33 10,tails,minor,3
2022-10-29T00:21:00Z,83,30 66 75 10 65 41 74 7 27 55 43 78 46 54 73 47 3 50 16 33,tails,major,1
2022-10-29T00:24:00Z,84,37 6 8 49 13 40 22 45 57 54 15 21 2 74 39 52 64 62 30 26,heads,regular,3
2022-10-29T00:27:00Z,85,2 5 17 11 37 68 67 59 38 52 50 65 10 64 16 25 51 61 43 32,evens,regular,1
2022-10-29T00:30:00Z,86,35 79 16 53 58 65 19 75 23 68 9 54 77 76 60 13 30 15 50 25,tails,regular,2
2022-10-29T00:33:00Z,87,11 62 36 67 61 76 27 69 80 42 21 40 17 3 13 37 10 49 34 32,heads,minor,3
2022-10-29T00:36:00Z,89,4 36 74 75 53 59 56 40 26 6 68 32 46 71 38 80 27 23 34 2,heads,minor,3
2022-10-29T00:39:00Z,90,77 70 76 69 35 78 58 32 65 3 64 42 15 39 21 73 56 50 31 26,tails,regular,1
2022-10-29T00:42:00Z,91,59 41 7 71 70 21 43 36 47 17 78 67 33 31 8 26 4 68 19 16,heads,regular,1
2022-10-29T00:45:00Z,92,66 32 52 69 30 15 28 18 62 51 14 42 74 71 25 26 45 65 35 68,tails,regular,1
2022-10-29T00:48:00Z,93,37 51 66 72 60 30 29 71 6 75 61 39 22 14 59 23 19 48 42 12,evens,regular,2
2022-10-29T00:51:00Z,94,30 61 66 41 67 45 46 13 20 33 73 58 77 21 69 62 57 17 4 50,tails,minor,1
2022-10-29T00:54:00Z,95,59 21 56 18 27 58 62 34 47 11 13 25 31 30 52 45 70 14 54 79,evens,major,2
2022-10-29T00:57:00Z,96,66 9 43 77 61 54 33 8 79 20 26 64 6 47 5 16 14 69 63 39,evens,regular,3
2022-10-29T01:00:00Z,98,40 65 2 56 25 43 45 60 57 76 53 36 11 34 1 13 66 80 75 35,tails,regular,1
2022-10-29T01:03:00Z,99,35 22 18 3 79 12 8 77 55 71 78 14 41 36 37 24 45 42 31 70,heads,regular,2
2022-10-29T01:06:00Z,100,21 79 7 63 50 49 34 18 28 57 52 54 47 53 48 51 61 11 23 80,tails,minor,3
2022-10-29T01:09:00Z,101,62 61 48 9 5 77 74 12 66 24 56 54 1 26 46 13 29 55 17 34,evens,minor,4
2022-10-29T01:12:00Z,102,64 46 43 18 60 25 73 23 5 68 77 8 71 36 70 29 7 32 31 20,heads,major,2
2022-10-29T01:15:00Z,103,66 1 2 27 7 67 20 30 16 78 44 6 13 59 8 29 14 42 40 21,heads,regular,2
2022-10-29T01:18:00Z,104,14 13 80 60 7 67 6 10 21 34 27 39 53 55 69 61 48 30 29 71,heads,regular,3
2022-10-29T01:21:00Z,105,55 18 44 49 43 68 21 47 79 10 50 31 80 62 20 4 36 16 5 25,evens,minor,3
2022-10-29T01:24:00Z,107,47 66 57 10 56 19 60 29 13 22 71 70 79 40 26 39 73 30 24 43,evens,minor,1
2022-10-29T01:27:00Z,108,51 72 34 29 48 17 20 53 9 67 3 19 5 39 33 64 77 71 15 56,heads,regular,5
2022-10-29T01:30:00Z,109,46 5 48 61 18 71 20 27 10 67 63 16 38 8 75 30 64 78 23 31,heads,regular,3
2022-10-29T01:33:00Z,110,72 19 29 20 27 35 58 53 80 23 5 16 25 66 54 60 63 48 43 28,evens,regular,3
2022-10-29T01:36:00Z,111,60 73 20 63 1 32 41 17 46 14 49 62 31 74 16 12 29 50 43 52,tails,major,1
2022-10-29T01:39:00Z,112,65 77 9 27 50 7 24 2 60 10 1 49 54 41 5 38 26 28 71 59,heads,minor,2
2022-10-29T01:42:00Z,113,72 64 35 14 78 77 17 26 5 41 25 68 46 50 60 7 29 71 33 43,tails,regular,1
2022-10-29T01:45:00Z,114,43 29 2 36 46 34 55 40 9 80 6 17 51 28 56 32 60 75 49 62,evens,regular,2
2022-10-29T01:48:00Z,116,21 20 23 37 34 28 17 18 30 32 58 68 40 36 47 35 59 61 9 26,heads,regular,5
2022-10-29T01:51:00Z,117,42 33 35 26 17 5 77 41 79 28 74 23 14 34 56 29 4 16 22 80,heads,regular,2
2022-10-29T01:54:00Z,118,42 27 16 36 72 30 43 64 44 45 47 17 65 4 61 29 28 58 23 13,evens,major,2
2022-10-29T01:57:00Z,119,47 7 55 36 76 17 23 2 67 41 56 12 4 60 15 62 65 59 77 45,tails,minor,3
2022-10-29T02:00:00Z,120,22 20 6 54 16 45 75 46 68 27 51 57 69 43 64 60 4 18 12 78,tails,minor,1
2022-10-29T02:03:00Z,121,28 18 79 69 24 48 73 10 61 60 68 9 47 2 65 77 16 46 43 7,tails,minor,3
2022-10-29T02:06:00Z,122,19 80 35 77 25 37 76 45 56 5 70 49 75 73 61 79 17 18 38 11,tails,regular,1
2022-10-29T02:09:00Z,123,54 80 76 48 10 25 7 12 18 47 56 33 69 45 11 66 44 32 24 46,tails,regular,2
2022-10-29T02:12:00Z,125,18 8 74 65 63 24 2 43 39 32 55 57 22 5 1 15 47 72 19 4,heads,regular,3
2022-10-29T02:15:00Z,126,80 32 6 9 5 51 42 66 20 73 46 64 34 43 44 68 62 22 74 3,tails,minor,2
2022-10-29T02:18:00Z,127,40 17 72 42 16 29 77 6 60 22 3 34 12 43 69 27 80 68 14 5,heads,regular,1
2022-10-29T02:21:00Z,128,16 18 78 49 48 77 61 35 5 42 3 79 68 70 27 50 21 32 33 39,evens,major,4
2022-10-29T02:24:00Z,129,24 56 12 17 4 28 30 49 1 32 51 41 71 44 21 45 13 31 14 43,heads,regular,2
2022-10-29T02:27:00Z,130,36 58 45 61 17 2 75 3 68 56 70 13 52 43 50 54 55 77 19 22,tails,regular,3
2022-10-29T02:30:00Z,131,79 65 45 4 60 25 56 30 13 55 61 71 66 58 28 80 19 20 26 3,tails,regular,2
2022-10-29T02:33:00Z,132,77 17 14 46 75 45 16 47 55 8 5 60 65 22 23 2 79 11 66 31,evens,major,2
2022-10-29T02:36:00Z,134,51 38 37 61 10 5 25 33 12 80 77 42 57 13 75 41 63 39 3 4,heads,minor,2
2022-10-29T02:39:00Z,135,70 72 23 15 79 46 32 50 4 64 17 41 61 27 57 55 51 39 74 56,tails,regular,2
2022-10-29T02:42:00Z,136,7 47 38 40 73 11 61 32 80 26 75 74 60 49 58 20 52 69 63 37,tails,regular,3
2022-10-29T02:45:00Z,137,41 4 52 12 62 80 63 16 36 55 10 24 43 29 25 40 66 33 13 47,heads,minor,1
2022-10-29T02:48:00Z,138,15 44 14 38 12 43 32 78 27 74 72 62 6 71 2 37 75 13 60 69,evens,minor,2
2022-10-29T02:51:00Z,139,51 25 54 44 63 31 46 79 24 60 18 72 69 39 59 80 17 74 71 27,tails,minor,3
2022-10-29T02:54:00Z,140,56 75 51 40 1 67 79 2 50 28 77 12 21 63 35 5 33 68 4 38,heads,minor,10
2022-10-29T02:57:00Z,141,61 42 50 67 75 51 21 44 43 33 63 10 54 28 34 57 3 73 58 20,tails,regular,1
2022-10-29T03:00:00Z,143,25 66 34 79 4 67 26 63 11 8 6 17 33 35 16 10 40 57 22 52,heads,regular,1
2022-10-29T03:03:00Z,144,67 79 49 10 59 73 66 50 44 55 38 39 9 48 57 4 11 51 76 16,tails,regular,1
2022-10-29T03:06:00Z,145,32 23 62 42 65 33 74 21 80 15 39 47 10 27 20 25 13 69 56 29,heads,regular,5
2022-10-29T03:09:00Z,146,45 43 62 66 48 28 13 56 78 10 44 36 73 74 35 75 3 5 41 63,tails,minor,2
2022-10-29T03:12:00Z,147,9 77 44 34 54 29 7 51 71 18 4 17 13 16 28 2 59 47 72 56,heads,regular,1
2022-10-29T03:15:00Z,148,71 21 22 20 59 19 3 2 52 18 40 15 44 76 63 80 35 69 60 24,heads,minor,1
2022-10-29T03:18:00Z,149,12 28 64 75 38 58 4 70 11 39 80 30 59 5 13 45 27 42 51 23,heads,regular,3
2022-10-29T03:21:00Z,150,21 8 53 74 62 65 20 29 13 39 51 61 5 11 4 14 18 72 60 10,heads,regular,2
2022-10-29T03:24:00Z,152,36 59 50 80 70 46 10 6 4 66 11 30 3 15 17 49 27 52 35 18,heads,regular,10
2022-10-29T03:27:00Z,153,30 64 27 42 65 35 14 43 71 37 4 31 29 61 55 13 51 22 6 73,heads,regular,1
2022-10-29T03:30:00Z,154,40 16 63 60 78 32 24 72 38 14 18 25 68 35 69 4 42 48 2 43,heads,regular,2
2022-10-29T03:33:00Z,155,51 67 9 3 6 31 16 17 68 35 22 61 30 2 73 47 76 23 55 42,heads,regular,2
2022-10-29T03:36:00Z,156,54 55 33 80 62 37 12 11 27 17 52 68 16 31 71 39 32 38 61 77,heads,regular,1
2022-10-29T03:39:00Z,157,55 23 5 24 73 26 38 27 68 60 69 72 62 13 20 78 49 19 14 80,evens,regular,2
2022-10-29T03:42:00Z,158,39 49 44 4 78 5 55 71 41 68 46 45 65 48 2 77 67 60 47 16,tails,regular,10
2022-10-29T03:45:00Z,159,43 12 56 19 80 41 55 24 2 44 74 31 59 52 29 34 14 10 51 16,evens,major,1
2022-10-29T03:48:00Z,161,43 12 40 5 79 52 80 61 24 23 72 25 50 2 55 42 70 62 10 3,tails,regular,2
2022-10-29T03:51:00Z,162,7 46 5 41 36 56 26 63 79 30 72 29 14 80 9 23 44 71 42 48,tails,regular,3
2022-10-29T03:54:00Z,163,59 38 79 68 5 57 45 69 63 24 1 44 78 3 42 71 52 16 31 7,tails,regular,1
2022-10-29T03:57:00Z,164,8 30 79 26 20 80 17 7 74 42 37 72 66 51 46 59 40 16 27 34,heads,regular,1
2022-10-29T04:00:00Z,165,60 76 36 33 71 6 38 55 11 49 45 25 47 62 77 56 65 58 67 8,tails,regular,3
2022-10-29T04:03:00Z,166,68 80 25 71 78 61 8 17 49 30 52 69 66 62 28 21 43 67 39 73,tails,regular,1
2022-10-29T04:06:00Z,167,41 20 1 27 40 8 48 61 29 31 62 10 70 32 65 14 43 66 3 33,heads,major,3
2022-10-29T04:09:00Z,168,6 76 42 67 8 21 79 27 38 53 62 72 13 57 30 69 68 24 51 70,tails,regular,2
2022-10-29T04:12:00Z,170,59 74 7 49 72 68 73 3 58 52 57 9 17 78 36 14 40 25 23 42,tails,minor,3
2022-10-29T04:15:00Z,171,15 2 56 1 66 6 78 52 76 31 59 33 63 19 42 28 79 41 54 26,tails,major,1
2022-10-29T04:18:00Z,172,63 47 44 3 24 7 62 35 32 61 65 15 38 20 27 79 8 10 18 12,heads,regular,3
2022-10-29T04:21:00Z,173,22 61 54 20 14 62 72 7 51 28 3 34 16 19 40 80 1 37 42 23,heads,regular,1
2022-10-29T04:24:00Z,174,51 4 8 66 20 22 28 63 9 50 5 34 52 39 21 49 43 72 14 37,heads,regular,2
2022-10-29T04:27:00Z,175,17 54 46 55 8 14 80 63 45 30 43 72 16 27 53 34 11 75 76 44,tails,regular,3
2022-10-29T04:30:00Z,176,77 33 34 46 41 75 56 42 5 72 8 49 25 37 29 22 54 43 32 35,evens,regular,1
2022-10-29T04:33:00Z,177,62 56 75 5 42 52 1 30 45 70 72 20 27 67 34 22 44 43 24 18,tails,major,3
2022-10-29T04:36:00Z,179,14 23 76 62 48 15 8 60 54 63 49 74 57 33 78 41 79 75 27 17,tails,major,3
2022-10-29T04:39:00Z,180,77 67 80 19 76 6 38 55 13 35 11 63 49 20 79 52 66 25 22 30,evens,regular,1
2022-10-29T04:42:00Z,181,80 13 66 22 28 65 46 52 4 38 18 41 79 15 51 35 5 7 68 30,heads,minor,3
2022-10-29T04:45:00Z,182,44 19 41 53 26 66 45 71 21 60 79 11 13 15 27 12 2 65 59 23,evens,regular,2
2022-10-29T04:48:00Z,183,22 29 5 9 57 53 72 43 69 2 17 44 70 45 32 80 76 3 46 18,tails,regular,1
2022-10-29T04:51:00Z,184,28 1 64 22 53 60 55 37 12 15 40 32 23 14 74 9 39 62 2 34,heads,minor,1
2022-10-29T04:54:00Z,185,62 25 65 15 23 7 58 59 54 66 14 11 73 21 44 26 8 57 36 3,heads,minor,5
2022-10-29T04:57:00Z,186,48 55 20 59 39 77 78 57 28 33 8 73 44 11 79 56 22 72 15 6,tails,regular,2
2022-10-29T05:00:00Z,188,27 16 1 67 19 77 78 26 20 15 50 3 48 60 30 53 45 18 39 32,heads,minor,2
2022-10-29T05:03:00Z,189,38 57 67 42 26 31 34 80 2 22 24 53 43 51 56 15 7 10 58 72,evens,major,1
2022-10-29T05:06:00Z,190,6 52 60 8 63 71 73 19 41 64 54 30 77 79 48 42 7 24 31 56,tails,regular,1
2022-10-29T05:09:00Z,191,73 3 54 17 41 6 40 63 61 67 1 47 39 23 80 9 62 11 45 46,tails,major,1
2022-10-29T05:12:00Z,192,27 41 50 46 62 17 20 8 39 74 14 28 77 33 3 34 48 79 61 49,evens,regular,2
2022-10-29T05:15:00Z,193,45 39 74 22 5 61 8 4 52 77 24 14 80 20 18 3 70 7 34 19,heads,minor,1
2022-10-29T05:18:00Z,194,52 17 56 58 28 40 11 31 4 49 30 32 34 33 35 5 62 39 65 72,heads,regular,2
2022-10-29T05:21:00Z,195,21 78 75 6 28 49 55 39 40 61 20 52 66 45 46 50 71 43 68 35,tails,regular,2
2022-10-29T05:24:00Z,197,11 24 63 19 13 32 77 67 2 50 53 10 20 25 33 56 6 17 36 76,heads,regular,2
2022-10-29T05:27:00Z,198,14 53 50 9 46 77 78 5 35 70 74 36 62 40 59 80 12 44 23 7,tails,minor,1
2022-10-29T05:30:00Z,199,2 47 22 21 70 53 27 16 34 13 54 35 49 62 10 41 20 46 63 7,heads,regular,1
2022-10-29T05:33:00Z,200,33 34 58 66 80 22 31 11 79 41 39 3 17 43 6 13 50 47 69 38,heads,regular,2
2022-10-29T05:36:00Z,201,38 5 54 16 8 63 76 55 68 59 11 62 20 6 48 75 12 78 52 67,tails,regular,1
2022-10-29T05:39:00Z,202,28 25 62 44 61 10 67 46 75 65 64 72 40 32 70 54 31 79 14 26,tails,regular,1
2022-10-29T05:42:00Z,203,57 22 7 59 25 73 17 66 65 80 64 40 20 53 41 32 14 23 1 61,evens,regular,1
2022-10-29T05:45:00Z,204,12 47 43 70 5 16 80 9 66 68 1 59 56 11 51 55 77 8 23 60,tails,regular,2
2022-10-29T05:48:00Z,206,38 61 72 48 64 59 6 75 30 24 78 4 21 19 33 44 56 14 55 65,tails,regular,1
2022-10-29T05:51:00Z,207,22 66 4 5 19 53 8 60 24 71 32 33 46 54 3 79 37 14 31 51,heads,regular,3
2022-10-29T05:54:00Z,208,51 33 64 24 78 28 73 10 67 40 56 30 18 16 1 55 6 22 45 35,heads,regular,2
2022-10-29T05:57:00Z,209,69 34 74 54 40 22 20 57 37 6 79 55 68 49 73 28 12 35 58 9,evens,regular,1
2022-10-29T06:00:00Z,210,64 72 28 25 65 15 58 8 2 63 39 29 61 4 7 23 50 45 73 38,heads,minor,4
2022-10-29T06:03:00Z,211,72 22 33 4 17 40 7 8 23 67 63 68 75 65 34 46 48 10 37 21,heads,minor,2
2022-10-29T06:06:00Z,212,37 30 26 55 52 74 45 69 13 4 1 48 51 22 64 7 5 23 42 34,heads,regular,2
2022-10-29T06:09:00Z,213,18 61 2 30 10 79 76 73 19 14 67 54 16 9 21 46 55 53 33 23,heads,regular,1
2022-10-29T06:12:00Z,215,44 63 30 35 46 7 57 26 45 54 12 38 32 39 72 41 4 33 47 37,heads,regular,1
2022-10-29T06:15:00Z,216,69 6 25 47 32 80 39 21 19 49 45 3 13 64 63 48 52 38 26 31,heads,regular,3
2022-10-29T06:18:00Z,217,73 35 78 5 47 72 2 13 52 3 40 17 24 51 29 45 68 11 7 12,heads,regular,10
2022-10-29T06:21:00Z,218,74 40 42 20 41 10 80 49 60 55 51 36 56 62 17 66 70 21 69 45,tails,regular,1
2022-10-29T06:24:00Z,219,25 59 19 4 5 51 55 76 58 11 75 37 62 20 61 29 69 63 12 66,tails,regular,3
2022-10-29T06:27:00Z,220,20 59 60 79 3 36 58 4 46 70 10 62 35 9 72 76 73 55 38 65,tails,regular,2
2022-10-29T06:30:00Z,221,39 80 15 60 54 23 47 35 26 17 65 31 79 3 1 13 75 45 24 73,heads,minor,10
2022-10-29T06:33:00Z,222,20 27 53 79 70 45 11 17 60 74 13 76 29 12 14 58 16 68 32 7,heads,minor,2
2022-10-29T06:36:00Z,224,64 63 12 20 15 33 39 46 69 13 30 65 66 43 50 27 22 28 44 36,heads,major,1
2022-10-29T06:39:00Z,225,76 67 6 34 10 80 77 74 65 15 59 39 79 58 13 23 47 17 51 9,tails,regular,1
2022-10-29T06:42:00Z,226,67 69 49 24 12 19 32 22 48 39 33 6 52 31 13 43 10 73 62 15,heads,regular,1
2022-10-29T06:45:00Z,227,44 59 3 4 29 32 45 38 70 30 23 40 2 71 27 61 42 53 36 60,heads,minor,4
2022-10-29T06:48:00Z,228,22 12 28 75 26 40 15 65 8 69 80 19 57 74 27 25 41 58 73 4,heads,regular,1
2022-10-29T06:51:00Z,229,42 64 4 63 8 16 34 35 37 51 75 6 27 10 56 43 76 17 66 49,evens,regular,3
2022-10-29T06:54:00Z,230,28 41 46 64 63 76 10 67 2 8 78 5 19 55 57 3 22 42 27 20,evens,regular,1
2022-10-29T06:57:00Z,231,32 74 21 34 73 19 36 28 70 17 10 53 48 11 58 45 79 78 1 42,evens,minor,3
2022-10-29T07:00:00Z,233,36 2 34 33 62 55 4 28 80 26 12 52 20 10 29 61 5 70 48 43,heads,regular,1
2022-10-29T07:03:00Z,234,65 67 53 75 21 71 74 30 61 33 46 78 23 19 57 42 80 14 8 26,tails,regular,1
2022-10-29T07:06:00Z,235,51 14 25 13 31 1 42 15 66 2 11 5 69 12 72 71 52 30 37 34,heads,regular,1
2022-10-29T07:09:00Z,236,74 19 53 54 73 6 10 66 47 7 15 59 80 76 50 22 9 31 40 51,tails,regular,10
2022-10-29T07:12:00Z,237,57 46 70 9 24 63 15 39 21 59 53 6 55 31 66 80 18 7 78 61,tails,regular,1
2022-10-29T07:15:00Z,238,31 65 15 57 58 48 38 33 24 54 16 26 47 29 46 22 75 78 50 35,evens,minor,1
2022-10-29T07:18:00Z,239,34 9 60 68 7 24 48 52 66 72 2 23 37 4 28 76 36 6 26 18,heads,regular,2
2022-10-29T07:21:00Z,240,40 69 5 52 28 42 57 79 48 26 70 1 75 22 80 8 66 6 60 53,tails,regular,1
2022-10-29T07:24:00Z,242,57 19 44 33 23 80 27 37 24 75 42 30 15 16 52 73 62 17 6 14,heads,major,1
2022-10-29T07:27:00Z,243,42 58 61 65 22 39 44 41 73 55 28 15 13 34 57 25 47 52 11 64,tails,regular,2
2022-10-29T07:30:00Z,244,34 8 51 63 69 55 23 68 59 61 10 60 1 30 24 80 37 25 14 7,heads,regular,3
2022-10-29T07:33:00Z,245,67 75 35 73 39 28 49 62 76 48 58 61 77 30 21 74 80 4 70 10,tails,major,1
2022-10-29T07:36:00Z,246,38 32 20 42 1 43 4 39 51 58 41 12 69 78 45 66 7 25 30 19,heads,regular,3
2022-10-29T07:39:00Z,247,77 38 66 17 32 5 74 75 36 20 59 37 63 57 39 1 62 11 60 72,evens,regular,1
2022-10-29T07:42:00Z,248,32 42 39 25 49 37 67 21 59 2 63 19 20 22 11 23 76 74 65 51,heads,regular,1
2022-10-29T07:45:00Z,249,23 40 78 29 27 44 24 55 39 67 65 42 34 32 5 48 13 31 7 61,heads,major,2
2022-10-29T07:48:00Z,251,64 70 58 45 53 77 10 29 40 73 31 46 32 72 54 13 60 71 5 49,tails,minor,2
2022-10-29T07:51:00Z,252,52 34 67 32 42 61 53 24 45 37 11 3 25 56 12 48 40 15 4 16,heads,regular,1
2022-10-29T07:54:00Z,253,79 47 73 43 26 17 32 4 66 29 2 49 44 71 15 50 78 1 74 46,tails,regular,2
2022-10-29T07:57:00Z,254,43 61 12 51 36 72 50 66 1 52 5 74 77 29 16 3 71 7 68 18,tails,regular,1
2022-10-29T08:00:00Z,255,32 10 2 3 49 6 42 16 24 8 53 31 46 77 21 57 58 37 45 72,heads,regular,3
2022-10-29T08:03:00Z,256,4 67 56 13 1 40 65 44 64 75 26 62 8 39 57 72 58 80 34 61,tails,regular,1
2022-10-29T08:06:00Z,257,62 39 17 77 30 34 10 14 22 25 48 70 80 59 64 66 68 12 54 76,tails,regular,10
2022-10-29T08:09:00Z,258,74 28 65 67 63 13 44 75 70 59 7 11 79 78 56 69 41 72 31 27,tails,regular,1
2022-10-29T08:12:00Z,260,7 72 71 69 8 61 48 50 34 10 74 5 77 25 79 63 45 58 12 78,tails,regular,1
2022-10-29T08:15:00Z,261,4 78 50 19 17 54 12 22 11 69 45 61 9 3 14 28 25 10 72 7,heads,regular,2
2022-10-29T08:18:00Z,262,38 10 46 6 15 79 30 27 13 45 68 64 14 61 78 43 33 50 19 75,evens,minor,2
2022-10-29T08:21:00Z,263,15 43 79 16 59 26 20 62 67 76 11 75 70 44 13 48 66 9 6 21,tails,minor,3
2022-10-29T08:24:00Z,264,73 60 2 51 54 63 7 40 17 21 1 6 41 37 22 46 3 13 57 12,heads,regular,1
2022-10-29T08:27:00Z,265,78 54 15 44 25 71 74 6 48 76 29 65 52 66 39 46 14 42 1 59,tails,regular,3
2022-10-29T08:30:00Z,266,72 79 64 27 31 70 57 6 61 7 18 11 80 66 19 24 23 15 34 10,heads,regular,3
2022-10-29T08:33:00Z,267,58 62 44 20 77 8 37 28 12 40 41 32 63 47 65 26 27 80 45 21,evens,regular,3
2022-10-29T08:36:00Z,269,1 34 33 21 72 27 44 24 54 42 53 69 10 61 77 39 57 3 80 32,evens,regular,3
2022-10-29T08:39:00Z,270,50 37 2 53 11 28 1 29 54 55 46 19 34 13 9 61 59 43 70 52,evens,regular,3
2022-10-29T08:42:00Z,271,29 21 53 73 15 14 80 24 51 69 35 79 60 37 67 34 4 30 10 13,heads,regular,2
2022-10-29T08:45:00Z,272,72 79 8 33 28 57 59 18 80 25 52 3 67 41 69 55 36 22 24 42,tails,regular,3
2022-10-29T08:48:00Z,273,54 27 5 3 78 72 55 10 39 16 65 46 66 50 45 26 67 15 59 6,tails,regular,3
2022-10-29T08:51:00Z,274,8 29 44 17 45 43 42 77 51 55 22 56 35 71 65 3 48 75 13 27,tails,minor,3
2022-10-29T08:54:00Z,275,29 61 58 60 62 28 38 4 40 12 7 45 48 72 23 22 42 47 44 75,tails,regular,2
2022-10-29T08:57:00Z,276,70 77 68 30 71 32 40 13 29 18 79 21 7 36 10 20 33 17 11 58,heads,regular,3
2022-10-29T09:00:00Z,278,4 74 21 14 12 18 65 46 36 71 67 56 8 78 61 68 72 54 76 59,tails,regular,2
2022-10-29T09:03:00Z,279,67 42 40 59 68 4 51 76 75 71 46 72 18 15 54 34 57 79 53 41,tails,regular,1
2022-10-29T09:06:00Z,280,13 61 4 46 9 57 29 79 69 71 35 53 59 74 12 58 78 23 15 41,tails,minor,3
2022-10-29T09:09:00Z,281,15 14 7 9 67 37 49 13 41 11 57 26 16 70 60 33 3 39 23 46,heads,regular,1
2022-10-29T09:12:00Z,282,37 45 18 3 75 4 12 57 78 31 13 76 42 69 27 79 61 67 38 54,tails,minor,3
2022-10-29T09:15:00Z,283,26 62 34 55 21 1 54 40 73 45 65 11 3 38 15 31 14 51 49 47,heads,regular,2
2022-10-29T09:18:00Z,284,57 70 22 79 52 7 49 76 28 66 50 43 15 30 59 6 48 54 58 38,tails,minor,1
2022-10-29T09:21:00Z,285,44 19 52 65 36 73 62 66 71 13 27 46 58 57 38 11 69 24 21 31,tails,regular,1
2022-10-29T09:24:00Z,287,3 33 10 8 66 67 25 18 52 13 37 64 49 27 60 19 1 57 54 71,heads,regular,2
2022-10-29T09:27:00Z,288,3 39 67 25 34 69 14 75 12 60 70 65 17 76 64 78 31 22 73 62,tails,major,1
2022-10-29T09:30:00Z,289,14 51 41 49 30 12 65 2 45 16 38 18 6 44 60 67 13 23 15 58,heads,minor,3
2022-10-29T09:33:00Z,290,38 24 56 25 31 10 61 37 4 51 45 26 33 8 1 79 28 15 58 72,heads,regular,2
2022-10-29T09:36:00Z,291,13 38 55 79 73 11 76 35 75 72 37 53 26 9 23 10 67 5 60 18,heads,minor,1
2022-10-29T09:39:00Z,292,39 43 2 76 77 51 37 19 8 45 53 44 64 70 60 73 9 71 58 80,tails,minor,2
2022-10-29T09:42:00Z,293,3 45 39 54 53 76 66 19 10 28 59 11 7 24 29 41 48 15 74 13,heads,regular,2
2022-10-29T09:45:00Z,294,41 39 23 32 45 18 54 58 53 35 21 26 79 10 56 29 11 76 52 44,evens,minor,1
2022-10-29T09:48:00Z,296,52 41 10 17 73 39 42 31 67 1 50 49 9 11 28 30 64 22 35 7,heads,regular,1
2022-10-29T09:51:00Z,297,67 61 22 8 29 53 68 49 69 9 5 13 43 41 57 24 46 31 44 51,tails,minor,4
2022-10-29T09:54:00Z,298,19 6 45 64 30 28 78 34 18 9 57 29 3 49 24 59 63 46 39 66,heads,minor,2
2022-10-29T09:57:00Z,299,69 41 44 67 51 43 36 7 72 40 42 77 30 80 47 46 28 61 56 18,tails,minor,3
2022-10-29T10:00:00Z,300,15 14 67 36 12 55 66 63 62 79 42 33 65 43 78 68 38 35 70 50,tails,minor,3
2022-10-29T10:03:00Z,301,44 72 13 77 29 78 12 36 79 32 9 28 58 23 37 30 62 50 3 24,heads,regular,3
2022-10-29T10:06:00Z,302,54 36 56 8 34 18 61 75 66 45 16 79 76 62 5 71 29 72 12 32,tails,minor,1
2022-10-29T10:09:00Z,303,54 36 29 78 21 79 33 76 27 25 80 2 13 49 12 61 63 56 47 14,evens,regular,1
2022-10-29T10:12:00Z,305,16 19 20 60 42 47 67 29 79 2 48 40 41 39 62 3 30 25 33 26,heads,regular,1
2022-10-29T10:15:00Z,306,9 2 23 3 12 10 15 7 73 27 72 67 18 68 20 42 29 34 26 66,heads,regular,1
2022-10-29T10:18:00Z,307,19 8 5 44 58 73 37 25 42 11 30 20 76 22 18 33 41 2 59 9,heads,regular,1
2022-10-29T10:21:00Z,308,5 29 18 63 57 70 73 39 16 40 56 26 46 22 62 52 78 12 34 21,heads,regular,2
2022-10-29T10:24:00Z,309,60 38 58 68 40 75 57 18 53 43 65 4 10 69 76 55 70 7 29 32,tails,regular,10
2022-10-29T10:27:00Z,310,49 46 50 77 31 68 60 22 43 2 18 80 16 76 28 36 54 20 3 8,evens,minor,3
2022-10-29T10:30:00Z,311,68 29 22 3 28 53 4 39 52 34 41 58 79 59 44 25 57 63 5 8,evens,regular,2
2022-10-29T10:33:00Z,312,15 69 54 61 4 58 45 11 70 65 63 57 34 60 42 23 72 1 22 73,tails,regular,1
2022-10-29T10:36:00Z,314,67 15 79 19 69 32 41 56 53 62 47 24 43 46 49 78 39 25 48 18,tails,minor,1
2022-10-29T10:39:00Z,315,3 17 64 76 4 63 34 19 32 33 53 28 50 73 78 71 57 1 6 75,evens,regular,1
2022-10-29T10:42:00Z,316,57 78 56 71 18 3 44 60 64 5 51 23 21 66 53 59 24 65 8 22,tails,major,4
2022-10-29T10:45:00Z,317,65 50 38 61 47 58 72 55 63 41 32 54 73 60 22 44 11 77 80 48,tails,regular,3
2022-10-29T10:48:00Z,318,60 31 32 73 23 79 18 78 17 67 57 55 33 48 11 1 7 21 76 61,evens,major,4
2022-10-29T10:51:00Z,319,10 65 11 40 12 51 75 77 72 19 9 44 66 69 8 17 80 63 26 79,tails,major,1
2022-10-29T10:54:00Z,320,75 59 1 65 23 51 47 76 74 3 5 16 48 78 18 60 42 32 12 7,tails,regular,1
2022-10-29T10:57:00Z,321,3 62 59 66 77 61 60 41 74 54 68 6 47 33 34 52 58 37 56 45,tails,regular,3
2022-10-29T11:00:00Z,323,50 7 66 68 19 17 18 45 25 31 33 16 78 46 47 60 41 1 54 73,tails,regular,2
2022-10-29T11:03:00Z,324,45 61 12 10 65 62 35 74 58 24 41 17 79 46 78 55 80 60 23 59,tails,regular,1
2022-10-29T11:06:00Z,325,10 65 20 1 51 59 28 48 58 9 5 34 3 32 36 63 66 71 44 57,evens,minor,2
2022-10-29T11:09:00Z,326,29 54 60 17 76 56 35 25 8 75 66 74 2 55 52 21 31 39 63 41,tails,regular,1
2022-10-29T11:12:00Z,327,66 45 65 16 24 21 46 55 31 25 58 68 28 5 2 78 75 64 76 23,tails,minor,2
2022-10-29T11:15:00Z,328,31 5 44 78 25 57 35 23 65 33 22 42 24 36 3 74 28 50 34 27,heads,regular,1
2022-10-29T11:18:00Z,329,46 19 17 18 20 1 41 33 71 50 67 53 25 6 9 43 32 22 26 5,heads,minor,2
2022-10-29T11:21:00Z,330,74 59 38 61 43 50 23 7 58 33 39 24 31 54 27 67 62 57 6 76,tails,minor,2
2022-10-29T11:24:00Z,332,24 30 11 27 25 39 32 21 5 13 74 4 79 19 78 56 35 29 7 68,heads,minor,1
2022-10-29T11:27:00Z,333,5 73 80 78 15 72 16 75 33 61 58 1 18 53 27 10 44 68 6 71,tails,regular,2
2022-10-29T11:30:00Z,334,17 13 71 44 49 6 63 75 29 14 31 58 51 74 22 79 36 65 25 15,evens,regular,1
2022-10-29T11:33:00Z,335,71 63 50 34 4 78 48 10 59 56 41 45 25 52 79 40 47 77 18 16,tails,minor,3
2022-10-29T11:36:00Z,336,61 50 42 53 34 60 76 8 15 2 14 68 67 51 57 3 77 80 70 79,tails,regular,1
2022-10-29T11:39:00Z,337,26 74 52 45 46 32 37 38 34 47 70 68 77 1 57 25 76 56 30 31,tails,regular,1
2022-10-29T11:42:00Z,338,74 19 18 10 32 36 23 43 3 77 7 21 66 27 56 41 4 44 69 34,heads,major,3
2022-10-29T11:45:00Z,339,54 28 57 6 31 48 64 35 67 59 25 27 44 76 73 5 71 4 70 23,tails,regular,3
2022-10-29T11:48:00Z,341,2 76 30 36 28 38 23 71 62 16 45 3 11 74 78 41 10 32 40 39,heads,regular,1
2022-10-29T11:51:00Z,342,72 14 47 4 74 70 43 61 79 2 17 8 7 40 69 46 19 64 80 29,tails,regular,2
2022-10-29T11:54:00Z,343,42 20 79 66 1 59 56 73 21 44 17 32 28 39 25 71 16 7 57 2,heads,regular,1
2022-10-29T11:57:00Z,344,74 31 79 40 39 62 29 8 15 18 48 24 69 44 65 71 75 78 2 55,tails,regular,1
2022-10-29T12:00:00Z,345,29 36 71 77 25 3 10 8 51 28 15 37 1 62 35 20 55 65 73 17,heads,minor,1
2022-10-29T12:03:00Z,346,62 14 25 48 75 38 10 18 32 78 42 65 76 20 57 44 51 49 27 56,tails,regular,1
2022-10-29T12:06:00Z,347,42 63 71 33 4 18 39 34 35 73 17 54 40 64 77 5 51 69 10 14,heads,regular,1
2022-10-29T12:09:00Z,348,51 21 72 71 42 25 1 35 49 60 62 65 20 27 76 77 3 79 54 11,tails,regular,1
2022-10-29T12:12:00Z,350,6 34 48 17 5 2 51 20 49 54 68 77 36 63 9 14 25 28 1 80,heads,regular,2
2022-10-29T12:15:00Z,351,10 14 8 78 60 25 56 45 68 40 2 62 52 71 57 79 12 26 66 16,tails,minor,1
2022-10-29T12:18:00Z,352,40 72 69 74 18 36 71 13 52 79 51 17 5 25 41 78 31 73 2 64,tails,major,1
2022-10-29T12:21:00Z,353,79 55 4 21 69 57 70 49 15 76 62 14 77 29 41 38 75 54 5 43,tails,regular,2
2022-10-29T12:24:00Z,354,9 79 35 72 63 60 71 50 17 37 38 61 56 10 36 5 74 76 77 7,tails,regular,2
2022-10-29T12:27:00Z,355,11 32 26 46 33 65 50 77 41 52 27 72 13 71 47 34 36 39 8 37,heads,regular,2
2022-10-29T12:30:00Z,356,71 5 44 50 1 59 70 35 78 76 26 22 52 7 16 15 68 8 73 29,evens,minor,10
2022-10-29T12:33:00Z,357,49 52 45 17 79 63 65 7 80 60 42 50 77 57 2 27 34 43 24 39,tails,regular,1
2022-10-29T12:36:00Z,359,26 8 27 34 18 30 46 50 67 58 48 40 56 38 75 19 28 14 29 21,heads,regular,1
2022-10-29T12:39:00Z,360,48 20 25 47 37 1 75 78 12 5 59 46 10 77 33 11 70 24 39 14,heads,regular,2
2022-10-29T12:42:00Z,361,21 59 34 8 42 13 73 68 56 29 32 74 33 28 19 70 4 77 20 71,heads,regular,1
2022-10-29T12:45:00Z,362,32 11 7 73 4 38 12 13 79 68 47 41 69 21 63 8 36 15 25 46,heads,regular,1
2022-10-29T12:48:00Z,363,66 49 64 74 61 10 33 27 44 47 77 21 59 13 45 14 52 80 23 53,tails,regular,1
2022-10-29T12:51:00Z,364,38 36 5 16 40 37 11 28 26 68 25 50 56 20 22 60 80 75 10 7,heads,regular,1
2022-10-29T12:54:00Z,365,80 36 65 46 11 72 41 53 50 55 79 43 48 51 27 16 35 60 29 33,tails,regular,2
2022-10-29T12:57:00Z,366,5 60 28 34 66 53 40 62 42 10 11 55 21 12 3 16 51 59 75 17,heads,regular,3
2022-10-29T13:00:00Z,368,78 21 68 6 9 15 52 58 48 37 17 46 28 77 75 27 4 26 8 35,heads,regular,2
2022-10-29T13:03:00Z,369,49 29 62 4 7 16 38 28 39 32 26 33 11 78 52 74 60 58 77 3,heads,regular,2
2022-10-29T13:06:00Z,370,14 69 36 78 6 5 57 55 9 8 56 66 77 32 4 12 24 50 27 18,heads,minor,2
2022-10-29T13:09:00Z,371,76 62 31 3 38 4 13 46 70 52 6 25 28 1 14 8 71 27 37 55,heads,minor,3
2022-10-29T13:12:00Z,372,58 45 18 28 19 26 25 77 51 44 66 12 68 39 30 49 20 40 16 54,heads,major,1
2022-10-29T13:15:00Z,373,76 25 50 63 26 2 30 46 7 1 9 22 48 78 40 36 12 47 17 8,heads,minor,1
2022-10-29T13:18:00Z,374,68 75 51 3 14 79 55 10 23 5 77 29 22 60 19 65 7 40 49 71,evens,regular,2
2022-10-29T13:21:00Z,375,33 19 38 59 14 36 31 61 52 21 49 20 27 15 65 8 79 40 6 58,heads,regular,2
2022-10-29T13:24:00Z,377,76 71 64 12 44 19 55 41 16 60 18 23 33 42 34 38 8 67 11 69,evens,regular,2
2022-10-29T13:27:00Z,378,69 19 67 63 13 73 60 26 46 24 36 77 2 10 8 22 62 35 40 71,heads,minor,10
2022-10-29T13:30:00Z,379,41 15 77 17 49 60 7 76 27 31 51 74 8 64 38 66 37 58 19 46,tails,regular,1
2022-10-29T13:33:00Z,380,72 64 2 25 59 8 20 3 23 60 63 67 51 42 37 17 74 10 5 53,evens,regular,1
2022-10-29T13:36:00Z,381,42 31 7 77 35 34 50 46 32 76 60 10 11 75 24 1 54 73 67 38,evens,regular,2
2022-10-29T13:39:00Z,382,5 65 67 80 55 66 7 70 17 39 52 8 75 59 34 15 28 22 1 21,heads,regular,1
2022-10-29T13:42:00Z,383,72 77 70 79 24 67 33 78 49 47 59 6 2 28 73 74 19 55 5 68,tails,regular,1
2022-10-29T13:45:00Z,384,2 37 38 78 31 32 63 16 51 14 19 9 72 6 25 77 23 53 11 61,heads,minor,1
2022-10-29T13:48:00Z,386,52 9 29 25 56 63 33 42 27 53 34 1 71 22 46 55 13 8 3 18,heads,regular,3
2022-10-29T13:51:00Z,387,35 76 27 48 55 80 10 49 31 38 70 50 36 66 60 62 13 9 58 32,tails,regular,1
2022-10-29T13:54:00Z,388,25 3 55 48 27 53 76 63 58 69 49 50 32 5 54 7 72 37 13 75,tails,minor,2
2022-10-29T13:57:00Z,389,5 75 69 16 66 76 2 79 9 29 24 46 14 56 42 59 62 15 32 77,tails,minor,1
2022-10-29T14:00:00Z,390,63 42 1 49 31 38 21 47 58 34 57 28 35 60 26 18 75 52 43 64,tails,regular,10
2022-10-29T14:03:00Z,391,53 8 22 79 54 49 38 57 25 75 48 55 76 19 31 45 37 20 34 61,tails,minor,3
2022-10-29T14:06:00Z,392,9 16 79 45 21 12 57 56 66 4 72 34 29 48 2 58 13 6 55 26,heads,regular,1
2022-10-29T14:09:00Z,393,40 15 3 44 8 27 6 63 54 61 47 36 66 39 4 25 77 64 43 78,evens,regular,1
2022-10-29T14:12:00Z,395,20 31 39 48 17 63 25 46 41 18 5 66 67 76 7 16 53 45 28 3,heads,regular,2
2022-10-29T14:15:00Z,396,61 66 7 44 3 49 22 14 45 48 41 52 30 17 78 72 58 24 43 69,tails,regular,2
2022-10-29T14:18:00Z,397,52 8 45 73 19 4 23 13 53 51 69 76 32 25 6 60 41 11 80 78,tails,regular,2
2022-10-29T14:21:00Z,398,17 66 64 30 15 23 5 6 63 71 59 11 32 58 10 51 1 8 19 7,heads,minor,1
2022-10-29T14:24:00Z,399,79 29 42 8 56 25 47 3 53 78 44 71 55 52 45 63 59 33 18 4,tails,regular,2
2022-10-29T14:27:00Z,400,29 7 66 4 40 64 33 13 16 10 6 73 51 53 78 26 76 24 68 70,heads,regular,1
2022-10-29T14:30:00Z,401,80 24 21 3 27 40 57 16 55 65 11 69 22 42 12 26 78 63 37 18,heads,minor,2
2022-10-29T14:33:00Z,402,39 24 8 26 29 75 54 36 10 41 11 7 23 42 55 48 16 76 77 12,heads,minor,1
2022-10-29T14:36:00Z,404,59 12 48 3 79 5 26 74 15 66 35 51 20 77 61 43 2 18 21 75,evens,minor,4
2022-10-29T14:39:00Z,405,55 76 24 59 58 50 12 28 13 3 18 65 10 9 42 23 37 20 78 79,heads,regular,1
2022-10-29T14:42:00Z,406,69 27 39 23 58 17 16 70 78 31 74 57 56 49 24 79 48 35 63 68,tails,regular,3
2022-10-29T14:45:00Z,407,2 49 51 60 16 20 74 29 1 43 25 56 17 22 31 55 6 18 65 62,heads,regular,2
2022-10-29T14:48:00Z,408,16 59 41 66 37 51 33 6 29 34 46 2 30 64 22 42 12 26 58 69,heads,major,1
2022-10-29T14:51:00Z,409,19 5 64 18 20 58 52 77 76 27 37 80 71 11 4 69 78 38 57 74,tails,major,2
2022-10-29T14:54:00Z,410,9 60 7 38 53 8 47 77 13 36 71 43 68 73 2 22 29 57 16 66,evens,regular,2
2022-10-29T14:57:00Z,411,22 16 35 78 10 54 64 52 27 62 73 43 55 2 53 50 38 63 66 17,tails,regular,2
2022-10-29T15:00:00Z,413,6 1 70 48 41 4 30 76 55 68 36 16 42 79 54 8 51 67 61 25,tails,regular,4
2022-10-29T15:03:00Z,414,65 36 42 8 32 1 49 35 51 12 57 20 30 4 72 78 69 79 43 11,evens,regular,3
2022-10-29T15:06:00Z,415,72 60 76 79 22 15 63 7 5 40 48 53 41 54 33 52 9 64 49 21,tails,regular,3
2022-10-29T15:09:00Z,416,25 6 1 79 2 48 40 39 17 4 73 59 3 80 34 63 49 62 64 67,evens,regular,1
2022-10-29T15:12:00Z,417,72 31 26 8 33 16 5 57 29 53 3 71 34 23 21 74 30 47 25 12,heads,regular,3
2022-10-29T15:15:00Z,418,44 34 16 64 74 73 31 53 42 68 60 56 6 78 79 77 40 25 50 47,tails,regular,3
2022-10-29T15:18:00Z,419,18 70 44 15 51 25 58 4 39 33 35 41 21 17 67 63 68 64 73 19,evens,regular,2
2022-10-29T15:21:00Z,420,11 60 52 70 37 10 53 19 1 28 16 40 65 62 74 66 46 76 59 71,tails,minor,3
2022-10-29T15:24:00Z,422,73 56 68 61 60 80 52 34 59 33 49 31 57 63 40 9 43 44 69 17,tails,major,4
2022-10-29T15:27:00Z,423,73 62 45 27 57 79 78 26 3 25 54 36 18 24 39 32 37 42 44 50,evens,major,4
2022-10-29T15:30:00Z,424,42 23 44 59 38 2 27 70 54 56 75 69 20 58 37 32 51 16 46 11,tails,major,4
2022-10-29T15:33:00Z,425,45 19 51 44 13 22 60 75 66 14 36 41 12 33 37 70 15 20 72 57,evens,minor,1
2022-10-29T15:36:00Z,426,80 78 29 12 68 41 57 35 51 56 65 5 33 49 71 9 42 11 26 61,tails,regular,1
2022-10-29T15:39:00Z,427,19 38 11 74 15 70 41 27 5 3 66 31 36 62 2 23 64 14 45 55,heads,major,2
2022-10-29T15:42:00Z,428,80 46 61 4 60 75 62 67 14 63 35 72 45 37 52 10 59 51 41 42,tails,minor,2
2022-10-29T15:45:00Z,429,28 30 45 17 39 71 48 65 19 77 41 46 68 7 9 44 61 74 72 23,tails,regular,1
2022-10-29T15:48:00Z,431,56 20 36 31 68 10 32 14 54 51 79 52 17 53 24 67 23 21 72 71,evens,major,4
2022-10-29T15:51:00Z,432,44 31 78 14 62 11 1 73 24 10 26 6 34 38 18 75 15 57 51 20,heads,minor,5
2022-10-29T15:54:00Z,433,25 42 32 56 71 3 65 9 1 54 34 61 38 75 47 64 48 16 67 27,tails,minor,1
2022-10-29T15:57:00Z,434,1 32 27 25 43 61 37 36 67 6 11 22 3 42 62 15 65 55 28 80,heads,minor,1
2022-10-29T16:00:00Z,435,72 43 20 23 37 17 7 64 75 33 29 58 42 2 21 30 70 63 19 76,heads,regular,2
2022-10-29T16:03:00Z,436,54 57 6 72 27 78 65 67 40 46 47 26 17 77 5 69 48 28 70 18,tails,regular,2
2022-10-29T16:06:00Z,437,41 11 50 34 18 56 67 77 31 44 13 63 23 33 58 6 35 64 59 25,evens,minor,1
2022-10-29T16:09:00Z,438,13 20 15 27 55 31 10 9 24 54 41 80 21 74 44 47 32 42 53 50,evens,minor,2
2022-10-29T16:12:00Z,440,5 42 32 47 37 6 36 7 38 20 4 10 44 61 55 41 39 72 45 54,heads,regular,1
2022-10-29T16:15:00Z,441,6 9 14 63 16 1 62 35 34 7 40 67 77 45 79 51 76 55 74 78,tails,minor,2
2022-10-29T16:18:00Z,442,64 13 42 36 43 21 78 4 80 71 31 19 75 62 33 70 46 48 20 1,tails,regular,3
2022-10-29T16:21:00Z,443,22 50 65 48 47 36 13 21 15 25 33 3 30 72 66 62 17 45 80 41,evens,regular,2
2022-10-29T16:24:00Z,444,77 14 48 21 55 40 37 63 79 9 52 65 24 58 70 31 36 59 39 66,tails,regular,1
2022-10-29T16:27:00Z,445,19 66 47 75 41 1 30 42 6 60 62 34 48 40 29 63 4 55 53 23,tails,regular,2
2022-10-29T16:30:00Z,446,18 47 54 66 3 68 38 27 37 59 29 48 44 14 67 25 26 32 42 24,heads,regular,1
2022-10-29T16:33:00Z,447,75 53 37 64 2 15 23 67 34 51 77 74 12 3 70 31 6 46 43 13,evens,regular,3
2022-10-29T16:36:00Z,449,53 17 10 31 64 5 28 8 68 59 6 75 46 16 15 47 51 78 80 11,evens,regular,1
2022-10-29T16:39:00Z,450,14 27 32 45 26 1 6 29 21 76 57 19 58 42 75 18 69 70 31 61,heads,regular,2
2022-10-29T16:42:00Z,451,79 72 68 63 44 71 61 69 27 49 60 21 37 26 31 78 36 7 75 51,tails,regular,1
2022-10-29T16:45:00Z,452,3 22 10 39 59 44 77 64 78 54 62 20 73 24 4 17 63 65 18 13,evens,major,3
2022-10-29T16:48:00Z,453,26 15 7 56 78 42 62 45 27 37 73 24 22 79 75 59 14 39 67 19,evens,regular,1
2022-10-29T16:51:00Z,454,60 36 69 45 2 15 79 40 39 74 44 42 11 66 71 64 34 13 57 41,tails,regular,1
2022-10-29T16:54:00Z,455,51 27 10 28 25 52 79 36 60 43 42 32 48 21 58 45 4 18 78 75,tails,minor,1
2022-10-29T16:57:00Z,456,52 20 42 22 31 58 33 15 66 9 49 47 28 14 37 44 79 32 72 61,evens,minor,2
2022-10-29T17:00:00Z,458,46 36 66 57 14 80 77 33 24 9 41 25 65 69 11 18 53 12 74 35,evens,regular,2
2022-10-29T17:03:00Z,459,1 75 74 29 51 57 38 53 19 5 18 22 72 59 27 62 48 76 13 35,evens,regular,1
2022-10-29T17:06:00Z,460,61 67 33 70 62 3 60 69 41 10 49 34 78 43 74 68 79 8 52 32,tails,regular,3
2022-10-29T17:09:00Z,461,51 45 46 3 49 22 57 21 53 80 48 16 40 28 6 75 77 79 17 50,tails,regular,3
2022-10-29T17:12:00Z,462,21 1 13 53 30 5 37 59 15 57 19 48 24 55 33 32 76 45 9 54,heads,regular,1
2022-10-29T17:15:00Z,463,50 12 64 44 46 45 75 20 1 30 63 13 11 76 16 36 31 35 18 72,heads,regular,4
2022-10-29T17:18:00Z,464,4 50 23 11 72 15 1 58 3 36 16 26 68 13 5 78 61 37 18 60,heads,minor,1
2022-10-29T17:21:00Z,465,73 42 55 32 76 67 57 44 48 49 65 75 50 52 20 43 66 17 25 12,tails,regular,2
2022-10-29T17:24:00Z,467,28 58 5 6 52 23 64 69 11 47 22 71 66 30 45 37 36 25 59 53,evens,regular,1
2022-10-29T17:27:00Z,468,60 11 75 34 17 5 43 18 38 21 49 6 28 79 77 12 74 72 78 46,evens,regular,2
2022-10-29T17:30:00Z,469,38 21 76 53 9 34 33 60 15 46 49 13 27 32 37 61 77 20 18 10,heads,regular,3
2022-10-29T17:33:00Z,470,36 50 55 15 24 80 70 51 67 22 19 8 59 26 35 64 77 65 16 48,tails,regular,1
2022-10-29T17:36:00Z,471,22 11 20 47 52 73 58 16 57 6 5 28 80 55 48 26 44 51 78 75,tails,regular,1
2022-10-29T17:39:00Z,472,53 79 30 22 19 51 20 68 21 5 52 25 28 72 60 49 31 57 17 76,evens,minor,1
2022-10-29T17:42:00Z,473,64 12 18 67 69 15 74 75 22 6 71 20 77 36 52 32 70 44 73 56,tails,major,3
2022-10-29T17:45:00Z,474,54 32 14 56 44 49 70 26 47 2 28 77 59 19 35 20 71 42 65 40,tails,minor,3
2022-10-29T17:48:00Z,476,72 39 42 44 4 29 32 74 16 34 48 57 58 63 1 8 47 40 38 76,evens,regular,2
2022-10-29T17:51:00Z,477,79 23 25 21 12 60 54 73 16 45 74 69 71 64 31 70 37 18 56 52,tails,regular,3
2022-10-29T17:54:00Z,478,20 28 30 57 18 52 59 80 75 4 66 47 49 10 63 8 1 5 31 68,evens,regular,2
2022-10-29T17:57:00Z,479,25 51 36 1 47 30 8 33 10 7 50 40 71 48 77 67 70 39 17 63,heads,minor,4
2022-10-29T18:00:00Z,480,64 14 61 48 7 45 6 78 74 35 11 73 65 5 39 37 70 47 60 9,tails,major,4
2022-10-29T18:03:00Z,481,36 17 10 48 56 19 51 22 68 4 6 20 13 7 30 80 53 61 43 62,heads,minor,1
2022-10-29T18:06:00Z,482,29 2 48 67 6 12 30 10 57 4 41 49 34 66 42 78 23 25 53 9,heads,minor,2
2022-10-29T18:09:00Z,483,77 18 38 45 36 43 23 39 28 79 72 34 55 40 27 63 58 53 65 52,tails,regular,3
2022-10-29T18:12:00Z,485,79 51 6 44 55 69 67 54 77 52 49 62 57 21 2 30 48 50 27 80,tails,regular,1
2022-10-29T18:15:00Z,486,51 47 31 18 76 3 41 7 5 2 61 28 35 8 65 60 9 64 74 56,evens,regular,1
2022-10-29T18:18:00Z,487,36 68 5 59 17 62 52 47 38 6 51 50 78 27 21 4 46 13 25 43,evens,minor,3
2022-10-29T18:21:00Z,488,74 4 72 63 65 43 76 24 67 58 49 51 37 44 41 36 45 11 54 13,tails,regular,10
2022-10-29T18:24:00Z,489,54 64 61 22 6 56 77 3 45 9 23 12 25 60 21 59 16 78 76 51,tails,regular,1
2022-10-29T18:27:00Z,490,80 30 50 29 43 79 53 40 72 3 32 6 76 75 69 9 48 2 77 8,tails,regular,3
2022-10-29T18:30:00Z,491,47 20 42 33 51 7 52 37 57 17 34 12 79 58 74 78 63 10 66 43,tails,regular,2
2022-10-29T18:33:00Z,492,39 52 25 78 57 28 22 65 18 34 3 61 7 9 40 30 73 31 41 75,heads,major,1
2022-10-29T18:36:00Z,494,18 79 4 70 16 72 31 3 35 50 51 48 60 9 77 44 75 58 56 57,tails,minor,3
2022-10-29T18:39:00Z,495,60 18 68 36 39 52 41 59 28 62 15 61 77 5 65 50 67 53 21 10,tails,regular,1
2022-10-29T18:42:00Z,496,30 80 10 2 42 59 28 19 22 26 17 73 40 76 46 72 77 64 12 35,heads,major,4
2022-10-29T18:45:00Z,497,71 14 5 70 79 56 36 19 46 23 27 9 38 47 37 18 24 41 2 80,heads,minor,2
2022-10-29T18:48:00Z,498,24 65 49 37 69 64 75 41 26 13 19 11 73 58 4 16 71 8 5 33,heads,regular,3
2022-10-29T18:51:00Z,499,34 19 45 29 60 5 30 55 35 54 37 7 46 56 2 59 11 22 79 44,heads,regular,3
2022-10-29T18:54:00Z,500,47 34 62 50 78 27 54 59 44 56 66 41 58 25 73 12 71 6 55 72,tails,regular,1
2022-10-29T18:57:00Z,501,14 61 16 9 68 42 69 72 6 27 30 21 55 1 12 67 19 34 58 53,heads,regular,2
2022-10-29T19:00:00Z,503,5 44 26 48 49 7 75 41 46 16 33 27 25 43 40 2 76 6 69 70,evens,minor,3
2022-10-29T19:03:00Z,504,21 9 40 43 30 57 48 56 69 32 18 5 46 65 77 62 15 27 79 36,evens,minor,1
2022-10-29T19:06:00Z,505,4 17 76 20 43 55 71 26 58 40 33 70 16 41 11 64 66 38 68 35,evens,regular,1
2022-10-29T19:09:00Z,506,15 41 54 40 24 46 61 42 68 12 4 67 49 11 23 31 78 47 5 16,evens,regular,2
2022-10-29T19:12:00Z,507,22 39 38 17 80 66 40 51 2 76 11 35 31 21 75 49 71 28 1 48,heads,regular,2
2022-10-29T19:15:00Z,508,75 64 73 39 79 77 51 61 54 7 35 50 42 30 40 33 63 26 49 6,tails,regular,1
2022-10-29T19:18:00Z,509,59 68 20 74 52 30 23 32 21 8 25 39 73 43 62 58 64 4 15 75,evens,regular,2
2022-10-29T19:21:00Z,510,42 61 66 73 1 62 10 19 45 22 43 35 79 17 46 75 63 69 26 3,tails,regular,3
2022-10-29T19:24:00Z,512,67 71 34 7 62 72 4 21 64 47 58 70 28 16 25 56 14 51 68 40,tails,regular,2
2022-10-29T19:27:00Z,513,27 6 42 80 39 17 36 3 9 8 45 13 72 29 43 68 77 67 75 11,heads,major,1
2022-10-29T19:30:00Z,514,1 31 79 75 68 13 78 61 50 51 24 4 22 9 32 76 69 17 37 41,evens,regular,4
2022-10-29T19:33:00Z,515,61 3 46 25 55 36 34 51 20 47 58 78 14 69 6 52 19 18 27 72,evens,regular,2
2022-10-29T19:36:00Z,516,26 30 25 11 53 78 60 12 15 17 2 44 79 57 51 10 52 59 50 58,tails,regular,1
2022-10-29T19:39:00Z,517,16 15 22 12 10 33 17 26 73 80 52 29 30 25 38 8 1 57 63 2,heads,regular,1
2022-10-29T19:42:00Z,518,70 1 27 56 3 33 60 40 52 39 44 53 49 2 73 31 32 7 42 17,heads,regular,2
2022-10-29T19:45:00Z,519,48 1 29 32 55 47 23 71 21 5 31 76 8 54 64 51 59 22 45 2,evens,regular,3
2022-10-29T19:48:00Z,521,75 9 36 2 21 66 64 62 22 19 37 30 16 33 63 6 44 58 29 20,heads,regular,3
2022-10-29T19:51:00Z,522,54 2 45 25 21 38 5 34 53 14 78 20 29 16 17 39 35 62 42 66,heads,regular,1
2022-10-29T19:54:00Z,523,35 76 39 14 17 33 57 46 15 11 51 30 23 7 61 71 1 59 3 48,heads,minor,1
2022-10-29T19:57:00Z,524,48 13 51 9 47 3 16 22 10 62 41 63 56 4 25 79 69 19 49 2,evens,minor,5
2022-10-29T20:00:00Z,525,64 26 16 58 24 36 20 11 18 69 5 63 51 27 71 9 1 54 34 28,heads,minor,2
2022-10-29T20:03:00Z,526,44 10 62 5 15 50 3 32 70 34 61 26 39 75 76 16 45 49 22 4,heads,regular,2
2022-10-29T20:06:00Z,527,4 2 10 53 62 1 12 29 69 72 9 56 36 17 21 60 45 5 11 49,heads,regular,1
2022-10-29T20:09:00Z,528,4 52 33 18 56 49 80 30 50 26 72 66 27 11 51 57 47 55 53 39,tails,regular,3
2022-10-29T20:12:00Z,530,27 67 76 23 16 28 51 66 7 6 37 38 40 34 60 11 74 4 78 12,heads,regular,1
2022-10-29T20:15:00Z,531,78 74 45 52 36 43 1 16 57 60 49 46 59 51 64 42 34 26 55 29,tails,regular,2
2022-10-29T20:18:00Z,532,28 26 63 31 78 70 14 5 6 51 59 20 57 79 80 16 46 69 61 67,tails,regular,1
2022-10-29T20:21:00Z,533,60 75 29 19 62 80 10 20 13 44 1 15 74 17 63 52 65 69 6 23,evens,regular,1
2022-10-29T20:24:00Z,534,29 6 39 55 36 23 74 48 14 2 42 72 17 33 32 37 77 4 59 47,heads,major,1
2022-10-29T20:27:00Z,535,32 62 11 27 12 10 6 65 43 45 69 63 58 52 42 34 13 72 59 22,tails,regular,1
2022-10-29T20:30:00Z,536,19 78 33 24 55 5 11 40 41 69 52 56 3 42 54 59 61 79 77 32,tails,major,1
2022-10-29T20:33:00Z,537,64 11 40 34 22 16 67 50 74 12 39 55 33 71 30 54 8 25 51 26,heads,regular,5
2022-10-29T20:36:00Z,539,24 30 17 18 9 70 25 49 19 1 56 71 35 38 79 34 48 39 26 55,heads,major,1
2022-10-29T20:39:00Z,540,63 29 59 15 22 43 26 38 10 61 13 11 35 24 19 71 66 16 44 52,heads,regular,1
2022-10-29T20:42:00Z,541,2 11 49 15 28 42 75 16 44 56 3 19 17 43 73 69 24 8 33 37,heads,minor,1
2022-10-29T20:45:00Z,542,22 64 79 66 30 10 53 4 34 28 32 59 39 46 9 52 76 21 65 6,heads,regular,2
2022-10-29T20:48:00Z,543,42 38 37 73 32 62 44 47 3 56 51 79 17 57 9 11 4 33 23 13,heads,regular,2
2022-10-29T20:51:00Z,544,42 59 17 48 67 36 63 25 71 41 35 19 2 28 33 56 27 64 54 32,evens,regular,2
2022-10-29T20:54:00Z,545,40 13 21 7 73 20 31 43 45 59 36 9 10 62 23 1 17 64 24 61,heads,major,1
2022-10-29T20:57:00Z,546,31 56 15 46 18 37 48 30 53 22 49 44 21 32 43 71 69 74 27 26,evens,regular,1
2022-10-29T21:00:00Z,548,51 21 17 34 61 35 19 57 29 30 69 45 58 7 64 31 80 42 13 41,evens,regular,3
2022-10-29T21:03:00Z,549,25 42 57 67 9 45 12 71 6 34 49 75 40 65 31 69 78 30 59 27,tails,regular,3
2022-10-29T21:06:00Z,550,22 27 30 79 74 64 3 41 9 20 28 37 17 21 51 45 59 56 7 8,heads,regular,1
2022-10-29T21:09:00Z,551,71 44 40 72 30 32 10 63 74 35 46 17 62 54 64 52 59 39 60 76,tails,minor,5
2022-10-29T21:12:00Z,552,33 60 48 53 23 50 34 5 28 57 68 17 18 74 43 36 61 39 42 52,tails,regular,3
2022-10-29T21:15:00Z,553,1 60 59 61 72 38 26 6 10 24 49 75 41 64 36 74 8 14 35 80,evens,regular,3
2022-10-29T21:18:00Z,554,35 72 64 53 8 45 54 46 13 2 77 36 40 48 14 52 80 31 3 22,evens,regular,2
2022-10-29T21:21:00Z,555,77 17 68 67 30 46 36 48 49 80 29 51 34 39 10 21 9 33 79 35,heads,regular,1
2022-10-29T21:24:00Z,557,59 29 18 3 22 28 2 26 9 51 45 43 47 64 79 12 68 42 14 70,evens,regular,2
2022-10-29T21:27:00Z,558,58 55 38 46 56 7 8 68 34 27 77 72 78 17 12 79 16 66 41 23,tails,regular,2
2022-10-29T21:30:00Z,559,12 46 4 13 53 14 71 63 42 15 8 9 36 67 52 16 17 62 80 75,evens,regular,1
2022-10-29T21:33:00Z,560,34 5 79 80 66 69 38 71 56 9 57 54 58 67 46 15 59 31 27 48,tails,regular,1
2022-10-29T21:36:00Z,561,78 33 29 2 54 60 52 53 30 63 58 69 50 32 12 20 55 80 15 34,tails,regular,1
2022-10-29T21:39:00Z,562,48 3 59 65 60 21 43 26 54 51 27 66 18 7 36 46 10 61 38 41,tails,regular,2
2022-10-29T21:42:00Z,563,51 26 45 13 7 37 42 27 12 31 36 67 53 58 35 18 80 69 65 43,evens,regular,1
2022-10-29T21:45:00Z,564,3 14 5 24 69 39 12 18 23 2 26 60 43 62 52 51 48 65 15 56,heads,regular,2
2022-10-29T21:48:00Z,566,9 20 60 12 68 67 47 32 54 16 42 63 70 26 24 29 15 2 73 6,heads,regular,2
2022-10-29T21:51:00Z,567,56 76 33 20 48 42 25 22 63 21 23 17 44 70 66 64 68 65 78 55,tails,major,1
2022-10-29T21:54:00Z,568,61 64 72 20 30 27 39 15 11 28 23 60 31 74 19 66 21 26 48 56,heads,regular,2
2022-10-29T21:57:00Z,569,55 32 15 49 41 2 33 37 78 51 47 63 1 11 76 53 14 3 13 57,evens,regular,2
2022-10-29T22:00:00Z,570,45 72 30 24 5 38 40 14 65 8 80 75 64 79 11 12 25 76 7 22,heads,regular,1
2022-10-29T22:03:00Z,571,59 33 69 75 40 29 48 20 11 46 30 15 31 17 41 5 63 50 38 47,heads,major,1
2022-10-29T22:06:00Z,572,42 62 53 41 1 80 58 39 73 43 77 2 66 46 17 11 3 29 67 25,tails,minor,1
2022-10-29T22:09:00Z,573,62 22 76 71 61 47 78 27 7 20 64 31 24 23 26 2 60 39 50 3,heads,minor,1
2022-10-29T22:12:00Z,575,3 71 39 21 66 69 67 60 24 53 19 6 8 17 62 47 57 61 20 35,evens,minor,10
2022-10-29T22:15:00Z,576,80 16 53 1 77 76 40 34 22 12 72 10 8 70 50 35 78 74 67 55,tails,regular,2
2022-10-29T22:18:00Z,577,72 43 68 13 49 55 74 5 17 36 77 42 26 65 76 46 11 57 28 27,tails,regular,1
2022-10-29T22:21:00Z,578,68 51 23 3 70 55 18 24 29 28 12 40 32 53 75 25 44 20 71 69,heads,regular,2
2022-10-29T22:24:00Z,579,80 35 43 29 14 23 17 36 4 42 21 9 46 50 10 47 28 8 2 61,heads,regular,3
2022-10-29T22:27:00Z,580,61 8 39 33 38 35 77 45 34 25 23 56 75 73 29 12 27 13 50 11,heads,major,2
2022-10-29T22:30:00Z,581,37 56 41 24 45 67 46 14 68 33 38 48 40 28 63 22 32 55 36 75,evens,minor,2
2022-10-29T22:33:00Z,582,77 13 30 12 55 60 8 2 21 44 58 66 41 9 4 45 34 3 29 53,heads,minor,1
2022-10-29T22:36:00Z,584,5 77 65 22 52 34 80 51 69 2 16 32 24 11 60 71 44 31 37 1,heads,minor,2
2022-10-29T22:39:00Z,585,19 18 74 17 43 12 66 53 27 36 8 49 78 21 20 7 29 57 4 79,heads,regular,1
2022-10-29T22:42:00Z,586,34 79 54 5 70 29 7 61 63 51 10 59 2 66 36 58 28 12 76 42,tails,regular,10
2022-10-29T22:45:00Z,587,49 21 54 30 76 55 39 53 10 5 44 29 36 16 6 59 67 19 32 15,heads,regular,1
2022-10-29T22:48:00Z,588,13 35 62 47 29 34 8 64 25 30 79 71 17 10 63 32 68 42 21 61,heads,minor,2
2022-10-29T22:51:00Z,589,24 21 44 6 39 70 58 38 10 46 74 43 62 12 64 31 23 61 52 36,evens,minor,2
2022-10-29T22:54:00Z,590,23 14 77 58 38 17 7 60 76 75 57 33 22 32 5 45 73 29 27 30,heads,regular,2
2022-10-29T22:57:00Z,591,71 74 66 1 72 64 28 79 8 67 20 12 7 73 14 60 3 68 42 77,tails,regular,2
2022-10-29T23:00:00Z,593,30 59 76 72 78 69 18 75 60 50 44 74 56 77 9 64 65 29 15 61,tails,minor,3
2022-10-29T23:03:00Z,594,45 63 51 3 43 74 21 76 68 72 28 66 6 29 27 11 17 58 61 70,tails,minor,2
2022-10-29T23:06:00Z,595,45 26 68 58 60 44 47 8 2 49 67 3 30 4 9 13 12 55 28 20,heads,regular,3
2022-10-29T23:09:00Z,596,66 22 11 48 50 60 65 32 63 37 23 12 76 68 1 8 21 72 79 15,evens,minor,3
2022-10-29T23:12:00Z,597,59 31 8 60 23 67 49 16 12 68 24 37 58 50 79 41 47 7 44 9,tails,regular,1
2022-10-29T23:15:00Z,598,65 51 8 69 73 22 76 35 50 37 31 30 16 6 61 3 53 49 55 79,tails,major,1
2022-10-29T23:18:00Z,599,73 40 74 38 59 21 46 45 5 77 30 79 33 60 19 36 26 47 64 39,evens,major,1
2022-10-29T23:21:00Z,600,38 28 27 73 6 57 37 29 16 79 63 74 64 41 59 17 68 32 70 30,evens,regular,1
2022-10-29T23:24:00Z,602,76 41 11 19 75 15 20 10 70 74 59 51 31 54 25 5 58 32 80 72,tails,regular,2
2022-10-29T23:27:00Z,603,14 10 5 25 67 52 23 80 26 51 34 19 41 3 64 63 68 6 71 45,evens,major,1
2022-10-29T23:30:00Z,604,47 13 65 10 34 11 35 59 68 30 58 51 41 54 33 18 64 53 23 63,tails,major,4
2022-10-29T23:33:00Z,605,53 69 10 54 74 27 77 39 68 28 14 40 4 18 31 79 16 55 3 64,heads,minor,10
2022-10-29T23:36:00Z,606,62 29 23 52 8 69 65 3 16 51 22 57 66 77 27 54 12 56 10 38,evens,regular,1
2022-10-29T23:39:00Z,607,42 26 29 69 44 48 56 61 47 46 13 10 2 39 18 8 66 34 35 3,heads,regular,2
2022-10-29T23:42:00Z,608,59 56 15 70 63 2 40 33 66 75 18 13 61 34 65 57 45 28 22 72,tails,regular,3
2022-10-29T23:45:00Z,609,80 63 68 8 49 79 37 43 36 7 47 53 4 23 59 15 72 38 21 25,evens,major,1
2022-10-29T23:48:00Z,611,58 68 12 40 52 15 62 1 77 17 63 30 75 39 43 10 49 80 70 5,tails,regular,1
2022-10-29T23:51:00Z,612,11 27 54 13 52 5 64 22 14 45 65 42 38 68 34 30 50 39 40 80,heads,minor,1
2022-10-29T23:54:00Z,613,62 55 54 77 58 69 6 28 9 61 16 45 73 38 24 67 64 10 26 49,tails,regular,3
2022-10-29T23:57:00Z,614,37 17 12 6 20 38 74 5 60 58 28 33 76 59 32 71 30 1 51 21,heads,regular,3
2022-10-30T00:00:00Z,615,16 79 30 23 73 29 70 8 53 58 51 38 17 67 71 14 63 11 72 27,evens,regular,3
2022-10-30T00:03:00Z,616,25 2 28 59 75 47 64 9 71 43 36 46 10 68 7 37 76 80 24 63,tails,regular,3
2022-10-30T00:06:00Z,617,41 39 47 19 53 65 78 66 42 77 17 51 63 76 69 9 36 37 30 50,tails,regular,1
2022-10-30T00:09:00Z,618,32 64 19 44 54 2 41 13 65 37 11 38 24 56 8 12 53 48 7 34,heads,major,3
2022-10-30T00:12:00Z,620,49 62 60 2 65 45 69 44 17 10 22 24 76 79 80 37 18 32 11 40,evens,regular,10
2022-10-30T00:15:00Z,621,62 7 55 26 6 48 34 54 71 10 38 8 35 25 50 60 24 61 73 9,heads,regular,3
2022-10-30T00:18:00Z,622,26 34 7 3 51 60 80 72 11 61 70 44 1 53 47 12 23 54 15 5,evens,regular,3
2022-10-30T00:21:00Z,623,38 20 49 31 51 7 66 5 63 79 64 27 77 10 54 40 43 44 41 9,tails,regular,1
2022-10-30T00:24:00Z,624,6 21 46 29 59 80 38 12 23 63 79 61 35 70 13 3 65 7 19 68,heads,regular,1
2022-10-30T00:27:00Z,625,28 56 79 3 64 34 4 55 74 45 17 12 11 42 52 66 71 49 48 30,tails,regular,2
2022-10-30T00:30:00Z,626,59 13 67 21 65 26 25 58 69 7 49 15 74 80 60 78 6 71 31 2,tails,regular,3
2022-10-30T00:33:00Z,627,28 75 3 55 62 44 43 33 21 73 16 45 10 48 59 11 42 37 41 34,tails,regular,2
2022-10-30T00:36:00Z,629,21 4 39 75 40 38 72 51 20 68 50 76 15 54 34 8 35 17 69 80,heads,regular,1
2022-10-30T00:39:00Z,630,11 63 29 48 52 60 78 67 40 12 75 3 58 56 9 65 71 7 21 42,tails,regular,3
2022-10-30T00:42:00Z,631,27 22 25 59 80 43 17 68 30 39 29 79 66 33 8 75 31 69 6 28,heads,regular,1
2022-10-30T00:45:00Z,632,63 68 14 37 69 28 19 1 42 31 80 9 5 34 3 18 60 61 72 27,heads,regular,1
2022-10-30T00:48:00Z,633,80 5 72 22 77 15 56 24 14 45 69 20 61 53 51 58 13 33 41 43,tails,regular,1
2022-10-30T00:51:00Z,634,62 26 35 71 72 64 60 15 51 22 17 7 65 19 78 53 70 6 4 79,tails,regular,3
2022-10-30T00:54:00Z,635,20 64 24 78 22 13 3 48 23 60 4 27 66 52 42 10 77 17 76 47,evens,regular,1
2022-10-30T00:57:00Z,636,43 66 18 37 78 41 9 61 75 68 11 45 10 25 12 1 80 19 65 58,tails,regular,2
2022-10-30T01:00:00Z,638,5 15 43 51 25 65 76 12 44 2 3 36 24 34 63 57 35 18 45 23,heads,minor,1
2022-10-30T01:03:00Z,639,51 54 42 76 32 64 29 60 28 17 68 79 14 80 1 39 65 7 74 71,tails,regular,1
2022-10-30T01:06:00Z,640,42 27 65 12 45 80 26 40 8 7 54 69 74 57 10 46 56 75 58 73,tails,regular,3
2022-10-30T01:09:00Z,641,61 44 34 67 11 13 66 64 4 15 75 62 20 7 32 8 79 65 63 36,evens,minor,3
2022-10-30T01:12:00Z,642,75 34 55 80 63 19 18 15 72 35 42 44 36 38 59 67 66 17 7 16,evens,regular,1
2022-10-30T01:15:00Z,643,8 4 20 80 64 1 17 18 9 7 72 24 51 73 60 61 15 3 21 25,heads,regular,1
2022-10-30T01:18:00Z,644,21 5 35 77 10 16 33 59 6 51 41 32 8 55 68 78 4 2 71 25,heads,minor,1
2022-10-30T01:21:00Z,645,68 29 55 11 73 39 17 26 62 70 63 53 46 32 40 69 66 76 80 47,tails,regular,1
2022-10-30T01:24:00Z,647,74 20 36 52 51 67 61 15 75 22 37 23 40 10 73 13 49 32 60 8,heads,regular,1
2022-10-30T01:27:00Z,648,12 43 14 75 20 73 72 36 32 63 49 27 26 66 57 34 2 8 13 5,heads,minor,5
2022-10-30T01:30:00Z,649,43 65 79 48 5 58 35 56 63 6 7 21 66 74 78 26 19 57 59 1,tails,regular,1
2022-10-30T01:33:00Z,650,30 25 64 55 38 2 15 41 57 69 20 32 19 31 24 40 49 60 14 29,heads,regular,2
2022-10-30T01:36:00Z,651,19 37 33 22 57 46 26 77 34 8 31 76 11 27 74 7 44 43 73 40,heads,major,1
2022-10-30T01:39:00Z,652,48 59 22 7 34 29 23 11 19 68 67 42 46 55 52 26 5 13 75 43,evens,regular,3
2022-10-30T01:42:00Z,653,25 72 46 27 65 12 49 3 56 61 50 1 7 28 35 41 5 32 69 76,evens,minor,2
2022-10-30T01:45:00Z,654,40 42 50 17 35 59 58 78 9 38 56 12 43 11 72 1 77 6 61 19,evens,minor,2
2022-10-30T01:48:00Z,656,42 29 1 8 71 57 16 40 73 20 65 67 36 13 25 48 37 7 50 33,heads,regular,2
2022-10-30T01:51:00Z,657,15 6 74 37 61 17 72 30 58 43 80 20 14 33 78 48 18 49 76 44,tails,regular,1
2022-10-30T01:54:00Z,658,49 16 17 67 58 11 79 14 53 5 80 21 26 2 45 41 6 51 71 18,evens,minor,1
2022-10-30T01:57:00Z,659,26 78 46 37 20 28 50 38 16 8 48 21 80 10 22 29 56 30 75 47,heads,regular,1
2022-10-30T02:00:00Z,660,41 58 44 23 33 39 15 75 3 13 70 36 71 25 62 80 78 7 63 32,evens,minor,2
2022-10-30T02:03:00Z,661,59 61 44 17 51 49 78 57 69 56 50 43 75 58 67 15 64 27 53 19,tails,minor,3
2022-10-30T02:06:00Z,662,35 67 19 33 43 69 45 25 62 16 54 27 72 51 76 68 32 12 13 34,evens,minor,1
2022-10-30T02:09:00Z,663,68 20 31 23 46 75 16 54 71 17 77 57 55 51 62 70 43 3 4 22,tails,minor,2
2022-10-30T02:12:00Z,665,10 33 14 79 21 34 72 66 51 3 57 28 17 46 50 55 61 19 58 9,evens,regular,1
2022-10-30T02:15:00Z,666,37 56 80 17 58 45 12 42 64 78 79 76 16 67 51 70 75 11 66 26,tails,regular,3
2022-10-30T02:18:00Z,667,43 3 21 54 16 51 79 78 35 58 69 42 36 73 71 40 12 57 65 76,tails,minor,2
2022-10-30T02:21:00Z,668,5 35 4 8 19 58 31 24 39 11 45 67 12 49 62 66 75 33 68 78,heads,regular,1
2022-10-30T02:24:00Z,669,61 14 10 57 1 32 69 48 20 11 7 31 15 58 28 45 19 46 60 41,heads,regular,1
2022-10-30T02:27:00Z,670,64 52 4 72 30 8 3 20 36 76 46 5 60 58 21 38 75 28 74 16,heads,regular,1
2022-10-30T02:30:00Z,671,48 34 18 7 37 6 70 33 36 53 22 31 30 73 67 28 17 9 10 26,heads,minor,1
2022-10-30T02:33:00Z,672,52 68 13 48 12 1 76 15 53 62 47 6 14 69 17 27 42 24 28 11,heads,minor,2
2022-10-30T02:36:00Z,674,53 71 28 52 14 67 33 38 54 24 64 75 76 59 10 49 4 9 58 70,tails,regular,1
2022-10-30T02:39:00Z,675,77 58 47 24 26 27 29 35 7 53 70 67 48 57 62 4 14 23 30 63,evens,regular,3
2022-10-30T02:42:00Z,676,68 44 5 2 53 60 62 61 63 56 57 45 77 41 52 3 58 32 26 42,tails,minor,1
2022-10-30T02:45:00Z,677,2 33 51 65 64 46 26 40 7 71 19 70 44 38 27 78 53 16 59 32,evens,regular,3
2022-10-30T02:48:00Z,678,24 48 18 42 11 14 46 73 1 10 31 40 3 80 54 35 37 60 4 53,heads,regular,10
2022-10-30T02:51:00Z,679,4 19 66 38 62 35 39 27 13 68 43 24 16 69 40 22 12 51 18 45,heads,regular,1
2022-10-30T02:54:00Z,680,40 38 18 51 4 70 52 62 10 26 68 66 42 50 41 14 3 53 29 30,evens,major,1
2022-10-30T02:57:00Z,681,16 12 18 46 60 38 72 79 69 58 67 28 51 17 7 63 22 50 75 20,tails,minor,2
2022-10-30T03:00:00Z,683,3 4 46 64 68 73 13 42 33 71 61 34 14 63 7 20 15 47 27 54,evens,regular,1
2022-10-30T03:03:00Z,684,14 6 23 13 79 58 35 34 72 2 30 7 59 10 68 24 75 28 38 20,heads,regular,1
2022-10-30T03:06:00Z,685,26 64 20 74 80 25 70 59 31 37 23 60 32 17 2 15 1 79 19 24,heads,regular,4
2022-10-30T03:09:00Z,686,10 39 32 44 2 47 35 71 17 70 18 11 60 24 58 66 19 73 5 30,heads,regular,2
2022-10-30T03:12:00Z,687,27 13 16 60 54 53 33 77 55 45 52 26 63 2 74 68 23 46 40 70,tails,regular,1
2022-10-30T03:15:00Z,688,46 28 66 17 40 80 61 58 9 32 39 26 72 55 78 6 10 1 74 70,evens,minor,2
2022-10-30T03:18:00Z,689,16 48 40 71 77 74 1 10 19 64 56 67 59 20 44 55 58 61 23 32,tails,minor,1
2022-10-30T03:21:00Z,690,32 60 46 20 3 30 56 28 68 78 18 42 71 1 26 25 77 15 74 79,evens,regular,2
2022-10-30T03:24:00Z,692,79 65 68 2 36 52 4 51 72 76 3 43 28 16 59 18 63 60 19 1,tails,regular,1
2022-10-30T03:27:00Z,693,55 51 56 12 21 22 67 53 6 64 5 40 61 27 46 30 70 49 29 4,evens,regular,1
2022-10-30T03:30:00Z,694,12 59 79 14 46 40 77 6 28 43 50 24 15 20 49 76 69 37 70 63,tails,minor,1
2022-10-30T03:33:00Z,695,31 61 75 43 2 19 54 14 3 67 11 69 58 40 24 7 5 15 48 10,heads,regular,1
2022-10-30T03:36:00Z,696,59 65 48 32 53 25 39 2 30 34 75 10 20 46 44 55 15 16 62 1,heads,regular,2
2022-10-30T03:39:00Z,697,79 29 36 40 2 18 13 55 72 19 66 12 77 27 20 70 24 8 57 9,heads,regular,1
2022-10-30T03:42:00Z,698,50 56 14 80 22 2 36 15 69 52 61 3 66 7 35 26 19 59 18 5,heads,regular,1
2022-10-30T03:45:00Z,699,4 23 24 21 31 66 26 71 54 60 48 15 78 63 30 77 18 35 58 17,heads,regular,2
2022-10-30T03:48:00Z,701,8 33 57 22 37 49 76 51 61 56 16 46 50 54 42 58 20 21 41 67,tails,minor,2
2022-10-30T03:51:00Z,702,8 32 19 57 13 79 24 33 31 11 15 49 26 25 21 47 78 70 5 56,heads,regular,5
2022-10-30T03:54:00Z,703,1 4 36 74 29 69 2 65 48 75 14 9 6 34 8 25 24 66 10 61,heads,regular,3
2022-10-30T03:57:00Z,704,63 57 60 74 9 18 72 51 79 25 50 70 13 43 2 48 34 33 69 41,tails,major,1
2022-10-30T04:00:00Z,705,76 78 79 26 21 15 34 46 59 77 51 49 52 69 65 58 64 44 29 11,tails,minor,3
2022-10-30T04:03:00Z,706,17 16 27 3 39 10 38 7 31 26 11 55 34 5 79 60 13 51 69 40,heads,regular,3
2022-10-30T04:06:00Z,707,2 46 37 16 72 1 50 8 10 57 47 60 66 38 25 79 49 54 9 70,tails,regular,3
2022-10-30T04:09:00Z,708,25 38 7 52 45 31 76 53 43 55 61 37 30 20 36 33 54 47 14 57,evens,minor,2
2022-10-30T04:12:00Z,710,19 5 8 9 18 45 47 14 38 70 10 68 57 13 20 55 78 80 4 6,heads,minor,1
2022-10-30T04:15:00Z,711,63 69 28 24 13 39 79 75 33 34 32 35 47 19 61 51 50 54 11 12,heads,minor,3
2022-10-30T04:18:00Z,712,32 57 34 19 21 54 49 51 72 64 1 44 67 9 47 15 77 18 37 63,tails,regular,1
2022-10-30T04:21:00Z,713,28 4 44 25 54 15 40 48 78 14 29 80 5 62 6 59 68 11 66 50,evens,regular,1
2022-10-30T04:24:00Z,714,31 53 15 6 36 32 57 51 52 3 59 20 40 78 63 55 11 45 73 5,evens,major,1
2022-10-30T04:27:00Z,715,62 44 8 12 69 51 55 1 21 59 32 71 36 6 22 73 14 26 31 42,heads,regular,2
2022-10-30T04:30:00Z,716,34 31 78 27 38 55 52 4 40 69 3 62 75 41 7 53 14 11 22 26,heads,minor,2
2022-10-30T04:33:00Z,717,64 14 29 77 60 8 38 62 3 79 35 44 78 32 56 27 70 48 51 41,tails,minor,3
2022-10-30T04:36:00Z,719,49 20 24 4 72 39 64 21 46 14 31 52 41 32 27 28 23 65 34 42,heads,regular,1
2022-10-30T04:39:00Z,720,42 9 39 35 25 2 8 38 50 68 10 31 19 62 28 5 32 33 72 26,heads,minor,2
2022-10-30T04:42:00Z,721,80 54 10 68 17 25 19 30 65 12 45 61 31 58 71 56 27 26 20 7,heads,regular,5
2022-10-30T04:45:00Z,722,2 43 28 31 6 22 38 32 1 26 45 9 14 7 47 75 8 3 5 21,heads,regular,3
2022-10-30T04:48:00Z,723,53 44 61 17 7 4 77 48 58 15 57 39 9 25 50 66 40 74 73 70,tails,regular,1
2022-10-30T04:51:00Z,724,58 34 51 55 38 40 18 62 61 26 14 44 49 27 65 12 74 66 35 16,evens,regular,2
2022-10-30T04:54:00Z,725,62 51 80 25 6 61 14 20 50 26 52 18 8 3 42 28 45 38 75 21,heads,major,1
2022-10-30T04:57:00Z,726,67 49 16 70 40 59 42 68 14 12 10 32 11 48 43 78 31 77 8 24,evens,regular,3
2022-10-30T05:00:00Z,728,67 4 57 79 64 69 49 59 60 8 47 17 2 26 12 29 22 40 75 73,tails,regular,3
2022-10-30T05:03:00Z,729,59 14 58 44 45 80 78 33 75 10 16 20 35 53 27 49 60 54 48 36,tails,regular,3
2022-10-30T05:06:00Z,730,4 48 69 61 44 7 19 20 31 15 8 68 77 51 78 64 36 73 24 33,evens,major,4
2022-10-30T05:09:00Z,731,21 74 25 45 5 54 70 38 11 67 33 80 12 19 3 55 64 51 60 40,evens,major,1
2022-10-30T05:12:00Z,732,15 5 65 45 30 19 3 46 79 74 64 75 33 24 40 44 49 41 39 72,tails,regular,4
2022-10-30T05:15:00Z,733,11 62 33 7 49 14 69 67 22 27 48 15 65 16 26 47 17 80 8 74,heads,regular,3
2022-10-30T05:18:00Z,734,22 73 47 19 21 74 37 67 78 16 32 31 42 7 60 11 53 59 30 49,evens,regular,1
2022-10-30T05:21:00Z,735,14 78 47 12 62 34 15 41 40 22 43 46 27 59 80 26 17 61 68 50,tails,regular,10
2022-10-30T05:24:00Z,737,61 20 2 80 55 17 18 71 22 72 9 65 35 38 24 40 31 68 5 7,heads,regular,3
2022-10-30T05:27:00Z,738,57 17 9 44 7 34 74 77 30 51 25 22 43 8 27 6 5 50 68 26,heads,major,2
2022-10-30T05:30:00Z,739,26 77 63 7 79 25 18 76 51 40 29 56 24 64 67 38 27 42 35 54,evens,minor,2
2022-10-30T05:33:00Z,740,60 40 44 19 5 54 35 17 51 52 11 67 58 70 72 65 6 69 64 10,tails,major,1
2022-10-30T05:36:00Z,741,73 76 53 39 36 37 12 32 6 17 31 47 38 59 57 22 70 21 77 66,heads,major,1
2022-10-30T05:39:00Z,742,39 78 62 16 19 48 23 73 42 38 10 41 2 35 40 52 33 54 14 20,heads,minor,3
2022-10-30T05:42:00Z,743,30 57 28 68 46 19 49 27 73 66 69 9 35 33 71 78 55 64 16 36,tails,regular,1
2022-10-30T05:45:00Z,744,41 61 51 35 50 52 72 74 44 32 14 37 8 17 19 69 34 6 42 31,evens,regular,1
2022-10-30T05:48:00Z,746,56 36 10 3 59 67 24 58 35 70 1 49 69 63 40 80 9 72 38 57,tails,regular,2
2022-10-30T05:51:00Z,747,57 16 75 12 27 68 49 9 50 51 55 4 39 29 35 56 74 17 69 62,tails,regular,1
2022-10-30T05:54:00Z,748,62 51 53 70 42 13 79 19 73 16 24 49 1 3 60 38 4 56 32 66,tails,minor,2
2022-10-30T05:57:00Z,749,59 43 28 67 49 12 76 50 8 62 7 23 72 31 57 17 60 77 15 30,tails,regular,2
2022-10-30T06:00:00Z,750,68 23 5 38 3 26 50 59 67 75 45 70 49 71 42 61 53 46 14 31,tails,regular,2
2022-10-30T06:03:00Z,751,56 73 39 22 44 68 19 64 43 41 6 32 40 21 5 49 75 31 34 30,heads,regular,1
2022-10-30T06:06:00Z,752,12 15 61 52 27 70 33 57 64 38 50 36 34 48 69 5 29 21 39 51,heads,minor,2
2022-10-30T06:09:00Z,753,68 52 18 29 43 15 55 7 76 23 16 49 63 44 75 77 30 28 66 54,tails,regular,1
2022-10-30T06:12:00Z,755,27 31 57 1 6 5 26 73 35 55 47 25 23 78 42 53 72 21 65 66,evens,minor,1
2022-10-30T06:15:00Z,756,24 2 53 43 60 74 10 40 71 72 44 35 54 73 30 28 57 42 56 62,tails,regular,2
2022-10-30T06:18:00Z,757,57 52 11 7 10 51 15 2 18 24 79 45 56 36 78 61 76 37 42 59,tails,regular,3
2022-10-30T06:21:00Z,758,69 66 44 58 22 7 74 46 45 11 52 71 30 76 40 51 3 2 17 21,tails,minor,10
2022-10-30T06:24:00Z,759,52 56 25 41 26 73 32 44 55 67 22 5 50 61 58 9 23 29 53 65,tails,regular,2
2022-10-30T06:27:00Z,760,64 36 9 49 53 57 34 79 46 8 45 63 27 32 25 73 33 76 14 26,evens,regular,2
2022-10-30T06:30:00Z,761,63 79 31 22 59 57 65 19 50 1 71 35 11 16 67 37 20 5 38 58,heads,regular,3
2022-10-30T06:33:00Z,762,9 36 56 6 48 25 49 3 50 30 72 66 18 69 58 46 29 71 44 32,tails,regular,2
2022-10-30T06:36:00Z,764,12 64 19 30 62 18 52 22 40 34 71 10 79 14 51 26 35 55 70 32,heads,regular,3
2022-10-30T06:39:00Z,765,7 15 24 25 42 11 44 50 57 22 6 12 14 75 52 74 8 2 18 55,heads,minor,1
2022-10-30T06:42:00Z,766,14 56 64 27 37 16 73 46 74 11 7 77 47 25 6 66 44 31 4 68,evens,minor,1
2022-10-30T06:45:00Z,767,54 79 25 3 80 23 60 13 28 30 71 36 46 1 38 16 78 12 43 20,heads,regular,3
2022-10-30T06:48:00Z,768,44 35 73 11 6 50 18 68 42 7 70 45 3 36 37 63 32 5 60 77,evens,regular,5
2022-10-30T06:51:00Z,769,48 19 43 77 10 79 53 30 4 75 7 47 72 49 56 46 73 62 2 18,tails,regular,3
2022-10-30T06:54:00Z,770,59 30 10 3 25 27 53 51 54 29 74 31 12 11 66 9 73 40 1 41,heads,regular,5
2022-10-30T06:57:00Z,771,36 9 59 39 7 6 42 4 25 74 52 16 30 67 60 63 77 1 54 17,heads,regular,2
2022-10-30T07:00:00Z,773,4 72 77 75 6 28 25 80 42 61 65 2 11 37 30 74 9 7 29 76,heads,regular,2
2022-10-30T07:03:00Z,774,27 55 36 56 30 60 38 37 5 52 20 21 40 19 7 77 79 73 76 71,heads,regular,1
2022-10-30T07:06:00Z,775,66 11 33 39 26 50 49 62 29 53 12 31 64 67 24 43 1 44 19 70,evens,minor,1
2022-10-30T07:09:00Z,776,38 9 17 35 8 63 23 52 67 11 40 33 54 28 27 69 19 50 12 59,heads,regular,2
2022-10-30T07:12:00Z,777,36 44 31 68 48 54 61 55 77 70 34 56 35 13 43 4 14 41 59 1,tails,minor,2
2022-10-30T07:15:00Z,778,80 11 6 9 43 65 58 25 14 29 28 52 45 23 16 66 60 37 62 19,heads,minor,3
2022-10-30T07:18:00Z,779,59 48 64 7 42 44 23 34 80 60 40 74 55 11 12 51 5 53 1 63,tails,minor,3
2022-10-30T07:21:00Z,780,17 36 80 50 24 65 12 18 52 37 16 55 41 63 73 5 1 11 27 8,heads,regular,1
2022-10-30T07:24:00Z,782,44 24 54 13 61 75 8 11 26 51 55 28 19 46 17 25 15 60 45 29,heads,minor,1
2022-10-30T07:27:00Z,783,71 36 69 51 28 66 44 80 35 37 76 26 3 78 70 54 14 47 46 64,tails,major,3
2022-10-30T07:30:00Z,784,64 47 71 53 23 51 65 11 2 45 40 56 66 22 35 34 80 74 67 57,tails,regular,1
2022-10-30T07:33:00Z,785,75 76 63 22 17 42 2 14 34 61 65 44 54 35 11 6 71 73 66 50,tails,regular,3
2022-10-30T07:36:00Z,786,73 28 30 62 50 19 66 27 17 25 58 5 24 64 79 67 76 2 80 61,tails,minor,3
2022-10-30T07:39:00Z,787,8 78 70 51 59 42 18 55 46 43 24 26 75 54 72 7 36 41 20 17,tails,regular,10
2022-10-30T07:42:00Z,788,19 58 47 38 53 55 30 4 52 25 80 48 42 16 31 51 12 66 40 50,tails,regular,2
2022-10-30T07:45:00Z,789,49 78 39 10 63 33 21 29 76 75 50 23 40 53 67 66 71 44 14 8,tails,regular,1
2022-10-30T07:48:00Z,791,41 10 63 23 36 78 65 46 28 39 68 37 13 15 51 62 19 42 9 3,heads,minor,3
2022-10-30T07:51:00Z,792,13 15 72 29 18 62 65 30 54 68 49 66 37 42 7 2 32 71 53 55,tails,regular,2
2022-10-30T07:54:00Z,793,45 44 18 55 62 56 31 30 72 47 70 24 20 49 63 14 46 77 48 39,tails,minor,1
2022-10-30T07:57:00Z,794,4 15 26 11 52 21 12 80 78 41 8 33 40 76 73 3 48 38 70 5,heads,regular,2
2022-10-30T08:00:00Z,795,2 21 18 9 6 32 22 15 4 74 28 7 30 43 53 40 63 5 80 60,heads,regular,3
2022-10-30T08:03:00Z,796,24 21 45 46 72 32 40 12 15 49 79 43 50 68 56 8 18 22 57 20,evens,regular,2
2022-10-30T08:06:00Z,797,59 3 22 36 54 27 28 10 68 24 30 67 18 71 55 41 19 37 80 6,heads,regular,1
2022-10-30T08:09:00Z,798,23 4 20 39 76 42 13 33 51 64 68 50 19 58 29 52 35 43 54 59,tails,minor,1
2022-10-30T08:12:00Z,800,11 37 31 35 57 59 49 27 29 65 2 46 68 18 76 51 15 5 40 3,heads,minor,2
2022-10-30T08:15:00Z,801,41 48 20 9 72 16 71 14 70 55 66 6 32 49 65 28 52 40 34 10,evens,regular,2
2022-10-30T08:18:00Z,802,30 8 62 66 54 58 51 42 37 26 36 50 6 72 57 22 53 38 13 17,evens,regular,2
2022-10-30T08:21:00Z,803,41 26 71 11 39 35 25 80 74 45 30 78 53 3 33 46 1 67 61 60,tails,regular,1
2022-10-30T08:24:00Z,804,14 37 4 56 72 31 65 34 75 41 57 59 16 23 48 47 35 62 5 15,evens,regular,3
2022-10-30T08:27:00Z,805,11 55 76 1 69 70 72 58 60 45 30 73 56 79 9 49 22 51 28 39,tails,major,3
2022-10-30T08:30:00Z,806,21 64 23 47 1 14 19 75 54 28 22 35 62 63 56 36 16 59 78 42,evens,regular,1
2022-10-30T08:33:00Z,807,78 1 80 37 2 60 25 3 28 4 75 52 29 43 69 68 30 12 61 58,evens,regular,1
2022-10-30T08:36:00Z,809,4 10 39 74 20 75 6 52 30 50 24 3 7 23 47 28 56 11 77 37,heads,regular,1
2022-10-30T08:39:00Z,810,14 69 61 60 57 48 74 49 5 44 76 55 77 13 65 68 26 2 47 3,tails,minor,3
2022-10-30T08:42:00Z,811,5 54 38 45 61 9 44 51 55 77 39 22 16 68 42 65 60 28 35 23,tails,regular,1
2022-10-30T08:45:00Z,812,44 23 18 34 53 78 27 9 74 35 54 75 17 40 25 50 56 3 19 41,heads,regular,2
2022-10-30T08:48:00Z,813,52 78 76 58 80 62 11 9 46 22 5 12 15 16 39 54 79 41 20 40,evens,regular,1
2022-10-30T08:51:00Z,814,5 58 44 50 66 12 60 51 45 17 26 62 35 1 72 71 57 14 37 56,tails,regular,2
2022-10-30T08:54:00Z,815,46 38 3 6 59 72 29 73 4 74 45 70 33 60 37 54 25 51 68 64,tails,major,1
2022-10-30T08:57:00Z,816,63 27 29 36 45 49 30 53 34 19 24 59 51 17 80 7 73 55 2 3,heads,regular,3
2022-10-30T09:00:00Z,818,41 36 20 55 14 1 68 11 46 78 77 50 65 3 37 54 17 52 56 75,tails,minor,3
2022-10-30T09:03:00Z,819,53 26 27 31 45 63 7 38 51 39 48 9 80 56 71 66 35 67 37 68,tails,regular,2
2022-10-30T09:06:00Z,820,8 30 70 52 42 4 10 21 59 65 16 33 2 6 46 56 61 12 17 75,heads,minor,2
2022-10-30T09:09:00Z,821,1 51 63 27 70 33 60 80 19 66 41 44 50 7 42 59 34 4 73 24,tails,major,4
2022-10-30T09:12:00Z,822,53 18 14 76 66 47 75 3 28 43 61 72 67 54 46 41 55 30 20 74,tails,regular,1
2022-10-30T09:15:00Z,823,37 72 11 21 80 14 56 22 7 66 6 79 9 4 78 47 18 35 67 16,heads,minor,3
2022-10-30T09:18:00Z,824,21 37 20 30 5 71 53 1 26 61 35 28 13 22 77 54 76 60 78 55,heads,minor,10
2022-10-30T09:21:00Z,825,67 12 8 79 15 5 21 31 3 39 22 13 76 33 57 23 36 6 4 16,heads,regular,1
2022-10-30T09:24:00Z,827,16 47 53 54 51 39 25 28 45 60 79 4 70 7 18 62 48 32 77 14,tails,minor,3
2022-10-30T09:27:00Z,828,7 32 59 63 37 38 1 6 42 12 57 10 23 43 19 8 70 69 15 62,heads,regular,1
2022-10-30T09:30:00Z,829,36 71 50 21 73 3 41 15 5 37 30 18 80 77 17 39 7 54 28 31,heads,regular,1
2022-10-30T09:33:00Z,830,39 67 5 68 15 12 69 73 57 25 70 24 72 4 16 33 26 35 77 55,heads,regular,10
2022-10-30T09:36:00Z,831,56 2 68 43 34 24 49 20 12 5 14 27 36 15 57 62 55 3 7 26,heads,regular,1
2022-10-30T09:39:00Z,832,23 25 11 18 55 12 65 71 80 13 3 46 10 21 66 67 78 1 22 50,heads,regular,1
2022-10-30T09:42:00Z,833,54 15 14 75 66 8 56 19 53 10 48 78 27 32 63 52 21 25 2 1,heads,regular,1
2022-10-30T09:45:00Z,834,36 2 25 66 56 28 24 31 37 64 26 6 22 51 57 78 71 79 9 18,heads,regular,1
2022-10-30T09:48:00Z,836,28 78 18 61 56 3 13 54 9 6 21 14 57 63 20 27 71 11 49 66,heads,major,1
2022-10-30T09:51:00Z,837,76 3 24 21 63 47 57 66 79 30 78 44 43 58 32 75 56 35 1 60,tails,regular,2
2022-10-30T09:54:00Z,838,63 30 65 4 42 54 9 61 15 3 67 69 43 2 53 34 57 40 12 16,evens,minor,3
2022-10-30T09:57:00Z,839,39 52 80 14 45 59 16 55 28 26 11 63 77 9 27 78 51 31 72 17,evens,minor,3
2022-10-30T10:00:00Z,840,49 20 3 1 46 55 67 51 14 78 56 73 70 6 16 64 9 32 43 58,tails,minor,2
2022-10-30T10:03:00Z,841,73 35 10 3 49 27 50 20 57 4 7 51 11 67 58 75 16 31 65 78,evens,minor,3
2022-10-30T10:06:00Z,842,42 30 1 51 10 38 78 4 76 17 56 77 50 8 71 35 13 28 54 15,heads,regular,5
2022-10-30T10:09:00Z,843,24 47 7 17 80 55 28 71 62 2 50 36 10 25 52 11 49 9 4 19,heads,minor,1
2022-10-30T10:12:00Z,845,72 39 53 75 34 40 25 64 11 3 59 46 28 65 48 17 41 27 79 10,evens,regular,2
2022-10-30T10:15:00Z,846,67 3 19 77 18 35 44 61 29 68 15 80 75 36 46 54 45 21 17 65,tails,regular,2
2022-10-30T10:18:00Z,847,58 26 34 5 7 8 72 65 66 35 47 11 60 42 21 55 48 46 12 18,evens,regular,1
2022-10-30T10:21:00Z,848,31 38 7 28 79 75 8 33 74 76 44 10 66 13 47 34 72 25 42 51,evens,minor,1
2022-10-30T10:24:00Z,849,73 3 39 42 69 31 54 1 49 78 44 5 23 7 58 59 76 63 46 57,tails,minor,1
2022-10-30T10:27:00Z,850,2 57 14 20 7 12 17 61 32 8 55 24 65 16 34 4 78 63 18 10,heads,regular,3
2022-10-30T10:30:00Z,851,14 1 68 46 11 36 30 33 37 62 60 34 76 5 7 75 17 25 13 16,heads,regular,1
2022-10-30T10:33:00Z,852,15 1 69 59 78 6 37 23 55 70 52 76 31 26 8 71 17 58 67 54,tails,regular,1
2022-10-30T10:36:00Z,854,63 44 38 15 8 71 2 46 37 9 61 75 76 49 4 16 21 22 80 30,heads,major,1
2022-10-30T10:39:00Z,855,10 49 23 38 15 43 58 19 63 74 50 55 28 69 48 27 46 52 67 25,tails,regular,3
2022-10-30T10:42:00Z,856,11 51 4 40 14 13 63 57 21 33 31 56 55 43 60 30 75 18 72 67,evens,minor,2
2022-10-30T10:45:00Z,857,78 41 65 54 53 19 25 61 48 37 7 4 42 20 60 75 52 8 30 44,tails,minor,10
2022-10-30T10:48:00Z,858,48 54 42 16 28 64 23 21 78 70 41 68 32 44 29 14 73 59 58 77,tails,regular,1
2022-10-30T10:51:00Z,859,12 69 66 44 16 34 48 32 31 59 51 33 5 67 72 26 25 23 18 54,heads,major,1
2022-10-30T10:54:00Z,860,46 35 53 37 9 65 51 16 57 5 33 3 14 78 10 49 12 52 13 17,heads,minor,1
2022-10-30T10:57:00Z,861,34 14 11 77 13 40 58 29 23 57 65 9 51 50 37 19 12 54 4 18,heads,regular,3
2022-10-30T11:00:00Z,863,7 16 13 40 54 18 48 56 11 2 62 72 47 37 3 51 55 49 39 57,evens,regular,1
2022-10-30T11:03:00Z,864,63 31 48 69 54 2 73 55 18 8 53 4 64 13 33 75 51 1 6 38,evens,regular,1
2022-10-30T11:06:00Z,865,7 63 67 79 68 76 47 42 62 22 8 33 12 19 36 60 20 54 51 46,tails,major,3
2022-10-30T11:09:00Z,866,23 51 37 72 32 3 1 45 31 79 16 28 6 63 11 38 29 67 40 56,heads,regular,1
2022-10-30T11:12:00Z,867,76 38 51 1 61 6 30 49 65 50 15 5 19 14 80 42 36 60 63 12,evens,regular,1
2022-10-30T11:15:00Z,868,7 58 48 27 73 45 66 50 34 55 8 54 59 72 6 24 67 42 43 63,tails,regular,1
2022-10-30T11:18:00Z,869,14 76 5 9 38 1 3 18 25 43 45 75 63 40 39 77 2 67 13 54,heads,regular,3
2022-10-30T11:21:00Z,870,27 32 28 7 45 38 14 3 6 58 11 16 34 59 8 79 1 68 49 72,heads,minor,1
2022-10-30T11:24:00Z,872,2 50 45 63 25 10 72 9 15 37 69 51 39 11 75 32 35 27 67 24,heads,regular,4
2022-10-30T11:27:00Z,873,38 30 27 22 64 23 67 79 8 10 19 48 16 56 51 72 55 18 42 65,evens,regular,2
2022-10-30T11:30:00Z,874,40 1 43 72 9 48 30 78 55 58 16 41 17 60 67 27 69 68 61 35,tails,minor,1
2022-10-30T11:33:00Z,875,28 48 24 56 51 52 64 9 80 58 6 53 2 55 32 36 4 74 68 78,tails,regular,2
2022-10-30T11:36:00Z,876,80 32 76 39 38 7 12 25 74 30 33 46 79 71 65 22 24 21 3 43,heads,regular,1
2022-10-30T11:39:00Z,877,2 49 43 24 66 36 69 45 14 51 40 74 70 13 6 28 32 3 1 50,heads,regular,3
2022-10-30T11:42:00Z,878,62 77 55 9 68 31 1 45 16 10 76 63 37 5 71 52 27 18 58 80,tails,regular,1
2022-10-30T11:45:00Z,879,29 73 12 53 18 23 74 62 44 19 17 61 20 67 50 31 30 41 45 75,tails,minor,2
2022-10-30T11:48:00Z,881,80 59 42 4 61 32 9 17 35 23 34 79 52 53 46 22 78 31 73 77,tails,minor,1
2022-10-30T11:51:00Z,882,69 17 62 6 41 3 60 25 68 5 27 73 57 43 7 30 2 32 4 36,heads,minor,3
2022-10-30T11:54:00Z,883,1 74 36 24 20 3 32 12 72 2 65 40 7 48 57 56 28 39 50 14,heads,major,2
2022-10-30T11:57:00Z,884,23 16 40 44 25 62 78 27 21 4 30 65 71 77 76 72 63 36 1 64,evens,minor,1
2022-10-30T12:00:00Z,885,60 73 17 76 51 36 5 9 65 79 59 10 55 71 16 14 69 25 52 50,tails,minor,1
2022-10-30T12:03:00Z,886,75 20 6 58 41 5 62 34 8 7 2 52 44 80 3 29 23 33 46 50,heads,regular,1
2022-10-30T12:06:00Z,887,16 68 38 20 22 71 8 46 55 54 2 10 35 56 74 52 40 19 65 25,heads,regular,2
2022-10-30T12:09:00Z,888,65 28 71 19 41 54 66 55 77 27 30 67 49 69 9 25 18 2 13 72,tails,regular,3
2022-10-30T12:12:00Z,890,62 57 29 23 49 33 15 60 7 44 17 5 59 14 71 35 47 38 36 53,heads,regular,5
2022-10-30T12:15:00Z,891,58 5 74 47 16 78 31 45 51 1 27 73 43 80 20 56 55 40 64 19,tails,regular,1
2022-10-30T12:18:00Z,892,32 27 19 37 41 38 78 62 68 30 55 76 28 49 23 65 61 79 6 5,evens,regular,1
2022-10-30T12:21:00Z,893,13 46 31 70 48 47 54 50 39 61 76 28 62 25 16 8 32 21 7 57,evens,regular,2
2022-10-30T12:24:00Z,894,61 79 17 9 38 65 68 4 34 57 27 55 70 80 69 10 14 52 59 28,tails,regular,2
2022-10-30T12:27:00Z,895,56 40 20 65 45 22 10 24 11 71 79 66 19 28 44 31 8 41 30 42,heads,regular,2
2022-10-30T12:30:00Z,896,23 63 72 39 34 48 21 70 38 51 54 28 62 20 13 33 7 53 77 73,evens,regular,1
2022-10-30T12:33:00Z,897,43 44 56 53 27 79 65 58 40 67 35 5 64 55 19 11 29 45 3 72,tails,regular,3
2022-10-30T12:36:00Z,899,69 60 26 72 77 6 8 16 45 34 17 30 44 22 46 12 40 24 71 31,heads,regular,3
2022-10-30T12:39:00Z,900,49 60 68 67 55 1 15 45 39 48 24 66 47 13 62 78 65 17 69 32,tails,regular,3
2022-10-30T12:42:00Z,901,60 26 45 27 69 65 64 44 48 59 12 78 6 10 30 23 42 57 25 56,tails,regular,2
2022-10-30T12:45:00Z,902,65 24 47 27 22 36 17 40 2 48 18 62 52 76 30 77 44 68 32 34,heads,regular,3
2022-10-30T12:48:00Z,903,46 78 21 8 67 27 37 72 61 36 53 49 73 13 39 76 24 50 9 75,tails,major,1
2022-10-30T12:51:00Z,904,49 39 2 59 36 3 28 73 22 54 52 47 76 31 80 20 8 68 62 7,evens,regular,3
2022-10-30T12:54:00Z,905,8 44 21 64 56 69 1 43 7 13 53 57 34 70 10 5 50 39 63 48,tails,regular,1
2022-10-30T12:57:00Z,906,25 8 73 71 11 20 26 64 68 18 2 41 60 63 51 36 22 4 67 43,evens,regular,1
2022-10-30T13:00:00Z,908,14 66 7 76 70 54 48 64 52 72 2 19 78 25 47 75 12 34 28 15,tails,regular,1
2022-10-30T13:03:00Z,909,62 75 21 3 2 20 73 18 4 53 16 7 52 76 23 33 63 66 78 38,heads,regular,1
2022-10-30T13:06:00Z,910,53 52 45 15 42 50 5 14 32 1 35 2 73 58 21 4 39 62 48 63,evens,regular,2
2022-10-30T13:09:00Z,911,62 30 36 78 34 70 68 37 57 35 58 24 64 55 25 69 73 28 63 71,tails,major,1
2022-10-30T13:12:00Z,912,53 62 44 13 19 32 66 8 25 26 29 69 46 72 30 17 41 3 36 18,heads,minor,1
2022-10-30T13:15:00Z,913,48 17 22 16 62 66 56 29 5 44 27 7 55 53 24 45 43 23 69 4,evens,regular,1
2022-10-30T13:18:00Z,914,57 80 23 42 64 24 46 33 62 71 38 37 78 49 58 51 34 77 40 13,tails,major,1
2022-10-30T13:21:00Z,915,24 73 3 36 23 39 20 80 75 5 25 38 37 63 65 79 64 76 13 46,heads,regular,1
2022-10-30T13:24:00Z,917,35 60 40 70 62 31 44 10 8 67 25 27 45 30 72 11 76 33 37 59,heads,regular,10
2022-10-30T13:27:00Z,918,42 18 26 58 37 41 21 17 70 12 50 73 32 63 36 1 20 31 44 27,heads,regular,1
2022-10-30T13:30:00Z,919,29 63 73 72 68 22 16 34 7 8 74 9 30 65 58 79 59 67 1 27,evens,regular,1
2022-10-30T13:33:00Z,920,60 23 25 65 63 57 76 44 14 50 29 55 72 17 62 46 56 22 49 42,tails,regular,10
2022-10-30T13:36:00Z,921,38 5 25 62 50 36 75 74 68 73 30 31 40 48 46 9 41 29 34 28,heads,regular,10
2022-10-30T13:39:00Z,922,55 27 68 40 74 7 5 25 21 44 65 1 80 43 26 23 32 9 2 17,heads,minor,1
2022-10-30T13:42:00Z,923,71 6 69 52 73 33 13 15 67 14 16 27 50 63 51 10 65 41 29 2,evens,major,1
2022-10-30T13:45:00Z,924,48 25 39 65 41 36 64 7 16 62 31 12 67 74 38 4 6 61 3 23,heads,major,1
2022-10-30T13:48:00Z,926,29 12 53 35 49 80 25 50 26 43 42 57 32 52 28 5 4 68 63 66,tails,regular,2
2022-10-30T13:51:00Z,927,28 60 48 73 22 25 16 56 63 44 14 50 45 39 46 3 41 34 62 47,tails,regular,3
2022-10-30T13:54:00Z,928,56 58 23 62 26 28 45 31 54 30 32 52 43 48 1 77 51 67 55 42,tails,regular,3
2022-10-30T13:57:00Z,929,56 3 46 22 47 1 62 12 79 23 36 45 39 7 43 72 27 77 17 4,heads,minor,1
2022-10-30T14:00:00Z,930,52 8 67 64 56 20 11 59 40 44 71 12 41 5 1 9 79 22 74 29,evens,major,2
2022-10-30T14:03:00Z,931,14 22 9 65 20 45 18 55 19 80 64 76 62 42 3 38 58 28 21 2,heads,regular,1
2022-10-30T14:06:00Z,932,46 65 19 60 6 20 32 80 53 78 12 5 58 47 57 9 49 34 40 41,tails,minor,2
2022-10-30T14:09:00Z,933,9 8 60 36 80 62 14 11 52 68 24 73 2 42 70 26 16 20 18 40,heads,regular,2
2022-10-30T14:12:00Z,935,76 47 32 34 35 78 9 50 67 25 52 11 60 40 15 2 66 75 13 80,evens,regular,3
2022-10-30T14:15:00Z,936,21 67 71 54 62 55 38 18 3 77 6 68 29 4 56 11 12 1 39 80,heads,minor,4
2022-10-30T14:18:00Z,937,46 73 32 5 25 29 74 7 44 69 19 51 38 37 80 47 70 62 42 34,tails,regular,1
2022-10-30T14:21:00Z,938,47 73 42 21 59 12 79 69 36 24 13 48 45 19 2 41 51 43 49 53,tails,minor,3
2022-10-30T14:24:00Z,939,62 79 2 18 13 31 73 32 7 76 41 65 10 47 52 16 67 26 23 70,evens,regular,2
2022-10-30T14:27:00Z,940,18 71 10 40 2 47 4 54 70 6 14 76 79 15 39 78 66 61 7 33,heads,minor,4
2022-10-30T14:30:00Z,941,37 60 56 76 51 34 17 63 6 73 70 24 61 12 55 45 43 3 53 46,tails,regular,2
2022-10-30T14:33:00Z,942,62 51 23 17 35 2 27 9 24 15 68 16 31 47 45 44 50 75 80 55,evens,regular,2
2022-10-30T14:36:00Z,944,68 39 34 27 18 55 66 54 15 60 21 71 74 3 42 78 8 62 20 70,tails,regular,2
2022-10-30T14:39:00Z,945,64 39 16 79 44 28 70 21 69 19 80 9 31 35 76 41 68 40 43 60,tails,major,5
2022-10-30T14:42:00Z,946,60 66 11 72 18 71 49 75 6 59 3 33 69 38 26 25 62 45 39 21,evens,major,4
2022-10-30T14:45:00Z,947,75 11 42 1 71 78 14 29 33 80 7 35 36 37 79 64 61 15 54 73,evens,minor,1
2022-10-30T14:48:00Z,948,7 17 70 25 47 36 10 55 45 79 76 59 51 12 11 22 72 14 61 24,evens,minor,1
2022-10-30T14:51:00Z,949,28 15 79 52 35 38 16 41 6 25 9 8 56 76 31 32 18 37 44 72,heads,minor,1
2022-10-30T14:54:00Z,950,2 76 74 8 6 66 79 3 15 39 80 42 33 54 23 67 75 28 1 49,evens,regular,1
2022-10-30T14:57:00Z,951,1 30 62 25 65 34 73 5 24 32 52 54 37 2 56 39 36 19 50 64,heads,minor,2
2022-10-30T15:00:00Z,953,42 65 43 24 28 63 20 22 73 15 69 58 78 76 18 67 6 4 37 46,tails,regular,1
2022-10-30T15:03:00Z,954,55 11 14 52 13 43 22 32 77 39 41 48 8 30 75 4 19 7 64 36,heads,regular,2
2022-10-30T15:06:00Z,955,55 33 43 47 26 30 74 24 39 79 2 68 11 67 17 28 75 20 51 63,evens,regular,1
2022-10-30T15:09:00Z,956,66 16 72 38 65 51 67 33 6 8 53 40 69 63 62 74 78 36 27 12,tails,regular,10
2022-10-30T15:12:00Z,957,62 72 2 24 48 41 58 44 77 61 73 28 3 69 16 17 27 37 19 60,tails,regular,4
2022-10-30T15:15:00Z,958,60 67 26 37 44 78 51 9 70 1 24 17 62 38 8 53 12 30 32 61,heads,regular,2
2022-10-30T15:18:00Z,959,57 29 36 40 71 78 35 27 24 39 52 54 6 11 70 13 34 38 18 80,heads,regular,1
2022-10-30T15:21:00Z,960,23 42 8 77 12 18 30 70 74 50 56 38 65 63 40 54 25 34 62 57,tails,minor,2
2022-10-30T15:24:00Z,962,39 13 68 17 46 16 61 22 47 50 44 12 40 45 8 79 36 28 29 80,heads,regular,2
2022-10-30T15:27:00Z,963,39 70 71 64 1 10 7 34 78 31 21 76 19 65 22 41 50 57 32 14,heads,minor,1
2022-10-30T15:30:00Z,964,50 28 1 20 46 60 63 37 39 36 71 17 52 42 43 31 61 27 18 38,heads,regular,2
2022-10-30T15:33:00Z,965,38 61 45 63 72 31 27 57 20 47 64 76 42 11 43 36 25 28 80 60,tails,regular,1
2022-10-30T15:36:00Z,966,48 17 72 76 40 10 39 22 65 32 59 7 12 3 42 63 8 49 11 53,heads,regular,1
2022-10-30T15:39:00Z,967,28 2 80 13 44 58 23 25 31 70 63 78 52 69 7 12 4 18 20 22,heads,regular,1
2022-10-30T15:42:00Z,968,45 48 33 5 75 71 15 60 66 46 37 28 57 56 27 25 14 76 13 17,evens,minor,2
2022-10-30T15:45:00Z,969,5 77 45 26 49 72 78 70 10 74 17 9 12 61 68 39 50 66 73 75,tails,minor,2
2022-10-30T15:48:00Z,971,74 56 67 14 73 24 48 47 40 65 51 23 66 69 36 39 75 15 31 52,tails,regular,1
2022-10-30T15:51:00Z,972,58 26 41 43 57 53 42 62 65 38 76 7 70 30 72 23 22 40 28 73,tails,regular,1
2022-10-30T15:54:00Z,973,65 16 18 13 57 22 21 73 70 4 44 26 9 72 56 24 55 47 27 23,heads,minor,2
2022-10-30T15:57:00Z,974,1 12 71 61 22 56 53 19 63 51 10 41 18 65 75 11 48 7 70 17,tails,regular,2
2022-10-30T16:00:00Z,975,71 62 11 16 32 15 18 4 80 9 39 38 46 37 28 59 77 55 34 60,heads,regular,2
2022-10-30T16:03:00Z,976,29 5 15 54 24 6 34 62 52 19 31 40 47 64 16 22 72 11 70 10,heads,major,2
2022-10-30T16:06:00Z,977,37 30 25 45 67 28 29 13 70 36 57 22 32 66 56 76 27 79 64 55,evens,major,1
2022-10-30T16:09:00Z,978,18 63 77 35 59 33 26 66 5 20 27 76 51 11 78 49 57 50 56 72,tails,regular,1
2022-10-30T16:12:00Z,980,18 68 49 78 26 60 23 35 42 55 28 33 77 58 20 22 39 32 36 41,heads,regular,2
2022-10-30T16:15:00Z,981,18 53 33 38 4 14 48 64 59 6 75 21 54 5 39 49 67 7 29 32,heads,regular,1
2022-10-30T16:18:00Z,982,66 47 3 52 21 63 25 46 17 6 43 56 50 55 22 39 74 8 13 79,tails,major,1
2022-10-30T16:21:00Z,983,75 6 49 18 20 36 46 12 8 55 17 80 10 64 70 58 69 61 57 77,tails,regular,1
2022-10-30T16:24:00Z,984,65 38 78 23 62 18 63 3 27 40 32 76 21 12 6 10 5 30 50 80,heads,minor,3
2022-10-30T16:27:00Z,985,6 66 11 72 71 79 8 13 73 75 62 30 76 2 65 16 60 15 31 51,tails,regular,2
2022-10-30T16:30:00Z,986,72 11 54 71 18 17 34 62 7 3 14 33 46 35 63 29 68 26 23 60,heads,major,1
2022-10-30T16:33:00Z,987,3 61 49 74 53 38 25 43 37 39 50 11 67 24 18 58 70 2 35 27,heads,minor,2
2022-10-30T16:36:00Z,989,8 34 76 38 72 59 49 19 16 22 74 7 44 4 48 46 12 37 70 53,evens,major,1
2022-10-30T16:39:00Z,990,77 41 32 42 1 21 39 37 50 40 47 75 25 65 51 56 10 60 43 72,tails,regular,1
2022-10-30T16:42:00Z,991,14 59 17 45 18 40 44 22 29 19 3 38 72 48 78 77 68 76 42 67,tails,regular,3
2022-10-30T16:45:00Z,992,6 4 67 33 62 77 16 31 71 46 76 60 65 13 15 58 57 41 54 22,tails,minor,1
2022-10-30T16:48:00Z,993,53 61 19 23 54 43 5 68 49 29 48 27 24 51 2 13 42 20 67 25,evens,regular,1
2022-10-30T16:51:00Z,994,78 4 69 54 67 74 10 60 41 21 30 40 75 48 68 19 72 29 6 45,tails,minor,1
2022-10-30T16:54:00Z,995,38 2 53 18 68 9 57 51 23 30 62 10 46 31 41 40 73 75 20 56,evens,regular,2
2022-10-30T16:57:00Z,996,44 15 78 31 68 38 76 67 22 65 3 59 35 5 56 55 4 19 80 45,tails,minor,2
2022-10-30T17:00:00Z,998,48 59 8 60 63 21 3 37 50 18 28 25 47 6 73 16 24 23 67 71,heads,regular,1
2022-10-30T17:03:00Z,999,24 10 32 57 19 22 63 2 33 16 53 29 77 76 31 66 46 40 38 58,heads,regular,1
2022-10-30T17:06:00Z,1,40 5 61 58 41 24 39 25 38 6 77 20 11 71 73 28 60 36 64 15,heads,regular,1
2022-10-30T17:09:00Z,2,65 64 67 57 34 50 58 26 47 9 20 38 14 25 6 27 31 51 56 76,evens,regular,3
2022-10-30T17:12:00Z,3,22 44 74 5 61 51 37 12 16 75 8 18 30 56 28 59 29 7 70 67,heads,minor,4
2022-10-30T17:15:00Z,4,66 22 38 31 61 75 28 65 59 34 41 63 39 79 58 45 77 37 52 4,tails,major,3
2022-10-30T17:18:00Z,5,24 70 37 74 21 52 62 33 23 22 55 20 69 63 17 44 68 50 61 80,tails,regular,3
2022-10-30T17:21:00Z,6,80 10 62 36 78 64 27 74 33 58 18 3 47 79 12 39 43 21 13 24,heads,regular,3
2022-10-30T17:24:00Z,8,33 36 9 27 31 47 79 29 12 41 64 30 48 76 51 16 70 59 4 7,heads,minor,4
2022-10-30T17:27:00Z,9,80 9 54 36 70 3 35 19 77 26 8 31 68 46 18 23 44 57 55 22,heads,minor,2
2022-10-30T17:30:00Z,10,10 56 41 34 21 58 67 8 66 31 38 16 71 18 35 72 62 7 13 40,heads,major,2
2022-10-30T17:33:00Z,11,50 31 75 79 63 69 78 15 45 43 3 67 41 49 26 73 27 9 56 46,tails,regular,3
2022-10-30T17:36:00Z,12,52 15 45 36 29 9 10 38 79 28 23 60 37 64 66 49 50 32 70 68,evens,regular,2
2022-10-30T17:39:00Z,13,17 74 65 24 31 54 11 76 55 29 23 50 46 57 12 9 36 30 53 18,heads,regular,3
2022-10-30T17:42:00Z,14,40 27 58 11 24 14 80 22 73 16 62 63 34 42 25 56 23 68 37 43,heads,regular,1
2022-10-30T17:45:00Z,15,20 37 13 39 31 6 38 12 30 23 1 75 64 25 26 29 77 78 32 49,heads,regular,5
2022-10-30T17:48:00Z,17,27 52 51 63 72 53 12 78 66 25 58 30 64 67 69 3 5 59 79 44,tails,major,1
2022-10-30T17:51:00Z,18,57 72 55 52 8 58 18 33 80 25 56 45 60 50 46 69 24 71 47 68,tails,minor,1
2022-10-30T17:54:00Z,19,23 38 25 39 24 31 74 11 18 2 3 69 55 64 76 21 32 19 30 33,heads,regular,2
2022-10-30T17:57:00Z,20,47 46 80 43 44 51 79 53 32 57 34 59 11 68 77 13 27 6 50 20,tails,regular,1
2022-10-30T18:00:00Z,21,50 58 44 27 43 53 31 2 15 7 59 67 77 63 17 55 79 47 49 60,tails,regular,1
2022-10-30T18:03:00Z,22,75 72 3 34 36 58 2 41 14 29 67 59 30 80 44 19 11 46 35 20,heads,regular,2
2022-10-30T18:06:00Z,23,14 67 24 10 46 38 77 23 30 52 11 28 21 31 34 68 44 70 36 80,heads,regular,3
2022-10-30T18:09:00Z,24,10 61 80 75 52 56 55 25 76 11 23 38 54 43 22 36 44 4 33 70,tails,minor,2
2022-10-30T18:12:00Z,26,72 20 41 58 18 26 77 57 32 4 46 59 51 60 33 6 28 50 27 74,tails,regular,2
2022-10-30T18:15:00Z,27,4 32 44 6 3 50 65 41 39 77 37 72 14 22 78 62 16 66 43 69,tails,regular,2
2022-10-30T18:18:00Z,28,15 74 17 39 42 32 16 65 27 71 8 45 54 3 9 13 10 56 49 64,heads,minor,1
2022-10-30T18:21:00Z,29,59 32 10 64 27 55 72 75 35 44 12 62 70 37 39 54 30 36 24 71,evens,regular,1
2022-10-30T18:24:00Z,30,55 74 71 8 78 52 69 34 72 60 38 4 70 47 9 62 6 24 12 21,tails,regular,1
2022-10-30T18:27:00Z,31,49 79 75 10 64 57 38 9 76 22 78 59 44 41 80 14 33 37 34 52,tails,regular,1
2022-10-30T18:30:00Z,32,55 5 53 31 28 29 67 38 64 46 54 18 25 47 59 79 15 80 66 4,tails,regular,3
2022-10-30T18:33:00Z,33,43 55 61 78 66 38 77 62 42 49 17 10 34 9 69 31 5 73 13 3,tails,minor,1
2022-10-30T18:36:00Z,35,53 32 75 10 13 69 27 58 51 59 15 50 41 62 4 23 42 1 68 22,tails,regular,2
2022-10-30T18:39:00Z,36,13 16 21 73 56 38 14 75 57 36 9 23 32 71 48 49 79 54 60 43,tails,regular,3
2022-10-30T18:42:00Z,37,68 2 66 32 67 14 80 10 72 34 76 20 24 8 35 70 64 28 56 19,heads,regular,2
2022-10-30T18:45:00Z,38,39 55 4 56 31 28 23 71 21 2 47 7 79 17 42 63 15 65 61 22,heads,minor,3
2022-10-30T18:48:00Z,39,1 32 66 43 38 80 16 50 69 62 79 57 12 6 51 60 78 28 54 59,tails,regular,2
2022-10-30T18:51:00Z,40,78 19 77 68 39 76 42 69 54 37 21 16 10 41 70 14 58 45 40 26,tails,regular,2
2022-10-30T18:54:00Z,41,38 21 65 1 14 73 40 51 22 47 30 59 42 15 7 28 5 46 60 56,heads,regular,3
2022-10-30T18:57:00Z,42,36 73 5 13 75 23 2 71 34 61 52 29 57 77 79 58 11 80 74 44,tails,regular,1
2022-10-30T19:00:00Z,44,24 56 41 11 30 68 62 5 80 49 43 7 23 25 75 64 74 33 54 20,tails,minor,2
2022-10-30T19:03:00Z,45,61 27 16 12 4 68 59 71 44 9 43 79 35 11 69 76 77 10 15 75,tails,regular,1
2022-10-30T19:06:00Z,46,11 43 12 45 46 22 14 13 4 56 33 48 2 27 77 32 8 44 62 28,heads,regular,2
2022-10-30T19:09:00Z,47,6 30 70 74 67 5 34 61 56 25 39 16 68 37 50 58 36 20 45 12,heads,major,3
2022-10-30T19:12:00Z,48,75 32 63 48 66 20 58 42 53 26 11 77 80 2 43 55 61 33 64 46,tails,minor,3
2022-10-30T19:15:00Z,49,60 42 55 18 2 8 79 30 75 10 50 54 36 34 40 51 33 41 56 57,tails,regular,1
2022-10-30T19:18:00Z,50,35 56 48 63 46 58 12 67 22 79 47 41 45 52 70 54 66 32 74 39,tails,regular,3
2022-10-30T19:21:00Z,51,14 12 3 68 62 30 49 42 45 21 2 35 65 55 24 59 74 72 1 18,evens,minor,1
2022-10-30T19:24:00Z,53,61 63 42 67 6 43 32 9 13 73 1 24 52 56 55 7 26 50 38 79,tails,regular,1
2022-10-30T19:27:00Z,54,79 7 24 43 74 56 78 33 29 51 45 53 5 42 47 35 41 15 8 12,tails,regular,2
2022-10-30T19:30:00Z,55,55 36 2 9 57 39 64 67 41 44 74 4 13 72 6 60 73 80 77 19,tails,minor,1
2022-10-30T19:33:00Z,56,26 8 18 6 43 78 58 24 74 27 12 52 25 49 2 71 64 56 32 57,evens,regular,5
2022-10-30T19:36:00Z,57,5 27 3 4 77 24 66 65 14 55 73 61 69 28 45 11 76 57 40 29,evens,minor,3
2022-10-30T19:39:00Z,58,57 33 18 78 29 71 77 23 5 38 7 67 4 65 39 73 10 8 34 30,heads,minor,2
2022-10-30T19:42:00Z,59,25 56 68 17 48 46 39 51 26 52 64 59 30 74 47 29 54 63 34 20,tails,regular,1
2022-10-30T19:45:00Z,60,68 14 58 72 43 71 29 64 37 73 59 21 69 45 50 6 75 4 18 51,tails,regular,10
2022-10-30T19:48:00Z,62,42 19 67 68 61 80 58 14 46 48 4 50 63 79 29 28 73 15 3 38,tails,regular,2
2022-10-30T19:51:00Z,63,9 5 6 67 80 1 12 17 32 65 43 26 56 45 74 30 10 70 25 55,heads,regular,1
2022-10-30T19:54:00Z,64,57 39 60 63 31 37 55 42 24 16 3 45 19 78 65 72 58 21 32 56,tails,regular,1
2022-10-30T19:57:00Z,65,44 69 26 75 50 5 10 41 12 56 9 72 67 35 11 37 48 59 45 30,tails,regular,2
2022-10-30T20:00:00Z,66,35 29 23 48 59 52 60 46 4 75 65 77 76 10 27 5 2 1 31 68,evens,minor,1
2022-10-30T20:03:00Z,67,27 56 42 63 18 55 70 5 2 7 17 29 10 69 80 20 3 30 78 4,heads,minor,2
2022-10-30T20:06:00Z,68,65 37 76 5 80 26 23 50 70 52 22 63 74 2 45 17 30 6 12 62,evens,regular,2
2022-10-30T20:09:00Z,69,14 57 48 51 29 59 22 45 10 35 47 73 21 64 72 18 19 24 2 36,heads,major,1
2022-10-30T20:12:00Z,71,77 44 30 54 67 75 5 20 41 9 51 42 11 49 17 28 58 48 24 72,tails,regular,2
2022-10-30T20:15:00Z,72,72 76 80 66 48 78 71 55 58 79 65 35 33 57 54 44 7 49 31 36,tails,regular,3
2022-10-30T20:18:00Z,73,59 44 13 23 10 60 57 24 48 38 16 15 41 78 45 76 46 52 25 5,tails,regular,2
2022-10-30T20:21:00Z,74,23 60 61 35 34 31 37 19 67 3 1 21 14 79 70 72 74 15 22 51,heads,regular,1
2022-10-30T20:24:00Z,75,26 80 70 68 43 60 25 61 74 42 2 14 69 46 39 30 47 56 27 22,tails,regular,1
2022-10-30T20:27:00Z,76,1 27 73 78 49 54 24 9 10 77 38 65 39 11 46 12 53 40 7 34,heads,regular,1
2022-10-30T20:30:00Z,77,63 56 62 34 25 23 74 52 19 42 73 80 51 28 3 66 11 22 68 50,tails,regular,1
2022-10-30T20:33:00Z,78,46 47 79 49 22 14 76 63 42 78 19 10 41 4 35 18 54 6 73 51,tails,major,1
2022-10-30T20:36:00Z,80,21 43 19 38 33 24 68 79 3 75 44 34 41 70 67 32 49 63 80 13,tails,regular,2
2022-10-30T20:39:00Z,81,48 11 41 80 21 12 2 50 59 77 30 56 66 26 22 73 51 75 33 28,tails,regular,1
2022-10-30T20:42:00Z,82,6 50 4 14 59 34 63 39 79 12 32 57 60 49 44 1 10 26 68 5,heads,regular,3
2022-10-30T20:45:00Z,83,18 17 36 25 38 79 44 42 45 31 64 46 59 80 6 47 54 56 49 68,tails,regular,3
2022-10-30T20:48:00Z,84,34 79 52 49 70 13 42 60 53 47 77 57 28 19 67 15 58 24 71 51,tails,regular,3
2022-10-30T20:51:00Z,85,20 69 34 13 63 42 17 23 53 10 27 38 16 32 33 5 52 4 59 39,heads,regular,1
2022-10-30T20:54:00Z,86,76 7 79 19 31 3 47 16 56 40 44 9 77 50 63 4 28 10 73 2,heads,regular,2
2022-10-30T20:57:00Z,87,58 31 51 65 38 43 71 21 77 8 11 78 3 59 45 52 62 18 79 64,tails,minor,1
2022-10-30T21:00:00Z,89,11 49 12 42 53 15 38 69 40 74 14 28 75 34 45 31 44 7 4 6,heads,regular,1
2022-10-30T21:03:00Z,90,71 26 8 45 46 43 55 66 47 62 38 72 64 75 54 50 24 49 80 32,tails,regular,1
2022-10-30T21:06:00Z,91,27 54 70 69 57 1 43 37 17 75 33 47 62 56 31 11 42 9 72 39,tails,regular,1
2022-10-30T21:09:00Z,92,62 26 21 5 54 13 68 79 63 7 80 29 37 36 19 40 33 18 52 14,heads,regular,3
2022-10-30T21:12:00Z,93,2 36 26 49 66 27 20 28 65 30 19 29 67 47 60 13 77 17 72 78,heads,regular,1
2022-10-30T21:15:00Z,94,62 61 70 80 45 4 63 58 17 37 16 14 24 40 31 43 39 8 7 22,heads,regular,1
2022-10-30T21:18:00Z,95,30 60 61 63 17 2 67 73 12 11 69 35 33 53 29 76 15 59 23 54,evens,regular,10
2022-10-30T21:21:00Z,96,70 72 67 24 26 2 49 7 58 13 37 31 63 8 4 12 75 32 30 39,heads,regular,1
2022-10-30T21:24:00Z,98,23 22 29 61 66 42 64 63 16 51 58 71 1 69 5 44 79 39 74 53,tails,regular,2
2022-10-30T21:27:00Z,99,61 22 14 48 53 42 41 30 36 4 57 60 26 18 1 20 78 29 12 63,heads,regular,1
2022-10-30T21:30:00Z,100,43 18 80 7 73 51 71 42 4 62 67 25 24 26 19 61 32 27 1 77,evens,regular,2
2022-10-30T21:33:00Z,101,12 19 28 13 65 5 49 73 33 31 51 16 22 18 63 44 80 2 14 48,heads,regular,1
2022-10-30T21:36:00Z,102,79 8 42 66 9 45 39 72 13 1 3 78 10 64 16 52 15 38 73 58,evens,minor,2
2022-10-30T21:39:00Z,103,17 20 9 71 6 16 24 48 10 78 27 73 8 36 19 26 14 47 7 31,heads,regular,1
2022-10-30T21:42:00Z,104,12 57 63 35 19 3 69 55 71 59 42 33 24 23 36 30 20 17 2 34,heads,major,3
2022-10-30T21:45:00Z,105,6 33 42 74 68 8 20 40 24 52 47 36 30 25 15 61 9 32 4 41,heads,minor,3
2022-10-30T21:48:00Z,107,65 18 4 35 69 63 51 23 16 80 34 60 42 78 5 57 9 22 53 40,evens,regular,3
2022-10-30T21:51:00Z,108,59 44 24 45 42 35 70 11 19 61 71 37 38 21 57 79 80 72 27 51,tails,regular,1
2022-10-30T21:54:00Z,109,5 20 73 75 4 1 44 57 65 14 36 67 53 45 62 72 79 70 74 64,tails,regular,1
2022-10-30T21:57:00Z,110,27 22 59 34 57 69 14 13 77 23 3 73 26 70 20 40 62 74 44 53,evens,regular,2
2022-10-30T22:00:00Z,111,39 7 21 51 19 42 28 30 9 12 76 36 2 50 8 72 56 23 11 34,heads,regular,1
2022-10-30T22:03:00Z,112,38 19 26 77 60 73 32 20 63 37 64 7 29 44 56 75 30 40 70 52,evens,regular,1
2022-10-30T22:06:00Z,113,33 47 31 3 68 61 24 51 16 71 15 65 41 42 69 60 25 4 53 74,tails,minor,1
2022-10-30T22:09:00Z,114,51 30 6 17 69 31 41 60 32 50 66 16 18 22 15 72 36 28 71 29,heads,minor,2
2022-10-30T22:12:00Z,116,43 30 55 58 67 50 75 57 77 31 70 22 61 20 24 17 33 71 76 13,tails,regular,3
2022-10-30T22:15:00Z,117,70 4 69 46 74 34 11 13 47 2 15 39 7 76 31 60 10 62 14 71,heads,regular,1
2022-10-30T22:18:00Z,118,42 79 64 28 8 12 3 7 49 22 70 47 39 76 15 53 33 25 72 19,heads,minor,3
2022-10-30T22:21:00Z,119,52 77 11 50 21 56 70 55 44 41 28 75 5 79 22 60 25 33 23 66,tails,major,1
2022-10-30T22:24:00Z,120,74 68 27 39 55 31 66 6 11 56 30 78 43 64 19 32 36 33 41 63,evens,major,3
2022-10-30T22:27:00Z,121,41 58 45 79 46 59 21 10 77 61 17 1 76 74 34 26 14 49 42 33,tails,regular,3
2022-10-30T22:30:00Z,122,1 68 16 11 76 25 35 73 53 58 10 37 43 61 45 40 72 36 70 69,tails,regular,1
2022-10-30T22:33:00Z,123,20 59 65 69 11 54 28 57 26 64 34 30 50 41 58 49 70 80 33 8,tails,regular,2
2022-10-30T22:36:00Z,125,33 56 18 46 21 7 45 17 32 30 34 63 60 41 38 43 4 48 42 53,evens,regular,2
2022-10-30T22:39:00Z,126,77 39 44 71 37 22 52 34 14 79 70 30 45 9 40 68 49 31 20 38,heads,major,1
2022-10-30T22:42:00Z,127,48 17 12 39 73 64 20 3 42 49 7 78 65 36 69 6 40 11 22 77,heads,regular,1
2022-10-30T22:45:00Z,128,55 53 20 47 18 14 73 52 17 9 72 62 58 48 70 23 40 21 12 54,tails,regular,1
2022-10-30T22:48:00Z,129,77 58 41 26 23 72 54 15 63 11 5 62 68 12 80 61 75 70 29 8,tails,minor,1
2022-10-30T22:51:00Z,130,15 58 62 34 65 79 32 67 11 12 22 33 1 28 70 78 27 31 35 39,heads,regular,3
2022-10-30T22:54:00Z,131,57 61 35 72 79 48 1 63 6 73 46 78 32 59 43 24 5 17 52 7,tails,regular,1
2022-10-30T22:57:00Z,132,54 63 9 56 70 15 26 51 10 69 60 40 80 13 71 62 18 78 38 17,tails,regular,2
2022-10-30T23:00:00Z,134,37 77 70 73 50 40 48 12 14 46 8 72 30 33 32 69 5 34 54 26,heads,major,4
2022-10-30T23:03:00Z,135,12 10 63 36 8 7 49 65 46 74 27 23 64 29 42 58 24 67 31 21,heads,regular,3
2022-10-30T23:06:00Z,136,66 42 34 64 54 63 65 13 57 3 19 78 20 59 61 80 73 58 25 53,tails,regular,1
2022-10-30T23:09:00Z,137,56 70 77 23 7 33 67 18 36 49 29 39 79 75 37 60 51 65 22 55,tails,regular,2
2022-10-30T23:12:00Z,138,19 65 43 17 73 10 25 58 41 4 46 28 20 29 49 18 3 11 36 62,heads,regular,1
2022-10-30T23:15:00Z,139,17 62 49 4 45 10 61 1 74 67 70 77 2 42 64 21 41 63 18 69,tails,regular,3
2022-10-30T23:18:00Z,140,19 13 39 44 56 12 74 2 66 20 22 50 53 43 55 41 8 26 51 34,evens,regular,1
2022-10-30T23:21:00Z,141,59 7 2 37 69 18 19 71 44 3 49 45 11 24 78 55 48 70 1 28,evens,regular,2
2022-10-30T23:24:00Z,143,23 22 56 46 71 15 62 40 43 74 80 32 42 45 47 20 53 77 75 17,tails,minor,2
2022-10-30T23:27:00Z,144,73 38 44 58 13 54 79 18 8 46 74 71 1 14 62 42 17 2 34 35,evens,regular,1
2022-10-30T23:30:00Z,145,8 42 44 32 78 72 12 13 21 3 79 30 58 7 80 37 45 60 29 43,evens,minor,1
2022-10-30T23:33:00Z,146,4 56 58 6 51 18 64 71 22 79 53 11 17 1 37 10 8 21 20 78,heads,minor,2
2022-10-30T23:36:00Z,147,71 32 45 55 30 76 24 6 43 58 9 37 41 63 8 10 70 18 25 52,evens,regular,1
2022-10-30T23:39:00Z,148,36 52 41 58 56 45 12 33 50 5 30 78 8 61 38 72 77 20 60 10,tails,regular,10
2022-10-30T23:42:00Z,149,62 66 51 38 9 35 67 60 68 56 48 70 25 26 33 43 22 14 37 29,evens,regular,3
2022-10-30T23:45:00Z,150,73 55 6 7 27 79 14 53 18 13 64 8 66 52 41 47 71 21 58 4,tails,regular,2
2022-10-30T23:48:00Z,152,49 40 11 15 64 71 54 12 53 13 72 74 52 23 17 2 24 31 63 51,evens,regular,2
2022-10-30T23:51:00Z,153,25 47 68 73 59 64 67 13 38 8 34 70 39 2 1 15 56 57 80 23,evens,regular,2
2022-10-30T23:54:00Z,154,24 26 47 66 57 70 38 28 69 22 49 63 54 73 16 48 65 15 30 75,tails,major,2
2022-10-30T23:57:00Z,155,1 9 56 67 2 46 6 38 63 36 12 54 24 33 4 69 10 42 58 49,heads,minor,3
2022-10-31T00:00:00Z,156,3 43 71 32 4 27 44 41 10 2 68 58 9 57 23 20 77 39 56 7,heads,regular,1
2022-10-31T00:03:00Z,157,72 67 73 4 32 9 58 20 50 51 3 33 28 60 52 66 21 23 27 55,evens,regular,3
2022-10-31T00:06:00Z,158,80 33 34 42 47 70 67 51 64 26 46 76 56 62 3 7 61 78 32 49,tails,regular,1
2022-10-31T00:09:00Z,159,24 22 9 29 75 54 58 78 72 18 53 38 17 57 66 62 43 49 68 36,tails,minor,1
2022-10-31T00:12:00Z,161,44 28 14 8 63 51 78 2 54 55 46 76 59 42 60 34 61 62 75 72,tails,regular,1
2022-10-31T00:15:00Z,162,27 62 37 21 4 29 48 5 13 60 12 65 78 31 9 1 7 19 18 42,heads,regular,2
2022-10-31T00:18:00Z,163,65 12 50 45 15 57 63 76 78 32 19 68 7 55 56 5 74 29 14 18,tails,regular,4
2022-10-31T00:21:00Z,164,62 61 45 80 27 9 50 31 20 66 28 35 13 17 44 46 48 38 63 69,tails,regular,1
2022-10-31T00:24:00Z,165,75 28 6 30 71 68 74 56 53 24 26 7 5 48 18 29 78 25 19 60,heads,regular,1
2022-10-31T00:27:00Z,166,49 54 71 56 4 20 27 32 43 67 72 79 64 13 62 9 53 42 74 58,tails,minor,1
2022-10-31T00:30:00Z,167,75 53 60 22 27 23 61 68 72 3 41 11 49 4 21 79 52 6 51 30,tails,minor,1
2022-10-31T00:33:00Z,168,70 74 38 42 1 18 47 24 44 43 39 51 63 25 26 32 22 53 5 36,heads,regular,2
2022-10-31T00:36:00Z,170,67 49 69 47 32 55 78 57 27 21 54 72 59 20 76 31 30 68 39 3,tails,regular,1
2022-10-31T00:39:00Z,171,55 16 39 66 54 59 53 68 63 32 67 65 72 45 49 1 9 35 4 50,tails,regular,1
2022-10-31T00:42:00Z,172,11 47 28 35 80 70 12 15 13 48 62 38 27 14 31 41 33 8 45 50,heads,regular,1
2022-10-31T00:45:00Z,173,65 66 47 21 48 62 19 9 42 80 53 79 69 70 49 64 36 72 57 29,tails,major,1
2022-10-31T00:48:00Z,174,14 76 51 3 7 32 75 1 77 37 73 9 29 11 49 66 47 35 42 17,heads,minor,1
2022-10-31T00:51:00Z,175,16 62 79 31 57 59 56 63 3 50 74 36 6 9 14 51 65 25 73 5,tails,regular,1
2022-10-31T00:54:00Z,176,15 48 4 55 50 79 62 40 28 61 52 16 30 2 29 76 43 23 34 38,heads,major,1
2022-10-31T00:57:00Z,177,5 54 43 14 68 10 7 60 1 20 13 52 33 63 8 80 44 65 19 42,evens,major,2
2022-10-31T01:00:00Z,179,51 35 45 28 60 79 58 18 80 6 26 33 11 49 38 25 61 9 39 70,heads,regular,3
2022-10-31T01:03:00Z,180,65 69 45 30 18 4 12 67 15 53 57 36 8 46 49 22 48 38 32 7,heads,minor,10
2022-10-31T01:06:00Z,181,58 59 8 71 53 47 28 78 48 74 66 12 51 70 11 52 21 37 16 62,tails,regular,1
2022-10-31T01:09:00Z,182,74 72 27 33 69 39 44 70 56 17 1 12 37 9 67 52 47 50 79 66,tails,regular,5
2022-10-31T01:12:00Z,183,48 75 12 28 5 70 9 30 49 73 69 43 39 36 67 60 32 68 37 61,tails,major,1
2022-10-31T01:15:00Z,184,76 50 55 37 3 5 73 62 52 20 65 14 23 46 49 41 60 32 40 36,tails,regular,2
2022-10-31T01:18:00Z,185,25 54 74 33 28 31 51 18 30 72 17 42 68 60 3 7 14 61 69 65,evens,regular,2
2022-10-31T01:21:00Z,186,63 8 54 16 4 60 6 76 47 35 34 23 55 41 2 62 48 57 7 26,evens,minor,2
2022-10-31T01:24:00Z,188,73 9 3 23 66 13 26 2 46 33 51 65 48 22 43 58 8 78 6 59,evens,regular,1
2022-10-31T01:27:00Z,189,17 18 66 62 79 7 30 16 29 35 6 78 61 46 59 69 2 48 74 3,evens,minor,10
2022-10-31T01:30:00Z,190,26 15 35 27 75 43 49 54 16 5 28 33 50 39 19 8 14 77 38 62,heads,regular,1
2022-10-31T01:33:00Z,191,35 45 65 4 77 64 17 25 76 49 73 33 67 43 52 3 44 69 71 47,tails,regular,2
2022-10-31T01:36:00Z,192,31 14 78 24 50 9 2 64 60 6 44 12 4 5 20 46 27 35 42 67,heads,minor,1
2022-10-31T01:39:00Z,193,30 50 14 55 43 6 35 65 71 34 13 12 66 1 8 56 72 76 45 33,evens,major,1
2022-10-31T01:42:00Z,194,34 19 2 48 24 14 20 39 67 16 54 50 9 36 63 75 76 23 46 17,heads,regular,1
2022-10-31T01:45:00Z,195,48 24 75 25 8 10 15 14 12 28 29 39 11 69 33 74 76 56 49 54,heads,regular,2
2022-10-31T01:48:00Z,197,27 38 44 1 35 68 6 14 67 11 56 80 30 49 70 61 45 65 18 64,tails,regular,2
2022-10-31T01:51:00Z,198,72 26 25 46 56 52 58 37 23 50 80 44 75 70 62 21 66 53 71 78,tails,regular,1
2022-10-31T01:54:00Z,199,48 5 26 51 59 10 31 9 55 67 29 37 41 3 72 22 1 27 60 25,heads,regular,1
2022-10-31T01:57:00Z,200,54 47 40 59 36 21 75 22 18 78 38 20 1 25 23 55 65 27 57 56,heads,regular,2
2022-10-31T02:00:00Z,201,60 61 54 14 32 16 56 18 51 40 58 17 6 28 19 33 35 15 45 42,heads,minor,2
2022-10-31T02:03:00Z,202,66 39 77 45 42 80 57 65 25 41 21 40 38 20 69 6 62 59 61 1,tails,major,1
2022-10-31T02:06:00Z,203,33 2 42 4 66 53 50 64 58 27 38 19 40 75 65 23 5 69 13 47,evens,minor,1
2022-10-31T02:09:00Z,204,61 66 1 44 55 4 15 75 71 18 78 50 72 63 32 36 54 58 52 49,tails,regular,1
2022-10-31T02:12:00Z,206,48 79 58 36 76 51 9 38 17 70 40 21 15 61 33 26 72 7 68 34,heads,regular,3
2022-10-31T02:15:00Z,207,21 40 77 31 79 64 75 27 47 48 7 49 73 46 11 56 32 24 74 18,tails,regular,1
2022-10-31T02:18:00Z,208,41 17 79 57 29 16 30 63 1 76 73 45 6 52 26 72 38 56 25 70,tails,major,3
2022-10-31T02:21:00Z,209,78 43 51 41 49 30 36 40 54 67 39 53 35 24 75 17 27 61 10 29,evens,regular,3
2022-10-31T02:24:00Z,210,11 55 35 16 25 65 32 69 63 59 44 4 42 34 30 71 47 40 5 14,heads,regular,3
2022-10-31T02:27:00Z,211,30 47 43 7 53 71 31 10 44 76 15 21 40 39 54 26 35 33 55 78,heads,minor,1
2022-10-31T02:30:00Z,212,24 67 54 26 48 27 50 45 37 79 23 63 46 30 25 7 57 18 71 62,tails,regular,3
2022-10-31T02:33:00Z,213,2 70 48 22 8 15 6 60 56 7 80 58 59 21 65 36 47 72 73 4,tails,major,3
2022-10-31T02:36:00Z,215,70 16 75 14 48 39 3 57 76 31 36 12 51 29 72 58 69 43 27 32,evens,regular,1
2022-10-31T02:39:00Z,216,77 15 8 54 7 64 68 74 21 24 56 61 48 43 78 41 75 70 9 5,tails,minor,2
2022-10-31T02:42:00Z,217,56 2 55 53 11 1 67 21 45 38 41 46 7 59 73 17 79 15 74 65,tails,regular,2
2022-10-31T02:45:00Z,218,70 78 28 4 25 50 61 65 45 56 35 7 80 54 34 18 74 42 31 75,tails,major,5
2022-10-31T02:48:00Z,219,8 48 16 21 62 79 3 32 1 15 75 52 33 56 69 45 18 24 71 14,heads,minor,2
2022-10-31T02:51:00Z,220,25 29 14 19 5 71 8 22 53 36 58 31 54 62 11 26 4 33 76 64,heads,major,2
2022-10-31T02:54:00Z,221,28 8 21 78 34 69 56 5 40 65 24 73 4 42 31 49 11 72 64 36,heads,regular,2
2022-10-31T02:57:00Z,222,9 30 22 49 20 6 38 28 1 52 12 31 24 47 58 71 76 17 80 33,heads,major,3
2022-10-31T03:00:00Z,224,59 25 75 51 22 64 33 53 11 74 62 78 54 41 20 13 71 17 23 52,tails,minor,2
2022-10-31T03:03:00Z,225,7 39 48 11 46 8 56 19 77 59 15 73 29 33 14 78 40 13 53 28,heads,major,1
2022-10-31T03:06:00Z,226,46 56 11 78 27 48 24 45 7 50 66 67 8 17 65 60 25 20 23 74,tails,regular,2
2022-10-31T03:09:00Z,227,31 4 47 24 55 14 29 39 70 73 78 56 32 18 79 45 69 21 15 66,evens,minor,2
2022-10-31T03:12:00Z,228,28 68 47 42 30 45 72 59 19 63 44 78 76 40 64 14 20 35 15 34,tails,major,1
2022-10-31T03:15:00Z,229,19 59 37 12 50 56 62 26 4 55 15 27 63 73 38 60 48 64 18 80,tails,regular,1
2022-10-31T03:18:00Z,230,30 78 27 80 49 28 62 11 71 59 8 25 4 17 33 56 57 32 52 7,heads,regular,1
2022-10-31T03:21:00Z,231,77 29 57 7 36 1 45 38 80 31 58 76 40 25 4 50 20 52 59 48,evens,regular,3
2022-10-31T03:24:00Z,233,15 55 66 45 44 33 58 79 24 78 2 31 14 61 72 40 68 18 64 69,tails,regular,10
2022-10-31T03:27:00Z,234,70 80 57 10 64 41 60 50 69 75 58 32 36 62 9 73 40 20 79 66,tails,regular,3
2022-10-31T03:30:00Z,235,5 10 80 29 43 67 27 19 2 30 52 59 15 34 79 35 75 62 74 45,evens,regular,10
2022-10-31T03:33:00Z,236,57 14 77 60 26 75 63 20 13 51 12 4 68 48 3 44 1 80 19 47,tails,regular,5
2022-10-31T03:36:00Z,237,46 37 32 38 29 45 72 71 6 21 80 11 40 31 65 20 78 70 66 14,heads,major,3
2022-10-31T03:39:00Z,238,51 15 46 6 59 38 14 73 80 64 72 53 9 76 3 57 58 77 69 17,tails,minor,2
2022-10-31T03:42:00Z,239,20 62 68 24 4 11 44 67 30 80 60 57 69 46 19 38 18 50 9 25,evens,regular,2
2022-10-31T03:45:00Z,240,19 23 17 21 44 3 43 36 79 32 68 6 51 49 35 70 53 4 10 1,heads,minor,1
2022-10-31T03:48:00Z,242,16 6 51 12 72 55 45 60 67 24 21 49 43 62 57 65 42 33 7 4,tails,regular,2
2022-10-31T03:51:00Z,243,25 39 51 42 66 41 32 2 35 53 64 71 18 5 34 19 9 7 72 67,heads,regular,2
2022-10-31T03:54:00Z,244,70 7 63 46 69 73 39 9 40 56 28 26 8 67 54 13 74 19 32 58,evens,major,4
2022-10-31T03:57:00Z,245,5 29 1 27 19 61 3 14 10 25 64 15 21 28 17 46 47 67 9 33,heads,minor,1
2022-10-31T04:00:00Z,246,32 62 48 2 71 28 39 42 53 55 16 70 66 24 26 64 74 80 75 57,tails,regular,1
2022-10-31T04:03:00Z,247,60 64 14 41 25 53 70 36 5 40 17 63 68 50 75 32 76 57 19 43,tails,regular,1
2022-10-31T04:06:00Z,248,60 24 34 17 53 3 78 12 66 15 33 65 41 55 68 42 80 20 35 6,evens,regular,1
2022-10-31T04:09:00Z,249,24 58 13 9 45 62 28 6 14 42 57 32 3 48 59 2 80 76 77 67,tails,minor,1
2022-10-31T04:12:00Z,251,8 61 79 31 43 13 54 18 58 37 24 23 36 12 17 76 45 62 15 77,heads,regular,1
2022-10-31T04:15:00Z,252,58 60 78 6 25 43 33 30 9 17 55 77 80 45 3 74 21 29 59 44,tails,regular,2
2022-10-31T04:18:00Z,253,77 3 79 39 22 75 59 13 1 31 38 18 54 64 72 66 7 56 76 21,evens,minor,2
2022-10-31T04:21:00Z,254,79 75 52 67 42 45 72 23 59 21 77 14 68 51 50 17 10 73 38 1,tails,minor,1
2022-10-31T04:24:00Z,255,58 60 19 27 71 23 75 46 13 41 80 1 65 48 77 59 55 66 7 44,tails,major,2
2022-10-31T04:27:00Z,256,5 10 26 22 59 40 61 42 65 6 80 1 2 23 27 69 33 19 63 12,heads,regular,3
2022-10-31T04:30:00Z,257,60 25 45 17 18 42 72 23 74 64 34 37 46 12 27 39 51 33 67 10,heads,regular,3
2022-10-31T04:33:00Z,258,67 52 13 8 43 46 53 50 51 65 17 15 14 76 10 75 44 64 73 18,tails,regular,1
2022-10-31T04:36:00Z,260,47 76 7 66 65 55 60 2 42 28 53 80 1 73 57 20 58 29 24 48,tails,regular,3
2022-10-31T04:39:00Z,261,6 52 15 29 1 26 57 58 51 36 20 70 67 9 74 65 24 31 80 28,heads,regular,3
2022-10-31T04:42:00Z,262,72 19 61 36 2 65 9 71 74 34 25 44 54 20 28 6 27 7 60 42,heads,regular,3
2022-10-31T04:45:00Z,263,78 21 65 9 16 67 39 4 38 63 14 48 54 59 55 53 7 79 49 33,tails,major,4
2022-10-31T04:48:00Z,264,52 4 11 40 47 43 30 9 15 8 73 61 33 28 24 26 19 67 56 75,heads,minor,10
2022-10-31T04:51:00Z,265,53 22 52 57 40 34 4 19 10 80 74 14 47 8 7 25 71 37 76 35,heads,regular,1
2022-10-31T04:54:00Z,266,68 24 60 78 26 11 1 67 20 54 7 76 39 61 47 4 6 80 59 66,tails,regular,1
2022-10-31T04:57:00Z,267,20 73 58 49 65 45 29 21 27 15 61 47 63 9 23 7 75 5 74 41,tails,regular,1
2022-10-31T05:00:00Z,269,62 77 14 11 2 31 61 57 73 47 63 27 42 43 40 38 25 26 66 18,evens,minor,10
2022-10-31T05:03:00Z,270,56 52 50 42 44 60 54 58 57 24 43 80 35 33 77 16 40 32 37 75,tails,regular,1
2022-10-31T05:06:00Z,271,54 44 25 19 35 34 7 40 55 69 33 6 20 38 30 24 26 13 63 3,heads,major,3
2022-10-31T05:09:00Z,272,43 11 35 16 74 57 63 31 44 56 58 28 53 68 76 5 60 29 33 51,tails,regular,3
2022-10-31T05:12:00Z,273,32 44 19 66 29 22 37 34 5 48 28 9 54 4 31 20 27 12 70 23,heads,regular,3
2022-10-31T05:15:00Z,274,50 40 63 67 55 76 78 66 7 16 57 60 27 79 51 36 10 53 28 68,tails,regular,1
2022-10-31T05:18:00Z,275,5 57 63 55 74 2 3 37 12 80 23 28 26 25 49 4 24 75 30 53,heads,major,1
2022-10-31T05:21:00Z,276,69 79 21 77 29 25 14 72 43 60 2 40 67 42 66 50 3 11 70 58,tails,minor,2
2022-10-31T05:24:00Z,278,21 31 23 7 40 8 29 27 56 26 53 2 15 41 74 17 12 19 58 64,heads,regular,1
2022-10-31T05:27:00Z,279,64 57 63 51 31 39 47 5 69 48 50 74 6 21 62 77 7 65 42 22,tails,regular,2
2022-10-31T05:30:00Z,280,12 47 23 53 9 65 74 52 14 24 41 76 77 28 30 36 38 55 63 10,evens,major,1
2022-10-31T05:33:00Z,281,68 54 32 64 31 33 61 17 57 28 53 4 76 26 50 14 70 20 12 39,heads,major,3
2022-10-31T05:36:00Z,282,16 54 6 63 13 37 44 14 66 2 30 38 33 72 70 40 1 65 69 74,heads,regular,1
2022-10-31T05:39:00Z,283,12 5 1 22 3 59 23 52 69 42 20 63 27 32 79 62 72 8 75 47,evens,regular,1
2022-10-31T05:42:00Z,284,3 74 45 1 69 44 15 34 8 32 12 29 75 63 41 5 62 80 59 14,evens,regular,1
2022-10-31T05:45:00Z,285,73 80 42 35 28 22 46 71 30 19 68 57 69 49 5 8 55 79 9 60,tails,regular,1
2022-10-31T05:48:00Z,287,4 32 39 19 71 22 50 26 8 34 56 63 66 74 41 77 45 48 53 52,tails,regular,2
2022-10-31T05:51:00Z,288,68 66 80 45 19 10 71 76 61 70 25 53 56 40 28 62 11 64 44 9,tails,minor,3
2022-10-31T05:54:00Z,289,48 60 10 17 77 58 62 39 30 3 8 43 53 52 27 34 78 79 68 47,tails,major,1
2022-10-31T05:57:00Z,290,24 50 5 8 17 65 70 44 33 15 13 60 10 1 58 78 42 19 9 32,heads,regular,1
2022-10-31T06:00:00Z,291,54 24 31 77 15 5 9 39 52 33 40 46 25 78 34 36 79 59 1 43,heads,regular,2
2022-10-31T06:03:00Z,292,72 80 28 65 24 3 70 33 11 21 26 52 67 39 76 45 1 79 43 40,evens,regular,2
2022-10-31T06:06:00Z,293,75 69 66 48 56 22 67 57 33 44 77 14 2 73 26 9 42 62 50 80,tails,regular,3
2022-10-31T06:09:00Z,294,8 46 38 67 14 41 34 2 62 17 50 16 55 78 43 20 3 13 26 44,heads,regular,1
2022-10-31T06:12:00Z,296,66 59 14 16 11 68 49 24 4 27 29 28 8 38 67 45 56 72 78 9,heads,regular,1
2022-10-31T06:15:00Z,297,47 53 71 44 26 63 23 55 16 22 69 34 28 61 7 79 68 6 35 13,evens,regular,1
2022-10-31T06:18:00Z,298,70 32 23 79 10 8 37 9 3 51 12 6 46 36 69 71 26 56 67 65,heads,regular,2
2022-10-31T06:21:00Z,299,56 71 54 30 46 14 37 10 4 67 79 5 26 80 16 50 21 34 48 42,evens,minor,4
2022-10-31T06:24:00Z,300,12 6 57 14 28 2 42 4 8 9 80 11 77 34 23 44 31 1 64 76,heads,regular,1
2022-10-31T06:27:00Z,301,22 71 40 30 39 47 32 8 72 60 45 46 12 70 20 56 48 78 50 14,tails,regular,2
2022-10-31T06:30:00Z,302,60 42 20 68 56 19 4 58 2 67 80 10 30 17 44 37 16 29 5 6,heads,regular,3
2022-10-31T06:33:00Z,303,10 24 16 28 19 26 15 63 27 7 56 70 60 8 73 2 65 32 13 41,heads,minor,1
2022-10-31T06:36:00Z,305,60 67 11 62 3 43 27 17 64 22 70 33 15 13 45 47 31 2 12 76,heads,regular,3
2022-10-31T06:39:00Z,306,61 1 56 15 68 9 60 14 53 42 11 29 51 48 71 3 18 28 43 6,evens,regular,2
2022-10-31T06:42:00Z,307,37 12 19 33 65 66 24 16 38 74 55 32 35 9 67 47 70 54 78 57,evens,regular,1
2022-10-31T06:45:00Z,308,25 9 11 27 75 54 78 23 60 12 57 55 70 3 8 52 56 74 53 4,tails,major,2
2022-10-31T06:48:00Z,309,20 62 37 2 50 31 19 48 13 77 5 42 78 66 79 8 33 74 15 4,heads,minor,3
2022-10-31T06:51:00Z,310,31 72 20 29 28 47 9 18 25 12 16 37 54 10 34 58 48 11 36 45,heads,minor,1
2022-10-31T06:54:00Z,311,69 66 55 59 33 11 16 6 41 15 1 17 31 68 9 61 40 12 2 30,heads,regular,10
2022-10-31T06:57:00Z,312,41 80 44 57 9 74 30 35 73 46 29 2 70 23 27 49 50 25 51 26,tails,regular,3
2022-10-31T07:00:00Z,314,12 36 23 56 34 18 79 11 66 37 1 64 74 8 46 43 42 41 27 14,heads,regular,1
2022-10-31T07:03:00Z,315,64 37 38 60 6 42 66 10 18 51 33 61 75 4 45 22 16 55 48 47,tails,regular,2
2022-10-31T07:06:00Z,316,32 75 14 49 55 42 5 27 33 15 56 23 69 79 47 4 58 7 51 63,tails,regular,3
2022-10-31T07:09:00Z,317,24 66 63 46 69 16 22 73 47 56 71 9 21 80 51 59 75 28 55 58,tails,regular,3
2022-10-31T07:12:00Z,318,33 27 22 10 21 45 16 44 14 57 28 5 18 11 78 19 15 42 47 26,heads,major,3
2022-10-31T07:15:00Z,319,71 19 15 80 70 29 32 45 60 3 9 31 7 67 74 46 64 13 65 14,evens,minor,2
2022-10-31T07:18:00Z,320,52 8 67 66 51 55 64 70 30 76 45 6 10 73 14 12 47 62 50 9,tails,regular,3
2022-10-31T07:21:00Z,321,35 14 34 6 1 7 57 40 48 23 74 41 31 63 61 49 67 26 43 20,heads,regular,3
2022-10-31T07:24:00Z,323,75 20 31 29 10 47 30 40 71 53 73 61 51 39 77 45 70 33 4 8,evens,regular,3
2022-10-31T07:27:00Z,324,14 67 22 36 60 57 54 6 41 2 39 29 77 13 18 11 1 69 20 38,heads,regular,1
2022-10-31T07:30:00Z,325,23 51 24 77 22 59 3 48 63 20 65 75 79 9 72 34 55 60 61 1,tails,regular,1
2022-10-31T07:33:00Z,326,42 19 76 49 27 31 65 46 80 23 62 22 9 54 10 33 1 37 77 64,evens,major,1
2022-10-31T07:36:00Z,327,4 60 80 63 49 15 8 56 37 47 46 45 43 7 44 25 18 61 5 55,tails,regular,1
2022-10-31T07:39:00Z,328,19 62 54 32 40 73 63 65 7 12 14 47 10 6 27 36 24 72 34 64,heads,regular,3
2022-10-31T07:42:00Z,329,80 40 26 77 17 4 60 30 16 70 61 47 31 36 11 35 8 45 1 28,heads,regular,1
2022-10-31T07:45:00Z,330,64 13 53 66 43 74 54 33 63 20 62 22 1 69 65 45 2 57 48 36,tails,major,1
2022-10-31T07:48:00Z,332,70 61 31 68 52 43 2 80 5 66 63 19 35 76 58 21 36 48 10 32,tails,regular,3
2022-10-31T07:51:00Z,333,21 79 38 68 75 9 50 44 39 7 30 15 59 49 3 61 64 62 52 41,tails,regular,1
2022-10-31T07:54:00Z,334,39 77 35 44 64 15 51 46 13 56 43 25 72 37 45 65 18 40 1 12,evens,regular,2
2022-10-31T07:57:00Z,335,38 65 31 39 25 63 68 14 32 28 36 55 51 77 73 17 40 44 24 62,heads,regular,2
2022-10-31T08:00:00Z,336,9 4 58 47 42 79 30 69 48 56 28 31 75 27 45 8 62 76 50 60,tails,regular,3
2022-10-31T08:03:00Z,337,69 13 37 10 17 5 22 35 3 80 50 67 41 64 24 8 55 77 71 79,evens,major,1
2022-10-31T08:06:00Z,338,59 32 34 76 21 18 51 75 12 57 58 16 36 13 38 2 62 14 44 54,heads,minor,4
2022-10-31T08:09:00Z,339,7 78 14 8 2 66 33 47 46 34 4 28 65 73 39 71 16 67 63 35,heads,regular,3
2022-10-31T08:12:00Z,341,65 14 46 68 29 12 49 79 70 75 54 57 63 4 36 8 25 24 2 10,evens,minor,4
2022-10-31T08:15:00Z,342,7 27 18 3 64 49 51 30 2 29 33 47 40 32 15 58 14 71 20 46,heads,regular,1
2022-10-31T08:18:00Z,343,54 41 18 31 56 71 5 80 13 48 25 65 45 38 58 72 1 79 64 28,tails,minor,1
2022-10-31T08:21:00Z,344,60 15 50 33 79 65 75 24 47 11 31 52 39 41 9 4 76 69 36 74,tails,major,1
2022-10-31T08:24:00Z,345,5 13 73 72 49 67 9 43 71 18 3 69 11 76 52 8 63 28 47 64,tails,regular,3
2022-10-31T08:27:00Z,346,50 13 72 14 27 67 52 49 36 63 43 17 24 39 64 48 11 78 60 30,tails,regular,3
2022-10-31T08:30:00Z,347,12 7 32 71 51 39 6 13 45 21 37 29 49 73 67 60 76 35 65 5,heads,minor,1
2022-10-31T08:33:00Z,348,73 37 23 6 42 61 24 2 7 22 71 43 19 29 68 76 18 31 38 50,heads,regular,3
2022-10-31T08:36:00Z,350,76 17 59 63 56 3 41 18 30 48 46 79 61 19 1 55 72 66 45 57,tails,regular,1
2022-10-31T08:39:00Z,351,39 53 27 10 65 13 48 80 60 22 14 40 25 69 28 78 70 42 5 58,evens,regular,2
2022-10-31T08:42:00Z,352,14 51 61 64 2 16 27 15 63 25 26 70 17 59 21 36 6 33 47 58,heads,regular,1
2022-10-31T08:45:00Z,353,66 29 14 31 77 72 19 25 10 69 57 65 18 73 13 16 55 12 6 33,heads,minor,2
2022-10-31T08:48:00Z,354,3 63 58 15 77 30 55 54 31 24 28 9 65 48 8 71 76 68 18 78,tails,regular,1
2022-10-31T08:51:00Z,355,34 7 11 48 18 65 30 72 1 74 38 14 42 62 68 69 4 28 77 17,heads,regular,3
2022-10-31T08:54:00Z,356,11 58 12 18 72 52 57 3 56 35 29 41 25 14 22 76 28 59 23 78,heads,minor,4
2022-10-31T08:57:00Z,357,76 3 34 55 39 10 38 73 62 8 49 40 37 56 47 66 25 24 43 72,evens,regular,3
2022-10-31T09:00:00Z,359,16 79 33 62 41 63 4 59 60 43 52 20 19 12 21 28 38 45 26 17,heads,regular,2
2022-10-31T09:03:00Z,360,71 8 17 64 26 46 42 22 20 11 49 16 56 34 31 78 80 65 72 5,evens,regular,1
2022-10-31T09:06:00Z,361,56 55 14 54 59 4 16 1 79 63 47 42 13 50 22 21 52 60 2 64,tails,regular,3
2022-10-31T09:09:00Z,362,2 50 27 37 24 66 49 31 8 14 30 53 7 1 72 20 73 33 77 78,heads,regular,2
2022-10-31T09:12:00Z,363,71 64 19 72 2 16 13 56 48 29 79 30 65 39 62 63 59 58 20 36,tails,regular,1
2022-10-31T09:15:00Z,364,8 74 47 33 75 7 26 68 78 11 49 10 35 12 31 72 52 38 1 48,heads,regular,2
2022-10-31T09:18:00Z,365,36 78 77 58 61 43 69 39 45 75 15 68 46 10 71 8 19 2 31 23,tails,minor,1
2022-10-31T09:21:00Z,366,59 42 25 29 15 75 27 78 55 79 16 51 49 10 46 2 38 65 67 68,tails,regular,2
2022-10-31T09:24:00Z,368,80 42 79 22 4 29 8 61 65 10 58 7 57 64 68 31 23 24 40 56,evens,regular,1
2022-10-31T09:27:00Z,369,75 79 24 48 5 58 47 53 50 31 59 63 19 33 3 7 34 77 22 69,tails,minor,3
2022-10-31T09:30:00Z,370,40 5 6 3 42 63 47 30 62 43 58 65 36 26 34 22 32 17 79 48,heads,regular,4
2022-10-31T09:33:00Z,371,56 48 23 71 74 63 70 16 28 59 4 19 52 72 35 61 1 36 44 46,tails,regular,2
2022-10-31T09:36:00Z,372,51 67 28 6 71 26 36 62 68 72 45 75 8 56 39 76 27 41 25 30,tails,regular,1
2022-10-31T09:39:00Z,373,43 60 58 31 13 12 39 9 15 46 2 56 20 8 42 29 11 72 53 4,heads,regular,1
2022-10-31T09:42:00Z,374,26 8 51 14 34 63 27 44 33 29 54 47 68 1 72 28 48 40 50 76,evens,regular,1
2022-10-31T09:45:00Z,375,61 73 28 9 45 1 67 68 7 15 33 3 26 69 58 39 14 41 56 35,heads,minor,3
2022-10-31T09:48:00Z,377,6 57 36 48 69 51 16 63 62 25 45 15 55 18 24 1 70 13 28 38,heads,regular,3
2022-10-31T09:51:00Z,378,49 68 8 36 43 17 50 19 2 67 59 57 30 61 3 45 11 33 37 29,heads,minor,2
2022-10-31T09:54:00Z,379,45 70 19 32 73 69 27 62 61 72 1 65 5 3 60 55 59 75 7 53,tails,minor,3
2022-10-31T09:57:00Z,380,41 7 32 35 66 30 3 64 80 74 38 20 12 57 42 21 53 19 34 11,heads,minor,3
2022-10-31T10:00:00Z,381,54 29 14 52 66 68 37 4 47 77 38 26 63 22 16 65 5 60 53 28,evens,regular,3
2022-10-31T10:03:00Z,382,64 11 51 58 5 72 52 76 48 6 79 20 14 75 27 50 61 53 56 41,tails,minor,1
2022-10-31T10:06:00Z,383,74 2 50 4 11 72 25 20 53 58 34 24 27 79 5 76 43 6 57 1,heads,minor,10
2022-10-31T10:09:00Z,384,39 3 5 74 76 60 21 46 6 38 30 73 9 77 67 54 61 56 29 48,tails,major,3
2022-10-31T10:12:00Z,386,42 27 50 71 65 5 32 31 24 28 49 74 18 23 55 7 6 48 20 17,heads,regular,1
2022-10-31T10:15:00Z,387,30 68 46 58 38 51 45 35 60 2 8 73 4 31 40 72 61 41 37 32,evens,minor,1
2022-10-31T10:18:00Z,388,55 61 40 43 62 33 67 29 8 77 57 35 31 37 46 48 1 58 50 51,tails,minor,2
2022-10-31T10:21:00Z,389,72 23 49 22 31 14 44 16 73 27 6 32 51 20 13 53 52 29 55 45,heads,minor,5
2022-10-31T10:24:00Z,390,50 31 29 35 64 21 2 51 56 20 25 19 53 24 61 68 33 17 26 1,heads,regular,1
2022-10-31T10:27:00Z,391,17 20 65 6 54 53 2 75 9 31 12 42 76 44 41 3 21 47 73 45,tails,regular,1
2022-10-31T10:30:00Z,392,1 8 77 17 16 47 18 36 2 34 31 60 6 37 63 64 29 50 13 33,heads,regular,10
2022-10-31T10:33:00Z,393,2 41 16 80 7 67 40 51 35 34 52 32 33 74 38 78 66 64 8 71,evens,minor,2
2022-10-31T10:36:00Z,395,3 38 18 16 72 14 10 63 44 67 78 46 8 20 73 77 21 60 80 69,tails,minor,1
2022-10-31T10:39:00Z,396,57 36 70 62 65 60 18 8 31 79 33 48 26 69 63 64 34 28 67 15,tails,regular,2
2022-10-31T10:42:00Z,397,20 12 19 54 75 66 37 39 1 64 44 52 53 77 67 69 22 62 11 4,tails,major,4
2022-10-31T10:45:00Z,398,36 15 78 52 10 76 25 63 29 64 51 45 62 13 56 12 65 20 42 26,tails,regular,2
2022-10-31T10:48:00Z,399,59 64 49 63 61 66 30 20 78 35 44 19 34 77 54 28 67 75 7 3,tails,regular,2
2022-10-31T10:51:00Z,400,4 72 76 52 39 71 75 78 20 67 53 7 33 58 14 49 18 21 24 29,evens,regular,2
2022-10-31T10:54:00Z,401,48 50 19 8 55 59 10 62 67 5 47 74 68 78 13 61 54 76 45 24,tails,regular,1
2022-10-31T10:57:00Z,402,42 53 66 2 21 29 6 77 80 44 12 72 46 60 11 1 50 5 20 7,evens,major,3
2022-10-31T11:00:00Z,404,51 12 79 34 42 58 18 24 6 59 72 2 71 22 70 35 80 41 5 49,tails,major,4
2022-10-31T11:03:00Z,405,3 14 25 71 79 47 56 32 65 58 60 24 21 4 41 44 16 75 73 66,tails,minor,1
2022-10-31T11:06:00Z,406,52 74 72 43 14 27 26 67 78 73 40 65 31 47 15 70 61 49 54 53,tails,regular,1
2022-10-31T11:09:00Z,407,28 53 33 67 18 55 47 78 14 57 40 77 38 24 56 3 13 62 60 70,tails,major,1
2022-10-31T11:12:00Z,408,24 45 68 41 39 76 43 77 33 11 12 72 19 28 78 47 56 73 25 29,tails,regular,2
2022-10-31T11:15:00Z,409,24 46 64 36 25 77 75 5 41 3 16 22 70 13 38 15 63 59 33 28,heads,regular,2
2022-10-31T11:18:00Z,410,35 72 17 45 48 57 55 69 62 11 32 43 31 18 44 61 76 2 73 58,tails,regular,1
2022-10-31T11:21:00Z,411,39 5 21 16 1 4 80 58 62 29 77 79 2 60 22 35 59 76 74 40,heads,regular,2
2022-10-31T11:24:00Z,413,13 21 51 26 52 12 65 28 69 80 64 31 76 46 45 37 78 17 1 16,evens,regular,1
2022-10-31T11:27:00Z,414,60 66 22 37 69 33 70 17 39 52 59 64 58 32 71 68 75 49 61 40,tails,minor,3
2022-10-31T11:30:00Z,415,17 52 8 47 71 48 51 78 42 7 70 10 16 37 33 63 69 57 60 75,tails,major,1
2022-10-31T11:33:00Z,416,7 65 32 45 57 51 71 11 50 73 6 72 35 44 28 8 22 20 42 12,evens,minor,1
2022-10-31T11:36:00Z,417,23 73 4 70 8 77 78 16 52 72 65 51 69 13 3 35 21 48 25 76,tails,regular,1
2022-10-31T11:39:00Z,418,60 38 55 36 52 13 4 75 30 5 27 3 76 54 11 65 44 63 12 33,heads,regular,3
2022-10-31T11:42:00Z,419,4 71 56 21 25 27 60 80 12 66 33 79 65 70 64 63 16 6 26 2,evens,regular,2
2022-10-31T11:45:00Z,420,76 2 40 62 4 19 49 24 79 55 22 32 75 7 13 11 16 8 21 3,heads,regular,1
2022-10-31T11:48:00Z,422,80 56 19 52 14 25 8 48 36 64 49 9 70 21 30 20 76 18 47 16,heads,regular,4
2022-10-31T11:51:00Z,423,6 35 55 3 14 34 2 29 37 63 47 54 65 79 60 20 21 32 74 38,heads,regular,1
2022-10-31T11:54:00Z,424,76 38 79 54 80 50 13 48 23 53 19 72 61 35 41 43 1 47 2 37,tails,major,3
2022-10-31T11:57:00Z,425,9 62 60 57 37 24 17 4 51 53 23 72 46 32 5 22 11 31 78 14,heads,regular,1
2022-10-31T12:00:00Z,426,65 19 8 18 25 23 50 17 9 1 54 45 59 39 6 53 10 64 56 12,heads,regular,1
2022-10-31T12:03:00Z,427,39 4 30 28 6 40 35 63 80 42 43 23 21 48 58 8 37 75 71 54,heads,minor,10
2022-10-31T12:06:00Z,428,13 72 73 42 76 70 4 41 1 35 71 69 3 46 58 9 79 15 12 55,tails,minor,2
2022-10-31T12:09:00Z,429,62 77 73 41 31 39 11 64 20 44 59 25 65 57 47 74 53 34 68 10,tails,regular,1
2022-10-31T12:12:00Z,431,68 16 52 36 29 26 77 28 35 74 15 24 59 5 54 8 20 41 69 11,heads,regular,1
2022-10-31T12:15:00Z,432,78 66 71 76 30 60 18 32 13 45 58 42 74 64 37 24 3 55 39 56,tails,regular,2
2022-10-31T12:18:00Z,433,7 51 25 20 22 34 40 38 65 48 17 31 61 16 33 44 8 68 60 77,heads,regular,1
2022-10-31T12:21:00Z,434,1 65 20 53 49 10 68 33 46 76 7 73 36 25 60 21 58 16 63 42,tails,regular,2
2022-10-31T12:24:00Z,435,28 10 58 52 9 29 80 78 45 47 42 73 27 38 71 61 4 63 57 62,tails,minor,1
2022-10-31T12:27:00Z,436,76 9 51 38 77 66 52 28 63 33 71 10 16 29 61 15 34 7 8 80,heads,regular,3
2022-10-31T12:30:00Z,437,39 26 19 8 52 11 3 54 44 34 7 21 16 40 47 10 62 68 77 5,heads,minor,1
2022-10-31T12:33:00Z,438,35 23 5 19 70 65 29 2 4 45 71 48 69 42 56 25 12 73 14 20,heads,minor,5
2022-10-31T12:36:00Z,440,75 76 73 74 37 40 72 49 26 47 48 6 13 79 9 59 41 69 52 77,tails,regular,1
2022-10-31T12:39:00Z,441,38 75 51 56 11 28 20 39 12 25 46 78 10 59 71 15 3 34 74 8,heads,regular,2
2022-10-31T12:42:00Z,442,49 35 63 48 33 74 51 54 13 7 68 45 43 61 10 57 80 17 50 69,tails,regular,10
2022-10-31T12:45:00Z,443,53 5 47 2 14 24 66 55 48 15 74 51 43 69 16 31 12 40 7 76,evens,minor,3
2022-10-31T12:48:00Z,444,77 19 22 11 45 80 53 1 18 39 23 57 48 42 67 15 78 47 25 72,tails,regular,2
2022-10-31T12:51:00Z,445,43 79 18 9 61 21 34 51 39 69 64 28 74 54 65 58 47 80 59 56,tails,regular,1
2022-10-31T12:54:00Z,446,58 13 52 48 45 38 69 26 24 60 10 79 11 74 30 73 4 49 12 77,tails,regular,1
2022-10-31T12:57:00Z,447,57 37 6 11 5 18 44 79 80 35 69 26 7 16 32 25 3 64 4 47,heads,regular,3
2022-10-31T13:00:00Z,449,50 13 38 6 68 39 18 25 28 35 16 58 52 9 79 19 67 63 75 66,heads,regular,3
2022-10-31T13:03:00Z,450,45 29 10 18 73 58 14 9 50 1 31 38 70 78 24 26 23 17 35 16,heads,regular,3
2022-10-31T13:06:00Z,451,6 78 69 14 67 72 24 66 39 57 42 36 5 20 62 12 4 38 2 13,heads,regular,3
2022-10-31T13:09:00Z,452,65 7 42 46 1 77 10 80 37 33 29 40 72 21 2 22 39 57 11 69,heads,minor,2
2022-10-31T13:12:00Z,453,25 21 45 41 38 36 39 76 10 50 71 66 5 13 7 30 53 23 56 44,heads,regular,2
2022-10-31T13:15:00Z,454,68 49 80 75 5 12 58 76 74 1 73 59 35 27 56 45 67 46 25 60,tails,minor,3
2022-10-31T13:18:00Z,455,55 63 60 16 67 50 45 37 79 41 52 28 66 65 33 64 36 59 75 38,tails,regular,1
2022-10-31T13:21:00Z,456,23 53 61 66 18 36 17 8 20 14 73 37 45 69 40 28 50 77 49 75,evens,regular,3
2022-10-31T13:24:00Z,458,21 54 15 50 66 23 74 32 33 39 38 58 75 36 60 17 22 20 59 48,heads,regular,2
2022-10-31T13:27:00Z,459,68 58 69 72 65 25 4 50 5 66 54 60 26 27 17 52 75 24 47 73,tails,minor,2
2022-10-31T13:30:00Z,460,9 3 76 60 68 41 27 74 29 62 56 79 61 36 16 30 32 38 64 19,evens,regular,2
2022-10-31T13:33:00Z,461,65 42 74 47 40 77 31 30 50 58 14 18 25 69 53 1 56 79 45 5,tails,regular,1
2022-10-31T13:36:00Z,462,14 6 10 73 76 52 20 45 29 15 27 55 4 18 16 19 43 30 69 24,heads,regular,1
2022-10-31T13:39:00Z,463,60 24 8 73 69 67 68 71 47 48 40 26 25 33 34 3 19 20 5 39,heads,regular,3
2022-10-31T13:42:00Z,464,54 25 6 12 42 60 4 22 26 71 80 52 51 24 48 62 1 46 16 67,tails,minor,4
2022-10-31T13:45:00Z,465,61 14 28 31 19 55 41 71 35 34 20 15 9 18 37 27 64 39 29 77,heads,minor,2
2022-10-31T13:48:00Z,467,33 34 42 24 16 21 62 43 29 69 53 73 19 41 67 7 20 10 36 15,heads,regular,2
2022-10-31T13:51:00Z,468,70 63 34 23 78 71 17 80 76 56 77 60 10 66 64 26 39 67 79 6,tails,regular,2
2022-10-31T13:54:00Z,469,43 42 60 51 24 64 52 63 41 66 20 37 49 57 1 32 69 67 21 6,tails,minor,2
2022-10-31T13:57:00Z,470,37 49 60 15 12 72 22 33 62 10 39 7 27 63 44 41 51 17 47 54,evens,regular,1
2022-10-31T14:00:00Z,471,54 79 67 57 75 40 20 50 26 27 31 11 80 59 43 6 32 19 22 12,heads,regular,2
2022-10-31T14:03:00Z,472,26 33 4 51 38 5 71 68 28 14 17 35 7 59 78 77 44 24 45 70,heads,regular,3
2022-10-31T14:06:00Z,473,37 11 27 16 28 43 59 31 9 51 29 10 69 57 4 17 33 55 53 6,heads,regular,1
2022-10-31T14:09:00Z,474,33 7 17 70 14 18 26 1 28 61 10 51 68 20 72 11 63 58 50 22,heads,minor,2
2022-10-31T14:12:00Z,476,15 11 9 44 79 55 41 58 39 52 2 38 45 26 53 22 78 6 18 69,evens,minor,2
2022-10-31T14:15:00Z,477,37 71 49 20 29 48 73 13 74 58 28 59 25 24 7 39 22 57 9 21,heads,minor,3
2022-10-31T14:18:00Z,478,24 67 31 47 65 68 11 44 53 74 36 54 13 22 18 37 30 73 63 41,tails,minor,2
2022-10-31T14:21:00Z,479,9 54 76 2 28 24 78 73 59 47 30 70 32 68 39 55 36 18 4 52,evens,regular,1
2022-10-31T14:24:00Z,480,74 25 75 12 31 9 50 22 71 32 30 46 69 21 51 39 73 33 5 7,heads,regular,2
2022-10-31T14:27:00Z,481,28 45 57 7 10 33 76 21 73 18 29 67 36 80 31 40 75 24 4 14,heads,regular,1
2022-10-31T14:30:00Z,482,28 74 55 40 57 70 44 16 71 27 37 67 1 5 11 38 13 10 19 62,heads,minor,3
2022-10-31T14:33:00Z,483,1 73 12 46 68 28 57 21 67 78 54 64 61 5 2 9 4 40 63 75,tails,regular,1
2022-10-31T14:36:00Z,485,21 30 43 73 74 46 27 4 78 5 35 69 63 7 59 33 42 60 77 29,tails,regular,2
2022-10-31T14:39:00Z,486,55 58 60 27 5 15 33 26 71 50 19 51 18 23 40 38 32 9 70 53,heads,regular,2
2022-10-31T14:42:00Z,487,62 4 39 3 11 40 71 18 63 65 57 64 9 45 61 67 27 38 77 19,evens,regular,2
2022-10-31T14:45:00Z,488,19 6 35 39 31 32 79 64 76 25 61 23 30 15 65 14 40 80 7 63,heads,regular,3
2022-10-31T14:48:00Z,489,19 45 64 62 22 57 7 28 53 2 74 27 52 20 14 59 11 47 31 35,heads,regular,3
2022-10-31T14:51:00Z,490,54 3 75 19 60 51 72 29 32 13 59 24 7 42 5 26 25 49 27 65,heads,regular,1
2022-10-31T14:54:00Z,491,44 35 45 67 51 77 11 3 17 50 19 42 61 75 15 27 20 26 18 46,evens,regular,2
2022-10-31T14:57:00Z,492,1 59 10 7 76 53 80 44 72 23 60 67 29 37 30 35 26 79 56 40,evens,regular,1
2022-10-31T15:00:00Z,494,69 15 42 57 53 60 23 59 37 28 12 19 77 32 16 45 55 18 34 43,evens,regular,3
2022-10-31T15:03:00Z,495,54 14 29 22 80 62 44 68 25 24 38 3 76 46 13 57 2 56 40 12,heads,regular,1
2022-10-31T15:06:00Z,496,6 37 54 36 71 79 4 50 1 7 31 22 23 74 77 10 48 33 53 16,heads,regular,1
2022-10-31T15:09:00Z,497,60 78 80 35 44 68 73 56 76 46 28 50 47 31 34 15 62 30 45 38,tails,regular,2
2022-10-31T15:12:00Z,498,22 41 56 1 31 62 64 69 14 39 28 40 11 37 19 32 5 13 50 46,heads,major,2
2022-10-31T15:15:00Z,499,17 48 16 79 44 3 20 74 18 69 34 5 65 68 54 47 67 61 8 19,tails,regular,3
2022-10-31T15:18:00Z,500,77 33 65 15 69 52 73 26 40 79 1 44 34 23 62 20 75 10 3 72,evens,regular,1
2022-10-31T15:21:00Z,501,29 57 26 10 18 62 22 11 60 68 73 21 53 15 14 44 61 28 66 35,heads,regular,1
2022-10-31T15:24:00Z,503,67 44 70 29 19 61 24 50 27 57 18 77 33 12 46 54 4 1 79 14,evens,regular,1
2022-10-31T15:27:00Z,504,10 76 73 16 29 32 30 79 33 74 13 80 26 36 62 23 63 47 17 18,heads,regular,1
2022-10-31T15:30:00Z,505,19 26 7 44 57 28 52 39 50 47 15 35 40 24 62 63 17 16 22 53,heads,regular,3
2022-10-31T15:33:00Z,506,28 36 59 14 5 56 1 80 8 16 35 9 61 42 51 65 34 75 63 54,evens,regular,1
2022-10-31T15:36:00Z,507,5 49 74 25 42 68 60 71 31 37 57 33 66 61 2 4 54 64 30 22,tails,regular,1
2022-10-31T15:39:00Z,508,53 34 27 58 51 44 43 7 77 64 8 20 6 30 76 36 73 39 63 23,evens,minor,1
2022-10-31T15:42:00Z,509,63 55 57 73 34 16 33 60 78 75 11 17 66 36 39 15 72 52 29 80,tails,minor,2
2022-10-31T15:45:00Z,510,30 22 25 14 52 49 11 64 29 8 50 13 44 42 31 35 79 67 24 78,heads,major,1
2022-10-31T15:48:00Z,512,72 55 68 40 28 29 38 69 52 75 4 71 80 12 63 73 54 64 21 2,tails,minor,3
2022-10-31T15:51:00Z,513,76 41 54 55 29 22 11 13 36 61 2 43 47 49 75 3 64 63 42 12,tails,regular,2
2022-10-31T15:54:00Z,514,19 44 75 78 22 32 48 53 64 43 18 45 25 58 9 49 10 59 57 14,tails,regular,2
2022-10-31T15:57:00Z,515,66 16 22 47 13 41 65 26 68 61 69 35 80 4 42 21 5 19 39 52,evens,regular,2
2022-10-31T16:00:00Z,516,77 54 20 26 22 73 31 13 5 3 7 59 45 46 71 63 35 8 32 14,heads,major,3
2022-10-31T16:03:00Z,517,57 79 9 77 19 52 10 17 21 23 55 63 69 28 24 65 62 75 39 11,evens,regular,1
2022-10-31T16:06:00Z,518,75 54 77 20 7 58 9 31 5 38 33 78 57 42 72 4 27 67 73 29,evens,minor,3
2022-10-31T16:09:00Z,519,16 73 15 74 8 25 47 48 14 51 30 7 11 33 19 63 12 72 75 44,heads,regular,1
2022-10-31T16:12:00Z,521,2 69 46 25 14 48 4 22 34 67 1 66 41 3 36 61 7 59 8 18,heads,regular,3
2022-10-31T16:15:00Z,522,38 75 78 4 27 31 29 10 39 11 48 69 14 56 18 42 34 28 53 3,heads,regular,3
2022-10-31T16:18:00Z,523,29 56 19 65 46 76 36 2 26 80 43 10 1 33 62 51 21 77 42 41,tails,regular,3
2022-10-31T16:21:00Z,524,12 22 51 68 4 38 42 13 7 59 60 67 15 46 80 10 14 32 33 53,heads,regular,3
2022-10-31T16:24:00Z,525,21 51 77 20 70 30 44 59 42 23 56 11 26 65 22 80 3 57 55 45,tails,regular,3
2022-10-31T16:27:00Z,526,1 34 63 67 31 73 51 24 13 69 39 78 49 42 11 72 62 54 20 33,tails,minor,3
2022-10-31T16:30:00Z,527,21 77 30 79 60 46 61 44 25 37 16 48 1 34 11 9 62 75 64 58,tails,regular,1
2022-10-31T16:33:00Z,528,30 73 18 25 53 76 21 60 77 46 11 80 39 23 45 78 4 37 8 9,heads,regular,1
2022-10-31T16:36:00Z,530,59 28 52 33 38 22 67 37 74 15 72 17 6 71 16 3 24 66 68 61,heads,minor,3
2022-10-31T16:39:00Z,531,47 74 35 76 29 25 27 66 41 9 73 32 31 69 68 63 59 51 50 55,tails,regular,1
2022-10-31T16:42:00Z,532,23 59 32 40 57 63 2 4 38 7 33 66 16 76 80 46 28 78 18 5,heads,regular,2
2022-10-31T16:45:00Z,533,25 48 53 55 60 7 54 52 22 71 41 39 77 8 67 6 79 72 47 78,tails,minor,2
2022-10-31T16:48:00Z,534,25 44 61 34 24 63 77 67 23 4 79 57 69 16 20 62 43 15 64 36,tails,regular,1
2022-10-31T16:51:00Z,535,15 71 34 20 59 17 35 5 28 56 65 27 58 69 21 54 36 40 38 7,heads,regular,1
2022-10-31T16:54:00Z,536,28 16 26 5 51 52 59 25 6 1 46 43 19 60 21 40 49 7 13 9,heads,regular,3
2022-10-31T16:57:00Z,537,45 35 33 41 10 6 25 22 61 8 14 44 36 19 37 40 73 59 16 7,heads,regular,3
2022-10-31T17:00:00Z,539,21 77 79 38 25 70 31 48 59 51 57 6 50 66 28 55 44 76 18 65,tails,regular,1
2022-10-31T17:03:00Z,540,37 8 11 6 67 69 21 61 50 39 25 29 4 74 2 23 5 77 73 36,heads,regular,1
2022-10-31T17:06:00Z,541,69 78 64 67 52 65 49 3 26 55 31 20 25 16 57 10 42 36 61 28,tails,regular,1
2022-10-31T17:09:00Z,542,77 45 38 73 80 16 19 26 72 78 65 32 63 41 17 24 18 66 27 59,tails,regular,10
2022-10-31T17:12:00Z,543,53 54 49 80 38 14 62 5 74 9 32 13 68 31 45 76 56 16 24 22,evens,regular,3
2022-10-31T17:15:00Z,544,47 42 32 72 80 49 37 7 69 33 5 6 36 25 59 10 34 65 77 46,evens,regular,1
2022-10-31T17:18:00Z,545,8 4 69 5 42 40 34 54 13 11 6 1 16 50 49 70 37 30 23 41,heads,regular,10
2022-10-31T17:21:00Z,546,73 31 14 60 58 65 71 52 43 50 4 21 47 18 11 6 72 56 45 32,tails,minor,3
2022-10-31T17:24:00Z,548,3 34 55 61 23 35 29 60 44 67 30 74 54 36 31 78 21 63 13 49,evens,regular,2
2022-10-31T17:27:00Z,549,13 17 21 75 16 49 38 78 36 42 24 44 68 58 67 61 32 73 43 60,tails,regular,5
2022-10-31T17:30:00Z,550,5 39 72 73 75 35 57 63 79 59 2 40 36 22 64 11 38 19 37 6,heads,minor,1
2022-10-31T17:33:00Z,551,66 30 32 42 14 71 6 39 44 9 19 29 50 49 22 46 41 20 58 8,heads,regular,1
2022-10-31T17:36:00Z,552,30 25 12 14 34 27 5 66 58 32 39 7 51 70 75 72 10 19 28 24,heads,regular,1
2022-10-31T17:39:00Z,553,31 13 71 21 50 5 29 40 27 33 32 34 48 7 2 65 53 36 68 61,heads,regular,3
2022-10-31T17:42:00Z,554,77 80 35 72 43 4 27 32 28 44 11 29 9 25 36 37 63 22 52 51,heads,regular,2
2022-10-31T17:45:00Z,555,35 15 26 34 63 50 1 48 70 25 66 46 27 36 80 24 51 10 68 22,heads,regular,1
2022-10-31T17:48:00Z,557,75 73 8 54 11 77 39 43 60 72 38 34 2 21 4 30 22 28 6 17,heads,regular,2
2022-10-31T17:51:00Z,558,33 12 25 42 51 14 79 4 36 53 1 69 46 23 15 54 65 64 16 17,heads,regular,1
2022-10-31T17:54:00Z,559,74 71 40 1 50 28 42 72 36 29 70 27 75 64 19 15 11 67 78 6,evens,regular,2
2022-10-31T17:57:00Z,560,79 16 61 49 5 54 70 15 74 22 78 73 32 41 24 63 64 76 33 75,tails,regular,1
2022-10-31T18:00:00Z,561,8 26 25 39 38 72 63 40 15 54 78 45 32 22 6 20 70 31 59 30,heads,regular,1
2022-10-31T18:03:00Z,562,46 60 32 35 42 11 30 37 22 25 55 80 49 52 70 17 5 63 59 20,evens,regular,2
2022-10-31T18:06:00Z,563,45 50 28 8 49 56 35 2 69 42 65 41 23 74 60 21 36 43 37 72,tails,minor,3
2022-10-31T18:09:00Z,564,26 79 49 61 9 8 64 38 76 36 4 1 37 33 56 51 29 18 7 41,heads,regular,1
2022-10-31T18:12:00Z,566,35 80 32 79 7 61 30 63 9 38 23 34 14 67 11 53 51 72 62 24,heads,regular,2
2022-10-31T18:15:00Z,567,67 17 73 4 37 43 70 65 32 42 61 57 7 62 15 5 55 52 35 48,tails,minor,1
2022-10-31T18:18:00Z,568,74 53 49 64 13 8 66 80 14 79 22 20 3 72 75 54 32 6 56 41,tails,regular,3
2022-10-31T18:21:00Z,569,48 28 35 57 26 2 49 68 23 4 79 46 55 8 7 69 45 25 41 11,evens,regular,3
2022-10-31T18:24:00Z,570,50 4 58 64 21 24 22 15 68 57 51 13 29 26 2 47 49 56 11 71,evens,regular,2
2022-10-31T18:27:00Z,571,79 35 25 29 49 54 76 19 60 18 73 10 72 16 13 27 51 9 8 50,heads,regular,1
2022-10-31T18:30:00Z,572,42 73 45 4 36 34 2 14 3 7 77 54 37 56 33 23 22 24 32 80,heads,regular,1
2022-10-31T18:33:00Z,573,3 78 43 32 40 51 1 50 56 6 25 61 60 65 29 26 2 47 62 24,evens,regular,3
2022-10-31T18:36:00Z,575,12 2 4 36 56 33 65 19 44 17 7 49 14 27 35 51 32 47 69 74,heads,regular,1
2022-10-31T18:39:00Z,576,38 72 70 54 18 80 43 53 29 7 20 48 78 12 59 75 10 8 6 26,evens,major,2
2022-10-31T18:42:00Z,577,6 27 32 69 18 1 61 80 22 67 16 36 53 59 78 26 48 42 60 79,tails,regular,2
2022-10-31T18:45:00Z,578,5 37 47 80 28 30 71 42 70 52 4 35 13 33 67 63 60 74 1 31,evens,regular,2
2022-10-31T18:48:00Z,579,69 46 58 68 30 41 17 38 16 15 39 42 75 23 57 1 3 14 33 40,heads,major,1
2022-10-31T18:51:00Z,580,55 75 8 32 23 65 42 74 28 26 11 12 36 64 13 45 16 78 34 79,heads,regular,3
2022-10-31T18:54:00Z,581,4 64 17 29 33 68 76 51 25 57 71 62 41 9 21 26 38 61 47 23,evens,minor,10
2022-10-31T18:57:00Z,582,55 41 61 58 43 63 1 6 24 19 27 3 25 10 37 46 13 26 16 23,heads,regular,3
2022-10-31T19:00:00Z,584,25 28 33 48 69 43 63 24 78 74 32 21 7 42 17 20 3 53 51 47,evens,regular,1
2022-10-31T19:03:00Z,585,77 30 71 7 2 41 69 57 10 14 47 44 38 61 19 26 66 31 40 43,evens,minor,1
2022-10-31T19:06:00Z,586,75 6 64 76 52 50 79 61 36 57 60 63 44 25 56 3 78 30 66 47,tails,regular,3
2022-10-31T19:09:00Z,587,70 3 62 74 65 53 55 73 31 59 38 43 68 30 50 4 78 66 28 60,tails,regular,2
2022-10-31T19:12:00Z,588,61 55 62 25 43 18 59 34 27 33 80 57 42 44 22 73 66 11 54 77,tails,regular,1
2022-10-31T19:15:00Z,589,77 70 32 40 73 10 43 46 67 72 34 25 18 31 22 7 8 39 57 9,heads,regular,2
2022-10-31T19:18:00Z,590,34 27 48 75 21 3 18 54 70 16 14 44 65 41 38 69 5 72 22 7,heads,major,1
2022-10-31T19:21:00Z,591,78 20 13 23 41 2 52 21 5 64 29 48 35 24 18 73 58 70 37 36,heads,regular,1
2022-10-31T19:24:00Z,593,38 34 1 26 4 49 17 3 27 9 25 74 75 73 24 50 72 18 60 57,heads,regular,1
2022-10-31T19:27:00Z,594,11 19 55 67 27 13 52 24 21 53 57 68 51 31 35 49 43 29 2 7,heads,regular,2
2022-10-31T19:30:00Z,595,47 15 62 74 76 16 50 2 5 70 72 18 55 27 60 36 17 14 37 69,evens,regular,2
2022-10-31T19:33:00Z,596,14 20 34 66 9 46 13 22 58 62 77 50 3 47 71 23 35 4 78 60,evens,regular,1
2022-10-31T19:36:00Z,597,31 18 40 11 43 16 57 1 56 25 59 54 28 33 46 23 42 58 14 13,heads,regular,2
2022-10-31T19:39:00Z,598,65 52 33 57 26 53 34 12 77 70 4 46 48 40 29 9 62 8 72 67,tails,regular,2
2022-10-31T19:42:00Z,599,36 46 59 42 58 74 49 61 68 41 2 24 33 71 27 13 7 10 54 73,tails,major,4
2022-10-31T19:45:00Z,600,62 56 14 73 5 54 49 60 13 44 70 48 15 28 75 16 76 27 45 53,tails,regular,1
2022-10-31T19:48:00Z,602,7 44 53 74 65 11 60 46 68 13 38 2 62 17 63 8 57 4 75 12,tails,regular,3
2022-10-31T19:51:00Z,603,35 56 46 40 63 77 22 23 17 36 43 13 74 9 52 27 20 33 42 3,heads,regular,2
2022-10-31T19:54:00Z,604,34 15 5 23 31 35 10 22 65 36 20 21 49 51 79 43 58 52 33 75,heads,regular,3
2022-10-31T19:57:00Z,605,68 67 26 38 18 72 61 1 80 2 78 25 74 4 54 3 13 29 63 40,heads,regular,3
2022-10-31T20:00:00Z,606,61 28 30 7 27 64 60 53 50 67 34 12 14 9 6 62 1 3 47 42,heads,regular,1
2022-10-31T20:03:00Z,607,14 60 26 72 10 55 74 66 37 23 52 77 29 28 15 5 78 4 25 79,heads,minor,3
2022-10-31T20:06:00Z,608,74 30 21 4 19 2 40 37 10 17 12 5 31 32 46 57 70 62 33 28,heads,regular,1
2022-10-31T20:09:00Z,609,78 57 3 7 15 55 18 39 27 21 22 11 32 42 26 54 13 17 4 38,heads,regular,1
2022-10-31T20:12:00Z,611,55 48 52 18 70 64 25 68 51 23 6 73 74 24 14 79 47 44 26 30,tails,regular,3
2022-10-31T20:15:00Z,612,66 14 80 7 23 74 10 36 22 69 28 67 16 25 47 39 18 65 49 73,heads,regular,1
2022-10-31T20:18:00Z,613,79 17 76 22 12 67 42 18 80 61 3 40 29 19 25 68 46 38 1 32,heads,regular,2
2022-10-31T20:21:00Z,614,45 42 78 79 8 53 32 76 49 40 12 67 36 66 59 23 43 15 30 22,tails,regular,2
2022-10-31T20:24:00Z,615,57 55 23 15 78 22 29 56 59 30 75 16 32 2 45 34 10 3 36 27,heads,major,3
2022-10-31T20:27:00Z,616,49 67 15 65 19 69 56 52 53 12 47 43 23 70 6 16 75 33 9 32,tails,minor,2
2022-10-31T20:30:00Z,617,21 38 9 50 26 55 69 76 52 59 62 25 58 46 3 10 49 60 29 36,tails,regular,3
2022-10-31T20:33:00Z,618,51 47 37 70 17 63 65 67 6 76 34 18 1 56 50 60 43 66 15 22,tails,regular,2
2022-10-31T20:36:00Z,620,75 24 39 54 35 56 29 7 5 47 44 74 78 23 25 64 71 38 53 67,tails,regular,1
2022-10-31T20:39:00Z,621,32 45 73 27 21 23 44 53 58 33 51 14 25 24 19 72 38 5 78 36,heads,regular,2
2022-10-31T20:42:00Z,622,23 33 26 49 80 22 19 12 35 72 34 3 14 17 59 60 37 77 73 27,heads,minor,4
2022-10-31T20:45:00Z,623,33 62 60 12 31 11 56 3 42 19 22 49 23 25 50 8 20 35 21 68,heads,regular,3
2022-10-31T20:48:00Z,624,51 10 54 45 64 23 21 16 36 79 55 77 12 7 69 9 32 1 70 46,evens,regular,2
2022-10-31T20:51:00Z,625,49 24 36 29 12 61 23 67 60 35 5 52 72 47 39 18 31 38 63 32,heads,minor,1
2022-10-31T20:54:00Z,626,33 69 15 63 32 23 43 64 48 2 57 54 24 78 62 19 53 79 22 28,tails,minor,2
2022-10-31T20:57:00Z,627,79 64 54 24 16 3 49 27 48 38 74 7 28 19 56 39 66 20 45 26,heads,regular,5
2022-10-31T21:00:00Z,629,11 10 46 49 1 22 64 24 76 17 7 66 32 54 55 35 15 47 2 62,heads,regular,1
2022-10-31T21:03:00Z,630,1 33 75 74 6 69 16 11 10 29 41 5 42 64 34 71 78 21 65 45,evens,minor,4
2022-10-31T21:06:00Z,631,23 72 14 44 49 34 50 68 36 11 3 25 65 8 67 16 57 61 56 10,evens,minor,4
2022-10-31T21:09:00Z,632,42 39 35 79 53 72 34 78 28 55 25 12 4 1 14 45 66 38 75 20,heads,regular,1
2022-10-31T21:12:00Z,633,73 31 18 47 30 38 32 11 17 52 6 8 68 71 80 75 4 66 61 15,heads,regular,2
2022-10-31T21:15:00Z,634,59 36 31 8 42 38 53 76 20 49 15 77 11 17 72 45 75 26 33 23,heads,major,2
2022-10-31T21:18:00Z,635,16 39 53 61 65 45 42 56 63 51 36 55 30 35 59 31 4 41 12 47,tails,regular,3
2022-10-31T21:21:00Z,636,66 48 32 11 79 74 56 12 24 80 60 51 46 59 9 13 21 28 38 3,evens,regular,2
2022-10-31T21:24:00Z,638,11 15 79 3 10 66 21 12 8 4 48 9 29 55 72 35 63 22 38 78,heads,regular,1
2022-10-31T21:27:00Z,639,21 3 56 10 70 18 28 31 33 25 32 34 19 46 74 69 58 61 35 59,heads,regular,5
2022-10-31T21:30:00Z,640,58 78 20 6 23 4 47 41 40 5 36 29 72 57 3 64 30 35 49 45,heads,minor,2
2022-10-31T21:33:00Z,641,76 70 59 45 75 62 41 50 54 63 16 14 5 10 60 71 12 20 69 37,tails,regular,1
2022-10-31T21:36:00Z,642,20 11 13 6 19 53 8 9 1 77 16 10 30 78 62 57 69 39 32 72,heads,minor,1
2022-10-31T21:39:00Z,643,40 77 56 25 69 20 30 41 60 21 46 18 27 67 3 15 74 48 76 5,evens,regular,1
2022-10-31T21:42:00Z,644,41 57 64 44 11 35 8 74 51 62 78 63 39 20 10 61 67 15 4 75,tails,regular,1
2022-10-31T21:45:00Z,645,28 52 76 46 70 66 56 51 19 31 54 62 60 80 73 7 67 72 20 63,tails,regular,1
2022-10-31T21:48:00Z,647,56 15 51 73 68 59 49 53 70 63 12 71 60 2 8 62 27 5 52 14,tails,regular,3
2022-10-31T21:51:00Z,648,58 59 24 45 77 65 51 36 41 60 72 76 63 42 22 26 62 52 8 46,tails,regular,1
2022-10-31T21:54:00Z,649,64 8 48 1 52 18 34 11 46 43 44 26 45 3 55 15 33 40 42 16,heads,regular,2
2022-10-31T21:57:00Z,650,41 2 39 57 56 12 69 53 28 32 71 55 62 64 58 67 49 34 47 66,tails,regular,1
2022-10-31T22:00:00Z,651,35 14 36 39 50 73 44 28 70 38 23 18 71 19 17 2 7 60 67 29,heads,regular,3
2022-10-31T22:03:00Z,652,22 25 4 60 20 18 10 31 79 59 51 41 63 47 43 16 58 80 28 49,tails,regular,3
2022-10-31T22:06:00Z,653,34 75 55 50 24 3 18 42 56 68 74 72 16 62 73 9 78 2 8 49,tails,minor,2
2022-10-31T22:09:00Z,654,74 35 62 13 70 22 16 73 12 57 17 61 28 63 7 42 9 45 3 41,evens,regular,3
2022-10-31T22:12:00Z,656,61 49 53 39 34 68 35 55 54 19 13 79 52 69 71 44 14 40 26 74,tails,minor,1
2022-10-31T22:15:00Z,657,22 50 59 64 49 69 25 67 4 66 74 51 39 47 63 6 70 72 73 16,tails,regular,2
2022-10-31T22:18:00Z,658,49 44 20 73 79 28 23 74 33 69 72 16 40 46 70 21 3 34 65 76,tails,major,2
2022-10-31T22:21:00Z,659,54 13 1 3 61 56 29 21 76 79 71 43 75 11 6 49 17 67 23 46,tails,regular,2
2022-10-31T22:24:00Z,660,75 46 56 17 34 77 23 33 60 6 14 71 78 40 3 25 73 50 41 18,evens,regular,2
2022-10-31T22:27:00Z,661,71 16 19 43 14 56 32 47 30 28 57 55 35 15 7 49 18 64 80 17,heads,regular,2
2022-10-31T22:30:00Z,662,62 12 36 67 34 21 28 33 1 60 49 5 74 23 6 66 63 13 54 14,heads,minor,10
2022-10-31T22:33:00Z,663,20 52 37 36 16 26 60 45 56 49 12 15 10 71 79 46 19 70 24 18,heads,regular,3
2022-10-31T22:36:00Z,665,31 68 40 23 51 36 77 26 47 22 34 46 6 59 7 79 17 27 80 60,heads,regular,2
2022-10-31T22:39:00Z,666,23 52 24 70 65 49 27 22 38 11 67 8 62 2 64 46 53 39 7 63,evens,regular,1
2022-10-31T22:42:00Z,667,11 49 40 59 70 67 25 19 72 6 47 51 56 2 4 16 50 48 8 27,evens,minor,5
2022-10-31T22:45:00Z,668,67 25 34 46 22 5 14 64 30 71 26 63 12 78 44 15 37 11 47 50,heads,regular,3
2022-10-31T22:48:00Z,669,60 80 41 5 54 57 78 19 25 38 79 64 53 8 73 14 59 31 4 47,tails,minor,2
2022-10-31T22:51:00Z,670,78 26 1 2 75 17 35 40 6 16 43 23 55 8 41 53 58 15 61 80,heads,regular,1
2022-10-31T22:54:00Z,671,63 78 35 52 38 53 76 16 31 51 44 39 33 59 36 55 69 22 71 8,tails,regular,1
2022-10-31T22:57:00Z,672,8 38 32 21 79 3 76 68 37 1 66 25 74 72 54 28 55 51 77 26,evens,regular,3
2022-10-31T23:00:00Z,674,78 66 29 70 11 76 10 14 17 68 52 3 56 61 7 47 30 26 9 57,evens,minor,3
2022-10-31T23:03:00Z,675,70 24 71 49 60 14 52 67 54 64 35 46 44 27 68 6 56 74 38 50,tails,regular,1
2022-10-31T23:06:00Z,676,10 60 15 55 77 37 1 9 11 61 76 23 49 40 39 29 26 5 20 57,heads,minor,2
2022-10-31T23:09:00Z,677,28 63 2 10 37 20 21 55 65 27 76 6 72 79 25 23 13 17 68 29,heads,regular,1
2022-10-31T23:12:00Z,678,25 23 10 36 19 28 76 72 41 40 61 63 9 35 13 1 27 44 67 55,heads,minor,3
2022-10-31T23:15:00Z,679,54 64 72 20 55 11 78 51 71 61 6 45 59 36 25 27 24 40 14 18,evens,regular,1
2022-10-31T23:18:00Z,680,4 61 37 22 79 66 45 23 33 50 77 52 36 32 69 48 3 16 47 1,evens,regular,2
2022-10-31T23:21:00Z,681,57 52 71 19 8 42 56 21 43 38 7 27 25 77 47 48 6 50 53 65,tails,regular,1
2022-10-31T23:24:00Z,683,34 20 22 7 4 31 66 47 1 26 19 10 46 23 43 72 35 70 25 79,heads,major,2
2022-10-31T23:27:00Z,684,60 55 79 10 6 20 62 53 64 26 76 28 46 1 34 69 12 30 24 77,evens,minor,1
2022-10-31T23:30:00Z,685,24 39 4 34 10 44 17 59 18 56 55 13 43 15 80 26 49 47 70 46,evens,regular,2
2022-10-31T23:33:00Z,686,58 76 41 6 68 61 23 56 67 31 9 35 63 8 17 71 79 5 22 25,evens,regular,3
2022-10-31T23:36:00Z,687,65 36 15 2 46 42 34 14 31 3 58 68 51 18 35 24 8 55 76 25,heads,minor,1
2022-10-31T23:39:00Z,688,64 59 38 18 77 80 55 30 79 33 16 67 4 5 47 71 72 2 44 6,tails,regular,3
2022-10-31T23:42:00Z,689,60 35 48 22 76 15 51 26 46 21 24 59 12 29 57 39 7 45 63 49,evens,minor,2
2022-10-31T23:45:00Z,690,49 5 21 59 77 38 16 56 79 7 32 44 37 31 17 13 28 22 25 47,heads,minor,2
2022-10-31T23:48:00Z,692,4 18 79 19 37 62 35 47 40 24 12 28 60 1 42 49 17 50 6 13,heads,minor,1
2022-10-31T23:51:00Z,693,23 16 71 77 79 34 39 72 14 41 11 30 57 21 47 74 67 69 2 26,evens,regular,3
2022-10-31T23:54:00Z,694,37 56 49 13 50 10 29 55 77 15 65 63 78 20 4 39 36 73 60 33,evens,regular,4
2022-10-31T23:57:00Z,695,7 32 42 40 35 37 31 70 12 60 24 33 73 17 71 39 26 51 77 11,heads,major,1
