drawingDate,externalId,numbers,headsTails,jackpotLevel,bonusFactor
2022-12-01T00:00:00Z,912,35 70 8 19 16 65 42 38 37 33 41 75 61 12 27 39 26 17 13 23,heads,minor,1
2022-12-01T00:03:00Z,913,2 17 18 46 57 63 15 5 70 51 67 29 9 64 42 52 56 27 30 76,tails,regular,3
2022-12-01T00:06:00Z,914,48 39 18 71 50 75 66 30 72 67 68 46 10 24 5 25 69 19 17 74,tails,major,1
2022-12-01T00:09:00Z,915,54 32 61 3 76 77 39 69 12 1 13 72 78 51 36 60 27 65 16 8,evens,minor,3
2022-12-01T00:12:00Z,917,76 43 23 56 72 70 62 7 16 33 44 38 1 3 79 58 32 6 2 8,heads,regular,3
2022-12-01T00:15:00Z,918,45 49 26 25 43 13 80 34 20 72 37 68 10 17 53 5 42 62 71 58,tails,major,4
2022-12-01T00:18:00Z,919,27 25 18 20 76 8 12 75 42 4 1 7 17 19 29 41 38 61 6 34,heads,regular,3
2022-12-01T00:21:00Z,920,37 60 34 55 40 36 59 49 12 57 9 54 13 64 25 39 11 5 74 50,heads,regular,1
2022-12-01T00:24:00Z,921,54 61 10 62 64 8 43 41 60 22 72 73 50 11 29 20 74 66 53 27,tails,regular,2
2022-12-01T00:27:00Z,922,66 9 7 16 47 63 61 67 10 36 24 31 1 45 42 39 71 23 64 4,heads,regular,3
2022-12-01T00:30:00Z,923,26 30 72 29 35 28 65 5 37 68 41 1 3 54 77 18 43 2 79 51,heads,major,2
2022-12-01T00:33:00Z,924,75 11 60 72 16 71 13 35 67 57 44 74 29 12 39 8 73 49 66 51,tails,regular,1
2022-12-01T00:36:00Z,926,47 37 54 77 42 49 50 38 34 66 60 70 72 30 73 67 39 28 4 31,tails,regular,2
2022-12-01T00:39:00Z,927,57 62 77 50 49 17 53 70 63 2 19 72 7 56 51 73 11 12 58 15,tails,minor,1
2022-12-01T00:42:00Z,928,63 13 71 21 48 67 11 3 30 58 45 23 54 22 34 74 12 72 17 4,heads,minor,2
2022-12-01T00:45:00Z,929,34 57 62 7 78 74 17 65 23 79 32 44 25 66 11 73 35 46 37 41,tails,regular,2
2022-12-01T00:48:00Z,930,5 59 9 57 78 56 31 18 75 37 50 10 51 62 67 29 3 35 76 12,evens,regular,1
2022-12-01T00:51:00Z,931,38 51 11 63 56 41 1 18 53 77 27 76 4 65 70 34 58 36 49 3,tails,regular,1
2022-12-01T00:54:00Z,932,61 64 40 36 59 38 16 33 41 1 35 78 72 52 73 7 76 3 74 65,tails,regular,3
2022-12-01T00:57:00Z,933,31 74 35 15 78 22 4 80 53 57 71 1 38 6 28 7 3 49 10 75,heads,regular,1
2022-12-01T01:00:00Z,935,65 26 23 18 3 55 47 40 59 57 38 8 77 35 10 56 68 75 73 37,evens,regular,3
2022-12-01T01:03:00Z,936,39 38 43 33 45 1 31 70 76 41 12 30 74 28 63 59 66 34 65 54,tails,regular,1
2022-12-01T01:06:00Z,937,14 54 74 36 9 80 46 3 2 4 12 15 50 48 8 18 55 26 68 41,heads,regular,2
2022-12-01T01:09:00Z,938,66 80 19 58 7 17 1 30 65 21 56 24 22 35 15 4 26 73 49 18,heads,regular,1
2022-12-01T01:12:00Z,939,39 41 56 35 31 12 60 72 47 14 3 38 32 70 24 64 53 10 30 77,heads,minor,1
2022-12-01T01:15:00Z,940,25 3 73 49 50 71 60 2 4 34 36 66 24 5 59 14 17 68 29 26,heads,regular,1
2022-12-01T01:18:00Z,941,61 6 54 31 64 13 23 8 56 55 46 36 41 34 79 12 45 1 48 42,tails,regular,1
2022-12-01T01:21:00Z,942,53 10 12 7 56 61 72 70 39 18 22 1 11 8 5 43 55 13 46 49,heads,regular,1
2022-12-01T01:24:00Z,944,53 65 71 59 51 80 56 41 72 73 50 20 8 23 31 46 57 33 13 29,tails,minor,3
2022-12-01T01:27:00Z,945,53 71 59 73 42 29 7 35 65 15 44 70 3 38 45 39 76 77 30 47,tails,regular,3
2022-12-01T01:30:00Z,946,42 10 47 72 52 64 15 44 76 78 60 14 61 55 69 51 11 35 63 70,tails,regular,3
2022-12-01T01:33:00Z,947,66 77 44 9 72 35 34 80 10 21 19 40 75 52 79 57 24 71 14 16,evens,minor,1
2022-12-01T01:36:00Z,948,34 59 42 6 43 74 63 51 46 75 78 54 66 45 28 31 4 26 1 65,tails,regular,3
2022-12-01T01:39:00Z,949,1 20 5 66 21 12 55 33 22 8 13 26 62 58 25 42 46 76 36 14,heads,major,2
2022-12-01T01:42:00Z,950,2 15 4 39 71 34 20 79 41 73 11 16 33 5 53 17 12 63 65 48,heads,major,2
2022-12-01T01:45:00Z,951,8 18 41 24 61 22 64 76 20 29 63 58 43 44 60 68 25 45 56 49,tails,minor,1
2022-12-01T01:48:00Z,953,15 9 36 7 38 1 64 16 76 70 12 77 20 47 50 6 56 55 37 59,heads,minor,1
2022-12-01T01:51:00Z,954,30 29 79 22 62 46 45 28 70 50 38 53 34 44 19 60 6 78 65 69,tails,regular,10
2022-12-01T01:54:00Z,955,78 54 72 21 9 12 60 79 22 25 5 61 66 23 67 71 68 17 26 49,tails,regular,2
2022-12-01T01:57:00Z,956,74 19 33 50 61 67 78 44 24 51 46 31 8 2 38 41 10 1 26 65,evens,minor,4
2022-12-01T02:00:00Z,957,67 13 40 10 17 33 75 62 8 44 7 19 2 59 35 60 16 9 71 78,heads,major,1
2022-12-01T02:03:00Z,958,8 31 78 32 25 13 44 3 76 72 41 69 59 45 6 21 11 42 64 29,evens,minor,4
2022-12-01T02:06:00Z,959,77 4 54 22 78 32 50 59 46 9 57 8 76 66 18 27 64 52 39 49,tails,regular,1
2022-12-01T02:09:00Z,960,68 43 33 26 75 79 74 48 62 47 34 1 52 72 10 65 59 76 4 12,tails,minor,2
2022-12-01T02:12:00Z,962,41 73 48 62 37 8 1 75 71 17 49 20 42 33 65 61 50 64 74 22,tails,minor,3
2022-12-01T02:15:00Z,963,44 74 27 59 3 42 49 10 7 26 25 65 60 38 58 24 12 32 20 30,heads,regular,5
2022-12-01T02:18:00Z,964,46 64 17 42 73 23 22 68 26 80 55 45 39 53 18 61 4 54 35 10,tails,minor,1
2022-12-01T02:21:00Z,965,8 7 4 30 34 21 80 20 12 61 10 38 5 50 75 73 74 76 11 2,heads,regular,1
2022-12-01T02:24:00Z,966,8 21 3 1 31 66 40 55 9 16 44 38 70 65 57 12 69 13 68 39,heads,major,1
2022-12-01T02:27:00Z,967,28 41 25 73 52 17 29 8 36 24 54 62 66 63 39 43 55 34 31 44,evens,regular,3
2022-12-01T02:30:00Z,968,71 78 73 46 24 58 45 75 54 52 9 2 47 76 14 13 4 6 10 5,tails,regular,1
2022-12-01T02:33:00Z,969,7 4 2 34 27 77 45 78 54 71 35 44 8 51 49 75 17 28 6 73,evens,major,1
2022-12-01T02:36:00Z,971,38 67 49 29 35 10 70 56 5 26 17 78 69 76 33 66 34 6 3 24,heads,regular,2
2022-12-01T02:39:00Z,972,57 70 73 69 14 68 55 64 26 2 75 8 54 74 49 76 37 11 10 5,tails,regular,1
2022-12-01T02:42:00Z,973,55 34 14 54 40 56 45 7 37 4 44 72 64 30 39 21 1 15 8 61,heads,major,2
2022-12-01T02:45:00Z,974,51 71 4 15 16 33 14 40 11 76 34 74 25 5 31 17 68 52 65 69,heads,regular,2
2022-12-01T02:48:00Z,975,13 45 54 5 52 15 37 43 7 12 56 8 42 29 31 48 66 17 64 51,evens,regular,1
2022-12-01T02:51:00Z,976,50 38 59 58 34 60 7 65 40 80 47 27 26 39 4 12 67 76 75 49,tails,minor,3
2022-12-01T02:54:00Z,977,12 59 32 5 76 31 40 55 13 62 6 34 69 46 26 29 71 1 72 21,heads,minor,2
2022-12-01T02:57:00Z,978,26 6 62 76 9 58 31 5 71 10 13 50 36 4 21 53 52 70 39 7,heads,regular,5
2022-12-01T03:00:00Z,980,27 43 57 50 11 69 34 60 6 21 51 35 15 30 77 48 3 39 76 79,evens,regular,1
2022-12-01T03:03:00Z,981,79 75 3 58 64 19 21 42 74 45 66 47 49 70 7 46 39 11 6 80,tails,regular,1
2022-12-01T03:06:00Z,982,66 8 11 26 12 55 6 21 17 45 3 51 50 43 48 67 30 24 1 14,heads,minor,1
2022-12-01T03:09:00Z,983,1 59 80 21 78 72 56 25 17 57 27 13 52 71 37 12 14 20 28 26,heads,minor,2
2022-12-01T03:12:00Z,984,74 62 60 35 69 56 10 13 24 79 75 63 49 51 46 7 54 15 28 67,tails,minor,2
2022-12-01T03:15:00Z,985,77 16 57 23 12 78 54 26 7 15 49 33 66 2 37 61 51 34 80 71,evens,regular,2
2022-12-01T03:18:00Z,986,57 4 53 71 15 22 33 45 67 20 14 59 61 1 6 17 70 74 65 41,tails,regular,2
2022-12-01T03:21:00Z,987,74 9 75 40 53 66 34 10 61 41 21 28 73 67 29 80 13 26 17 27,heads,minor,2
2022-12-01T03:24:00Z,989,62 67 1 76 6 31 27 42 18 28 16 21 13 65 17 33 56 75 73 37,heads,major,2
2022-12-01T03:27:00Z,990,66 65 34 61 37 45 27 67 8 78 79 55 22 43 12 47 71 33 40 46,tails,regular,10
2022-12-01T03:30:00Z,991,30 19 52 4 40 12 39 11 69 50 1 42 60 21 62 2 37 18 23 67,heads,major,1
2022-12-01T03:33:00Z,992,36 80 5 42 73 23 22 39 43 29 50 9 19 74 45 46 79 41 25 17,evens,regular,1
2022-12-01T03:36:00Z,993,33 23 45 35 52 37 13 67 47 41 3 12 17 36 63 15 72 14 39 22,heads,regular,1
2022-12-01T03:39:00Z,994,63 26 66 45 24 76 54 17 9 33 2 37 58 5 31 41 70 59 75 62,tails,minor,1
2022-12-01T03:42:00Z,995,53 40 33 31 39 60 46 75 21 6 29 13 34 18 1 68 80 38 52 79,heads,regular,3
2022-12-01T03:45:00Z,996,76 61 26 2 32 54 16 22 80 31 8 40 33 21 58 63 53 70 38 67,heads,major,4
2022-12-01T03:48:00Z,998,66 22 72 58 54 43 5 10 32 55 26 77 33 20 4 17 12 8 75 13,heads,regular,2
2022-12-01T03:51:00Z,999,57 68 15 33 24 17 53 36 19 6 22 62 12 72 16 26 31 14 11 34,heads,regular,1
2022-12-01T03:54:00Z,1,19 70 73 60 67 69 9 11 62 58 38 8 77 31 80 21 44 55 68 30,tails,regular,3
2022-12-01T03:57:00Z,2,39 32 13 25 74 73 61 51 66 16 7 58 21 57 12 14 46 35 53 70,evens,minor,10
2022-12-01T04:00:00Z,3,1 20 55 16 29 73 37 60 76 4 14 80 15 2 17 5 18 25 38 51,heads,regular,1
2022-12-01T04:03:00Z,4,57 71 21 6 28 63 9 41 78 1 51 5 61 30 11 13 27 42 16 49,heads,major,2
2022-12-01T04:06:00Z,5,31 21 12 73 19 18 63 47 67 29 38 78 10 23 43 69 42 46 37 27,heads,minor,1
2022-12-01T04:09:00Z,6,37 26 44 27 77 24 38 42 14 3 19 72 34 65 62 60 68 64 13 9,heads,regular,2
2022-12-01T04:12:00Z,8,36 61 65 45 53 37 79 72 1 77 66 33 24 25 48 74 57 21 75 41,tails,regular,1
2022-12-01T04:15:00Z,9,25 4 30 72 11 70 6 24 51 7 59 29 38 55 45 28 18 31 77 62,heads,minor,2
2022-12-01T04:18:00Z,10,53 51 77 44 65 11 71 79 14 13 39 69 30 10 47 55 20 48 68 38,tails,regular,1
2022-12-01T04:21:00Z,11,4 17 35 48 68 26 2 54 20 66 8 57 22 30 19 76 28 3 70 15,heads,regular,2
2022-12-01T04:24:00Z,12,55 67 46 54 10 19 78 18 59 24 36 70 60 61 20 27 38 5 3 47,evens,regular,1
2022-12-01T04:27:00Z,13,78 71 79 22 65 52 77 61 13 4 31 74 36 33 23 1 27 37 53 43,evens,regular,2
2022-12-01T04:30:00Z,14,56 58 19 1 2 29 3 42 20 27 74 66 59 70 7 54 51 80 16 28,evens,regular,1
2022-12-01T04:33:00Z,15,13 73 47 75 36 20 52 38 76 30 79 17 58 16 23 65 68 62 35 25,evens,regular,1
2022-12-01T04:36:00Z,17,60 17 1 31 75 48 59 61 43 71 38 76 65 6 30 24 80 15 9 55,tails,regular,2
2022-12-01T04:39:00Z,18,35 9 33 63 74 8 26 53 64 24 46 58 41 7 70 16 10 25 66 36,heads,major,2
2022-12-01T04:42:00Z,19,76 44 26 23 73 51 77 62 21 48 20 38 33 60 4 61 42 18 69 13,tails,regular,3
2022-12-01T04:45:00Z,20,41 15 39 59 58 56 13 55 63 28 45 32 80 53 48 64 19 24 16 66,tails,minor,1
2022-12-01T04:48:00Z,21,27 16 12 17 10 67 77 46 20 80 43 36 58 14 73 51 8 18 50 69,evens,regular,1
2022-12-01T04:51:00Z,22,26 42 5 58 25 65 34 40 53 66 77 20 29 32 50 21 2 37 28 59,heads,minor,4
2022-12-01T04:54:00Z,23,10 35 15 50 36 52 3 77 9 7 66 65 41 64 33 70 74 58 49 34,tails,major,4
2022-12-01T04:57:00Z,24,62 48 19 26 67 45 53 38 51 75 3 6 33 12 23 7 15 72 79 32,heads,minor,2
2022-12-01T05:00:00Z,26,74 47 77 52 61 35 17 20 43 44 24 1 80 58 31 25 36 69 12 19,evens,regular,2
2022-12-01T05:03:00Z,27,58 49 37 45 34 71 1 32 39 2 43 28 53 55 12 65 7 51 72 75,tails,minor,3
2022-12-01T05:06:00Z,28,58 48 66 54 76 69 49 34 31 5 6 51 64 3 7 28 37 21 74 4,evens,major,1
2022-12-01T05:09:00Z,29,69 46 33 37 57 50 27 73 43 63 39 1 40 16 67 36 77 56 60 51,tails,regular,2
2022-12-01T05:12:00Z,30,73 76 47 68 80 2 25 8 24 12 51 37 16 70 56 30 27 6 43 22,heads,regular,1
2022-12-01T05:15:00Z,31,30 19 9 17 34 18 56 13 53 21 78 75 41 15 63 42 32 60 57 66,evens,regular,3
2022-12-01T05:18:00Z,32,43 23 10 22 63 2 7 66 50 74 64 12 1 26 56 44 52 17 55 46,tails,regular,1
2022-12-01T05:21:00Z,33,67 44 79 22 7 28 70 72 68 34 62 27 1 50 21 59 69 77 46 63,tails,regular,3
2022-12-01T05:24:00Z,35,52 73 27 60 58 31 65 76 80 35 36 3 8 13 21 53 33 51 9 23,heads,regular,1
2022-12-01T05:27:00Z,36,78 28 56 68 61 30 59 19 41 9 13 71 38 25 35 23 26 1 27 54,heads,regular,1
2022-12-01T05:30:00Z,37,75 76 27 17 58 61 79 1 43 63 24 49 51 29 4 57 18 65 35 38,tails,regular,3
2022-12-01T05:33:00Z,38,19 30 39 61 80 5 9 34 69 8 32 73 46 36 28 65 67 77 79 21,heads,regular,2
2022-12-01T05:36:00Z,39,39 2 72 11 10 80 33 78 47 20 18 12 70 40 37 43 3 64 17 22,heads,minor,1
2022-12-01T05:39:00Z,40,71 49 48 64 77 22 30 50 43 51 67 33 69 78 56 16 23 45 76 61,tails,regular,1
2022-12-01T05:42:00Z,41,26 9 65 6 30 42 71 62 39 31 16 76 15 73 41 21 3 1 40 56,heads,regular,1
2022-12-01T05:45:00Z,42,26 7 29 70 76 54 27 68 9 42 30 45 59 13 50 56 8 43 79 16,tails,regular,1
2022-12-01T05:48:00Z,44,71 51 14 34 36 9 28 63 13 4 52 7 23 57 65 76 49 25 2 80,heads,regular,1
2022-12-01T05:51:00Z,45,39 23 52 76 25 34 75 14 43 68 77 20 18 60 29 36 55 30 11 1,heads,regular,1
2022-12-01T05:54:00Z,46,50 54 40 13 19 31 39 3 78 75 8 48 14 10 64 11 47 69 26 72,heads,regular,2
2022-12-01T05:57:00Z,47,43 2 46 45 11 67 63 24 17 5 42 70 64 34 71 28 73 3 10 19,evens,regular,1
2022-12-01T06:00:00Z,48,18 72 11 21 75 41 8 45 19 14 13 15 32 74 62 2 5 17 33 7,heads,regular,1
2022-12-01T06:03:00Z,49,17 13 43 58 37 23 45 44 19 1 29 74 75 2 7 21 67 80 25 79,heads,regular,1
2022-12-01T06:06:00Z,50,32 80 77 14 9 43 19 59 47 21 51 24 68 4 15 39 28 46 17 27,heads,regular,3
2022-12-01T06:09:00Z,51,19 15 68 9 56 48 61 5 34 59 41 43 53 69 73 65 66 44 18 79,tails,regular,1
2022-12-01T06:12:00Z,53,4 76 13 40 56 11 10 27 52 24 26 71 30 65 51 55 35 14 50 20,heads,minor,1
2022-12-01T06:15:00Z,54,6 25 40 75 58 50 48 7 64 39 21 20 79 62 69 14 54 18 13 23,heads,major,1
2022-12-01T06:18:00Z,55,67 29 42 13 5 69 31 70 51 26 27 56 78 61 79 28 60 8 52 39,tails,regular,3
2022-12-01T06:21:00Z,56,65 34 13 37 5 36 33 25 8 45 60 20 48 47 78 6 11 7 30 71,heads,minor,3
2022-12-01T06:24:00Z,57,26 51 49 8 38 2 61 64 29 45 69 28 53 80 59 21 72 18 65 54,tails,minor,1
2022-12-01T06:27:00Z,58,57 65 61 45 35 15 63 67 11 33 25 18 68 24 34 23 76 22 14 72,heads,regular,1
2022-12-01T06:30:00Z,59,67 54 34 71 33 16 23 75 25 63 28 14 18 40 11 68 55 35 74 8,heads,regular,1
2022-12-01T06:33:00Z,60,55 58 68 74 32 57 71 54 43 23 64 6 30 79 20 26 80 77 9 28,tails,regular,1
2022-12-01T06:36:00Z,62,6 48 34 27 1 45 63 11 66 77 2 53 12 33 29 30 61 72 31 8,heads,minor,1
2022-12-01T06:39:00Z,63,74 29 5 1 49 38 79 3 77 47 35 61 66 33 42 67 16 37 44 4,evens,regular,1
2022-12-01T06:42:00Z,64,67 64 69 72 48 42 16 39 57 33 22 49 4 29 20 30 25 65 10 43,evens,regular,3
2022-12-01T06:45:00Z,65,43 66 31 64 63 49 57 71 16 69 20 37 9 22 19 1 60 23 38 11,heads,minor,4
2022-12-01T06:48:00Z,66,20 58 3 30 48 33 70 12 74 68 16 38 56 62 75 63 24 52 21 19,evens,regular,10
2022-12-01T06:51:00Z,67,28 71 73 58 51 55 26 33 47 77 31 45 68 46 20 64 40 66 80 5,tails,regular,1
2022-12-01T06:54:00Z,68,32 38 29 27 54 51 16 56 62 13 9 55 70 73 64 39 61 58 78 50,tails,major,2
2022-12-01T06:57:00Z,69,59 1 25 53 16 44 13 51 71 32 78 58 39 75 8 56 46 27 15 49,tails,regular,3
2022-12-01T07:00:00Z,71,66 65 26 46 32 19 33 42 28 14 73 16 5 39 76 6 1 24 74 9,heads,regular,1
2022-12-01T07:03:00Z,72,23 53 30 29 21 31 61 47 34 24 39 68 64 73 9 51 38 6 16 78,heads,regular,2
2022-12-01T07:06:00Z,73,71 17 40 57 14 35 54 34 28 64 45 49 55 29 58 36 48 50 41 74,tails,regular,1
2022-12-01T07:09:00Z,74,6 76 45 65 14 5 80 3 60 75 34 23 70 58 29 12 10 38 52 30,heads,major,1
2022-12-01T07:12:00Z,75,32 56 44 59 3 23 62 63 53 72 60 30 45 9 22 38 67 15 18 29,evens,regular,1
2022-12-01T07:15:00Z,76,47 55 11 35 38 37 40 39 62 32 5 61 16 15 80 29 70 73 27 56,heads,regular,1
2022-12-01T07:18:00Z,77,32 13 14 21 20 69 19 11 30 7 6 50 64 70 42 9 58 40 51 4,heads,regular,1
2022-12-01T07:21:00Z,78,66 22 78 58 42 32 24 23 79 1 80 9 71 76 31 37 67 69 64 48,tails,major,1
2022-12-01T07:24:00Z,80,12 53 19 17 80 75 9 57 13 28 24 59 8 47 43 54 36 31 56 49,evens,regular,3
2022-12-01T07:27:00Z,81,49 34 38 43 27 74 32 4 59 51 50 2 20 33 41 25 22 8 77 80,heads,minor,4
2022-12-01T07:30:00Z,82,40 67 54 59 49 28 7 15 76 69 19 80 47 51 34 77 45 57 41 16,tails,minor,3
2022-12-01T07:33:00Z,83,51 3 10 73 55 29 13 21 14 57 12 36 76 22 70 17 45 56 71 38,heads,minor,4
2022-12-01T07:36:00Z,84,39 38 51 28 5 20 60 36 49 48 11 78 30 26 13 62 42 77 70 53,evens,regular,2
2022-12-01T07:39:00Z,85,67 49 80 71 18 9 73 39 26 62 43 16 53 29 14 35 41 12 59 4,evens,regular,1
2022-12-01T07:42:00Z,86,23 39 7 43 6 80 73 44 3 18 54 5 11 27 35 59 37 58 78 77,heads,regular,2
2022-12-01T07:45:00Z,87,32 7 69 67 9 58 73 79 52 35 51 1 53 17 11 28 49 19 10 66,evens,regular,1
2022-12-01T07:48:00Z,89,29 78 44 25 33 41 69 12 76 49 30 48 17 60 53 67 11 13 59 36,tails,minor,3
2022-12-01T07:51:00Z,90,44 4 30 46 72 42 65 78 74 50 28 24 11 77 17 3 41 9 37 19,evens,regular,2
2022-12-01T07:54:00Z,91,52 53 25 64 70 3 22 30 5 18 20 10 13 39 69 74 71 42 41 38,heads,regular,1
2022-12-01T07:57:00Z,92,63 22 24 47 43 79 67 49 53 34 5 74 40 61 14 8 18 6 38 52,evens,regular,1
2022-12-01T08:00:00Z,93,32 65 28 38 7 24 69 62 53 36 54 63 14 26 67 6 3 41 59 12,heads,regular,1
2022-12-01T08:03:00Z,94,53 47 11 1 62 6 36 41 39 73 49 63 23 2 74 7 61 33 3 54,evens,regular,2
2022-12-01T08:06:00Z,95,39 49 22 74 71 37 4 72 41 11 56 3 15 38 42 27 20 7 33 50,heads,regular,1
2022-12-01T08:09:00Z,96,72 43 5 77 41 14 55 70 74 25 78 1 51 17 30 59 73 50 21 79,tails,major,2
2022-12-01T08:12:00Z,98,38 35 60 48 18 21 76 66 39 46 67 37 11 52 5 17 2 70 24 13,heads,minor,3
2022-12-01T08:15:00Z,99,35 1 37 34 23 48 67 7 14 22 9 63 49 45 11 33 56 26 47 39,heads,regular,1
2022-12-01T08:18:00Z,100,40 7 29 14 63 25 38 3 56 22 34 69 5 41 57 44 12 27 58 9,heads,regular,1
2022-12-01T08:21:00Z,101,69 65 70 3 2 68 62 38 36 5 75 77 50 15 74 79 52 58 12 20,tails,regular,2
2022-12-01T08:24:00Z,102,24 58 39 41 61 12 52 40 48 30 16 17 50 62 56 67 46 6 42 18,tails,major,1
2022-12-01T08:27:00Z,103,54 18 11 17 67 48 56 24 23 42 61 49 8 26 22 35 59 41 12 38,heads,regular,1
2022-12-01T08:30:00Z,104,76 28 1 79 66 15 70 39 23 44 34 31 60 56 13 73 5 68 14 54,evens,regular,2
2022-12-01T08:33:00Z,105,34 18 25 80 36 58 68 46 33 53 69 29 47 24 40 64 3 35 6 51,heads,regular,2
2022-12-01T08:36:00Z,107,54 31 16 12 46 42 33 72 14 36 5 7 44 28 1 48 30 64 9 25,heads,major,3
2022-12-01T08:39:00Z,108,27 12 64 38 21 58 47 16 57 3 25 59 76 7 8 74 24 61 50 78,evens,minor,10
2022-12-01T08:42:00Z,109,3 59 74 19 38 56 31 16 33 68 39 55 61 30 48 9 34 58 14 36,heads,minor,2
2022-12-01T08:45:00Z,110,61 72 75 43 76 12 33 10 38 36 45 63 70 60 6 15 79 71 32 18,tails,regular,5
2022-12-01T08:48:00Z,111,56 30 50 22 35 69 32 5 78 68 73 71 7 12 27 77 61 70 41 39,tails,regular,1
2022-12-01T08:51:00Z,112,66 13 23 52 68 5 27 21 33 54 31 26 46 20 17 72 71 7 36 22,heads,regular,1
2022-12-01T08:54:00Z,113,14 13 60 5 79 78 72 29 52 67 37 41 19 50 55 75 62 33 34 54,tails,regular,1
2022-12-01T08:57:00Z,114,26 74 44 71 66 35 45 47 46 6 23 43 28 76 67 18 63 5 10 11,tails,regular,3
2022-12-01T09:00:00Z,116,21 16 54 37 9 78 45 30 43 35 64 24 36 1 70 42 76 50 28 19,heads,regular,1
2022-12-01T09:03:00Z,117,7 25 76 45 41 52 9 21 48 37 59 79 53 61 14 17 64 58 75 46,tails,regular,1
2022-12-01T09:06:00Z,118,73 19 28 75 9 64 34 10 13 14 36 67 45 70 20 24 46 35 57 63,heads,minor,1
2022-12-01T09:09:00Z,119,51 26 29 79 5 4 1 24 45 42 75 46 17 41 73 35 67 21 64 19,evens,major,2
2022-12-01T09:12:00Z,120,62 76 46 64 23 48 58 19 15 66 13 20 12 2 33 38 40 31 50 73,heads,regular,1
2022-12-01T09:15:00Z,121,19 68 74 71 3 28 6 24 18 53 54 66 37 9 30 41 32 70 64 20,heads,minor,3
2022-12-01T09:18:00Z,122,29 31 27 44 24 43 34 32 41 2 19 35 10 56 30 54 53 73 67 39,heads,major,1
2022-12-01T09:21:00Z,123,28 27 18 40 70 31 30 26 2 25 6 68 51 33 49 53 63 50 22 75,heads,major,1
2022-12-01T09:24:00Z,125,14 23 6 43 67 39 45 54 52 28 36 19 76 75 16 1 65 8 71 31,heads,minor,4
2022-12-01T09:27:00Z,126,22 24 37 18 73 76 65 33 1 11 67 20 56 79 43 48 32 45 59 17,evens,minor,3
2022-12-01T09:30:00Z,127,51 41 23 72 35 71 14 30 32 79 9 43 13 76 28 45 11 60 22 15,heads,regular,3
2022-12-01T09:33:00Z,128,62 45 28 32 18 66 25 1 24 47 55 41 70 12 71 31 5 50 65 33,evens,minor,2
2022-12-01T09:36:00Z,129,28 57 38 46 59 26 60 30 27 41 42 80 19 3 7 17 23 58 75 62,evens,regular,2
2022-12-01T09:39:00Z,130,1 42 32 55 54 79 24 21 25 62 65 14 19 3 17 22 44 61 2 16,heads,minor,1
2022-12-01T09:42:00Z,131,35 59 15 6 65 43 2 10 70 18 11 75 58 66 19 64 56 13 32 54,evens,regular,2
2022-12-01T09:45:00Z,132,77 58 61 40 57 11 67 5 3 74 62 4 65 36 33 69 18 73 55 10,tails,regular,2
2022-12-01T09:48:00Z,134,12 68 62 64 13 9 56 14 2 41 47 76 73 48 32 49 78 39 52 59,tails,regular,3
2022-12-01T09:51:00Z,135,2 12 66 43 13 24 44 59 53 45 28 50 41 10 77 54 61 62 52 11,tails,regular,1
2022-12-01T09:54:00Z,136,15 67 16 65 61 18 4 28 53 47 38 17 55 69 1 21 37 24 40 62,heads,regular,2
2022-12-01T09:57:00Z,137,7 10 57 4 16 70 42 17 12 36 40 74 43 25 19 32 11 69 39 9,heads,regular,1
2022-12-01T10:00:00Z,138,22 66 51 33 73 75 48 44 21 62 41 15 14 38 16 59 12 72 61 45,tails,minor,2
2022-12-01T10:03:00Z,139,70 11 17 1 71 22 75 24 67 26 21 5 40 19 48 34 28 50 63 62,heads,regular,5
2022-12-01T10:06:00Z,140,50 51 13 65 12 22 10 6 37 14 11 20 52 40 28 35 43 60 63 77,heads,minor,1
2022-12-01T10:09:00Z,141,31 38 71 79 27 18 41 56 29 53 63 54 66 44 33 30 25 16 74 77,tails,regular,1
2022-12-01T10:12:00Z,143,40 71 9 16 23 64 79 14 44 26 43 74 20 54 38 77 28 62 31 63,evens,regular,3
2022-12-01T10:15:00Z,144,73 22 10 31 37 43 55 32 59 52 64 2 4 76 21 30 50 58 69 18,evens,major,2
2022-12-01T10:18:00Z,145,72 23 33 20 51 32 62 28 58 36 21 24 1 65 60 4 64 46 26 61,heads,minor,3
2022-12-01T10:21:00Z,146,25 24 33 32 72 31 78 66 73 59 5 80 37 30 56 74 26 20 54 15,heads,major,1
2022-12-01T10:24:00Z,147,45 5 23 3 59 17 16 10 49 33 61 38 73 12 44 50 18 70 19 75,heads,regular,3
2022-12-01T10:27:00Z,148,70 47 46 38 11 22 12 37 72 13 50 28 6 54 56 57 55 39 59 78,tails,minor,3
2022-12-01T10:30:00Z,149,22 69 26 71 9 70 8 80 60 41 38 13 6 54 39 21 77 16 76 18,heads,minor,2
2022-12-01T10:33:00Z,150,61 63 4 14 25 16 78 45 43 56 52 8 66 54 10 46 67 19 38 44,tails,major,3
2022-12-01T10:36:00Z,152,59 39 77 62 33 69 58 73 37 63 4 79 68 56 30 21 10 26 20 44,tails,minor,1
2022-12-01T10:39:00Z,153,31 80 58 30 13 76 64 22 41 56 32 68 33 21 60 71 75 27 43 17,tails,regular,3
2022-12-01T10:42:00Z,154,41 70 68 37 7 31 19 61 14 66 46 49 30 28 72 24 26 25 55 75,evens,minor,2
2022-12-01T10:45:00Z,155,40 69 15 63 30 56 5 51 3 50 18 74 73 77 66 58 36 13 71 78,tails,regular,1
2022-12-01T10:48:00Z,156,5 6 10 14 11 69 76 22 58 75 25 55 40 31 37 16 56 52 49 74,heads,minor,2
2022-12-01T10:51:00Z,157,48 61 17 24 55 6 75 73 66 43 9 14 20 2 21 77 60 25 11 59,evens,minor,2
2022-12-01T10:54:00Z,158,79 56 75 60 20 45 41 39 23 71 44 61 66 22 16 57 36 65 51 50,tails,major,1
2022-12-01T10:57:00Z,159,28 64 31 78 8 14 33 11 10 27 76 40 25 56 61 37 45 36 5 74,heads,regular,1
2022-12-01T11:00:00Z,161,35 28 37 26 13 12 5 52 69 54 47 48 53 61 49 18 62 8 27 75,evens,regular,3
2022-12-01T11:03:00Z,162,4 49 73 78 68 11 50 46 32 16 37 7 33 42 47 8 64 48 58 21,tails,regular,1
2022-12-01T11:06:00Z,163,24 31 6 26 61 70 76 29 15 71 25 22 21 78 35 80 48 55 13 62,heads,major,4
2022-12-01T11:09:00Z,164,27 59 76 78 50 65 62 21 20 77 58 42 45 10 18 1 40 63 3 19,tails,regular,1
2022-12-01T11:12:00Z,165,64 75 63 61 3 72 10 29 14 17 65 49 35 27 15 67 1 43 47 69,tails,minor,3
2022-12-01T11:15:00Z,166,8 68 73 4 80 19 57 54 48 47 59 66 50 71 58 30 32 39 74 64,tails,regular,3
2022-12-01T11:18:00Z,167,36 79 7 3 68 31 40 46 76 62 35 20 48 12 56 39 15 8 2 29,heads,regular,3
2022-12-01T11:21:00Z,168,7 4 6 52 9 60 26 39 77 21 15 62 29 16 47 43 63 35 38 8,heads,regular,1
2022-12-01T11:24:00Z,170,17 59 53 7 1 60 3 66 71 22 12 26 47 77 24 70 67 63 34 65,tails,minor,2
2022-12-01T11:27:00Z,171,12 21 64 75 46 48 49 66 32 80 31 43 37 26 27 77 67 62 25 22,tails,minor,1
2022-12-01T11:30:00Z,172,39 19 43 16 46 65 23 61 62 41 30 22 15 37 17 77 80 13 5 34,heads,minor,3
2022-12-01T11:33:00Z,173,35 27 18 13 34 12 68 4 21 36 47 61 69 80 78 50 28 17 64 44,heads,major,2
2022-12-01T11:36:00Z,174,79 54 13 70 31 19 74 49 21 30 4 33 38 39 65 80 41 45 71 61,tails,regular,2
2022-12-01T11:39:00Z,175,11 34 22 21 23 44 80 2 51 72 60 17 65 19 36 9 1 76 61 15,heads,regular,1
2022-12-01T11:42:00Z,176,6 42 57 43 80 74 23 5 66 45 62 8 10 53 33 39 59 31 24 72,tails,minor,1
2022-12-01T11:45:00Z,177,18 54 7 74 47 43 32 15 13 24 1 33 30 25 71 17 53 14 20 78,heads,regular,1
2022-12-01T11:48:00Z,179,41 46 38 9 61 75 26 64 34 65 33 35 36 71 51 10 62 29 28 40,heads,regular,1
2022-12-01T11:51:00Z,180,35 51 56 11 5 13 20 9 37 17 67 57 2 34 72 33 48 12 23 31,heads,regular,1
2022-12-01T11:54:00Z,181,36 64 62 70 2 18 57 19 3 21 58 20 46 48 15 32 71 60 52 50,tails,regular,3
2022-12-01T11:57:00Z,182,4 37 69 65 21 23 79 16 22 77 68 75 33 55 19 27 31 9 30 42,heads,minor,1
2022-12-01T12:00:00Z,183,51 26 40 47 2 9 8 41 18 30 43 36 19 48 58 37 67 46 80 65,evens,regular,2
2022-12-01T12:03:00Z,184,23 80 73 69 75 40 70 17 48 35 53 51 31 50 76 44 58 29 34 33,tails,regular,3
2022-12-01T12:06:00Z,185,80 56 23 36 43 13 26 62 27 34 4 10 74 40 66 77 30 41 58 9,heads,major,3
2022-12-01T12:09:00Z,186,61 30 52 37 25 19 29 8 55 39 60 14 1 3 31 68 4 73 69 51,heads,regular,3
2022-12-01T12:12:00Z,188,15 44 68 8 41 55 33 32 24 54 17 52 70 72 23 77 3 58 60 63,tails,major,1
2022-12-01T12:15:00Z,189,15 30 60 71 35 37 4 3 77 44 26 34 12 57 18 5 74 13 48 14,heads,regular,1
2022-12-01T12:18:00Z,190,10 36 78 51 76 11 66 50 2 9 32 26 67 25 64 20 28 39 42 8,heads,regular,3
2022-12-01T12:21:00Z,191,76 10 59 26 24 14 7 29 56 5 6 41 74 68 63 17 35 43 45 62,evens,minor,2
2022-12-01T12:24:00Z,192,65 80 19 57 79 56 15 13 60 1 18 7 28 54 12 31 27 72 26 52,heads,minor,4
2022-12-01T12:27:00Z,193,40 39 10 48 6 11 59 18 31 23 63 70 43 51 71 66 45 29 53 20,evens,regular,3
2022-12-01T12:30:00Z,194,74 30 71 40 10 29 2 70 41 15 75 58 23 57 52 53 66 17 14 31,evens,regular,1
2022-12-01T12:33:00Z,195,71 5 12 4 27 77 55 40 41 13 23 32 61 6 52 30 78 64 37 79,heads,regular,1
2022-12-01T12:36:00Z,197,3 59 67 26 40 76 60 52 20 13 29 34 58 39 47 21 50 44 49 24,evens,minor,2
2022-12-01T12:39:00Z,198,3 34 43 24 53 58 29 2 21 26 31 5 56 74 64 50 36 19 33 49,heads,regular,1
2022-12-01T12:42:00Z,199,22 80 51 24 5 19 53 69 59 48 44 67 15 6 33 34 11 29 72 4,heads,minor,3
2022-12-01T12:45:00Z,200,62 34 59 20 75 28 15 16 1 18 21 65 17 58 66 69 32 72 61 38,heads,major,1
2022-12-01T12:48:00Z,201,39 50 33 76 8 5 60 56 67 14 6 62 18 17 64 48 65 25 15 71,evens,regular,3
2022-12-01T12:51:00Z,202,24 71 22 51 35 26 59 25 18 4 39 7 36 66 34 67 57 76 32 62,heads,minor,2
2022-12-01T12:54:00Z,203,35 22 45 68 76 50 3 51 42 18 8 27 77 19 79 13 11 72 4 64,evens,minor,2
2022-12-01T12:57:00Z,204,46 6 39 66 65 33 10 13 25 71 37 78 1 53 19 60 75 70 50 41,tails,regular,1
2022-12-01T13:00:00Z,206,59 48 3 55 21 54 33 25 37 70 78 66 19 64 15 11 35 72 71 49,tails,regular,2
2022-12-01T13:03:00Z,207,65 3 55 78 50 57 23 7 10 14 61 71 24 1 56 30 12 60 45 67,tails,regular,1
2022-12-01T13:06:00Z,208,16 77 15 36 31 18 64 53 50 45 68 65 21 47 59 66 39 52 10 8,tails,regular,2
2022-12-01T13:09:00Z,209,4 17 31 64 55 48 32 63 74 18 15 73 38 49 23 2 44 34 61 78,evens,minor,10
2022-12-01T13:12:00Z,210,60 57 8 7 16 78 79 66 15 25 30 44 40 1 32 20 13 67 6 73,heads,regular,1
2022-12-01T13:15:00Z,211,50 77 80 24 53 29 27 43 34 25 28 39 37 1 35 44 56 60 14 12,heads,regular,1
2022-12-01T13:18:00Z,212,37 75 28 34 76 65 25 70 40 3 46 5 43 67 21 8 35 66 52 38,heads,regular,1
2022-12-01T13:21:00Z,213,36 38 71 32 39 48 49 15 2 57 44 73 79 14 20 60 76 74 41 51,tails,minor,1
2022-12-01T13:24:00Z,215,62 73 72 12 25 51 44 34 17 36 48 56 13 54 23 79 77 58 60 65,tails,regular,2
2022-12-01T13:27:00Z,216,53 38 27 51 36 33 72 24 11 5 34 54 7 39 18 78 22 71 12 60,heads,minor,3
2022-12-01T13:30:00Z,217,33 9 14 53 38 21 57 17 59 49 70 15 78 72 40 42 31 64 16 74,evens,regular,1
2022-12-01T13:33:00Z,218,31 42 43 22 39 15 76 27 78 12 1 55 2 18 29 30 46 63 3 25,heads,regular,1
2022-12-01T13:36:00Z,219,78 71 35 44 31 60 21 64 29 33 3 47 40 14 27 69 37 32 23 15,heads,regular,1
2022-12-01T13:39:00Z,220,47 7 23 71 12 66 4 30 76 6 55 9 59 64 28 45 72 50 67 68,tails,regular,3
2022-12-01T13:42:00Z,221,63 9 79 10 45 24 23 65 40 8 4 14 27 59 28 72 60 5 48 80,heads,minor,3
2022-12-01T13:45:00Z,222,1 59 32 47 55 9 12 62 21 72 46 33 66 24 7 67 4 35 29 34,heads,regular,1
2022-12-01T13:48:00Z,224,19 1 62 74 56 3 26 57 60 69 49 50 58 6 67 22 55 29 65 17,tails,regular,2
2022-12-01T13:51:00Z,225,14 56 61 49 55 33 4 67 28 40 66 72 68 34 10 58 45 17 36 32,evens,regular,2
2022-12-01T13:54:00Z,226,7 53 58 75 14 24 17 6 72 79 21 41 71 67 30 11 3 55 61 57,tails,regular,2
2022-12-01T13:57:00Z,227,71 32 76 10 63 49 16 15 5 30 51 31 3 66 22 25 64 72 42 12,heads,regular,1
2022-12-01T14:00:00Z,228,43 17 37 22 16 51 5 62 61 52 14 7 80 11 36 27 74 54 41 53,evens,minor,3
2022-12-01T14:03:00Z,229,2 68 74 46 29 10 37 26 63 71 55 33 67 50 66 48 61 40 49 35,tails,regular,2
2022-12-01T14:06:00Z,230,54 23 11 76 56 34 27 33 17 49 51 28 10 9 62 7 43 13 26 59,heads,minor,5
2022-12-01T14:09:00Z,231,64 16 78 37 28 53 38 56 20 25 9 72 6 58 45 10 41 77 61 13,evens,regular,1
2022-12-01T14:12:00Z,233,30 78 5 52 73 74 12 48 79 57 28 61 16 33 42 3 31 65 21 68,tails,regular,3
2022-12-01T14:15:00Z,234,54 66 71 30 64 73 22 11 56 39 62 2 78 36 53 76 32 20 23 70,tails,regular,1
2022-12-01T14:18:00Z,235,77 49 68 42 79 74 14 61 59 46 9 45 13 38 73 70 48 62 23 33,tails,regular,2
2022-12-01T14:21:00Z,236,68 10 59 53 35 54 18 60 69 62 12 64 65 19 57 56 28 33 67 30,tails,minor,1
2022-12-01T14:24:00Z,237,29 61 18 16 51 40 21 30 72 66 11 25 75 13 36 33 4 20 77 69,heads,major,1
2022-12-01T14:27:00Z,238,43 17 36 49 37 15 44 32 46 10 40 76 74 61 4 77 71 3 58 78,tails,minor,2
2022-12-01T14:30:00Z,239,34 21 53 18 32 23 66 67 29 33 31 22 68 3 64 12 59 4 72 78,heads,regular,1
2022-12-01T14:33:00Z,240,32 70 50 7 30 80 38 13 37 73 6 55 9 54 65 63 79 21 68 71,tails,regular,5
2022-12-01T14:36:00Z,242,54 69 31 26 77 47 2 41 14 9 57 74 40 20 15 75 65 55 61 37,tails,major,1
2022-12-01T14:39:00Z,243,79 67 3 71 28 20 10 56 6 63 77 74 45 76 78 49 73 19 18 29,tails,regular,2
2022-12-01T14:42:00Z,244,63 28 29 34 58 41 70 40 73 49 53 26 60 14 42 78 55 30 17 13,tails,regular,1
2022-12-01T14:45:00Z,245,75 66 17 16 9 25 55 36 34 64 48 77 23 1 41 31 52 42 8 15,heads,regular,2
2022-12-01T14:48:00Z,246,17 21 71 8 68 78 53 45 26 48 74 20 42 35 64 79 19 18 31 59,tails,regular,3
2022-12-01T14:51:00Z,247,66 26 74 79 24 18 55 12 61 1 58 65 76 68 77 62 51 69 33 10,tails,regular,1
2022-12-01T14:54:00Z,248,35 48 21 2 53 28 80 56 71 34 29 15 68 54 45 49 39 30 12 43,evens,regular,1
2022-12-01T14:57:00Z,249,40 34 77 7 42 37 11 29 50 70 62 45 65 43 31 67 52 28 32 36,evens,regular,1
2022-12-01T15:00:00Z,251,10 14 60 74 54 59 15 7 39 38 55 49 80 23 20 68 37 29 32 77,heads,regular,2
2022-12-01T15:03:00Z,252,37 49 7 42 27 43 3 73 55 77 70 11 46 32 68 22 14 31 66 19,evens,regular,1
2022-12-01T15:06:00Z,253,33 13 46 57 20 49 67 31 70 25 36 44 18 16 2 54 79 75 58 19,evens,regular,1
2022-12-01T15:09:00Z,254,2 51 15 11 66 52 65 8 48 39 1 79 33 9 22 43 24 75 73 59,evens,regular,2
2022-12-01T15:12:00Z,255,58 51 48 80 68 26 20 18 61 38 39 36 43 21 3 63 74 10 24 6,heads,minor,3
2022-12-01T15:15:00Z,256,66 65 10 1 77 76 40 71 44 80 12 50 24 68 2 29 34 19 67 13,evens,major,4
2022-12-01T15:18:00Z,257,9 10 34 41 14 27 39 16 2 58 49 22 5 70 44 28 60 53 13 57,heads,regular,1
2022-12-01T15:21:00Z,258,64 60 34 5 10 6 65 74 25 24 72 58 20 32 53 73 57 78 26 15,evens,major,4
2022-12-01T15:24:00Z,260,40 5 70 77 42 50 56 55 37 43 17 51 48 32 53 33 64 62 18 58,tails,major,1
2022-12-01T15:27:00Z,261,36 48 5 21 62 46 45 53 74 54 20 6 23 27 35 66 3 56 9 43,evens,regular,1
2022-12-01T15:30:00Z,262,55 33 12 70 78 36 10 37 46 72 19 76 49 77 7 34 32 53 39 8,heads,regular,2
2022-12-01T15:33:00Z,263,8 76 30 46 49 64 10 13 29 72 70 67 22 23 69 51 14 56 36 68,tails,regular,1
2022-12-01T15:36:00Z,264,6 5 53 44 3 20 31 40 50 56 19 47 80 67 18 12 35 79 51 17,heads,regular,1
2022-12-01T15:39:00Z,265,59 18 36 27 20 68 69 33 4 52 63 43 57 80 56 11 8 75 51 13,tails,regular,2
2022-12-01T15:42:00Z,266,42 52 8 77 20 17 44 45 53 70 41 37 64 36 40 69 29 6 18 60,tails,regular,1
2022-12-01T15:45:00Z,267,31 73 23 27 72 24 45 60 8 63 39 67 6 71 64 74 53 76 58 77,tails,regular,1
2022-12-01T15:48:00Z,269,49 26 11 79 68 69 64 13 65 19 51 58 20 57 27 23 30 18 39 44,evens,major,4
2022-12-01T15:51:00Z,270,4 74 21 17 41 33 14 66 43 75 42 50 52 49 37 6 56 31 8 9,evens,regular,1
2022-12-01T15:54:00Z,271,21 48 37 51 17 78 54 13 50 73 24 10 8 79 15 71 67 64 44 19,tails,regular,2
2022-12-01T15:57:00Z,272,7 73 80 32 45 50 72 39 24 43 75 66 16 12 25 54 14 53 48 46,tails,minor,1
2022-12-01T16:00:00Z,273,13 58 75 40 50 74 52 5 25 12 21 18 77 59 46 57 38 15 1 11,heads,regular,1
2022-12-01T16:03:00Z,274,71 79 39 56 19 74 80 17 31 67 57 75 70 16 43 23 78 30 59 8,tails,regular,1
2022-12-01T16:06:00Z,275,15 69 43 19 36 24 65 56 29 8 49 70 60 16 76 61 44 21 26 62,tails,regular,2
2022-12-01T16:09:00Z,276,5 46 13 77 35 9 25 54 12 15 38 20 18 22 47 66 30 27 62 59,heads,major,2
2022-12-01T16:12:00Z,278,41 50 42 13 60 56 73 6 75 14 67 8 3 71 59 46 49 10 20 47,tails,regular,2
2022-12-01T16:15:00Z,279,36 28 75 74 60 41 68 17 26 27 66 11 56 3 79 57 38 24 58 71,tails,regular,5
2022-12-01T16:18:00Z,280,35 11 53 62 12 47 8 33 72 78 2 79 56 25 49 36 77 24 13 45,evens,regular,2
2022-12-01T16:21:00Z,281,79 6 33 63 66 61 3 60 55 71 9 19 10 34 11 47 25 72 27 58,evens,major,3
2022-12-01T16:24:00Z,282,8 17 56 44 42 12 15 70 77 16 65 46 71 62 24 4 61 11 64 38,tails,regular,2
2022-12-01T16:27:00Z,283,80 47 23 1 50 41 61 49 17 6 37 43 77 20 53 54 28 62 14 30,tails,minor,1
2022-12-01T16:30:00Z,284,41 5 30 16 48 62 58 25 26 46 15 14 20 67 23 79 12 72 10 37,heads,minor,1
2022-12-01T16:33:00Z,285,52 18 22 63 13 7 56 3 4 28 74 76 66 60 9 48 50 68 19 67,tails,regular,2
2022-12-01T16:36:00Z,287,69 76 20 16 29 38 39 17 8 61 70 54 48 36 63 73 72 32 71 10,evens,regular,1
2022-12-01T16:39:00Z,288,3 28 73 5 46 14 63 60 52 53 27 29 38 65 8 55 72 43 44 25,tails,regular,2
2022-12-01T16:42:00Z,289,29 49 17 23 9 50 21 15 56 76 61 80 4 16 77 26 75 79 67 28,evens,regular,1
2022-12-01T16:45:00Z,290,8 45 80 79 41 37 19 77 49 43 51 14 48 5 2 21 18 3 6 68,evens,regular,2
2022-12-01T16:48:00Z,291,67 5 29 66 36 69 54 58 39 65 40 79 32 62 42 59 76 75 64 56,tails,regular,1
2022-12-01T16:51:00Z,292,6 22 48 21 29 26 56 15 69 65 68 50 51 46 44 54 37 47 53 40,tails,minor,1
2022-12-01T16:54:00Z,293,52 28 32 21 27 50 34 33 26 73 75 65 19 15 16 7 48 17 76 2,heads,regular,3
2022-12-01T16:57:00Z,294,75 41 57 54 34 22 6 77 9 64 27 28 65 49 67 69 58 46 8 60,tails,minor,3
2022-12-01T17:00:00Z,296,19 73 13 36 29 76 10 30 33 46 42 8 44 14 72 32 23 35 51 3,heads,regular,3
2022-12-01T17:03:00Z,297,16 65 15 63 78 41 7 31 46 22 45 25 19 29 5 40 60 53 21 50,heads,regular,2
2022-12-01T17:06:00Z,298,57 6 1 30 70 46 63 11 72 55 52 43 76 9 31 67 33 48 69 44,tails,regular,1
2022-12-01T17:09:00Z,299,50 57 56 3 38 2 22 55 8 45 53 78 79 49 59 47 27 20 9 68,tails,regular,2
2022-12-01T17:12:00Z,300,71 9 51 29 62 2 17 57 22 36 64 50 19 48 55 1 37 77 67 14,evens,major,1
2022-12-01T17:15:00Z,301,66 52 80 67 12 18 35 33 24 26 10 5 41 59 76 15 27 62 37 51,heads,regular,3
2022-12-01T17:18:00Z,302,66 62 63 34 21 61 22 13 33 7 3 2 74 25 71 57 28 31 59 43,heads,regular,2
2022-12-01T17:21:00Z,303,36 70 73 72 4 7 54 44 63 43 45 80 35 17 24 23 53 14 16 20,evens,minor,1
2022-12-01T17:24:00Z,305,64 62 8 40 63 18 65 47 50 58 6 46 70 28 51 60 30 74 23 19,tails,regular,2
2022-12-01T17:27:00Z,306,49 17 66 39 4 1 37 23 75 50 35 27 41 79 76 61 70 45 15 72,tails,regular,2
2022-12-01T17:30:00Z,307,76 80 39 29 66 16 7 18 37 59 35 75 45 47 70 11 19 68 12 57,evens,regular,1
2022-12-01T17:33:00Z,308,43 21 5 79 13 53 23 20 54 78 15 47 80 46 25 77 26 7 40 14,heads,minor,2
2022-12-01T17:36:00Z,309,21 69 5 72 7 76 65 55 23 10 70 38 56 59 33 2 62 61 57 67,tails,regular,1
2022-12-01T17:39:00Z,310,47 42 30 70 33 1 69 19 51 14 43 76 32 53 25 5 61 9 34 36,heads,regular,3
2022-12-01T17:42:00Z,311,18 61 43 2 70 60 66 42 9 46 3 33 24 14 48 74 52 77 63 13,tails,regular,1
2022-12-01T17:45:00Z,312,21 16 35 2 72 11 30 34 46 28 5 45 71 3 31 75 36 57 47 64,heads,regular,3
2022-12-01T17:48:00Z,314,37 75 45 29 12 55 80 65 67 18 27 70 10 62 51 17 8 26 64 23,evens,regular,3
2022-12-01T17:51:00Z,315,26 66 30 70 16 65 56 59 62 75 44 61 9 14 69 15 7 57 72 31,tails,regular,3
2022-12-01T17:54:00Z,316,49 69 23 30 72 55 10 53 45 43 70 51 18 20 17 42 54 56 73 21,tails,minor,2
2022-12-01T17:57:00Z,317,25 35 59 43 44 41 28 51 13 71 31 39 79 69 46 1 9 53 12 42,tails,regular,2
2022-12-01T18:00:00Z,318,54 70 76 45 14 71 59 60 6 29 20 75 30 26 16 58 36 50 8 23,evens,minor,3
2022-12-01T18:03:00Z,319,75 7 64 39 15 12 74 73 60 54 49 70 63 4 29 22 25 69 14 41,tails,regular,3
2022-12-01T18:06:00Z,320,35 79 42 70 65 31 14 63 40 67 49 38 41 77 16 43 13 76 33 22,tails,major,1
2022-12-01T18:09:00Z,321,29 5 49 42 10 7 3 17 25 56 15 20 31 58 60 1 43 57 71 77,heads,minor,1
2022-12-01T18:12:00Z,323,71 75 53 28 7 46 43 42 14 50 22 74 9 20 21 3 40 26 65 67,evens,regular,2
2022-12-01T18:15:00Z,324,66 29 64 39 76 48 2 80 74 33 10 41 18 35 62 73 78 6 65 17,tails,minor,3
2022-12-01T18:18:00Z,325,32 53 13 66 23 7 71 4 18 49 52 55 68 22 44 36 2 75 14 59,evens,minor,3
2022-12-01T18:21:00Z,326,18 78 51 63 16 46 60 50 53 29 27 71 31 38 72 25 55 80 44 48,tails,minor,3
2022-12-01T18:24:00Z,327,11 39 42 54 45 32 67 78 46 15 27 80 53 34 58 43 6 30 75 71,tails,regular,2
2022-12-01T18:27:00Z,328,41 18 64 19 22 73 40 15 7 65 2 28 72 38 57 10 26 71 46 14,heads,regular,1
2022-12-01T18:30:00Z,329,14 41 34 73 65 60 63 79 20 12 69 68 15 54 61 23 44 45 78 64,tails,minor,3
2022-12-01T18:33:00Z,330,28 14 71 32 12 54 43 8 41 30 56 24 11 69 73 49 6 31 40 7,heads,regular,5
2022-12-01T18:36:00Z,332,69 20 76 8 60 73 64 23 28 80 14 1 57 21 46 17 62 13 32 15,heads,regular,3
2022-12-01T18:39:00Z,333,16 56 57 45 43 33 36 77 52 73 39 59 27 1 51 80 63 11 13 76,tails,regular,1
2022-12-01T18:42:00Z,334,33 64 29 12 21 72 2 62 44 55 57 9 24 79 70 30 26 18 8 40,heads,regular,1
2022-12-01T18:45:00Z,335,14 64 71 49 41 61 75 45 32 24 74 65 54 2 20 17 51 31 42 1,tails,regular,3
2022-12-01T18:48:00Z,336,75 65 8 4 80 51 70 30 19 43 6 42 47 9 69 5 73 39 76 64,tails,regular,2
2022-12-01T18:51:00Z,337,79 48 69 13 50 19 23 72 68 27 7 24 8 71 4 1 15 25 58 43,heads,minor,2
2022-12-01T18:54:00Z,338,12 79 63 42 67 13 26 62 39 6 29 48 2 66 28 41 75 74 11 36,evens,regular,2
2022-12-01T18:57:00Z,339,22 14 45 15 72 52 50 41 65 46 79 36 70 26 55 31 33 24 58 10,tails,minor,2
2022-12-01T19:00:00Z,341,26 37 32 20 28 36 3 23 42 35 75 64 58 39 7 40 65 66 57 52,heads,minor,10
2022-12-01T19:03:00Z,342,72 32 67 64 75 28 41 1 42 65 43 31 11 5 22 47 68 29 24 49,tails,regular,3
2022-12-01T19:06:00Z,343,33 14 4 63 39 57 80 48 66 76 38 71 58 5 23 20 50 55 67 2,tails,major,1
2022-12-01T19:09:00Z,344,7 21 77 35 73 76 30 75 37 55 26 43 16 52 78 66 65 12 31 46,tails,regular,5
2022-12-01T19:12:00Z,345,72 5 48 28 50 51 68 29 63 35 64 70 31 61 13 44 52 46 42 6,tails,regular,2
2022-12-01T19:15:00Z,346,8 12 29 58 32 10 72 26 77 28 51 52 61 70 41 13 47 3 17 1,heads,regular,1
2022-12-01T19:18:00Z,347,44 67 2 13 32 27 75 35 17 5 37 54 18 77 62 66 11 33 15 58,heads,minor,3
2022-12-01T19:21:00Z,348,46 67 20 24 23 40 50 10 28 21 9 13 15 34 33 3 7 52 37 35,heads,regular,2
2022-12-01T19:24:00Z,350,40 10 36 52 62 80 64 30 78 49 72 77 19 79 3 58 66 53 39 33,tails,minor,5
2022-12-01T19:27:00Z,351,63 79 41 54 76 27 9 57 39 17 43 34 2 31 33 21 61 20 48 55,evens,regular,2
2022-12-01T19:30:00Z,352,12 69 53 37 78 2 62 52 32 9 68 36 77 47 35 31 8 17 45 73,evens,regular,2
2022-12-01T19:33:00Z,353,59 36 65 17 43 11 47 5 44 53 21 38 27 8 20 14 30 16 23 68,heads,regular,1
2022-12-01T19:36:00Z,354,71 15 14 16 32 70 11 55 68 42 61 5 46 53 9 57 44 40 22 67,tails,regular,2
2022-12-01T19:39:00Z,355,17 5 66 33 37 2 22 4 31 55 14 26 20 1 44 58 71 8 78 56,heads,regular,3
2022-12-01T19:42:00Z,356,40 44 25 80 65 39 27 36 16 46 34 51 31 64 18 58 24 62 57 59,evens,regular,3
2022-12-01T19:45:00Z,357,72 61 66 46 22 37 70 36 11 43 12 2 45 34 23 13 48 8 9 57,heads,regular,1
2022-12-01T19:48:00Z,359,26 62 13 61 47 15 43 65 50 41 5 55 52 6 63 39 70 60 34 64,tails,minor,2
2022-12-01T19:51:00Z,360,37 74 1 60 30 59 46 19 9 32 47 6 51 64 34 57 68 38 66 24,evens,regular,2
2022-12-01T19:54:00Z,361,80 29 67 38 66 57 68 13 56 61 73 21 34 74 2 47 49 17 19 46,tails,regular,2
2022-12-01T19:57:00Z,362,9 15 60 10 72 39 7 36 69 48 35 58 54 17 75 16 79 59 38 33,heads,minor,3
2022-12-01T20:00:00Z,363,76 25 9 63 24 67 74 4 40 26 78 65 57 62 64 31 22 46 52 13,tails,minor,2
2022-12-01T20:03:00Z,364,40 8 47 44 62 31 35 56 28 17 15 71 9 21 61 14 5 54 27 36,heads,regular,1
2022-12-01T20:06:00Z,365,56 15 47 16 38 49 71 42 26 2 14 73 5 11 65 44 57 23 74 39,evens,major,1
2022-12-01T20:09:00Z,366,6 23 43 28 34 4 35 73 61 45 12 1 20 75 66 7 5 2 21 19,heads,minor,2
2022-12-01T20:12:00Z,368,36 52 32 29 55 16 43 74 25 4 22 45 58 47 68 42 35 62 77 18,tails,regular,2
2022-12-01T20:15:00Z,369,43 21 64 45 51 46 76 42 73 74 4 77 6 34 17 75 80 12 50 78,tails,regular,2
2022-12-01T20:18:00Z,370,34 13 59 5 69 35 49 73 61 79 74 41 22 30 40 56 24 70 20 11,evens,minor,2
2022-12-01T20:21:00Z,371,67 30 13 65 24 69 61 1 42 72 33 43 37 34 25 55 63 19 26 12,heads,regular,2
2022-12-01T20:24:00Z,372,29 16 12 27 55 78 57 70 36 72 52 58 44 51 4 64 65 3 25 17,tails,minor,1
2022-12-01T20:27:00Z,373,44 4 56 16 76 36 8 73 25 17 3 58 68 78 37 1 45 71 74 72,tails,regular,4
2022-12-01T20:30:00Z,374,51 77 15 31 32 3 19 67 53 6 10 30 48 69 28 66 58 1 4 22,heads,regular,2
2022-12-01T20:33:00Z,375,67 71 68 26 53 58 39 33 38 65 51 60 43 17 36 47 78 70 74 6,tails,minor,5
2022-12-01T20:36:00Z,377,44 54 43 6 38 72 39 41 77 62 64 35 80 5 52 8 68 17 25 37,tails,regular,3
2022-12-01T20:39:00Z,378,58 69 30 75 14 13 60 50 10 43 67 72 27 34 2 53 6 3 32 21,heads,minor,3
2022-12-01T20:42:00Z,379,67 35 62 40 21 9 65 30 38 79 24 32 27 1 71 41 48 22 51 68,heads,regular,1
2022-12-01T20:45:00Z,380,44 66 31 41 42 37 3 62 58 34 4 11 69 32 50 43 13 55 5 15,evens,regular,1
2022-12-01T20:48:00Z,381,22 27 41 23 20 51 75 16 74 34 44 71 45 36 12 61 9 80 66 10,evens,regular,2
2022-12-01T20:51:00Z,382,40 23 11 10 5 28 64 80 34 31 63 15 56 77 22 18 70 73 44 75,heads,regular,2
2022-12-01T20:54:00Z,383,65 4 20 53 8 51 16 11 59 66 30 24 36 74 27 45 34 56 54 46,evens,regular,3
2022-12-01T20:57:00Z,384,58 28 3 47 21 59 31 50 1 45 80 56 57 19 78 44 2 37 76 6,tails,regular,2
2022-12-01T21:00:00Z,386,4 56 79 54 2 64 77 65 32 10 12 70 35 69 42 38 55 71 57 16,tails,regular,1
2022-12-01T21:03:00Z,387,75 35 36 77 70 8 74 3 29 16 53 28 26 71 23 34 20 32 2 54,heads,minor,2
2022-12-01T21:06:00Z,388,64 48 22 8 13 66 14 74 72 17 73 47 57 69 70 28 31 24 3 26,evens,minor,3
2022-12-01T21:09:00Z,389,66 3 60 49 39 27 1 54 46 13 40 34 71 65 44 78 17 16 64 63,tails,minor,3
2022-12-01T21:12:00Z,390,72 24 71 50 51 74 6 40 16 59 69 43 23 44 79 47 54 48 17 22,tails,regular,1
2022-12-01T21:15:00Z,391,5 29 14 25 54 19 49 73 76 9 39 63 37 62 70 4 12 8 74 17,heads,minor,3
2022-12-01T21:18:00Z,392,71 22 50 61 67 36 48 78 52 79 32 14 64 40 54 20 57 38 15 29,tails,regular,10
2022-12-01T21:21:00Z,393,62 63 79 45 23 44 17 10 4 65 55 31 38 20 51 9 70 48 30 15,evens,regular,3
2022-12-01T21:24:00Z,395,33 50 6 77 11 56 35 70 54 34 36 23 72 8 44 18 79 9 31 7,heads,regular,2
2022-12-01T21:27:00Z,396,79 14 21 43 10 19 49 33 63 52 8 67 18 45 77 7 40 35 61 42,evens,regular,1
2022-12-01T21:30:00Z,397,35 47 63 79 64 50 28 49 76 17 4 34 45 11 59 69 3 70 48 10,tails,regular,1
2022-12-01T21:33:00Z,398,4 15 13 51 52 55 10 65 41 62 35 1 68 80 49 60 28 8 72 24,tails,minor,1
2022-12-01T21:36:00Z,399,41 26 66 51 60 59 68 28 55 2 22 58 74 36 65 21 47 54 13 16,tails,regular,4
2022-12-01T21:39:00Z,400,76 32 4 71 80 5 79 78 70 3 17 1 72 8 28 27 54 67 22 33,heads,major,1
2022-12-01T21:42:00Z,401,3 39 38 18 24 50 22 47 37 40 13 27 6 20 10 17 49 30 79 19,heads,regular,2
2022-12-01T21:45:00Z,402,40 3 2 26 60 61 10 48 44 24 36 31 35 30 71 57 58 39 68 16,heads,regular,1
2022-12-01T21:48:00Z,404,21 12 34 67 52 14 73 43 3 17 26 46 11 74 19 16 69 41 70 61,evens,minor,4
2022-12-01T21:51:00Z,405,11 37 54 75 53 19 39 78 59 69 21 77 34 23 51 76 14 10 26 49,evens,regular,2
2022-12-01T21:54:00Z,406,37 76 52 55 20 58 46 47 10 35 18 26 36 67 32 7 70 14 69 8,heads,regular,1
2022-12-01T21:57:00Z,407,3 21 62 20 37 70 16 67 25 14 69 34 39 77 23 51 68 61 17 30,heads,regular,3
2022-12-01T22:00:00Z,408,64 46 76 72 58 45 31 1 4 5 29 78 71 80 17 13 42 60 48 50,tails,major,1
2022-12-01T22:03:00Z,409,7 1 36 50 49 61 68 2 33 9 30 25 39 73 48 32 14 37 55 70,heads,minor,3
2022-12-01T22:06:00Z,410,70 59 23 32 52 77 75 20 60 76 41 3 10 14 30 18 21 72 11 51,evens,regular,1
2022-12-01T22:09:00Z,411,51 49 21 18 5 9 38 1 40 30 35 62 19 6 75 72 17 55 67 66,heads,regular,1
2022-12-01T22:12:00Z,413,38 24 10 46 1 52 53 75 14 28 32 76 25 42 64 62 30 12 4 78,heads,minor,2
2022-12-01T22:15:00Z,414,57 11 78 40 12 72 30 52 70 50 62 49 60 9 58 80 17 13 3 77,tails,regular,2
2022-12-01T22:18:00Z,415,1 17 75 53 19 9 18 12 78 41 47 68 21 8 3 32 60 15 46 58,heads,regular,1
2022-12-01T22:21:00Z,416,11 9 74 12 72 46 23 16 43 73 79 44 50 27 57 75 51 10 54 49,tails,regular,2
2022-12-01T22:24:00Z,417,49 30 6 67 74 22 70 40 42 73 76 24 66 26 48 75 60 61 51 13,tails,minor,1
2022-12-01T22:27:00Z,418,44 27 56 14 24 19 62 26 68 69 8 30 7 63 28 72 74 65 9 66,evens,regular,1
2022-12-01T22:30:00Z,419,31 13 39 32 68 45 22 76 4 18 3 46 1 53 7 9 12 41 72 66,heads,minor,1
2022-12-01T22:33:00Z,420,55 68 18 46 39 27 6 33 7 15 49 28 45 67 61 63 11 79 24 32,heads,regular,1
2022-12-01T22:36:00Z,422,42 46 51 14 52 47 53 72 45 25 33 41 17 73 7 35 1 21 18 59,tails,regular,2
2022-12-01T22:39:00Z,423,1 58 6 13 3 23 10 63 29 75 62 11 17 43 50 14 65 49 31 5,heads,regular,1
2022-12-01T22:42:00Z,424,66 5 28 60 6 38 69 12 51 31 25 10 61 47 53 17 75 40 44 70,evens,minor,1
2022-12-01T22:45:00Z,425,10 63 14 60 32 61 33 36 68 49 48 52 13 54 75 7 22 64 27 56,tails,minor,2
2022-12-01T22:48:00Z,426,39 57 8 31 25 38 18 35 63 62 61 15 20 46 71 59 23 5 66 24,heads,minor,2
2022-12-01T22:51:00Z,427,58 41 7 45 26 51 38 10 33 4 36 20 8 29 15 34 19 78 52 25,heads,regular,3
2022-12-01T22:54:00Z,428,77 43 47 50 69 17 75 35 64 55 48 7 61 41 15 9 30 29 25 65,tails,regular,4
2022-12-01T22:57:00Z,429,50 69 68 71 8 80 53 19 45 18 31 47 54 41 38 29 37 73 39 17,tails,regular,1
2022-12-01T23:00:00Z,431,70 45 69 3 28 50 80 58 31 5 29 61 41 25 57 23 59 53 56 16,tails,regular,3
2022-12-01T23:03:00Z,432,37 7 41 73 54 65 38 34 67 28 55 18 9 5 25 44 58 77 33 49,evens,regular,2
2022-12-01T23:06:00Z,433,17 72 16 7 47 49 22 64 11 56 46 10 42 12 35 69 4 76 30 15,heads,minor,2
2022-12-01T23:09:00Z,434,69 72 35 60 79 7 34 73 64 1 33 63 3 49 5 18 37 46 43 36,evens,major,1
2022-12-01T23:12:00Z,435,50 1 58 6 34 60 70 53 72 30 61 40 74 12 14 39 9 51 24 56,evens,minor,2
2022-12-01T23:15:00Z,436,5 64 8 61 38 14 45 19 11 27 12 49 55 6 20 29 23 16 75 10,heads,regular,1
2022-12-01T23:18:00Z,437,47 65 67 52 36 61 46 29 74 73 45 18 69 77 43 71 23 51 22 53,tails,regular,1
2022-12-01T23:21:00Z,438,73 3 56 80 53 36 39 37 67 35 1 32 5 46 29 26 62 44 54 70,evens,major,4
2022-12-01T23:24:00Z,440,6 14 26 50 57 67 62 70 21 9 41 42 8 5 59 11 37 46 36 74,evens,regular,1
2022-12-01T23:27:00Z,441,34 75 1 57 61 6 46 27 60 76 38 53 42 45 22 12 65 51 7 63,tails,regular,3
2022-12-01T23:30:00Z,442,40 1 68 64 35 80 3 36 52 30 54 60 58 43 59 4 16 55 69 32,tails,regular,3
2022-12-01T23:33:00Z,443,54 25 40 47 5 60 42 73 79 46 24 62 49 36 2 69 41 43 76 66,tails,regular,1
2022-12-01T23:36:00Z,444,74 43 1 32 10 48 15 70 12 41 29 49 77 7 9 68 73 80 21 25,evens,minor,2
2022-12-01T23:39:00Z,445,15 38 65 25 2 59 39 52 29 17 41 21 7 13 31 8 69 3 70 45,heads,regular,1
2022-12-01T23:42:00Z,446,41 30 69 57 64 10 58 46 29 28 60 40 47 5 21 11 67 49 4 35,evens,regular,2
2022-12-01T23:45:00Z,447,54 16 61 40 43 71 15 2 42 64 32 55 7 73 77 8 56 27 44 14,tails,regular,2
2022-12-01T23:48:00Z,449,16 79 78 21 13 50 62 31 6 5 39 45 42 11 12 40 66 51 1 36,heads,major,3
2022-12-01T23:51:00Z,450,59 23 21 75 13 69 6 29 64 48 55 30 2 38 11 26 35 12 19 5,heads,minor,1
2022-12-01T23:54:00Z,451,17 26 54 68 47 15 61 24 66 50 13 40 72 74 71 80 33 79 59 37,tails,regular,2
2022-12-01T23:57:00Z,452,71 63 1 51 64 65 18 48 53 79 44 45 70 80 33 36 28 29 52 3,tails,regular,2
2022-12-02T00:00:00Z,453,77 53 37 54 19 38 24 31 33 72 25 76 18 2 41 67 30 73 70 13,heads,minor,1
2022-12-02T00:03:00Z,454,69 5 20 30 41 39 18 21 76 78 1 40 55 2 22 37 68 71 34 42,heads,minor,4
2022-12-02T00:06:00Z,455,72 58 64 76 51 11 17 5 42 45 4 27 31 54 34 28 20 71 3 7,heads,regular,3
2022-12-02T00:09:00Z,456,57 2 61 36 78 37 52 74 19 20 66 67 50 42 41 21 11 7 51 3,tails,regular,2
2022-12-02T00:12:00Z,458,59 56 13 49 42 14 43 24 6 26 16 48 19 8 51 7 10 66 11 45,heads,minor,1
2022-12-02T00:15:00Z,459,30 1 12 72 13 3 10 78 59 39 16 41 26 63 20 51 15 80 29 27,heads,minor,2
2022-12-02T00:18:00Z,460,27 72 13 23 47 65 34 60 63 35 30 67 4 69 11 61 39 76 6 21,heads,minor,10
2022-12-02T00:21:00Z,461,78 18 41 51 32 26 77 52 4 42 28 50 43 56 71 19 68 49 35 15,tails,regular,1
2022-12-02T00:24:00Z,462,44 67 25 58 12 15 62 4 23 38 24 80 2 66 64 56 3 48 45 47,tails,regular,1
2022-12-02T00:27:00Z,463,57 73 45 26 18 22 28 80 64 13 43 77 12 1 56 21 24 31 79 71,evens,regular,3
2022-12-02T00:30:00Z,464,5 78 2 61 57 51 4 15 16 25 52 60 73 20 54 45 66 68 59 21,tails,minor,1
2022-12-02T00:33:00Z,465,59 75 12 1 18 62 53 6 4 41 56 78 52 51 57 65 45 64 71 22,tails,minor,1
2022-12-02T00:36:00Z,467,66 26 8 22 25 70 10 72 18 15 64 42 27 39 51 49 9 3 23 11,heads,regular,3
2022-12-02T00:39:00Z,468,65 43 26 35 39 13 45 24 59 62 42 4 56 54 64 75 38 21 73 74,tails,regular,1
2022-12-02T00:42:00Z,469,24 77 35 43 66 26 4 53 14 42 5 75 60 12 40 74 1 28 65 78,evens,regular,2
2022-12-02T00:45:00Z,470,61 77 71 26 78 58 13 23 43 68 47 16 54 29 30 32 56 24 18 55,tails,regular,1
2022-12-02T00:48:00Z,471,23 22 42 9 34 1 36 53 10 4 24 28 58 5 65 49 18 41 29 56,heads,regular,1
2022-12-02T00:51:00Z,472,36 77 23 74 80 53 18 39 64 29 26 27 47 33 51 4 52 19 56 20,heads,regular,1
2022-12-02T00:54:00Z,473,73 37 56 4 18 74 7 80 75 41 34 55 43 19 77 58 26 42 29 36,tails,regular,1
2022-12-02T00:57:00Z,474,79 1 49 22 57 8 39 67 74 63 65 2 26 31 30 66 12 28 21 16,heads,regular,3
2022-12-02T01:00:00Z,476,37 68 45 57 76 75 53 22 47 15 21 11 65 5 38 73 35 42 2 50,tails,regular,1
2022-12-02T01:03:00Z,477,71 27 69 18 12 1 75 19 23 72 35 63 4 49 66 11 13 68 51 6,heads,regular,2
2022-12-02T01:06:00Z,478,6 30 22 20 48 33 73 2 27 57 9 52 18 11 66 16 41 23 34 76,heads,minor,1
2022-12-02T01:09:00Z,479,68 62 69 80 18 13 67 50 45 76 36 79 27 39 7 64 15 9 32 26,evens,regular,2
2022-12-02T01:12:00Z,480,35 38 6 11 40 28 74 56 65 64 50 60 58 70 20 49 34 9 19 51,evens,regular,1
2022-12-02T01:15:00Z,481,67 13 3 5 24 74 8 20 76 60 50 9 22 6 19 59 12 30 45 72,heads,regular,1
2022-12-02T01:18:00Z,482,28 27 41 14 46 26 66 25 7 16 5 71 70 79 17 4 15 80 8 62,heads,regular,3
2022-12-02T01:21:00Z,483,76 74 28 10 21 29 54 44 70 68 78 50 30 19 14 79 6 75 80 20,tails,regular,1
2022-12-02T01:24:00Z,485,55 36 61 78 41 33 42 20 44 10 73 72 19 11 57 8 47 80 22 16,tails,regular,2
2022-12-02T01:27:00Z,486,24 58 12 78 67 51 41 4 7 5 35 16 61 53 44 45 49 75 55 33,tails,regular,1
2022-12-02T01:30:00Z,487,27 63 2 33 20 66 10 1 26 50 76 56 60 42 46 55 5 39 80 23,evens,regular,2
2022-12-02T01:33:00Z,488,45 9 69 34 71 12 74 10 24 77 25 63 42 28 50 16 48 67 58 66,tails,regular,1
2022-12-02T01:36:00Z,489,18 21 51 45 15 73 6 9 67 12 50 38 17 52 28 75 3 24 63 64,heads,regular,2
2022-12-02T01:39:00Z,490,66 33 4 23 30 6 5 42 2 7 14 55 57 12 74 36 11 37 40 20,heads,minor,3
2022-12-02T01:42:00Z,491,32 8 34 24 7 50 47 17 6 5 70 31 51 27 72 23 1 65 39 33,heads,regular,10
2022-12-02T01:45:00Z,492,4 53 71 77 37 31 72 20 9 66 17 40 5 46 61 76 3 7 65 43,evens,regular,2
2022-12-02T01:48:00Z,494,18 1 22 5 55 21 27 20 30 31 17 56 34 13 25 67 4 73 14 80,heads,minor,1
2022-12-02T01:51:00Z,495,32 57 21 45 47 16 6 8 4 7 13 25 33 36 23 28 64 79 74 76,heads,regular,1
2022-12-02T01:54:00Z,496,45 64 24 68 32 1 50 8 42 11 63 33 48 65 74 66 40 71 52 17,tails,minor,1
2022-12-02T01:57:00Z,497,41 17 50 33 32 77 67 34 68 14 54 71 21 73 49 13 43 25 35 53,tails,regular,3
2022-12-02T02:00:00Z,498,23 24 25 80 72 36 50 28 70 37 6 64 13 71 79 12 63 46 69 62,tails,regular,2
2022-12-02T02:03:00Z,499,40 79 60 65 45 42 48 54 51 67 24 62 43 11 64 31 3 44 55 63,tails,regular,1
2022-12-02T02:06:00Z,500,43 40 9 28 34 36 38 13 57 59 61 53 54 18 1 39 20 70 24 7,heads,major,3
2022-12-02T02:09:00Z,501,66 73 37 10 6 3 79 58 12 74 70 30 1 25 56 35 36 20 57 26,heads,regular,3
2022-12-02T02:12:00Z,503,56 54 65 35 38 5 51 43 70 71 50 68 47 40 33 27 13 28 31 55,tails,regular,2
2022-12-02T02:15:00Z,504,29 41 12 10 54 61 4 51 53 71 38 62 65 50 1 26 9 79 59 77,tails,regular,1
2022-12-02T02:18:00Z,505,62 16 28 15 38 27 44 60 1 77 70 23 45 42 74 25 8 41 51 69,tails,regular,3
2022-12-02T02:21:00Z,506,33 4 37 12 30 8 47 66 70 18 38 63 57 23 15 44 9 71 69 34,heads,minor,3
2022-12-02T02:24:00Z,507,12 56 42 51 25 24 10 39 21 22 69 16 80 64 76 50 68 49 23 73,tails,regular,3
2022-12-02T02:27:00Z,508,11 50 15 53 36 37 80 13 9 7 3 57 61 66 6 44 32 27 60 77,heads,regular,3
2022-12-02T02:30:00Z,509,65 24 56 72 78 10 77 39 38 34 27 41 21 50 69 5 68 17 11 4,heads,major,2
2022-12-02T02:33:00Z,510,38 53 61 29 32 64 1 77 8 33 17 47 4 74 45 5 55 80 11 56,evens,minor,4
2022-12-02T02:36:00Z,512,60 45 1 23 70 47 57 44 74 28 78 55 22 8 40 50 20 51 66 18,tails,regular,3
2022-12-02T02:39:00Z,513,43 63 32 10 59 44 53 50 1 27 39 57 48 41 64 65 17 20 60 72,tails,minor,2
2022-12-02T02:42:00Z,514,4 57 25 37 30 22 58 42 43 40 50 74 77 31 49 33 21 23 26 45,heads,minor,3
2022-12-02T02:45:00Z,515,27 54 69 8 28 77 40 15 14 12 41 52 18 68 59 49 38 55 72 57,tails,minor,1
2022-12-02T02:48:00Z,516,51 75 62 19 69 2 37 22 79 29 6 46 44 35 16 24 73 77 33 15,heads,minor,2
2022-12-02T02:51:00Z,517,79 6 71 1 59 28 48 36 72 29 3 23 31 41 34 44 67 9 42 80,evens,regular,2
2022-12-02T02:54:00Z,518,16 60 32 5 47 23 20 27 44 26 45 58 25 19 69 74 76 30 79 40,heads,regular,1
2022-12-02T02:57:00Z,519,77 9 80 16 50 61 22 66 27 71 59 14 23 32 57 49 45 73 74 70,tails,regular,1
2022-12-02T03:00:00Z,521,55 37 66 28 36 53 54 71 23 49 15 9 26 47 16 20 12 75 19 79,heads,minor,4
2022-12-02T03:03:00Z,522,4 62 56 79 34 76 42 12 24 22 13 9 16 57 63 15 33 43 51 64,evens,regular,2
2022-12-02T03:06:00Z,523,21 36 61 54 80 14 37 63 44 29 1 79 46 25 26 50 10 70 58 31,evens,minor,1
2022-12-02T03:09:00Z,524,23 29 36 53 32 21 47 8 69 59 11 56 51 16 63 64 55 78 68 65,tails,regular,3
2022-12-02T03:12:00Z,525,43 26 50 60 12 8 59 23 14 32 17 70 29 40 78 46 16 35 53 31,heads,minor,2
2022-12-02T03:15:00Z,526,38 13 72 8 52 60 41 45 68 36 12 62 69 27 65 26 70 76 10 34,tails,regular,1
2022-12-02T03:18:00Z,527,76 61 32 47 42 2 25 24 48 28 15 55 17 34 56 12 21 69 10 59,heads,regular,1
2022-12-02T03:21:00Z,528,50 1 68 69 6 54 80 47 16 62 9 39 70 28 61 38 32 21 41 37,evens,minor,3
2022-12-02T03:24:00Z,530,17 73 40 24 52 74 65 33 67 12 3 43 4 61 16 36 64 35 72 77,evens,minor,2
2022-12-02T03:27:00Z,531,29 58 63 24 49 54 17 14 23 37 75 56 35 16 8 66 30 12 13 46,heads,major,1
2022-12-02T03:30:00Z,532,57 44 5 35 66 30 37 39 8 69 46 80 78 9 72 25 55 70 1 73,tails,regular,1
2022-12-02T03:33:00Z,533,56 22 13 35 70 57 1 12 45 67 54 66 24 78 77 15 71 4 5 27,evens,regular,3
2022-12-02T03:36:00Z,534,60 56 22 11 25 78 23 76 3 17 40 71 35 42 6 57 12 45 79 68,evens,minor,3
2022-12-02T03:39:00Z,535,8 67 9 75 80 16 23 30 21 56 57 62 31 2 68 12 34 66 65 17,heads,regular,3
2022-12-02T03:42:00Z,536,73 74 50 21 24 61 63 28 25 75 13 45 46 44 79 30 34 12 76 2,tails,regular,2
2022-12-02T03:45:00Z,537,36 6 51 30 54 33 50 12 46 64 74 29 73 27 76 11 49 47 75 23,tails,regular,1
2022-12-02T03:48:00Z,539,30 23 42 51 57 7 24 32 49 73 77 59 31 16 78 6 29 43 20 33,heads,regular,2
2022-12-02T03:51:00Z,540,40 34 7 63 10 26 44 39 49 3 57 66 65 36 72 6 73 23 75 17,heads,minor,10
2022-12-02T03:54:00Z,541,65 22 23 64 56 38 59 27 12 55 21 66 18 20 24 17 54 33 67 79,heads,regular,1
2022-12-02T03:57:00Z,542,1 27 21 76 56 39 79 62 20 51 65 3 74 78 48 36 18 22 8 23,heads,regular,1
2022-12-02T04:00:00Z,543,1 9 13 80 30 57 23 54 45 62 28 77 39 5 18 8 16 3 48 14,heads,regular,1
2022-12-02T04:03:00Z,544,80 56 20 40 78 23 35 18 49 76 51 52 54 38 16 55 17 5 64 19,evens,regular,2
2022-12-02T04:06:00Z,545,64 75 21 56 71 24 50 30 19 25 17 72 80 53 51 26 1 22 77 57,tails,regular,3
2022-12-02T04:09:00Z,546,79 67 24 37 53 49 75 77 60 10 14 73 42 18 1 26 56 64 65 23,tails,minor,3
2022-12-02T04:12:00Z,548,3 65 32 29 14 36 55 67 56 13 79 69 39 34 25 11 42 33 52 12,heads,minor,2
2022-12-02T04:15:00Z,549,6 35 79 70 18 14 12 25 29 37 44 80 57 48 8 78 62 56 16 73,evens,minor,1
2022-12-02T04:18:00Z,550,47 13 22 31 74 34 48 21 50 56 14 1 15 26 79 8 76 24 11 53,heads,minor,2
2022-12-02T04:21:00Z,551,67 62 59 54 76 25 36 71 42 50 7 73 39 45 68 66 12 26 65 11,tails,regular,1
2022-12-02T04:24:00Z,552,43 24 36 57 13 41 37 75 54 2 35 77 32 55 3 14 76 5 18 65,heads,regular,1
2022-12-02T04:27:00Z,553,65 73 74 63 80 72 1 24 64 8 59 32 52 35 26 7 36 79 53 37,tails,minor,2
2022-12-02T04:30:00Z,554,19 50 70 23 75 77 57 63 31 61 64 25 58 56 33 4 48 69 78 20,tails,regular,3
2022-12-02T04:33:00Z,555,40 29 30 19 62 54 1 50 14 70 27 48 63 52 57 43 10 45 60 12,tails,regular,1
2022-12-02T04:36:00Z,557,68 36 4 45 71 78 50 47 35 20 46 37 51 55 30 15 33 8 57 49,tails,minor,1
2022-12-02T04:39:00Z,558,16 67 69 41 42 9 34 80 59 15 46 31 64 36 13 8 25 32 24 58,heads,minor,4
2022-12-02T04:42:00Z,559,14 32 76 4 43 59 54 52 38 72 73 34 51 25 80 63 20 71 27 70,tails,minor,3
2022-12-02T04:45:00Z,560,54 61 60 73 39 4 15 53 62 69 10 68 49 31 9 24 74 47 51 13,tails,regular,1
2022-12-02T04:48:00Z,561,2 46 25 67 41 47 22 26 79 19 63 40 48 24 28 29 42 73 49 65,tails,minor,1
2022-12-02T04:51:00Z,562,14 47 73 11 12 18 74 16 75 29 3 56 67 65 33 38 78 26 6 10,heads,minor,1
2022-12-02T04:54:00Z,563,34 60 6 75 29 13 39 21 46 30 40 57 55 37 18 56 12 43 32 54,heads,regular,3
2022-12-02T04:57:00Z,564,53 66 42 32 65 79 50 24 7 78 59 38 33 80 22 16 54 67 44 61,tails,minor,3
2022-12-02T05:00:00Z,566,25 16 33 76 52 51 58 30 56 43 38 18 34 24 49 71 32 17 61 60,evens,minor,2
2022-12-02T05:03:00Z,567,21 23 44 2 66 7 57 35 5 55 75 79 42 61 74 19 30 40 70 26,evens,regular,1
2022-12-02T05:06:00Z,568,60 68 59 70 79 62 22 4 71 42 65 69 5 61 66 48 78 63 6 45,tails,regular,1
2022-12-02T05:09:00Z,569,45 30 68 80 34 18 71 50 37 6 67 48 77 57 22 36 25 51 52 58,tails,major,5
2022-12-02T05:12:00Z,570,22 9 76 33 71 49 36 40 46 52 67 34 29 42 51 31 10 60 57 18,evens,regular,3
2022-12-02T05:15:00Z,571,49 28 67 12 24 48 2 62 63 38 25 19 27 60 34 45 64 79 1 3,heads,regular,3
2022-12-02T05:18:00Z,572,39 5 53 26 68 76 9 37 45 65 43 7 12 36 10 13 79 25 11 34,heads,regular,1
2022-12-02T05:21:00Z,573,13 49 34 74 31 19 11 35 61 25 54 76 73 9 70 47 1 2 59 71,evens,minor,2
2022-12-02T05:24:00Z,575,78 12 11 23 56 36 53 13 3 45 21 57 5 55 62 44 38 14 67 37,heads,minor,1
2022-12-02T05:27:00Z,576,9 57 47 16 59 66 69 15 48 60 2 77 30 76 19 28 21 36 78 51,tails,regular,2
2022-12-02T05:30:00Z,577,44 7 15 58 77 42 37 11 17 54 31 55 45 35 19 47 43 39 46 10,evens,regular,1
2022-12-02T05:33:00Z,578,36 75 13 65 3 31 40 73 11 21 39 48 9 70 67 26 6 43 5 56,heads,regular,1
2022-12-02T05:36:00Z,579,70 63 32 54 19 58 17 61 8 76 56 24 45 40 36 25 14 44 68 23,evens,regular,3
2022-12-02T05:39:00Z,580,26 31 72 4 57 13 16 71 43 75 7 30 24 67 54 64 15 40 12 49,heads,regular,3
2022-12-02T05:42:00Z,581,18 50 17 79 73 63 62 51 64 3 33 58 31 54 55 41 56 8 32 65,tails,minor,3
2022-12-02T05:45:00Z,582,51 56 6 54 21 7 57 59 34 61 29 1 14 48 24 65 37 20 62 30,heads,regular,1
2022-12-02T05:48:00Z,584,59 6 15 18 26 48 36 8 25 22 21 27 50 71 20 52 45 70 46 30,heads,regular,1
2022-12-02T05:51:00Z,585,35 48 38 20 14 25 28 76 27 77 72 40 55 43 26 75 45 2 53 32,heads,regular,1
2022-12-02T05:54:00Z,586,17 57 35 47 20 2 80 12 28 44 69 61 36 72 52 6 30 64 70 18,evens,regular,1
2022-12-02T05:57:00Z,587,56 40 58 6 30 16 76 7 77 47 5 80 70 54 12 1 59 42 21 61,tails,regular,1
2022-12-02T06:00:00Z,588,21 5 46 12 68 63 29 43 77 30 73 23 31 11 4 3 27 54 76 10,heads,minor,1
2022-12-02T06:03:00Z,589,15 75 72 36 7 22 38 47 35 80 44 41 34 12 54 37 70 65 63 17,evens,regular,2
2022-12-02T06:06:00Z,590,29 27 19 76 56 15 72 6 47 49 62 4 16 8 33 61 54 74 75 36,evens,regular,2
2022-12-02T06:09:00Z,591,77 30 45 26 44 31 27 59 41 29 40 2 15 33 47 55 9 18 16 48,heads,regular,1
2022-12-02T06:12:00Z,593,77 74 60 22 6 27 38 18 75 9 13 71 1 26 25 62 66 61 42 63,evens,regular,2
2022-12-02T06:15:00Z,594,21 52 11 66 20 25 14 28 46 79 23 22 36 12 24 40 50 49 35 29,heads,minor,1
2022-12-02T06:18:00Z,595,23 14 35 26 37 77 46 48 4 5 65 61 7 28 31 38 10 72 19 3,heads,regular,1
2022-12-02T06:21:00Z,596,14 24 21 68 70 53 40 64 42 23 55 16 10 78 36 69 18 41 71 52,tails,minor,2
2022-12-02T06:24:00Z,597,29 40 63 43 32 75 15 38 7 10 16 46 13 57 68 47 49 55 34 33,heads,regular,3
2022-12-02T06:27:00Z,598,51 19 27 7 21 75 47 11 56 52 66 5 18 37 48 3 13 1 78 34,heads,regular,1
2022-12-02T06:30:00Z,599,51 37 67 27 49 20 66 33 59 42 52 73 38 9 58 56 55 40 79 41,tails,minor,2
2022-12-02T06:33:00Z,600,6 2 25 21 3 69 57 76 66 70 12 55 75 17 64 54 60 16 42 40,tails,major,4
2022-12-02T06:36:00Z,602,10 56 76 11 51 63 41 77 15 72 13 39 33 32 64 16 28 54 43 79,tails,regular,1
2022-12-02T06:39:00Z,603,16 21 5 11 1 30 59 76 41 39 12 2 14 50 55 27 9 40 69 8,heads,regular,2
2022-12-02T06:42:00Z,604,31 72 40 19 27 15 55 32 52 30 74 42 67 17 66 4 7 73 22 51,heads,regular,3
2022-12-02T06:45:00Z,605,73 2 54 70 31 41 72 55 64 5 6 59 19 33 22 57 21 30 4 77,evens,regular,2
2022-12-02T06:48:00Z,606,53 27 18 80 4 24 15 49 34 7 29 59 28 33 71 73 37 46 60 72,heads,regular,2
2022-12-02T06:51:00Z,607,54 20 16 74 14 41 1 33 31 63 18 56 27 58 38 48 44 77 64 35,evens,regular,1
2022-12-02T06:54:00Z,608,11 45 68 35 46 23 63 79 29 17 39 37 59 1 34 49 4 50 5 70,heads,major,2
2022-12-02T06:57:00Z,609,35 76 80 32 29 18 45 25 69 65 73 24 26 51 38 56 55 20 48 9,evens,minor,1
2022-12-02T07:00:00Z,611,65 48 74 78 10 67 24 36 23 29 6 42 52 57 47 31 73 8 55 34,tails,regular,3
2022-12-02T07:03:00Z,612,66 28 15 62 50 6 59 78 16 68 54 9 64 49 14 36 19 57 5 18,evens,regular,1
2022-12-02T07:06:00Z,613,29 28 48 80 16 75 38 10 68 35 58 65 78 17 36 40 31 1 43 24,heads,regular,1
2022-12-02T07:09:00Z,614,24 59 18 58 79 30 48 2 64 38 35 29 49 23 15 28 54 10 37 36,heads,regular,1
2022-12-02T07:12:00Z,615,23 29 65 15 1 30 22 19 28 69 57 26 70 38 80 56 52 20 45 5,heads,regular,3
2022-12-02T07:15:00Z,616,31 59 53 65 56 72 36 55 47 76 1 25 27 5 46 43 24 71 26 79,tails,regular,1
2022-12-02T07:18:00Z,617,36 16 67 40 39 60 57 66 41 75 59 33 24 62 79 45 27 31 29 14,evens,regular,2
2022-12-02T07:21:00Z,618,49 67 7 26 53 58 74 33 71 52 63 21 47 56 76 48 31 51 30 1,tails,major,1
2022-12-02T07:24:00Z,620,30 75 44 33 64 13 54 51 63 14 32 78 48 39 23 62 2 27 49 61,tails,regular,4
2022-12-02T07:27:00Z,621,65 11 56 41 36 49 32 27 44 45 13 77 15 79 76 48 61 14 40 18,tails,minor,1
2022-12-02T07:30:00Z,622,66 57 64 24 43 62 34 46 29 18 68 5 79 61 49 54 67 39 65 70,tails,minor,5
2022-12-02T07:33:00Z,623,75 46 5 51 25 11 63 62 2 47 29 41 3 34 61 65 13 9 33 6,heads,regular,1
2022-12-02T07:36:00Z,624,72 30 25 65 41 7 67 56 1 79 51 55 37 20 46 15 5 43 17 24,evens,regular,3
2022-12-02T07:39:00Z,625,63 29 55 52 12 6 41 72 9 32 20 2 79 13 68 59 26 5 1 21,heads,regular,3
2022-12-02T07:42:00Z,626,6 5 59 50 72 66 20 23 79 41 73 61 63 69 8 64 1 62 39 31,tails,minor,1
2022-12-02T07:45:00Z,627,8 76 42 18 54 2 72 49 79 22 29 35 67 80 13 27 70 56 46 16,tails,regular,1
2022-12-02T07:48:00Z,629,15 33 39 80 10 46 8 5 20 24 11 60 72 63 52 53 73 65 51 40,evens,regular,1
2022-12-02T07:51:00Z,630,18 36 40 41 47 79 20 78 2 67 13 17 43 55 60 22 49 68 64 34,tails,minor,1
2022-12-02T07:54:00Z,631,55 74 75 47 9 68 36 59 73 70 38 28 71 50 35 80 65 79 1 31,tails,regular,3
2022-12-02T07:57:00Z,632,19 63 76 66 56 18 53 55 79 46 43 11 59 27 23 50 10 36 78 68,tails,regular,10
2022-12-02T08:00:00Z,633,43 33 15 58 5 19 13 44 28 71 22 73 8 39 77 51 45 4 14 60,heads,major,1
2022-12-02T08:03:00Z,634,24 46 73 36 23 75 77 40 63 10 8 20 44 47 25 78 67 76 45 21,tails,minor,2
2022-12-02T08:06:00Z,635,52 79 49 29 27 26 65 63 40 48 80 22 77 19 59 2 11 39 1 74,evens,regular,4
2022-12-02T08:09:00Z,636,63 70 61 11 29 51 77 21 5 71 31 46 49 28 60 74 78 53 27 67,tails,regular,3
2022-12-02T08:12:00Z,638,57 45 36 58 39 6 18 41 78 42 70 62 19 74 37 12 26 44 51 68,tails,regular,1
2022-12-02T08:15:00Z,639,11 48 71 19 3 25 59 50 42 40 10 32 23 72 45 46 16 41 24 18,heads,regular,1
2022-12-02T08:18:00Z,640,25 17 64 72 67 62 60 46 12 26 71 56 28 59 47 49 52 51 1 79,tails,regular,1
2022-12-02T08:21:00Z,641,69 12 80 72 34 16 11 76 10 74 57 59 24 58 63 27 23 51 41 50,tails,minor,1
2022-12-02T08:24:00Z,642,59 32 54 55 17 45 12 65 56 78 7 73 35 28 66 14 1 58 16 37,evens,minor,1
2022-12-02T08:27:00Z,643,31 38 20 17 4 57 48 26 77 30 80 3 56 71 14 7 10 9 76 51,heads,major,1
2022-12-02T08:30:00Z,644,44 11 80 53 47 70 39 24 45 10 36 14 33 40 58 9 68 79 46 29,evens,minor,1
2022-12-02T08:33:00Z,645,1 70 20 71 66 64 34 5 4 35 62 72 24 40 45 55 14 39 6 49,heads,regular,2
2022-12-02T08:36:00Z,647,15 29 79 42 76 66 9 6 44 27 33 11 1 32 28 18 62 77 41 61,heads,regular,3
2022-12-02T08:39:00Z,648,69 33 17 40 16 6 24 68 45 23 70 72 44 41 79 80 4 57 54 8,tails,minor,3
2022-12-02T08:42:00Z,649,68 64 6 76 15 25 10 48 1 16 35 56 79 36 58 38 67 62 27 69,evens,minor,3
2022-12-02T08:45:00Z,650,15 33 39 22 24 21 1 44 2 65 79 75 51 54 71 68 16 63 35 48,evens,minor,3
2022-12-02T08:48:00Z,651,55 76 61 52 41 59 27 26 33 38 42 67 39 73 48 63 7 10 37 24,tails,regular,2
2022-12-02T08:51:00Z,652,26 43 78 1 12 54 65 59 23 68 29 72 71 17 74 5 51 77 35 8,tails,minor,2
2022-12-02T08:54:00Z,653,38 23 22 47 79 52 2 73 26 19 5 17 65 32 64 66 56 59 31 74,evens,minor,3
2022-12-02T08:57:00Z,654,48 66 25 59 70 47 43 9 37 33 27 63 39 79 61 74 45 52 65 12,tails,regular,1
2022-12-02T09:00:00Z,656,79 60 49 33 32 6 19 74 27 70 9 76 39 75 25 68 26 73 3 1,heads,minor,2
2022-12-02T09:03:00Z,657,6 29 33 24 18 68 66 79 63 22 9 67 35 34 19 42 50 55 4 32,heads,regular,1
2022-12-02T09:06:00Z,658,63 58 29 35 61 1 47 5 36 45 54 23 56 13 73 28 9 14 11 30,heads,regular,1
2022-12-02T09:09:00Z,659,49 20 2 41 7 69 14 52 61 40 64 65 43 12 26 1 80 63 31 6,evens,major,1
2022-12-02T09:12:00Z,660,14 62 37 1 25 4 51 61 53 19 64 41 67 11 54 27 20 28 34 78,heads,minor,1
2022-12-02T09:15:00Z,661,19 28 67 56 72 39 4 57 9 69 79 15 52 65 3 54 50 22 26 46,tails,minor,1
2022-12-02T09:18:00Z,662,52 3 13 58 15 8 7 71 40 34 4 2 28 64 80 23 29 6 68 5,heads,regular,2
2022-12-02T09:21:00Z,663,60 18 59 66 22 38 79 24 46 54 10 71 32 31 77 64 73 3 61 36,tails,regular,3
2022-12-02T09:24:00Z,665,8 9 5 36 35 71 11 78 48 17 51 64 75 38 15 16 20 73 37 24,heads,regular,2
2022-12-02T09:27:00Z,666,33 48 58 15 22 35 72 70 19 45 40 56 24 30 10 41 77 12 32 66,heads,minor,10
2022-12-02T09:30:00Z,667,18 20 45 16 59 11 42 64 71 24 49 35 7 34 21 26 76 19 75 28,heads,regular,3
2022-12-02T09:33:00Z,668,78 21 9 24 79 62 77 14 27 36 25 35 40 34 7 15 56 41 60 26,heads,minor,2
2022-12-02T09:36:00Z,669,62 75 12 26 43 23 73 46 22 48 69 74 60 39 59 24 4 10 34 77,tails,regular,2
2022-12-02T09:39:00Z,670,54 65 73 79 3 78 30 32 72 35 20 77 44 64 9 69 66 10 2 21,tails,regular,1
2022-12-02T09:42:00Z,671,8 18 32 65 20 53 45 60 17 10 73 1 80 70 39 61 25 68 7 12,heads,major,2
2022-12-02T09:45:00Z,672,12 53 65 8 35 10 16 25 52 79 1 71 14 20 17 41 78 4 69 46,heads,regular,3
2022-12-02T09:48:00Z,674,50 9 33 69 54 5 44 73 40 15 68 19 55 29 52 74 39 8 60 47,tails,regular,2
2022-12-02T09:51:00Z,675,72 77 5 60 61 79 58 8 14 55 47 70 64 43 53 11 51 56 28 33,tails,regular,3
2022-12-02T09:54:00Z,676,32 25 16 14 46 77 52 5 62 24 42 35 11 30 67 4 29 55 28 44,heads,regular,1
2022-12-02T09:57:00Z,677,39 26 62 40 45 7 60 64 52 29 15 42 13 28 47 78 22 75 74 3,evens,regular,3
2022-12-02T10:00:00Z,678,26 7 35 76 13 42 25 18 72 71 19 55 79 38 47 28 61 77 31 29,heads,regular,2
2022-12-02T10:03:00Z,679,57 68 67 30 7 51 58 62 37 6 76 27 78 22 33 35 23 5 72 53,evens,regular,3
2022-12-02T10:06:00Z,680,14 44 34 56 74 47 18 73 12 5 77 62 57 45 8 59 30 72 3 20,tails,regular,2
2022-12-02T10:09:00Z,681,18 27 22 24 66 7 28 45 51 19 74 62 36 13 60 49 56 8 69 72,evens,major,2
2022-12-02T10:12:00Z,683,80 23 20 76 65 59 14 44 31 66 73 74 22 47 15 27 53 7 46 58,tails,regular,2
2022-12-02T10:15:00Z,684,7 29 14 50 10 37 47 61 8 74 21 1 44 52 5 24 75 67 9 32,heads,minor,3
2022-12-02T10:18:00Z,685,61 3 43 9 19 7 56 52 30 16 8 37 63 27 66 22 20 12 51 50,heads,regular,2
2022-12-02T10:21:00Z,686,33 67 65 55 21 63 43 62 16 30 42 14 20 17 13 31 59 11 12 52,heads,regular,3
2022-12-02T10:24:00Z,687,66 41 57 46 30 10 32 6 36 1 8 15 62 14 47 40 54 80 11 20,heads,minor,1
2022-12-02T10:27:00Z,688,24 18 17 15 16 21 33 50 2 12 26 41 65 42 45 22 4 70 69 27,heads,minor,3
2022-12-02T10:30:00Z,689,22 34 58 44 32 28 62 19 52 36 54 14 41 17 10 40 4 15 51 53,heads,regular,1
2022-12-02T10:33:00Z,690,49 50 2 58 16 3 71 80 79 46 28 22 14 77 38 15 54 19 48 21,evens,minor,4
2022-12-02T10:36:00Z,692,15 63 44 28 18 43 74 38 11 33 5 54 1 64 76 4 41 31 60 7,heads,regular,1
2022-12-02T10:39:00Z,693,26 65 16 32 31 40 58 17 62 68 3 15 43 5 21 44 35 51 4 52,heads,minor,5
2022-12-02T10:42:00Z,694,80 63 18 23 67 71 48 44 52 73 56 69 79 78 26 10 25 75 34 30,tails,minor,4
2022-12-02T10:45:00Z,695,12 74 72 52 51 30 2 21 19 69 10 48 47 15 41 60 46 62 68 4,tails,regular,2
2022-12-02T10:48:00Z,696,72 36 40 49 68 26 6 5 75 50 27 69 19 42 67 62 61 57 48 37,tails,minor,3
2022-12-02T10:51:00Z,697,48 80 28 27 31 3 71 4 13 14 52 70 21 12 58 43 63 49 67 20,evens,regular,3
2022-12-02T10:54:00Z,698,42 7 3 29 20 63 5 80 26 39 8 69 37 78 23 9 60 45 15 2,heads,regular,3
2022-12-02T10:57:00Z,699,44 78 62 19 25 46 24 38 28 17 66 37 15 51 41 59 4 31 56 18,heads,regular,1
2022-12-02T11:00:00Z,701,55 12 24 7 58 17 59 13 26 5 32 16 74 36 11 54 46 37 50 21,heads,regular,1
2022-12-02T11:03:00Z,702,42 21 62 68 33 44 64 22 37 78 49 8 47 2 45 77 1 79 36 72,tails,regular,1
2022-12-02T11:06:00Z,703,77 31 74 3 20 59 39 19 52 56 13 5 65 21 4 58 28 48 38 26,heads,regular,1
2022-12-02T11:09:00Z,704,78 61 4 74 70 40 6 17 73 30 1 43 23 26 52 27 44 65 2 8,heads,regular,3
2022-12-02T11:12:00Z,705,61 24 53 20 6 69 8 64 37 66 70 11 72 30 19 18 59 21 65 14,heads,minor,3
2022-12-02T11:15:00Z,706,68 33 32 29 65 53 60 13 42 18 48 16 24 7 64 80 40 21 45 69,evens,major,1
2022-12-02T11:18:00Z,707,5 52 32 58 46 79 66 70 53 18 73 40 4 48 63 54 6 77 39 10,tails,major,1
2022-12-02T11:21:00Z,708,25 33 29 41 31 43 19 64 49 13 54 72 16 27 37 48 2 6 45 77,heads,regular,2
2022-12-02T11:24:00Z,710,63 64 19 45 80 53 66 67 16 7 1 60 43 25 62 75 44 3 31 68,tails,minor,1
2022-12-02T11:27:00Z,711,75 53 26 55 36 58 73 20 46 11 9 49 74 4 65 54 14 41 7 78,tails,major,4
2022-12-02T11:30:00Z,712,1 52 65 8 23 54 66 68 26 6 13 42 46 49 78 80 7 20 59 31,tails,regular,3
2022-12-02T11:33:00Z,713,31 5 34 53 80 48 55 41 74 13 11 28 32 15 7 27 58 69 52 63,evens,regular,3
2022-12-02T11:36:00Z,714,48 60 3 28 8 64 75 68 58 67 35 44 69 19 62 1 57 29 23 59,tails,minor,1
2022-12-02T11:39:00Z,715,43 64 50 35 74 71 76 12 55 14 33 72 80 27 2 61 22 53 42 4,tails,major,1
2022-12-02T11:42:00Z,716,48 61 79 30 80 42 18 72 1 21 52 44 50 59 74 68 5 46 6 40,tails,regular,2
2022-12-02T11:45:00Z,717,73 35 60 58 62 22 56 71 28 15 55 65 4 40 66 43 1 45 13 7,tails,regular,2
2022-12-02T11:48:00Z,719,7 16 65 2 63 61 42 31 56 5 6 75 34 20 52 3 19 35 62 76,heads,minor,1
2022-12-02T11:51:00Z,720,11 30 59 19 69 22 46 23 2 14 65 10 17 12 20 40 45 9 70 28,heads,regular,1
2022-12-02T11:54:00Z,721,60 71 73 69 27 72 39 18 59 52 63 34 33 70 65 44 75 28 16 68,tails,minor,1
2022-12-02T11:57:00Z,722,57 27 59 10 29 75 49 68 79 21 72 23 19 3 16 24 5 60 20 78,heads,regular,3
2022-12-02T12:00:00Z,723,21 49 80 1 35 54 75 23 19 58 5 56 42 60 2 14 59 38 13 33,heads,regular,1
2022-12-02T12:03:00Z,724,16 51 79 28 27 62 45 52 21 10 7 8 46 3 50 42 20 4 40 80,heads,regular,1
2022-12-02T12:06:00Z,725,73 65 39 22 40 43 25 79 71 32 34 8 75 63 17 9 38 11 78 68,heads,major,1
2022-12-02T12:09:00Z,726,29 57 26 64 44 76 38 25 55 41 32 37 78 69 21 23 49 30 10 1,heads,minor,10
2022-12-02T12:12:00Z,728,56 67 5 49 12 40 6 66 64 23 48 79 51 42 65 32 61 35 62 50,tails,minor,3
2022-12-02T12:15:00Z,729,2 17 11 59 29 77 58 32 22 33 69 35 39 41 24 21 36 34 26 71,heads,regular,1
2022-12-02T12:18:00Z,730,74 43 6 5 76 75 46 61 71 36 52 62 19 4 17 79 70 69 27 80,tails,regular,3
2022-12-02T12:21:00Z,731,72 2 77 41 7 20 74 61 51 46 33 50 52 31 16 12 48 17 53 39,tails,minor,1
2022-12-02T12:24:00Z,732,41 69 59 20 65 3 54 18 45 44 10 28 1 27 72 80 37 33 58 17,evens,minor,2
2022-12-02T12:27:00Z,733,3 11 33 47 8 46 26 40 23 58 34 10 64 52 76 55 44 18 37 24,heads,minor,1
2022-12-02T12:30:00Z,734,38 22 71 15 25 49 75 55 69 34 42 8 80 17 65 40 3 72 77 51,tails,regular,1
2022-12-02T12:33:00Z,735,59 79 10 32 9 72 2 40 19 28 7 75 37 3 1 8 53 45 56 15,heads,regular,3
2022-12-02T12:36:00Z,737,72 78 54 22 50 40 69 61 36 14 42 48 1 60 21 80 63 3 74 11,tails,regular,1
2022-12-02T12:39:00Z,738,34 14 10 32 47 4 45 31 70 24 11 58 78 66 80 71 15 1 33 18,heads,minor,2
2022-12-02T12:42:00Z,739,79 25 38 56 65 18 33 3 23 78 66 68 62 10 71 39 43 35 21 2,heads,minor,1
2022-12-02T12:45:00Z,740,53 76 62 8 70 24 32 37 15 17 54 36 50 5 43 31 39 35 52 65,heads,regular,3
2022-12-02T12:48:00Z,741,11 37 21 75 77 6 16 56 23 3 48 63 61 15 57 80 69 65 60 31,tails,minor,1
2022-12-02T12:51:00Z,742,60 66 40 59 50 41 16 11 56 2 14 77 67 12 43 15 6 19 7 80,evens,regular,1
2022-12-02T12:54:00Z,743,34 22 75 2 66 27 29 45 69 56 39 6 67 58 76 42 49 59 4 79,tails,regular,3
2022-12-02T12:57:00Z,744,66 59 75 42 67 48 15 31 2 62 52 53 80 14 43 39 27 26 38 32,tails,minor,2
2022-12-02T13:00:00Z,746,13 57 15 21 54 67 34 60 3 36 65 33 47 22 72 69 68 78 6 45,tails,minor,2
2022-12-02T13:03:00Z,747,71 38 70 2 59 47 22 37 27 60 4 13 20 33 52 57 5 19 12 76,heads,minor,2
2022-12-02T13:06:00Z,748,71 32 5 25 67 49 72 45 10 31 51 21 11 18 36 13 56 58 68 3,heads,minor,2
2022-12-02T13:09:00Z,749,3 33 32 30 22 2 25 36 80 71 18 24 60 27 37 47 78 65 70 52,heads,regular,1
2022-12-02T13:12:00Z,750,18 5 65 55 41 69 74 62 35 10 44 30 61 34 72 57 56 53 14 23,tails,regular,2
2022-12-02T13:15:00Z,751,32 15 25 3 20 40 72 77 71 69 78 22 75 47 46 60 52 7 37 64,tails,regular,1
2022-12-02T13:18:00Z,752,37 14 15 21 43 1 59 17 29 55 38 2 42 36 6 32 48 76 52 69,heads,regular,1
2022-12-02T13:21:00Z,753,9 24 63 58 46 31 23 21 38 11 6 8 59 78 41 2 49 56 44 3,heads,regular,3
2022-12-02T13:24:00Z,755,7 31 80 65 44 19 67 21 35 40 73 14 46 5 23 1 72 10 51 58,heads,regular,1
2022-12-02T13:27:00Z,756,4 57 69 26 61 28 9 74 60 34 43 22 67 23 52 15 65 78 6 13,evens,major,2
2022-12-02T13:30:00Z,757,79 30 16 42 74 70 77 15 14 56 31 78 20 54 26 1 62 75 6 21,evens,minor,1
2022-12-02T13:33:00Z,758,39 8 29 51 80 24 30 55 52 21 62 4 75 60 57 43 53 47 25 73,tails,regular,1
2022-12-02T13:36:00Z,759,6 44 14 35 21 8 56 13 42 3 36 19 54 15 80 55 2 46 74 75,heads,regular,1
2022-12-02T13:39:00Z,760,9 18 61 43 73 22 55 29 6 5 34 4 51 8 37 3 49 53 19 75,heads,regular,3
2022-12-02T13:42:00Z,761,24 22 54 61 20 57 8 29 73 30 70 18 47 72 39 33 7 9 52 16,heads,regular,1
2022-12-02T13:45:00Z,762,32 76 79 62 46 42 11 36 55 18 75 50 40 60 61 67 39 37 5 58,tails,minor,1
2022-12-02T13:48:00Z,764,36 40 28 46 61 27 42 43 11 35 14 80 13 38 24 6 66 17 68 48,heads,major,1
2022-12-02T13:51:00Z,765,20 76 32 55 2 58 43 49 19 18 42 25 9 28 67 6 59 4 77 24,heads,regular,1
2022-12-02T13:54:00Z,766,43 16 79 11 18 77 2 22 17 80 20 52 76 56 58 3 10 9 31 45,heads,major,1
2022-12-02T13:57:00Z,767,23 75 60 41 58 70 32 29 14 71 39 30 13 48 66 36 7 9 3 1,heads,major,1
2022-12-02T14:00:00Z,768,49 23 40 78 64 70 8 63 29 66 17 79 3 62 2 61 43 68 9 73,tails,minor,1
2022-12-02T14:03:00Z,769,14 73 8 13 66 54 36 28 32 43 65 6 3 51 74 45 61 41 37 50,tails,regular,1
2022-12-02T14:06:00Z,770,55 67 14 75 33 18 2 26 52 17 16 6 64 19 60 22 50 66 70 61,evens,minor,1
2022-12-02T14:09:00Z,771,4 61 77 43 40 58 39 22 27 50 20 15 8 12 47 63 80 38 65 6,heads,regular,2
2022-12-02T14:12:00Z,773,23 40 13 78 43 60 45 77 3 53 30 29 56 49 16 57 42 1 66 8,tails,regular,1
2022-12-02T14:15:00Z,774,39 70 79 25 68 48 37 22 23 32 6 33 65 77 1 26 53 73 15 64,heads,minor,3
2022-12-02T14:18:00Z,775,2 54 28 49 27 30 58 16 61 5 48 56 25 19 71 35 74 26 37 77,heads,regular,2
2022-12-02T14:21:00Z,776,55 19 64 77 73 28 23 76 16 32 6 27 39 18 80 7 33 51 63 31,heads,regular,1
2022-12-02T14:24:00Z,777,65 5 50 14 22 47 45 68 42 62 53 60 4 56 13 25 21 31 15 46,tails,regular,3
2022-12-02T14:27:00Z,778,34 15 65 10 80 54 11 50 24 17 12 26 68 69 29 22 28 32 8 67,heads,minor,10
2022-12-02T14:30:00Z,779,15 72 53 60 39 62 51 33 43 27 66 67 76 55 45 14 41 38 35 34,tails,regular,1
2022-12-02T14:33:00Z,780,27 71 51 47 7 54 45 2 4 72 67 33 53 3 55 20 37 50 36 35,evens,minor,4
2022-12-02T14:36:00Z,782,29 12 75 10 78 11 35 8 24 5 72 55 66 37 33 17 61 65 27 48,heads,regular,1
2022-12-02T14:39:00Z,783,15 63 66 56 71 69 40 72 25 35 9 21 77 28 41 70 32 55 46 10,tails,regular,1
2022-12-02T14:42:00Z,784,69 38 26 77 71 80 64 8 2 29 5 10 18 17 42 33 53 58 70 41,evens,minor,2
2022-12-02T14:45:00Z,785,78 62 29 35 23 76 66 45 20 39 19 50 17 37 9 60 24 33 67 68,heads,regular,3
2022-12-02T14:48:00Z,786,64 49 7 80 1 53 9 60 6 65 66 19 15 35 17 23 58 54 8 39,heads,regular,1
2022-12-02T14:51:00Z,787,74 15 54 13 49 75 27 29 40 44 5 33 24 35 48 14 62 32 20 19,heads,regular,3
2022-12-02T14:54:00Z,788,42 19 13 16 3 26 77 72 17 7 76 21 55 67 10 30 75 24 32 11,heads,regular,1
2022-12-02T14:57:00Z,789,15 36 69 20 29 61 54 30 33 73 66 64 65 68 49 22 41 31 40 5,evens,minor,2
2022-12-02T15:00:00Z,791,9 39 21 12 74 15 62 64 79 19 5 45 16 71 2 11 69 37 59 47,heads,regular,3
2022-12-02T15:03:00Z,792,67 56 78 32 39 55 52 64 45 27 65 72 30 15 75 14 18 54 68 53,tails,minor,2
2022-12-02T15:06:00Z,793,26 48 63 25 61 38 22 60 74 55 21 2 73 35 8 66 7 39 67 4,heads,regular,3
2022-12-02T15:09:00Z,794,60 10 13 49 18 59 15 30 42 74 20 9 68 41 37 72 70 14 44 47,tails,regular,1
2022-12-02T15:12:00Z,795,73 27 72 38 79 7 3 46 77 40 32 45 23 18 67 29 41 39 43 20,heads,regular,2
2022-12-02T15:15:00Z,796,40 54 9 46 24 73 45 57 65 75 64 4 18 78 61 70 55 72 28 62,tails,minor,5
2022-12-02T15:18:00Z,797,31 12 80 21 73 6 60 23 33 46 70 48 42 32 59 7 45 61 30 64,tails,regular,2
2022-12-02T15:21:00Z,798,71 51 17 21 78 72 27 13 79 63 74 26 24 25 37 14 29 11 65 49,heads,regular,2
2022-12-02T15:24:00Z,800,38 4 19 1 16 27 44 41 43 62 70 29 33 10 6 77 18 54 64 53,heads,minor,1
2022-12-02T15:27:00Z,801,73 36 29 38 37 18 63 8 51 30 4 43 69 19 3 70 54 5 59 65,heads,regular,3
2022-12-02T15:30:00Z,802,59 15 43 79 54 33 23 14 4 41 47 65 68 78 56 37 2 52 3 40,tails,regular,1
2022-12-02T15:33:00Z,803,19 6 50 37 57 71 49 31 8 11 38 60 21 79 44 47 72 13 18 4,heads,regular,2
2022-12-02T15:36:00Z,804,52 76 9 41 34 61 33 37 3 5 13 74 60 1 78 47 42 28 7 10,heads,regular,1
2022-12-02T15:39:00Z,805,44 36 10 55 68 30 9 61 37 69 18 79 15 1 45 4 80 64 13 2,heads,regular,3
2022-12-02T15:42:00Z,806,21 46 15 48 52 37 56 14 60 7 3 55 54 44 36 40 27 45 29 43,evens,regular,1
2022-12-02T15:45:00Z,807,56 77 51 39 40 22 58 76 3 61 52 60 73 42 74 66 14 43 25 70,tails,regular,1
2022-12-02T15:48:00Z,809,57 8 70 3 54 66 18 23 24 71 27 68 1 12 26 58 51 46 47 55,tails,major,1
2022-12-02T15:51:00Z,810,8 56 52 9 12 75 20 5 33 25 49 19 51 22 32 60 41 15 64 67,heads,regular,1
2022-12-02T15:54:00Z,811,75 57 7 56 67 4 9 55 36 2 11 32 66 80 12 25 22 34 33 3,heads,regular,1
2022-12-02T15:57:00Z,812,79 68 25 69 3 16 11 57 45 21 43 75 78 9 71 56 29 27 5 36,evens,minor,10
2022-12-02T16:00:00Z,813,40 42 56 44 28 34 12 35 57 71 39 70 69 32 38 17 25 9 47 22,heads,minor,3
2022-12-02T16:03:00Z,814,46 49 66 72 10 31 3 51 47 34 50 48 15 27 78 11 60 79 77 52,tails,regular,2
2022-12-02T16:06:00Z,815,44 69 52 71 48 78 22 15 17 53 51 43 50 19 5 65 24 45 36 60,tails,regular,3
2022-12-02T16:09:00Z,816,5 31 79 39 66 17 72 16 53 33 71 73 67 57 28 44 49 59 35 27,tails,regular,5
2022-12-02T16:12:00Z,818,39 17 4 44 3 40 13 79 5 60 77 57 41 74 38 51 43 32 53 65,tails,minor,1
2022-12-02T16:15:00Z,819,4 40 22 74 41 21 57 50 23 72 62 32 70 44 17 20 68 15 76 24,evens,minor,1
2022-12-02T16:18:00Z,820,13 71 14 41 19 55 6 60 48 18 11 17 57 33 80 50 4 16 38 53,heads,major,3
2022-12-02T16:21:00Z,821,40 80 18 36 50 54 29 47 26 37 74 63 45 42 78 10 52 23 61 69,tails,minor,1
2022-12-02T16:24:00Z,822,66 45 64 28 51 30 3 12 39 24 35 13 54 29 59 68 48 17 2 65,heads,regular,2
2022-12-02T16:27:00Z,823,2 67 71 46 75 69 65 49 80 27 70 14 10 42 4 23 39 54 17 6,tails,major,4
2022-12-02T16:30:00Z,824,1 69 50 55 34 4 15 16 42 29 63 7 35 45 79 18 43 75 26 14,heads,regular,3
2022-12-02T16:33:00Z,825,71 67 4 27 73 31 22 50 12 19 65 68 56 6 69 9 49 32 51 30,evens,minor,2
2022-12-02T16:36:00Z,827,61 2 66 63 18 21 20 75 1 79 80 55 30 11 10 28 29 13 65 54,heads,minor,2
2022-12-02T16:39:00Z,828,20 42 18 28 14 60 4 71 26 66 11 32 33 74 80 68 52 61 53 55,tails,minor,2
2022-12-02T16:42:00Z,829,56 61 39 80 31 58 4 55 23 11 46 25 77 26 75 73 67 7 72 63,tails,minor,1
2022-12-02T16:45:00Z,830,18 54 16 5 32 37 31 51 78 19 9 46 60 39 66 21 6 40 30 49,heads,regular,3
2022-12-02T16:48:00Z,831,34 42 55 24 14 10 54 17 58 70 15 76 78 8 26 23 31 50 69 68,evens,regular,2
2022-12-02T16:51:00Z,832,42 9 68 13 79 26 16 56 12 51 59 22 20 21 47 40 62 29 32 8,heads,regular,3
2022-12-02T16:54:00Z,833,78 66 45 8 3 80 33 73 53 14 10 65 21 60 19 30 26 42 17 64,evens,regular,1
2022-12-02T16:57:00Z,834,56 52 77 4 67 71 3 44 63 16 25 78 79 57 34 45 32 61 29 21,tails,major,1
2022-12-02T17:00:00Z,836,34 70 29 16 46 12 73 68 30 17 48 43 54 10 55 56 63 60 59 35,tails,regular,2
2022-12-02T17:03:00Z,837,54 51 7 69 34 57 75 56 17 1 26 21 73 9 27 20 29 58 46 15,heads,minor,3
2022-12-02T17:06:00Z,838,62 33 77 15 43 47 4 59 40 71 64 8 16 44 6 5 70 75 69 22,tails,major,4
2022-12-02T17:09:00Z,839,28 74 78 26 54 13 49 71 24 16 44 22 25 70 42 41 43 52 47 65,tails,regular,1
2022-12-02T17:12:00Z,840,50 5 36 66 19 28 70 14 55 4 13 32 43 63 33 9 38 56 26 53,heads,regular,1
2022-12-02T17:15:00Z,841,26 80 49 58 39 40 15 20 74 65 48 30 42 67 1 43 76 59 62 34,tails,minor,1
2022-12-02T17:18:00Z,842,45 9 27 28 11 19 78 49 37 34 16 23 25 1 70 18 67 72 56 55,heads,regular,3
2022-12-02T17:21:00Z,843,27 80 29 6 52 23 62 57 77 74 47 69 21 70 1 18 65 59 66 41,tails,regular,1
2022-12-02T17:24:00Z,845,59 13 58 43 23 28 72 80 67 6 1 78 5 68 62 3 52 26 76 50,tails,regular,3
2022-12-02T17:27:00Z,846,62 2 68 47 41 69 4 19 13 63 24 80 43 28 58 8 16 33 38 17,heads,regular,1
2022-12-02T17:30:00Z,847,76 69 66 14 31 74 1 64 38 40 72 52 73 33 35 41 4 22 28 51,evens,regular,1
2022-12-02T17:33:00Z,848,58 27 57 15 38 40 18 34 61 21 66 55 32 23 65 35 52 53 12 70,heads,minor,1
2022-12-02T17:36:00Z,849,62 79 28 59 12 14 75 15 38 35 3 26 8 2 76 13 45 40 66 77,heads,regular,1
2022-12-02T17:39:00Z,850,56 80 67 3 19 70 64 21 5 17 26 51 72 20 31 29 45 43 24 16,heads,regular,1
2022-12-02T17:42:00Z,851,54 63 77 67 55 7 78 76 26 30 75 40 15 56 19 3 69 65 59 12,tails,regular,1
2022-12-02T17:45:00Z,852,36 10 27 4 13 72 51 50 6 66 74 77 1 45 54 43 67 52 60 16,tails,regular,3
2022-12-02T17:48:00Z,854,61 59 70 58 46 72 19 5 24 74 16 65 3 51 78 62 8 66 42 13,tails,minor,1
2022-12-02T17:51:00Z,855,43 27 69 32 37 42 80 39 23 7 59 26 40 35 77 78 36 47 25 57,heads,regular,1
2022-12-02T17:54:00Z,856,39 71 14 23 16 69 18 54 15 56 52 11 59 4 47 36 79 66 77 80,tails,minor,3
2022-12-02T17:57:00Z,857,23 8 1 5 26 69 17 9 31 2 64 24 47 65 18 30 28 53 73 12,heads,regular,3
2022-12-02T18:00:00Z,858,5 41 45 25 7 73 6 29 67 14 8 51 64 42 31 58 28 18 74 72,evens,regular,4
2022-12-02T18:03:00Z,859,61 46 24 62 53 80 18 42 20 54 6 7 35 48 23 50 70 49 39 33,tails,regular,1
2022-12-02T18:06:00Z,860,62 47 50 30 68 79 38 21 59 10 51 60 76 69 15 64 23 9 33 36,tails,regular,2
2022-12-02T18:09:00Z,861,43 4 70 13 3 37 75 8 17 46 33 19 51 20 66 41 34 59 6 45,heads,regular,2
2022-12-02T18:12:00Z,863,77 19 36 80 28 47 79 24 7 64 38 11 6 29 20 25 59 66 22 23,heads,minor,2
2022-12-02T18:15:00Z,864,38 12 55 77 54 4 25 57 62 14 78 27 28 16 80 11 30 36 73 43,heads,regular,1
2022-12-02T18:18:00Z,865,75 4 52 77 19 46 37 13 43 59 22 23 67 33 55 62 56 16 64 72,tails,minor,1
2022-12-02T18:21:00Z,866,9 3 4 41 22 34 63 74 62 33 29 35 25 6 57 2 67 47 50 30,heads,regular,1
2022-12-02T18:24:00Z,867,70 21 73 6 55 63 41 9 10 5 61 59 13 62 56 4 45 36 29 52,tails,regular,3
2022-12-02T18:27:00Z,868,36 25 13 78 45 57 67 32 70 14 71 55 24 40 6 5 74 27 1 80,heads,regular,1
2022-12-02T18:30:00Z,869,21 59 68 53 41 42 4 27 44 63 19 49 16 48 36 37 26 43 78 22,tails,regular,3
2022-12-02T18:33:00Z,870,59 55 14 20 19 16 41 29 30 23 75 52 39 18 47 46 65 50 12 17,heads,minor,5
2022-12-02T18:36:00Z,872,14 65 62 79 20 39 44 32 72 76 63 24 71 25 29 42 26 43 48 21,tails,minor,1
2022-12-02T18:39:00Z,873,43 78 28 6 47 70 35 32 8 62 4 33 77 71 63 58 16 60 29 34,evens,regular,1
2022-12-02T18:42:00Z,874,10 70 8 62 18 5 16 30 26 4 29 34 39 53 23 40 19 71 73 48,heads,regular,1
2022-12-02T18:45:00Z,875,27 8 11 9 54 60 63 70 73 79 35 21 62 5 71 67 61 39 50 42,tails,minor,1
2022-12-02T18:48:00Z,876,43 16 3 1 64 30 67 56 68 42 23 14 17 44 46 45 18 19 52 59,tails,minor,5
2022-12-02T18:51:00Z,877,35 57 56 21 76 48 61 64 19 15 26 41 34 54 40 68 80 33 30 10,evens,minor,2
2022-12-02T18:54:00Z,878,49 70 19 43 44 6 41 15 8 20 16 40 39 12 27 9 59 25 56 26,heads,regular,3
2022-12-02T18:57:00Z,879,39 38 62 32 68 79 37 19 20 70 66 16 44 30 77 13 1 72 57 6,heads,regular,2
2022-12-02T19:00:00Z,881,69 7 77 45 39 2 27 23 1 49 17 48 72 20 8 59 74 9 57 38,heads,regular,1
2022-12-02T19:03:00Z,882,11 58 49 65 16 50 60 37 25 67 13 27 75 6 64 44 7 45 55 70,tails,minor,2
2022-12-02T19:06:00Z,883,15 31 57 43 69 22 40 77 14 62 23 42 68 17 67 78 1 46 6 56,tails,regular,1
2022-12-02T19:09:00Z,884,16 40 14 54 19 33 21 26 61 64 43 2 44 39 66 5 48 57 32 70,heads,regular,5
2022-12-02T19:12:00Z,885,15 78 31 53 80 49 71 34 64 52 66 18 48 58 47 37 68 29 22 3,tails,regular,1
2022-12-02T19:15:00Z,886,8 13 80 36 17 72 4 28 59 79 70 53 66 76 45 1 61 18 21 68,tails,regular,2
2022-12-02T19:18:00Z,887,44 3 79 60 14 38 34 55 49 17 19 35 28 22 58 80 6 63 15 37,heads,regular,3
2022-12-02T19:21:00Z,888,53 45 24 62 72 14 54 56 33 66 20 68 59 28 6 18 65 46 21 77,tails,regular,1
2022-12-02T19:24:00Z,890,66 74 7 42 30 2 34 51 80 3 16 32 78 48 49 23 43 56 64 45,tails,regular,2
2022-12-02T19:27:00Z,891,18 27 32 60 56 44 51 30 64 79 31 7 16 34 39 66 24 73 37 26,heads,minor,2
2022-12-02T19:30:00Z,892,34 24 28 56 80 43 17 29 20 8 38 63 58 61 59 42 49 77 18 3,evens,regular,1
2022-12-02T19:33:00Z,893,38 11 33 59 15 54 58 62 79 10 13 31 27 29 40 41 28 78 4 39,heads,regular,2
2022-12-02T19:36:00Z,894,26 21 80 64 70 30 72 13 35 22 42 31 47 78 67 58 77 73 79 74,tails,regular,1
2022-12-02T19:39:00Z,895,73 74 64 52 45 33 5 51 34 37 17 68 6 79 49 8 42 54 27 23,tails,regular,3
2022-12-02T19:42:00Z,896,34 74 32 41 73 50 48 22 26 31 10 36 69 39 47 76 38 24 51 45,evens,regular,1
2022-12-02T19:45:00Z,897,27 16 60 21 74 42 20 50 65 49 22 33 6 31 77 61 23 9 14 46,heads,major,1
2022-12-02T19:48:00Z,899,34 27 57 20 29 22 21 63 56 37 54 8 46 42 12 79 25 5 44 70,heads,minor,1
2022-12-02T19:51:00Z,900,40 12 1 5 56 33 22 32 28 61 6 64 53 42 3 15 41 17 80 44,heads,minor,1
2022-12-02T19:54:00Z,901,39 53 76 38 40 20 70 27 9 52 28 30 24 58 26 31 48 7 50 80,heads,major,2
2022-12-02T19:57:00Z,902,70 71 43 13 75 60 30 47 68 37 26 41 61 4 73 33 20 35 12 76,tails,minor,1
2022-12-02T20:00:00Z,903,52 67 12 59 53 79 23 34 16 39 71 21 27 13 60 68 11 41 46 63,tails,regular,1
2022-12-02T20:03:00Z,904,62 30 80 15 13 27 46 28 67 63 7 5 17 34 1 38 21 11 56 18,heads,regular,3
2022-12-02T20:06:00Z,905,66 57 38 56 59 2 78 77 45 73 54 74 48 18 39 40 7 61 64 14,tails,minor,3
2022-12-02T20:09:00Z,906,56 55 4 36 22 53 38 61 31 32 70 12 43 1 74 44 16 14 73 69,evens,regular,3
2022-12-02T20:12:00Z,908,16 43 25 45 38 64 19 74 24 60 80 34 55 21 18 49 69 76 11 26,evens,minor,1
2022-12-02T20:15:00Z,909,15 10 56 64 54 6 8 14 20 36 76 9 2 62 7 29 59 57 68 3,heads,minor,1
2022-12-02T20:18:00Z,910,25 52 31 13 22 51 79 27 56 38 54 23 60 74 42 21 35 47 62 37,evens,regular,2
2022-12-02T20:21:00Z,911,2 16 35 9 43 1 5 37 18 56 33 26 42 36 7 55 8 75 63 72,heads,regular,3
2022-12-02T20:24:00Z,912,1 26 16 71 17 41 67 30 20 76 33 32 25 11 63 55 8 31 14 12,heads,regular,1
2022-12-02T20:27:00Z,913,10 38 79 67 55 52 53 23 22 9 36 49 17 12 75 7 31 29 46 44,heads,regular,5
2022-12-02T20:30:00Z,914,57 7 25 5 16 10 36 63 68 27 2 29 54 65 31 51 23 19 48 17,heads,regular,1
2022-12-02T20:33:00Z,915,53 68 26 58 36 34 73 4 15 64 1 38 70 39 60 21 78 28 80 17,heads,regular,3
2022-12-02T20:36:00Z,917,8 75 33 76 13 31 36 73 25 5 60 6 22 21 3 34 63 64 17 71,heads,regular,1
2022-12-02T20:39:00Z,918,78 74 67 27 75 37 6 62 2 34 66 21 55 8 20 24 50 70 13 11,heads,regular,1
2022-12-02T20:42:00Z,919,8 3 29 63 65 15 30 34 7 19 80 35 52 17 64 2 56 31 23 24,heads,regular,1
2022-12-02T20:45:00Z,920,71 49 43 34 67 58 36 76 7 20 28 14 13 33 66 74 42 77 5 2,evens,regular,1
2022-12-02T20:48:00Z,921,6 52 26 41 12 35 69 76 77 73 23 55 50 24 28 78 79 58 68 34,tails,regular,1
2022-12-02T20:51:00Z,922,22 26 69 62 10 9 13 36 14 52 35 33 76 78 72 53 64 16 56 25,heads,regular,3
2022-12-02T20:54:00Z,923,9 76 73 16 14 5 6 7 37 78 42 41 28 80 12 58 23 20 61 72,heads,regular,4
2022-12-02T20:57:00Z,924,1 45 34 26 76 75 21 80 59 19 77 39 18 58 27 43 56 32 28 48,evens,regular,4
2022-12-02T21:00:00Z,926,61 22 5 78 50 56 46 55 79 30 24 52 75 27 70 8 23 7 1 36,evens,minor,10
2022-12-02T21:03:00Z,927,63 64 11 39 80 73 68 70 65 23 42 28 57 49 46 71 38 2 19 62,tails,minor,3
2022-12-02T21:06:00Z,928,26 5 69 34 20 42 58 71 13 60 59 67 72 54 37 24 53 25 39 74,tails,regular,1
2022-12-02T21:09:00Z,929,60 76 43 70 10 30 21 25 58 14 57 26 44 39 20 11 62 32 31 23,heads,regular,2
2022-12-02T21:12:00Z,930,26 13 64 28 29 72 8 23 55 53 22 54 75 59 78 19 57 33 39 50,evens,regular,3
2022-12-02T21:15:00Z,931,48 75 78 17 10 9 2 59 43 21 55 64 57 11 22 76 70 25 7 67,tails,regular,3
2022-12-02T21:18:00Z,932,21 17 41 53 37 35 68 59 3 8 75 46 57 40 69 18 13 44 76 33,evens,regular,1
2022-12-02T21:21:00Z,933,39 22 47 9 34 15 23 35 75 45 18 24 60 74 67 26 2 44 51 40,heads,regular,3
2022-12-02T21:24:00Z,935,16 37 75 73 67 42 54 30 2 17 15 25 7 31 5 60 74 70 46 8,heads,regular,5
2022-12-02T21:27:00Z,936,77 63 68 74 25 56 24 72 37 19 5 22 14 38 61 48 49 41 33 58,tails,regular,1
2022-12-02T21:30:00Z,937,33 7 67 62 3 1 13 23 20 30 49 6 14 80 19 31 71 9 21 16,heads,major,1
2022-12-02T21:33:00Z,938,22 57 29 38 56 78 69 42 18 21 40 52 3 33 28 25 68 49 62 37,heads,major,1
2022-12-02T21:36:00Z,939,36 9 59 69 4 21 5 35 44 40 63 32 52 17 15 34 43 3 18 67,heads,regular,1
2022-12-02T21:39:00Z,940,33 59 44 37 8 15 12 19 71 11 28 73 18 3 79 50 27 70 20 22,heads,regular,5
2022-12-02T21:42:00Z,941,6 29 1 47 73 19 80 62 55 50 18 12 31 61 71 20 51 14 76 13,evens,regular,1
2022-12-02T21:45:00Z,942,21 48 52 10 49 65 54 57 60 66 78 26 13 22 44 58 30 36 5 59,tails,minor,1
2022-12-02T21:48:00Z,944,68 15 49 37 29 43 55 63 60 80 2 16 64 42 8 19 12 73 53 36,tails,regular,3
2022-12-02T21:51:00Z,945,5 21 66 79 8 24 67 7 68 62 75 23 70 3 53 36 20 56 55 41,tails,regular,2
2022-12-02T21:54:00Z,946,45 34 77 73 2 31 49 75 76 58 16 42 11 57 60 35 41 17 46 36,tails,regular,3
2022-12-02T21:57:00Z,947,80 5 11 68 19 47 56 12 6 22 52 64 36 14 26 27 28 79 2 55,heads,minor,1
2022-12-02T22:00:00Z,948,16 5 41 47 67 46 29 55 2 18 62 39 11 26 30 60 45 36 40 38,heads,regular,1
2022-12-02T22:03:00Z,949,42 74 33 52 20 8 64 34 28 63 53 45 31 18 70 54 39 79 56 49,tails,regular,1
2022-12-02T22:06:00Z,950,8 12 58 57 16 74 39 44 73 77 50 17 1 35 14 67 37 7 47 75,evens,minor,1
2022-12-02T22:09:00Z,951,69 58 68 65 16 11 75 28 14 18 48 55 8 19 6 78 64 39 74 52,tails,minor,2
2022-12-02T22:12:00Z,953,78 77 7 40 21 70 29 52 57 51 79 60 73 71 56 58 6 35 1 2,tails,regular,1
2022-12-02T22:15:00Z,954,1 79 23 56 53 14 8 30 31 80 41 66 24 10 13 72 67 17 62 6,heads,regular,2
2022-12-02T22:18:00Z,955,56 42 63 14 73 70 46 69 53 9 23 77 31 45 17 43 49 35 30 55,tails,regular,2
2022-12-02T22:21:00Z,956,42 8 3 18 4 28 26 16 38 79 20 19 29 48 55 36 46 40 14 25,heads,regular,3
2022-12-02T22:24:00Z,957,71 12 37 64 41 38 3 78 5 55 40 18 49 24 47 73 52 46 72 8,tails,regular,3
2022-12-02T22:27:00Z,958,41 6 45 63 13 12 60 39 29 2 65 33 72 18 46 20 11 47 17 34,heads,regular,1
2022-12-02T22:30:00Z,959,20 18 67 68 21 23 66 27 78 11 29 52 57 13 16 26 40 30 76 28,heads,minor,2
2022-12-02T22:33:00Z,960,4 19 44 35 75 37 16 53 70 8 30 57 39 13 64 10 36 63 12 3,heads,minor,5
2022-12-02T22:36:00Z,962,2 50 7 13 39 36 43 51 31 65 73 46 20 60 12 21 68 70 17 3,heads,minor,5
2022-12-02T22:39:00Z,963,11 66 27 77 21 56 40 3 49 47 25 37 17 36 57 19 63 32 53 67,heads,regular,2
2022-12-02T22:42:00Z,964,74 23 80 2 5 64 10 61 41 7 3 26 43 63 8 35 28 18 55 11,heads,regular,1
2022-12-02T22:45:00Z,965,77 35 29 73 80 20 26 10 44 64 47 66 23 46 51 28 8 17 11 18,heads,regular,1
2022-12-02T22:48:00Z,966,12 21 48 55 29 31 24 18 9 42 64 49 26 4 1 19 58 59 80 45,heads,regular,1
2022-12-02T22:51:00Z,967,2 24 36 42 69 56 63 47 57 72 80 21 52 6 3 32 64 26 76 51,tails,regular,1
2022-12-02T22:54:00Z,968,6 36 24 57 68 59 72 2 16 67 56 5 80 58 10 44 42 78 18 12,tails,regular,2
2022-12-02T22:57:00Z,969,51 26 12 21 55 74 48 37 61 7 36 31 9 17 34 42 5 53 8 68,heads,regular,1
2022-12-02T23:00:00Z,971,9 30 27 55 46 24 45 50 64 20 51 10 6 19 14 43 66 3 36 59,heads,regular,1
2022-12-02T23:03:00Z,972,12 80 23 40 28 31 27 75 46 37 69 77 79 24 61 19 65 74 9 44,evens,regular,3
2022-12-02T23:06:00Z,973,55 51 20 69 78 77 2 38 16 45 13 49 26 22 5 76 27 60 14 75,evens,regular,1
2022-12-02T23:09:00Z,974,33 60 58 30 27 78 3 17 16 63 49 45 70 51 28 8 14 47 9 32,heads,regular,2
2022-12-02T23:12:00Z,975,2 55 44 73 77 18 12 76 8 29 65 28 49 4 21 35 52 26 9 79,heads,regular,1
2022-12-02T23:15:00Z,976,62 63 64 46 72 30 54 10 76 71 50 36 48 3 21 56 49 6 23 66,tails,regular,2
2022-12-02T23:18:00Z,977,60 31 41 7 35 24 17 46 13 2 79 48 10 71 56 73 65 8 51 18,evens,regular,1
2022-12-02T23:21:00Z,978,43 11 28 31 15 67 6 13 10 58 5 19 75 16 42 20 64 65 7 1,heads,major,2
2022-12-02T23:24:00Z,980,3 32 75 37 70 33 46 47 23 1 55 80 53 59 28 31 11 39 61 15,heads,regular,3
2022-12-02T23:27:00Z,981,68 76 39 43 36 66 11 44 5 42 79 57 37 4 78 28 38 75 50 20,tails,regular,2
2022-12-02T23:30:00Z,982,57 27 18 19 52 75 51 14 4 33 59 9 76 46 73 48 70 54 77 24,tails,minor,3
2022-12-02T23:33:00Z,983,61 12 66 25 60 55 62 65 1 71 16 57 9 51 72 6 58 8 43 3,tails,regular,2
2022-12-02T23:36:00Z,984,68 17 73 2 74 44 43 30 65 58 76 71 11 47 55 62 41 53 5 34,tails,regular,1
2022-12-02T23:39:00Z,985,1 53 47 65 43 10 16 27 62 51 66 63 39 72 48 68 77 79 35 59,tails,regular,3
2022-12-02T23:42:00Z,986,37 50 24 38 6 65 58 19 70 29 15 9 34 11 27 76 8 45 2 26,heads,regular,1
2022-12-02T23:45:00Z,987,59 39 11 26 46 66 70 19 4 31 35 57 18 56 54 58 69 65 17 29,evens,minor,3
2022-12-02T23:48:00Z,989,23 63 60 75 74 70 16 68 80 8 17 1 2 26 57 18 67 42 76 51,tails,regular,3
2022-12-02T23:51:00Z,990,52 16 20 79 40 15 66 41 24 34 64 28 27 72 11 3 44 7 55 50,heads,minor,3
2022-12-02T23:54:00Z,991,16 7 69 28 68 80 3 37 57 73 54 70 11 34 61 40 55 38 45 25,evens,minor,2
2022-12-02T23:57:00Z,992,75 49 50 62 27 7 65 26 79 22 25 74 33 41 53 35 16 48 72 55,tails,major,1
2022-12-03T00:00:00Z,993,9 42 56 78 3 58 65 10 21 7 2 8 36 17 16 49 79 60 37 69,heads,major,1
2022-12-03T00:03:00Z,994,22 2 9 66 38 58 25 62 5 48 46 64 10 32 57 24 19 53 73 72,evens,major,1
2022-12-03T00:06:00Z,995,62 59 69 65 39 15 3 60 29 76 32 78 1 6 51 46 73 54 21 14,tails,minor,1
2022-12-03T00:09:00Z,996,27 50 46 47 1 72 39 2 21 38 30 44 62 60 69 61 79 9 52 5,tails,minor,2
2022-12-03T00:12:00Z,998,69 15 45 20 65 66 77 55 7 71 50 59 63 27 12 24 56 17 11 67,tails,regular,3
2022-12-03T00:15:00Z,999,34 35 22 38 46 24 32 31 68 15 2 37 11 53 5 52 59 30 3 25,heads,minor,4
2022-12-03T00:18:00Z,1,57 16 21 1 69 62 18 68 10 61 37 25 22 63 27 32 39 67 44 71,heads,regular,2
2022-12-03T00:21:00Z,2,65 67 74 12 35 44 27 66 24 48 58 6 72 41 22 69 21 60 77 20,tails,regular,1
2022-12-03T00:24:00Z,3,80 44 39 11 59 22 15 47 66 26 4 13 23 38 3 46 70 20 25 32,heads,major,2
2022-12-03T00:27:00Z,4,69 79 54 41 25 46 4 62 76 27 19 35 37 11 26 45 21 12 33 61,heads,regular,1
2022-12-03T00:30:00Z,5,21 62 4 9 76 80 67 69 29 79 52 49 22 10 32 77 26 63 2 73,tails,regular,1
2022-12-03T00:33:00Z,6,13 57 55 76 70 50 67 52 16 18 20 21 46 35 54 3 77 63 10 17,tails,regular,1
2022-12-03T00:36:00Z,8,53 32 2 20 61 71 3 48 9 51 14 29 78 7 49 39 25 13 31 45,heads,major,2
2022-12-03T00:39:00Z,9,46 64 80 68 45 70 1 2 6 37 15 66 44 18 25 11 31 21 39 32,heads,minor,10
2022-12-03T00:42:00Z,10,50 25 77 67 73 8 76 40 66 22 10 46 29 21 16 74 30 65 34 28,heads,regular,3
2022-12-03T00:45:00Z,11,80 15 53 22 49 61 36 27 66 12 58 55 74 71 30 20 28 56 39 38,evens,major,1
2022-12-03T00:48:00Z,12,6 49 77 34 5 29 16 57 62 18 70 2 66 59 12 45 33 1 46 21,heads,regular,1
2022-12-03T00:51:00Z,13,44 27 43 29 67 72 4 22 33 65 23 3 24 49 42 17 15 37 39 78,heads,regular,1
2022-12-03T00:54:00Z,14,35 12 64 49 2 19 4 61 10 40 1 45 68 32 18 21 77 79 5 53,heads,regular,1
2022-12-03T00:57:00Z,15,66 62 27 1 8 20 79 65 32 53 76 6 15 78 67 11 75 31 12 17,heads,regular,2
2022-12-03T01:00:00Z,17,70 15 75 64 6 5 25 41 36 56 57 76 62 23 60 10 79 67 74 14,tails,regular,5
2022-12-03T01:03:00Z,18,47 67 80 79 69 56 45 24 27 14 25 22 3 31 15 62 19 28 43 18,heads,regular,3
2022-12-03T01:06:00Z,19,8 31 34 46 53 78 18 72 64 6 14 22 80 50 15 51 38 44 23 45,evens,regular,1
2022-12-03T01:09:00Z,20,77 33 63 34 40 7 58 16 61 57 20 74 11 17 50 45 46 21 12 19,heads,regular,3
2022-12-03T01:12:00Z,21,30 27 54 23 43 29 13 2 20 47 51 16 62 7 12 28 58 76 24 40,heads,major,3
2022-12-03T01:15:00Z,22,2 21 57 38 80 59 26 35 71 25 8 64 7 79 29 72 50 54 24 40,heads,regular,3
2022-12-03T01:18:00Z,23,66 7 70 18 28 65 71 9 43 62 42 32 54 4 44 20 31 35 5 26,heads,regular,1
2022-12-03T01:21:00Z,24,73 8 37 27 43 5 66 42 60 78 76 22 58 17 70 32 36 68 44 59,tails,regular,5
2022-12-03T01:24:00Z,26,50 58 48 1 67 17 68 54 32 66 76 18 33 49 63 40 11 80 2 53,tails,minor,3
2022-12-03T01:27:00Z,27,25 9 48 31 30 13 47 40 43 52 34 63 27 33 39 7 65 5 56 41,heads,regular,1
2022-12-03T01:30:00Z,28,29 1 80 66 25 24 22 73 17 61 51 68 79 3 44 71 21 36 77 13,evens,regular,1
2022-12-03T01:33:00Z,29,34 10 11 19 27 1 37 7 69 51 13 40 54 65 12 22 44 25 43 53,heads,minor,3
2022-12-03T01:36:00Z,30,11 80 42 59 13 73 35 12 40 49 68 41 22 69 34 56 20 67 23 44,tails,regular,1
2022-12-03T01:39:00Z,31,31 7 5 56 73 71 49 6 40 76 74 37 2 39 13 65 23 19 21 12,heads,regular,1
2022-12-03T01:42:00Z,32,52 77 64 72 32 23 6 51 63 40 22 68 67 44 15 29 18 37 56 62,tails,minor,2
2022-12-03T01:45:00Z,33,80 64 25 30 16 9 40 23 70 4 62 52 57 45 65 33 60 53 12 32,evens,minor,1
2022-12-03T01:48:00Z,35,77 12 5 63 44 54 32 28 1 79 3 58 33 34 51 65 59 29 71 38,evens,regular,2
2022-12-03T01:51:00Z,36,59 26 19 70 18 8 33 5 56 34 47 61 48 72 25 38 78 77 41 13,evens,regular,1
2022-12-03T01:54:00Z,37,54 20 18 50 25 65 6 73 62 35 7 42 19 9 27 4 41 28 64 10,heads,major,1
2022-12-03T01:57:00Z,38,47 13 10 21 68 36 49 33 52 60 79 11 28 65 29 73 37 57 32 9,heads,major,3
2022-12-03T02:00:00Z,39,21 14 15 5 59 55 30 2 10 78 52 18 6 17 27 53 61 23 68 43,heads,regular,1
2022-12-03T02:03:00Z,40,14 79 76 11 8 42 37 65 54 28 70 27 29 4 2 78 57 63 31 59,evens,regular,1
2022-12-03T02:06:00Z,41,2 3 28 34 51 22 5 59 76 38 52 4 78 16 8 56 37 1 57 74,heads,major,2
2022-12-03T02:09:00Z,42,39 8 42 48 51 7 16 3 55 78 76 32 79 49 12 61 72 17 36 22,evens,regular,2
2022-12-03T02:12:00Z,44,36 63 39 30 74 59 51 45 77 27 12 33 64 2 13 61 79 16 75 5,evens,regular,1
2022-12-03T02:15:00Z,45,47 64 36 46 37 54 52 68 60 70 71 50 48 62 3 9 13 6 63 24,tails,regular,1
2022-12-03T02:18:00Z,46,76 63 16 47 50 25 72 6 56 49 51 67 74 71 52 11 37 9 35 42,tails,regular,1
2022-12-03T02:21:00Z,47,6 9 21 38 56 20 58 12 32 46 3 8 69 60 78 57 62 80 52 7,evens,regular,3
2022-12-03T02:24:00Z,48,33 60 69 80 42 44 77 18 53 21 7 10 50 2 5 23 14 65 67 15,evens,regular,1
2022-12-03T02:27:00Z,49,37 21 13 26 43 48 63 27 51 60 41 57 75 62 79 28 76 17 44 67,tails,major,2
2022-12-03T02:30:00Z,50,9 7 79 5 19 61 56 26 28 46 10 15 47 75 24 43 27 67 4 14,heads,major,3
2022-12-03T02:33:00Z,51,1 14 28 50 16 25 10 31 49 9 13 80 2 67 44 76 46 78 8 3,heads,regular,3
2022-12-03T02:36:00Z,53,23 78 1 51 4 68 63 40 38 58 10 41 39 21 53 80 60 67 27 3,evens,regular,2
2022-12-03T02:39:00Z,54,35 76 31 13 62 69 18 55 26 61 48 71 42 72 68 9 34 79 12 19,tails,regular,2
2022-12-03T02:42:00Z,55,66 74 68 1 53 34 44 32 39 9 13 73 14 30 38 80 4 3 31 8,heads,regular,2
2022-12-03T02:45:00Z,56,80 16 64 25 22 51 37 67 41 23 1 24 33 48 72 73 7 43 14 69,evens,regular,2
2022-12-03T02:48:00Z,57,68 72 50 44 11 66 63 74 5 4 18 29 3 35 40 21 69 39 78 14,heads,regular,2
2022-12-03T02:51:00Z,58,12 41 8 6 23 31 37 20 7 38 63 53 10 15 14 40 1 49 56 77,heads,minor,2
2022-12-03T02:54:00Z,59,45 46 15 65 17 7 42 16 38 24 76 56 26 59 66 79 35 41 64 54,tails,minor,2
2022-12-03T02:57:00Z,60,70 7 36 49 32 65 76 10 18 4 77 30 27 60 11 12 45 57 22 6,heads,regular,2
2022-12-03T03:00:00Z,62,36 26 29 44 1 12 79 21 70 53 56 61 28 78 19 4 73 54 7 15,heads,minor,2
2022-12-03T03:03:00Z,63,63 60 34 38 22 1 31 23 72 70 65 43 3 21 18 64 54 71 50 51,tails,regular,1
2022-12-03T03:06:00Z,64,9 20 11 54 10 65 76 14 75 24 28 3 66 43 4 16 25 59 22 41,heads,regular,3
2022-12-03T03:09:00Z,65,22 55 57 11 13 67 43 25 48 19 74 27 70 34 79 31 42 7 21 72,evens,regular,2
2022-12-03T03:12:00Z,66,77 2 6 12 32 63 40 37 24 36 79 23 46 3 19 70 7 72 69 17,heads,regular,2
2022-12-03T03:15:00Z,67,1 34 72 9 36 13 63 70 69 56 43 26 65 62 19 76 33 59 28 52,tails,minor,3
2022-12-03T03:18:00Z,68,1 56 50 37 18 4 46 51 80 58 17 15 34 19 26 63 77 72 2 41,evens,major,1
2022-12-03T03:21:00Z,69,17 5 35 72 18 70 36 51 27 60 32 39 30 4 52 12 73 79 63 78,heads,minor,1
2022-12-03T03:24:00Z,71,12 5 32 52 75 45 58 62 49 30 80 67 23 17 18 50 63 71 48 77,tails,minor,1
2022-12-03T03:27:00Z,72,29 31 24 73 15 49 11 12 44 77 38 19 57 32 61 46 27 39 3 7,heads,regular,1
2022-12-03T03:30:00Z,73,51 13 44 46 47 15 8 1 72 30 63 9 31 22 36 12 24 35 10 23,heads,minor,3
2022-12-03T03:33:00Z,74,56 61 23 19 18 53 27 38 60 49 52 55 69 33 54 42 46 35 51 34,tails,regular,2
2022-12-03T03:36:00Z,75,51 50 70 67 5 66 28 79 12 11 58 52 1 47 3 7 40 77 36 31,evens,regular,2
2022-12-03T03:39:00Z,76,41 43 33 24 50 19 42 78 76 58 18 7 27 35 66 52 67 64 13 77,tails,major,1
2022-12-03T03:42:00Z,77,78 13 41 20 72 15 39 79 77 69 71 11 65 68 2 17 5 73 33 46,tails,regular,3
2022-12-03T03:45:00Z,78,45 80 19 28 74 10 14 13 53 61 2 66 48 4 42 72 3 33 6 67,evens,regular,3
2022-12-03T03:48:00Z,80,8 62 49 1 35 25 61 70 36 43 79 40 77 10 39 4 58 22 55 42,evens,regular,3
2022-12-03T03:51:00Z,81,80 49 24 45 40 1 11 71 31 6 25 43 53 48 61 14 64 69 59 28,tails,regular,2
2022-12-03T03:54:00Z,82,65 70 61 63 36 78 18 23 20 9 41 25 52 57 46 22 77 28 68 11,tails,regular,3
2022-12-03T03:57:00Z,83,62 20 36 26 70 49 64 10 17 50 65 78 47 11 79 35 25 31 55 39,evens,major,1
2022-12-03T04:00:00Z,84,71 48 67 22 8 64 77 45 40 36 24 65 79 14 7 53 26 33 29 19,heads,major,1
2022-12-03T04:03:00Z,85,15 36 12 72 4 43 48 53 14 68 60 73 64 46 61 5 71 11 3 58,tails,regular,2
2022-12-03T04:06:00Z,86,46 68 18 70 60 7 34 23 67 15 79 2 47 62 31 45 40 16 63 25,evens,regular,1
2022-12-03T04:09:00Z,87,75 79 9 11 8 47 28 14 43 46 41 2 38 20 3 29 31 72 36 68,heads,minor,2
2022-12-03T04:12:00Z,89,8 3 47 6 80 24 78 22 23 49 70 67 34 21 7 51 32 73 64 63,evens,regular,2
2022-12-03T04:15:00Z,90,56 79 4 67 61 7 57 19 62 40 1 27 31 2 21 14 32 3 68 48,heads,regular,5
2022-12-03T04:18:00Z,91,41 53 39 18 77 79 7 14 46 26 55 47 58 66 3 48 59 60 36 80,tails,regular,1
2022-12-03T04:21:00Z,92,3 9 37 40 64 5 15 79 1 34 54 2 70 43 42 30 52 45 69 53,evens,regular,1
2022-12-03T04:24:00Z,93,72 46 11 66 33 59 31 3 60 51 37 30 71 42 9 58 73 19 36 28,evens,minor,1
2022-12-03T04:27:00Z,94,55 4 56 72 75 43 80 31 8 51 16 21 66 53 33 32 39 29 25 13,heads,minor,1
2022-12-03T04:30:00Z,95,52 5 61 75 45 76 56 31 6 77 22 78 46 7 16 27 20 68 44 2,tails,minor,2
2022-12-03T04:33:00Z,96,44 15 56 41 61 55 66 67 75 65 26 25 36 63 12 73 64 40 10 5,tails,regular,1
2022-12-03T04:36:00Z,98,24 7 64 71 4 32 70 72 34 65 43 42 10 39 12 58 73 41 27 45,tails,regular,3
2022-12-03T04:39:00Z,99,2 46 68 30 38 5 9 29 60 66 64 13 62 57 35 50 39 17 40 7,heads,regular,1
2022-12-03T04:42:00Z,100,68 64 5 32 28 44 19 49 33 56 59 7 20 31 80 46 38 52 58 61,tails,minor,3
2022-12-03T04:45:00Z,101,7 42 30 60 77 55 5 59 69 48 22 25 10 40 20 79 8 26 57 64,evens,regular,2
2022-12-03T04:48:00Z,102,37 2 72 56 75 80 46 6 45 76 7 74 69 34 44 1 17 48 26 42,tails,regular,3
2022-12-03T04:51:00Z,103,58 21 8 66 10 42 46 39 1 55 56 22 27 7 52 17 25 23 65 48,heads,minor,5
2022-12-03T04:54:00Z,104,32 77 64 7 15 2 5 59 3 60 34 41 69 37 78 65 28 53 76 35,evens,regular,2
2022-12-03T04:57:00Z,105,59 50 21 77 30 38 60 2 52 6 62 55 1 4 36 67 44 39 43 12,evens,regular,4
2022-12-03T05:00:00Z,107,23 53 11 62 36 24 45 2 49 3 8 68 65 33 72 10 77 80 26 47,evens,regular,3
2022-12-03T05:03:00Z,108,5 25 28 16 1 56 55 58 33 68 57 66 72 65 7 4 9 38 27 36,heads,regular,3
2022-12-03T05:06:00Z,109,51 46 74 67 19 24 20 70 54 60 16 78 68 55 52 12 41 77 25 66,tails,regular,1
2022-12-03T05:09:00Z,110,71 34 64 53 45 56 17 36 54 67 32 11 24 22 6 33 63 80 20 12,heads,regular,1
2022-12-03T05:12:00Z,111,6 2 19 5 68 66 10 48 43 1 50 71 7 56 60 49 15 54 3 29,evens,major,3
2022-12-03T05:15:00Z,112,8 27 59 15 16 78 12 3 68 62 55 43 53 46 70 14 13 26 19 60,evens,regular,1
2022-12-03T05:18:00Z,113,11 63 43 33 17 10 55 64 41 54 13 78 58 60 28 57 46 62 38 45,tails,regular,3
2022-12-03T05:21:00Z,114,48 53 9 43 18 22 32 45 59 6 74 52 29 77 7 39 54 73 11 50,tails,regular,2
2022-12-03T05:24:00Z,116,30 17 5 58 1 33 62 28 43 24 19 27 42 77 78 6 13 22 4 32,heads,regular,5
2022-12-03T05:27:00Z,117,34 52 70 13 79 18 33 62 29 17 77 16 35 37 7 36 26 58 38 12,heads,regular,2
2022-12-03T05:30:00Z,118,27 36 38 80 57 61 65 14 7 1 43 26 35 63 8 51 48 11 3 46,heads,regular,3
2022-12-03T05:33:00Z,119,66 11 29 52 54 57 20 60 18 7 71 30 39 5 26 41 23 15 67 8,heads,regular,5
2022-12-03T05:36:00Z,120,35 30 74 25 20 75 5 24 37 44 71 9 67 58 18 70 47 55 7 17,heads,major,1
2022-12-03T05:39:00Z,121,20 25 31 6 64 60 15 9 76 52 22 34 67 66 55 54 14 35 2 45,heads,regular,2
2022-12-03T05:42:00Z,122,22 68 5 19 76 8 2 41 50 52 48 75 24 14 36 1 55 42 33 59,evens,minor,1
2022-12-03T05:45:00Z,123,6 54 45 29 53 56 46 51 1 25 10 24 7 65 15 66 11 20 27 61,heads,regular,2
2022-12-03T05:48:00Z,125,7 38 16 33 75 47 48 40 20 69 54 23 3 77 52 26 50 9 22 32,heads,regular,1
2022-12-03T05:51:00Z,126,55 32 43 59 1 56 35 75 70 18 45 23 6 62 24 66 50 71 58 14,tails,regular,3
2022-12-03T05:54:00Z,127,44 41 51 33 8 80 9 36 69 73 34 32 15 23 75 13 61 45 57 59,tails,regular,1
2022-12-03T05:57:00Z,128,33 56 48 68 32 47 8 31 14 41 9 23 55 51 60 1 59 16 5 63,evens,regular,3
2022-12-03T06:00:00Z,129,35 75 46 15 28 51 5 69 52 9 47 14 34 22 63 76 3 70 38 10,heads,regular,1
2022-12-03T06:03:00Z,130,8 33 50 54 57 70 42 79 26 39 41 3 62 11 25 73 66 60 45 5,tails,regular,2
2022-12-03T06:06:00Z,131,58 56 17 78 11 16 28 39 14 47 69 77 46 44 62 60 53 52 74 66,tails,regular,1
2022-12-03T06:09:00Z,132,9 77 78 12 60 79 74 25 61 73 51 1 7 27 62 44 24 36 3 63,tails,regular,1
2022-12-03T06:12:00Z,134,42 19 28 40 71 9 64 41 27 66 55 1 52 49 18 69 68 70 45 58,tails,minor,1
2022-12-03T06:15:00Z,135,68 23 15 19 42 54 56 49 58 50 17 62 75 43 76 35 2 16 57 74,tails,regular,3
2022-12-03T06:18:00Z,136,7 31 41 36 14 30 67 80 28 9 33 54 69 18 59 29 52 68 61 62,evens,major,4
2022-12-03T06:21:00Z,137,62 72 39 74 77 61 34 47 68 6 67 44 20 52 13 9 58 70 37 65,tails,regular,1
2022-12-03T06:24:00Z,138,16 46 69 10 20 36 79 63 56 14 18 1 61 4 75 65 3 22 78 71,evens,regular,1
2022-12-03T06:27:00Z,139,14 35 8 38 24 55 63 62 69 47 22 19 27 2 10 39 16 29 26 54,heads,major,1
2022-12-03T06:30:00Z,140,11 37 13 50 47 27 69 32 12 21 66 77 22 53 10 35 48 36 46 73,heads,major,1
2022-12-03T06:33:00Z,141,52 61 5 51 37 6 50 73 67 9 1 47 17 19 8 20 31 23 38 59,heads,regular,1
2022-12-03T06:36:00Z,143,12 8 29 74 70 47 26 69 56 50 68 24 27 76 78 44 17 6 28 55,tails,regular,2
2022-12-03T06:39:00Z,144,45 3 51 72 39 79 78 6 32 31 17 40 77 65 68 22 74 44 28 8,evens,regular,1
2022-12-03T06:42:00Z,145,38 36 4 73 17 62 40 57 11 34 71 76 53 66 43 12 56 58 77 78,tails,regular,1
2022-12-03T06:45:00Z,146,68 79 59 37 48 15 22 76 45 26 19 62 50 71 5 60 25 41 14 64,tails,minor,3
2022-12-03T06:48:00Z,147,10 37 2 50 3 19 36 57 70 74 31 76 29 59 26 72 13 53 47 40,heads,regular,3
2022-12-03T06:51:00Z,148,63 34 6 7 46 38 12 80 17 24 35 29 64 31 4 41 75 13 52 57,heads,regular,1
2022-12-03T06:54:00Z,149,80 56 58 31 47 67 61 68 74 49 38 69 29 51 36 27 22 28 6 39,tails,regular,10
2022-12-03T06:57:00Z,150,15 78 76 47 13 61 80 58 21 33 30 27 67 43 55 63 5 45 68 28,tails,minor,3
2022-12-03T07:00:00Z,152,80 35 18 21 24 17 15 52 37 53 51 65 6 50 43 30 67 36 70 46,evens,regular,3
2022-12-03T07:03:00Z,153,32 3 55 11 13 62 30 77 24 44 12 43 18 39 21 60 34 68 51 37,heads,regular,2
2022-12-03T07:06:00Z,154,36 2 79 66 54 23 6 56 3 49 42 64 21 45 48 69 29 52 4 19,tails,major,1
2022-12-03T07:09:00Z,155,24 50 41 34 6 8 15 25 42 39 69 57 36 31 66 27 74 44 14 63,heads,regular,1
2022-12-03T07:12:00Z,156,51 4 7 65 30 9 46 1 11 58 31 38 76 62 26 75 22 39 69 56,heads,regular,2
2022-12-03T07:15:00Z,157,19 80 70 68 27 12 53 72 17 58 56 5 59 1 32 21 60 26 76 23,evens,minor,1
2022-12-03T07:18:00Z,158,24 47 15 46 74 67 80 60 4 52 57 32 12 2 38 5 25 55 72 27,evens,regular,3
2022-12-03T07:21:00Z,159,71 7 76 38 44 2 24 26 16 5 13 15 63 29 59 51 20 61 65 35,heads,regular,3
2022-12-03T07:24:00Z,161,25 74 54 33 18 64 29 28 45 23 62 7 35 61 55 41 66 15 79 19,evens,regular,3
2022-12-03T07:27:00Z,162,7 4 71 44 9 48 23 18 77 43 32 58 10 66 5 1 14 47 54 61,evens,regular,1
2022-12-03T07:30:00Z,163,72 23 7 75 8 9 14 22 26 54 60 31 70 33 24 44 41 20 25 73,heads,regular,2
2022-12-03T07:33:00Z,164,75 48 50 25 73 49 30 51 6 15 71 33 67 9 22 44 68 40 58 32,tails,regular,1
2022-12-03T07:36:00Z,165,50 8 39 6 9 21 62 11 40 17 34 42 13 71 36 61 63 12 77 10,heads,minor,1
2022-12-03T07:39:00Z,166,30 60 41 11 39 64 22 36 58 25 75 29 24 46 70 19 3 80 59 37,heads,regular,1
2022-12-03T07:42:00Z,167,74 21 16 41 54 66 58 22 17 25 1 65 79 40 30 24 53 61 67 77,tails,regular,3
2022-12-03T07:45:00Z,168,55 65 27 13 30 80 39 5 42 50 66 10 77 62 71 72 58 25 14 28,tails,minor,2
2022-12-03T07:48:00Z,170,36 61 1 58 2 62 43 10 25 16 29 15 18 63 23 46 51 70 17 78,heads,minor,2
2022-12-03T07:51:00Z,171,31 11 19 45 59 46 69 38 34 40 74 76 33 28 5 49 13 17 54 7,heads,minor,3
2022-12-03T07:54:00Z,172,77 47 68 20 58 63 14 27 41 61 40 73 30 79 32 25 13 37 4 76,evens,regular,2
2022-12-03T07:57:00Z,173,41 17 68 15 20 10 14 61 62 22 26 54 64 56 29 27 50 80 77 66,tails,regular,3
2022-12-03T08:00:00Z,174,79 19 2 46 43 18 78 22 12 9 36 17 29 58 63 10 75 61 35 33,heads,minor,3
2022-12-03T08:03:00Z,175,75 22 24 54 42 6 41 65 52 58 50 69 9 27 1 77 40 12 79 13,tails,regular,3
2022-12-03T08:06:00Z,176,29 18 16 22 38 33 23 46 50 45 55 39 74 61 3 69 73 49 12 1,heads,regular,3
2022-12-03T08:09:00Z,177,72 64 24 32 62 15 5 25 28 50 79 55 29 37 66 44 69 51 8 23,evens,regular,4
2022-12-03T08:12:00Z,179,36 4 39 56 59 13 50 21 77 75 2 38 15 1 11 53 41 61 28 33,heads,regular,1
2022-12-03T08:15:00Z,180,32 50 56 76 40 24 5 72 55 69 27 77 80 9 10 28 38 7 39 71,heads,minor,2
2022-12-03T08:18:00Z,181,6 5 74 64 12 55 61 34 67 13 51 76 62 15 58 22 46 17 54 47,tails,regular,2
2022-12-03T08:21:00Z,182,4 2 16 26 79 51 31 54 13 75 23 35 68 20 21 5 32 64 73 28,heads,regular,3
2022-12-03T08:24:00Z,183,21 67 40 44 46 2 58 53 60 23 7 47 43 17 56 20 66 38 26 45,tails,regular,3
2022-12-03T08:27:00Z,184,59 64 43 4 7 13 18 1 48 38 26 60 16 28 68 27 63 22 14 69,heads,minor,5
2022-12-03T08:30:00Z,185,23 75 52 66 65 74 69 77 2 25 20 55 46 50 53 27 16 22 41 15,tails,regular,1
2022-12-03T08:33:00Z,186,73 35 4 70 53 3 80 14 38 68 25 64 31 12 54 28 43 55 78 11,evens,regular,2
2022-12-03T08:36:00Z,188,22 31 77 46 58 38 3 10 65 12 45 9 79 60 64 2 52 63 15 18,evens,minor,4
2022-12-03T08:39:00Z,189,80 68 28 32 39 13 7 9 17 61 46 20 66 50 6 31 69 25 36 24,heads,minor,5
2022-12-03T08:42:00Z,190,50 40 63 2 76 70 53 75 3 72 12 33 58 34 22 6 49 51 38 46,tails,minor,1
2022-12-03T08:45:00Z,191,23 64 39 75 79 7 36 1 62 72 22 68 2 50 35 70 27 6 47 32,heads,regular,2
2022-12-03T08:48:00Z,192,28 56 13 72 65 55 18 2 51 80 46 66 11 78 35 47 53 38 73 34,tails,regular,5
2022-12-03T08:51:00Z,193,71 55 46 15 74 70 48 34 37 39 5 16 26 59 66 8 41 51 75 30,tails,regular,1
2022-12-03T08:54:00Z,194,36 29 19 48 32 3 38 58 31 40 23 1 18 12 53 33 16 35 15 51,heads,regular,1
2022-12-03T08:57:00Z,195,49 60 80 63 6 7 38 43 3 69 62 59 58 28 75 12 47 13 29 32,tails,regular,3
2022-12-03T09:00:00Z,197,23 14 27 57 53 15 20 69 21 55 6 28 74 60 50 80 65 40 76 79,tails,regular,1
2022-12-03T09:03:00Z,198,37 5 62 78 65 33 48 77 26 45 2 47 1 44 38 14 28 70 55 43,tails,regular,1
2022-12-03T09:06:00Z,199,11 44 40 69 30 71 62 53 5 68 41 23 2 50 27 46 22 38 13 63,evens,regular,1
2022-12-03T09:09:00Z,200,44 47 73 2 60 33 22 65 23 49 15 35 30 77 16 37 12 20 53 18,heads,regular,2
2022-12-03T09:12:00Z,201,28 54 1 51 30 64 34 66 62 18 53 59 4 11 9 46 12 42 48 78,tails,regular,3
2022-12-03T09:15:00Z,202,29 38 50 13 6 46 17 20 59 75 54 49 73 2 39 43 74 66 34 69,tails,minor,3
2022-12-03T09:18:00Z,203,67 36 80 57 71 75 37 23 41 1 9 46 16 65 69 38 79 11 14 30,evens,minor,2
2022-12-03T09:21:00Z,204,31 79 27 25 6 47 48 77 3 46 19 24 64 4 43 62 78 72 18 44,tails,regular,2
2022-12-03T09:24:00Z,206,33 28 5 37 41 44 2 9 11 24 8 59 12 30 40 79 18 68 66 4,heads,regular,1
2022-12-03T09:27:00Z,207,11 74 64 37 48 7 22 28 49 20 13 29 8 71 44 70 33 77 54 62,evens,regular,3
2022-12-03T09:30:00Z,208,4 38 24 11 60 53 22 21 77 73 70 40 52 69 71 16 8 45 12 75,evens,regular,3
2022-12-03T09:33:00Z,209,45 36 60 41 63 69 15 31 29 10 70 59 55 79 61 58 74 38 54 21,tails,regular,2
2022-12-03T09:36:00Z,210,57 28 36 7 23 55 29 64 59 11 51 43 38 74 31 1 34 14 21 16,heads,regular,1
2022-12-03T09:39:00Z,211,68 10 54 45 25 44 4 6 65 40 21 16 70 24 17 66 34 38 61 7,heads,regular,1
2022-12-03T09:42:00Z,212,61 78 65 41 24 75 42 38 7 46 25 69 21 29 47 5 53 58 43 30,tails,regular,3
2022-12-03T09:45:00Z,213,78 65 26 22 27 17 20 8 33 64 60 59 73 23 55 46 10 40 21 66,heads,regular,1
2022-12-03T09:48:00Z,215,63 45 39 59 21 67 37 47 61 7 26 60 58 30 4 38 42 54 22 77,tails,regular,3
2022-12-03T09:51:00Z,216,47 21 27 62 11 61 31 17 51 66 43 2 59 28 8 52 3 10 44 22,heads,regular,3
2022-12-03T09:54:00Z,217,25 76 26 7 77 4 80 20 49 30 71 55 21 69 12 14 60 18 35 31,heads,regular,2
2022-12-03T09:57:00Z,218,75 44 30 38 33 63 49 69 73 74 8 27 24 43 47 34 7 21 45 41,tails,regular,2
2022-12-03T10:00:00Z,219,78 25 72 23 69 41 35 60 53 24 66 56 2 52 43 54 39 33 63 80,tails,regular,2
2022-12-03T10:03:00Z,220,3 47 27 11 71 8 56 77 30 63 23 35 57 51 10 14 26 39 80 42,heads,regular,3
2022-12-03T10:06:00Z,221,40 35 22 37 57 53 25 3 70 18 13 43 74 11 73 62 71 28 58 79,evens,major,3
2022-12-03T10:09:00Z,222,19 58 46 3 74 29 55 22 23 18 44 27 50 78 63 51 1 53 20 9,evens,major,1
2022-12-03T10:12:00Z,224,17 42 50 2 1 21 72 27 62 58 11 34 56 55 44 53 3 66 9 36,evens,regular,1
2022-12-03T10:15:00Z,225,34 21 59 73 13 55 71 12 60 45 30 6 23 76 39 50 25 46 20 77,evens,minor,1
2022-12-03T10:18:00Z,226,20 58 39 30 50 74 33 63 13 7 27 22 2 75 52 45 77 26 16 9,heads,regular,2
2022-12-03T10:21:00Z,227,30 32 37 80 54 52 44 53 10 35 79 9 11 14 38 21 19 43 50 3,heads,regular,2
2022-12-03T10:24:00Z,228,43 52 73 42 18 71 2 46 68 15 62 17 34 74 60 13 77 57 21 48,tails,major,1
2022-12-03T10:27:00Z,229,26 42 3 56 28 16 32 68 65 4 33 47 60 6 79 14 11 78 13 23,heads,major,3
2022-12-03T10:30:00Z,230,23 60 45 38 74 56 33 49 53 1 40 21 63 69 18 67 36 65 55 75,tails,regular,2
2022-12-03T10:33:00Z,231,49 75 10 67 61 19 34 78 63 71 50 65 11 16 18 80 25 39 15 21,evens,regular,3
2022-12-03T10:36:00Z,233,33 63 10 55 30 43 77 69 23 76 7 72 1 74 34 21 79 2 27 59,evens,regular,1
2022-12-03T10:39:00Z,234,61 21 31 59 20 63 27 77 56 6 57 9 43 11 23 74 78 8 47 66,tails,regular,1
2022-12-03T10:42:00Z,235,14 22 10 9 71 60 44 31 40 21 8 77 58 67 76 43 36 55 61 16,evens,regular,2
2022-12-03T10:45:00Z,236,43 11 49 78 7 41 38 17 75 58 71 37 2 46 72 50 59 33 5 63,tails,regular,1
2022-12-03T10:48:00Z,237,79 69 42 62 35 58 53 73 1 61 22 38 72 24 8 26 17 4 56 68,tails,minor,2
2022-12-03T10:51:00Z,238,32 10 29 46 80 8 21 34 28 15 41 62 67 59 53 51 9 71 38 36,heads,minor,4
2022-12-03T10:54:00Z,239,67 40 63 37 22 54 14 65 57 64 56 48 3 9 62 44 71 47 28 34,tails,regular,2
2022-12-03T10:57:00Z,240,70 8 7 28 75 77 62 56 73 29 12 44 21 43 63 20 66 64 58 33,tails,regular,1
2022-12-03T11:00:00Z,242,36 6 11 57 10 33 4 70 2 49 7 76 54 78 40 47 59 25 74 34,heads,minor,4
2022-12-03T11:03:00Z,243,35 42 41 15 10 56 78 44 80 67 12 58 54 3 55 66 1 18 51 8,tails,regular,3
2022-12-03T11:06:00Z,244,9 16 70 49 69 36 20 53 34 18 14 61 50 26 10 56 3 7 47 29,heads,regular,1
2022-12-03T11:09:00Z,245,10 61 11 45 23 2 36 51 37 53 47 42 52 16 57 12 58 72 3 75,tails,minor,3
2022-12-03T11:12:00Z,246,11 16 27 37 34 53 59 1 5 17 68 46 9 25 69 62 65 36 8 47,heads,regular,1
2022-12-03T11:15:00Z,247,49 21 54 18 26 62 55 74 23 24 20 70 57 61 9 46 51 28 22 34,evens,regular,3
2022-12-03T11:18:00Z,248,1 20 14 5 71 72 66 49 80 12 77 10 34 45 32 43 57 2 37 65,evens,regular,1
2022-12-03T11:21:00Z,249,23 62 1 71 59 69 72 61 13 41 60 56 47 46 15 22 11 32 42 7,tails,regular,2
2022-12-03T11:24:00Z,251,37 76 38 79 74 24 54 48 65 64 31 28 77 6 3 69 50 52 46 1,tails,regular,1
2022-12-03T11:27:00Z,252,26 30 53 43 45 18 17 71 79 76 22 66 8 11 78 55 29 50 54 62,tails,major,1
2022-12-03T11:30:00Z,253,65 55 71 38 79 12 59 35 4 25 5 51 16 60 64 62 57 19 52 14,tails,regular,2
2022-12-03T11:33:00Z,254,61 49 80 44 76 10 18 38 59 43 39 24 47 26 67 23 30 65 11 72,tails,regular,2
2022-12-03T11:36:00Z,255,9 80 74 38 19 57 69 17 72 73 6 58 29 33 39 78 13 35 18 10,heads,major,1
2022-12-03T11:39:00Z,256,56 77 1 41 74 19 9 54 40 42 38 32 36 44 61 80 52 64 16 57,tails,major,1
2022-12-03T11:42:00Z,257,42 29 33 30 69 45 4 7 9 19 28 10 65 39 56 34 2 70 26 47,heads,minor,1
2022-12-03T11:45:00Z,258,26 35 37 69 51 47 36 34 5 1 76 70 27 48 23 54 71 12 49 66,evens,regular,1
2022-12-03T11:48:00Z,260,27 18 11 62 77 79 36 20 61 21 23 80 46 78 45 63 69 28 16 56,tails,minor,3
2022-12-03T11:51:00Z,261,36 7 76 23 33 9 61 38 1 45 49 12 60 31 43 58 57 78 27 79,evens,minor,10
2022-12-03T11:54:00Z,262,40 18 21 69 33 41 3 62 63 31 52 60 32 61 25 5 66 16 1 34,heads,regular,1
2022-12-03T11:57:00Z,263,45 69 35 53 57 21 9 55 61 7 24 74 8 5 25 14 38 65 48 43,evens,regular,3
2022-12-03T12:00:00Z,264,77 11 30 34 72 49 15 67 9 58 13 79 46 53 54 78 51 44 66 36,tails,regular,1
2022-12-03T12:03:00Z,265,3 78 35 49 34 45 2 58 64 31 52 22 69 38 25 29 5 66 59 10,heads,regular,3
2022-12-03T12:06:00Z,266,72 74 68 70 36 79 14 30 19 75 22 64 43 41 62 38 58 13 31 17,tails,regular,1
2022-12-03T12:09:00Z,267,31 53 2 29 11 17 72 60 70 32 16 3 74 75 4 57 6 59 42 7,heads,regular,3
2022-12-03T12:12:00Z,269,50 54 52 30 41 69 53 11 6 33 1 42 38 14 28 37 18 49 15 68,heads,minor,1
2022-12-03T12:15:00Z,270,61 50 34 23 51 79 42 18 29 77 66 69 62 1 30 76 67 7 46 6,tails,regular,3
2022-12-03T12:18:00Z,271,62 77 55 60 2 24 48 19 71 33 44 63 43 20 78 14 18 47 68 11,tails,regular,3
2022-12-03T12:21:00Z,272,19 69 13 41 25 37 79 10 50 75 6 23 58 55 21 30 62 9 78 68,evens,regular,1
2022-12-03T12:24:00Z,273,31 68 18 2 21 70 30 63 72 22 3 29 40 62 80 43 73 13 39 59,heads,regular,4
2022-12-03T12:27:00Z,274,53 13 7 64 60 27 51 4 50 12 57 3 72 29 46 52 76 37 40 80,tails,regular,3
2022-12-03T12:30:00Z,275,19 13 42 58 26 34 9 51 66 14 46 25 27 57 11 73 36 29 60 5,heads,major,2
2022-12-03T12:33:00Z,276,36 22 55 52 34 76 40 71 56 11 37 69 33 49 62 54 16 73 50 78,tails,major,3
2022-12-03T12:36:00Z,278,37 55 58 73 70 62 50 3 35 53 60 21 36 22 56 67 63 46 4 5,tails,regular,3
2022-12-03T12:39:00Z,279,58 26 47 31 59 9 76 27 55 70 45 3 44 28 39 36 67 14 63 68,tails,minor,2
2022-12-03T12:42:00Z,280,48 25 35 56 7 66 41 73 5 14 10 57 33 79 28 78 55 74 31 3,evens,regular,1
2022-12-03T12:45:00Z,281,5 76 25 19 75 1 68 41 77 8 61 67 9 42 47 40 26 63 22 60,tails,minor,1
2022-12-03T12:48:00Z,282,5 62 42 21 58 45 69 63 38 13 37 1 44 20 32 22 4 11 52 66,heads,regular,5
2022-12-03T12:51:00Z,283,7 32 42 74 46 9 75 15 57 51 79 37 72 59 50 24 53 5 33 4,tails,regular,3
2022-12-03T12:54:00Z,284,24 36 47 73 60 54 8 29 35 26 71 38 28 77 39 12 63 4 75 65,heads,regular,2
2022-12-03T12:57:00Z,285,67 37 40 44 36 15 47 75 12 64 24 22 70 42 66 56 74 49 57 30,tails,regular,10
2022-12-03T13:00:00Z,287,15 75 65 44 38 1 9 34 54 73 7 62 77 67 20 4 40 76 79 8,evens,major,4
2022-12-03T13:03:00Z,288,36 8 43 29 2 42 16 55 24 51 80 63 40 25 62 56 20 3 14 30,heads,regular,5
2022-12-03T13:06:00Z,289,23 33 38 10 11 8 74 76 53 7 45 12 42 73 35 70 31 72 46 58,evens,regular,2
2022-12-03T13:09:00Z,290,44 52 25 68 59 53 32 21 69 62 41 50 2 70 45 60 14 66 48 20,tails,regular,1
2022-12-03T13:12:00Z,291,42 59 46 44 61 12 39 27 32 72 8 50 66 54 40 43 30 34 7 64,tails,major,4
2022-12-03T13:15:00Z,292,47 59 50 58 12 63 18 1 56 10 30 37 41 34 24 28 35 8 53 6,heads,regular,3
2022-12-03T13:18:00Z,293,60 57 20 31 78 35 58 67 47 55 36 5 54 2 4 43 59 71 42 32,tails,minor,3
2022-12-03T13:21:00Z,294,2 75 48 29 65 46 26 51 8 47 9 34 68 1 20 66 21 58 73 72,tails,regular,2
2022-12-03T13:24:00Z,296,18 48 78 57 12 29 23 11 37 1 58 28 52 64 54 10 79 43 38 55,evens,regular,2
2022-12-03T13:27:00Z,297,9 4 80 52 70 5 36 79 57 43 27 49 64 48 45 61 34 12 35 24,tails,regular,1
2022-12-03T13:30:00Z,298,68 59 24 50 26 7 22 23 74 73 12 62 53 34 30 2 25 11 61 43,heads,regular,1
2022-12-03T13:33:00Z,299,33 35 75 7 77 62 68 26 28 14 23 21 73 13 59 60 54 5 3 65,heads,regular,2
2022-12-03T13:36:00Z,300,72 21 49 48 70 51 26 76 60 66 18 78 54 40 20 44 28 2 43 29,tails,minor,1
2022-12-03T13:39:00Z,301,76 45 5 32 17 75 71 73 9 65 54 7 36 40 23 49 31 15 61 39,heads,minor,10
2022-12-03T13:42:00Z,302,76 55 53 64 69 2 80 13 20 18 73 10 33 61 39 22 38 43 54 59,tails,regular,2
2022-12-03T13:45:00Z,303,80 12 1 18 41 23 54 6 56 60 57 74 34 73 52 14 51 2 32 21,evens,regular,3
2022-12-03T13:48:00Z,305,48 36 65 10 52 33 49 68 56 78 32 7 15 74 4 28 66 55 50 30,tails,minor,3
2022-12-03T13:51:00Z,306,34 76 68 50 78 4 27 66 19 8 51 80 71 39 1 17 41 69 52 64,tails,regular,5
2022-12-03T13:54:00Z,307,76 45 18 54 11 62 53 69 52 61 31 67 35 43 14 36 41 34 72 5,tails,regular,1
2022-12-03T13:57:00Z,308,28 2 67 79 36 66 53 71 54 12 8 62 30 3 26 60 13 75 38 43,evens,minor,3
2022-12-03T14:00:00Z,309,72 66 17 29 30 61 54 6 40 73 13 56 59 51 47 63 65 80 41 22,tails,regular,3
2022-12-03T14:03:00Z,310,37 45 1 20 42 18 38 33 36 79 28 16 22 2 30 59 49 67 53 56,heads,regular,2
2022-12-03T14:06:00Z,311,9 78 75 73 60 25 18 32 6 47 68 1 12 7 11 33 74 50 28 43,heads,regular,3
2022-12-03T14:09:00Z,312,24 30 9 23 37 55 3 60 6 79 34 47 50 77 31 54 8 13 22 65,heads,minor,5
2022-12-03T14:12:00Z,314,75 55 70 57 53 62 29 61 17 52 27 15 34 76 23 68 20 51 28 38,tails,major,1
2022-12-03T14:15:00Z,315,77 46 51 49 74 79 31 78 43 10 38 65 12 2 26 69 13 23 11 15,evens,regular,1
2022-12-03T14:18:00Z,316,50 68 12 74 72 80 53 7 64 34 51 29 70 6 79 32 31 19 44 22,tails,regular,1
2022-12-03T14:21:00Z,317,77 58 45 80 73 39 13 61 72 1 12 27 59 53 9 11 78 15 18 17,evens,regular,1
2022-12-03T14:24:00Z,318,64 68 57 3 1 60 26 58 16 25 28 17 24 44 77 45 48 46 74 62,tails,regular,2
2022-12-03T14:27:00Z,319,58 71 74 75 31 28 66 39 11 16 49 13 78 19 73 32 27 25 21 23,heads,minor,3
2022-12-03T14:30:00Z,320,56 30 75 54 35 4 17 39 11 77 21 45 1 53 24 38 61 46 48 41,evens,regular,2
2022-12-03T14:33:00Z,321,25 35 70 19 66 60 41 4 38 51 8 76 57 58 52 20 45 67 79 29,tails,regular,2
2022-12-03T14:36:00Z,323,12 49 11 73 76 55 67 63 62 37 58 16 13 68 17 35 9 39 1 27,heads,major,1
2022-12-03T14:39:00Z,324,10 34 58 19 73 78 40 32 35 29 22 24 54 14 20 56 5 33 38 60,heads,regular,2
2022-12-03T14:42:00Z,325,33 45 39 58 52 53 27 72 18 77 2 17 15 13 62 29 46 4 61 8,heads,regular,2
2022-12-03T14:45:00Z,326,61 67 1 18 73 3 78 34 10 32 58 7 60 36 76 29 53 35 50 9,heads,minor,4
2022-12-03T14:48:00Z,327,80 47 10 17 5 56 18 24 78 52 34 77 9 61 7 12 14 68 69 73,evens,minor,2
2022-12-03T14:51:00Z,328,5 20 55 43 56 68 48 62 65 31 8 33 71 9 76 50 67 38 29 41,tails,regular,2
2022-12-03T14:54:00Z,329,35 7 14 15 20 1 61 76 50 69 48 28 47 64 25 37 8 74 2 68,heads,regular,2
2022-12-03T14:57:00Z,330,7 76 50 45 61 15 46 71 16 28 23 80 74 59 72 22 42 11 4 55,tails,regular,3
2022-12-03T15:00:00Z,332,39 28 58 44 31 53 37 57 34 14 38 51 71 40 3 49 13 27 9 78,heads,regular,3
2022-12-03T15:03:00Z,333,36 56 57 8 18 45 80 20 55 67 2 59 77 58 26 40 19 10 35 68,evens,regular,2
2022-12-03T15:06:00Z,334,74 69 65 27 37 64 49 17 6 33 39 34 75 4 66 54 24 62 16 67,evens,regular,2
2022-12-03T15:09:00Z,335,44 55 49 73 68 65 27 40 20 50 46 53 2 29 19 63 11 23 16 15,evens,regular,1
2022-12-03T15:12:00Z,336,5 38 27 15 78 17 28 55 10 9 24 70 19 63 65 25 26 80 53 41,heads,minor,3
2022-12-03T15:15:00Z,337,70 61 5 26 17 77 4 57 38 40 43 39 62 52 69 28 30 49 16 78,evens,regular,1
2022-12-03T15:18:00Z,338,31 75 76 64 46 47 32 25 54 49 24 37 5 53 2 45 9 20 68 1,evens,minor,3
2022-12-03T15:21:00Z,339,6 39 75 56 7 15 31 46 62 22 69 53 79 11 43 3 20 57 50 61,tails,minor,10
2022-12-03T15:24:00Z,341,41 19 38 61 10 21 20 26 44 71 34 37 22 80 15 72 43 8 47 30,heads,minor,3
2022-12-03T15:27:00Z,342,61 30 15 59 14 21 16 62 66 35 55 67 10 78 76 22 11 54 48 42,tails,regular,10
2022-12-03T15:30:00Z,343,31 45 37 42 38 73 47 4 22 20 74 58 3 2 66 71 1 40 61 56,evens,regular,2
2022-12-03T15:33:00Z,344,33 45 17 78 49 46 28 50 15 31 66 6 47 64 14 36 29 27 63 25,heads,minor,4
2022-12-03T15:36:00Z,345,4 57 3 42 54 21 48 12 31 55 77 80 8 19 56 69 16 38 41 40,evens,regular,2
2022-12-03T15:39:00Z,346,25 44 23 73 79 36 26 22 3 13 45 53 21 67 35 56 24 57 66 31,heads,regular,3
2022-12-03T15:42:00Z,347,45 80 35 40 68 54 65 7 37 20 9 76 51 77 4 32 17 75 64 33,evens,minor,2
2022-12-03T15:45:00Z,348,30 69 18 74 55 50 68 71 67 28 43 38 45 40 41 59 47 19 49 44,tails,minor,3
2022-12-03T15:48:00Z,350,37 71 18 23 16 29 68 67 10 32 75 2 35 7 53 11 21 48 72 76,heads,regular,2
2022-12-03T15:51:00Z,351,51 3 10 26 9 60 68 59 40 70 31 56 43 76 53 5 39 21 35 66,evens,regular,3
2022-12-03T15:54:00Z,352,55 72 6 34 30 68 24 37 25 79 16 32 10 29 69 51 70 49 77 73,evens,regular,2
2022-12-03T15:57:00Z,353,50 71 28 15 61 1 36 12 42 67 73 54 68 22 48 64 52 30 16 23,tails,regular,3
2022-12-03T16:00:00Z,354,22 76 54 79 57 42 62 70 72 19 47 73 58 41 29 26 18 1 36 56,tails,regular,1
2022-12-03T16:03:00Z,355,27 52 45 14 3 74 18 37 2 70 38 41 61 17 58 65 66 20 78 72,tails,regular,1
2022-12-03T16:06:00Z,356,60 76 74 28 70 56 2 64 50 34 62 43 22 54 67 69 58 63 35 32,tails,major,2
2022-12-03T16:09:00Z,357,43 15 37 76 21 67 40 73 72 59 54 30 22 60 78 41 77 53 7 71,tails,regular,2
2022-12-03T16:12:00Z,359,19 51 18 14 43 48 77 70 65 71 73 64 30 42 1 33 2 20 54 56,tails,major,4
2022-12-03T16:15:00Z,360,22 9 39 74 54 40 18 11 38 55 32 23 62 27 58 26 4 30 77 66,heads,regular,1
2022-12-03T16:18:00Z,361,65 24 45 32 57 49 8 46 1 75 42 80 69 35 33 5 72 66 19 79,tails,regular,1
2022-12-03T16:21:00Z,362,48 52 57 72 9 6 35 34 43 14 29 65 30 56 53 2 42 69 76 71,tails,regular,3
2022-12-03T16:24:00Z,363,57 68 5 13 10 64 77 35 9 26 60 12 58 72 22 28 76 70 1 44,evens,regular,1
2022-12-03T16:27:00Z,364,17 21 61 58 59 51 55 10 32 36 62 67 16 77 12 5 44 43 11 72,tails,major,3
2022-12-03T16:30:00Z,365,12 74 13 21 57 64 77 23 35 44 3 59 65 19 26 24 8 46 70 4,heads,regular,3
2022-12-03T16:33:00Z,366,35 30 61 75 53 31 42 9 4 56 73 32 40 18 79 3 21 28 52 11,heads,regular,2
2022-12-03T16:36:00Z,368,40 34 9 17 56 2 80 36 64 23 32 35 8 27 79 37 31 73 13 66,heads,regular,1
2022-12-03T16:39:00Z,369,75 32 9 74 13 14 7 27 79 63 64 8 34 61 15 18 22 80 40 42,heads,regular,2
2022-12-03T16:42:00Z,370,23 26 5 77 33 39 51 19 25 32 40 67 76 30 60 80 46 12 15 34,heads,minor,4
2022-12-03T16:45:00Z,371,45 40 9 43 62 18 35 37 26 53 21 74 46 49 41 4 15 65 54 67,tails,regular,3
2022-12-03T16:48:00Z,372,24 72 40 65 28 62 22 73 9 6 38 70 34 45 66 29 56 75 12 33,heads,regular,3
2022-12-03T16:51:00Z,373,25 3 57 2 18 61 63 17 51 62 4 70 5 75 74 48 59 29 45 54,tails,regular,2
2022-12-03T16:54:00Z,374,61 45 18 68 15 78 40 48 20 24 47 70 30 77 25 43 50 10 53 21,tails,regular,2
2022-12-03T16:57:00Z,375,10 42 48 70 72 53 32 14 50 75 20 4 37 60 67 79 73 76 51 43,tails,minor,2
2022-12-03T17:00:00Z,377,33 14 76 20 18 55 28 80 15 25 52 51 17 72 58 8 24 4 7 63,heads,regular,3
2022-12-03T17:03:00Z,378,31 66 51 43 40 2 34 35 57 5 14 11 79 26 63 55 54 12 6 25,heads,minor,1
2022-12-03T17:06:00Z,379,26 56 14 15 23 2 20 52 75 30 39 61 49 43 77 24 78 70 12 69,evens,minor,1
2022-12-03T17:09:00Z,380,42 14 71 17 41 24 70 31 58 46 20 40 9 23 80 66 51 21 45 38,evens,regular,1
2022-12-03T17:12:00Z,381,2 57 62 48 58 12 27 61 18 49 63 72 28 50 43 8 1 33 78 46,tails,regular,3
2022-12-03T17:15:00Z,382,18 32 29 74 26 71 24 54 67 40 12 51 52 27 37 77 42 25 35 75,heads,minor,2
2022-12-03T17:18:00Z,383,28 6 47 32 22 59 11 20 79 77 14 23 74 9 67 70 39 75 2 40,heads,regular,3
2022-12-03T17:21:00Z,384,3 17 54 50 5 41 52 73 74 11 23 66 6 20 43 37 47 31 4 28,heads,minor,2
2022-12-03T17:24:00Z,386,48 15 71 70 41 2 62 47 61 38 59 60 44 35 27 31 23 19 8 80,tails,regular,3
2022-12-03T17:27:00Z,387,64 45 20 7 60 51 8 13 18 47 65 19 75 43 11 56 50 70 12 4,tails,regular,2
2022-12-03T17:30:00Z,388,50 71 45 35 58 7 49 46 8 41 62 76 78 42 6 67 57 24 69 14,tails,regular,1
2022-12-03T17:33:00Z,389,22 29 34 67 48 50 38 62 57 13 5 15 63 32 37 56 74 28 77 26,heads,regular,3
2022-12-03T17:36:00Z,390,9 77 48 41 29 53 23 63 3 52 67 71 10 43 61 72 75 19 51 40,tails,minor,1
2022-12-03T17:39:00Z,391,62 46 74 55 43 72 2 54 31 48 37 25 12 66 6 50 73 5 21 15,tails,regular,1
2022-12-03T17:42:00Z,392,10 41 37 18 47 77 32 29 54 55 9 3 34 33 80 43 14 49 36 68,heads,minor,4
2022-12-03T17:45:00Z,393,75 65 46 40 80 47 68 10 2 43 69 27 39 31 70 20 78 62 21 28,tails,regular,5
2022-12-03T17:48:00Z,395,47 4 62 38 7 19 24 52 35 1 41 53 68 3 42 15 55 70 13 54,evens,minor,2
2022-12-03T17:51:00Z,396,63 58 5 13 21 14 16 10 49 69 24 62 26 60 47 70 42 28 56 52,tails,major,1
2022-12-03T17:54:00Z,397,49 34 28 29 52 42 69 78 66 44 80 76 53 35 31 25 64 46 67 10,tails,regular,1
2022-12-03T17:57:00Z,398,20 25 11 24 79 61 26 58 29 14 5 1 52 63 57 9 64 49 77 23,heads,regular,1
2022-12-03T18:00:00Z,399,22 34 5 70 16 76 47 80 33 64 29 8 48 66 19 3 60 57 44 21,evens,minor,1
2022-12-03T18:03:00Z,400,80 37 18 57 1 72 24 43 55 76 51 9 49 14 73 39 69 8 56 13,tails,minor,2
2022-12-03T18:06:00Z,401,59 13 33 51 15 19 50 74 25 73 35 43 49 72 61 1 10 31 62 6,evens,regular,5
2022-12-03T18:09:00Z,402,38 15 57 26 4 21 8 56 62 59 12 80 54 48 31 10 53 5 47 58,evens,regular,3
2022-12-03T18:12:00Z,404,70 72 62 71 48 42 24 54 64 80 4 45 2 32 26 46 50 68 28 11,tails,regular,1
2022-12-03T18:15:00Z,405,15 56 71 30 50 40 24 46 41 7 62 9 52 5 64 37 77 74 70 12,tails,regular,10
2022-12-03T18:18:00Z,406,6 14 31 53 49 54 50 70 69 41 12 34 56 37 30 5 48 25 38 21,heads,major,1
2022-12-03T18:21:00Z,407,65 2 43 14 13 47 31 71 39 40 5 29 32 78 66 10 44 42 24 8,heads,minor,2
2022-12-03T18:24:00Z,408,42 32 71 21 58 60 30 45 26 53 62 57 61 37 18 66 74 70 65 75,tails,regular,3
2022-12-03T18:27:00Z,409,61 35 23 62 30 47 66 48 21 19 69 6 49 42 33 55 36 67 68 27,tails,regular,2
2022-12-03T18:30:00Z,410,58 64 17 73 42 39 11 19 78 25 12 72 35 45 14 59 9 21 23 74,heads,minor,4
2022-12-03T18:33:00Z,411,8 22 14 41 24 61 10 73 5 29 74 65 79 55 62 21 64 44 16 38,evens,minor,10
2022-12-03T18:36:00Z,413,10 30 40 45 44 77 28 50 8 67 19 29 80 33 52 7 75 2 71 20,heads,minor,3
2022-12-03T18:39:00Z,414,71 27 74 25 18 65 62 50 31 80 8 13 57 10 58 7 2 22 49 79,evens,minor,1
2022-12-03T18:42:00Z,415,29 44 22 28 10 21 56 61 69 38 24 55 23 41 72 33 2 43 35 37,heads,major,1
2022-12-03T18:45:00Z,416,42 22 41 10 27 50 62 79 71 47 70 29 66 25 15 13 59 49 36 3,tails,regular,3
2022-12-03T18:48:00Z,417,20 70 13 71 26 30 74 67 66 42 43 2 21 78 65 46 4 7 19 60,tails,regular,3
2022-12-03T18:51:00Z,418,79 23 74 67 58 76 4 43 16 68 34 69 15 56 73 8 44 65 48 7,tails,regular,10
2022-12-03T18:54:00Z,419,36 70 63 14 51 47 48 27 16 72 43 68 28 7 50 65 22 80 35 6,tails,major,4
2022-12-03T18:57:00Z,420,29 53 62 21 64 52 31 79 37 76 63 23 8 35 74 43 18 73 65 15,tails,regular,5
2022-12-03T19:00:00Z,422,62 34 56 35 32 54 80 37 28 49 59 41 45 10 70 52 73 26 14 19,tails,regular,3
2022-12-03T19:03:00Z,423,43 7 33 80 79 11 30 8 22 17 68 2 65 19 77 29 73 23 74 70,heads,major,4
2022-12-03T19:06:00Z,424,21 65 58 20 80 25 42 61 10 43 37 75 71 70 41 34 13 57 22 30,tails,regular,2
2022-12-03T19:09:00Z,425,61 47 55 25 66 43 22 76 1 80 35 37 78 79 11 27 28 70 9 48,tails,minor,2
2022-12-03T19:12:00Z,426,30 73 62 1 38 13 49 53 5 80 20 75 22 32 46 55 31 42 56 78,tails,regular,1
2022-12-03T19:15:00Z,427,19 5 1 72 36 25 27 73 3 15 67 9 69 59 53 58 78 56 14 74,evens,regular,1
2022-12-03T19:18:00Z,428,17 22 64 1 66 51 8 16 76 29 78 26 63 56 21 3 50 19 77 46,evens,regular,1
2022-12-03T19:21:00Z,429,21 50 55 43 3 41 72 7 54 75 16 63 12 80 15 73 2 4 36 17,evens,minor,3
2022-12-03T19:24:00Z,431,54 79 53 49 11 47 27 70 22 51 38 33 21 68 4 6 30 52 39 65,evens,regular,2
2022-12-03T19:27:00Z,432,46 56 79 37 52 36 1 42 3 48 14 9 18 16 20 72 78 66 47 62,tails,minor,1
2022-12-03T19:30:00Z,433,76 31 78 16 28 26 79 80 54 3 58 45 59 69 52 57 36 66 75 35,tails,regular,3
2022-12-03T19:33:00Z,434,2 53 11 21 51 16 29 1 52 65 41 32 63 23 15 59 40 26 24 55,heads,minor,3
2022-12-03T19:36:00Z,435,47 27 38 17 26 50 13 24 41 43 23 35 28 70 31 55 16 68 52 75,heads,regular,3
2022-12-03T19:39:00Z,436,68 5 57 44 26 1 28 27 63 4 25 52 62 38 29 19 56 80 33 15,heads,regular,1
2022-12-03T19:42:00Z,437,31 39 7 24 2 54 6 79 46 33 68 17 77 58 5 80 1 74 12 38,heads,minor,1
2022-12-03T19:45:00Z,438,11 51 72 30 79 27 32 14 55 69 23 74 58 76 41 44 61 29 49 31,tails,regular,1
2022-12-03T19:48:00Z,440,23 50 54 75 31 44 17 45 62 2 28 59 26 33 27 21 9 77 80 71,evens,regular,1
2022-12-03T19:51:00Z,441,17 51 35 64 66 4 16 76 38 10 6 75 56 31 26 52 34 62 41 44,evens,regular,3
2022-12-03T19:54:00Z,442,75 45 8 65 61 19 29 20 39 25 77 63 79 7 16 73 33 35 41 78,evens,regular,1
2022-12-03T19:57:00Z,443,59 28 69 78 18 36 80 58 31 4 46 77 30 20 38 12 61 26 79 5,heads,regular,1
2022-12-03T20:00:00Z,444,15 43 66 29 54 47 33 50 75 35 72 34 58 80 48 19 5 17 40 4,evens,regular,3
2022-12-03T20:03:00Z,445,20 44 42 51 28 57 4 64 3 27 65 39 75 17 5 14 1 21 61 38,heads,minor,1
2022-12-03T20:06:00Z,446,70 57 53 34 72 67 35 45 30 21 78 54 4 1 38 76 14 39 44 71,tails,regular,1
2022-12-03T20:09:00Z,447,7 53 55 39 34 23 45 22 25 46 51 37 48 15 57 29 80 5 30 70,heads,regular,2
2022-12-03T20:12:00Z,449,61 6 70 14 71 41 20 1 39 75 28 56 60 13 2 52 50 36 73 58,tails,minor,3
2022-12-03T20:15:00Z,450,16 44 39 32 50 28 72 18 37 46 55 35 5 76 69 73 61 9 78 27,evens,regular,3
2022-12-03T20:18:00Z,451,32 33 76 6 34 51 64 71 28 18 73 54 1 11 22 37 42 27 47 40,heads,major,1
2022-12-03T20:21:00Z,452,11 78 14 74 4 36 47 32 48 77 13 39 65 80 26 61 2 17 51 38,heads,regular,1
2022-12-03T20:24:00Z,453,53 32 4 8 31 48 43 47 29 62 49 12 54 18 20 37 45 3 52 41,evens,minor,5
2022-12-03T20:27:00Z,454,60 53 78 42 28 2 49 30 20 12 41 50 48 63 64 54 24 47 37 38,tails,regular,2
2022-12-03T20:30:00Z,455,64 7 2 65 17 52 9 31 56 77 26 6 61 1 60 73 19 23 55 40,heads,regular,3
2022-12-03T20:33:00Z,456,54 45 17 66 2 34 36 73 79 39 71 80 68 19 20 57 65 72 59 78,tails,regular,3
2022-12-03T20:36:00Z,458,15 59 79 60 32 70 19 40 80 21 23 1 4 61 2 14 50 43 22 45,heads,regular,3
2022-12-03T20:39:00Z,459,49 20 55 76 7 37 15 71 17 21 60 75 30 72 23 38 65 53 70 19,evens,regular,1
2022-12-03T20:42:00Z,460,74 60 12 22 40 18 21 24 80 57 26 14 11 46 47 66 6 77 3 37,heads,regular,1
2022-12-03T20:45:00Z,461,47 26 39 60 12 62 69 63 24 9 18 45 29 8 23 51 42 34 13 10,heads,regular,10
2022-12-03T20:48:00Z,462,24 59 41 58 45 60 38 4 80 57 51 22 75 43 18 17 20 64 16 13,tails,minor,10
2022-12-03T20:51:00Z,463,32 39 76 14 54 78 43 38 57 75 21 66 49 79 16 33 40 13 64 26,evens,minor,3
2022-12-03T20:54:00Z,464,8 61 74 62 22 41 68 73 77 43 27 47 76 13 78 55 9 30 18 59,tails,regular,2
2022-12-03T20:57:00Z,465,5 26 24 4 43 21 32 46 65 77 1 9 16 50 36 11 69 15 67 25,heads,regular,10
2022-12-03T21:00:00Z,467,10 74 69 46 73 64 51 55 58 57 44 7 26 12 63 8 25 79 31 11,tails,regular,3
2022-12-03T21:03:00Z,468,26 12 78 51 13 24 79 40 17 54 75 29 72 38 31 58 9 71 68 30,heads,regular,2
2022-12-03T21:06:00Z,469,6 66 52 26 31 30 7 49 20 67 35 15 46 29 56 19 68 14 24 33,heads,regular,1
2022-12-03T21:09:00Z,470,60 41 3 75 11 37 31 7 30 34 51 49 48 72 58 42 39 56 13 62,tails,regular,2
2022-12-03T21:12:00Z,471,4 61 31 43 78 63 34 9 41 75 42 69 57 3 47 62 21 24 6 16,tails,regular,1
2022-12-03T21:15:00Z,472,27 74 9 46 56 64 60 2 40 70 51 54 16 18 41 50 6 4 79 49,tails,regular,3
2022-12-03T21:18:00Z,473,45 66 38 69 61 60 3 25 42 70 71 27 47 7 41 63 67 79 54 72,tails,regular,1
2022-12-03T21:21:00Z,474,34 79 46 63 80 75 65 7 25 36 57 42 17 19 8 30 45 58 43 51,tails,regular,2
2022-12-03T21:24:00Z,476,17 56 80 9 55 4 48 23 29 1 43 16 77 59 28 66 49 71 21 35,evens,minor,3
2022-12-03T21:27:00Z,477,33 49 71 16 1 64 59 3 37 44 62 5 50 46 73 48 20 42 24 65,tails,regular,1
2022-12-03T21:30:00Z,478,15 64 30 37 38 59 41 75 13 31 39 48 27 77 53 78 54 63 1 7,evens,minor,3
2022-12-03T21:33:00Z,479,17 80 34 14 58 7 71 53 15 68 61 59 27 24 19 30 33 31 39 4,heads,regular,3
2022-12-03T21:36:00Z,480,60 53 3 68 79 21 47 62 14 69 41 35 26 51 70 48 30 19 15 29,tails,regular,2
2022-12-03T21:39:00Z,481,72 9 50 60 32 42 56 19 38 36 25 74 54 31 59 30 18 65 58 79,tails,minor,1
2022-12-03T21:42:00Z,482,55 48 50 24 26 28 73 35 78 49 74 4 23 46 52 69 76 72 33 1,tails,minor,3
2022-12-03T21:45:00Z,483,20 56 9 22 80 60 70 10 52 37 41 66 30 5 36 16 67 47 6 74,evens,regular,3
2022-12-03T21:48:00Z,485,7 52 49 33 8 79 38 32 63 23 24 16 15 25 65 69 5 36 48 29,heads,regular,3
2022-12-03T21:51:00Z,486,21 62 59 36 69 23 56 19 28 79 71 53 17 46 6 75 63 65 50 34,tails,major,5
2022-12-03T21:54:00Z,487,18 32 46 72 24 38 37 25 54 62 20 44 1 8 75 5 41 10 79 30,heads,minor,10
2022-12-03T21:57:00Z,488,67 65 43 14 36 63 11 4 34 62 68 40 53 30 76 80 27 45 77 78,tails,minor,1
2022-12-03T22:00:00Z,489,77 17 79 27 80 29 43 71 14 38 51 58 40 76 62 34 37 74 57 64,tails,regular,3
2022-12-03T22:03:00Z,490,15 35 8 63 26 10 27 49 25 17 41 34 77 21 79 55 54 13 14 40,heads,minor,2
2022-12-03T22:06:00Z,491,13 18 16 11 28 32 71 77 42 29 38 75 20 27 14 45 3 79 48 47,heads,regular,1
2022-12-03T22:09:00Z,492,80 15 72 64 27 48 76 70 43 46 16 63 55 37 9 60 36 1 49 2,tails,major,1
2022-12-03T22:12:00Z,494,79 72 74 52 57 73 44 36 69 41 10 51 25 5 3 16 61 62 33 60,tails,regular,1
2022-12-03T22:15:00Z,495,42 40 69 55 24 46 50 5 36 52 57 20 43 27 38 62 15 32 78 60,tails,major,4
2022-12-03T22:18:00Z,496,64 10 28 16 21 23 50 7 22 44 59 69 35 77 1 33 46 67 80 29,heads,minor,2
2022-12-03T22:21:00Z,497,56 11 70 1 69 22 35 43 15 34 39 2 20 68 46 26 10 13 4 71,heads,minor,1
2022-12-03T22:24:00Z,498,10 13 24 12 56 20 46 75 40 31 51 71 55 6 77 72 49 65 16 36,evens,regular,2
2022-12-03T22:27:00Z,499,17 6 21 5 15 12 19 59 79 29 57 68 20 61 62 65 22 1 77 66,heads,regular,3
2022-12-03T22:30:00Z,500,71 50 73 1 40 11 35 47 34 41 7 25 77 58 23 6 78 10 69 14,heads,regular,3
2022-12-03T22:33:00Z,501,72 61 48 63 71 46 13 30 59 39 10 22 60 9 69 38 77 76 51 54,tails,regular,2
2022-12-03T22:36:00Z,503,42 64 5 13 16 7 31 48 36 78 14 17 35 46 27 6 54 58 62 4,heads,regular,2
2022-12-03T22:39:00Z,504,68 43 31 67 23 66 33 26 32 58 50 59 25 7 22 64 34 21 45 2,heads,regular,2
2022-12-03T22:42:00Z,505,71 48 42 72 70 77 1 64 50 51 52 43 63 16 19 6 23 9 57 54,tails,regular,1
2022-12-03T22:45:00Z,506,33 21 42 16 23 3 15 17 57 63 67 1 45 74 52 29 2 55 18 73,heads,minor,1
2022-12-03T22:48:00Z,507,55 72 79 22 48 74 36 23 25 3 80 44 30 54 12 76 9 14 38 47,evens,regular,3
2022-12-03T22:51:00Z,508,50 6 69 57 68 19 15 43 10 24 75 29 56 3 77 41 14 76 26 4,evens,regular,1
2022-12-03T22:54:00Z,509,6 48 35 23 55 58 32 33 25 77 31 4 66 60 76 39 17 51 73 12,heads,regular,3
2022-12-03T22:57:00Z,510,59 35 56 39 76 49 53 28 78 18 12 9 61 79 37 75 50 22 7 24,evens,regular,3
2022-12-03T23:00:00Z,512,36 12 22 3 21 33 25 46 57 75 40 27 52 76 28 39 15 43 11 31,heads,regular,1
2022-12-03T23:03:00Z,513,33 22 18 20 16 39 29 54 41 7 48 80 57 3 60 50 15 73 14 2,heads,regular,1
2022-12-03T23:06:00Z,514,76 17 34 7 71 57 66 13 20 37 31 54 9 11 52 21 38 23 63 44,heads,regular,3
2022-12-03T23:09:00Z,515,53 47 4 30 60 39 5 13 26 67 24 50 23 69 71 31 70 19 42 79,evens,regular,2
2022-12-03T23:12:00Z,516,52 47 44 30 39 46 38 13 37 70 3 29 45 64 53 72 67 59 55 34,tails,regular,1
2022-12-03T23:15:00Z,517,59 17 27 68 9 69 79 78 25 77 1 70 62 75 65 39 66 10 29 26,tails,regular,1
2022-12-03T23:18:00Z,518,11 60 42 24 2 57 37 47 25 43 17 77 9 23 18 5 67 20 58 75,heads,regular,1
2022-12-03T23:21:00Z,519,47 56 26 70 2 76 46 52 45 73 63 35 14 34 66 50 38 40 32 12,tails,minor,1
2022-12-03T23:24:00Z,521,22 11 42 57 7 21 66 9 62 17 23 24 44 14 30 39 10 67 29 32,heads,regular,1
2022-12-03T23:27:00Z,522,27 25 18 49 62 7 4 76 12 65 33 64 79 1 30 37 67 51 3 39,heads,regular,2
2022-12-03T23:30:00Z,523,33 2 79 53 17 22 63 55 14 11 28 49 68 65 21 76 18 34 41 62,evens,minor,2
2022-12-03T23:33:00Z,524,59 45 41 2 28 26 72 6 20 21 11 75 37 4 56 17 66 40 19 76,heads,minor,10
2022-12-03T23:36:00Z,525,3 35 6 4 61 57 34 22 36 65 58 76 7 42 19 44 33 56 55 13,heads,regular,3
2022-12-03T23:39:00Z,526,2 20 1 62 45 12 65 75 42 16 77 14 10 49 44 69 34 28 47 21,evens,regular,1
2022-12-03T23:42:00Z,527,49 13 59 11 72 34 2 6 68 62 22 28 15 52 25 51 63 4 40 5,heads,regular,1
2022-12-03T23:45:00Z,528,58 15 54 7 25 69 12 67 4 77 73 9 52 43 6 39 35 76 33 17,heads,regular,2
2022-12-03T23:48:00Z,530,21 17 79 50 30 11 34 10 58 31 23 48 78 73 80 54 22 38 60 15,heads,minor,1
2022-12-03T23:51:00Z,531,50 75 19 63 34 58 38 42 57 77 17 15 32 59 35 26 12 62 11 41,evens,minor,10
2022-12-03T23:54:00Z,532,33 25 7 73 31 46 52 24 12 43 70 11 40 48 64 71 39 79 28 69,evens,minor,2
2022-12-03T23:57:00Z,533,66 48 70 55 74 59 24 38 41 6 5 56 80 42 62 11 77 52 57 33,tails,major,1
2022-12-04T00:00:00Z,534,42 70 74 50 12 28 2 69 1 4 73 29 72 55 30 64 66 56 61 51,tails,regular,1
2022-12-04T00:03:00Z,535,53 73 63 6 31 32 27 38 74 69 29 7 45 17 41 72 3 15 48 20,heads,minor,3
2022-12-04T00:06:00Z,536,7 6 1 30 61 58 21 54 10 69 2 9 22 62 8 35 31 17 33 12,heads,regular,3
2022-12-04T00:09:00Z,537,47 17 14 16 8 65 58 49 66 29 12 39 3 9 21 11 34 25 6 60,heads,regular,1
2022-12-04T00:12:00Z,539,29 6 1 62 73 65 48 7 59 77 32 67 13 28 39 80 75 63 41 54,tails,minor,1
2022-12-04T00:15:00Z,540,61 80 74 17 49 1 38 2 68 33 19 78 8 50 75 7 66 36 46 60,tails,minor,2
2022-12-04T00:18:00Z,541,61 44 76 50 23 53 57 48 3 78 25 35 7 24 56 32 1 60 71 41,tails,regular,2
2022-12-04T00:21:00Z,542,39 52 35 78 12 22 5 11 36 75 68 57 19 74 65 63 62 7 45 9,evens,regular,1
2022-12-04T00:24:00Z,543,13 78 42 17 4 74 44 37 57 52 15 39 56 61 32 34 62 55 40 2,evens,minor,2
2022-12-04T00:27:00Z,544,47 71 43 29 8 4 63 17 61 65 75 80 46 68 77 10 42 18 55 64,tails,regular,1
2022-12-04T00:30:00Z,545,72 10 57 52 50 32 16 17 65 51 12 64 38 28 78 9 41 15 1 46,evens,regular,5
2022-12-04T00:33:00Z,546,30 5 16 53 26 21 14 61 75 57 34 42 17 44 33 48 9 19 22 69,heads,regular,1
2022-12-04T00:36:00Z,548,42 77 76 78 44 48 2 22 41 1 40 63 28 70 12 18 14 69 6 71,tails,regular,2
2022-12-04T00:39:00Z,549,16 55 12 80 30 37 9 14 43 29 56 27 44 39 15 73 41 28 19 78,heads,minor,3
2022-12-04T00:42:00Z,550,80 2 4 47 33 24 76 28 59 37 27 65 53 15 26 77 52 1 72 18,heads,regular,3
2022-12-04T00:45:00Z,551,55 72 76 79 21 40 71 14 77 42 30 3 56 69 63 31 10 33 66 38,tails,regular,1
2022-12-04T00:48:00Z,552,46 62 22 79 23 73 13 16 3 51 42 37 40 12 60 80 75 29 2 6,heads,regular,2
2022-12-04T00:51:00Z,553,62 55 11 59 41 30 13 68 63 18 50 74 69 60 8 27 25 56 2 57,tails,major,4
2022-12-04T00:54:00Z,554,17 33 7 8 31 63 57 72 21 73 60 42 59 13 6 67 54 80 22 70,tails,regular,1
2022-12-04T00:57:00Z,555,13 77 17 10 35 12 21 37 47 65 3 72 26 50 24 78 44 8 61 32,heads,regular,1
2022-12-04T01:00:00Z,557,69 53 76 56 71 23 26 54 33 31 11 16 20 64 78 51 15 52 57 60,tails,minor,3
2022-12-04T01:03:00Z,558,24 73 29 52 11 33 58 25 34 6 7 2 66 22 15 67 30 10 1 13,heads,major,3
2022-12-04T01:06:00Z,559,28 68 4 59 5 1 73 56 37 31 10 42 6 21 70 3 54 18 15 17,heads,regular,1
2022-12-04T01:09:00Z,560,75 33 63 29 20 15 39 72 35 53 23 57 41 30 14 67 21 66 36 27,heads,regular,3
2022-12-04T01:12:00Z,561,41 71 76 35 72 44 54 17 7 15 65 6 50 28 45 12 5 52 25 8,evens,regular,1
2022-12-04T01:15:00Z,562,14 2 28 73 25 60 79 64 53 12 78 52 76 4 36 57 66 8 6 3,evens,regular,3
2022-12-04T01:18:00Z,563,50 17 80 13 53 24 3 64 23 18 26 37 56 47 78 58 77 25 45 57,tails,major,4
2022-12-04T01:21:00Z,564,8 6 19 15 42 70 52 46 54 1 31 26 80 7 43 44 53 24 5 63,evens,regular,3
2022-12-04T01:24:00Z,566,7 67 59 8 57 66 76 6 21 46 79 55 23 71 41 51 39 33 73 42,tails,regular,3
2022-12-04T01:27:00Z,567,59 10 46 41 24 54 29 20 40 14 52 77 35 76 57 74 32 28 27 47,evens,regular,10
2022-12-04T01:30:00Z,568,62 48 32 26 4 79 65 5 15 60 35 38 63 17 58 10 2 45 23 78,heads,regular,1
2022-12-04T01:33:00Z,569,67 79 25 20 3 36 49 51 1 15 27 69 33 9 53 64 38 5 6 40,heads,regular,2
2022-12-04T01:36:00Z,570,46 8 50 68 33 4 72 57 52 41 7 70 61 24 27 73 29 67 14 59,tails,regular,4
2022-12-04T01:39:00Z,571,69 79 43 56 20 39 40 19 54 37 17 70 48 60 34 2 62 30 68 77,tails,regular,3
2022-12-04T01:42:00Z,572,6 32 27 58 31 67 16 77 30 54 7 64 2 44 50 41 51 69 56 11,tails,minor,1
2022-12-04T01:45:00Z,573,73 78 30 33 34 43 11 19 25 38 68 46 5 57 15 60 8 13 7 51,heads,regular,2
2022-12-04T01:48:00Z,575,12 52 60 26 46 53 51 15 40 11 65 58 78 62 63 27 14 3 61 37,tails,regular,1
2022-12-04T01:51:00Z,576,58 44 49 79 43 76 17 71 34 68 67 63 19 46 48 16 29 26 10 51,tails,major,1
2022-12-04T01:54:00Z,577,54 79 30 25 65 2 39 21 18 71 26 6 31 9 1 41 16 35 28 69,heads,regular,1
2022-12-04T01:57:00Z,578,54 31 50 38 44 80 2 36 70 69 5 68 37 61 71 53 65 9 43 63,tails,minor,1
2022-12-04T02:00:00Z,579,77 28 3 9 49 73 54 68 58 5 2 19 34 46 16 20 38 31 48 79,heads,regular,3
2022-12-04T02:03:00Z,580,80 66 68 73 60 4 79 19 22 67 54 15 24 63 76 25 69 77 27 71,tails,minor,1
2022-12-04T02:06:00Z,581,47 80 66 35 36 30 56 12 5 48 15 70 64 24 40 45 13 77 50 71,tails,regular,1
2022-12-04T02:09:00Z,582,19 4 10 70 51 38 44 53 49 16 18 36 5 20 33 72 47 71 9 64,heads,regular,3
2022-12-04T02:12:00Z,584,36 19 41 18 74 53 40 4 55 75 27 78 79 44 5 65 35 32 21 28,heads,minor,3
2022-12-04T02:15:00Z,585,64 37 26 78 31 46 74 13 25 65 36 50 38 16 59 42 80 69 30 67,tails,regular,1
2022-12-04T02:18:00Z,586,79 40 19 5 62 41 65 54 51 61 15 31 36 71 28 63 33 35 3 10,heads,minor,1
2022-12-04T02:21:00Z,587,18 10 73 67 16 26 41 3 42 78 61 54 59 35 40 5 34 14 77 31,heads,minor,2
2022-12-04T02:24:00Z,588,14 11 39 55 17 27 18 66 43 35 73 62 56 15 70 51 19 49 60 80,tails,regular,2
2022-12-04T02:27:00Z,589,45 26 1 7 22 2 76 37 65 43 6 69 70 29 16 18 47 41 33 24,heads,regular,1
2022-12-04T02:30:00Z,590,35 31 42 60 20 78 18 22 14 68 30 28 47 6 48 37 16 58 13 38,heads,minor,1
2022-12-04T02:33:00Z,591,20 78 53 2 27 12 71 63 74 34 13 29 47 19 62 14 57 43 3 44,evens,regular,1
2022-12-04T02:36:00Z,593,65 48 5 58 31 6 71 1 37 8 26 23 21 44 49 43 40 15 28 3,heads,minor,4
2022-12-04T02:39:00Z,594,56 65 19 7 12 25 40 69 4 55 68 27 1 5 3 71 38 35 2 49,heads,regular,1
2022-12-04T02:42:00Z,595,30 29 33 78 14 26 37 20 23 56 39 15 60 3 73 70 5 12 66 47,heads,regular,1
2022-12-04T02:45:00Z,596,22 59 32 26 45 6 27 40 56 7 46 12 67 23 29 20 37 14 24 78,heads,regular,3
2022-12-04T02:48:00Z,597,8 9 20 4 25 23 18 60 16 63 42 57 43 21 37 39 66 36 47 2,heads,regular,1
2022-12-04T02:51:00Z,598,26 41 7 55 60 78 48 12 46 13 68 43 44 49 2 66 31 51 79 61,tails,regular,2
2022-12-04T02:54:00Z,599,26 34 67 75 53 65 11 49 32 40 54 64 15 35 29 22 55 62 7 2,heads,regular,1
2022-12-04T02:57:00Z,600,49 30 5 6 50 59 43 46 61 19 51 26 63 8 16 47 23 24 18 80,evens,minor,2
2022-12-04T03:00:00Z,602,19 50 28 68 23 35 39 49 1 12 73 55 22 65 10 56 26 63 67 13,heads,regular,3
2022-12-04T03:03:00Z,603,10 38 66 37 5 72 2 54 47 12 13 51 60 59 35 74 21 11 71 67,evens,minor,10
2022-12-04T03:06:00Z,604,61 51 31 17 53 52 68 77 79 15 4 37 20 72 80 42 78 35 50 16,tails,regular,1
2022-12-04T03:09:00Z,605,11 56 8 42 75 79 66 19 23 30 3 64 78 39 43 4 51 68 50 13,tails,regular,2
2022-12-04T03:12:00Z,606,6 56 76 18 27 59 44 21 7 77 3 54 38 60 25 8 16 67 74 57,evens,minor,1
2022-12-04T03:15:00Z,607,14 39 44 74 57 21 10 69 13 58 52 41 1 4 66 30 40 75 77 72,tails,regular,3
2022-12-04T03:18:00Z,608,55 46 21 77 26 37 65 15 58 51 69 33 25 22 63 72 39 42 10 6,evens,minor,1
2022-12-04T03:21:00Z,609,39 15 67 74 40 59 1 30 12 17 22 25 3 7 37 5 35 19 63 69,heads,regular,3
2022-12-04T03:24:00Z,611,70 15 64 44 66 30 16 72 17 51 65 31 75 10 77 59 11 52 21 60,tails,regular,2
2022-12-04T03:27:00Z,612,51 2 67 26 13 62 73 38 39 76 22 74 14 59 75 69 63 24 30 25,evens,regular,1
2022-12-04T03:30:00Z,613,53 6 21 65 16 34 31 2 60 22 27 52 26 69 14 57 36 55 40 39,heads,major,1
2022-12-04T03:33:00Z,614,23 33 68 62 26 21 8 61 32 52 54 57 63 59 51 16 80 10 20 66,tails,regular,4
2022-12-04T03:36:00Z,615,70 13 43 23 25 55 33 63 61 39 56 54 40 21 30 79 47 27 51 1,evens,regular,1
2022-12-04T03:39:00Z,616,80 23 9 50 57 19 29 77 52 62 58 76 1 27 79 38 22 46 24 17,evens,regular,2
2022-12-04T03:42:00Z,617,28 17 12 80 24 26 46 21 9 50 13 64 1 73 58 37 66 31 75 35,heads,minor,2
2022-12-04T03:45:00Z,618,19 62 51 50 10 11 44 21 58 34 4 42 6 59 77 25 54 57 30 64,tails,regular,1
2022-12-04T03:48:00Z,620,54 25 71 62 46 18 12 53 72 23 34 74 30 50 1 48 65 66 40 45,tails,minor,2
2022-12-04T03:51:00Z,621,20 59 78 15 14 57 52 1 76 50 34 23 62 8 70 47 39 13 58 73,tails,regular,2
2022-12-04T03:54:00Z,622,32 28 53 12 63 26 29 40 44 11 45 4 43 8 59 76 67 19 22 69,heads,regular,3
2022-12-04T03:57:00Z,623,61 40 26 30 5 43 9 17 21 78 28 68 67 7 1 51 16 65 46 76,heads,regular,1
2022-12-04T04:00:00Z,624,57 31 34 40 39 48 71 53 62 15 27 38 67 77 52 7 5 18 9 11,heads,regular,3
2022-12-04T04:03:00Z,625,34 30 59 7 40 52 9 2 14 31 26 61 6 35 70 19 75 12 16 47,heads,regular,1
2022-12-04T04:06:00Z,626,75 59 77 7 65 54 43 3 58 73 10 21 12 69 72 6 64 27 4 29,tails,regular,1
2022-12-04T04:09:00Z,627,72 51 64 54 22 70 47 76 48 3 5 57 67 19 59 68 1 46 6 24,tails,regular,3
2022-12-04T04:12:00Z,629,58 48 33 32 14 59 7 61 57 69 49 13 18 43 55 44 25 51 9 19,tails,major,2
2022-12-04T04:15:00Z,630,55 13 74 75 20 17 44 65 71 62 34 14 60 58 30 46 35 2 42 50,tails,regular,3
2022-12-04T04:18:00Z,631,32 76 66 34 60 24 27 70 75 58 5 14 62 11 57 31 63 74 16 44,tails,regular,1
2022-12-04T04:21:00Z,632,57 73 78 75 59 12 69 26 43 2 19 63 49 45 20 72 39 42 31 1,tails,regular,2
2022-12-04T04:24:00Z,633,51 32 27 74 57 55 76 37 11 64 78 67 56 48 4 19 62 70 34 21,tails,regular,1
2022-12-04T04:27:00Z,634,5 10 42 51 72 7 8 27 61 60 53 63 16 40 68 55 47 79 13 56,tails,regular,3
2022-12-04T04:30:00Z,635,40 47 35 41 14 80 72 27 23 22 65 44 4 26 75 55 71 46 19 60,tails,regular,1
2022-12-04T04:33:00Z,636,8 21 60 29 1 59 65 38 23 27 54 32 35 42 45 34 7 53 36 68,heads,regular,1
2022-12-04T04:36:00Z,638,44 58 75 15 11 8 54 5 18 50 67 64 35 27 74 6 38 28 23 10,heads,regular,1
2022-12-04T04:39:00Z,639,48 24 38 66 23 47 80 42 9 20 32 8 51 76 18 21 67 74 13 65,evens,regular,2
2022-12-04T04:42:00Z,640,68 49 27 79 21 3 28 43 39 52 61 58 73 29 44 45 8 75 19 78,tails,regular,1
2022-12-04T04:45:00Z,641,10 39 37 67 36 33 22 34 54 7 17 79 30 69 48 32 78 60 76 53,heads,regular,3
2022-12-04T04:48:00Z,642,20 49 69 77 75 5 73 67 80 57 59 6 13 38 17 3 61 43 35 47,tails,regular,3
2022-12-04T04:51:00Z,643,17 58 28 39 62 70 76 19 3 1 80 72 77 73 47 13 30 33 69 59,tails,regular,1
2022-12-04T04:54:00Z,644,72 30 43 46 3 48 14 80 15 61 25 66 22 16 32 63 2 29 45 21,heads,regular,1
2022-12-04T04:57:00Z,645,80 78 25 16 4 47 20 2 31 52 66 8 19 60 27 49 79 53 70 26,evens,regular,1
2022-12-04T05:00:00Z,647,40 69 50 58 4 61 65 62 66 10 77 12 78 27 34 36 30 33 38 24,heads,minor,1
2022-12-04T05:03:00Z,648,15 10 9 46 19 47 79 53 36 43 70 6 60 55 51 1 37 2 17 27,heads,major,2
2022-12-04T05:06:00Z,649,46 18 12 30 19 53 25 2 43 73 65 15 31 9 1 26 38 50 80 77,heads,regular,1
2022-12-04T05:09:00Z,650,29 57 58 4 79 51 15 80 74 34 55 78 8 36 45 5 14 43 3 69,tails,regular,1
2022-12-04T05:12:00Z,651,13 38 45 54 5 71 57 33 43 12 48 44 14 49 21 59 79 18 65 78,tails,regular,2
2022-12-04T05:15:00Z,652,34 18 13 6 36 69 58 38 3 49 25 64 75 11 79 29 56 37 71 72,heads,regular,2
2022-12-04T05:18:00Z,653,39 24 2 40 22 36 21 25 19 78 74 79 49 57 28 68 48 51 4 5,heads,minor,4
2022-12-04T05:21:00Z,654,34 15 64 38 46 20 78 74 6 32 43 3 80 75 23 37 19 4 8 27,heads,regular,3
2022-12-04T05:24:00Z,656,64 34 77 63 9 11 1 67 43 54 15 18 3 71 78 8 53 35 76 10,evens,minor,4
2022-12-04T05:27:00Z,657,24 75 18 33 8 25 13 68 50 36 71 34 65 51 2 61 19 26 22 30,heads,regular,2
2022-12-04T05:30:00Z,658,43 78 60 24 62 72 30 76 10 51 75 19 23 56 26 11 13 18 54 27,evens,regular,1
2022-12-04T05:33:00Z,659,26 2 38 34 52 33 42 11 73 53 69 39 8 25 6 29 5 15 22 10,heads,minor,3
2022-12-04T05:36:00Z,660,8 32 24 73 64 41 48 3 61 15 79 63 57 37 16 58 18 22 36 5,heads,minor,2
2022-12-04T05:39:00Z,661,61 67 2 73 16 59 26 65 72 4 78 33 7 41 12 28 21 76 47 57,tails,regular,2
2022-12-04T05:42:00Z,662,72 71 59 20 27 14 11 39 29 66 42 70 40 21 2 22 37 56 44 79,heads,regular,3
2022-12-04T05:45:00Z,663,39 57 50 46 58 9 48 64 31 60 6 62 68 5 66 49 59 71 38 29,tails,regular,5
2022-12-04T05:48:00Z,665,34 12 69 50 32 30 19 2 78 47 14 41 65 15 67 36 46 38 80 20,heads,regular,2
2022-12-04T05:51:00Z,666,49 73 64 69 34 11 7 31 43 51 25 55 24 70 77 80 44 52 17 27,tails,regular,1
2022-12-04T05:54:00Z,667,49 48 78 26 36 22 3 25 41 14 28 5 12 68 61 17 1 20 29 38,heads,regular,5
2022-12-04T05:57:00Z,668,36 7 4 48 45 80 66 30 11 27 47 3 71 69 38 6 46 9 25 50,heads,minor,1
2022-12-04T06:00:00Z,669,31 60 69 1 66 64 42 13 65 62 27 24 6 46 40 39 23 36 53 57,evens,regular,3
2022-12-04T06:03:00Z,670,72 27 3 38 10 42 17 79 57 40 80 4 66 59 61 74 71 37 21 35,evens,major,1
2022-12-04T06:06:00Z,671,5 67 43 37 14 19 39 58 33 34 56 32 63 75 26 13 35 61 74 24,heads,minor,1
2022-12-04T06:09:00Z,672,45 1 33 64 39 56 50 52 73 68 44 29 54 53 11 13 46 79 78 62,tails,regular,3
2022-12-04T06:12:00Z,674,49 56 25 13 76 28 37 11 78 2 21 5 74 19 61 1 72 20 34 41,heads,regular,1
2022-12-04T06:15:00Z,675,62 29 49 7 69 53 50 80 35 78 43 8 33 58 22 6 36 20 3 13,heads,regular,5
2022-12-04T06:18:00Z,676,30 56 78 14 68 77 26 8 38 37 49 9 80 24 57 1 79 31 46 40,heads,major,4
2022-12-04T06:21:00Z,677,71 14 29 5 10 20 35 23 53 64 60 12 3 50 25 77 28 62 45 17,heads,minor,2
2022-12-04T06:24:00Z,678,40 14 28 17 21 19 34 52 11 78 44 4 59 47 53 62 31 50 38 5,heads,regular,3
2022-12-04T06:27:00Z,679,43 42 40 41 27 79 8 68 10 4 9 7 35 50 53 22 14 55 69 77,evens,regular,2
2022-12-04T06:30:00Z,680,36 18 59 17 62 55 21 24 19 63 29 52 46 74 2 72 75 16 13 70,evens,minor,10
2022-12-04T06:33:00Z,681,27 78 52 14 8 73 47 53 15 6 34 1 9 45 42 50 59 69 25 32,evens,minor,3
2022-12-04T06:36:00Z,683,34 16 9 45 18 61 15 31 24 12 80 58 68 67 77 3 28 78 46 29,heads,regular,3
2022-12-04T06:39:00Z,684,15 3 1 36 73 9 51 63 56 18 68 5 60 79 4 54 74 28 34 66,evens,regular,1
2022-12-04T06:42:00Z,685,65 20 26 71 30 40 36 62 60 12 59 31 11 49 15 43 38 58 33 10,heads,minor,4
2022-12-04T06:45:00Z,686,13 74 51 76 3 69 39 20 15 50 61 72 73 22 23 58 45 46 32 5,tails,minor,1
2022-12-04T06:48:00Z,687,44 5 66 11 67 32 28 53 30 51 52 47 76 20 63 38 56 23 68 79,tails,regular,1
2022-12-04T06:51:00Z,688,7 50 48 42 15 43 63 21 79 14 20 64 34 58 77 9 38 57 41 6,tails,regular,1
2022-12-04T06:54:00Z,689,52 73 76 48 47 11 13 53 65 77 29 26 37 55 10 69 64 72 22 50,tails,minor,1
2022-12-04T06:57:00Z,690,18 32 38 39 63 13 20 29 9 24 14 52 59 16 66 30 57 34 67 6,heads,regular,1
2022-12-04T07:00:00Z,692,33 51 57 49 3 18 27 37 50 28 38 10 15 35 11 25 72 77 58 71,heads,regular,1
2022-12-04T07:03:00Z,693,21 32 7 47 30 25 75 40 71 26 27 17 49 23 53 20 14 11 15 42,heads,regular,1
2022-12-04T07:06:00Z,694,13 67 54 57 12 65 76 21 9 11 50 38 32 71 72 19 20 80 46 74,tails,regular,1
2022-12-04T07:09:00Z,695,16 22 8 15 46 73 62 2 68 72 78 35 55 66 5 65 14 51 69 11,tails,regular,3
2022-12-04T07:12:00Z,696,24 6 36 61 57 23 79 40 45 29 69 78 50 37 19 55 33 34 58 22,heads,regular,1
2022-12-04T07:15:00Z,697,2 8 79 80 25 77 33 22 11 26 21 46 37 27 30 65 53 18 76 54,heads,minor,4
2022-12-04T07:18:00Z,698,73 40 52 36 68 10 64 74 76 1 29 15 48 21 22 61 55 79 2 17,evens,regular,2
2022-12-04T07:21:00Z,699,30 72 53 9 25 73 67 5 10 4 32 71 52 16 15 36 48 6 47 35,heads,minor,1
2022-12-04T07:24:00Z,701,50 47 34 45 75 39 13 60 62 49 76 72 19 17 5 51 44 6 20 10,tails,regular,3
2022-12-04T07:27:00Z,702,7 10 55 56 42 54 45 8 18 35 57 25 20 68 17 63 21 26 36 60,heads,regular,1
2022-12-04T07:30:00Z,703,47 26 69 45 27 2 10 55 36 64 24 30 62 31 71 16 54 80 11 63,evens,minor,10
2022-12-04T07:33:00Z,704,37 47 43 70 63 51 56 71 12 67 76 46 18 55 39 42 48 6 17 35,tails,regular,1
2022-12-04T07:36:00Z,705,55 12 61 4 39 68 25 19 18 9 59 21 37 20 24 32 70 65 60 42,heads,regular,3
2022-12-04T07:39:00Z,706,21 41 2 60 58 13 38 45 66 31 57 11 79 29 27 7 10 20 37 36,heads,minor,5
2022-12-04T07:42:00Z,707,76 56 75 7 35 43 10 62 70 32 19 24 61 14 41 8 45 47 30 31,evens,regular,1
2022-12-04T07:45:00Z,708,37 65 6 35 24 22 29 62 9 61 10 30 68 55 15 44 73 39 53 20,heads,regular,3
2022-12-04T07:48:00Z,710,67 36 30 54 25 44 53 15 8 32 13 62 60 56 27 47 50 79 49 23,tails,major,4
2022-12-04T07:51:00Z,711,3 65 18 25 75 79 17 11 52 1 49 36 34 78 26 76 21 35 50 69,heads,regular,1
2022-12-04T07:54:00Z,712,15 61 77 21 57 22 36 50 79 40 47 75 19 53 18 74 10 56 70 29,tails,regular,1
2022-12-04T07:57:00Z,713,74 1 72 6 43 18 70 14 17 79 63 45 47 73 60 77 68 42 20 34,tails,regular,1
2022-12-04T08:00:00Z,714,35 71 43 23 58 3 64 8 26 22 31 28 47 51 2 14 41 70 45 57,evens,minor,3
2022-12-04T08:03:00Z,715,62 59 27 45 31 78 65 30 13 51 41 12 63 24 28 8 35 17 75 79,evens,regular,2
2022-12-04T08:06:00Z,716,5 39 65 12 16 18 76 51 71 63 17 54 78 6 19 8 44 23 74 24,heads,minor,3
2022-12-04T08:09:00Z,717,72 56 3 55 59 44 42 17 47 26 52 8 70 16 19 12 58 20 25 22,evens,regular,1
2022-12-04T08:12:00Z,719,71 27 72 12 62 44 24 70 60 28 22 54 65 13 49 42 66 79 41 40,tails,regular,2
2022-12-04T08:15:00Z,720,49 8 19 6 12 35 66 13 22 63 55 79 74 69 73 70 71 14 68 29,tails,minor,1
2022-12-04T08:18:00Z,721,31 1 55 13 6 4 2 47 7 25 16 56 50 39 41 42 76 70 5 38,heads,regular,3
2022-12-04T08:21:00Z,722,36 26 65 10 78 46 9 62 34 57 31 76 73 32 63 17 25 61 41 33,evens,regular,2
2022-12-04T08:24:00Z,723,43 39 59 70 22 78 7 45 52 25 61 57 42 77 66 15 19 37 65 30,tails,regular,1
2022-12-04T08:27:00Z,724,65 42 50 57 6 46 34 53 73 5 3 54 78 76 36 19 47 37 12 18,tails,minor,2
2022-12-04T08:30:00Z,725,44 75 43 6 3 27 47 58 56 65 55 9 12 31 21 60 19 35 67 79,tails,regular,1
2022-12-04T08:33:00Z,726,26 57 71 24 70 37 32 2 42 45 69 36 40 79 11 73 68 58 25 50,tails,regular,5
2022-12-04T08:36:00Z,728,40 18 4 21 70 29 67 12 61 49 10 69 71 13 80 57 16 23 39 48,heads,regular,1
2022-12-04T08:39:00Z,729,20 1 11 37 78 34 35 15 51 25 4 14 31 55 39 56 45 65 2 54,heads,regular,2
2022-12-04T08:42:00Z,730,10 17 5 64 29 77 61 78 2 46 75 63 22 15 25 11 53 55 49 44,tails,regular,2
2022-12-04T08:45:00Z,731,57 36 21 78 61 25 74 65 8 46 66 15 79 44 55 5 37 50 28 41,tails,regular,3
2022-12-04T08:48:00Z,732,49 63 48 65 60 22 76 69 29 24 57 53 31 38 36 52 58 3 51 66,tails,regular,3
2022-12-04T08:51:00Z,733,6 71 67 23 18 66 3 78 39 31 70 44 40 59 69 77 12 28 51 14,evens,regular,1
2022-12-04T08:54:00Z,734,66 42 62 67 14 29 56 64 55 35 26 25 19 76 71 72 47 50 45 22,tails,regular,1
2022-12-04T08:57:00Z,735,42 3 24 45 77 32 43 12 20 7 54 47 17 22 59 52 65 80 57 56,tails,minor,2
2022-12-04T09:00:00Z,737,65 53 5 19 40 7 37 24 3 38 31 20 28 74 50 62 15 23 69 14,heads,regular,1
2022-12-04T09:03:00Z,738,67 53 79 73 50 13 32 56 75 19 47 49 65 11 60 12 72 37 7 69,tails,regular,1
2022-12-04T09:06:00Z,739,68 5 1 29 25 78 20 19 18 73 80 10 77 28 46 71 32 8 35 14,heads,regular,1
2022-12-04T09:09:00Z,740,51 6 10 19 52 55 35 41 77 65 54 34 30 53 62 66 42 16 33 15,tails,regular,3
2022-12-04T09:12:00Z,741,50 36 28 63 16 52 78 29 40 14 53 33 17 62 21 3 65 49 43 18,heads,regular,3
2022-12-04T09:15:00Z,742,65 39 56 33 9 47 40 19 41 70 53 14 55 31 11 24 64 17 32 54,heads,regular,3
2022-12-04T09:18:00Z,743,5 10 3 20 27 36 71 49 8 58 25 57 24 68 73 31 41 9 15 61,heads,regular,1
2022-12-04T09:21:00Z,744,55 16 48 70 69 44 26 7 42 6 30 13 52 32 11 1 41 43 74 19,evens,regular,5
2022-12-04T09:24:00Z,746,63 13 58 33 1 37 52 25 27 74 48 71 43 53 70 11 42 36 38 55,tails,minor,3
2022-12-04T09:27:00Z,747,13 68 53 49 25 69 27 55 76 34 52 12 62 63 74 1 33 8 5 6,evens,major,1
2022-12-04T09:30:00Z,748,35 15 70 27 49 41 23 9 31 50 8 37 52 38 1 63 43 76 42 45,evens,regular,1
2022-12-04T09:33:00Z,749,10 64 46 57 1 41 22 48 77 19 73 26 6 8 33 14 74 15 78 18,heads,minor,1
2022-12-04T09:36:00Z,750,41 33 20 72 32 79 74 15 68 16 5 22 78 35 60 4 76 62 37 55,evens,regular,1
2022-12-04T09:39:00Z,751,53 75 37 51 40 28 16 61 10 50 13 30 36 73 52 41 8 46 2 62,evens,minor,2
2022-12-04T09:42:00Z,752,71 3 4 57 45 18 32 55 67 13 37 39 79 8 52 21 69 35 72 51,evens,regular,1
2022-12-04T09:45:00Z,753,46 4 26 20 37 80 75 27 21 64 40 47 69 3 77 52 66 2 34 56,evens,regular,2
2022-12-04T09:48:00Z,755,60 65 40 64 76 80 57 13 77 38 63 7 74 37 46 1 70 3 31 71,tails,minor,1
2022-12-04T09:51:00Z,756,67 29 32 18 56 50 42 8 40 70 62 1 24 3 12 16 73 72 26 10,heads,regular,1
2022-12-04T09:54:00Z,757,44 72 4 35 79 24 53 1 67 25 57 27 31 3 14 62 48 40 64 18,heads,regular,1
2022-12-04T09:57:00Z,758,40 71 28 51 53 65 68 36 80 23 55 64 33 5 76 49 37 62 67 35,tails,major,4
2022-12-04T10:00:00Z,759,71 37 14 27 74 11 44 69 53 51 59 49 13 54 48 79 16 58 30 60,tails,regular,2
2022-12-04T10:03:00Z,760,4 80 45 40 3 72 16 53 12 57 24 5 26 21 50 75 11 15 58 27,heads,regular,1
2022-12-04T10:06:00Z,761,39 54 22 62 37 76 8 26 69 21 7 5 55 24 57 6 66 36 78 34,heads,regular,5
2022-12-04T10:09:00Z,762,26 12 20 31 68 34 64 80 49 50 60 33 10 1 51 28 76 2 40 17,heads,regular,2
2022-12-04T10:12:00Z,764,33 74 67 23 45 68 12 48 17 56 72 18 15 37 63 42 51 28 36 25,evens,major,4
2022-12-04T10:15:00Z,765,41 10 4 70 80 72 64 34 27 71 31 42 73 68 32 79 66 30 43 59,tails,regular,2
2022-12-04T10:18:00Z,766,32 26 42 72 63 16 67 23 54 5 10 36 30 59 29 56 78 46 57 79,tails,regular,2
2022-12-04T10:21:00Z,767,42 47 78 71 32 41 35 76 19 27 16 9 79 17 40 73 38 54 52 80,tails,regular,1
2022-12-04T10:24:00Z,768,45 6 79 49 5 74 78 29 23 4 69 65 34 52 53 80 57 22 13 48,tails,regular,2
2022-12-04T10:27:00Z,769,32 9 69 75 53 61 58 7 57 15 45 62 21 23 78 18 49 31 6 64,tails,regular,3
2022-12-04T10:30:00Z,770,10 34 72 24 18 71 78 42 66 28 49 67 60 12 36 64 27 74 52 32,tails,minor,3
2022-12-04T10:33:00Z,771,50 31 60 30 76 20 14 15 67 24 6 44 37 70 48 64 7 79 8 23,heads,regular,1
2022-12-04T10:36:00Z,773,77 74 44 71 55 34 78 2 54 15 70 42 79 36 7 45 4 9 47 23,tails,regular,1
2022-12-04T10:39:00Z,774,4 13 54 39 76 55 77 27 28 40 12 30 51 80 16 69 42 22 50 35,heads,regular,1
2022-12-04T10:42:00Z,775,34 5 32 42 50 35 38 44 15 13 74 54 27 10 58 28 9 77 22 18,heads,minor,2
2022-12-04T10:45:00Z,776,59 51 52 61 49 38 53 62 2 21 20 37 69 79 56 64 5 25 67 68,tails,regular,1
2022-12-04T10:48:00Z,777,51 32 36 65 70 46 80 12 6 5 48 11 50 63 49 18 77 21 72 38,tails,minor,3
2022-12-04T10:51:00Z,778,51 10 18 31 23 58 50 46 41 12 39 40 27 22 72 35 11 74 44 42,heads,major,1
2022-12-04T10:54:00Z,779,72 56 52 64 27 40 69 58 39 10 37 20 42 73 66 2 53 19 7 25,evens,regular,1
2022-12-04T10:57:00Z,780,28 19 54 42 16 66 7 63 80 43 61 27 30 15 21 13 58 18 33 4,heads,regular,1
2022-12-04T11:00:00Z,782,30 13 33 44 74 66 40 4 78 64 47 41 27 71 11 24 43 35 6 62,evens,regular,1
2022-12-04T11:03:00Z,783,5 2 72 78 69 7 11 33 38 15 51 19 3 28 36 14 77 63 75 31,heads,minor,5
2022-12-04T11:06:00Z,784,44 23 70 72 55 60 48 6 40 58 71 29 62 31 13 5 24 77 68 16,tails,major,3
2022-12-04T11:09:00Z,785,11 56 25 64 17 65 74 21 2 59 69 44 12 54 66 9 4 30 36 8,heads,regular,3
2022-12-04T11:12:00Z,786,22 2 29 42 26 15 3 23 21 31 17 70 43 24 69 51 39 45 76 7,heads,minor,1
2022-12-04T11:15:00Z,787,78 13 58 36 54 12 40 49 61 32 20 62 23 45 8 63 65 3 6 19,heads,regular,1
2022-12-04T11:18:00Z,788,44 14 71 61 47 5 2 40 36 76 78 69 18 8 46 21 43 29 15 49,evens,minor,4
2022-12-04T11:21:00Z,789,70 52 41 48 58 39 36 68 45 73 24 17 29 35 56 66 1 53 11 61,tails,regular,1
2022-12-04T11:24:00Z,791,64 47 6 8 73 56 29 5 52 67 37 61 23 58 21 49 66 57 15 43,tails,regular,1
2022-12-04T11:27:00Z,792,43 26 78 9 31 23 21 13 15 79 1 18 75 49 35 73 40 68 53 46,heads,regular,3
2022-12-04T11:30:00Z,793,55 66 3 38 47 59 54 72 23 74 49 13 40 78 56 29 20 53 79 63,tails,regular,10
2022-12-04T11:33:00Z,794,39 17 31 76 6 2 35 19 28 30 38 22 65 40 73 4 58 27 56 10,heads,minor,1
2022-12-04T11:36:00Z,795,15 58 49 20 41 18 71 52 21 13 10 54 8 12 14 60 7 40 57 30,heads,regular,3
2022-12-04T11:39:00Z,796,73 33 24 76 13 1 65 20 38 54 56 49 15 14 42 63 57 44 80 58,tails,regular,2
2022-12-04T11:42:00Z,797,78 12 42 7 51 48 16 55 19 36 41 53 79 43 70 57 45 75 34 22,tails,regular,1
2022-12-04T11:45:00Z,798,36 53 60 55 71 39 56 41 32 21 35 80 74 31 23 14 11 26 5 3,heads,minor,2
2022-12-04T11:48:00Z,800,17 66 5 80 19 54 45 22 13 72 29 63 8 56 3 20 40 49 79 46,evens,regular,1
2022-12-04T11:51:00Z,801,58 39 54 72 79 23 56 4 36 26 80 62 48 16 43 76 69 11 14 63,tails,regular,1
2022-12-04T11:54:00Z,802,32 74 21 9 53 15 27 57 73 42 5 56 22 7 6 75 80 65 48 71,tails,regular,4
2022-12-04T11:57:00Z,803,31 64 52 60 72 44 55 39 37 13 75 73 42 65 57 12 28 53 35 80,tails,regular,1
2022-12-04T12:00:00Z,804,36 51 41 27 23 56 47 60 80 50 46 10 24 69 71 21 55 22 58 17,tails,regular,2
2022-12-04T12:03:00Z,805,2 53 5 18 16 29 19 43 60 10 21 9 62 50 12 59 57 63 28 52,heads,regular,2
2022-12-04T12:06:00Z,806,5 14 2 26 11 13 3 63 6 48 23 70 39 52 21 8 35 77 1 9,heads,regular,3
2022-12-04T12:09:00Z,807,23 68 4 73 48 63 47 28 60 49 9 40 62 80 22 67 2 8 76 44,tails,regular,1
2022-12-04T12:12:00Z,809,30 8 42 36 7 5 17 24 65 43 61 79 66 48 46 29 6 44 73 58,tails,minor,3
2022-12-04T12:15:00Z,810,74 48 19 4 36 61 66 46 55 25 22 49 59 10 28 44 52 80 68 72,tails,regular,3
2022-12-04T12:18:00Z,811,29 68 35 52 48 51 45 31 79 50 49 69 72 14 62 71 47 17 56 61,tails,regular,3
2022-12-04T12:21:00Z,812,66 9 69 57 55 22 56 47 17 78 46 14 19 54 68 26 40 39 13 23,evens,regular,1
2022-12-04T12:24:00Z,813,5 21 11 4 26 23 56 72 7 32 74 31 67 6 75 64 78 66 34 39,heads,regular,2
2022-12-04T12:27:00Z,814,9 65 58 75 14 21 73 47 40 32 46 23 29 13 27 43 37 39 70 66,heads,major,1
2022-12-04T12:30:00Z,815,20 58 63 36 22 10 61 74 54 12 56 17 9 70 52 68 41 78 32 28,tails,regular,1
2022-12-04T12:33:00Z,816,46 14 65 18 37 19 60 8 27 57 2 40 79 31 56 30 16 17 67 9,heads,regular,1
2022-12-04T12:36:00Z,818,6 59 71 28 11 49 32 42 7 47 51 36 61 34 19 40 9 80 14 37,heads,regular,1
2022-12-04T12:39:00Z,819,71 31 69 46 27 3 35 75 18 38 21 33 26 63 52 32 39 48 10 7,heads,regular,3
2022-12-04T12:42:00Z,820,1 48 28 37 8 33 21 75 49 57 71 31 69 65 38 41 29 76 40 10,heads,major,1
2022-12-04T12:45:00Z,821,59 9 66 10 64 77 48 68 14 53 8 22 73 29 23 49 69 58 5 78,tails,regular,2
2022-12-04T12:48:00Z,822,8 32 36 69 29 61 45 40 19 16 6 15 4 3 55 21 7 79 2 1,heads,regular,3
2022-12-04T12:51:00Z,823,50 52 18 56 20 31 80 55 7 4 17 2 67 15 3 9 44 30 39 25,heads,regular,3
2022-12-04T12:54:00Z,824,69 76 73 50 23 63 34 67 49 62 52 20 51 54 19 36 70 29 56 32,tails,regular,1
2022-12-04T12:57:00Z,825,21 42 31 25 71 77 58 80 47 7 56 46 67 23 79 50 40 73 41 14,tails,regular,2
2022-12-04T13:00:00Z,827,41 13 77 60 47 65 27 55 68 28 56 40 58 80 34 14 20 21 25 57,tails,minor,3
2022-12-04T13:03:00Z,828,29 17 19 57 34 23 35 2 51 52 53 4 54 31 68 28 18 30 24 58,heads,regular,2
2022-12-04T13:06:00Z,829,25 27 39 62 32 42 59 16 56 73 52 53 45 74 55 20 80 29 33 70,tails,regular,1
2022-12-04T13:09:00Z,830,25 22 71 31 54 15 4 69 43 55 46 40 34 29 13 28 41 79 7 23,heads,regular,3
2022-12-04T13:12:00Z,831,56 40 27 21 23 7 32 13 58 4 79 48 44 31 30 1 5 76 42 17,heads,regular,3
2022-12-04T13:15:00Z,832,14 25 61 49 77 45 22 64 66 54 27 71 56 62 43 17 11 16 33 55,tails,minor,2
2022-12-04T13:18:00Z,833,70 71 58 5 28 69 77 61 30 80 63 59 52 16 19 64 7 33 13 1,tails,regular,3
2022-12-04T13:21:00Z,834,40 6 62 5 25 73 36 66 70 4 71 16 29 17 80 37 35 58 42 38,heads,regular,2
2022-12-04T13:24:00Z,836,61 70 12 8 27 2 22 66 4 10 74 58 76 25 71 31 18 23 36 45,heads,minor,3
2022-12-04T13:27:00Z,837,46 72 62 32 80 56 41 29 34 45 59 22 57 15 53 77 51 73 68 1,tails,minor,1
2022-12-04T13:30:00Z,838,29 62 61 72 30 36 22 9 74 73 64 19 10 37 17 26 27 50 6 34,heads,regular,4
2022-12-04T13:33:00Z,839,31 79 32 71 13 44 39 19 1 15 26 55 22 38 36 68 47 64 28 4,heads,regular,1
2022-12-04T13:36:00Z,840,43 35 14 34 73 16 50 57 37 53 13 4 45 70 40 59 75 67 25 21,evens,regular,1
2022-12-04T13:39:00Z,841,22 58 60 71 61 12 43 46 30 78 33 76 62 45 35 26 27 8 10 24,evens,major,1
2022-12-04T13:42:00Z,842,64 27 69 19 14 31 30 53 10 43 77 49 58 11 79 65 38 40 1 2,heads,regular,2
2022-12-04T13:45:00Z,843,49 24 43 59 51 31 61 67 63 79 25 41 26 8 9 16 69 62 30 21,tails,regular,1
2022-12-04T13:48:00Z,845,6 19 18 17 53 7 48 14 13 24 31 43 60 71 20 64 2 77 62 35,heads,regular,10
2022-12-04T13:51:00Z,846,27 44 34 13 17 5 21 38 11 53 54 69 23 8 9 43 48 51 22 19,heads,regular,1
2022-12-04T13:54:00Z,847,57 59 8 5 40 11 26 65 25 24 68 50 16 17 45 32 12 61 31 42,heads,regular,1
2022-12-04T13:57:00Z,848,69 42 64 72 43 35 5 71 53 24 18 19 59 16 23 70 4 40 32 39,heads,regular,2
2022-12-04T14:00:00Z,849,8 73 1 29 74 20 58 27 62 68 75 13 54 9 22 14 39 24 36 65,heads,regular,2
2022-12-04T14:03:00Z,850,72 35 58 64 33 23 56 69 73 53 3 63 79 10 36 27 15 61 14 78,tails,regular,1
2022-12-04T14:06:00Z,851,14 63 40 60 18 41 33 64 57 16 76 15 69 29 59 32 17 47 71 26,evens,minor,1
2022-12-04T14:09:00Z,852,10 7 42 15 53 51 67 12 17 28 80 34 69 1 21 61 40 63 4 57,heads,regular,1
2022-12-04T14:12:00Z,854,18 22 50 66 80 71 11 33 65 62 12 76 29 42 75 20 69 5 17 24,evens,minor,1
2022-12-04T14:15:00Z,855,13 68 5 55 30 9 32 80 7 11 33 53 51 59 29 23 74 24 70 16,heads,minor,2
2022-12-04T14:18:00Z,856,42 54 57 55 51 41 38 77 13 59 28 35 36 52 70 9 34 74 50 5,tails,regular,2
2022-12-04T14:21:00Z,857,76 74 64 72 23 56 65 44 66 71 70 46 11 1 48 63 26 37 7 80,tails,minor,5
2022-12-04T14:24:00Z,858,19 40 76 21 58 79 68 39 71 56 36 32 12 49 6 50 8 72 44 69,tails,regular,1
2022-12-04T14:27:00Z,859,60 59 43 69 31 45 22 6 46 52 76 7 37 27 32 58 77 26 79 74,tails,regular,1
2022-12-04T14:30:00Z,860,70 66 33 5 76 46 7 14 59 62 29 79 23 75 64 45 35 28 44 54,tails,major,1
2022-12-04T14:33:00Z,861,14 79 18 40 39 55 52 8 2 5 73 56 58 16 10 65 63 35 33 29,heads,regular,3
2022-12-04T14:36:00Z,863,78 68 76 75 47 35 15 34 3 2 56 43 18 6 25 51 16 73 4 60,evens,major,1
2022-12-04T14:39:00Z,864,51 35 12 78 28 58 11 16 59 74 53 25 5 65 18 29 36 22 26 46,heads,regular,1
2022-12-04T14:42:00Z,865,43 59 34 12 65 21 73 49 13 29 32 54 9 22 63 52 80 76 37 35,evens,regular,1
2022-12-04T14:45:00Z,866,56 80 37 25 74 42 75 38 21 19 72 5 40 3 44 69 8 15 35 43,heads,regular,2
2022-12-04T14:48:00Z,867,7 55 50 60 40 71 78 1 35 74 8 3 49 27 68 73 53 32 15 4,evens,regular,2
2022-12-04T14:51:00Z,868,10 34 38 78 53 64 77 65 11 20 39 24 31 67 52 15 14 5 58 21,heads,regular,2
2022-12-04T14:54:00Z,869,36 80 63 8 72 59 26 61 5 62 52 3 69 17 2 25 6 28 27 50,heads,minor,1
2022-12-04T14:57:00Z,870,77 24 61 41 42 29 8 2 75 37 58 6 64 15 31 39 65 17 73 10,heads,regular,3
2022-12-04T15:00:00Z,872,7 51 3 73 64 66 63 26 41 8 57 36 28 72 33 71 46 17 16 18,evens,regular,3
2022-12-04T15:03:00Z,873,49 62 37 33 66 73 30 25 2 3 10 55 44 45 57 1 69 28 16 50,evens,regular,1
2022-12-04T15:06:00Z,874,52 2 65 37 47 77 15 21 67 26 36 42 16 29 6 45 23 39 3 79,heads,minor,5
2022-12-04T15:09:00Z,875,63 62 54 60 50 65 74 48 66 27 57 17 68 39 10 20 64 42 46 43,tails,regular,1
2022-12-04T15:12:00Z,876,32 36 16 2 15 24 67 77 33 3 29 59 44 37 49 76 13 4 74 51,heads,regular,1
2022-12-04T15:15:00Z,877,56 20 59 65 38 63 43 41 71 33 3 39 53 19 78 22 1 15 52 67,tails,regular,4
2022-12-04T15:18:00Z,878,43 35 1 22 49 59 48 62 74 32 54 18 24 34 77 67 9 68 3 44,tails,minor,10
2022-12-04T15:21:00Z,879,33 70 25 78 23 56 41 11 52 3 77 4 65 60 76 54 13 20 5 15,evens,minor,2
2022-12-04T15:24:00Z,881,28 30 1 38 54 79 8 35 19 72 71 20 31 44 80 2 22 41 12 5,heads,regular,1
2022-12-04T15:27:00Z,882,4 70 57 28 18 58 1 43 38 3 80 14 36 66 49 61 71 64 54 23,tails,regular,4
2022-12-04T15:30:00Z,883,70 5 22 44 49 27 58 66 6 48 69 31 72 13 7 12 37 15 79 75,evens,minor,10
2022-12-04T15:33:00Z,884,16 1 7 32 52 22 13 40 45 18 46 70 10 65 20 34 14 24 50 23,heads,regular,3
2022-12-04T15:36:00Z,885,25 46 68 6 80 43 16 19 3 79 12 69 61 67 34 74 63 50 78 76,tails,regular,1
2022-12-04T15:39:00Z,886,12 43 63 58 50 77 3 71 75 57 15 61 30 37 68 29 14 51 33 46,tails,major,1
2022-12-04T15:42:00Z,887,57 58 9 39 67 53 55 15 46 61 41 1 77 12 74 28 49 43 64 13,tails,regular,4
2022-12-04T15:45:00Z,888,7 12 58 21 14 33 27 37 78 11 40 74 54 51 9 65 6 39 26 28,heads,regular,2
2022-12-04T15:48:00Z,890,28 67 49 69 4 27 14 44 77 39 16 63 32 11 58 56 2 73 53 5,evens,minor,3
2022-12-04T15:51:00Z,891,34 76 51 4 14 13 65 10 29 56 38 73 43 15 26 11 5 72 12 45,heads,regular,1
2022-12-04T15:54:00Z,892,44 67 35 47 20 60 5 65 21 31 1 4 73 69 18 16 80 3 14 17,heads,regular,2
2022-12-04T15:57:00Z,893,7 6 18 72 27 77 32 74 5 52 65 80 79 59 24 54 17 40 48 19,evens,regular,1
2022-12-04T16:00:00Z,894,51 79 29 58 18 23 56 42 49 16 66 34 22 10 20 52 37 35 33 26,heads,regular,3
2022-12-04T16:03:00Z,895,1 55 44 11 36 63 14 31 76 60 3 61 47 9 41 69 54 77 79 10,tails,regular,3
2022-12-04T16:06:00Z,896,79 80 61 39 40 25 51 27 30 4 20 44 2 8 59 74 13 26 3 76,heads,regular,3
2022-12-04T16:09:00Z,897,41 43 80 57 23 53 52 74 66 67 11 37 2 33 39 60 25 65 19 9,tails,minor,3
2022-12-04T16:12:00Z,899,65 61 51 68 58 34 48 39 23 67 50 56 1 27 45 32 78 28 24 75,tails,regular,2
2022-12-04T16:15:00Z,900,5 20 40 26 70 59 45 71 66 50 13 41 19 17 18 3 57 4 27 39,heads,regular,2
2022-12-04T16:18:00Z,901,37 40 58 66 52 27 18 68 47 23 15 41 74 49 11 2 76 60 9 48,tails,regular,3
2022-12-04T16:21:00Z,902,75 24 67 6 40 76 16 33 45 23 54 13 18 20 60 8 71 19 11 34,heads,regular,1
2022-12-04T16:24:00Z,903,19 52 26 78 17 35 42 72 53 65 70 60 80 40 49 8 1 38 76 23,tails,regular,3
2022-12-04T16:27:00Z,904,20 78 45 51 48 46 28 15 14 27 34 3 50 47 69 56 63 16 77 59,tails,regular,2
2022-12-04T16:30:00Z,905,15 22 56 52 6 51 16 34 50 23 76 37 57 55 26 42 61 43 53 29,tails,regular,3
2022-12-04T16:33:00Z,906,78 3 14 52 50 76 37 18 29 20 80 48 9 55 10 58 16 73 12 70,evens,minor,1
2022-12-04T16:36:00Z,908,54 20 25 31 35 47 73 22 8 38 26 66 5 49 51 16 70 1 15 64,heads,regular,3
2022-12-04T16:39:00Z,909,26 32 79 45 25 42 14 7 71 35 60 39 18 24 6 33 51 74 13 5,heads,regular,5
2022-12-04T16:42:00Z,910,54 32 63 41 19 40 24 37 42 25 60 35 27 23 78 36 7 66 12 43,heads,major,2
2022-12-04T16:45:00Z,911,45 60 41 39 72 27 21 2 47 78 57 33 61 3 35 53 54 52 32 10,tails,regular,2
2022-12-04T16:48:00Z,912,62 13 27 25 33 52 78 55 38 45 23 28 50 12 73 4 11 26 57 18,heads,minor,1
2022-12-04T16:51:00Z,913,60 9 21 57 50 4 40 30 70 77 19 48 7 51 33 37 34 15 8 67,heads,regular,1
2022-12-04T16:54:00Z,914,74 68 39 64 30 71 16 27 79 61 5 23 54 26 45 46 80 42 14 60,tails,regular,3
2022-12-04T16:57:00Z,915,64 52 33 34 65 30 40 21 4 69 46 75 56 25 38 55 17 8 41 3,heads,regular,2
2022-12-04T17:00:00Z,917,55 25 39 26 67 74 44 41 51 33 19 50 31 5 20 2 24 76 53 15,heads,regular,3
2022-12-04T17:03:00Z,918,70 3 28 75 73 79 33 65 10 21 49 7 53 71 64 31 27 78 4 9,evens,minor,3
2022-12-04T17:06:00Z,919,21 33 69 64 54 31 50 62 16 17 39 9 27 56 72 74 22 15 34 4,heads,minor,4
2022-12-04T17:09:00Z,920,42 2 45 7 16 30 5 50 3 23 11 60 40 13 36 12 58 80 19 51,heads,regular,10
2022-12-04T17:12:00Z,921,52 45 7 30 18 58 39 73 46 64 22 76 4 33 59 47 56 17 16 62,tails,regular,3
2022-12-04T17:15:00Z,922,49 25 31 35 51 12 55 74 68 10 5 61 17 22 60 43 62 37 73 39,evens,minor,3
2022-12-04T17:18:00Z,923,51 78 25 36 52 71 69 37 75 33 11 16 8 64 9 1 68 67 24 26,heads,regular,3
2022-12-04T17:21:00Z,924,65 2 74 19 51 5 40 39 80 63 20 78 50 47 45 70 53 73 13 9,tails,regular,2
2022-12-04T17:24:00Z,926,4 71 15 63 11 34 36 60 1 67 3 69 53 73 7 77 74 44 72 26,tails,regular,2
2022-12-04T17:27:00Z,927,75 2 38 65 64 34 40 19 42 59 31 41 32 63 23 47 67 46 25 6,evens,regular,2
2022-12-04T17:30:00Z,928,64 32 9 18 44 50 78 20 37 24 70 36 40 30 1 34 14 41 17 8,heads,minor,3
2022-12-04T17:33:00Z,929,64 51 7 31 43 16 44 8 27 54 36 37 50 70 72 68 55 33 77 75,tails,regular,3
2022-12-04T17:36:00Z,930,36 35 60 41 70 53 72 69 52 56 48 25 31 59 75 18 66 78 14 26,tails,regular,1
2022-12-04T17:39:00Z,931,57 28 5 73 26 20 2 35 63 69 70 37 52 6 79 36 56 32 80 19,heads,regular,2
2022-12-04T17:42:00Z,932,71 16 21 22 8 7 49 40 54 37 29 65 17 11 3 2 62 76 30 48,heads,regular,2
2022-12-04T17:45:00Z,933,43 17 41 27 73 37 14 72 26 36 40 69 62 53 45 59 8 74 56 5,tails,regular,3
2022-12-04T17:48:00Z,935,54 26 77 29 51 66 10 47 17 24 12 4 38 3 34 61 46 20 64 41,heads,minor,2
2022-12-04T17:51:00Z,936,53 72 4 68 23 77 5 35 8 69 47 52 16 30 3 20 60 42 33 17,heads,regular,2
2022-12-04T17:54:00Z,937,48 66 80 72 36 79 1 55 68 59 21 14 61 67 51 49 24 37 25 53,tails,regular,3
2022-12-04T17:57:00Z,938,42 46 10 51 58 9 26 1 69 20 6 5 68 67 63 80 73 49 34 66,tails,regular,2
2022-12-04T18:00:00Z,939,74 30 52 28 35 46 48 62 17 40 32 36 57 1 53 71 23 29 77 7,heads,regular,1
2022-12-04T18:03:00Z,940,69 41 15 44 17 70 8 63 42 32 18 30 37 59 62 47 20 33 76 16,evens,regular,3
2022-12-04T18:06:00Z,941,53 31 52 37 32 38 76 49 2 77 48 40 39 22 25 21 19 29 17 20,heads,minor,5
2022-12-04T18:09:00Z,942,43 77 37 33 60 68 62 10 56 44 20 24 49 54 29 74 66 35 28 67,tails,regular,10
2022-12-04T18:12:00Z,944,29 23 73 76 70 57 33 39 15 42 40 9 46 26 36 4 72 75 78 16,heads,regular,3
2022-12-04T18:15:00Z,945,25 77 10 44 45 80 5 72 7 23 38 32 33 61 75 30 19 39 12 3,heads,minor,1
2022-12-04T18:18:00Z,946,34 43 14 18 75 8 46 19 47 25 12 78 10 27 48 9 76 3 80 39,heads,regular,1
2022-12-04T18:21:00Z,947,42 66 52 28 25 3 37 62 76 19 30 29 53 35 70 33 57 23 14 8,heads,regular,1
2022-12-04T18:24:00Z,948,41 52 53 39 70 61 74 48 30 10 37 78 59 47 23 12 35 68 6 49,tails,minor,1
2022-12-04T18:27:00Z,949,61 20 1 48 67 59 18 21 30 50 26 56 14 15 60 40 74 34 11 10,heads,regular,1
2022-12-04T18:30:00Z,950,71 25 27 4 10 80 52 49 22 63 17 55 47 35 16 2 54 67 64 62,tails,regular,2
2022-12-04T18:33:00Z,951,11 61 35 79 21 42 22 26 13 46 63 44 69 57 14 34 19 1 40 20,heads,regular,1
2022-12-04T18:36:00Z,953,19 17 26 7 76 52 77 30 79 69 47 29 34 23 48 43 2 60 44 78,tails,regular,2
2022-12-04T18:39:00Z,954,69 47 19 2 66 65 68 44 3 61 55 23 72 50 67 14 40 75 20 6,tails,regular,1
2022-12-04T18:42:00Z,955,2 46 59 52 10 45 11 43 21 30 44 49 15 35 9 42 1 18 14 31,heads,minor,1
2022-12-04T18:45:00Z,956,58 31 55 77 70 53 1 7 16 40 26 18 22 59 73 44 4 47 39 57,evens,regular,1
2022-12-04T18:48:00Z,957,31 41 13 53 42 19 32 65 70 61 75 48 21 18 14 67 15 69 63 57,tails,minor,1
2022-12-04T18:51:00Z,958,29 63 27 26 65 72 80 20 78 8 36 53 1 49 62 9 46 71 75 66,tails,regular,10
2022-12-04T18:54:00Z,959,57 77 22 78 58 73 56 45 26 7 15 3 8 28 31 62 53 33 76 18,evens,minor,3
2022-12-04T18:57:00Z,960,80 2 63 28 50 73 52 20 55 12 24 37 42 71 69 76 79 3 14 30,tails,regular,2
2022-12-04T19:00:00Z,962,23 55 66 38 67 47 30 33 65 14 80 42 41 71 72 51 18 43 15 21,tails,minor,1
2022-12-04T19:03:00Z,963,62 53 36 46 18 47 1 28 75 61 71 12 57 25 78 66 8 34 11 33,evens,regular,2
2022-12-04T19:06:00Z,964,60 40 61 73 65 21 42 16 52 27 22 26 66 37 12 75 4 55 76 7,evens,regular,1
2022-12-04T19:09:00Z,965,6 11 49 55 75 9 35 41 5 3 16 36 69 1 47 38 53 72 30 74,heads,major,1
2022-12-04T19:12:00Z,966,58 28 9 62 31 55 16 5 79 44 49 73 37 7 20 68 27 10 23 72,heads,regular,1
2022-12-04T19:15:00Z,967,52 45 58 77 35 71 62 46 13 1 28 69 78 37 19 21 40 56 8 55,tails,minor,2
2022-12-04T19:18:00Z,968,38 80 33 28 59 20 30 57 24 68 53 61 16 48 3 52 64 71 54 4,tails,regular,3
2022-12-04T19:21:00Z,969,28 65 45 67 37 66 56 60 4 22 46 53 71 51 61 8 78 63 31 19,tails,minor,3
2022-12-04T19:24:00Z,971,40 1 39 20 61 46 62 63 42 30 58 32 10 12 72 75 22 31 48 76,evens,regular,2
2022-12-04T19:27:00Z,972,7 47 6 26 1 4 71 43 23 77 31 61 79 53 67 33 28 48 40 38,heads,regular,1
2022-12-04T19:30:00Z,973,47 80 11 4 72 14 40 3 42 32 63 26 21 74 60 23 6 46 2 50,heads,regular,3
2022-12-04T19:33:00Z,974,32 30 73 7 54 9 11 60 37 23 55 56 66 36 51 12 38 19 42 75,heads,regular,1
2022-12-04T19:36:00Z,975,30 14 69 59 12 2 47 76 38 80 66 65 27 21 25 74 56 10 67 61,tails,regular,1
2022-12-04T19:39:00Z,976,63 41 78 54 55 13 73 51 57 42 27 68 31 3 67 64 45 17 60 61,tails,minor,3
2022-12-04T19:42:00Z,977,47 68 36 73 70 60 42 18 14 57 69 2 40 50 17 9 66 75 22 10,tails,regular,2
2022-12-04T19:45:00Z,978,57 2 68 8 27 80 43 51 25 29 54 53 3 74 1 52 63 33 30 21,evens,regular,3
2022-12-04T19:48:00Z,980,3 45 44 76 14 65 43 42 70 73 41 33 75 15 53 7 38 24 47 68,tails,regular,3
2022-12-04T19:51:00Z,981,73 79 39 74 30 50 4 75 35 56 53 2 51 59 15 69 24 5 3 26,evens,regular,2
2022-12-04T19:54:00Z,982,78 72 61 54 10 14 75 21 20 71 67 65 50 62 68 42 23 45 29 22,tails,minor,1
2022-12-04T19:57:00Z,983,5 63 67 57 80 19 71 40 47 76 22 2 51 14 7 23 33 39 68 36,heads,regular,1
2022-12-04T20:00:00Z,984,2 52 78 55 51 27 9 72 42 29 3 67 50 49 18 33 79 34 74 62,tails,minor,3
2022-12-04T20:03:00Z,985,2 34 23 77 22 64 54 24 7 41 5 39 62 46 52 56 63 78 53 28,tails,major,4
2022-12-04T20:06:00Z,986,66 13 7 61 5 44 45 30 21 41 51 38 72 55 62 12 48 14 3 53,tails,regular,1
2022-12-04T20:09:00Z,987,49 75 59 33 50 73 12 70 57 76 69 71 27 55 79 45 10 31 19 5,tails,regular,1
2022-12-04T20:12:00Z,989,42 59 48 5 1 67 35 49 51 73 40 71 2 24 68 3 56 13 78 14,tails,regular,3
2022-12-04T20:15:00Z,990,6 11 79 34 35 62 80 13 63 76 27 18 77 70 69 14 60 67 44 75,tails,regular,1
2022-12-04T20:18:00Z,991,50 72 46 23 44 12 55 34 52 61 56 54 71 15 47 80 26 6 8 19,tails,regular,1
2022-12-04T20:21:00Z,992,23 56 53 52 17 77 19 22 25 57 1 18 47 2 39 33 75 70 80 68,evens,regular,1
2022-12-04T20:24:00Z,993,28 35 67 41 38 57 51 21 40 49 37 33 75 47 8 22 77 72 69 73,tails,minor,2
2022-12-04T20:27:00Z,994,28 16 49 9 77 45 23 5 25 80 2 39 75 43 15 7 13 73 12 52,heads,minor,5
2022-12-04T20:30:00Z,995,8 26 43 41 57 34 13 36 3 14 74 48 40 50 1 44 37 20 64 66,heads,regular,1
2022-12-04T20:33:00Z,996,60 21 62 20 35 9 51 45 22 17 10 28 32 52 19 42 74 63 43 40,heads,minor,3
2022-12-04T20:36:00Z,998,32 5 37 41 66 28 10 26 8 34 20 56 2 38 51 62 18 75 12 15,heads,regular,1
2022-12-04T20:39:00Z,999,70 50 43 74 41 19 61 47 49 79 56 57 69 7 5 42 32 4 2 6,tails,regular,1
2022-12-04T20:42:00Z,1,31 38 52 15 22 3 29 16 73 11 49 30 58 27 72 68 4 55 26 12,heads,regular,1
2022-12-04T20:45:00Z,2,53 39 45 9 70 15 27 48 50 8 44 26 72 36 68 17 79 73 51 35,tails,minor,2
2022-12-04T20:48:00Z,3,27 34 17 64 52 11 6 54 10 21 26 13 62 43 14 44 80 58 1 75,heads,regular,3
2022-12-04T20:51:00Z,4,28 63 78 32 8 57 16 43 62 44 73 18 60 46 1 42 71 24 66 26,tails,regular,1
2022-12-04T20:54:00Z,5,44 24 5 13 49 43 56 71 33 68 51 61 58 50 9 78 80 52 63 38,tails,regular,1
2022-12-04T20:57:00Z,6,66 1 77 31 80 60 7 65 37 63 78 3 61 5 51 25 42 48 45 67,tails,regular,1
2022-12-04T21:00:00Z,8,46 9 19 6 61 57 14 55 79 28 24 25 38 48 27 16 52 5 31 43,heads,major,2
2022-12-04T21:03:00Z,9,77 23 42 13 20 41 57 16 66 25 46 27 56 63 9 76 78 80 28 52,tails,minor,1
2022-12-04T21:06:00Z,10,7 69 9 6 54 32 44 61 35 42 74 48 20 16 52 18 68 78 19 37,evens,regular,1
2022-12-04T21:09:00Z,11,15 78 76 18 74 69 32 80 38 62 61 77 11 33 72 31 1 71 66 35,tails,minor,5
2022-12-04T21:12:00Z,12,63 10 12 15 36 37 28 32 55 67 56 41 1 45 72 31 66 57 64 35,evens,minor,10
2022-12-04T21:15:00Z,13,8 72 56 13 14 70 26 28 64 55 33 41 11 19 10 73 39 17 25 18,heads,regular,1
2022-12-04T21:18:00Z,14,20 77 65 66 28 68 24 60 13 46 58 75 80 11 78 34 41 55 53 10,tails,regular,1
2022-12-04T21:21:00Z,15,32 15 35 34 26 25 43 48 27 8 16 58 53 2 79 21 62 24 49 69,heads,regular,3
2022-12-04T21:24:00Z,17,22 31 79 18 64 75 25 78 73 27 17 57 43 35 70 72 2 53 51 49,tails,regular,2
2022-12-04T21:27:00Z,18,38 59 42 5 34 60 45 62 23 37 57 55 73 10 63 31 44 79 69 33,tails,minor,1
2022-12-04T21:30:00Z,19,36 68 12 78 3 66 77 42 16 73 4 67 45 34 75 49 46 5 14 20,tails,major,4
2022-12-04T21:33:00Z,20,25 21 35 73 15 72 69 43 9 1 36 33 49 16 27 57 20 18 10 76,heads,regular,5
2022-12-04T21:36:00Z,21,5 54 32 10 76 23 31 44 19 21 9 67 25 51 27 41 13 3 35 69,heads,minor,1
2022-12-04T21:39:00Z,22,25 32 72 16 66 15 79 4 50 14 27 17 28 74 42 71 33 49 9 11,heads,regular,2
2022-12-04T21:42:00Z,23,28 19 7 14 27 51 44 55 54 59 25 65 75 15 42 37 13 73 16 49,evens,regular,1
2022-12-04T21:45:00Z,24,38 50 33 51 53 77 39 35 60 59 52 63 80 76 34 44 30 72 71 25,tails,minor,3
2022-12-04T21:48:00Z,26,31 33 63 32 74 48 42 59 36 72 34 43 49 60 78 66 14 62 39 67,tails,regular,1
2022-12-04T21:51:00Z,27,79 41 38 33 17 22 75 49 72 50 57 20 11 43 40 12 63 3 52 23,evens,regular,1
2022-12-04T21:54:00Z,28,40 30 72 63 48 46 1 56 14 65 45 61 17 23 15 73 51 53 59 19,tails,major,4
2022-12-04T21:57:00Z,29,11 5 55 45 43 56 15 65 70 54 28 8 14 57 69 68 66 58 25 50,tails,regular,4
2022-12-04T22:00:00Z,30,11 23 57 24 44 76 48 14 70 28 63 26 40 60 35 16 55 65 38 37,heads,major,4
2022-12-04T22:03:00Z,31,69 56 36 6 28 33 76 57 14 5 30 20 38 50 27 12 8 60 18 70,heads,regular,1
2022-12-04T22:06:00Z,32,34 8 80 17 26 78 65 51 58 66 74 69 30 19 37 72 22 7 71 44,tails,minor,1
2022-12-04T22:09:00Z,33,52 36 78 54 50 12 5 34 33 60 76 45 66 53 68 63 73 44 16 80,tails,major,4
2022-12-04T22:12:00Z,35,70 54 78 31 46 34 21 2 15 64 72 18 17 19 57 7 51 55 5 74,evens,minor,4
2022-12-04T22:15:00Z,36,54 49 12 71 2 23 13 21 27 70 20 50 3 22 8 24 25 40 78 62,heads,regular,1
2022-12-04T22:18:00Z,37,24 8 41 51 56 58 26 15 53 9 77 6 65 11 63 28 2 73 40 48,evens,regular,5
2022-12-04T22:21:00Z,38,40 49 7 29 42 60 1 70 72 78 58 6 12 41 10 4 8 32 48 55,evens,major,1
2022-12-04T22:24:00Z,39,75 45 72 62 54 32 6 50 65 42 74 64 51 48 60 43 24 21 1 79,tails,regular,2
2022-12-04T22:27:00Z,40,34 45 66 75 37 65 47 35 15 28 73 12 62 16 67 39 48 26 2 54,evens,regular,2
2022-12-04T22:30:00Z,41,41 10 46 78 24 70 57 45 54 67 15 31 62 58 23 80 30 60 73 14,tails,regular,1
2022-12-04T22:33:00Z,42,21 10 57 64 35 29 33 58 42 74 2 36 12 79 44 6 67 75 3 63,evens,regular,2
2022-12-04T22:36:00Z,44,62 63 64 15 26 50 49 54 66 42 5 4 24 11 27 57 46 75 16 29,tails,major,1
2022-12-04T22:39:00Z,45,58 5 57 64 24 7 67 80 77 39 62 35 42 10 11 52 16 61 41 19,tails,major,1
2022-12-04T22:42:00Z,46,34 79 11 63 66 70 2 64 56 16 25 73 4 30 17 12 61 10 15 3,heads,regular,1
2022-12-04T22:45:00Z,47,51 18 1 79 28 59 12 30 43 40 78 62 11 58 10 73 2 69 33 77,evens,regular,1
2022-12-04T22:48:00Z,48,62 74 54 19 55 56 27 34 7 39 40 58 70 22 51 33 46 64 53 78,tails,regular,1
2022-12-04T22:51:00Z,49,75 51 57 22 11 61 33 28 62 59 60 74 80 73 4 44 1 63 3 5,tails,regular,1
2022-12-04T22:54:00Z,50,70 39 76 78 47 61 38 42 46 68 20 18 25 60 50 51 26 53 45 3,tails,minor,3
2022-12-04T22:57:00Z,51,16 44 58 32 62 74 36 56 55 9 40 53 68 54 46 12 10 38 20 50,tails,regular,3
2022-12-04T23:00:00Z,53,58 1 67 42 39 20 51 19 26 17 36 74 12 60 10 59 63 14 57 54,evens,regular,3
2022-12-04T23:03:00Z,54,9 19 8 15 78 60 62 29 50 41 28 11 45 24 56 59 71 31 22 47,evens,regular,1
2022-12-04T23:06:00Z,55,51 2 44 35 25 10 20 16 53 62 56 63 60 52 72 15 68 19 27 28,evens,regular,1
2022-12-04T23:09:00Z,56,48 31 62 69 3 5 55 26 15 4 59 16 74 32 64 42 9 46 34 40,heads,regular,2
2022-12-04T23:12:00Z,57,59 80 25 64 23 1 10 68 29 46 5 43 74 56 79 53 55 19 58 28,tails,regular,2
2022-12-04T23:15:00Z,58,2 25 67 19 21 11 37 36 78 7 63 18 46 62 41 71 12 3 29 65,heads,regular,1
2022-12-04T23:18:00Z,59,76 75 26 36 30 80 5 62 63 29 20 3 48 15 23 12 16 68 22 57,heads,minor,2
2022-12-04T23:21:00Z,60,70 11 35 20 12 32 76 29 64 67 3 79 5 30 55 51 36 52 19 78,heads,regular,3
2022-12-04T23:24:00Z,62,36 31 1 13 79 27 48 59 56 50 70 4 49 28 11 60 16 30 35 7,heads,regular,1
2022-12-04T23:27:00Z,63,17 5 59 3 45 30 76 60 4 47 70 62 27 80 10 55 61 71 67 1,tails,minor,3
2022-12-04T23:30:00Z,64,17 27 29 47 66 73 10 31 76 59 16 37 2 14 62 43 64 8 41 63,evens,major,1
2022-12-04T23:33:00Z,65,70 48 49 76 28 51 64 24 18 43 19 22 36 40 45 31 20 69 60 66,tails,regular,1
2022-12-04T23:36:00Z,66,20 48 71 76 45 17 41 46 10 77 27 42 56 62 63 14 59 5 78 58,tails,regular,5
2022-12-04T23:39:00Z,67,47 38 51 65 35 78 55 67 58 59 73 24 5 9 19 60 13 14 22 52,tails,minor,2
2022-12-04T23:42:00Z,68,2 14 35 61 63 15 79 11 7 56 53 76 65 33 27 78 72 64 73 16,tails,regular,2
2022-12-04T23:45:00Z,69,75 5 22 54 23 29 13 50 43 20 53 26 15 64 68 51 11 18 46 1,heads,regular,2
2022-12-04T23:48:00Z,71,18 11 54 70 6 10 56 40 42 37 75 76 62 7 15 60 78 28 68 72,tails,regular,2
2022-12-04T23:51:00Z,72,2 65 64 13 49 74 41 56 21 42 52 43 27 9 20 67 57 59 12 75,tails,major,4
2022-12-04T23:54:00Z,73,50 17 80 10 41 39 3 2 79 71 66 38 12 49 57 73 61 23 6 77,tails,regular,1
2022-12-04T23:57:00Z,74,33 59 76 46 5 43 16 80 31 41 36 68 62 66 11 22 18 23 6 20,heads,regular,1
2022-12-05T00:00:00Z,75,25 35 67 14 28 45 65 73 20 10 6 60 36 12 16 39 42 43 62 57,heads,regular,1
2022-12-05T00:03:00Z,76,76 9 35 5 6 51 27 14 30 73 54 47 67 68 17 22 39 55 36 59,heads,minor,4
2022-12-05T00:06:00Z,77,63 54 38 37 7 6 2 14 50 19 20 1 44 68 24 48 45 32 69 55,heads,regular,2
2022-12-05T00:09:00Z,78,23 69 5 14 66 54 19 55 38 79 25 9 40 73 32 62 20 29 52 24,heads,major,1
2022-12-05T00:12:00Z,80,23 3 52 66 12 15 36 41 76 29 48 65 30 9 28 51 53 20 16 35,heads,regular,1
2022-12-05T00:15:00Z,81,7 64 31 8 20 61 22 1 48 56 3 47 70 23 41 16 69 60 77 5,evens,regular,3
2022-12-05T00:18:00Z,82,27 21 23 7 80 1 77 37 76 66 36 29 6 51 71 4 61 55 2 69,heads,regular,3
2022-12-05T00:21:00Z,83,12 70 19 73 46 57 61 32 1 51 35 17 27 18 49 50 68 48 80 7,tails,regular,3
2022-12-05T00:24:00Z,84,79 27 8 51 42 14 17 19 28 75 29 25 5 40 37 2 65 33 47 80,heads,regular,1
2022-12-05T00:27:00Z,85,46 8 20 55 42 36 54 67 19 17 22 4 1 53 11 41 7 29 14 74,heads,major,1
2022-12-05T00:30:00Z,86,13 16 23 80 70 53 31 60 50 76 34 49 9 17 33 78 20 71 19 14,heads,regular,3
2022-12-05T00:33:00Z,87,33 24 55 61 39 27 48 26 28 76 3 37 6 45 63 14 13 12 54 75,heads,minor,3
2022-12-05T00:36:00Z,89,76 22 36 71 45 49 3 54 31 68 32 46 13 5 75 42 63 48 25 28,tails,minor,1
2022-12-05T00:39:00Z,90,11 51 20 14 40 50 73 13 64 63 34 56 68 70 44 41 65 54 2 60,tails,major,1
2022-12-05T00:42:00Z,91,43 48 67 44 76 11 25 29 54 66 22 1 7 46 31 28 55 27 23 2,heads,regular,5
2022-12-05T00:45:00Z,92,51 36 38 37 65 29 72 1 11 43 46 19 48 6 52 17 49 20 24 32,heads,regular,2
2022-12-05T00:48:00Z,93,10 62 32 71 23 60 38 52 70 35 42 16 43 29 2 9 31 51 27 73,heads,regular,2
2022-12-05T00:51:00Z,94,50 3 67 59 20 60 68 24 64 78 51 55 38 34 27 45 54 30 72 66,tails,regular,1
2022-12-05T00:54:00Z,95,41 63 7 19 5 60 44 36 34 18 50 30 76 74 52 14 58 23 21 53,evens,regular,1
2022-12-05T00:57:00Z,96,15 32 76 21 38 27 13 51 44 18 57 14 71 65 23 26 34 16 11 48,heads,minor,2
2022-12-05T01:00:00Z,98,65 13 20 8 11 58 57 49 60 62 75 44 78 77 73 41 19 34 21 4,tails,major,1
2022-12-05T01:03:00Z,99,9 55 22 64 47 42 68 11 37 44 29 36 12 8 60 56 54 26 35 41,evens,regular,3
2022-12-05T01:06:00Z,100,66 23 13 78 63 12 45 4 8 26 14 39 68 52 60 72 1 46 74 64,tails,regular,1
2022-12-05T01:09:00Z,101,6 58 19 32 52 64 46 4 54 24 48 57 31 80 66 22 29 25 71 33,evens,regular,3
2022-12-05T01:12:00Z,102,49 24 10 8 71 65 30 60 28 34 67 31 45 69 3 54 11 80 50 79,tails,minor,2
2022-12-05T01:15:00Z,103,22 61 58 16 10 35 1 50 8 72 57 25 41 69 6 40 2 19 46 4,heads,regular,10
2022-12-05T01:18:00Z,104,39 44 80 32 79 24 15 33 61 67 54 18 57 26 47 69 42 20 21 10,evens,regular,4
2022-12-05T01:21:00Z,105,51 79 39 30 20 40 70 23 18 53 22 9 27 29 14 72 38 16 52 45,heads,regular,1
2022-12-05T01:24:00Z,107,1 40 71 60 5 70 36 25 42 28 37 15 22 41 61 24 20 50 53 17,heads,minor,1
2022-12-05T01:27:00Z,108,78 43 24 50 31 48 4 68 70 5 53 74 7 25 2 51 14 67 63 79,tails,minor,3
2022-12-05T01:30:00Z,109,71 27 8 17 5 54 35 70 75 76 45 44 42 58 74 63 24 18 10 41,tails,regular,3
2022-12-05T01:33:00Z,110,67 51 56 22 61 55 48 19 32 35 41 74 49 71 16 4 62 54 78 63,tails,minor,3
2022-12-05T01:36:00Z,111,55 69 61 65 28 17 57 50 31 76 5 20 6 7 14 41 9 45 13 27,heads,regular,2
2022-12-05T01:39:00Z,112,32 37 55 9 63 77 73 48 66 54 35 6 80 23 40 75 26 20 79 31,evens,regular,1
2022-12-05T01:42:00Z,113,80 41 74 48 75 22 62 63 40 7 66 34 13 24 76 70 18 20 55 1,tails,minor,2
2022-12-05T01:45:00Z,114,44 37 13 63 71 21 79 46 35 27 59 17 42 24 77 34 11 56 32 19,heads,regular,1
2022-12-05T01:48:00Z,116,39 56 21 61 59 35 69 28 68 8 22 13 57 53 62 48 15 19 78 38,evens,regular,2
2022-12-05T01:51:00Z,117,31 53 49 71 29 11 66 9 44 65 23 63 6 1 3 2 35 61 4 26,heads,regular,2
2022-12-05T01:54:00Z,118,11 20 66 9 44 18 56 48 34 30 70 16 40 75 54 32 47 24 64 60,evens,regular,1
2022-12-05T01:57:00Z,119,46 66 59 14 68 31 34 43 71 28 57 69 13 15 29 7 17 24 6 48,heads,minor,3
2022-12-05T02:00:00Z,120,4 66 31 5 39 45 50 68 73 18 29 33 6 74 24 40 30 60 42 14,heads,minor,1
2022-12-05T02:03:00Z,121,53 63 18 10 32 27 11 60 13 31 9 57 43 22 37 34 74 71 15 21,heads,major,2
2022-12-05T02:06:00Z,122,62 41 24 29 75 21 64 58 5 37 27 18 63 22 6 57 80 4 7 43,heads,major,1
2022-12-05T02:09:00Z,123,38 49 53 28 60 48 10 58 71 40 26 6 13 72 52 63 43 61 69 56,tails,minor,3
2022-12-05T02:12:00Z,125,76 14 30 6 65 46 2 64 51 42 70 1 37 17 72 49 45 62 73 58,tails,regular,2
2022-12-05T02:15:00Z,126,60 77 64 17 70 47 29 8 72 67 63 36 31 28 10 23 50 33 75 14,evens,minor,1
2022-12-05T02:18:00Z,127,43 59 63 2 57 58 7 36 23 10 52 69 28 68 67 64 76 4 15 75,tails,regular,3
2022-12-05T02:21:00Z,128,27 21 74 29 17 1 42 26 41 54 43 3 55 73 16 38 40 71 70 2,heads,major,1
2022-12-05T02:24:00Z,129,58 72 29 1 23 69 3 54 15 45 48 28 12 8 25 59 7 5 74 30,heads,regular,3
2022-12-05T02:27:00Z,130,39 20 46 21 64 32 28 53 45 52 30 70 47 43 49 71 62 69 75 35,tails,regular,1
2022-12-05T02:30:00Z,131,53 71 50 41 31 68 42 78 13 16 48 18 47 58 19 67 45 65 63 54,tails,regular,1
2022-12-05T02:33:00Z,132,60 75 3 10 61 47 62 46 73 45 65 53 42 66 2 28 11 6 39 21,tails,regular,1
2022-12-05T02:36:00Z,134,2 17 41 60 40 23 53 19 5 56 63 6 80 3 55 18 34 72 74 71,evens,regular,1
2022-12-05T02:39:00Z,135,35 33 41 29 44 23 46 61 15 73 70 14 47 60 18 12 22 7 2 38,heads,regular,2
2022-12-05T02:42:00Z,136,68 69 29 44 2 16 45 21 5 18 1 13 39 14 73 35 76 77 23 34,heads,regular,2
2022-12-05T02:45:00Z,137,32 4 16 27 65 40 29 56 69 80 26 37 5 19 45 10 18 21 41 22,heads,major,3
2022-12-05T02:48:00Z,138,5 19 68 39 61 79 44 74 30 65 55 32 26 51 56 77 4 57 17 71,tails,regular,2
2022-12-05T02:51:00Z,139,57 65 28 31 49 30 62 66 9 55 36 63 19 12 8 3 21 54 35 2,heads,regular,5
2022-12-05T02:54:00Z,140,14 35 70 19 54 77 52 56 41 64 62 55 58 9 37 72 3 13 4 22,tails,regular,2
2022-12-05T02:57:00Z,141,71 1 4 79 9 21 63 10 73 34 20 44 65 3 55 53 68 41 75 33,tails,regular,2
2022-12-05T03:00:00Z,143,6 51 55 13 27 30 31 49 79 76 53 42 10 7 77 73 12 70 29 33,evens,minor,10
2022-12-05T03:03:00Z,144,21 38 28 80 18 54 16 58 7 53 73 1 12 40 25 48 26 36 41 56,heads,regular,2
2022-12-05T03:06:00Z,145,6 20 66 53 56 76 34 13 59 28 32 39 68 61 18 44 52 11 60 17,evens,regular,1
2022-12-05T03:09:00Z,146,62 74 66 77 57 7 49 34 21 64 42 46 68 76 3 47 78 41 25 33,tails,minor,3
2022-12-05T03:12:00Z,147,8 40 41 52 61 35 48 16 7 15 59 27 79 58 42 34 67 54 49 32,tails,regular,3
2022-12-05T03:15:00Z,148,69 14 70 26 27 62 41 19 46 17 51 67 71 24 45 36 72 66 2 55,tails,regular,2
2022-12-05T03:18:00Z,149,16 35 8 72 32 36 49 48 29 9 30 73 15 23 52 75 51 4 38 79,heads,regular,3
2022-12-05T03:21:00Z,150,41 68 53 36 29 59 55 24 47 28 3 17 25 46 56 58 73 51 66 74,tails,regular,1
2022-12-05T03:24:00Z,152,12 51 71 68 28 10 61 56 60 16 26 5 78 18 46 62 37 2 21 8,heads,regular,1
2022-12-05T03:27:00Z,153,74 49 54 80 1 42 69 5 30 46 2 6 65 67 33 17 31 24 53 8,evens,regular,3
2022-12-05T03:30:00Z,154,15 12 53 22 7 60 25 49 52 14 8 58 70 39 43 76 75 50 59 78,tails,minor,2
2022-12-05T03:33:00Z,155,17 73 69 66 19 13 10 22 65 34 59 7 18 38 72 9 36 79 51 46,heads,regular,2
2022-12-05T03:36:00Z,156,17 9 33 38 30 51 72 32 57 18 74 65 50 39 80 25 14 27 66 76,heads,regular,1
2022-12-05T03:39:00Z,157,80 1 44 77 65 79 43 67 46 45 5 14 56 60 2 37 42 9 30 57,tails,regular,3
2022-12-05T03:42:00Z,158,3 73 68 17 71 61 60 10 40 31 21 44 55 51 67 27 36 20 8 66,evens,minor,3
2022-12-05T03:45:00Z,159,22 74 43 73 60 41 7 21 23 65 80 35 13 75 67 12 62 9 5 54,tails,regular,3
2022-12-05T03:48:00Z,161,77 48 49 1 46 74 64 11 7 37 14 44 12 73 50 26 45 58 35 8,tails,regular,3
2022-12-05T03:51:00Z,162,48 8 42 57 7 10 50 43 21 77 68 32 35 56 74 60 3 64 73 55,tails,regular,1
2022-12-05T03:54:00Z,163,15 65 35 33 23 75 5 67 36 3 8 68 50 51 58 52 44 1 64 48,tails,regular,2
2022-12-05T03:57:00Z,164,15 24 26 67 55 58 66 49 23 25 34 64 76 33 36 80 73 68 60 40,tails,regular,3
2022-12-05T04:00:00Z,165,2 47 60 73 63 12 64 75 67 70 57 43 14 68 5 59 61 7 36 55,tails,regular,1
2022-12-05T04:03:00Z,166,32 3 9 48 70 5 2 27 65 23 30 50 40 20 51 58 68 74 47 76,evens,regular,2
2022-12-05T04:06:00Z,167,45 35 78 40 57 32 51 55 58 4 44 54 9 36 66 64 74 76 47 53,tails,regular,1
2022-12-05T04:09:00Z,168,34 38 30 73 49 6 13 27 43 52 32 7 63 10 26 64 41 56 40 35,heads,minor,3
2022-12-05T04:12:00Z,170,47 10 79 73 29 8 55 76 60 56 17 2 38 72 3 39 48 33 20 57,evens,regular,2
2022-12-05T04:15:00Z,171,33 76 50 75 26 78 5 9 43 52 12 14 38 57 17 25 79 3 31 20,heads,major,1
2022-12-05T04:18:00Z,172,75 8 34 60 80 25 39 12 74 10 31 49 46 20 64 70 14 61 77 68,tails,regular,2
2022-12-05T04:21:00Z,173,32 10 5 54 62 59 67 70 12 27 57 4 45 49 74 29 69 56 22 79,tails,regular,2
2022-12-05T04:24:00Z,174,27 35 36 34 12 63 51 66 48 65 75 16 14 11 1 15 70 72 60 77,evens,major,4
2022-12-05T04:27:00Z,175,53 62 6 51 9 42 24 3 1 4 45 73 76 59 55 17 25 12 46 5,evens,regular,2
2022-12-05T04:30:00Z,176,11 29 3 80 17 37 55 58 50 39 78 71 36 7 74 63 26 54 59 10,evens,regular,3
2022-12-05T04:33:00Z,177,37 50 69 74 22 42 59 34 55 27 39 75 78 36 25 43 1 7 51 40,evens,regular,2
2022-12-05T04:36:00Z,179,26 77 2 12 69 4 46 18 30 32 28 16 25 63 55 60 78 40 19 54,heads,regular,5
2022-12-05T04:39:00Z,180,70 18 24 15 74 52 64 19 42 12 30 31 23 32 58 59 40 62 28 47,heads,regular,1
2022-12-05T04:42:00Z,181,14 3 6 26 40 4 27 45 29 64 76 34 25 67 23 77 63 62 18 54,heads,regular,3
2022-12-05T04:45:00Z,182,21 17 3 27 56 46 26 34 68 37 53 28 79 12 62 14 25 10 38 24,heads,major,2
2022-12-05T04:48:00Z,183,53 57 9 35 27 45 24 14 25 71 66 47 13 17 70 34 78 72 22 31,heads,regular,2
2022-12-05T04:51:00Z,184,60 55 33 27 21 3 26 59 1 53 57 48 72 46 40 2 37 5 10 75,heads,minor,1
2022-12-05T04:54:00Z,185,56 72 71 23 6 15 76 41 57 1 70 39 17 62 51 50 59 77 43 36,tails,regular,1
2022-12-05T04:57:00Z,186,66 68 74 79 67 59 9 15 2 57 16 53 45 34 33 26 41 17 80 44,tails,regular,2
2022-12-05T05:00:00Z,188,24 70 40 22 74 75 44 32 28 21 62 30 80 61 78 8 12 64 60 67,tails,minor,2
2022-12-05T05:03:00Z,189,1 35 40 61 30 38 41 20 63 58 33 13 47 5 77 64 14 74 39 80,heads,regular,3
2022-12-05T05:06:00Z,190,59 3 16 30 21 78 19 74 17 60 34 62 35 58 40 8 9 43 61 22,heads,regular,2
2022-12-05T05:09:00Z,191,59 72 6 7 19 45 65 50 28 37 40 31 79 39 3 58 53 18 36 34,heads,regular,3
2022-12-05T05:12:00Z,192,13 25 11 18 48 14 12 47 8 15 71 42 20 69 36 74 80 24 23 33,heads,major,2
2022-12-05T05:15:00Z,193,42 44 26 4 77 79 5 18 38 27 30 43 67 12 20 76 34 28 48 80,heads,regular,2
2022-12-05T05:18:00Z,194,11 78 37 27 44 29 62 10 30 18 65 13 69 58 8 48 25 59 23 55,heads,minor,4
2022-12-05T05:21:00Z,195,65 3 1 72 41 61 58 2 79 21 40 39 60 18 30 14 45 74 42 29,evens,regular,3
2022-12-05T05:24:00Z,197,19 16 30 8 37 64 76 54 42 21 80 31 74 56 79 46 58 62 44 2,tails,regular,1
2022-12-05T05:27:00Z,198,60 57 62 79 12 1 71 9 7 18 75 43 77 24 25 47 38 41 72 26,tails,minor,2
2022-12-05T05:30:00Z,199,10 5 26 6 73 8 62 46 22 27 24 49 3 42 7 31 54 52 64 53,heads,minor,1
2022-12-05T05:33:00Z,200,57 68 56 16 32 2 34 67 20 29 33 30 21 41 17 43 74 45 59 28,heads,minor,4
2022-12-05T05:36:00Z,201,41 59 54 47 27 20 61 33 40 22 36 8 21 57 17 71 30 63 49 14,heads,regular,3
2022-12-05T05:39:00Z,202,71 62 28 5 13 11 10 60 40 4 59 24 20 31 32 45 72 52 51 36,heads,regular,3
2022-12-05T05:42:00Z,203,13 15 37 2 53 76 32 63 56 19 54 36 66 31 52 18 12 64 34 55,heads,major,1
2022-12-05T05:45:00Z,204,43 62 37 6 7 28 52 11 29 13 2 48 47 18 55 75 41 31 78 54,evens,regular,1
2022-12-05T05:48:00Z,206,62 78 14 64 46 28 51 56 17 22 47 76 30 60 20 33 27 7 52 6,evens,regular,3
2022-12-05T05:51:00Z,207,71 10 64 11 63 38 54 7 3 1 27 79 28 44 77 25 56 18 57 78,evens,minor,2
2022-12-05T05:54:00Z,208,59 30 52 38 21 7 6 40 46 48 19 47 61 24 49 26 62 28 11 20,heads,regular,1
2022-12-05T05:57:00Z,209,15 42 78 21 32 36 35 38 73 3 62 45 57 64 10 43 46 52 31 33,evens,regular,3
2022-12-05T06:00:00Z,210,3 17 67 40 29 56 14 50 46 18 9 35 4 68 10 45 53 43 42 22,heads,regular,1
2022-12-05T06:03:00Z,211,72 1 35 50 10 77 18 7 23 52 28 47 37 46 80 54 63 76 45 5,tails,minor,3
2022-12-05T06:06:00Z,212,22 72 66 6 58 76 56 45 51 29 43 17 79 24 19 49 38 16 67 78,tails,major,1
2022-12-05T06:09:00Z,213,80 41 43 45 32 30 5 73 47 65 56 79 7 27 49 34 19 22 53 14,tails,regular,3
2022-12-05T06:12:00Z,215,21 10 34 27 18 70 13 41 42 68 79 57 58 67 20 23 46 24 62 49,tails,minor,3
2022-12-05T06:15:00Z,216,75 59 35 58 57 64 26 1 46 5 77 16 52 27 31 53 55 71 17 63,tails,regular,1
2022-12-05T06:18:00Z,217,60 65 51 58 23 5 43 45 50 67 18 66 68 38 79 48 42 39 78 9,tails,minor,2
2022-12-05T06:21:00Z,218,20 15 50 10 73 59 29 34 75 24 43 30 27 4 80 47 6 62 25 33,heads,major,1
2022-12-05T06:24:00Z,219,72 69 66 70 55 79 50 32 5 22 17 56 44 48 75 10 30 6 37 78,tails,regular,5
2022-12-05T06:27:00Z,220,80 60 76 61 36 15 64 47 63 5 51 59 78 56 14 43 54 73 79 69,tails,regular,1
2022-12-05T06:30:00Z,221,14 43 63 3 79 49 1 45 31 39 17 52 66 12 61 7 27 48 67 59,tails,regular,1
2022-12-05T06:33:00Z,222,56 19 38 69 12 57 71 2 51 13 8 34 41 3 16 33 62 6 23 20,heads,minor,2
2022-12-05T06:36:00Z,224,32 69 5 11 54 62 33 53 30 23 9 71 24 17 8 41 78 35 70 31,heads,regular,3
2022-12-05T06:39:00Z,225,50 32 3 29 19 10 66 58 34 74 6 38 14 25 28 76 72 4 44 61,heads,major,1
2022-12-05T06:42:00Z,226,18 47 19 67 25 49 52 8 77 16 74 61 27 4 75 37 36 56 11 5,heads,major,2
2022-12-05T06:45:00Z,227,33 11 24 59 23 54 48 21 13 62 10 3 29 65 35 60 12 22 78 66,heads,regular,1
2022-12-05T06:48:00Z,228,42 52 70 67 75 43 27 4 37 68 38 73 29 62 18 11 61 36 51 15,tails,regular,1
2022-12-05T06:51:00Z,229,61 1 14 68 57 29 20 10 47 56 4 22 59 54 39 31 73 8 41 15,heads,minor,1
2022-12-05T06:54:00Z,230,39 15 44 17 79 65 67 66 34 64 58 18 47 23 63 59 36 50 25 72,tails,regular,2
2022-12-05T06:57:00Z,231,27 40 45 3 58 26 64 59 7 63 1 60 22 80 42 51 67 68 47 71,tails,regular,1
2022-12-05T07:00:00Z,233,26 78 11 55 63 7 53 14 76 47 58 40 6 71 15 65 60 13 25 50,tails,regular,3
2022-12-05T07:03:00Z,234,73 75 57 25 10 24 19 30 53 31 6 61 56 38 2 9 3 33 63 32,heads,minor,2
2022-12-05T07:06:00Z,235,52 80 32 75 49 14 50 69 46 58 27 33 25 31 22 38 17 29 74 57,evens,regular,2
2022-12-05T07:09:00Z,236,55 65 17 73 27 3 18 50 35 11 64 32 2 21 72 4 56 28 25 68,heads,regular,3
2022-12-05T07:12:00Z,237,43 20 42 68 6 17 2 61 21 10 80 50 32 14 65 3 71 31 5 44,heads,minor,2
2022-12-05T07:15:00Z,238,67 71 23 13 51 3 77 37 57 66 29 47 4 70 54 62 52 50 32 41,tails,regular,2
2022-12-05T07:18:00Z,239,40 1 13 49 28 68 34 54 27 53 50 44 20 52 39 58 57 26 56 79,tails,major,4
2022-12-05T07:21:00Z,240,63 32 69 50 9 29 2 52 31 79 61 68 76 75 66 64 38 45 40 43,tails,regular,1
2022-12-05T07:24:00Z,242,58 80 26 44 6 64 32 61 27 56 2 57 69 30 78 9 35 17 1 18,heads,regular,3
2022-12-05T07:27:00Z,243,49 51 66 55 62 43 74 31 26 35 23 70 18 1 14 32 63 38 46 78,tails,regular,2
2022-12-05T07:30:00Z,244,54 6 45 65 61 23 30 78 74 8 42 60 21 17 64 26 5 63 14 66,tails,regular,2
2022-12-05T07:33:00Z,245,12 7 33 65 62 38 52 24 26 54 70 9 63 41 43 47 59 10 23 36,evens,regular,3
2022-12-05T07:36:00Z,246,65 23 69 45 4 64 19 77 33 5 60 42 67 28 47 43 16 80 58 74,tails,minor,1
2022-12-05T07:39:00Z,247,17 67 61 30 18 43 56 63 16 76 32 25 71 66 69 6 64 70 45 78,tails,minor,1
2022-12-05T07:42:00Z,248,8 67 49 25 1 56 72 18 61 12 62 69 28 14 73 29 23 15 59 35,heads,regular,2
2022-12-05T07:45:00Z,249,40 45 6 80 61 41 74 34 70 60 39 36 50 55 53 59 44 8 9 5,tails,major,1
2022-12-05T07:48:00Z,251,53 72 22 33 51 79 45 56 18 66 15 59 8 17 29 30 41 2 9 4,heads,minor,1
2022-12-05T07:51:00Z,252,32 27 49 11 14 28 18 79 77 15 75 1 2 31 35 44 25 39 62 6,heads,regular,3
2022-12-05T07:54:00Z,253,74 25 21 71 47 57 41 5 80 49 32 63 75 55 45 73 22 12 69 14,tails,regular,2
2022-12-05T07:57:00Z,254,73 68 49 10 46 25 43 58 78 5 24 67 70 30 20 41 8 61 55 7,tails,regular,4
2022-12-05T08:00:00Z,255,56 63 69 37 49 77 40 57 23 13 7 78 48 59 26 2 33 24 10 35,heads,major,2
2022-12-05T08:03:00Z,256,2 79 72 73 22 1 63 71 13 28 18 21 54 58 15 80 52 32 76 7,evens,regular,1
2022-12-05T08:06:00Z,257,49 12 80 64 63 72 61 34 32 58 14 79 4 20 29 33 62 71 60 46,tails,regular,1
2022-12-05T08:09:00Z,258,3 33 30 40 68 71 76 53 67 60 13 54 80 38 72 70 62 14 16 23,tails,regular,1
2022-12-05T08:12:00Z,260,4 26 19 70 18 66 53 50 5 37 14 25 41 61 67 42 10 58 1 55,evens,major,1
2022-12-05T08:15:00Z,261,78 27 68 32 24 72 70 48 14 12 35 31 47 4 19 25 46 50 63 56,evens,regular,3
2022-12-05T08:18:00Z,262,16 41 45 56 76 75 60 51 20 53 42 79 63 31 72 11 1 58 22 10,tails,regular,2
2022-12-05T08:21:00Z,263,53 64 30 65 20 2 43 73 50 19 38 28 36 74 27 34 41 62 32 77,evens,minor,2
2022-12-05T08:24:00Z,264,35 76 77 24 42 33 50 55 13 40 52 78 65 37 64 16 25 68 56 73,tails,minor,2
2022-12-05T08:27:00Z,265,1 30 72 69 33 32 39 23 40 46 5 42 31 73 77 51 22 78 68 74,evens,regular,2
2022-12-05T08:30:00Z,266,3 71 45 68 53 10 28 26 18 56 66 58 59 19 8 30 70 33 41 40,evens,minor,1
2022-12-05T08:33:00Z,267,66 35 31 38 61 24 60 74 52 9 62 48 16 58 55 23 18 72 68 7,tails,minor,1
2022-12-05T08:36:00Z,269,1 75 54 14 72 19 41 74 49 51 35 65 80 3 5 32 48 52 4 50,tails,regular,3
2022-12-05T08:39:00Z,270,76 2 72 6 46 77 9 64 31 58 47 43 24 78 66 42 33 71 52 68,tails,regular,1
2022-12-05T08:42:00Z,271,47 34 65 25 51 49 28 1 55 27 37 32 45 20 69 61 14 7 64 5,heads,regular,1
2022-12-05T08:45:00Z,272,35 79 7 37 66 59 45 34 52 40 58 74 49 10 43 3 6 15 33 63,evens,minor,1
2022-12-05T08:48:00Z,273,33 1 34 15 3 75 24 7 37 26 42 20 5 12 39 62 41 40 10 43,heads,regular,3
2022-12-05T08:51:00Z,274,25 8 69 14 54 29 36 38 74 2 3 42 9 68 17 19 41 57 63 50,heads,minor,1
2022-12-05T08:54:00Z,275,8 77 16 46 41 25 35 59 37 70 12 57 45 65 61 53 73 10 27 17,tails,regular,1
2022-12-05T08:57:00Z,276,24 12 52 63 34 33 47 7 50 68 20 69 30 22 19 16 70 75 14 9,heads,regular,2
2022-12-05T09:00:00Z,278,58 52 39 72 9 4 10 64 28 66 21 67 1 12 19 17 36 51 31 70,heads,minor,5
2022-12-05T09:03:00Z,279,30 61 73 6 57 79 80 72 48 74 32 49 47 7 33 1 17 31 77 43,tails,regular,2
2022-12-05T09:06:00Z,280,31 68 7 74 80 78 8 22 52 29 57 4 48 5 39 25 33 38 30 24,heads,regular,2
2022-12-05T09:09:00Z,281,39 24 70 47 58 11 26 8 54 71 1 64 23 79 77 60 25 80 36 29,evens,regular,2
2022-12-05T09:12:00Z,282,2 61 62 41 68 22 33 80 45 8 31 16 57 28 21 79 67 59 56 44,tails,regular,2
2022-12-05T09:15:00Z,283,45 49 73 39 76 13 80 36 28 48 52 56 1 19 16 9 11 27 75 78,evens,regular,1
2022-12-05T09:18:00Z,284,42 49 15 78 52 77 13 57 26 28 16 67 58 21 55 48 54 4 14 46,tails,regular,1
2022-12-05T09:21:00Z,285,1 40 46 51 2 35 76 38 65 69 60 57 21 44 3 8 78 12 49 47,tails,minor,1
2022-12-05T09:24:00Z,287,77 54 16 75 73 60 5 67 26 6 24 11 44 64 37 47 21 35 32 19,heads,minor,1
2022-12-05T09:27:00Z,288,49 52 61 33 55 40 1 20 35 16 70 38 79 8 66 2 24 10 57 59,heads,regular,2
2022-12-05T09:30:00Z,289,50 79 78 67 34 59 73 77 32 62 64 19 33 3 45 14 54 36 7 66,tails,minor,2
2022-12-05T09:33:00Z,290,66 43 63 5 10 26 78 7 65 76 29 79 38 40 70 14 30 50 19 20,heads,regular,1
2022-12-05T09:36:00Z,291,74 56 32 34 38 62 60 67 43 49 61 1 30 54 24 66 12 42 63 64,tails,major,5
2022-12-05T09:39:00Z,292,14 65 56 70 17 38 39 25 79 75 11 29 28 46 73 43 60 74 8 62,tails,regular,1
2022-12-05T09:42:00Z,293,31 44 14 56 76 65 75 27 69 9 5 55 26 78 43 64 15 45 17 67,tails,regular,3
2022-12-05T09:45:00Z,294,1 2 17 53 52 47 72 29 66 49 25 40 18 23 73 32 14 21 55 63,heads,regular,2
2022-12-05T09:48:00Z,296,13 62 27 68 15 58 73 43 9 71 69 67 56 7 19 22 36 65 78 76,tails,minor,1
2022-12-05T09:51:00Z,297,55 14 23 24 66 50 64 1 20 78 76 45 25 44 17 38 58 62 42 8,tails,regular,2
2022-12-05T09:54:00Z,298,22 24 71 68 55 10 19 13 74 35 14 9 39 80 78 15 67 43 77 33,heads,regular,2
2022-12-05T09:57:00Z,299,60 66 4 75 23 65 33 19 48 78 56 69 59 80 13 15 71 70 52 40,tails,regular,2
2022-12-05T10:00:00Z,300,63 69 42 36 9 26 32 66 5 43 62 2 30 75 54 77 40 22 12 58,evens,minor,10
2022-12-05T10:03:00Z,301,14 30 4 74 10 71 37 6 73 61 79 19 21 62 26 41 80 5 42 76,evens,regular,1
2022-12-05T10:06:00Z,302,4 77 22 39 71 55 53 79 78 66 11 51 35 36 80 37 32 30 42 59,tails,regular,2
2022-12-05T10:09:00Z,303,64 55 10 7 29 36 18 23 31 60 11 79 77 5 59 35 72 33 15 58,heads,regular,2
2022-12-05T10:12:00Z,305,48 55 63 21 27 61 28 56 51 36 45 25 47 19 72 12 74 52 16 11,tails,regular,2
2022-12-05T10:15:00Z,306,55 38 66 34 75 76 61 49 48 31 28 67 46 20 12 63 37 4 62 44,tails,minor,3
2022-12-05T10:18:00Z,307,5 31 39 15 53 23 32 41 33 19 26 47 50 40 3 38 78 21 7 63,heads,minor,1
2022-12-05T10:21:00Z,308,71 56 21 44 62 8 51 53 6 2 43 20 33 13 64 67 28 10 79 48,tails,regular,3
2022-12-05T10:24:00Z,309,64 41 33 5 34 35 2 17 79 48 18 38 45 78 67 77 80 8 51 44,tails,regular,2
2022-12-05T10:27:00Z,310,41 70 35 28 59 43 73 40 77 74 58 3 48 68 19 32 50 24 65 18,tails,regular,1
2022-12-05T10:30:00Z,311,49 31 28 72 27 44 66 61 58 52 18 50 32 37 45 33 73 46 74 77,tails,minor,1
2022-12-05T10:33:00Z,312,30 2 27 56 16 80 39 28 52 22 50 13 49 42 14 62 76 41 60 75,tails,regular,1
2022-12-05T10:36:00Z,314,19 8 80 52 36 29 56 46 1 28 78 24 63 73 48 72 47 10 2 44,tails,regular,3
2022-12-05T10:39:00Z,315,69 17 26 47 71 67 30 74 12 80 25 32 5 73 42 20 61 44 35 65,tails,minor,1
2022-12-05T10:42:00Z,316,40 79 54 3 78 17 4 44 61 71 53 52 32 29 12 31 2 64 25 70,evens,regular,3
2022-12-05T10:45:00Z,317,18 26 20 42 53 39 3 67 15 74 2 1 29 37 66 38 71 12 49 65,heads,minor,5
2022-12-05T10:48:00Z,318,69 20 51 73 11 35 36 8 14 74 19 78 13 12 50 79 5 24 9 66,heads,major,1
2022-12-05T10:51:00Z,319,47 22 7 37 6 9 52 23 65 74 11 34 25 43 45 68 10 15 42 19,heads,regular,3
2022-12-05T10:54:00Z,320,24 43 59 33 80 70 56 18 67 75 54 31 65 40 55 61 72 23 69 1,tails,regular,2
2022-12-05T10:57:00Z,321,62 26 45 76 78 39 38 20 24 29 10 52 13 46 65 40 14 30 3 71,heads,minor,2
2022-12-05T11:00:00Z,323,11 40 49 77 8 33 31 55 79 62 27 16 1 51 73 43 58 28 67 76,tails,regular,2
2022-12-05T11:03:00Z,324,21 46 64 69 38 31 1 47 3 4 54 2 29 73 18 33 66 26 45 17,heads,regular,2
2022-12-05T11:06:00Z,325,70 11 18 63 46 36 31 35 51 68 58 39 56 47 78 49 75 61 38 17,tails,regular,1
2022-12-05T11:09:00Z,326,77 23 72 36 75 70 17 68 5 22 41 31 34 65 47 28 1 18 54 13,heads,regular,1
2022-12-05T11:12:00Z,327,46 3 21 15 79 37 39 12 1 2 51 25 17 33 55 43 71 53 19 59,heads,regular,1
2022-12-05T11:15:00Z,328,33 38 68 19 76 42 21 78 18 80 14 62 2 74 66 69 40 72 45 54,tails,regular,10
2022-12-05T11:18:00Z,329,7 46 48 25 36 50 78 63 79 75 69 4 33 45 71 19 17 57 61 72,tails,minor,3
2022-12-05T11:21:00Z,330,12 66 47 32 13 14 58 26 49 68 11 22 60 61 38 77 4 46 45 57,tails,major,2
2022-12-05T11:24:00Z,332,79 13 55 8 9 48 61 36 71 19 25 31 60 42 5 59 74 24 6 75,evens,regular,1
2022-12-05T11:27:00Z,333,15 22 6 78 18 66 4 26 49 39 20 42 53 76 40 24 44 54 58 10,heads,regular,3
2022-12-05T11:30:00Z,334,62 60 57 55 39 25 66 14 43 7 8 59 48 76 73 61 35 33 2 4,tails,major,1
2022-12-05T11:33:00Z,335,63 75 2 79 33 43 22 70 69 53 38 18 66 36 67 16 4 10 72 45,tails,regular,3
2022-12-05T11:36:00Z,336,20 67 26 69 76 28 62 25 10 3 23 73 11 12 74 31 53 1 30 33,heads,minor,5
2022-12-05T11:39:00Z,337,59 80 68 36 52 40 37 73 13 54 12 60 4 8 25 9 50 65 6 58,evens,major,3
2022-12-05T11:42:00Z,338,44 18 26 45 70 8 74 51 5 67 22 36 39 12 30 58 29 78 56 49,evens,regular,2
2022-12-05T11:45:00Z,339,54 17 63 23 48 34 26 22 41 16 1 29 4 7 49 76 53 21 79 10,heads,regular,1
2022-12-05T11:48:00Z,341,74 68 13 50 19 14 53 26 42 47 49 28 31 22 27 78 60 29 40 57,evens,major,1
2022-12-05T11:51:00Z,342,13 44 67 57 43 29 23 30 69 14 55 73 8 77 46 25 27 76 22 64,tails,regular,4
2022-12-05T11:54:00Z,343,64 76 5 54 40 28 13 79 35 42 60 43 58 45 37 8 71 48 7 70,tails,regular,1
2022-12-05T11:57:00Z,344,15 66 7 72 62 8 17 16 55 45 75 43 70 36 56 54 4 28 42 69,tails,regular,2
2022-12-05T12:00:00Z,345,45 46 5 75 61 50 70 65 33 62 48 16 72 11 58 60 28 80 69 20,tails,major,3
2022-12-05T12:03:00Z,346,10 60 34 43 55 76 16 14 13 24 11 59 77 38 2 61 65 15 78 21,heads,minor,4
2022-12-05T12:06:00Z,347,46 48 63 32 29 18 33 10 34 77 60 37 11 28 42 65 75 80 9 3,heads,regular,1
2022-12-05T12:09:00Z,348,28 44 80 77 71 42 69 47 65 32 26 30 53 16 11 21 18 2 70 40,evens,regular,10
2022-12-05T12:12:00Z,350,26 73 63 77 24 23 7 48 36 70 53 40 44 65 16 45 67 6 17 42,tails,regular,10
2022-12-05T12:15:00Z,351,8 67 27 54 64 70 32 73 1 19 14 62 41 66 46 44 49 6 11 20,tails,regular,3
2022-12-05T12:18:00Z,352,78 22 37 16 49 19 28 15 30 20 1 33 59 25 10 62 76 8 47 57,heads,regular,1
2022-12-05T12:21:00Z,353,6 54 62 4 25 55 34 41 45 75 28 3 32 48 77 46 37 8 23 39,heads,minor,2
2022-12-05T12:24:00Z,354,78 80 7 10 24 40 14 54 34 6 49 46 43 61 63 74 18 2 21 28,heads,regular,2
2022-12-05T12:27:00Z,355,7 4 9 72 3 67 65 41 29 16 6 8 79 31 68 39 55 5 77 12,heads,regular,1
2022-12-05T12:30:00Z,356,37 31 33 59 57 44 7 52 63 50 5 78 49 36 24 39 21 73 11 56,evens,regular,2
2022-12-05T12:33:00Z,357,59 78 76 31 12 36 7 41 50 58 74 5 23 10 52 24 67 39 69 11,evens,regular,2
2022-12-05T12:36:00Z,359,43 78 54 7 55 39 80 51 76 53 72 19 31 74 21 47 34 3 4 70,tails,major,1
2022-12-05T12:39:00Z,360,38 52 71 4 69 40 43 18 8 49 47 20 50 58 16 7 70 14 30 33,heads,regular,1
2022-12-05T12:42:00Z,361,8 30 57 50 41 64 63 31 1 42 37 72 80 68 62 4 74 19 58 66,tails,regular,10
2022-12-05T12:45:00Z,362,70 69 45 67 31 32 21 8 22 11 15 46 72 30 56 61 5 3 40 76,heads,regular,2
2022-12-05T12:48:00Z,363,8 4 10 37 17 53 45 75 64 29 77 55 21 25 22 19 79 13 16 42,heads,regular,1
2022-12-05T12:51:00Z,364,29 71 4 28 61 77 44 1 17 79 62 63 16 19 69 9 72 14 57 24,evens,regular,3
2022-12-05T12:54:00Z,365,80 10 79 75 29 16 5 20 60 37 45 50 66 69 6 25 27 32 9 24,heads,major,2
2022-12-05T12:57:00Z,366,13 46 21 34 14 15 18 10 57 4 25 76 63 36 40 56 59 32 31 71,heads,minor,10
2022-12-05T13:00:00Z,368,77 37 73 24 9 80 67 21 65 12 51 58 27 31 28 76 40 45 20 62,evens,regular,1
2022-12-05T13:03:00Z,369,76 44 25 63 27 5 20 49 17 15 7 80 4 9 45 39 60 8 74 71,heads,regular,2
2022-12-05T13:06:00Z,370,49 8 72 60 52 70 44 76 6 15 43 17 66 50 63 53 48 56 34 26,tails,regular,1
2022-12-05T13:09:00Z,371,77 80 58 55 17 79 12 5 3 42 74 47 1 18 48 19 21 41 46 30,tails,regular,1
2022-12-05T13:12:00Z,372,25 44 75 32 69 53 73 29 34 45 55 13 20 43 64 50 17 12 68 10,tails,regular,1
2022-12-05T13:15:00Z,373,29 1 2 23 20 24 70 60 33 7 79 78 25 46 68 49 10 28 51 13,heads,regular,3
2022-12-05T13:18:00Z,374,12 25 38 51 62 15 19 78 59 27 48 29 32 80 34 42 55 69 28 63,evens,regular,1
2022-12-05T13:21:00Z,375,70 18 20 40 67 77 42 50 12 63 16 73 15 65 14 19 22 13 21 64,heads,minor,2
2022-12-05T13:24:00Z,377,22 80 4 65 5 27 14 59 38 8 15 10 56 16 53 69 11 31 67 44,heads,regular,1
2022-12-05T13:27:00Z,378,71 57 21 67 5 60 78 69 20 52 28 43 24 1 38 66 50 7 62 22,tails,regular,3
2022-12-05T13:30:00Z,379,40 2 74 55 25 4 17 69 11 51 30 20 47 16 59 58 15 22 37 10,heads,major,3
2022-12-05T13:33:00Z,380,39 3 67 68 37 43 78 2 63 33 69 22 9 23 17 27 29 30 49 48,heads,regular,3
2022-12-05T13:36:00Z,381,44 70 38 71 32 28 54 49 39 46 5 33 30 22 26 40 14 58 79 80,heads,regular,1
2022-12-05T13:39:00Z,382,43 55 71 64 68 24 65 2 8 33 35 52 66 56 70 22 38 51 7 25,tails,regular,1
2022-12-05T13:42:00Z,383,75 59 24 35 44 10 8 1 13 80 69 39 28 55 9 2 32 67 63 31,heads,regular,3
2022-12-05T13:45:00Z,384,7 30 27 78 55 9 36 40 8 11 80 6 57 18 2 72 74 19 3 64,heads,regular,2
2022-12-05T13:48:00Z,386,51 15 7 2 27 78 45 73 57 5 31 25 80 20 60 23 47 35 42 38,heads,regular,3
2022-12-05T13:51:00Z,387,16 20 47 51 13 58 79 46 75 80 30 44 67 48 27 24 36 23 50 72,tails,regular,2
2022-12-05T13:54:00Z,388,35 7 77 67 53 10 21 4 1 6 48 65 32 38 51 15 14 28 40 36,heads,regular,3
2022-12-05T13:57:00Z,389,42 65 54 63 79 66 77 22 73 40 68 56 10 58 75 2 72 74 14 43,tails,regular,1
2022-12-05T14:00:00Z,390,55 80 22 66 51 38 48 67 58 57 45 43 34 24 72 40 1 63 10 44,tails,regular,3
2022-12-05T14:03:00Z,391,40 20 38 44 79 46 49 59 57 26 5 41 10 66 68 73 1 80 58 61,tails,regular,5
2022-12-05T14:06:00Z,392,58 6 19 10 25 11 69 54 9 21 72 76 50 2 16 5 67 48 36 56,heads,regular,1
2022-12-05T14:09:00Z,393,43 53 13 34 36 23 41 24 47 18 55 72 71 77 3 22 66 80 46 40,tails,regular,2
2022-12-05T14:12:00Z,395,50 73 80 14 54 17 2 19 27 3 42 49 58 28 68 43 67 12 25 31,evens,regular,1
2022-12-05T14:15:00Z,396,20 38 11 25 61 60 57 72 29 9 80 40 50 45 26 52 17 71 55 19,evens,regular,1
2022-12-05T14:18:00Z,397,25 15 76 13 65 71 3 5 63 22 28 2 61 74 56 18 46 8 11 26,heads,minor,5
2022-12-05T14:21:00Z,398,80 58 70 28 57 6 11 22 65 25 44 68 3 37 15 75 78 34 51 79,tails,regular,2
2022-12-05T14:24:00Z,399,36 56 33 69 79 10 5 37 74 78 67 13 43 27 15 49 26 80 35 21,heads,minor,1
2022-12-05T14:27:00Z,400,25 35 42 51 30 79 70 32 75 48 62 54 11 3 46 59 15 57 72 77,tails,regular,1
2022-12-05T14:30:00Z,401,5 65 70 1 16 44 69 34 79 80 35 52 73 3 57 26 59 60 45 20,tails,major,1
2022-12-05T14:33:00Z,402,44 67 75 74 6 65 40 56 3 58 69 68 63 41 49 45 78 31 12 13,tails,regular,2
2022-12-05T14:36:00Z,404,47 16 53 59 66 12 15 39 5 73 76 13 3 6 80 62 50 60 57 37,tails,minor,3
2022-12-05T14:39:00Z,405,30 10 57 66 79 55 8 25 47 39 56 43 74 6 73 72 38 68 32 7,tails,regular,2
2022-12-05T14:42:00Z,406,17 24 33 11 79 15 47 39 1 37 3 61 41 59 2 10 26 7 40 13,heads,regular,3
2022-12-05T14:45:00Z,407,59 25 71 60 7 50 42 36 2 56 70 23 5 48 49 61 76 30 34 53,tails,regular,3
2022-12-05T14:48:00Z,408,22 79 73 37 15 14 68 19 7 28 26 64 13 18 59 24 51 80 54 5,heads,regular,3
2022-12-05T14:51:00Z,409,63 52 56 7 45 14 27 12 20 31 70 72 51 78 11 26 2 34 77 19,heads,major,1
2022-12-05T14:54:00Z,410,2 76 56 16 41 31 80 46 78 11 24 33 74 3 36 17 20 10 68 49,heads,regular,2
2022-12-05T14:57:00Z,411,25 2 80 24 30 57 54 11 40 41 21 58 45 39 49 28 79 19 70 55,evens,major,1
2022-12-05T15:00:00Z,413,47 25 27 15 50 63 65 56 48 73 8 43 55 22 53 1 11 4 51 60,tails,regular,2
2022-12-05T15:03:00Z,414,72 35 58 43 62 41 6 61 13 48 45 53 75 5 73 57 9 64 56 32,tails,regular,1
2022-12-05T15:06:00Z,415,9 24 23 25 65 27 12 80 6 2 15 29 71 41 68 48 61 49 52 78,evens,major,1
2022-12-05T15:09:00Z,416,61 20 47 73 37 57 19 72 1 18 21 5 55 68 50 49 52 6 25 62,tails,regular,2
2022-12-05T15:12:00Z,417,32 8 48 11 6 18 60 5 61 10 4 21 70 39 69 54 46 56 79 73,evens,regular,3
2022-12-05T15:15:00Z,418,61 28 20 77 45 80 10 60 56 79 2 71 68 59 63 5 30 25 35 73,tails,regular,1
2022-12-05T15:18:00Z,419,76 60 50 58 26 53 38 33 65 17 41 36 23 10 34 19 3 52 35 16,heads,minor,3
2022-12-05T15:21:00Z,420,30 65 59 27 43 41 23 71 66 12 37 72 79 3 4 80 73 33 55 24,tails,regular,1
2022-12-05T15:24:00Z,422,31 21 79 63 65 59 57 29 7 6 37 18 2 56 69 61 34 58 27 50,evens,minor,3
2022-12-05T15:27:00Z,423,69 64 47 78 79 14 51 76 26 15 65 21 19 63 41 37 57 11 52 6,tails,regular,3
2022-12-05T15:30:00Z,424,38 62 24 37 29 58 75 11 31 80 5 60 14 17 20 55 76 43 35 3,heads,regular,1
2022-12-05T15:33:00Z,425,57 71 55 10 70 66 22 45 35 8 53 16 38 14 47 7 54 25 18 23,heads,regular,2
2022-12-05T15:36:00Z,426,55 60 2 20 74 13 42 40 41 77 54 26 28 78 48 79 16 32 24 31,evens,regular,2
2022-12-05T15:39:00Z,427,80 8 50 54 60 58 21 35 72 79 69 6 76 31 29 52 68 23 41 64,tails,minor,2
2022-12-05T15:42:00Z,428,73 13 18 44 64 75 28 5 36 65 7 53 45 23 8 40 1 41 80 56,evens,regular,2
2022-12-05T15:45:00Z,429,6 75 26 3 13 67 49 80 1 39 45 62 24 46 9 41 22 64 40 10,heads,major,1
2022-12-05T15:48:00Z,431,56 21 14 38 64 4 6 29 62 45 40 61 12 30 11 77 27 60 73 80,heads,regular,2
2022-12-05T15:51:00Z,432,52 56 33 22 47 1 4 14 43 72 44 49 50 37 48 16 36 53 68 80,tails,regular,2
2022-12-05T15:54:00Z,433,18 70 20 62 13 54 12 53 80 55 68 71 58 44 75 51 42 6 65 16,tails,regular,2
2022-12-05T15:57:00Z,434,31 78 22 42 8 20 58 1 18 51 3 38 57 15 14 6 10 16 72 75,heads,regular,1
2022-12-05T16:00:00Z,435,53 72 24 78 12 56 16 32 44 57 17 68 8 10 76 77 21 67 25 58,tails,minor,2
2022-12-05T16:03:00Z,436,12 16 58 3 22 21 27 56 34 38 72 13 32 42 11 44 76 50 18 31,heads,minor,1
2022-12-05T16:06:00Z,437,34 39 38 49 77 73 15 20 44 22 59 66 6 7 14 53 58 12 28 41,heads,regular,1
2022-12-05T16:09:00Z,438,56 10 77 40 61 51 28 58 67 73 47 79 6 68 75 31 26 8 21 27,tails,regular,1
2022-12-05T16:12:00Z,440,73 8 5 61 29 69 68 44 2 71 60 49 9 48 30 58 32 37 65 38,tails,minor,3
2022-12-05T16:15:00Z,441,43 35 23 68 71 46 9 60 6 38 73 50 28 15 31 27 17 33 65 72,heads,regular,2
2022-12-05T16:18:00Z,442,16 35 8 36 55 45 62 47 7 78 32 14 30 54 3 13 76 48 68 34,heads,regular,3
2022-12-05T16:21:00Z,443,23 29 51 40 1 57 28 49 16 77 45 11 78 72 50 55 54 66 9 60,tails,minor,2
2022-12-05T16:24:00Z,444,60 5 43 53 31 52 29 51 27 72 54 24 7 16 64 79 25 40 57 70,tails,regular,3
2022-12-05T16:27:00Z,445,33 63 65 25 7 67 18 52 19 29 16 39 38 44 8 74 37 78 28 35,heads,regular,2
2022-12-05T16:30:00Z,446,53 68 19 80 38 3 37 16 59 73 7 6 5 9 79 65 44 33 57 77,evens,regular,1
2022-12-05T16:33:00Z,447,5 39 33 35 73 34 54 40 56 26 75 45 28 60 21 74 80 69 6 42,evens,minor,1
2022-12-05T16:36:00Z,449,63 3 46 29 36 18 21 38 48 23 32 39 6 74 50 14 20 73 26 9,heads,regular,2
2022-12-05T16:39:00Z,450,32 72 37 14 71 8 6 2 79 30 42 70 9 7 5 60 53 50 29 31,heads,regular,3
2022-12-05T16:42:00Z,451,5 44 64 27 22 1 26 37 79 20 17 13 32 41 47 69 75 39 18 68,heads,regular,3
2022-12-05T16:45:00Z,452,75 43 10 33 79 26 22 48 5 73 53 67 8 18 52 78 50 30 72 39,tails,regular,3
2022-12-05T16:48:00Z,453,35 25 4 12 20 9 11 43 70 57 66 44 29 27 15 33 19 36 34 49,heads,major,3
2022-12-05T16:51:00Z,454,17 44 14 11 27 52 57 66 28 33 12 45 50 62 72 30 49 67 79 3,tails,regular,1
2022-12-05T16:54:00Z,455,28 53 47 30 42 21 10 78 80 36 17 56 70 45 54 41 65 40 79 71,tails,regular,1
2022-12-05T16:57:00Z,456,8 11 68 80 67 9 62 69 41 1 53 18 6 14 19 24 37 12 30 2,heads,regular,3
2022-12-05T17:00:00Z,458,56 76 29 8 68 35 32 74 55 40 75 38 13 1 61 26 31 19 6 79,heads,regular,2
2022-12-05T17:03:00Z,459,39 38 67 13 59 16 23 22 12 80 9 37 65 51 70 44 53 7 25 50,heads,regular,2
2022-12-05T17:06:00Z,460,26 31 76 40 5 53 80 78 56 12 21 19 11 74 41 23 2 54 63 73,evens,regular,4
2022-12-05T17:09:00Z,461,7 61 53 72 55 51 11 2 10 76 4 30 71 63 42 27 38 54 25 33,evens,major,1
2022-12-05T17:12:00Z,462,78 16 42 5 39 76 57 31 11 51 62 64 37 29 67 33 48 77 71 35,tails,regular,1
2022-12-05T17:15:00Z,463,77 52 58 26 76 17 3 45 54 62 19 38 7 30 64 80 67 49 56 5,tails,regular,2
2022-12-05T17:18:00Z,464,21 43 15 64 27 34 18 76 4 19 33 13 23 42 35 74 70 71 46 10,heads,regular,2
2022-12-05T17:21:00Z,465,71 58 47 62 18 65 21 9 39 32 33 31 5 67 72 36 61 64 7 1,heads,regular,3
2022-12-05T17:24:00Z,467,30 8 35 38 51 15 69 50 64 46 63 29 10 80 25 32 56 39 31 76,heads,minor,1
2022-12-05T17:27:00Z,468,1 56 55 30 35 77 2 11 10 17 43 65 25 69 9 16 12 44 26 27,heads,regular,1
2022-12-05T17:30:00Z,469,74 75 43 51 44 55 29 48 56 37 30 15 18 9 63 10 46 38 19 61,tails,regular,3
2022-12-05T17:33:00Z,470,37 11 57 49 52 23 80 39 51 26 15 53 78 33 6 47 54 5 32 30,heads,regular,1
2022-12-05T17:36:00Z,471,76 54 1 48 26 79 30 5 27 78 22 2 72 28 20 37 38 9 62 3,heads,regular,1
2022-12-05T17:39:00Z,472,67 69 59 12 20 43 80 79 18 7 44 35 54 40 29 77 16 32 72 57,tails,minor,1
2022-12-05T17:42:00Z,473,79 21 15 5 64 13 65 75 11 12 40 32 68 33 3 28 17 52 49 47,heads,regular,3
2022-12-05T17:45:00Z,474,45 27 34 53 59 54 21 68 74 9 12 4 48 5 40 28 30 22 78 14,heads,major,1
2022-12-05T17:48:00Z,476,23 46 35 30 43 8 4 18 41 61 71 33 44 54 31 38 79 22 15 66,heads,regular,1
2022-12-05T17:51:00Z,477,8 5 33 45 57 39 79 76 80 52 32 17 12 1 10 51 15 72 47 25,heads,regular,3
2022-12-05T17:54:00Z,478,60 71 36 42 24 63 34 80 2 22 55 59 67 37 7 5 18 65 33 64,evens,minor,2
2022-12-05T17:57:00Z,479,11 61 12 55 3 26 16 1 48 27 63 69 47 68 67 41 6 45 9 33,evens,regular,1
2022-12-05T18:00:00Z,480,55 59 60 47 64 45 68 10 79 70 8 24 15 3 23 42 9 22 4 43,tails,regular,3
2022-12-05T18:03:00Z,481,33 80 78 24 19 60 75 74 44 37 7 20 50 4 9 13 27 38 26 31,heads,regular,2
2022-12-05T18:06:00Z,482,39 46 5 63 14 22 19 1 59 10 30 65 16 23 67 40 73 55 72 29,heads,minor,3
2022-12-05T18:09:00Z,483,65 4 76 72 61 23 42 49 75 12 51 19 80 44 16 56 70 30 10 47,tails,regular,1
2022-12-05T18:12:00Z,485,12 65 75 45 18 11 66 78 5 9 6 62 54 38 40 63 50 19 67 28,evens,minor,2
2022-12-05T18:15:00Z,486,66 51 31 7 44 19 2 80 60 79 63 53 6 13 52 5 3 71 73 9,tails,minor,3
2022-12-05T18:18:00Z,487,11 41 67 74 65 31 45 50 30 25 4 27 61 76 35 72 13 54 40 58,tails,regular,1
2022-12-05T18:21:00Z,488,9 27 74 28 42 55 35 46 24 56 53 10 61 15 49 70 34 6 25 73,evens,regular,1
2022-12-05T18:24:00Z,489,53 71 42 46 19 47 31 41 4 48 51 22 2 59 34 5 74 78 52 63,tails,regular,10
2022-12-05T18:27:00Z,490,42 29 46 25 58 38 12 62 74 18 71 32 23 17 75 53 4 20 2 21,heads,major,1
2022-12-05T18:30:00Z,491,6 13 20 69 66 64 58 26 65 71 40 8 76 48 21 9 72 46 50 36,tails,regular,2
2022-12-05T18:33:00Z,492,70 56 46 38 73 20 23 50 60 32 14 55 26 68 6 9 66 67 57 16,tails,regular,1
2022-12-05T18:36:00Z,494,19 23 34 20 76 80 75 36 63 18 62 29 70 13 21 9 25 61 30 8,heads,minor,4
2022-12-05T18:39:00Z,495,62 18 80 36 65 13 66 26 75 67 11 47 21 40 79 32 7 54 58 20,evens,minor,1
2022-12-05T18:42:00Z,496,64 18 14 41 5 43 56 21 17 39 49 27 7 42 20 36 29 73 25 78,heads,major,3
2022-12-05T18:45:00Z,497,30 62 43 63 42 65 20 1 47 2 74 67 34 15 46 5 69 50 25 8,tails,regular,1
2022-12-05T18:48:00Z,498,7 57 52 3 15 67 53 69 71 30 61 10 48 5 23 13 35 45 9 26,heads,regular,5
2022-12-05T18:51:00Z,499,29 60 45 65 37 19 76 48 69 20 9 38 53 11 39 28 58 22 24 10,heads,minor,2
2022-12-05T18:54:00Z,500,62 31 78 39 54 65 25 24 72 42 21 9 22 43 30 1 6 49 77 53,evens,regular,2
2022-12-05T18:57:00Z,501,32 42 12 66 55 54 50 7 62 21 28 37 41 60 35 14 58 79 11 24,evens,major,1
2022-12-05T19:00:00Z,503,53 5 26 68 34 39 24 10 3 33 57 37 59 29 44 49 20 52 76 47,heads,regular,1
2022-12-05T19:03:00Z,504,64 68 62 30 69 12 51 48 42 4 66 52 21 76 41 70 72 46 74 44,tails,minor,3
2022-12-05T19:06:00Z,505,50 24 30 32 17 33 1 49 15 25 74 11 16 64 42 53 77 27 57 5,heads,regular,2
2022-12-05T19:09:00Z,506,53 75 56 13 24 55 25 54 58 10 45 6 27 62 4 29 68 19 16 2,heads,major,2
2022-12-05T19:12:00Z,507,25 33 45 66 62 16 15 72 13 79 71 12 36 20 2 22 39 50 14 74,heads,minor,2
2022-12-05T19:15:00Z,508,21 74 9 4 78 11 39 12 68 48 66 14 33 52 51 40 54 38 30 22,heads,major,2
2022-12-05T19:18:00Z,509,75 2 63 57 48 15 65 12 53 32 67 77 25 59 61 78 39 58 36 26,tails,regular,2
2022-12-05T19:21:00Z,510,34 14 71 52 65 41 2 75 36 22 7 16 73 60 42 79 28 63 51 33,tails,regular,2
2022-12-05T19:24:00Z,512,8 12 72 53 23 68 25 32 17 49 30 55 26 63 38 1 4 13 54 35,heads,regular,1
2022-12-05T19:27:00Z,513,69 42 72 7 17 10 66 6 13 38 37 18 48 51 57 60 76 64 43 14,tails,minor,1
2022-12-05T19:30:00Z,514,75 28 65 19 45 67 50 53 9 4 13 70 32 71 34 10 33 80 1 20,heads,regular,3
2022-12-05T19:33:00Z,515,43 74 2 33 55 49 69 23 68 6 53 38 40 56 11 1 29 35 70 59,evens,minor,2
2022-12-05T19:36:00Z,516,50 9 35 66 71 13 46 25 12 30 1 64 37 11 59 17 51 7 47 80,heads,regular,2
2022-12-05T19:39:00Z,517,5 25 70 48 21 19 42 44 68 72 69 55 36 63 53 37 23 74 56 18,tails,minor,2
2022-12-05T19:42:00Z,518,79 32 4 36 51 67 56 47 15 63 58 34 52 33 53 16 5 46 8 77,tails,minor,1
2022-12-05T19:45:00Z,519,22 32 20 54 65 46 5 29 48 28 39 4 31 23 3 66 60 13 51 50,heads,regular,3
2022-12-05T19:48:00Z,521,45 71 60 50 41 19 1 70 39 2 63 77 28 31 56 48 67 5 75 32,tails,regular,2
2022-12-05T19:51:00Z,522,4 65 56 55 28 24 59 10 23 40 75 17 62 32 7 50 39 76 3 16,heads,regular,1
2022-12-05T19:54:00Z,523,37 45 16 4 48 10 73 33 51 68 14 23 29 28 74 80 57 39 46 55,evens,major,4
2022-12-05T19:57:00Z,524,11 37 9 19 71 80 16 56 68 61 79 48 13 36 77 43 49 42 64 10,tails,minor,2
2022-12-05T20:00:00Z,525,62 72 37 47 42 16 34 20 66 31 12 79 17 8 10 24 49 3 55 73,heads,regular,3
2022-12-05T20:03:00Z,526,42 39 50 5 17 72 4 54 62 63 32 37 14 55 43 19 67 78 71 73,tails,regular,1
2022-12-05T20:06:00Z,527,66 23 34 45 40 42 48 70 59 7 62 26 61 33 56 54 4 75 41 43,tails,minor,2
2022-12-05T20:09:00Z,528,18 48 3 42 15 43 24 53 39 54 6 2 80 60 55 49 41 31 77 12,tails,regular,2
2022-12-05T20:12:00Z,530,77 37 9 32 42 4 17 56 50 34 6 33 55 64 22 19 16 3 70 23,heads,regular,1
2022-12-05T20:15:00Z,531,25 36 3 30 39 50 56 46 49 66 79 15 41 29 2 55 74 42 67 19,tails,minor,10
2022-12-05T20:18:00Z,532,61 73 59 6 68 28 24 15 20 40 19 37 52 7 72 11 35 47 77 41,heads,regular,1
2022-12-05T20:21:00Z,533,35 47 54 56 10 1 2 38 8 73 22 11 30 3 64 52 16 4 77 62,heads,regular,3
2022-12-05T20:24:00Z,534,63 41 32 39 52 18 78 35 51 67 72 79 70 15 31 75 23 54 2 64,tails,minor,2
2022-12-05T20:27:00Z,535,6 54 77 56 16 42 29 51 47 33 32 66 38 1 18 3 74 40 57 68,evens,minor,1
2022-12-05T20:30:00Z,536,41 15 61 26 60 69 67 49 46 14 77 54 32 43 66 29 76 63 17 9,tails,major,1
2022-12-05T20:33:00Z,537,38 52 18 57 58 70 59 21 76 53 33 29 74 75 72 71 73 20 65 50,tails,regular,1
2022-12-05T20:36:00Z,539,17 28 53 8 31 22 45 9 66 46 36 13 16 54 21 40 64 2 72 63,heads,minor,1
2022-12-05T20:39:00Z,540,35 62 12 49 45 46 57 25 23 59 34 44 72 2 17 21 33 54 29 11,heads,minor,1
2022-12-05T20:42:00Z,541,57 42 48 9 25 6 8 63 23 13 47 77 4 46 45 22 33 39 73 14,heads,regular,1
2022-12-05T20:45:00Z,542,16 3 44 39 25 11 76 56 50 30 14 6 5 13 2 38 4 31 15 36,heads,minor,5
2022-12-05T20:48:00Z,543,68 76 18 47 20 60 62 33 79 59 36 63 49 46 15 30 10 51 4 32,tails,regular,1
2022-12-05T20:51:00Z,544,59 51 77 23 15 6 66 74 56 9 79 45 69 38 1 63 72 19 3 55,tails,regular,2
2022-12-05T20:54:00Z,545,78 48 65 10 61 49 33 16 19 75 21 44 79 77 8 58 40 46 70 38,tails,major,2
2022-12-05T20:57:00Z,546,36 55 37 75 5 13 8 56 2 40 33 49 72 41 17 38 48 65 25 42,heads,regular,3
2022-12-05T21:00:00Z,548,68 53 27 49 54 51 45 33 8 39 30 36 65 16 70 6 40 5 58 10,heads,minor,3
2022-12-05T21:03:00Z,549,24 2 38 33 19 32 20 13 14 49 9 47 10 78 46 56 34 60 22 63,heads,regular,1
2022-12-05T21:06:00Z,550,46 6 65 39 27 42 67 54 10 24 28 43 51 66 79 52 16 64 70 3,tails,regular,1
2022-12-05T21:09:00Z,551,41 59 69 44 48 76 18 64 1 40 45 42 51 61 53 50 52 16 6 77,tails,minor,3
2022-12-05T21:12:00Z,552,41 36 65 66 71 59 72 58 12 68 22 44 57 34 47 27 11 25 5 54,tails,minor,1
2022-12-05T21:15:00Z,553,44 23 71 51 68 37 48 41 4 7 30 39 28 52 3 76 9 14 62 53,evens,minor,2
2022-12-05T21:18:00Z,554,54 6 32 14 42 16 49 2 43 30 17 46 26 20 62 27 53 7 61 76,heads,major,2
2022-12-05T21:21:00Z,555,49 67 51 35 14 58 44 77 39 45 56 13 52 41 62 1 66 38 54 2,tails,regular,2
2022-12-05T21:24:00Z,557,66 50 64 49 45 31 46 14 33 34 37 24 23 20 44 38 58 61 8 17,heads,regular,1
2022-12-05T21:27:00Z,558,45 9 40 11 58 31 41 70 27 78 71 35 66 44 46 55 28 59 30 73,tails,regular,2
2022-12-05T21:30:00Z,559,18 20 52 21 59 17 31 80 44 7 56 35 40 69 10 67 53 19 5 26,heads,regular,3
2022-12-05T21:33:00Z,560,33 9 43 17 10 26 19 25 73 14 79 42 48 50 23 67 68 20 5 58,heads,regular,3
2022-12-05T21:36:00Z,561,39 59 76 47 5 60 10 41 4 63 38 74 29 46 9 32 20 36 42 78,evens,minor,1
2022-12-05T21:39:00Z,562,67 41 70 55 39 11 17 1 35 20 75 78 49 69 43 18 60 71 48 15,tails,regular,2
2022-12-05T21:42:00Z,563,74 14 51 37 48 29 17 27 47 61 20 58 12 57 41 43 67 80 64 79,tails,regular,1
2022-12-05T21:45:00Z,564,3 47 15 59 70 44 63 67 9 61 1 16 58 42 77 27 53 38 34 30,tails,minor,2
2022-12-05T21:48:00Z,566,9 77 78 28 44 62 2 30 70 58 15 72 50 53 25 38 39 14 19 48,evens,regular,1
2022-12-05T21:51:00Z,567,6 63 65 46 29 68 27 37 49 38 26 53 9 20 55 34 76 66 4 19,heads,minor,4
2022-12-05T21:54:00Z,568,24 32 39 44 29 53 6 66 52 8 9 41 78 50 27 18 76 62 1 11,heads,regular,3
2022-12-05T21:57:00Z,569,78 56 19 55 21 13 15 18 41 66 5 23 70 45 59 60 62 25 40 26,evens,regular,1
2022-12-05T22:00:00Z,570,27 46 53 45 29 19 1 70 25 33 44 50 49 71 52 61 51 59 23 28,tails,regular,2
2022-12-05T22:03:00Z,571,1 53 52 47 3 71 26 10 78 38 59 68 40 44 66 48 15 7 79 80,tails,regular,2
2022-12-05T22:06:00Z,572,58 34 2 76 30 9 3 78 4 43 63 61 21 8 28 5 13 24 73 59,heads,regular,1
2022-12-05T22:09:00Z,573,22 71 76 61 23 78 11 54 30 60 2 4 10 3 64 24 42 59 74 52,tails,regular,1
2022-12-05T22:12:00Z,575,23 70 32 38 12 19 5 14 22 34 7 36 1 37 62 78 2 76 42 3,heads,minor,1
2022-12-05T22:15:00Z,576,8 71 15 19 34 6 17 38 25 62 30 32 66 72 29 9 43 57 44 42,heads,regular,1
2022-12-05T22:18:00Z,577,75 79 72 27 52 5 3 31 37 23 51 80 19 74 7 12 64 54 60 8,evens,regular,3
2022-12-05T22:21:00Z,578,6 65 46 57 38 40 31 16 13 17 75 39 41 2 11 78 74 12 21 29,heads,regular,1
2022-12-05T22:24:00Z,579,31 27 25 63 23 9 24 57 43 64 47 2 5 33 32 58 61 10 59 73,heads,major,1
2022-12-05T22:27:00Z,580,25 20 24 37 26 38 61 59 66 69 51 5 11 79 67 70 75 7 72 62,tails,regular,3
2022-12-05T22:30:00Z,581,52 44 48 18 24 55 8 22 69 38 17 45 47 13 54 20 30 33 75 56,evens,regular,1
2022-12-05T22:33:00Z,582,59 76 37 6 43 48 29 68 47 30 38 20 32 24 63 57 9 53 74 39,evens,regular,1
2022-12-05T22:36:00Z,584,49 32 66 9 71 50 28 4 3 30 2 76 45 11 19 17 48 33 63 14,heads,regular,3
2022-12-05T22:39:00Z,585,72 29 2 67 71 33 20 32 55 34 46 77 1 70 74 40 9 65 80 23,evens,regular,2
2022-12-05T22:42:00Z,586,77 69 45 24 53 59 46 70 63 42 28 33 50 18 62 3 15 1 76 23,tails,regular,3
2022-12-05T22:45:00Z,587,70 29 76 37 74 28 60 30 64 62 35 33 77 36 22 49 24 4 56 47,evens,minor,3
2022-12-05T22:48:00Z,588,24 53 60 2 23 38 17 67 25 39 79 36 48 28 18 72 49 75 22 61,heads,regular,2
2022-12-05T22:51:00Z,589,75 11 45 62 30 50 51 31 79 29 10 69 26 3 9 47 73 42 64 23,tails,minor,3
2022-12-05T22:54:00Z,590,78 22 10 66 77 65 80 19 75 27 1 42 55 5 36 76 52 35 63 44,tails,minor,1
2022-12-05T22:57:00Z,591,60 36 6 8 39 76 79 5 58 71 67 52 17 41 75 48 18 20 3 30,evens,major,3
2022-12-05T23:00:00Z,593,35 55 33 70 4 77 21 39 20 34 67 43 42 54 16 53 17 47 74 62,tails,regular,3
2022-12-05T23:03:00Z,594,43 66 14 49 54 6 48 40 45 7 50 59 42 38 32 80 51 47 55 12,tails,regular,4
2022-12-05T23:06:00Z,595,80 20 78 65 27 49 37 73 71 51 7 58 40 24 13 6 62 60 77 15,tails,minor,3
2022-12-05T23:09:00Z,596,77 39 76 64 50 16 67 72 53 13 10 71 65 58 80 33 15 46 30 55,tails,regular,1
2022-12-05T23:12:00Z,597,33 11 40 4 70 53 78 43 7 28 21 25 54 1 62 8 64 72 19 63,heads,regular,3
2022-12-05T23:15:00Z,598,4 71 66 28 50 43 14 24 42 51 13 45 59 47 63 72 20 61 37 33,tails,regular,2
2022-12-05T23:18:00Z,599,50 35 46 67 49 42 1 79 29 70 8 80 55 19 36 38 27 6 69 52,tails,regular,1
2022-12-05T23:21:00Z,600,62 61 47 22 34 23 67 71 28 49 25 53 43 60 2 8 5 15 72 79,tails,minor,3
2022-12-05T23:24:00Z,602,24 20 33 70 50 10 25 73 19 78 23 75 76 42 51 7 32 38 47 6,heads,regular,3
2022-12-05T23:27:00Z,603,44 67 30 55 35 40 36 72 23 3 26 15 79 37 73 58 10 61 33 4,heads,regular,2
2022-12-05T23:30:00Z,604,46 27 14 60 22 15 7 57 29 73 76 32 33 18 66 72 54 64 9 69,evens,regular,2
2022-12-05T23:33:00Z,605,38 61 78 37 67 45 46 17 3 63 74 73 72 51 1 30 27 42 64 69,tails,minor,3
2022-12-05T23:36:00Z,606,27 80 17 18 41 43 55 28 47 12 22 72 54 11 7 13 9 16 46 65,heads,major,2
2022-12-05T23:39:00Z,607,70 68 46 18 6 51 7 53 11 3 9 32 8 56 44 61 63 23 80 79,tails,major,1
2022-12-05T23:42:00Z,608,62 67 39 51 66 40 4 19 23 17 3 79 36 49 18 80 55 42 58 6,evens,minor,2
2022-12-05T23:45:00Z,609,45 74 52 33 34 59 39 61 6 53 60 48 37 3 58 31 54 14 19 68,tails,major,4
2022-12-05T23:48:00Z,611,60 47 45 48 9 16 32 54 36 34 15 12 56 76 24 19 53 72 49 61,tails,regular,1
2022-12-05T23:51:00Z,612,21 14 64 35 69 39 20 74 60 40 70 79 41 57 53 67 12 3 55 32,tails,regular,1
2022-12-05T23:54:00Z,613,39 55 23 80 18 78 10 59 57 43 30 4 16 25 69 26 45 19 64 12,heads,minor,4
2022-12-05T23:57:00Z,614,9 79 33 31 15 20 10 37 68 71 59 28 43 56 39 18 57 41 73 11,heads,regular,2
2022-12-06T00:00:00Z,615,28 24 63 14 62 32 60 19 79 48 70 36 8 55 71 25 80 46 20 18,evens,regular,1
2022-12-06T00:03:00Z,616,25 36 12 79 9 7 24 72 58 43 57 78 31 53 51 64 35 16 14 73,evens,regular,1
2022-12-06T00:06:00Z,617,78 12 61 68 26 54 40 31 75 39 21 70 69 74 19 15 22 66 59 23,evens,regular,1
2022-12-06T00:09:00Z,618,57 27 65 78 70 23 48 42 47 37 1 72 71 17 46 51 29 30 35 75,tails,regular,5
2022-12-06T00:12:00Z,620,9 19 80 63 67 69 68 56 37 41 22 13 71 42 7 25 24 27 78 77,tails,minor,1
2022-12-06T00:15:00Z,621,77 53 51 72 29 54 66 70 20 43 60 78 23 46 30 18 79 17 44 37,tails,regular,1
2022-12-06T00:18:00Z,622,78 28 65 18 62 40 29 14 55 30 33 10 59 9 4 70 6 15 21 72,heads,minor,1
2022-12-06T00:21:00Z,623,4 40 35 5 31 72 74 22 71 27 32 67 1 59 18 75 10 69 77 25,heads,minor,2
2022-12-06T00:24:00Z,624,47 24 64 46 55 7 61 5 42 14 62 58 70 26 57 50 19 36 51 30,tails,regular,3
2022-12-06T00:27:00Z,625,30 19 36 58 42 68 9 71 16 57 34 27 61 7 10 12 69 8 1 26,heads,minor,2
2022-12-06T00:30:00Z,626,22 19 30 24 49 45 31 71 42 10 44 15 23 56 9 50 65 16 73 70,evens,major,2
2022-12-06T00:33:00Z,627,42 28 38 80 54 10 40 45 66 5 3 75 71 24 43 57 78 68 27 39,tails,major,1
2022-12-06T00:36:00Z,629,10 66 21 57 9 36 76 14 78 50 55 34 29 42 6 59 63 28 46 38,evens,regular,2
2022-12-06T00:39:00Z,630,51 79 16 5 9 4 70 50 23 21 22 39 53 13 32 44 19 11 66 42,heads,regular,1
2022-12-06T00:42:00Z,631,64 34 58 18 57 10 23 59 71 2 53 31 9 74 75 5 77 70 33 51,tails,minor,1
2022-12-06T00:45:00Z,632,65 73 22 37 4 40 25 12 50 72 79 13 32 76 66 71 11 51 38 18,heads,regular,1
2022-12-06T00:48:00Z,633,59 78 58 62 16 41 37 14 68 43 44 32 39 72 31 29 25 51 30 50,tails,regular,1
2022-12-06T00:51:00Z,634,40 38 72 2 14 75 28 29 48 49 21 62 8 74 67 5 37 52 3 66,heads,minor,4
2022-12-06T00:54:00Z,635,22 8 43 24 47 12 33 13 1 36 34 19 26 16 14 69 56 79 44 25,heads,regular,5
2022-12-06T00:57:00Z,636,41 55 39 14 40 78 73 47 3 23 45 50 34 26 65 2 63 8 17 72,evens,regular,2
2022-12-06T01:00:00Z,638,12 58 10 66 53 32 33 63 27 25 61 65 60 77 24 42 54 1 55 4,tails,regular,2
2022-12-06T01:03:00Z,639,56 48 38 45 52 64 80 6 40 49 70 57 30 59 7 24 37 15 12 67,tails,minor,3
2022-12-06T01:06:00Z,640,17 58 2 49 77 23 53 22 41 46 26 6 24 71 65 3 63 8 33 60,evens,regular,1
2022-12-06T01:09:00Z,641,76 33 20 4 32 71 17 21 63 77 38 45 34 75 31 79 67 19 60 9,heads,minor,2
2022-12-06T01:12:00Z,642,63 48 51 67 76 47 49 20 41 70 37 68 80 54 11 45 24 46 73 25,tails,major,3
2022-12-06T01:15:00Z,643,70 58 73 18 44 30 55 79 54 43 75 16 72 31 29 14 68 13 35 39,tails,minor,3
2022-12-06T01:18:00Z,644,42 24 8 29 68 70 5 32 54 25 47 48 57 38 40 63 14 78 65 60,tails,regular,3
2022-12-06T01:21:00Z,645,12 59 33 49 22 3 57 41 6 19 28 62 47 55 44 36 35 39 63 4,heads,regular,2
2022-12-06T01:24:00Z,647,67 12 55 28 35 8 47 80 39 36 73 62 11 53 54 72 20 48 14 50,tails,regular,2
2022-12-06T01:27:00Z,648,26 63 72 62 40 65 32 34 53 50 64 22 55 5 28 36 10 80 48 11,evens,minor,3
2022-12-06T01:30:00Z,649,59 65 13 77 40 1 19 52 35 54 14 64 74 41 36 2 44 63 78 45,tails,regular,3
2022-12-06T01:33:00Z,650,58 13 68 19 55 63 61 45 37 27 79 56 36 65 77 16 30 3 40 7,evens,regular,1
2022-12-06T01:36:00Z,651,49 39 9 42 79 71 47 62 11 73 5 3 35 8 15 34 41 17 12 56,heads,regular,1
2022-12-06T01:39:00Z,652,5 43 56 8 74 23 31 80 28 11 13 18 75 79 77 76 66 48 54 49,tails,major,1
2022-12-06T01:42:00Z,653,56 27 46 4 71 42 33 34 15 80 16 65 78 14 38 22 52 67 40 54,evens,regular,1
2022-12-06T01:45:00Z,654,65 19 63 15 34 56 69 42 4 2 12 1 61 78 47 10 80 35 55 28,evens,regular,2
2022-12-06T01:48:00Z,656,65 19 76 36 54 49 5 77 7 63 37 80 61 35 53 28 51 75 3 41,tails,regular,5
2022-12-06T01:51:00Z,657,44 17 29 12 21 24 65 5 74 8 39 34 14 3 28 64 35 22 42 23,heads,regular,10
2022-12-06T01:54:00Z,658,22 36 33 48 76 38 55 70 7 80 42 58 31 29 46 18 21 25 17 12,heads,major,2
2022-12-06T01:57:00Z,659,60 80 25 31 41 40 22 50 13 30 79 49 48 63 8 4 19 33 72 77,evens,minor,2
2022-12-06T02:00:00Z,660,22 55 76 48 19 3 63 27 44 36 43 74 39 68 45 35 42 80 62 30,tails,major,1
2022-12-06T02:03:00Z,661,23 4 58 63 32 68 64 72 67 70 73 24 14 43 69 36 39 34 16 18,evens,regular,1
2022-12-06T02:06:00Z,662,58 41 75 79 14 49 18 1 60 9 7 27 68 65 51 24 29 16 67 15,evens,regular,1
2022-12-06T02:09:00Z,663,65 61 25 45 55 52 72 47 43 22 26 31 35 58 74 23 34 75 60 27,tails,regular,2
2022-12-06T02:12:00Z,665,42 76 30 17 71 74 53 46 39 73 15 63 52 61 36 34 18 26 80 32,tails,regular,1
2022-12-06T02:15:00Z,666,10 24 23 57 55 52 38 41 53 61 9 67 51 8 50 2 79 42 25 76,tails,minor,10
2022-12-06T02:18:00Z,667,41 66 54 48 1 70 31 37 62 78 67 8 14 5 33 4 50 25 74 20,evens,major,1
2022-12-06T02:21:00Z,668,74 45 15 37 63 33 29 6 36 27 65 1 78 53 31 21 16 25 9 56,heads,regular,3
2022-12-06T02:24:00Z,669,19 54 59 70 80 6 11 56 78 52 62 39 17 79 25 35 68 64 37 50,tails,minor,2
2022-12-06T02:27:00Z,670,39 35 12 66 57 1 15 50 49 16 36 71 13 26 41 21 6 24 27 43,heads,regular,3
2022-12-06T02:30:00Z,671,51 64 55 59 13 4 10 39 36 15 72 28 40 54 78 21 68 19 57 32,heads,regular,1
2022-12-06T02:33:00Z,672,37 53 22 41 18 13 17 5 15 52 68 11 44 32 69 64 51 30 62 21,heads,major,1
2022-12-06T02:36:00Z,674,52 9 2 19 3 48 43 38 46 75 4 8 7 49 15 56 33 42 24 14,heads,regular,1
2022-12-06T02:39:00Z,675,50 29 74 11 68 18 27 59 16 20 4 47 31 61 24 41 6 48 58 7,heads,regular,5
2022-12-06T02:42:00Z,676,8 49 71 5 75 74 6 13 23 44 58 4 62 34 20 29 38 64 53 33,heads,minor,3
2022-12-06T02:45:00Z,677,9 26 45 70 80 22 49 37 33 47 62 41 29 27 39 53 15 21 40 76,heads,regular,3
2022-12-06T02:48:00Z,678,18 25 11 51 35 14 27 19 54 10 77 16 47 78 13 42 49 60 21 67,heads,regular,2
2022-12-06T02:51:00Z,679,71 21 3 49 6 80 37 39 36 68 70 63 52 38 69 47 9 42 77 65,tails,regular,1
2022-12-06T02:54:00Z,680,4 18 47 62 30 2 75 73 32 29 68 56 77 43 10 26 14 61 72 65,tails,regular,2
2022-12-06T02:57:00Z,681,51 11 79 23 1 32 39 65 40 33 54 53 60 3 66 46 5 29 30 22,heads,minor,2
2022-12-06T03:00:00Z,683,44 67 3 55 30 19 75 24 50 61 74 16 46 70 7 2 12 65 49 6,tails,regular,2
2022-12-06T03:03:00Z,684,44 22 29 34 73 31 1 18 10 26 76 79 33 40 24 78 37 56 36 69,heads,regular,3
2022-12-06T03:06:00Z,685,61 4 76 17 35 36 33 53 34 52 8 3 44 16 71 59 80 7 40 68,heads,regular,1
2022-12-06T03:09:00Z,686,60 22 20 14 25 7 55 42 5 61 24 66 41 4 53 30 39 18 36 23,heads,regular,1
2022-12-06T03:12:00Z,687,56 25 22 49 78 45 27 72 26 6 20 4 50 59 36 18 74 31 32 46,heads,regular,2
2022-12-06T03:15:00Z,688,31 11 29 21 5 7 53 14 63 36 41 34 43 72 24 66 38 6 18 79,heads,regular,1
2022-12-06T03:18:00Z,689,63 23 68 17 12 66 5 19 51 52 57 31 49 20 27 46 45 29 39 36,heads,regular,1
2022-12-06T03:21:00Z,690,44 64 16 37 9 33 59 46 5 6 17 23 20 19 30 63 69 53 41 1,heads,minor,1
2022-12-06T03:24:00Z,692,53 49 55 65 23 56 7 40 34 57 17 41 44 19 15 20 60 25 37 24,heads,regular,1
2022-12-06T03:27:00Z,693,71 61 35 73 5 79 33 14 6 37 72 39 49 31 40 34 80 24 51 67,heads,regular,1
2022-12-06T03:30:00Z,694,22 52 66 2 21 61 19 23 25 75 7 8 41 14 33 11 71 60 51 67,heads,regular,3
2022-12-06T03:33:00Z,695,44 6 25 14 54 15 52 79 35 21 28 59 41 43 65 32 24 23 13 75,heads,minor,3
2022-12-06T03:36:00Z,696,45 76 48 53 50 34 11 5 24 64 25 33 47 79 21 35 14 12 19 63,heads,regular,4
2022-12-06T03:39:00Z,697,59 76 11 61 72 48 40 53 26 57 77 66 79 78 51 10 1 69 5 49,tails,regular,10
2022-12-06T03:42:00Z,698,73 19 40 36 13 48 10 78 61 35 70 37 53 43 25 24 64 27 32 50,heads,regular,4
2022-12-06T03:45:00Z,699,24 66 33 43 21 13 31 56 45 25 11 52 79 67 76 30 27 60 26 28,heads,regular,1
2022-12-06T03:48:00Z,701,2 4 55 77 30 48 49 42 57 29 10 68 33 16 60 32 24 80 78 70,tails,regular,2
2022-12-06T03:51:00Z,702,47 32 10 11 5 38 42 80 71 56 49 48 23 60 77 52 65 43 24 64,tails,regular,1
2022-12-06T03:54:00Z,703,6 14 25 47 31 1 48 34 79 11 68 70 36 72 4 58 43 5 12 63,heads,minor,5
2022-12-06T03:57:00Z,704,13 8 76 29 33 42 34 70 30 64 55 24 43 15 7 57 62 31 3 40,heads,regular,1
2022-12-06T04:00:00Z,705,12 74 52 70 20 30 23 29 69 36 64 72 9 27 47 49 71 73 4 19,evens,minor,3
2022-12-06T04:03:00Z,706,24 76 14 70 40 78 61 65 2 16 56 36 10 55 72 71 57 18 67 5,tails,major,1
2022-12-06T04:06:00Z,707,2 5 61 67 16 63 64 1 75 41 35 18 46 3 29 36 70 73 10 28,heads,major,1
2022-12-06T04:09:00Z,708,44 31 24 8 30 38 39 21 48 80 9 47 60 69 79 10 58 2 73 45,evens,regular,1
2022-12-06T04:12:00Z,710,45 78 31 60 80 6 29 70 36 34 23 53 33 16 67 24 28 27 56 64,heads,regular,2
2022-12-06T04:15:00Z,711,41 49 55 47 65 68 4 53 37 10 13 2 78 11 72 33 66 34 26 27,evens,regular,2
2022-12-06T04:18:00Z,712,19 20 12 7 15 78 5 56 80 71 25 72 58 4 44 22 53 2 36 59,heads,regular,2
2022-12-06T04:21:00Z,713,63 59 35 60 69 46 72 61 65 38 8 21 12 31 26 24 14 77 73 44,tails,minor,2
2022-12-06T04:24:00Z,714,70 14 39 59 2 17 9 78 77 64 66 37 67 24 12 30 57 35 56 52,evens,minor,2
2022-12-06T04:27:00Z,715,41 60 74 38 51 52 25 46 34 42 72 80 64 63 9 49 12 35 62 54,tails,regular,1
2022-12-06T04:30:00Z,716,46 39 23 38 12 24 66 21 3 70 1 49 65 13 76 28 51 79 50 47,evens,regular,2
2022-12-06T04:33:00Z,717,49 52 14 70 48 80 23 32 25 21 42 10 6 72 1 68 66 3 78 26,evens,regular,1
2022-12-06T04:36:00Z,719,25 19 9 32 8 51 3 40 23 79 42 58 69 49 59 72 4 30 35 36,heads,major,1
2022-12-06T04:39:00Z,720,73 40 24 51 55 63 76 62 18 77 16 54 59 30 48 75 65 29 38 43,tails,regular,2
2022-12-06T04:42:00Z,721,12 22 14 10 70 69 3 57 21 79 49 4 6 74 67 66 40 1 31 46,heads,regular,1
2022-12-06T04:45:00Z,722,57 63 25 36 9 71 18 19 14 42 35 28 12 22 48 59 27 75 37 34,heads,regular,2
2022-12-06T04:48:00Z,723,49 3 67 13 39 32 33 12 34 47 36 78 31 4 75 60 73 42 11 30,heads,minor,4
2022-12-06T04:51:00Z,724,54 17 66 13 36 61 69 6 24 72 23 2 40 52 47 26 10 45 55 57,evens,regular,2
2022-12-06T04:54:00Z,725,24 47 49 32 75 48 72 2 51 30 20 57 31 50 45 69 15 21 60 29,tails,major,1
2022-12-06T04:57:00Z,726,61 65 64 52 39 56 54 3 16 45 59 27 14 5 77 72 42 40 2 13,tails,major,2
2022-12-06T05:00:00Z,728,32 17 14 71 62 6 28 20 59 61 40 78 39 69 16 44 23 73 50 26,heads,regular,1
2022-12-06T05:03:00Z,729,57 1 78 39 59 10 7 73 70 48 23 5 19 4 27 40 67 58 15 76,heads,regular,2
2022-12-06T05:06:00Z,730,6 60 65 24 63 49 31 44 54 78 46 20 73 16 48 69 13 72 43 30,tails,regular,3
2022-12-06T05:09:00Z,731,4 18 3 47 67 2 49 66 31 64 1 76 72 23 53 58 33 70 5 60,tails,minor,1
2022-12-06T05:12:00Z,732,30 22 75 4 31 71 76 1 74 73 17 24 44 13 6 40 7 11 12 51,heads,minor,1
2022-12-06T05:15:00Z,733,57 76 7 64 46 36 30 45 8 24 67 61 44 79 23 72 77 78 21 40,tails,minor,3
2022-12-06T05:18:00Z,734,45 20 71 37 75 25 15 13 43 58 1 28 18 53 55 19 50 67 51 70,tails,minor,2
2022-12-06T05:21:00Z,735,15 61 68 29 37 3 63 6 58 13 41 31 23 45 55 80 67 21 57 65,tails,regular,4
2022-12-06T05:24:00Z,737,72 11 2 76 63 41 40 33 57 75 25 28 5 27 42 73 53 22 3 43,evens,regular,2
2022-12-06T05:27:00Z,738,10 40 30 39 2 19 3 20 24 72 16 5 42 9 26 22 21 65 71 53,heads,regular,1
2022-12-06T05:30:00Z,739,50 79 2 56 41 62 36 66 22 52 63 16 71 42 13 76 38 26 14 1,tails,minor,3
2022-12-06T05:33:00Z,740,65 68 1 28 41 8 19 27 15 10 72 70 13 5 42 35 47 21 30 3,heads,major,1
2022-12-06T05:36:00Z,741,79 5 41 48 60 40 54 43 2 78 74 39 62 75 55 14 47 8 32 12,tails,minor,2
2022-12-06T05:39:00Z,742,8 50 14 48 72 41 57 64 15 24 43 17 59 2 32 47 44 26 21 62,tails,major,1
2022-12-06T05:42:00Z,743,11 41 70 13 6 80 53 39 62 48 72 29 59 31 75 50 7 58 45 60,tails,regular,1
2022-12-06T05:45:00Z,744,63 67 40 2 14 11 39 59 34 75 25 50 43 48 28 69 35 52 60 78,tails,minor,1
2022-12-06T05:48:00Z,746,58 48 29 36 25 78 62 61 15 18 45 51 66 74 37 68 38 67 56 9,tails,regular,2
2022-12-06T05:51:00Z,747,49 18 45 29 21 26 71 8 31 37 56 36 66 60 6 76 77 70 46 75,tails,regular,1
2022-12-06T05:54:00Z,748,55 74 73 9 21 25 16 5 26 35 49 13 61 20 41 31 8 24 11 75,heads,regular,2
2022-12-06T05:57:00Z,749,3 44 69 55 20 78 21 23 27 80 1 58 72 8 75 49 25 43 14 53,tails,regular,1
2022-12-06T06:00:00Z,750,54 75 62 25 56 69 60 50 43 24 32 7 23 45 16 80 76 71 46 73,tails,regular,1
2022-12-06T06:03:00Z,751,16 29 58 53 79 51 22 11 44 8 39 6 17 37 1 42 64 59 19 5,heads,regular,3
2022-12-06T06:06:00Z,752,20 55 58 51 53 39 8 24 62 13 69 12 41 61 50 34 66 37 21 52,tails,minor,3
2022-12-06T06:09:00Z,753,22 1 7 80 10 9 71 41 3 28 78 11 47 21 26 66 24 5 17 64,heads,regular,3
2022-12-06T06:12:00Z,755,36 42 1 27 4 6 71 9 34 72 68 5 54 70 30 69 7 17 16 29,heads,minor,3
2022-12-06T06:15:00Z,756,56 65 30 18 50 75 52 3 25 8 55 17 41 79 44 40 12 72 35 67,tails,minor,2
2022-12-06T06:18:00Z,757,68 70 47 66 75 17 69 25 60 6 63 4 1 79 18 26 73 53 32 36,tails,regular,1
2022-12-06T06:21:00Z,758,12 45 64 70 1 69 28 80 66 39 37 47 51 9 62 6 65 4 25 67,tails,minor,1
2022-12-06T06:24:00Z,759,27 72 39 36 20 59 47 5 15 64 63 24 16 43 57 1 26 77 40 22,heads,regular,2
2022-12-06T06:27:00Z,760,30 42 72 29 45 57 33 16 61 77 65 67 50 19 28 31 76 4 59 11,tails,major,3
2022-12-06T06:30:00Z,761,73 25 71 5 6 76 48 40 31 35 54 3 77 38 30 28 16 26 23 13,heads,minor,1
2022-12-06T06:33:00Z,762,11 79 71 50 80 17 42 72 75 26 39 34 4 47 32 59 23 33 30 28,heads,regular,1
2022-12-06T06:36:00Z,764,50 3 79 7 15 67 63 62 29 9 65 61 44 75 60 53 55 41 18 11,tails,regular,3
2022-12-06T06:39:00Z,765,42 74 56 47 7 31 79 5 78 63 62 64 6 25 50 54 58 26 12 21,tails,regular,2
2022-12-06T06:42:00Z,766,16 63 51 55 57 67 34 8 28 42 50 30 26 59 69 73 11 66 53 37,tails,minor,1
2022-12-06T06:45:00Z,767,40 56 21 73 33 9 74 37 22 60 58 48 6 45 46 63 3 67 62 41,tails,regular,2
2022-12-06T06:48:00Z,768,18 16 1 9 72 22 45 67 59 43 73 66 15 69 12 79 24 56 62 11,tails,regular,2
2022-12-06T06:51:00Z,769,20 16 24 10 46 40 39 17 5 22 54 64 68 7 45 74 55 30 41 71,heads,minor,3
2022-12-06T06:54:00Z,770,54 64 57 1 42 61 24 80 38 7 67 74 48 34 26 73 50 44 58 68,tails,minor,3
2022-12-06T06:57:00Z,771,51 56 27 4 64 68 35 69 13 46 32 41 55 30 66 31 28 72 61 53,tails,regular,1
2022-12-06T07:00:00Z,773,62 49 26 41 23 56 76 17 64 12 54 66 16 1 14 28 4 60 30 75,evens,regular,3
2022-12-06T07:03:00Z,774,58 62 30 3 39 54 61 35 13 63 67 38 79 33 55 25 15 66 42 7,evens,regular,2
2022-12-06T07:06:00Z,775,52 6 74 42 53 1 48 78 32 3 77 70 69 26 57 51 2 33 50 22,tails,regular,2
2022-12-06T07:09:00Z,776,12 62 15 45 9 74 16 66 37 58 32 78 7 25 18 38 19 10 22 70,heads,regular,1
2022-12-06T07:12:00Z,777,74 7 75 61 13 63 27 70 12 28 47 20 8 56 10 36 58 62 32 31,heads,minor,4
2022-12-06T07:15:00Z,778,33 47 4 12 64 80 24 61 65 53 9 42 23 14 48 46 52 68 79 5,tails,minor,3
2022-12-06T07:18:00Z,779,70 12 66 35 75 16 21 79 60 44 20 76 4 80 10 68 24 22 29 1,heads,regular,1
2022-12-06T07:21:00Z,780,23 11 42 3 19 75 59 53 2 55 22 61 1 52 38 17 31 32 5 6,heads,regular,1
2022-12-06T07:24:00Z,782,11 36 79 23 4 30 47 60 3 26 68 75 66 61 32 65 57 74 77 44,tails,regular,1
2022-12-06T07:27:00Z,783,39 76 9 18 47 63 71 6 12 74 1 67 36 7 60 41 52 80 2 45,tails,major,2
2022-12-06T07:30:00Z,784,9 62 33 15 60 47 48 4 45 76 10 61 39 17 43 50 40 37 53 77,tails,minor,3
2022-12-06T07:33:00Z,785,53 10 1 48 7 23 40 79 78 5 76 64 42 46 57 67 36 39 33 47,tails,major,4
2022-12-06T07:36:00Z,786,64 20 45 72 7 76 77 22 21 53 15 8 38 75 28 48 71 43 13 17,evens,regular,1
2022-12-06T07:39:00Z,787,19 25 11 41 24 63 46 74 35 66 7 59 2 36 18 72 68 5 12 70,heads,regular,2
2022-12-06T07:42:00Z,788,15 52 26 49 12 36 79 42 43 9 35 30 27 21 75 41 2 28 24 22,heads,regular,2
2022-12-06T07:45:00Z,789,74 60 26 15 51 11 52 78 47 3 25 44 9 2 71 24 57 65 54 36,tails,regular,3
2022-12-06T07:48:00Z,791,15 19 24 28 29 43 56 46 21 70 52 61 38 50 35 49 6 27 44 20,heads,regular,1
2022-12-06T07:51:00Z,792,39 7 6 70 32 36 2 28 41 15 73 58 61 8 24 49 62 72 20 67,heads,regular,3
2022-12-06T07:54:00Z,793,55 5 24 80 38 6 12 72 31 70 11 65 60 66 23 2 48 45 27 51,evens,regular,2
2022-12-06T07:57:00Z,794,61 43 65 64 13 75 57 66 1 3 25 71 51 56 42 72 14 69 59 37,tails,regular,1
2022-12-06T08:00:00Z,795,62 40 21 33 18 51 30 61 41 38 2 76 31 4 15 65 57 56 78 64,evens,regular,2
2022-12-06T08:03:00Z,796,11 37 39 7 14 24 32 8 46 58 77 6 1 38 18 5 9 55 45 75,heads,regular,3
2022-12-06T08:06:00Z,797,7 12 43 72 19 66 30 37 5 70 18 80 15 71 13 14 17 51 41 26,heads,regular,3
2022-12-06T08:09:00Z,798,58 15 7 62 30 44 46 16 69 32 22 61 45 2 18 48 41 57 31 28,evens,regular,1
2022-12-06T08:12:00Z,800,54 28 18 46 16 66 38 48 47 24 40 31 65 76 55 27 12 13 52 9,heads,regular,1
2022-12-06T08:15:00Z,801,56 45 4 30 15 65 53 21 11 27 50 29 40 70 23 51 73 48 9 74,evens,regular,3
2022-12-06T08:18:00Z,802,36 21 1 52 68 76 27 47 77 31 40 16 51 66 38 60 43 10 4 37,heads,regular,2
2022-12-06T08:21:00Z,803,73 55 46 8 16 22 70 76 26 42 11 6 63 52 58 39 38 36 37 47,evens,regular,3
2022-12-06T08:24:00Z,804,54 1 32 43 76 30 37 21 16 36 8 35 49 26 19 40 78 33 66 28,heads,regular,1
2022-12-06T08:27:00Z,805,48 26 59 61 69 74 51 73 46 31 3 72 5 38 18 22 44 13 52 19,tails,regular,3
2022-12-06T08:30:00Z,806,68 38 23 48 79 18 46 77 60 27 14 31 26 43 56 75 61 21 10 66,tails,regular,1
2022-12-06T08:33:00Z,807,29 26 1 17 6 61 16 66 49 18 73 59 31 32 69 44 37 38 56 57,heads,major,1
2022-12-06T08:36:00Z,809,76 74 51 54 13 36 4 19 20 18 65 32 58 71 57 37 9 17 68 79,evens,regular,1
2022-12-06T08:39:00Z,810,15 59 51 75 74 46 70 28 9 47 56 3 20 71 73 54 27 35 42 57,tails,regular,1
2022-12-06T08:42:00Z,811,77 36 39 75 66 42 46 32 18 37 5 30 50 57 31 10 67 20 13 54,heads,minor,10
2022-12-06T08:45:00Z,812,68 24 47 5 48 26 4 2 15 9 8 74 19 53 43 71 52 62 76 12,evens,minor,1
2022-12-06T08:48:00Z,813,34 53 12 29 71 38 66 26 21 40 60 45 18 1 48 56 39 36 47 73,heads,regular,1
2022-12-06T08:51:00Z,814,40 12 65 64 23 41 59 11 77 26 67 66 43 61 73 68 76 42 75 20,tails,regular,1
2022-12-06T08:54:00Z,815,77 12 3 55 50 10 75 7 51 39 6 69 70 72 34 59 23 11 20 68,evens,minor,2
2022-12-06T08:57:00Z,816,33 18 68 4 14 80 17 77 26 48 58 69 56 47 60 70 52 54 39 8,tails,minor,2
2022-12-06T09:00:00Z,818,32 8 1 76 54 22 27 42 50 26 38 66 34 78 40 56 77 64 3 57,evens,major,4
2022-12-06T09:03:00Z,819,25 80 32 23 72 41 52 16 6 1 18 8 73 64 37 29 69 61 19 44,heads,regular,3
2022-12-06T09:06:00Z,820,70 12 14 78 11 65 54 9 71 69 8 67 3 10 64 23 7 55 63 73,tails,minor,3
2022-12-06T09:09:00Z,821,29 19 33 12 11 49 46 2 21 16 54 13 78 43 57 42 77 71 28 40,heads,regular,1
2022-12-06T09:12:00Z,822,35 55 80 68 44 5 20 74 61 3 65 34 53 30 66 22 49 63 75 76,tails,regular,1
2022-12-06T09:15:00Z,823,39 66 46 14 17 49 76 41 58 12 35 37 45 4 53 79 42 52 62 73,tails,regular,2
2022-12-06T09:18:00Z,824,37 11 67 8 24 80 28 58 15 19 62 45 63 3 55 49 39 65 10 41,evens,regular,3
2022-12-06T09:21:00Z,825,69 25 45 37 67 33 49 26 51 42 18 54 68 27 29 79 34 2 10 16,heads,minor,2
2022-12-06T09:24:00Z,827,1 67 60 42 79 59 57 22 44 72 56 76 21 26 58 28 78 65 11 52,tails,major,3
2022-12-06T09:27:00Z,828,60 79 69 65 1 73 31 28 27 47 68 19 50 72 29 25 2 40 53 3,evens,regular,3
2022-12-06T09:30:00Z,829,1 65 57 66 9 8 45 79 58 5 14 73 21 13 49 30 46 17 69 24,evens,regular,2
2022-12-06T09:33:00Z,830,17 52 68 28 63 54 21 56 7 65 43 51 14 67 40 49 34 4 61 78,tails,major,3
2022-12-06T09:36:00Z,831,33 78 21 11 2 55 54 46 69 23 53 17 77 18 3 32 16 80 47 56,evens,regular,2
2022-12-06T09:39:00Z,832,61 78 2 72 77 48 3 24 43 70 21 8 16 13 1 46 68 14 50 4,evens,regular,1
2022-12-06T09:42:00Z,833,29 67 17 6 61 60 4 53 69 57 63 66 1 79 24 35 28 13 14 46,evens,regular,1
2022-12-06T09:45:00Z,834,80 18 61 2 75 8 74 23 70 49 33 29 12 36 65 37 19 3 55 26,heads,regular,2
2022-12-06T09:48:00Z,836,9 51 24 18 64 25 49 4 46 36 15 23 17 33 11 7 53 67 45 47,heads,regular,2
2022-12-06T09:51:00Z,837,62 3 18 59 9 7 8 58 71 14 47 31 13 64 75 16 61 40 35 26,heads,regular,1
2022-12-06T09:54:00Z,838,33 70 75 68 16 34 71 36 44 62 1 5 3 25 14 30 10 69 12 40,heads,minor,1
2022-12-06T09:57:00Z,839,68 6 52 21 80 22 14 47 24 28 5 18 4 26 73 62 60 32 77 48,heads,major,1
2022-12-06T10:00:00Z,840,68 76 17 63 69 78 67 31 29 16 74 20 4 15 19 56 22 70 39 60,evens,major,1
2022-12-06T10:03:00Z,841,55 69 63 20 12 15 37 28 80 70 4 32 24 77 13 33 26 53 50 75,heads,regular,2
2022-12-06T10:06:00Z,842,16 46 51 68 57 36 19 15 62 10 8 64 40 60 48 61 65 11 23 30,evens,minor,4
2022-12-06T10:09:00Z,843,69 16 40 50 6 12 38 51 55 24 36 67 66 43 11 79 42 75 65 78,tails,regular,1
2022-12-06T10:12:00Z,845,36 73 75 32 80 13 52 54 42 48 60 79 39 68 17 41 64 67 23 47,tails,regular,2
2022-12-06T10:15:00Z,846,23 10 49 79 53 74 31 65 54 42 5 13 30 36 44 14 56 39 25 20,heads,regular,1
2022-12-06T10:18:00Z,847,70 78 77 59 31 1 18 10 76 80 34 47 44 25 21 45 12 50 19 71,tails,minor,2
2022-12-06T10:21:00Z,848,2 73 59 16 80 33 47 32 17 57 3 71 45 21 37 72 69 10 12 76,evens,minor,1
2022-12-06T10:24:00Z,849,43 64 31 25 41 21 35 33 63 14 29 6 27 42 18 16 75 49 3 73,heads,regular,1
2022-12-06T10:27:00Z,850,48 16 43 35 5 24 65 64 36 41 32 2 56 30 3 61 13 78 23 57,heads,regular,1
2022-12-06T10:30:00Z,851,51 30 73 62 14 80 70 16 64 26 31 5 58 23 57 75 29 21 54 56,tails,minor,1
2022-12-06T10:33:00Z,852,64 41 74 9 52 50 8 29 7 3 28 20 13 45 1 59 77 32 12 36,heads,regular,3
2022-12-06T10:36:00Z,854,65 56 14 26 16 27 53 61 33 75 15 42 32 18 80 23 6 9 25 21,heads,minor,1
2022-12-06T10:39:00Z,855,76 7 49 10 24 36 77 48 15 68 80 46 55 44 50 40 43 2 64 38,tails,major,3
2022-12-06T10:42:00Z,856,53 11 75 28 21 64 24 25 50 80 67 18 56 55 60 57 35 36 63 78,tails,major,1
2022-12-06T10:45:00Z,857,38 63 37 18 46 50 16 52 14 22 58 39 45 71 56 66 20 62 48 72,tails,major,1
2022-12-06T10:48:00Z,858,80 69 47 48 21 61 34 9 8 13 65 10 70 28 79 64 57 14 35 54,tails,regular,1
2022-12-06T10:51:00Z,859,58 68 48 43 78 56 28 77 1 42 30 14 80 75 9 10 31 55 40 35,tails,regular,2
2022-12-06T10:54:00Z,860,56 69 45 50 21 11 20 70 55 75 46 68 6 44 63 64 48 42 73 28,tails,regular,1
2022-12-06T10:57:00Z,861,50 37 64 23 78 56 54 45 58 5 18 24 8 6 73 40 44 63 66 77,tails,minor,2
2022-12-06T11:00:00Z,863,53 69 30 59 54 79 63 50 39 72 33 73 38 8 43 23 10 67 36 3,tails,regular,1
2022-12-06T11:03:00Z,864,43 79 24 7 44 36 41 42 33 67 69 18 60 11 56 34 63 49 6 71,tails,minor,1
2022-12-06T11:06:00Z,865,52 63 41 53 19 68 35 51 11 47 80 27 71 73 31 2 9 60 17 42,tails,regular,1
2022-12-06T11:09:00Z,866,22 54 9 38 42 24 2 51 52 17 20 34 57 12 78 32 53 45 37 25,heads,major,3
2022-12-06T11:12:00Z,867,76 16 9 33 40 17 55 52 12 25 41 64 7 3 43 72 49 80 74 65,tails,regular,3
2022-12-06T11:15:00Z,868,64 45 19 43 51 3 60 76 28 24 73 65 23 77 40 7 78 10 68 69,tails,regular,1
2022-12-06T11:18:00Z,869,40 55 80 26 22 33 7 68 24 5 6 63 3 30 53 56 54 45 34 23,heads,minor,5
2022-12-06T11:21:00Z,870,22 46 61 48 59 28 23 80 31 25 30 74 16 17 57 33 75 67 56 11,evens,regular,3
2022-12-06T11:24:00Z,872,14 80 18 31 69 9 68 52 21 28 54 16 51 20 40 39 64 53 5 24,heads,regular,3
2022-12-06T11:27:00Z,873,9 29 36 78 56 79 21 52 62 22 54 77 23 16 47 44 42 2 61 69,tails,regular,1
2022-12-06T11:30:00Z,874,45 59 55 40 5 69 20 54 8 15 14 3 7 68 51 50 52 44 75 72,tails,major,2
2022-12-06T11:33:00Z,875,38 43 16 22 39 58 13 32 33 52 20 53 31 51 50 72 15 65 76 42,evens,regular,3
2022-12-06T11:36:00Z,876,23 74 42 17 79 53 80 68 54 77 8 4 9 30 25 27 36 37 31 35,heads,major,3
2022-12-06T11:39:00Z,877,70 52 47 35 40 11 65 53 43 25 21 18 22 76 23 54 14 17 63 62,evens,minor,2
2022-12-06T11:42:00Z,878,72 47 42 63 57 2 46 39 10 11 37 4 5 14 38 7 35 8 43 51,heads,regular,3
2022-12-06T11:45:00Z,879,35 26 13 52 10 38 32 64 5 28 42 65 37 80 79 24 68 58 72 55,evens,regular,1
2022-12-06T11:48:00Z,881,67 73 72 70 57 43 46 3 54 60 47 28 62 13 18 65 77 76 10 42,tails,regular,2
2022-12-06T11:51:00Z,882,78 7 22 35 60 56 57 40 72 49 28 77 34 59 45 43 41 24 37 62,tails,regular,1
2022-12-06T11:54:00Z,883,40 42 72 53 32 76 59 61 46 75 8 79 13 30 15 27 29 78 57 11,tails,regular,1
2022-12-06T11:57:00Z,884,40 37 65 68 80 5 15 57 14 32 51 20 36 56 55 19 44 18 28 54,heads,regular,3
2022-12-06T12:00:00Z,885,74 62 11 58 8 9 25 34 55 16 31 19 53 2 30 50 6 69 80 20,heads,regular,3
2022-12-06T12:03:00Z,886,23 60 44 12 10 29 52 4 39 43 53 65 17 31 16 15 57 58 80 41,evens,regular,2
2022-12-06T12:06:00Z,887,33 77 67 74 14 22 60 73 56 50 58 80 57 70 27 52 55 29 79 78,tails,regular,3
2022-12-06T12:09:00Z,888,51 64 55 42 17 78 36 31 6 47 71 63 22 65 27 32 40 60 12 34,evens,minor,1
2022-12-06T12:12:00Z,890,42 79 2 64 5 44 58 47 13 61 51 8 45 41 35 48 38 67 9 56,tails,regular,1
2022-12-06T12:15:00Z,891,43 24 78 4 7 64 48 72 3 6 55 11 45 8 80 29 39 32 50 56,evens,regular,5
2022-12-06T12:18:00Z,892,43 40 47 7 11 17 72 52 66 27 59 25 36 61 53 1 5 62 48 31,evens,minor,3
2022-12-06T12:21:00Z,893,62 41 45 77 39 66 72 25 70 2 64 12 36 67 11 35 15 48 52 8,tails,minor,1
2022-12-06T12:24:00Z,894,50 37 73 65 61 68 13 18 35 32 29 26 48 56 60 52 34 22 69 10,evens,regular,1
2022-12-06T12:27:00Z,895,36 35 68 5 49 73 4 30 13 28 37 79 60 7 43 39 76 18 62 32,heads,regular,3
2022-12-06T12:30:00Z,896,14 23 4 43 76 1 74 47 49 42 15 71 66 55 54 60 69 58 50 3,tails,minor,1
2022-12-06T12:33:00Z,897,25 59 57 6 15 48 5 58 34 56 60 75 18 64 35 32 78 31 16 45,evens,regular,2
2022-12-06T12:36:00Z,899,20 18 55 35 64 61 62 75 71 63 24 77 73 45 19 78 65 56 69 72,tails,minor,2
2022-12-06T12:39:00Z,900,8 18 49 31 4 76 24 11 43 46 74 44 48 54 10 59 66 37 71 35,tails,minor,1
2022-12-06T12:42:00Z,901,21 27 59 80 10 72 1 5 43 17 48 6 71 26 40 74 73 69 57 16,evens,regular,1
2022-12-06T12:45:00Z,902,80 30 71 59 26 65 40 54 77 31 50 33 23 63 39 6 66 2 61 75,tails,regular,1
2022-12-06T12:48:00Z,903,35 45 64 71 78 20 79 56 44 47 1 43 46 70 63 38 77 41 68 3,tails,regular,3
2022-12-06T12:51:00Z,904,17 48 53 76 42 69 57 51 36 3 68 54 22 18 8 43 12 14 10 1,evens,regular,2
2022-12-06T12:54:00Z,905,45 58 77 46 2 54 34 9 3 44 30 36 67 29 17 60 49 69 75 22,tails,minor,3
2022-12-06T12:57:00Z,906,6 70 61 20 34 22 69 33 51 11 49 31 57 53 38 7 39 58 21 47,heads,regular,2
2022-12-06T13:00:00Z,908,10 65 62 5 18 41 16 54 74 68 1 55 59 2 7 25 40 13 26 20,heads,minor,2
2022-12-06T13:03:00Z,909,55 74 70 2 54 30 41 8 6 37 53 58 61 40 38 65 35 43 26 69,tails,minor,2
2022-12-06T13:06:00Z,910,36 41 49 50 74 76 69 16 66 64 79 20 70 18 56 68 5 10 28 59,tails,regular,1
2022-12-06T13:09:00Z,911,60 29 2 54 62 37 41 13 36 33 21 59 48 61 53 30 44 56 65 15,tails,regular,2
2022-12-06T13:12:00Z,912,49 15 79 53 51 70 48 34 78 73 4 35 72 14 10 19 17 9 47 44,tails,regular,3
2022-12-06T13:15:00Z,913,29 5 34 23 64 60 28 32 36 72 30 33 71 15 59 54 63 35 56 66,heads,minor,2
2022-12-06T13:18:00Z,914,75 9 42 60 23 28 78 1 35 70 31 11 74 24 7 21 34 68 69 65,heads,regular,2
2022-12-06T13:21:00Z,915,11 47 58 48 29 9 59 28 43 14 20 55 53 46 72 40 1 37 70 67,tails,regular,1
2022-12-06T13:24:00Z,917,44 31 6 68 77 3 65 5 74 20 73 43 58 70 78 41 24 62 28 35,tails,regular,1
2022-12-06T13:27:00Z,918,9 59 31 5 63 11 3 46 68 14 23 10 28 65 66 80 39 15 7 47,heads,regular,3
2022-12-06T13:30:00Z,919,53 48 46 39 57 77 41 16 29 40 1 32 75 33 51 18 59 24 47 44,tails,major,4
2022-12-06T13:33:00Z,920,79 46 68 31 36 23 52 66 25 47 62 5 13 29 42 41 18 48 64 45,tails,regular,2
2022-12-06T13:36:00Z,921,67 20 42 59 66 24 68 38 26 18 61 22 73 71 72 21 15 17 3 29,heads,regular,1
2022-12-06T13:39:00Z,922,78 45 49 53 61 3 1 35 57 56 17 4 70 9 8 30 40 37 50 24,heads,minor,5
2022-12-06T13:42:00Z,923,69 47 32 9 50 41 24 71 7 51 33 54 6 48 37 13 60 3 31 2,heads,minor,5
2022-12-06T13:45:00Z,924,80 20 32 69 36 31 49 73 18 39 67 61 23 6 78 29 72 9 63 74,evens,regular,1
2022-12-06T13:48:00Z,926,20 14 79 37 2 18 36 62 50 70 74 59 24 69 64 5 34 15 22 48,heads,minor,1
2022-12-06T13:51:00Z,927,19 70 40 33 25 66 74 65 17 48 10 11 1 46 43 16 34 52 79 59,evens,minor,1
2022-12-06T13:54:00Z,928,6 3 60 69 70 40 31 72 56 37 65 79 35 21 52 38 27 48 49 10,evens,minor,2
2022-12-06T13:57:00Z,929,57 33 15 7 65 52 54 29 74 30 45 5 17 37 27 73 23 56 66 67,evens,minor,1
2022-12-06T14:00:00Z,930,61 22 11 21 37 44 60 7 47 1 15 12 54 34 29 26 43 72 24 27,heads,regular,10
2022-12-06T14:03:00Z,931,59 76 6 66 70 80 24 75 36 23 56 64 25 68 33 43 78 28 71 69,tails,regular,1
2022-12-06T14:06:00Z,932,11 4 74 3 9 49 62 28 19 39 30 33 37 32 31 5 48 42 29 25,heads,regular,2
2022-12-06T14:09:00Z,933,27 57 63 6 37 36 7 67 56 32 39 13 33 29 62 42 22 28 17 53,heads,regular,3
2022-12-06T14:12:00Z,935,40 29 27 61 14 67 75 60 32 5 3 76 50 51 21 74 66 56 64 71,tails,regular,1
2022-12-06T14:15:00Z,936,69 7 39 49 67 68 57 30 77 59 3 24 18 64 62 17 58 23 34 16,evens,regular,3
2022-12-06T14:18:00Z,937,66 67 77 1 33 35 45 71 39 49 11 70 8 34 46 40 65 30 7 59,evens,minor,1
2022-12-06T14:21:00Z,938,2 10 64 19 21 39 57 47 18 74 56 23 51 13 35 20 50 30 54 61,heads,regular,3
2022-12-06T14:24:00Z,939,34 9 50 62 37 7 51 73 41 49 75 63 42 48 30 39 78 40 71 15,tails,major,1
2022-12-06T14:27:00Z,940,54 52 46 73 1 28 57 5 56 80 76 27 51 65 47 35 32 34 31 61,tails,major,1
2022-12-06T14:30:00Z,941,37 2 35 33 23 59 15 68 72 74 48 58 40 11 45 31 46 70 75 20,evens,regular,4
2022-12-06T14:33:00Z,942,9 5 44 77 49 34 40 57 63 30 10 18 6 12 69 19 46 15 20 35,heads,minor,1
2022-12-06T14:36:00Z,944,32 10 29 25 34 46 65 66 31 2 28 63 36 39 48 18 22 23 4 49,heads,regular,3
2022-12-06T14:39:00Z,945,71 19 4 12 53 69 78 52 72 17 60 54 65 2 75 26 32 22 5 62,tails,minor,3
2022-12-06T14:42:00Z,946,25 33 37 70 2 42 35 53 36 46 75 65 64 22 30 6 5 76 80 63,evens,minor,2
2022-12-06T14:45:00Z,947,23 47 27 71 74 39 69 62 44 41 42 20 15 4 49 6 75 54 22 1,tails,major,1
2022-12-06T14:48:00Z,948,14 5 43 51 7 64 27 18 75 50 78 3 26 24 48 63 29 36 30 15,heads,minor,1
2022-12-06T14:51:00Z,949,37 78 20 41 1 2 9 15 43 49 75 39 34 24 72 38 27 80 23 42,heads,regular,2
2022-12-06T14:54:00Z,950,4 41 38 63 10 43 78 64 76 50 71 55 29 14 57 45 24 77 54 17,tails,minor,1
2022-12-06T14:57:00Z,951,57 56 24 21 62 22 40 38 30 58 19 51 71 17 20 73 18 44 52 23,heads,regular,3
2022-12-06T15:00:00Z,953,5 53 41 30 33 70 17 76 39 4 57 56 66 23 48 9 8 61 1 67,evens,major,2
2022-12-06T15:03:00Z,954,20 62 6 76 73 27 78 19 63 34 4 30 28 75 57 5 46 41 58 14,evens,regular,3
2022-12-06T15:06:00Z,955,4 25 7 39 72 67 14 33 6 62 2 13 51 27 49 32 18 74 35 15,heads,regular,1
2022-12-06T15:09:00Z,956,22 64 28 57 23 68 80 67 14 43 2 53 10 50 45 30 40 37 33 74,evens,regular,2
2022-12-06T15:12:00Z,957,44 19 66 46 39 70 64 62 29 38 24 1 76 69 26 49 27 57 34 4,evens,minor,2
2022-12-06T15:15:00Z,958,1 52 35 28 33 63 37 12 22 13 46 25 51 26 50 9 4 66 72 71,heads,regular,3
2022-12-06T15:18:00Z,959,25 26 57 12 80 18 61 68 2 33 54 11 47 27 5 46 62 53 59 15,evens,regular,3
2022-12-06T15:21:00Z,960,17 15 63 14 79 20 8 39 40 7 10 61 69 55 48 33 29 52 35 4,heads,regular,1
2022-12-06T15:24:00Z,962,45 23 47 66 24 74 29 72 9 17 63 39 62 19 38 42 56 36 37 71,evens,major,1
2022-12-06T15:27:00Z,963,7 72 21 53 79 33 34 65 32 15 3 12 54 46 56 38 44 52 80 62,tails,regular,1
2022-12-06T15:30:00Z,964,71 37 59 56 46 60 70 74 40 24 19 16 45 42 2 73 57 18 32 78,tails,minor,1
2022-12-06T15:33:00Z,965,36 46 11 54 20 70 75 35 68 53 19 52 15 65 32 51 57 63 47 16,tails,regular,2
2022-12-06T15:36:00Z,966,54 21 18 80 10 26 28 19 59 76 9 34 78 12 33 2 40 56 58 14,heads,minor,5
2022-12-06T15:39:00Z,967,27 4 61 31 25 51 79 47 50 78 46 80 7 39 32 14 72 30 74 15,evens,regular,4
2022-12-06T15:42:00Z,968,36 65 19 44 38 54 77 66 70 62 10 20 22 29 78 41 4 1 64 72,tails,major,3
2022-12-06T15:45:00Z,969,8 1 52 28 35 40 77 24 48 13 16 62 33 56 4 64 71 36 34 73,heads,regular,2
2022-12-06T15:48:00Z,971,11 66 73 58 75 50 36 80 65 5 19 41 21 23 43 18 16 12 47 51,tails,regular,2
2022-12-06T15:51:00Z,972,34 35 41 16 75 26 15 20 30 55 36 78 65 43 8 13 2 67 79 61,heads,regular,3
2022-12-06T15:54:00Z,973,19 71 42 23 35 64 51 6 46 8 25 60 43 44 27 37 76 40 3 80,evens,regular,1
2022-12-06T15:57:00Z,974,1 4 16 22 48 23 74 42 51 61 66 50 75 27 15 14 76 5 71 32,evens,regular,1
2022-12-06T16:00:00Z,975,70 24 4 41 23 74 75 8 78 64 54 29 77 73 13 31 2 16 22 20,heads,regular,2
2022-12-06T16:03:00Z,976,57 79 72 77 19 51 63 64 25 11 66 58 45 54 52 26 56 33 43 37,tails,regular,10
2022-12-06T16:06:00Z,977,29 73 22 34 24 58 41 3 12 59 1 23 60 36 76 43 75 72 35 30,heads,major,2
2022-12-06T16:09:00Z,978,76 69 7 1 59 22 16 63 38 74 21 24 12 53 31 14 52 30 45 25,heads,regular,1
2022-12-06T16:12:00Z,980,47 14 70 31 62 7 18 72 10 11 19 78 24 13 51 67 74 37 68 57,evens,major,4
2022-12-06T16:15:00Z,981,1 8 23 54 28 17 48 44 73 61 47 35 71 26 10 63 46 3 76 38,evens,minor,4
2022-12-06T16:18:00Z,982,26 20 80 32 11 69 45 78 29 47 49 65 19 68 58 73 76 61 22 35,tails,regular,1
2022-12-06T16:21:00Z,983,68 47 69 46 48 7 61 67 42 15 40 23 49 71 39 10 53 41 74 33,tails,regular,1
2022-12-06T16:24:00Z,984,31 46 21 43 79 61 3 55 65 71 16 40 18 11 1 4 47 36 19 20,heads,regular,2
2022-12-06T16:27:00Z,985,48 16 27 1 29 44 79 12 6 20 23 37 50 25 61 67 54 3 77 51,heads,minor,1
2022-12-06T16:30:00Z,986,58 42 50 52 40 18 76 47 6 65 23 8 10 79 56 5 38 28 62 22,evens,major,1
2022-12-06T16:33:00Z,987,39 66 21 48 62 59 37 8 11 5 31 34 2 46 58 57 12 14 77 53,heads,regular,3
2022-12-06T16:36:00Z,989,67 18 17 13 80 3 37 5 9 60 10 7 30 36 47 39 44 46 23 48,heads,regular,3
2022-12-06T16:39:00Z,990,58 80 43 53 40 10 11 47 48 8 64 71 57 24 74 65 63 15 21 51,tails,regular,1
2022-12-06T16:42:00Z,991,3 31 48 52 76 27 8 74 41 12 71 40 77 28 19 68 64 23 24 54,evens,regular,2
2022-12-06T16:45:00Z,992,74 22 4 5 52 30 46 29 54 17 2 26 3 28 80 35 33 76 34 67,heads,regular,1
2022-12-06T16:48:00Z,993,19 75 34 69 61 66 15 59 77 32 63 11 37 38 72 18 57 31 42 64,tails,minor,2
2022-12-06T16:51:00Z,994,33 72 68 20 58 73 29 26 70 9 19 48 40 5 18 34 4 42 27 38,heads,regular,1
2022-12-06T16:54:00Z,995,29 13 53 47 32 9 42 8 55 24 31 66 56 17 1 23 72 50 19 71,heads,minor,1
2022-12-06T16:57:00Z,996,9 68 49 53 37 44 2 28 70 18 45 59 10 79 21 32 51 19 4 76,evens,regular,3
2022-12-06T17:00:00Z,998,78 62 49 75 60 32 66 40 19 45 51 73 33 2 10 25 61 53 6 80,tails,regular,3
2022-12-06T17:03:00Z,999,76 12 24 6 46 65 19 37 69 58 26 1 70 48 25 18 55 52 63 36,evens,major,2
2022-12-06T17:06:00Z,1,23 1 6 10 28 68 5 25 22 12 53 70 11 30 58 50 34 7 38 41,heads,minor,3
2022-12-06T17:09:00Z,2,27 73 16 51 24 41 31 67 60 18 63 9 70 48 58 15 34 47 36 28,evens,regular,3
2022-12-06T17:12:00Z,3,67 9 7 66 36 45 48 6 22 70 33 44 78 60 28 47 49 19 51 37,tails,regular,2
2022-12-06T17:15:00Z,4,33 66 10 41 58 5 24 23 73 42 13 79 9 69 40 46 2 75 19 18,heads,minor,3
2022-12-06T17:18:00Z,5,75 78 64 4 7 29 68 60 22 30 5 19 59 18 21 71 57 69 36 40,heads,minor,1
2022-12-06T17:21:00Z,6,25 49 47 66 1 13 71 53 61 6 2 56 30 64 17 57 42 65 73 36,tails,regular,1
2022-12-06T17:24:00Z,8,20 5 18 34 32 40 1 61 26 16 19 57 79 35 46 36 25 29 76 48,heads,minor,2
2022-12-06T17:27:00Z,9,31 38 5 41 66 44 73 37 54 4 32 52 55 67 11 78 36 72 76 47,tails,minor,1
2022-12-06T17:30:00Z,10,18 34 8 69 11 57 43 13 17 9 32 39 72 52 27 41 22 38 10 51,heads,regular,2
2022-12-06T17:33:00Z,11,49 34 75 25 64 43 61 29 9 65 19 53 14 70 67 17 10 52 60 48,tails,regular,2
2022-12-06T17:36:00Z,12,52 9 40 12 61 35 78 64 79 5 38 14 15 54 46 72 11 41 31 67,evens,regular,3
2022-12-06T17:39:00Z,13,44 59 13 79 4 18 10 75 76 28 68 73 20 15 71 72 8 37 34 19,heads,minor,10
2022-12-06T17:42:00Z,14,80 13 71 31 74 32 61 33 77 28 10 45 48 37 72 8 34 2 7 38,heads,regular,2
2022-12-06T17:45:00Z,15,64 27 57 15 60 66 48 25 43 41 50 14 9 28 52 26 45 42 37 80,tails,minor,3
2022-12-06T17:48:00Z,17,69 39 30 65 33 5 56 36 1 4 48 70 25 13 44 16 79 19 27 76,heads,regular,1
2022-12-06T17:51:00Z,18,10 18 78 62 1 30 34 41 40 46 55 49 27 15 13 16 71 23 31 39,heads,regular,5
2022-12-06T17:54:00Z,19,53 55 80 67 64 61 42 43 77 17 47 35 51 65 18 75 79 73 14 28,tails,regular,3
2022-12-06T17:57:00Z,20,7 6 26 21 65 36 35 52 24 58 79 41 33 19 28 77 17 67 29 16,heads,regular,1
2022-12-06T18:00:00Z,21,79 15 76 38 41 68 43 30 16 22 42 34 48 8 52 77 66 27 51 11,tails,minor,2
2022-12-06T18:03:00Z,22,11 21 70 71 31 40 60 17 39 64 20 41 63 10 19 68 43 7 72 50,evens,regular,2
2022-12-06T18:06:00Z,23,68 5 3 21 9 60 79 14 44 67 22 12 38 73 64 55 70 63 47 43,tails,regular,3
2022-12-06T18:09:00Z,24,64 37 67 46 6 18 5 78 9 73 57 22 17 45 77 79 30 80 7 70,tails,regular,1
2022-12-06T18:12:00Z,26,2 44 28 80 23 58 33 69 8 67 34 72 40 32 20 65 76 10 37 25,heads,minor,10
2022-12-06T18:15:00Z,27,62 75 16 41 67 30 51 70 31 38 17 53 26 54 18 13 80 24 79 71,tails,minor,3
2022-12-06T18:18:00Z,28,56 73 31 8 7 80 38 29 9 66 23 11 16 55 77 24 51 65 60 17,heads,regular,3
2022-12-06T18:21:00Z,29,1 35 61 37 23 11 34 43 5 67 50 48 31 2 39 30 32 80 52 20,heads,major,2
2022-12-06T18:24:00Z,30,42 45 61 8 7 54 78 50 3 55 10 29 9 70 27 34 32 33 47 1,heads,regular,1
2022-12-06T18:27:00Z,31,16 80 48 11 66 76 1 64 7 8 70 2 72 53 28 27 50 52 39 57,tails,major,1
2022-12-06T18:30:00Z,32,34 9 5 64 78 22 3 30 2 61 37 25 23 54 24 75 11 18 28 63,heads,regular,1
2022-12-06T18:33:00Z,33,38 9 77 70 58 52 73 65 19 56 78 10 24 21 47 6 30 16 36 17,heads,minor,1
2022-12-06T18:36:00Z,35,67 65 40 42 6 55 66 2 64 52 7 22 46 4 76 13 23 54 72 37,tails,regular,1
2022-12-06T18:39:00Z,36,26 19 17 61 6 42 38 39 29 30 8 15 23 25 40 14 13 35 43 41,heads,regular,1
2022-12-06T18:42:00Z,37,65 11 63 74 57 5 69 80 66 20 55 44 45 28 23 52 22 6 54 50,tails,minor,2
2022-12-06T18:45:00Z,38,8 31 2 13 46 37 72 55 1 66 68 10 16 27 50 76 69 20 48 32,heads,regular,1
2022-12-06T18:48:00Z,39,4 33 25 63 52 12 22 15 74 68 79 58 39 65 75 2 61 5 11 57,evens,regular,1
2022-12-06T18:51:00Z,40,69 23 34 19 31 14 43 77 64 38 55 7 56 46 11 48 35 15 36 29,heads,regular,3
2022-12-06T18:54:00Z,41,23 37 67 31 56 26 4 65 6 66 59 1 12 10 3 75 29 49 50 33,heads,regular,2
2022-12-06T18:57:00Z,42,9 74 67 21 73 59 39 25 1 16 2 22 33 53 79 38 57 5 62 10,heads,minor,3
2022-12-06T19:00:00Z,44,36 61 71 63 52 25 54 7 14 39 73 42 40 56 68 44 16 13 11 72,tails,regular,3
2022-12-06T19:03:00Z,45,57 22 79 52 76 19 53 55 34 62 73 40 25 4 20 38 24 36 42 60,evens,minor,2
2022-12-06T19:06:00Z,46,53 36 12 80 71 46 48 26 1 22 69 42 74 16 44 60 39 34 76 57,tails,regular,2
2022-12-06T19:09:00Z,47,38 80 37 32 9 40 58 12 22 45 79 19 26 16 44 6 63 18 74 5,heads,regular,1
2022-12-06T19:12:00Z,48,49 44 22 7 17 65 59 69 68 76 16 56 3 18 67 31 9 52 60 39,tails,major,1
2022-12-06T19:15:00Z,49,44 48 25 10 17 35 67 33 1 47 68 8 56 70 24 20 7 37 45 65,heads,minor,5
2022-12-06T19:18:00Z,50,36 60 45 53 58 21 67 55 10 7 39 12 40 51 52 37 16 46 64 69,tails,regular,4
2022-12-06T19:21:00Z,51,56 79 45 8 63 70 24 11 12 31 50 3 32 47 20 38 21 41 28 27,heads,minor,1
2022-12-06T19:24:00Z,53,7 71 38 69 53 1 11 65 41 56 51 18 76 2 43 24 4 29 52 66,tails,regular,2
2022-12-06T19:27:00Z,54,71 55 11 8 50 44 58 18 9 72 33 61 21 23 77 64 63 34 46 22,tails,regular,2
2022-12-06T19:30:00Z,55,6 45 60 76 42 8 37 12 48 54 27 74 77 56 25 79 34 21 3 63,tails,minor,1
2022-12-06T19:33:00Z,56,22 45 2 19 31 65 29 33 49 75 78 14 71 74 58 51 23 67 79 47,tails,major,5
2022-12-06T19:36:00Z,57,70 74 13 10 54 67 43 55 47 14 57 33 18 44 30 29 56 52 27 8,tails,regular,2
2022-12-06T19:39:00Z,58,76 10 70 52 24 74 19 48 6 22 15 47 49 17 39 2 41 46 62 77,tails,regular,3
2022-12-06T19:42:00Z,59,12 48 17 1 2 50 57 13 6 38 55 29 69 22 19 14 67 58 11 59,heads,regular,10
2022-12-06T19:45:00Z,60,20 33 17 28 49 50 24 22 23 56 67 19 64 7 66 39 76 12 34 32,heads,regular,2
2022-12-06T19:48:00Z,62,62 56 63 77 7 74 25 3 57 6 13 1 49 80 65 44 43 19 32 35,tails,minor,2
2022-12-06T19:51:00Z,63,45 63 28 79 5 8 26 24 77 35 31 78 57 1 40 15 29 54 4 66,heads,regular,1
2022-12-06T19:54:00Z,64,64 45 33 67 36 57 22 79 27 47 35 25 15 72 55 75 61 70 71 54,tails,regular,2
2022-12-06T19:57:00Z,65,63 18 76 61 56 67 42 50 24 9 2 21 46 5 69 25 7 60 55 38,tails,regular,3
2022-12-06T20:00:00Z,66,51 63 9 36 21 11 14 2 31 75 77 29 12 5 43 18 57 33 35 55,heads,regular,1
2022-12-06T20:03:00Z,67,39 78 64 20 31 80 59 1 17 65 24 4 14 7 21 43 34 72 19 46,heads,regular,2
2022-12-06T20:06:00Z,68,34 57 28 26 14 67 30 12 7 42 44 59 74 33 62 29 2 51 18 80,heads,minor,4
2022-12-06T20:09:00Z,69,5 63 3 18 16 15 53 70 25 31 73 42 77 10 57 68 17 44 55 66,tails,minor,1
2022-12-06T20:12:00Z,71,56 34 58 48 55 67 5 6 70 46 66 64 60 12 63 26 50 45 10 65,tails,regular,2
2022-12-06T20:15:00Z,72,54 74 19 26 62 5 45 70 41 64 52 33 58 12 14 43 2 31 21 30,evens,regular,3
2022-12-06T20:18:00Z,73,15 49 80 66 62 64 25 4 18 51 35 21 52 76 1 77 46 41 27 14,tails,regular,3
2022-12-06T20:21:00Z,74,17 34 35 54 67 2 20 80 65 32 77 78 18 16 24 68 8 3 1 10,heads,minor,1
2022-12-06T20:24:00Z,75,7 45 21 52 57 38 74 10 36 55 42 48 58 47 11 3 27 63 20 79,tails,minor,1
2022-12-06T20:27:00Z,76,47 25 73 55 12 37 5 19 16 17 56 38 51 74 46 60 66 79 32 9,evens,regular,2
2022-12-06T20:30:00Z,77,35 55 30 3 46 73 5 49 1 6 15 45 69 21 77 76 48 20 22 59,evens,regular,1
2022-12-06T20:33:00Z,78,12 18 22 28 5 50 16 75 29 35 37 42 79 9 57 40 26 27 4 24,heads,regular,1
2022-12-06T20:36:00Z,80,12 54 64 18 55 65 27 20 19 9 80 8 40 10 68 36 16 61 21 2,heads,minor,2
2022-12-06T20:39:00Z,81,68 10 55 53 44 46 66 49 54 29 1 72 26 27 13 5 56 48 36 67,tails,regular,2
2022-12-06T20:42:00Z,82,21 67 61 40 2 78 58 44 26 64 66 19 46 9 74 29 31 63 73 37,tails,regular,1
2022-12-06T20:45:00Z,83,8 37 17 13 38 39 52 6 46 51 27 59 77 44 4 57 35 10 36 58,heads,regular,2
2022-12-06T20:48:00Z,84,34 78 74 56 45 76 77 48 25 72 50 61 79 37 44 55 23 4 13 57,tails,regular,3
2022-12-06T20:51:00Z,85,16 66 71 64 24 48 7 51 69 11 49 19 58 74 56 6 3 39 10 17,evens,regular,4
2022-12-06T20:54:00Z,86,56 39 46 3 62 8 49 26 30 11 45 17 66 63 50 60 12 78 71 16,tails,minor,1
2022-12-06T20:57:00Z,87,33 15 71 16 47 78 74 21 55 58 34 13 65 14 10 30 52 57 68 56,tails,regular,3
2022-12-06T21:00:00Z,89,54 17 50 45 18 2 66 77 20 62 63 26 28 37 11 68 80 30 5 39,heads,regular,2
2022-12-06T21:03:00Z,90,47 63 32 3 76 10 38 11 66 67 42 55 15 65 53 30 59 36 5 77,tails,minor,3
2022-12-06T21:06:00Z,91,43 57 14 20 17 37 13 31 53 6 16 29 61 70 33 54 80 1 39 79,heads,regular,2
2022-12-06T21:09:00Z,92,45 27 49 39 2 12 44 13 1 56 6 50 46 18 77 29 43 69 10 60,evens,regular,2
2022-12-06T21:12:00Z,93,10 37 42 70 31 39 44 71 5 60 62 54 18 51 11 24 22 66 9 74,evens,regular,1
2022-12-06T21:15:00Z,94,1 32 24 65 38 79 33 52 39 16 49 78 57 22 69 68 51 12 31 48,evens,regular,2
2022-12-06T21:18:00Z,95,61 68 56 29 32 14 52 21 24 53 20 46 50 58 44 43 39 22 28 42,tails,minor,1
2022-12-06T21:21:00Z,96,25 6 5 14 4 3 38 74 9 40 64 54 30 24 2 8 75 67 20 1,heads,regular,2
2022-12-06T21:24:00Z,98,54 7 21 77 15 50 55 11 56 49 39 67 43 31 30 20 17 32 5 13,heads,regular,1
2022-12-06T21:27:00Z,99,25 80 11 14 26 4 32 43 72 8 60 3 50 73 77 7 19 59 68 66,evens,regular,1
2022-12-06T21:30:00Z,100,26 67 23 12 70 37 38 62 72 35 11 34 71 16 58 76 80 29 40 7,heads,regular,2
2022-12-06T21:33:00Z,101,57 7 66 29 34 38 6 49 15 35 76 21 41 31 3 46 24 32 71 53,heads,regular,2
2022-12-06T21:36:00Z,102,41 59 61 60 76 24 73 23 19 15 47 30 40 64 10 8 66 33 79 2,evens,major,4
2022-12-06T21:39:00Z,103,37 27 55 54 74 40 41 31 32 61 9 56 76 75 78 60 62 53 51 21,tails,regular,3
2022-12-06T21:42:00Z,104,33 62 25 80 45 26 40 68 58 31 34 27 69 4 24 20 44 9 61 21,heads,minor,2
2022-12-06T21:45:00Z,105,59 76 51 49 50 1 23 44 18 75 41 26 58 40 72 20 19 56 71 62,tails,major,1
2022-12-06T21:48:00Z,107,35 22 54 9 14 74 6 78 48 67 20 68 58 19 44 25 32 53 76 50,tails,regular,1
2022-12-06T21:51:00Z,108,79 80 21 53 25 72 63 16 73 10 41 43 3 60 24 38 67 5 20 11,evens,regular,3
2022-12-06T21:54:00Z,109,18 7 32 20 73 58 34 33 64 45 51 3 6 46 9 69 66 37 70 43,evens,minor,2
2022-12-06T21:57:00Z,110,64 50 39 52 24 20 22 12 3 28 15 66 14 8 43 4 54 59 80 58,heads,regular,1
2022-12-06T22:00:00Z,111,64 45 36 20 6 53 2 72 47 33 78 75 31 58 71 41 43 79 74 23,tails,regular,1
2022-12-06T22:03:00Z,112,39 64 16 54 42 9 2 22 28 74 15 24 41 79 48 65 21 80 14 10,heads,regular,1
2022-12-06T22:06:00Z,113,51 8 35 50 1 27 68 64 3 44 52 4 37 48 49 62 24 71 67 13,tails,regular,1
2022-12-06T22:09:00Z,114,57 58 65 19 1 63 43 51 22 8 28 12 60 16 61 69 24 11 72 41,tails,minor,2
2022-12-06T22:12:00Z,116,67 53 35 47 56 64 78 74 2 41 5 30 36 43 51 38 31 60 72 63,tails,regular,1
2022-12-06T22:15:00Z,117,68 1 78 3 25 29 33 34 12 39 10 66 64 49 44 73 41 5 18 54,heads,major,1
2022-12-06T22:18:00Z,118,67 21 45 46 49 32 44 52 63 15 61 66 13 1 29 60 30 58 62 5,tails,regular,2
2022-12-06T22:21:00Z,119,38 9 35 23 66 56 2 72 26 65 27 62 15 29 7 70 14 24 21 51,heads,regular,3
2022-12-06T22:24:00Z,120,14 19 50 77 61 75 12 48 51 53 54 2 71 5 11 33 58 45 32 70,tails,regular,3
2022-12-06T22:27:00Z,121,27 65 76 53 50 18 40 80 68 20 24 9 19 69 29 43 35 60 22 12,heads,regular,2
2022-12-06T22:30:00Z,122,72 80 41 13 73 39 55 57 33 15 65 59 62 52 66 40 34 56 12 42,tails,regular,3
2022-12-06T22:33:00Z,123,57 79 27 62 68 40 52 50 8 12 54 65 71 56 60 47 26 31 7 74,tails,regular,1
2022-12-06T22:36:00Z,125,47 22 21 20 70 64 37 71 11 51 30 58 28 60 27 63 10 77 5 56,evens,regular,1
2022-12-06T22:39:00Z,126,64 48 14 4 20 71 2 5 59 16 44 77 8 46 27 13 58 51 34 39,heads,minor,2
2022-12-06T22:42:00Z,127,28 43 55 17 45 53 70 12 71 48 35 58 32 15 51 27 2 19 74 30,evens,major,1
2022-12-06T22:45:00Z,128,69 68 30 62 76 66 44 73 25 57 71 29 13 5 56 39 47 46 53 37,tails,regular,3
2022-12-06T22:48:00Z,129,71 62 51 10 4 34 22 77 43 60 24 26 65 50 61 72 58 69 13 18,tails,major,1
2022-12-06T22:51:00Z,130,21 39 49 66 76 75 23 14 79 6 22 69 48 4 74 5 24 37 71 42,evens,minor,2
2022-12-06T22:54:00Z,131,44 15 8 56 40 11 22 31 64 57 76 27 54 17 39 2 66 60 59 61,evens,major,3
2022-12-06T22:57:00Z,132,63 64 65 39 78 30 13 29 18 77 19 7 49 69 24 2 35 72 37 20,heads,regular,2
2022-12-06T23:00:00Z,134,28 26 56 59 80 58 10 51 68 14 32 49 20 25 40 76 2 17 21 60,heads,regular,1
2022-12-06T23:03:00Z,135,78 14 48 37 34 13 24 69 63 58 12 31 41 64 76 45 68 46 9 1,tails,regular,1
2022-12-06T23:06:00Z,136,19 20 26 66 2 58 75 25 59 78 54 57 37 15 33 46 62 71 35 32,evens,regular,3
2022-12-06T23:09:00Z,137,40 64 8 77 3 58 23 52 15 22 25 13 32 56 65 6 67 71 72 21,heads,minor,4
2022-12-06T23:12:00Z,138,7 19 76 69 64 56 12 21 71 44 61 42 80 39 53 72 62 63 3 22,tails,regular,10
2022-12-06T23:15:00Z,139,54 48 56 77 28 7 78 53 45 41 12 49 6 61 72 63 60 51 65 15,tails,regular,2
2022-12-06T23:18:00Z,140,10 33 28 67 20 27 51 54 59 41 1 7 12 9 70 57 42 13 38 61,heads,minor,2
2022-12-06T23:21:00Z,141,49 59 7 37 8 54 26 9 31 17 63 47 73 6 30 33 48 38 72 67,heads,regular,3
2022-12-06T23:24:00Z,143,69 34 48 46 65 20 54 10 19 11 25 7 39 44 37 32 49 31 42 1,heads,major,2
2022-12-06T23:27:00Z,144,57 74 52 43 59 58 33 64 48 26 21 75 30 25 31 8 29 41 66 77,tails,regular,2
2022-12-06T23:30:00Z,145,61 79 68 49 52 54 63 44 58 77 6 65 70 66 24 73 30 45 29 17,tails,regular,3
2022-12-06T23:33:00Z,146,61 60 79 21 37 39 77 9 71 36 19 28 31 23 70 27 66 12 58 47,heads,minor,2
2022-12-06T23:36:00Z,147,31 61 56 22 37 14 1 47 75 20 10 3 49 19 57 69 33 53 32 74,heads,minor,3
2022-12-06T23:39:00Z,148,56 14 48 50 61 24 78 36 52 32 42 30 22 65 21 73 6 15 35 28,heads,major,1
2022-12-06T23:42:00Z,149,51 75 2 39 48 44 47 77 49 72 55 65 5 31 32 26 61 43 27 46,tails,minor,1
2022-12-06T23:45:00Z,150,49 6 33 55 14 73 72 17 71 50 21 80 36 48 74 34 30 24 57 60,tails,regular,3
2022-12-06T23:48:00Z,152,4 63 71 27 30 65 58 31 47 19 50 70 62 13 6 46 29 36 3 12,heads,minor,2
2022-12-06T23:51:00Z,153,8 44 57 58 48 28 24 10 39 66 76 29 40 74 15 31 14 23 62 60,heads,major,2
2022-12-06T23:54:00Z,154,21 51 42 78 61 71 16 8 15 44 57 17 66 49 64 10 2 22 56 31,tails,minor,2
2022-12-06T23:57:00Z,155,17 16 60 53 25 78 2 41 49 40 75 43 48 46 30 44 12 5 31 36,evens,minor,1
2022-12-07T00:00:00Z,156,34 62 43 56 57 36 7 35 39 60 58 14 65 21 3 16 18 4 24 31,heads,major,2
2022-12-07T00:03:00Z,157,2 7 33 4 68 30 55 21 42 6 10 32 56 27 59 64 69 80 43 67,evens,regular,2
2022-12-07T00:06:00Z,158,4 5 69 68 9 17 50 52 18 70 62 59 39 75 72 20 14 30 53 48,tails,regular,1
2022-12-07T00:09:00Z,159,36 1 27 30 79 28 74 49 16 51 58 70 23 65 68 57 4 25 33 13,heads,regular,1
2022-12-07T00:12:00Z,161,29 53 66 3 40 43 4 35 22 57 45 71 39 6 64 37 48 62 72 47,tails,regular,2
2022-12-07T00:15:00Z,162,8 51 58 54 30 79 15 36 73 5 27 26 59 29 37 32 55 2 46 49,heads,regular,2
2022-12-07T00:18:00Z,163,28 47 73 25 50 62 51 37 63 43 53 71 27 38 40 49 64 7 45 22,tails,minor,1
2022-12-07T00:21:00Z,164,76 33 64 57 5 79 10 3 1 71 16 78 44 53 75 48 68 51 9 13,tails,regular,1
2022-12-07T00:24:00Z,165,15 16 31 50 44 60 13 38 23 19 63 74 65 9 66 77 59 51 34 14,evens,regular,3
2022-12-07T00:27:00Z,166,29 15 46 61 7 23 24 73 57 8 21 59 65 60 11 76 41 67 78 13,tails,regular,1
2022-12-07T00:30:00Z,167,31 6 34 7 80 5 54 70 75 12 16 64 48 4 57 33 11 28 30 24,heads,regular,3
2022-12-07T00:33:00Z,168,63 7 21 3 49 60 41 9 1 16 36 31 33 73 68 39 43 47 45 61,evens,major,1
2022-12-07T00:36:00Z,170,72 67 27 33 61 42 45 58 7 11 4 46 51 9 10 76 56 49 14 40,tails,regular,1
2022-12-07T00:39:00Z,171,58 53 55 44 70 76 60 74 51 27 22 30 47 19 65 40 63 45 52 28,tails,minor,2
2022-12-07T00:42:00Z,172,27 6 2 21 46 74 26 32 29 76 54 12 53 61 13 23 49 67 66 50,evens,minor,3
2022-12-07T00:45:00Z,173,59 64 51 57 14 21 35 47 49 58 54 16 48 70 18 12 30 3 7 41,tails,regular,5
2022-12-07T00:48:00Z,174,74 80 14 1 36 72 63 57 5 17 22 39 59 52 25 12 48 68 62 11,evens,regular,2
2022-12-07T00:51:00Z,175,34 8 42 27 33 13 46 67 45 80 47 68 5 52 58 39 73 37 72 16,tails,regular,4
2022-12-07T00:54:00Z,176,20 61 67 64 19 46 62 52 60 42 13 58 29 70 69 21 50 76 68 2,tails,minor,1
2022-12-07T00:57:00Z,177,54 60 45 19 12 5 70 26 52 56 76 74 39 2 36 10 48 66 46 7,tails,regular,2
2022-12-07T01:00:00Z,179,24 64 71 33 20 45 28 61 42 23 68 76 77 7 44 6 56 9 46 15,tails,regular,1
2022-12-07T01:03:00Z,180,5 37 57 18 34 80 43 29 75 45 8 48 69 78 4 33 26 70 53 77,tails,minor,2
2022-12-07T01:06:00Z,181,1 22 75 23 40 47 19 15 46 36 66 63 21 48 60 54 29 79 57 71,tails,major,3
2022-12-07T01:09:00Z,182,5 34 63 76 30 70 24 13 19 47 26 18 29 12 48 66 41 77 64 35,heads,regular,1
2022-12-07T01:12:00Z,183,28 45 29 18 49 14 50 52 42 16 6 70 60 11 12 78 27 22 1 23,heads,regular,1
2022-12-07T01:15:00Z,184,16 22 18 39 25 8 73 33 67 28 12 32 17 34 20 79 5 51 72 38,heads,regular,3
2022-12-07T01:18:00Z,185,30 67 47 5 3 34 32 4 10 76 2 74 61 58 1 68 79 24 11 75,heads,regular,3
2022-12-07T01:21:00Z,186,14 56 25 16 24 1 44 37 46 43 39 61 6 76 36 4 80 54 3 66,heads,regular,2
2022-12-07T01:24:00Z,188,20 60 80 1 50 70 58 71 15 34 10 46 38 61 69 79 73 3 27 25,tails,major,1
2022-12-07T01:27:00Z,189,58 64 25 59 41 17 6 28 80 49 1 26 69 47 9 78 75 12 55 40,tails,regular,2
2022-12-07T01:30:00Z,190,4 40 11 29 21 61 38 48 17 74 76 13 20 27 23 39 15 59 77 1,heads,regular,1
2022-12-07T01:33:00Z,191,67 76 16 63 33 34 6 44 35 40 64 56 5 11 19 2 50 20 3 54,heads,regular,1
2022-12-07T01:36:00Z,192,44 77 2 25 71 65 68 1 46 7 13 6 78 39 69 62 28 74 73 43,tails,regular,3
2022-12-07T01:39:00Z,193,64 37 67 76 75 55 11 8 70 57 45 22 19 15 63 48 53 16 54 29,tails,regular,1
2022-12-07T01:42:00Z,194,72 66 35 79 3 10 7 55 71 38 44 29 14 63 43 53 17 36 18 80,evens,regular,3
2022-12-07T01:45:00Z,195,13 79 62 22 56 30 45 47 60 66 61 26 19 42 80 10 58 41 72 67,tails,major,1
2022-12-07T01:48:00Z,197,45 42 26 12 23 31 10 21 38 78 16 17 25 2 67 79 56 49 64 72,heads,regular,1
2022-12-07T01:51:00Z,198,10 66 74 43 61 16 5 63 40 28 37 41 54 27 20 58 42 53 21 79,tails,regular,4
2022-12-07T01:54:00Z,199,32 1 58 61 51 5 7 19 34 14 80 47 56 22 8 35 78 29 30 60,heads,minor,5
2022-12-07T01:57:00Z,200,35 47 4 29 22 14 8 26 33 76 65 67 45 51 24 7 42 15 75 37,heads,major,1
2022-12-07T02:00:00Z,201,26 19 9 76 43 27 60 62 2 6 31 7 10 75 8 72 55 33 47 3,heads,regular,1
2022-12-07T02:03:00Z,202,27 77 23 56 2 64 69 11 78 28 20 47 73 30 63 61 15 33 42 75,tails,regular,3
2022-12-07T02:06:00Z,203,59 32 20 67 66 38 35 14 30 56 21 51 53 3 29 41 45 48 1 4,heads,regular,1
2022-12-07T02:09:00Z,204,53 41 19 40 11 38 76 28 80 29 17 57 49 68 22 59 23 62 42 6,evens,regular,1
2022-12-07T02:12:00Z,206,39 61 56 60 55 41 4 64 52 78 24 25 31 16 57 42 70 75 71 43,tails,regular,1
2022-12-07T02:15:00Z,207,2 44 16 17 26 14 5 36 20 57 25 8 40 39 4 35 1 9 15 77,heads,minor,1
2022-12-07T02:18:00Z,208,5 70 41 17 79 23 30 53 43 80 13 6 12 62 33 45 1 29 54 39,heads,regular,2
2022-12-07T02:21:00Z,209,18 65 71 52 54 5 43 21 15 73 50 77 14 32 24 63 22 26 30 53,evens,minor,1
2022-12-07T02:24:00Z,210,78 21 45 35 20 10 47 8 53 62 66 68 36 23 80 65 59 56 51 6,tails,minor,2
2022-12-07T02:27:00Z,211,49 60 31 45 4 19 75 18 7 74 6 50 34 69 67 59 2 42 40 33,evens,minor,2
2022-12-07T02:30:00Z,212,76 10 3 47 41 12 42 46 60 66 44 35 80 27 71 39 17 6 24 52,tails,regular,2
2022-12-07T02:33:00Z,213,2 42 27 79 20 77 38 48 29 18 17 65 58 19 21 16 34 71 60 73,heads,minor,2
2022-12-07T02:36:00Z,215,7 11 26 69 51 43 47 23 55 36 32 30 48 20 64 16 10 60 6 50,heads,major,3
2022-12-07T02:39:00Z,216,13 76 47 26 58 3 35 33 7 24 2 46 15 5 4 27 10 48 79 31,heads,regular,1
2022-12-07T02:42:00Z,217,35 60 59 72 46 47 26 7 11 18 25 75 3 33 73 71 61 13 77 31,evens,regular,2
2022-12-07T02:45:00Z,218,45 35 33 80 47 31 30 78 15 37 24 52 22 43 2 36 44 58 11 5,heads,regular,1
2022-12-07T02:48:00Z,219,63 9 24 34 64 70 57 75 26 12 27 32 71 36 35 66 68 20 62 37,heads,regular,1
2022-12-07T02:51:00Z,220,77 9 37 50 1 54 32 13 68 14 63 51 61 53 36 11 2 29 67 48,evens,regular,2
2022-12-07T02:54:00Z,221,33 50 78 25 60 57 1 70 77 63 17 56 46 2 27 66 10 61 37 12,tails,major,4
2022-12-07T02:57:00Z,222,24 37 78 64 47 40 45 38 54 66 43 13 39 76 46 3 2 75 17 61,tails,minor,2
2022-12-07T03:00:00Z,224,54 35 27 58 6 43 17 45 67 79 4 64 8 12 10 44 69 41 46 73,tails,minor,1
2022-12-07T03:03:00Z,225,68 48 80 44 24 12 56 61 32 11 8 79 37 40 20 65 4 33 71 18,heads,minor,2
2022-12-07T03:06:00Z,226,31 23 30 27 64 20 41 68 56 17 3 76 6 38 42 77 50 9 11 55,heads,regular,3
2022-12-07T03:09:00Z,227,45 22 1 73 40 44 6 15 56 9 31 55 8 19 58 53 18 47 30 76,heads,minor,1
2022-12-07T03:12:00Z,228,71 54 60 31 28 13 69 34 23 2 1 55 29 57 39 40 30 10 36 33,heads,regular,1
2022-12-07T03:15:00Z,229,3 9 36 51 49 16 4 61 54 32 79 11 17 13 70 45 25 12 72 14,heads,regular,1
2022-12-07T03:18:00Z,230,13 80 31 38 54 52 23 27 42 76 28 35 75 3 70 77 74 51 29 59,tails,minor,2
2022-12-07T03:21:00Z,231,23 11 58 28 65 17 2 9 57 1 4 15 29 67 79 5 75 30 6 33,heads,regular,3
2022-12-07T03:24:00Z,233,55 70 31 77 72 13 69 24 51 46 15 36 32 45 6 8 27 74 65 11,evens,major,1
2022-12-07T03:27:00Z,234,67 3 6 10 36 23 74 24 22 64 9 19 41 15 70 7 2 35 34 27,heads,regular,2
2022-12-07T03:30:00Z,235,26 71 48 11 66 64 38 14 52 27 77 15 69 76 5 74 1 49 42 70,tails,minor,1
2022-12-07T03:33:00Z,236,50 15 69 43 73 49 53 41 47 18 70 8 6 1 12 45 62 36 40 5,tails,major,1
2022-12-07T03:36:00Z,237,27 1 29 19 41 10 14 66 57 58 73 61 69 76 37 55 17 38 32 24,heads,regular,3
2022-12-07T03:39:00Z,238,37 72 19 26 47 52 32 63 80 64 4 68 48 45 5 75 8 79 58 43,tails,regular,1
2022-12-07T03:42:00Z,239,31 33 38 7 51 34 50 73 10 23 21 69 25 71 18 29 42 37 52 22,heads,regular,1
2022-12-07T03:45:00Z,240,62 37 59 73 67 34 55 45 72 70 41 17 74 16 47 27 39 69 78 79,tails,major,1
2022-12-07T03:48:00Z,242,47 14 15 17 66 59 4 11 70 52 24 30 3 58 43 44 19 35 41 74,evens,regular,3
2022-12-07T03:51:00Z,243,27 31 54 20 77 32 50 38 40 58 53 57 30 48 70 66 67 76 59 29,tails,minor,3
2022-12-07T03:54:00Z,244,41 77 35 69 31 43 38 3 34 42 54 10 25 75 70 24 18 63 74 57,tails,regular,1
2022-12-07T03:57:00Z,245,51 57 21 52 49 37 24 50 8 79 67 16 61 6 29 30 22 43 27 47,evens,regular,2
2022-12-07T04:00:00Z,246,71 21 15 73 17 34 35 37 58 46 62 12 45 1 53 2 44 74 24 76,evens,regular,1
2022-12-07T04:03:00Z,247,76 64 6 68 9 52 31 23 32 75 57 63 60 56 8 15 37 35 17 46,evens,major,4
2022-12-07T04:06:00Z,248,53 3 20 31 80 24 6 47 14 34 41 73 10 52 48 29 40 63 7 71,heads,major,1
2022-12-07T04:09:00Z,249,2 76 32 30 50 27 10 48 9 31 16 54 4 53 35 65 19 23 8 44,heads,regular,1
2022-12-07T04:12:00Z,251,57 60 38 31 34 45 52 53 36 49 29 39 63 10 64 59 33 35 3 28,heads,regular,1
2022-12-07T04:15:00Z,252,58 24 2 43 8 48 76 32 25 55 52 71 41 77 21 57 27 35 73 14,tails,regular,2
2022-12-07T04:18:00Z,253,30 36 74 60 46 2 42 78 79 43 59 61 57 40 48 45 77 22 12 65,tails,minor,2
2022-12-07T04:21:00Z,254,50 30 35 18 40 63 61 8 15 32 25 3 44 14 57 21 69 24 6 49,heads,minor,1
2022-12-07T04:24:00Z,255,11 52 68 28 9 16 7 5 36 57 17 26 34 80 40 41 63 10 14 66,heads,major,2
2022-12-07T04:27:00Z,256,3 23 33 9 18 7 35 5 25 34 68 49 80 8 79 45 70 48 27 50,heads,regular,3
2022-12-07T04:30:00Z,257,53 44 3 5 48 12 28 13 73 51 26 62 14 24 4 16 17 23 52 66,heads,minor,2
2022-12-07T04:33:00Z,258,19 43 14 22 11 20 45 76 27 42 25 15 2 50 1 54 48 69 61 29,heads,regular,1
2022-12-07T04:36:00Z,260,37 50 32 46 27 6 2 49 60 7 52 8 31 74 51 12 67 30 10 26,heads,regular,1
2022-12-07T04:39:00Z,261,78 9 72 17 15 66 23 4 12 43 37 41 67 63 5 74 48 21 57 69,tails,regular,3
2022-12-07T04:42:00Z,262,14 48 69 8 53 42 33 7 30 59 5 49 61 47 21 19 73 44 32 36,evens,regular,3
2022-12-07T04:45:00Z,263,72 22 14 63 39 25 65 45 19 12 18 23 37 7 43 11 46 76 6 32,heads,regular,3
2022-12-07T04:48:00Z,264,73 20 68 66 61 18 27 2 62 76 72 41 46 56 42 21 1 26 5 15,tails,regular,2
2022-12-07T04:51:00Z,265,9 63 13 22 23 14 59 11 27 24 4 33 43 61 38 80 12 69 77 47,heads,regular,3
2022-12-07T04:54:00Z,266,4 53 78 24 64 58 12 63 14 39 16 8 22 41 3 71 29 61 40 75,heads,regular,2
2022-12-07T04:57:00Z,267,48 1 26 78 12 69 32 72 51 41 52 11 53 31 54 55 22 19 71 76,tails,minor,1
2022-12-07T05:00:00Z,269,61 36 37 12 18 29 51 4 68 76 21 75 41 2 70 64 19 23 72 57,evens,regular,2
2022-12-07T05:03:00Z,270,14 2 23 25 12 46 39 18 42 24 13 17 8 31 53 73 58 40 55 72,heads,regular,3
2022-12-07T05:06:00Z,271,31 40 24 48 78 18 45 60 72 43 65 79 28 42 47 25 64 61 46 69,tails,regular,1
2022-12-07T05:09:00Z,272,62 52 23 63 65 15 2 61 56 41 5 26 8 43 57 6 16 78 44 70,tails,minor,1
2022-12-07T05:12:00Z,273,23 37 35 65 43 75 57 38 34 36 5 40 74 14 68 20 48 55 29 12,heads,minor,1
2022-12-07T05:15:00Z,274,67 5 27 21 58 74 47 18 66 59 19 80 1 15 69 70 24 46 2 22,evens,minor,4
2022-12-07T05:18:00Z,275,68 26 54 75 62 78 15 77 74 38 44 8 37 7 41 23 22 10 25 60,evens,minor,2
2022-12-07T05:21:00Z,276,6 64 39 80 26 27 28 23 22 52 67 51 53 44 16 68 36 77 24 15,heads,regular,1
2022-12-07T05:24:00Z,278,42 74 14 57 68 45 32 79 18 33 80 27 38 23 48 43 54 30 22 4,evens,regular,1
2022-12-07T05:27:00Z,279,66 14 36 20 43 26 33 69 56 17 71 37 30 50 35 54 1 24 59 52,heads,minor,1
2022-12-07T05:30:00Z,280,33 72 6 2 62 21 16 29 14 45 77 32 30 27 10 65 58 60 73 36,heads,regular,1
2022-12-07T05:33:00Z,281,80 5 29 72 49 74 47 18 57 12 3 51 42 46 43 37 22 23 50 67,tails,major,1
2022-12-07T05:36:00Z,282,68 19 2 77 49 18 7 60 55 80 25 53 26 47 12 44 38 8 14 16,heads,minor,1
2022-12-07T05:39:00Z,283,50 60 80 23 62 1 68 15 76 44 28 37 57 51 63 48 74 41 9 56,tails,regular,1
2022-12-07T05:42:00Z,284,37 58 75 28 35 49 39 5 57 33 43 56 79 54 41 80 53 17 13 42,tails,regular,3
2022-12-07T05:45:00Z,285,47 75 45 40 80 18 10 41 69 61 42 71 55 77 32 1 54 3 5 56,tails,regular,2
2022-12-07T05:48:00Z,287,27 71 68 38 61 77 6 66 28 53 16 12 56 74 67 23 5 44 33 47,tails,major,3
2022-12-07T05:51:00Z,288,9 55 32 45 74 62 68 30 31 51 34 50 1 3 35 20 33 47 72 21,heads,regular,1
2022-12-07T05:54:00Z,289,47 25 42 56 14 45 71 40 59 72 53 69 16 73 27 77 36 38 19 55,tails,minor,1
2022-12-07T05:57:00Z,290,33 38 10 24 63 42 20 8 76 58 79 57 56 39 29 53 48 55 35 44,tails,regular,3
2022-12-07T06:00:00Z,291,31 44 59 66 12 21 61 52 68 36 46 79 29 54 17 41 35 30 20 25,evens,minor,3
2022-12-07T06:03:00Z,292,47 10 78 72 27 20 13 17 59 43 54 24 40 31 12 57 70 63 65 76,tails,regular,2
2022-12-07T06:06:00Z,293,63 27 6 73 44 19 31 24 8 40 58 67 29 56 14 5 18 36 16 57,heads,regular,1
2022-12-07T06:09:00Z,294,18 32 76 36 62 67 35 60 80 49 43 24 39 45 71 20 72 47 23 12,tails,major,1
2022-12-07T06:12:00Z,296,58 35 28 8 53 47 80 57 14 29 26 63 40 60 79 45 21 20 27 38,heads,regular,1
2022-12-07T06:15:00Z,297,68 45 60 20 65 46 9 12 78 62 2 74 3 13 44 35 66 39 30 53,tails,regular,3
2022-12-07T06:18:00Z,298,30 50 74 27 9 77 17 8 12 24 79 7 75 40 43 56 46 26 61 70,evens,regular,1
2022-12-07T06:21:00Z,299,48 77 78 60 22 1 15 68 64 52 3 14 45 65 32 18 9 28 34 56,evens,regular,1
2022-12-07T06:24:00Z,300,74 49 53 35 4 54 16 44 56 27 72 33 79 40 52 64 61 1 17 38,tails,major,1
2022-12-07T06:27:00Z,301,14 10 45 67 21 47 64 34 27 76 19 29 1 52 5 12 51 68 20 72,heads,regular,2
2022-12-07T06:30:00Z,302,45 9 38 51 54 79 31 72 56 73 24 78 18 41 6 23 20 58 17 14,evens,regular,1
2022-12-07T06:33:00Z,303,38 74 4 66 35 2 19 46 1 71 18 33 72 51 26 79 68 50 80 9,evens,regular,10
2022-12-07T06:36:00Z,305,65 75 3 64 56 45 24 29 68 36 35 61 49 22 42 34 27 44 13 53,tails,regular,2
2022-12-07T06:39:00Z,306,49 25 79 4 63 40 46 72 76 68 12 1 29 34 2 58 78 77 18 41,tails,major,3
2022-12-07T06:42:00Z,307,27 1 35 42 6 13 76 2 49 18 3 7 52 28 44 26 34 43 47 70,heads,regular,1
2022-12-07T06:45:00Z,308,57 20 45 61 32 40 35 65 73 51 56 80 25 27 10 36 14 64 72 49,tails,regular,1
2022-12-07T06:48:00Z,309,63 28 41 66 74 59 38 55 35 45 76 9 42 61 8 20 19 37 39 46,tails,regular,1
2022-12-07T06:51:00Z,310,26 52 11 6 21 77 45 29 30 15 46 75 59 42 40 14 64 33 60 17,heads,regular,1
2022-12-07T06:54:00Z,311,43 60 30 31 3 9 68 57 21 32 29 22 27 72 58 78 13 35 75 37,heads,regular,1
2022-12-07T06:57:00Z,312,37 8 9 6 59 2 34 68 21 63 72 52 31 70 5 69 26 30 80 79,heads,regular,3
2022-12-07T07:00:00Z,314,40 73 10 76 72 3 33 45 75 74 2 71 57 39 7 79 59 24 22 60,tails,regular,5
2022-12-07T07:03:00Z,315,48 78 17 38 30 27 61 73 19 54 33 60 46 26 72 24 58 75 47 25,tails,major,1
2022-12-07T07:06:00Z,316,64 53 20 14 31 21 6 2 11 72 56 3 45 22 33 40 4 59 68 55,heads,minor,3
2022-12-07T07:09:00Z,317,60 80 54 63 52 48 23 58 46 71 76 26 13 44 56 11 38 75 59 14,tails,regular,1
2022-12-07T07:12:00Z,318,66 16 8 71 45 33 10 50 47 62 40 59 56 73 61 79 75 23 42 76,tails,regular,1
2022-12-07T07:15:00Z,319,35 37 28 74 29 17 3 76 71 9 45 54 70 47 57 22 50 42 11 14,evens,regular,2
2022-12-07T07:18:00Z,320,76 19 25 72 40 31 33 64 62 51 5 73 24 2 47 80 42 21 20 12,heads,regular,3
2022-12-07T07:21:00Z,321,54 10 3 33 47 55 4 35 23 13 67 27 60 74 46 70 12 72 68 57,tails,major,4
2022-12-07T07:24:00Z,323,18 8 72 27 76 39 13 49 42 71 10 60 62 9 11 23 41 3 30 36,heads,minor,2
2022-12-07T07:27:00Z,324,19 42 46 78 76 33 20 5 75 36 32 74 10 53 49 66 9 29 47 77,tails,regular,3
2022-12-07T07:30:00Z,325,76 63 12 48 55 29 37 75 35 24 23 13 43 40 31 56 16 45 33 66,heads,regular,1
2022-12-07T07:33:00Z,326,75 19 43 3 16 53 74 4 10 14 79 42 5 54 13 18 25 8 61 50,heads,regular,1
2022-12-07T07:36:00Z,327,59 11 58 75 20 37 9 14 42 73 35 2 15 67 60 18 30 50 6 44,heads,major,1
2022-12-07T07:39:00Z,328,37 50 39 54 76 10 63 62 41 19 47 51 79 67 52 31 73 42 18 23,tails,minor,1
2022-12-07T07:42:00Z,329,15 52 76 58 77 5 11 29 14 33 47 25 36 67 17 64 53 38 37 51,heads,minor,10
2022-12-07T07:45:00Z,330,77 59 22 16 52 80 1 47 13 3 71 60 70 27 53 24 15 42 7 62,tails,regular,2
2022-12-07T07:48:00Z,332,60 47 12 53 13 45 6 69 38 56 41 20 11 10 16 23 77 68 40 29,heads,regular,2
2022-12-07T07:51:00Z,333,18 78 54 17 37 73 33 47 43 51 11 10 34 14 20 74 56 48 13 71,evens,minor,1
2022-12-07T07:54:00Z,334,77 6 55 41 14 25 58 53 57 31 2 44 32 78 17 64 1 24 52 23,evens,regular,5
2022-12-07T07:57:00Z,335,9 64 31 66 28 49 39 38 8 55 35 20 44 67 29 5 1 71 53 15,heads,minor,5
2022-12-07T08:00:00Z,336,47 44 36 28 50 52 65 8 51 69 21 34 29 7 33 3 60 75 59 48,tails,regular,2
2022-12-07T08:03:00Z,337,80 31 24 47 76 15 77 64 18 61 54 59 33 32 79 17 26 62 43 63,tails,minor,2
2022-12-07T08:06:00Z,338,64 15 7 16 57 59 71 74 42 48 70 34 44 66 58 38 8 80 67 31,tails,minor,1
2022-12-07T08:09:00Z,339,67 48 79 61 25 56 53 3 45 47 46 41 35 71 42 8 54 19 17 31,tails,major,4
2022-12-07T08:12:00Z,341,55 64 21 46 6 67 79 4 69 48 53 5 14 34 31 22 52 39 54 50,tails,regular,1
2022-12-07T08:15:00Z,342,74 41 59 39 38 78 53 24 22 33 27 72 16 60 10 47 56 9 51 61,tails,regular,3
2022-12-07T08:18:00Z,343,14 1 65 49 27 48 19 2 28 58 39 55 11 31 67 61 21 5 37 32,heads,regular,3
2022-12-07T08:21:00Z,344,54 29 8 31 30 71 51 74 5 43 25 69 11 61 1 42 23 17 21 56,heads,major,1
2022-12-07T08:24:00Z,345,80 15 42 38 36 66 71 34 6 24 26 27 69 52 49 12 11 79 7 74,heads,regular,1
2022-12-07T08:27:00Z,346,55 61 40 54 43 44 33 37 42 18 70 77 67 76 66 68 48 60 25 50,tails,regular,3
2022-12-07T08:30:00Z,347,17 72 15 74 44 38 76 68 63 51 9 8 65 37 42 66 47 19 32 30,tails,regular,1
2022-12-07T08:33:00Z,348,51 38 31 59 20 71 25 42 50 37 23 18 75 60 70 10 61 15 36 28,heads,regular,1
2022-12-07T08:36:00Z,350,29 73 38 35 68 65 2 56 34 13 23 48 32 19 43 6 63 11 62 22,heads,minor,2
2022-12-07T08:39:00Z,351,19 65 47 23 20 13 75 32 41 54 4 57 14 27 18 73 42 1 60 70,evens,regular,1
2022-12-07T08:42:00Z,352,29 11 74 43 78 30 7 2 76 20 69 79 71 26 25 28 21 34 10 59,heads,regular,1
2022-12-07T08:45:00Z,353,53 11 10 67 17 59 58 34 49 37 66 21 19 3 13 32 38 20 72 16,heads,regular,1
2022-12-07T08:48:00Z,354,44 26 72 36 48 30 41 53 8 10 37 54 71 64 58 21 57 35 22 67,tails,regular,1
2022-12-07T08:51:00Z,355,40 78 12 66 46 51 42 56 13 35 58 74 25 71 36 70 68 61 41 55,tails,major,4
2022-12-07T08:54:00Z,356,59 22 6 66 49 18 62 19 10 2 39 44 16 29 68 23 13 14 48 63,heads,regular,3
2022-12-07T08:57:00Z,357,64 47 23 9 21 70 7 48 12 14 75 38 32 25 63 58 30 31 33 5,heads,regular,5
2022-12-07T09:00:00Z,359,30 7 66 38 45 34 32 48 67 6 5 57 35 71 26 40 11 3 42 28,heads,regular,1
2022-12-07T09:03:00Z,360,1 73 64 62 10 34 58 27 59 66 13 77 45 25 33 40 12 2 52 53,evens,major,2
2022-12-07T09:06:00Z,361,50 67 22 39 36 23 6 57 52 47 35 79 18 43 27 76 44 53 75 26,tails,regular,2
2022-12-07T09:09:00Z,362,48 32 13 61 56 1 43 46 19 77 35 10 16 28 67 15 29 18 76 4,heads,regular,1
2022-12-07T09:12:00Z,363,40 42 59 79 76 28 58 11 51 57 17 52 32 3 77 70 4 63 69 45,tails,regular,2
2022-12-07T09:15:00Z,364,46 70 69 44 61 64 32 38 53 41 51 40 76 33 43 80 1 79 12 9,tails,regular,1
2022-12-07T09:18:00Z,365,37 10 58 12 26 40 61 30 6 8 41 70 5 35 57 25 60 33 48 15,heads,regular,1
2022-12-07T09:21:00Z,366,70 62 11 63 7 38 20 75 76 25 8 9 36 66 23 39 6 1 21 77,heads,regular,1
2022-12-07T09:24:00Z,368,31 12 46 36 20 75 77 23 32 19 6 63 45 72 56 51 71 4 8 22,heads,minor,4
2022-12-07T09:27:00Z,369,20 45 57 75 29 26 39 62 54 79 77 32 58 22 37 64 34 12 73 17,evens,regular,1
2022-12-07T09:30:00Z,370,47 26 29 34 67 42 20 74 75 48 72 8 70 16 28 50 40 22 55 58,tails,regular,3
2022-12-07T09:33:00Z,371,39 50 74 27 5 16 51 57 8 40 10 38 13 66 56 78 29 20 63 47,heads,minor,3
2022-12-07T09:36:00Z,372,41 80 33 38 29 75 35 20 56 40 42 43 17 63 22 37 68 8 45 6,heads,regular,2
2022-12-07T09:39:00Z,373,63 8 41 67 50 60 31 75 36 27 7 5 57 51 3 73 28 9 48 74,tails,regular,1
2022-12-07T09:42:00Z,374,13 70 53 30 2 6 51 40 28 65 57 43 17 76 74 78 61 75 9 72,tails,regular,3
2022-12-07T09:45:00Z,375,6 22 62 26 4 36 79 16 2 13 77 68 14 65 44 9 61 39 12 72,heads,minor,5
2022-12-07T09:48:00Z,377,18 25 40 45 50 33 30 43 37 53 70 9 46 38 10 51 62 60 72 11,evens,regular,2
2022-12-07T09:51:00Z,378,66 74 48 30 62 47 68 49 36 80 16 1 25 23 20 32 79 55 5 18,evens,regular,1
2022-12-07T09:54:00Z,379,71 14 28 37 54 7 39 51 9 16 5 32 45 10 33 23 27 69 52 38,heads,regular,3
2022-12-07T09:57:00Z,380,55 52 71 7 10 5 30 62 13 3 58 66 59 37 67 69 17 18 25 23,heads,regular,1
2022-12-07T10:00:00Z,381,48 17 63 61 18 52 45 53 71 72 65 14 51 34 9 40 35 68 42 12,tails,regular,3
2022-12-07T10:03:00Z,382,80 52 48 49 60 78 3 54 47 15 65 37 61 14 18 20 71 5 21 77,tails,regular,2
2022-12-07T10:06:00Z,383,73 5 58 10 29 34 40 63 71 6 15 47 16 68 4 18 51 46 8 72,heads,regular,2
2022-12-07T10:09:00Z,384,78 39 56 75 57 5 8 45 30 33 36 50 23 60 48 80 70 27 11 2,evens,regular,3
2022-12-07T10:12:00Z,386,67 16 50 46 37 49 5 22 69 66 71 54 11 38 27 2 74 7 12 8,heads,regular,2
2022-12-07T10:15:00Z,387,57 45 60 14 9 80 35 12 7 63 68 18 20 21 73 59 79 53 75 61,tails,regular,1
2022-12-07T10:18:00Z,388,34 2 61 62 8 63 41 11 4 43 15 28 48 74 21 44 16 36 79 5,heads,regular,1
2022-12-07T10:21:00Z,389,68 30 32 54 56 7 43 34 80 44 75 31 77 78 16 28 70 36 27 55,tails,regular,2
2022-12-07T10:24:00Z,390,45 9 47 36 52 13 39 24 41 72 18 53 55 4 6 71 80 8 30 76,evens,regular,3
2022-12-07T10:27:00Z,391,27 13 39 73 49 51 80 47 24 45 6 18 17 25 34 32 14 2 12 63,heads,regular,1
2022-12-07T10:30:00Z,392,15 44 60 3 34 79 21 56 19 54 61 42 38 39 27 26 43 52 68 75,tails,minor,3
2022-12-07T10:33:00Z,393,52 27 33 45 61 28 80 60 22 40 23 38 26 20 12 70 35 29 13 62,heads,regular,2
2022-12-07T10:36:00Z,395,53 33 13 49 10 28 61 31 72 60 40 12 2 47 58 7 20 80 42 66,evens,minor,2
2022-12-07T10:39:00Z,396,13 8 78 25 38 36 73 22 17 32 29 64 18 10 56 16 45 80 34 66,heads,minor,2
2022-12-07T10:42:00Z,397,26 35 47 36 8 34 37 46 43 70 80 55 66 79 74 75 7 78 42 39,tails,major,1
2022-12-07T10:45:00Z,398,21 32 26 54 41 22 57 12 48 17 72 80 56 73 75 19 59 13 58 52,tails,regular,1
2022-12-07T10:48:00Z,399,56 33 2 64 61 71 17 20 78 38 72 63 14 34 49 32 25 29 52 11,heads,regular,3
2022-12-07T10:51:00Z,400,13 74 54 41 60 15 42 32 62 61 29 39 26 19 34 52 11 80 4 57,evens,minor,10
2022-12-07T10:54:00Z,401,65 37 23 49 80 2 62 39 13 75 30 68 61 72 59 31 48 8 74 18,tails,major,1
2022-12-07T10:57:00Z,402,78 71 55 46 22 77 67 25 76 21 12 59 40 36 1 64 44 72 74 38,tails,regular,1
2022-12-07T11:00:00Z,404,80 74 76 77 68 19 56 37 70 34 25 28 65 6 20 73 3 16 1 48,evens,regular,3
2022-12-07T11:03:00Z,405,71 74 5 41 58 46 64 17 79 13 60 59 55 51 23 73 16 22 7 76,tails,minor,1
2022-12-07T11:06:00Z,406,6 78 43 44 52 7 65 13 39 45 46 16 17 70 20 9 74 55 15 10,evens,minor,2
2022-12-07T11:09:00Z,407,51 14 66 42 72 5 70 61 19 30 29 23 48 52 16 3 71 18 54 73,tails,regular,2
2022-12-07T11:12:00Z,408,69 28 21 80 27 59 60 71 36 63 20 64 45 79 31 10 74 42 56 6,tails,regular,2
2022-12-07T11:15:00Z,409,22 20 80 43 27 50 62 55 33 48 6 19 41 58 10 47 72 28 54 79,tails,regular,1
2022-12-07T11:18:00Z,410,31 45 16 37 20 41 53 52 44 70 68 50 8 46 59 76 54 62 10 75,tails,regular,2
2022-12-07T11:21:00Z,411,27 42 5 24 46 35 29 61 6 70 30 19 51 71 64 38 32 23 44 52,heads,minor,4
2022-12-07T11:24:00Z,413,56 31 5 28 54 42 80 78 44 19 33 40 14 30 53 12 3 71 73 77,evens,regular,2
2022-12-07T11:27:00Z,414,5 62 56 33 34 35 47 19 64 57 39 37 29 72 21 58 36 38 75 41,heads,regular,1
2022-12-07T11:30:00Z,415,45 63 55 20 62 6 39 61 29 80 3 21 37 53 75 69 13 46 67 74,tails,regular,3
2022-12-07T11:33:00Z,416,38 67 58 42 33 15 52 7 75 68 80 30 72 12 1 55 13 44 76 53,tails,regular,3
2022-12-07T11:36:00Z,417,70 10 19 1 54 18 52 69 73 59 40 5 48 57 63 42 45 29 16 34,tails,regular,3
2022-12-07T11:39:00Z,418,63 69 47 19 4 12 9 43 1 2 58 33 29 18 36 79 21 30 28 32,heads,regular,1
2022-12-07T11:42:00Z,419,37 15 32 4 21 12 78 41 9 51 44 16 54 75 70 80 19 25 56 46,evens,major,1
2022-12-07T11:45:00Z,420,30 79 27 46 45 18 24 13 78 72 37 21 6 80 14 73 50 33 5 26,heads,regular,2
2022-12-07T11:48:00Z,422,56 36 2 69 72 80 30 43 16 31 21 71 35 63 48 54 60 23 26 28,evens,regular,2
2022-12-07T11:51:00Z,423,16 29 40 74 38 34 72 1 44 58 36 75 59 79 70 77 39 17 62 61,tails,regular,3
2022-12-07T11:54:00Z,424,23 45 59 6 51 9 27 29 75 1 24 53 46 7 42 79 13 4 30 49,heads,regular,2
2022-12-07T11:57:00Z,425,24 28 11 74 22 26 72 9 21 10 62 14 38 71 68 60 53 65 76 42,evens,regular,2
2022-12-07T12:00:00Z,426,26 56 36 30 80 1 48 34 21 28 70 16 65 7 77 51 11 31 35 64,heads,minor,3
2022-12-07T12:03:00Z,427,64 47 19 79 78 55 46 26 56 67 12 25 8 14 65 33 49 27 63 4,tails,regular,1
2022-12-07T12:06:00Z,428,22 33 53 25 7 16 20 49 56 2 10 14 54 51 77 69 63 80 39 32,heads,minor,4
2022-12-07T12:09:00Z,429,33 15 14 71 22 60 73 65 50 49 72 59 10 23 38 63 29 1 74 42,tails,regular,3
2022-12-07T12:12:00Z,431,31 40 47 62 21 39 48 15 41 66 71 9 34 1 32 24 56 8 36 2,heads,major,2
2022-12-07T12:15:00Z,432,9 1 76 68 47 33 58 11 65 21 15 49 53 44 79 63 28 66 19 12,tails,regular,2
2022-12-07T12:18:00Z,433,1 60 17 47 78 21 9 33 80 4 54 53 39 5 40 32 7 70 24 15,heads,regular,3
2022-12-07T12:21:00Z,434,22 30 59 62 58 77 14 24 47 39 34 56 11 19 9 63 60 68 18 27,heads,regular,1
2022-12-07T12:24:00Z,435,31 24 41 38 64 45 12 13 9 14 40 27 58 35 19 48 25 8 61 28,heads,minor,1
2022-12-07T12:27:00Z,436,72 22 4 15 61 75 46 33 12 78 11 43 79 69 49 26 25 21 64 74,tails,regular,1
2022-12-07T12:30:00Z,437,14 35 8 59 66 70 26 73 61 21 25 49 78 76 20 29 1 9 62 32,heads,minor,2
2022-12-07T12:33:00Z,438,46 41 47 2 70 18 11 19 67 35 52 20 33 79 23 32 66 27 21 39,heads,minor,3
2022-12-07T12:36:00Z,440,18 16 43 12 77 39 28 33 22 63 38 66 3 30 5 27 53 55 13 67,heads,regular,1
2022-12-07T12:39:00Z,441,24 54 27 45 65 9 38 43 7 39 18 1 73 62 77 35 23 47 30 41,heads,regular,4
2022-12-07T12:42:00Z,442,54 57 32 13 9 37 21 58 35 6 24 49 40 53 41 73 8 77 23 15,heads,major,1
2022-12-07T12:45:00Z,443,11 31 68 58 45 73 17 39 6 46 50 56 63 25 42 32 35 66 71 8,tails,regular,10
2022-12-07T12:48:00Z,444,10 18 40 8 17 58 71 12 1 20 60 35 80 56 42 9 14 76 15 11,heads,regular,1
2022-12-07T12:51:00Z,445,10 43 23 14 74 33 30 45 49 3 53 47 46 18 78 56 37 34 38 62,evens,minor,1
2022-12-07T12:54:00Z,446,41 65 35 69 39 59 64 79 5 63 24 72 23 74 31 2 10 19 60 43,tails,minor,1
2022-12-07T12:57:00Z,447,41 25 21 68 28 16 1 73 8 61 66 77 64 18 23 80 31 56 44 24,evens,regular,2
2022-12-07T13:00:00Z,449,35 73 11 41 19 1 3 46 50 38 52 10 60 33 71 51 21 63 40 28,heads,major,1
2022-12-07T13:03:00Z,450,49 9 21 12 69 27 14 67 3 8 48 19 56 76 10 79 42 72 41 59,tails,minor,2
2022-12-07T13:06:00Z,451,23 5 3 36 37 44 48 7 33 31 29 72 1 52 10 39 64 24 55 13,heads,regular,1
2022-12-07T13:09:00Z,452,3 30 40 46 21 16 34 11 22 29 62 52 12 53 42 67 77 28 43 25,heads,regular,1
2022-12-07T13:12:00Z,453,51 47 66 71 67 34 55 54 53 25 58 43 64 19 60 26 75 24 12 7,tails,major,1
2022-12-07T13:15:00Z,454,31 21 22 46 34 44 35 12 19 13 61 29 52 77 40 45 51 41 75 67,evens,regular,1
2022-12-07T13:18:00Z,455,42 28 22 26 76 68 29 50 34 45 44 32 66 65 19 80 61 33 38 23,evens,regular,3
2022-12-07T13:21:00Z,456,27 9 49 64 56 72 52 67 18 19 8 53 57 16 66 37 14 15 20 28,heads,regular,1
2022-12-07T13:24:00Z,458,10 48 47 56 9 63 68 29 80 39 41 73 40 1 78 74 53 54 12 52,tails,regular,10
2022-12-07T13:27:00Z,459,36 32 63 35 60 28 23 16 68 58 30 26 77 27 34 45 12 13 80 53,heads,regular,3
2022-12-07T13:30:00Z,460,21 10 63 58 71 3 11 55 33 65 57 37 34 13 26 30 75 12 68 46,heads,major,1
2022-12-07T13:33:00Z,461,51 28 74 11 43 3 41 58 32 76 27 72 55 66 29 5 78 48 65 7,tails,major,1
2022-12-07T13:36:00Z,462,73 2 41 34 32 25 10 80 38 60 70 9 59 51 65 61 14 75 11 28,evens,regular,4
2022-12-07T13:39:00Z,463,4 7 6 78 28 2 19 34 23 77 5 56 31 43 53 35 20 67 46 61,heads,regular,1
2022-12-07T13:42:00Z,464,7 40 49 17 47 42 45 62 30 52 5 41 72 75 29 28 48 54 25 66,tails,regular,1
2022-12-07T13:45:00Z,465,59 24 32 72 22 14 65 40 28 26 76 13 61 5 57 42 41 10 80 19,heads,regular,1
2022-12-07T13:48:00Z,467,54 74 27 12 3 55 21 53 52 7 75 11 22 19 30 59 61 20 34 17,heads,minor,1
2022-12-07T13:51:00Z,468,61 5 23 55 17 31 57 21 59 52 51 8 40 12 15 75 9 70 22 16,heads,regular,5
2022-12-07T13:54:00Z,469,45 8 52 73 49 68 12 38 33 51 78 9 20 26 61 4 40 75 48 23,evens,regular,1
2022-12-07T13:57:00Z,470,35 16 13 32 77 38 75 60 50 22 19 54 1 15 41 12 73 53 45 27,heads,regular,4
2022-12-07T14:00:00Z,471,54 31 40 46 21 26 6 37 74 47 10 28 12 73 39 71 52 20 32 35,heads,regular,5
2022-12-07T14:03:00Z,472,51 44 12 29 59 32 76 25 71 33 22 55 43 52 65 63 47 58 60 9,tails,regular,2
2022-12-07T14:06:00Z,473,4 74 24 62 73 63 16 78 70 72 15 52 49 46 29 17 10 55 35 58,tails,regular,1
2022-12-07T14:09:00Z,474,69 77 44 80 25 28 73 48 71 70 52 54 7 9 24 60 1 42 59 50,tails,regular,1
2022-12-07T14:12:00Z,476,21 76 25 46 24 2 16 7 43 14 18 75 5 60 54 12 28 79 67 31,heads,minor,2
2022-12-07T14:15:00Z,477,4 30 54 64 5 44 38 20 9 16 36 63 18 40 53 49 12 33 80 74,heads,minor,2
2022-12-07T14:18:00Z,478,31 45 80 9 23 34 55 70 63 24 35 21 71 29 5 72 78 52 36 38,heads,minor,2
2022-12-07T14:21:00Z,479,16 78 28 53 44 71 57 10 50 19 45 48 80 41 58 77 29 37 13 73,tails,regular,10
2022-12-07T14:24:00Z,480,15 63 50 72 69 57 44 48 23 74 47 8 46 45 36 52 33 35 62 76,tails,minor,3
2022-12-07T14:27:00Z,481,50 41 37 29 55 70 32 21 68 1 76 14 74 24 51 60 23 65 52 43,tails,minor,3
2022-12-07T14:30:00Z,482,71 56 43 42 47 53 10 30 74 28 22 26 27 7 41 18 51 72 19 2,evens,minor,3
2022-12-07T14:33:00Z,483,19 52 71 38 28 66 42 76 47 56 36 33 78 22 15 75 29 10 6 49,evens,major,4
2022-12-07T14:36:00Z,485,22 80 48 33 9 68 21 7 36 3 20 54 60 67 72 77 35 61 6 47,evens,minor,3
2022-12-07T14:39:00Z,486,21 33 48 5 22 1 52 59 47 73 54 61 65 45 20 39 4 38 60 64,tails,minor,2
2022-12-07T14:42:00Z,487,28 3 77 76 11 22 60 46 48 7 31 13 35 55 57 16 78 56 51 19,evens,regular,1
2022-12-07T14:45:00Z,488,73 6 79 28 58 39 5 19 7 3 49 4 21 31 55 40 77 71 59 35,heads,regular,1
2022-12-07T14:48:00Z,489,50 56 17 14 33 11 32 69 12 2 60 39 9 66 24 40 77 47 22 8,heads,minor,5
2022-12-07T14:51:00Z,490,59 23 13 70 50 78 69 71 11 49 54 56 35 14 5 63 22 8 26 20,evens,regular,3
2022-12-07T14:54:00Z,491,54 60 64 58 11 49 4 44 8 23 75 6 51 46 65 32 37 21 48 78,tails,regular,1
2022-12-07T14:57:00Z,492,57 13 22 46 6 51 54 48 37 67 14 44 16 79 59 73 30 58 49 35,tails,regular,1
2022-12-07T15:00:00Z,494,69 41 46 55 7 22 53 40 17 42 36 65 52 70 20 9 3 63 25 60,tails,regular,2
2022-12-07T15:03:00Z,495,33 32 74 5 2 12 41 61 16 15 13 11 73 30 39 63 42 77 75 24,heads,regular,2
2022-12-07T15:06:00Z,496,71 59 67 56 54 55 19 30 37 28 69 10 70 58 57 15 77 61 16 40,tails,minor,1
2022-12-07T15:09:00Z,497,17 18 80 8 62 64 50 14 24 5 6 43 76 22 27 40 49 61 1 77,heads,regular,3
2022-12-07T15:12:00Z,498,75 25 45 14 27 17 65 18 34 58 3 76 7 53 57 77 43 16 52 63,tails,regular,2
2022-12-07T15:15:00Z,499,12 8 74 77 39 7 61 42 70 15 18 26 51 37 22 1 25 46 71 9,heads,regular,1
2022-12-07T15:18:00Z,500,13 30 49 6 69 5 9 7 50 68 4 66 37 43 14 21 34 16 80 58,heads,minor,3
2022-12-07T15:21:00Z,501,79 11 39 21 61 15 45 58 75 24 50 62 47 68 65 26 8 22 32 77,tails,regular,2
2022-12-07T15:24:00Z,503,68 80 46 54 22 75 72 20 48 27 38 44 56 74 66 29 49 23 61 12,tails,regular,1
2022-12-07T15:27:00Z,504,13 35 50 61 47 1 78 49 77 10 32 48 63 74 39 14 25 70 71 72,tails,regular,1
2022-12-07T15:30:00Z,505,37 34 68 3 39 55 13 57 28 17 32 46 45 40 7 8 53 15 27 77,heads,major,2
2022-12-07T15:33:00Z,506,73 37 56 59 34 23 51 46 20 54 5 44 64 69 16 53 55 63 1 49,tails,major,3
2022-12-07T15:36:00Z,507,68 22 74 54 25 13 80 41 50 33 44 17 47 28 26 7 75 51 23 52,tails,major,4
2022-12-07T15:39:00Z,508,73 54 79 60 40 17 8 34 33 43 20 14 38 55 80 50 49 72 70 2,tails,regular,3
2022-12-07T15:42:00Z,509,79 76 16 31 34 45 78 39 14 68 11 21 2 54 23 20 40 49 36 38,heads,regular,3
2022-12-07T15:45:00Z,510,66 60 49 74 12 41 79 21 51 63 18 75 45 64 54 80 16 11 69 22,tails,minor,3
2022-12-07T15:48:00Z,512,40 2 3 38 59 28 17 61 65 66 31 18 1 52 80 53 23 43 75 24,heads,regular,3
2022-12-07T15:51:00Z,513,37 17 58 31 10 23 64 53 6 74 45 15 46 55 67 40 52 78 34 5,evens,regular,2
2022-12-07T15:54:00Z,514,19 40 78 68 56 50 66 15 51 74 64 18 20 77 13 46 5 72 44 62,tails,regular,1
2022-12-07T15:57:00Z,515,5 69 76 64 74 15 65 54 55 40 18 6 66 78 9 63 11 2 16 35,evens,regular,3
2022-12-07T16:00:00Z,516,18 22 76 78 9 74 37 65 30 71 49 40 10 64 5 39 27 32 35 46,heads,major,1
2022-12-07T16:03:00Z,517,5 44 74 1 4 33 39 21 46 64 77 18 31 12 40 72 53 54 28 50,heads,minor,2
2022-12-07T16:06:00Z,518,67 8 30 45 59 56 3 2 62 65 52 16 47 26 69 24 71 1 27 17,evens,regular,1
2022-12-07T16:09:00Z,519,55 64 71 40 20 66 42 9 79 29 41 12 21 15 39 49 30 52 56 69,tails,regular,3
2022-12-07T16:12:00Z,521,34 11 80 66 14 30 70 52 46 10 17 48 68 27 56 6 49 36 76 1,evens,regular,1
2022-12-07T16:15:00Z,522,27 61 21 18 48 57 47 42 28 39 79 77 73 78 53 26 54 62 55 65,tails,regular,2
2022-12-07T16:18:00Z,523,22 68 32 54 27 16 7 3 43 61 1 4 53 42 17 60 37 70 12 45,heads,regular,1
2022-12-07T16:21:00Z,524,9 56 63 68 51 16 67 79 2 38 73 62 77 47 1 44 5 11 14 59,tails,regular,10
2022-12-07T16:24:00Z,525,79 62 46 17 20 60 18 16 72 11 45 44 48 39 64 8 49 61 71 57,tails,regular,1
2022-12-07T16:27:00Z,526,40 49 32 37 31 1 21 20 48 12 15 74 29 59 47 51 77 76 9 13,heads,regular,1
2022-12-07T16:30:00Z,527,19 37 2 80 31 72 73 69 1 20 3 58 47 27 10 21 18 42 67 11,heads,regular,1
2022-12-07T16:33:00Z,528,38 61 3 69 35 29 34 74 43 17 65 5 32 56 66 40 77 63 10 51,evens,minor,2
2022-12-07T16:36:00Z,530,58 14 22 72 42 38 66 39 6 11 62 49 28 80 73 41 45 43 48 31,tails,minor,2
2022-12-07T16:39:00Z,531,35 31 19 55 43 4 51 58 14 57 6 69 37 62 26 8 78 45 39 18,heads,regular,1
2022-12-07T16:42:00Z,532,54 27 7 71 38 4 79 16 36 64 6 40 50 77 5 28 12 66 44 2,heads,regular,3
2022-12-07T16:45:00Z,533,33 56 50 78 66 68 73 2 30 32 47 76 16 46 11 23 42 48 58 18,tails,regular,1
2022-12-07T16:48:00Z,534,19 6 18 71 73 58 17 44 49 54 41 16 68 62 74 33 75 7 38 23,tails,regular,2
2022-12-07T16:51:00Z,535,49 15 28 37 79 27 8 50 30 72 34 21 47 35 22 31 1 55 2 70,heads,regular,1
2022-12-07T16:54:00Z,536,36 60 5 39 62 4 71 74 17 69 51 65 3 73 80 66 78 54 49 72,tails,regular,3
2022-12-07T16:57:00Z,537,78 28 56 51 55 52 38 18 64 77 40 15 74 68 6 12 30 35 69 41,tails,minor,1
2022-12-07T17:00:00Z,539,16 56 20 14 39 62 25 19 13 37 52 80 53 66 78 44 49 4 5 31,heads,minor,3
2022-12-07T17:03:00Z,540,43 3 16 38 29 44 9 21 30 10 36 56 14 2 37 45 7 76 57 25,heads,minor,1
2022-12-07T17:06:00Z,541,35 63 44 32 10 15 34 56 60 47 33 20 70 28 26 69 41 74 25 6,heads,major,1
2022-12-07T17:09:00Z,542,26 47 69 79 7 80 22 40 21 54 36 17 64 60 1 77 6 55 29 27,heads,regular,2
2022-12-07T17:12:00Z,543,25 40 3 59 7 39 63 29 56 18 35 34 70 41 73 10 80 49 55 6,heads,regular,1
2022-12-07T17:15:00Z,544,41 5 15 74 33 48 22 68 32 50 18 2 4 61 16 11 29 56 21 34,heads,minor,1
2022-12-07T17:18:00Z,545,43 73 78 10 80 39 59 40 76 1 26 52 33 42 36 60 54 48 25 5,tails,regular,2
2022-12-07T17:21:00Z,546,24 63 22 77 62 9 4 53 57 64 41 61 37 66 79 71 44 59 48 58,tails,regular,5
2022-12-07T17:24:00Z,548,40 54 6 19 9 70 48 47 23 3 15 76 7 21 41 20 71 69 2 66,heads,regular,3
2022-12-07T17:27:00Z,549,36 74 66 79 2 73 78 41 40 34 68 46 21 55 62 9 13 25 31 33,evens,minor,3
2022-12-07T17:30:00Z,550,65 77 28 46 60 13 69 73 22 9 39 19 18 20 16 75 35 14 49 44,heads,regular,2
2022-12-07T17:33:00Z,551,71 25 64 76 23 47 36 6 26 77 38 19 16 72 60 43 31 63 51 54,tails,minor,2
2022-12-07T17:36:00Z,552,79 78 52 8 71 59 54 6 5 4 63 9 69 28 40 68 51 61 80 14,tails,regular,1
2022-12-07T17:39:00Z,553,44 34 54 59 32 56 23 31 79 71 11 6 41 63 24 58 35 22 20 77,evens,regular,2
2022-12-07T17:42:00Z,554,46 14 58 39 79 45 15 17 3 61 69 56 63 30 51 9 27 68 42 64,tails,minor,3
2022-12-07T17:45:00Z,555,20 27 55 9 23 31 40 66 17 34 49 16 26 4 41 44 59 63 47 11,heads,minor,1
2022-12-07T17:48:00Z,557,6 27 16 45 69 34 23 55 62 14 13 64 24 58 57 63 52 47 29 1,evens,regular,1
2022-12-07T17:51:00Z,558,68 79 3 34 53 4 78 20 28 61 57 76 50 80 12 1 77 60 29 13,tails,regular,1
2022-12-07T17:54:00Z,559,30 44 61 60 78 4 55 33 67 52 21 1 17 15 5 62 51 80 28 9,evens,regular,1
2022-12-07T17:57:00Z,560,58 43 2 37 9 54 56 23 6 76 52 78 47 65 19 60 53 75 31 13,tails,regular,3
2022-12-07T18:00:00Z,561,26 32 35 64 56 65 28 70 11 49 34 19 21 37 45 5 77 59 66 62,evens,regular,1
2022-12-07T18:03:00Z,562,50 70 37 46 78 15 42 18 23 64 36 20 54 28 39 69 58 67 44 49,tails,minor,1
2022-12-07T18:06:00Z,563,48 61 10 49 70 3 31 18 32 20 56 73 16 51 29 9 74 60 33 14,heads,regular,3
2022-12-07T18:09:00Z,564,38 21 37 61 70 11 2 27 62 59 31 74 19 71 3 28 46 66 20 22,heads,regular,1
2022-12-07T18:12:00Z,566,17 38 7 76 11 28 5 58 36 53 52 72 30 39 46 18 32 25 21 1,heads,regular,3
2022-12-07T18:15:00Z,567,30 21 9 65 31 34 3 51 19 12 45 75 41 74 23 67 56 44 8 39,heads,regular,1
2022-12-07T18:18:00Z,568,35 60 57 13 27 44 1 55 36 68 34 69 5 62 9 52 29 38 15 39,heads,minor,3
2022-12-07T18:21:00Z,569,54 33 56 72 8 16 31 14 59 23 55 3 35 41 65 57 11 69 10 46,evens,regular,4
2022-12-07T18:24:00Z,570,48 52 8 9 37 49 10 58 77 29 62 19 69 11 64 26 60 15 16 33,heads,regular,2
2022-12-07T18:27:00Z,571,35 64 15 12 26 16 54 38 37 2 68 79 53 60 56 6 27 40 48 13,heads,regular,2
2022-12-07T18:30:00Z,572,43 74 22 7 6 50 46 68 24 19 52 38 10 55 33 1 49 57 39 20,heads,regular,1
2022-12-07T18:33:00Z,573,41 77 23 62 21 31 30 4 59 49 67 33 32 13 18 3 25 20 74 40,heads,major,1
2022-12-07T18:36:00Z,575,15 10 36 44 17 35 11 64 19 22 24 47 25 73 75 62 13 45 1 65,heads,minor,2
2022-12-07T18:39:00Z,576,41 69 36 14 52 60 74 59 46 1 48 64 19 35 67 26 28 3 76 45,tails,regular,3
2022-12-07T18:42:00Z,577,73 49 40 60 1 6 15 47 38 18 35 59 31 13 28 79 61 30 7 55,heads,minor,3
2022-12-07T18:45:00Z,578,31 76 10 11 51 52 23 65 42 63 19 24 74 55 70 26 36 57 78 6,tails,major,1
2022-12-07T18:48:00Z,579,44 39 8 75 63 49 27 43 38 12 22 5 56 46 74 2 28 66 7 29,heads,regular,1
2022-12-07T18:51:00Z,580,25 74 38 75 32 41 36 59 61 53 80 51 69 62 50 20 8 9 71 26,tails,minor,2
2022-12-07T18:54:00Z,581,27 29 19 65 36 46 44 49 4 14 71 24 47 67 21 57 8 39 6 68,heads,regular,1
2022-12-07T18:57:00Z,582,59 69 30 13 77 68 49 54 66 74 29 53 78 42 64 56 51 73 62 43,tails,regular,2
2022-12-07T19:00:00Z,584,68 62 16 35 30 4 11 46 45 14 58 43 78 21 41 73 66 54 6 32,tails,regular,2
2022-12-07T19:03:00Z,585,25 70 2 30 64 72 56 52 7 41 20 29 71 45 77 10 28 31 36 1,heads,major,1
2022-12-07T19:06:00Z,586,54 80 21 59 29 42 73 50 76 18 39 10 66 4 25 74 69 3 75 41,tails,regular,1
2022-12-07T19:09:00Z,587,76 75 53 11 80 26 51 73 78 45 46 65 28 6 35 29 57 71 42 36,tails,regular,2
2022-12-07T19:12:00Z,588,73 5 58 79 28 17 22 34 46 38 32 44 37 50 68 3 25 57 10 13,heads,minor,3
2022-12-07T19:15:00Z,589,11 73 16 58 22 17 40 54 70 41 45 43 39 64 42 4 28 80 34 20,evens,regular,2
2022-12-07T19:18:00Z,590,65 10 44 35 23 34 75 5 69 63 15 36 11 66 67 78 17 2 64 73,evens,regular,1
2022-12-07T19:21:00Z,591,33 70 19 32 73 57 23 12 7 59 26 3 6 13 37 66 62 8 68 60,heads,regular,2
2022-12-07T19:24:00Z,593,34 20 19 52 80 51 58 57 31 64 7 8 61 23 70 62 42 2 60 15,tails,regular,3
2022-12-07T19:27:00Z,594,11 23 1 15 49 78 79 17 34 44 68 41 56 24 72 4 29 58 26 16,heads,minor,3
2022-12-07T19:30:00Z,595,19 36 57 4 64 9 25 8 72 12 16 24 63 48 14 40 23 32 76 80,heads,major,1
2022-12-07T19:33:00Z,596,46 16 8 67 7 11 40 20 48 18 45 19 32 77 56 71 4 36 2 23,heads,minor,3
2022-12-07T19:36:00Z,597,32 50 70 71 51 67 19 44 73 2 56 59 66 53 57 6 63 79 45 18,tails,regular,3
2022-12-07T19:39:00Z,598,64 58 16 74 30 50 65 36 77 23 43 61 4 53 14 1 5 18 52 28,evens,minor,4
2022-12-07T19:42:00Z,599,35 15 78 76 79 74 7 52 19 67 48 39 37 77 33 17 38 57 40 6,heads,regular,3
2022-12-07T19:45:00Z,600,61 8 2 37 4 75 12 49 1 26 35 44 41 25 68 21 48 43 67 57,evens,minor,2
2022-12-07T19:48:00Z,602,69 5 42 66 26 70 75 23 71 31 12 63 80 47 56 72 36 8 52 18,tails,regular,1
2022-12-07T19:51:00Z,603,28 19 72 80 48 71 38 54 44 60 51 62 34 5 9 21 25 53 46 18,tails,regular,4
2022-12-07T19:54:00Z,604,48 14 33 47 72 52 24 17 2 64 40 37 66 27 46 41 10 71 25 31,heads,major,1
2022-12-07T19:57:00Z,605,4 62 59 61 66 10 1 70 17 52 36 14 63 9 37 56 28 20 65 30,heads,minor,2
2022-12-07T20:00:00Z,606,15 58 33 72 10 48 31 24 13 16 56 53 66 5 67 37 49 3 77 54,evens,minor,3
2022-12-07T20:03:00Z,607,40 59 68 42 45 57 55 50 71 31 16 79 80 24 28 11 61 72 34 54,tails,major,1
2022-12-07T20:06:00Z,608,32 27 74 21 65 19 52 33 73 3 46 14 9 7 6 66 60 72 41 78,evens,regular,2
2022-12-07T20:09:00Z,609,27 51 2 1 18 34 35 79 29 72 40 21 53 55 39 15 74 8 26 56,heads,regular,2
2022-12-07T20:12:00Z,611,30 2 76 12 39 68 59 57 13 50 9 56 63 80 23 74 29 4 34 65,evens,regular,2
2022-12-07T20:15:00Z,612,76 62 60 2 50 43 49 46 6 31 72 35 70 54 64 26 27 29 32 33,tails,regular,3
2022-12-07T20:18:00Z,613,41 50 59 39 18 57 30 67 53 44 3 21 1 28 71 14 61 35 74 10,evens,regular,2
2022-12-07T20:21:00Z,614,1 75 19 8 25 20 61 62 53 12 77 78 65 42 60 44 27 16 13 39,evens,regular,1
2022-12-07T20:24:00Z,615,71 79 61 43 10 20 69 1 32 17 57 35 65 34 23 49 64 76 9 39,evens,regular,1
2022-12-07T20:27:00Z,616,80 45 11 22 57 69 60 6 25 14 77 32 36 12 34 47 54 8 79 35,heads,regular,2
2022-12-07T20:30:00Z,617,44 6 22 54 46 40 11 79 45 49 50 55 29 15 38 78 24 60 48 43,tails,regular,2
2022-12-07T20:33:00Z,618,46 64 17 5 61 44 26 36 52 80 74 28 3 20 32 50 66 42 55 6,tails,regular,1
2022-12-07T20:36:00Z,620,26 1 70 41 11 30 39 9 28 40 43 71 34 48 8 45 6 31 61 56,heads,regular,1
2022-12-07T20:39:00Z,621,48 32 44 71 64 79 47 19 65 6 27 46 22 59 12 57 62 39 66 7,tails,major,3
2022-12-07T20:42:00Z,622,60 41 59 65 43 1 12 49 30 5 75 25 11 17 44 15 57 23 14 70,evens,regular,3
2022-12-07T20:45:00Z,623,21 8 50 57 79 43 69 18 34 6 4 45 70 10 1 71 63 68 40 14,evens,regular,2
2022-12-07T20:48:00Z,624,45 9 68 7 77 48 52 65 31 25 37 44 22 75 19 74 59 60 76 13,tails,regular,2
2022-12-07T20:51:00Z,625,21 70 42 18 66 3 60 37 32 75 53 61 79 1 30 63 57 15 12 22,evens,regular,2
2022-12-07T20:54:00Z,626,30 41 61 80 28 19 66 22 53 21 1 23 54 47 58 43 24 5 51 69,tails,regular,3
2022-12-07T20:57:00Z,627,80 27 56 44 39 42 76 64 29 2 34 1 77 40 46 6 32 15 20 69,heads,regular,3
2022-12-07T21:00:00Z,629,17 32 75 80 51 1 73 43 5 63 69 53 36 35 45 25 66 23 4 59,tails,regular,1
2022-12-07T21:03:00Z,630,73 20 32 61 47 80 25 72 39 41 8 31 24 78 3 6 75 52 50 26,evens,regular,2
2022-12-07T21:06:00Z,631,55 2 23 38 8 59 66 77 40 46 16 14 56 67 34 52 15 36 33 11,heads,minor,3
2022-12-07T21:09:00Z,632,4 7 78 37 58 59 54 8 49 45 30 35 77 74 31 64 26 13 57 69,tails,regular,2
2022-12-07T21:12:00Z,633,40 25 10 58 53 80 4 51 79 60 57 63 56 46 12 59 54 36 16 65,tails,regular,3
2022-12-07T21:15:00Z,634,38 17 7 3 2 36 12 14 19 41 73 75 72 30 5 69 47 32 70 15,heads,regular,1
2022-12-07T21:18:00Z,635,38 24 21 7 41 13 61 19 15 18 23 36 44 14 80 29 1 34 76 50,heads,regular,2
2022-12-07T21:21:00Z,636,66 46 57 45 26 3 78 61 72 77 14 79 52 19 8 11 58 30 80 75,tails,regular,2
2022-12-07T21:24:00Z,638,78 45 6 1 4 24 66 80 17 37 9 29 33 48 31 26 8 36 47 72,heads,minor,1
2022-12-07T21:27:00Z,639,29 79 75 10 68 67 42 65 76 2 64 48 9 40 55 14 77 21 26 50,tails,regular,2
2022-12-07T21:30:00Z,640,6 8 27 1 37 20 78 66 38 72 30 65 7 71 41 51 24 4 68 64,heads,regular,1
2022-12-07T21:33:00Z,641,24 64 44 14 60 46 9 17 75 69 43 74 21 6 78 19 35 20 55 22,evens,regular,2
2022-12-07T21:36:00Z,642,43 11 65 57 37 10 44 6 23 46 40 62 60 22 32 39 36 15 80 68,heads,regular,3
2022-12-07T21:39:00Z,643,20 16 60 55 78 18 13 68 17 61 23 43 6 49 80 36 58 1 76 27,evens,minor,10
2022-12-07T21:42:00Z,644,71 69 39 35 55 22 58 52 51 11 40 16 9 65 62 25 76 13 37 53,evens,regular,3
2022-12-07T21:45:00Z,645,1 20 33 14 62 32 15 2 36 28 5 55 24 74 4 63 71 35 46 17,heads,minor,3
2022-12-07T21:48:00Z,647,25 70 19 38 60 65 39 44 35 72 17 23 59 6 57 51 9 20 77 63,evens,regular,2
2022-12-07T21:51:00Z,648,49 27 48 47 40 52 38 50 8 44 46 41 45 58 43 70 26 79 37 74,tails,regular,1
2022-12-07T21:54:00Z,649,58 8 40 23 65 51 53 7 36 69 10 67 33 15 20 6 57 59 5 60,heads,minor,2
2022-12-07T21:57:00Z,650,27 17 52 61 43 68 5 36 9 15 44 21 45 66 28 58 2 13 26 42,heads,regular,1
2022-12-07T22:00:00Z,651,11 68 72 49 54 15 38 45 59 43 55 21 22 48 35 29 46 42 70 17,tails,regular,2
2022-12-07T22:03:00Z,652,60 3 22 2 52 38 51 67 21 80 43 58 64 46 70 44 13 71 11 62,tails,regular,2
2022-12-07T22:06:00Z,653,60 40 52 76 25 11 27 33 69 37 21 12 68 28 62 58 29 6 42 47,heads,regular,2
2022-12-07T22:09:00Z,654,60 10 6 25 11 8 45 18 2 16 51 27 63 49 32 65 54 74 35 52,heads,minor,2
2022-12-07T22:12:00Z,656,69 63 43 33 28 73 16 15 2 30 4 49 55 48 37 47 61 65 38 3,evens,regular,3
2022-12-07T22:15:00Z,657,19 74 60 45 68 16 55 38 47 2 64 30 80 40 23 17 61 26 7 54,evens,minor,3
2022-12-07T22:18:00Z,658,1 74 9 47 65 10 70 69 64 49 4 17 50 26 12 48 51 75 76 32,tails,regular,2
2022-12-07T22:21:00Z,659,56 25 5 53 16 39 2 66 22 70 32 57 47 31 41 44 33 77 24 54,evens,regular,3
2022-12-07T22:24:00Z,660,16 7 63 62 61 72 8 52 73 40 9 22 70 44 32 78 75 23 37 65,tails,regular,1
2022-12-07T22:27:00Z,661,3 26 66 33 18 50 47 12 8 20 13 42 40 65 55 28 60 29 19 44,heads,regular,1
2022-12-07T22:30:00Z,662,75 44 59 4 71 27 34 23 16 39 45 36 72 28 29 47 10 5 15 38,heads,regular,1
2022-12-07T22:33:00Z,663,30 23 14 76 4 15 27 37 53 43 49 62 13 24 48 9 79 68 41 34,heads,regular,2
2022-12-07T22:36:00Z,665,9 31 32 50 79 10 75 27 70 25 80 23 40 62 61 53 49 8 36 51,evens,minor,2
2022-12-07T22:39:00Z,666,75 23 59 5 57 10 36 64 19 22 43 11 4 54 53 63 60 44 8 56,tails,minor,2
2022-12-07T22:42:00Z,667,69 39 16 57 44 77 33 79 14 34 67 61 47 1 25 54 2 28 42 43,tails,minor,1
2022-12-07T22:45:00Z,668,37 51 13 22 65 61 52 46 43 35 19 23 50 54 4 40 31 75 10 70,evens,regular,2
2022-12-07T22:48:00Z,669,68 63 31 66 41 26 70 39 3 69 76 57 16 74 38 75 62 6 8 54,tails,regular,1
2022-12-07T22:51:00Z,670,65 20 40 74 43 76 39 53 5 44 61 33 1 6 42 55 26 51 10 67,tails,minor,2
2022-12-07T22:54:00Z,671,5 65 18 57 70 62 35 34 30 72 73 69 53 31 33 51 11 27 38 32,heads,regular,1
2022-12-07T22:57:00Z,672,39 7 62 69 45 23 44 51 21 20 57 64 17 26 12 55 9 35 42 54,evens,regular,2
2022-12-07T23:00:00Z,674,27 68 10 78 24 4 1 62 42 60 66 18 49 56 53 14 11 9 26 36,heads,regular,2
2022-12-07T23:03:00Z,675,26 41 18 76 55 42 36 78 53 63 44 58 35 33 5 1 24 19 46 43,tails,regular,3
2022-12-07T23:06:00Z,676,3 14 21 30 46 37 33 43 63 65 11 50 32 74 2 41 5 7 34 35,heads,minor,3
2022-12-07T23:09:00Z,677,48 26 11 36 57 5 51 8 60 16 25 46 19 38 28 58 10 70 59 56,heads,minor,5
2022-12-07T23:12:00Z,678,36 73 7 32 4 18 56 74 67 44 11 24 50 55 20 38 45 27 8 13,heads,regular,2
2022-12-07T23:15:00Z,679,35 64 38 73 28 40 58 3 52 4 15 11 10 45 77 21 31 41 18 60,heads,minor,2
2022-12-07T23:18:00Z,680,80 25 44 60 14 5 48 65 74 67 43 73 41 66 22 69 12 36 11 71,tails,regular,1
2022-12-07T23:21:00Z,681,14 16 70 37 50 78 76 46 59 9 48 54 32 35 62 75 39 79 40 29,tails,regular,2
2022-12-07T23:24:00Z,683,26 73 69 33 11 3 64 76 52 72 80 66 16 18 10 67 6 12 74 8,evens,regular,2
2022-12-07T23:27:00Z,684,27 29 77 35 74 49 68 63 37 17 70 2 16 30 15 45 39 59 24 75,heads,major,4
2022-12-07T23:30:00Z,685,2 70 10 54 30 29 24 77 3 23 8 5 58 69 19 27 71 26 74 36,heads,regular,1
2022-12-07T23:33:00Z,686,12 40 2 3 44 47 71 74 66 1 39 53 5 52 65 29 60 41 11 24,evens,minor,3
2022-12-07T23:36:00Z,687,35 49 19 50 39 16 55 11 66 17 38 56 54 27 78 67 1 63 10 13,heads,major,2
2022-12-07T23:39:00Z,688,7 19 75 42 61 36 39 5 17 77 63 53 43 10 21 64 28 26 14 76,heads,regular,2
2022-12-07T23:42:00Z,689,27 68 71 72 57 26 49 29 13 56 52 43 40 54 60 65 55 69 32 53,tails,minor,3
2022-12-07T23:45:00Z,690,73 77 4 33 68 58 65 64 80 48 21 28 39 6 51 74 18 76 78 55,tails,major,2
2022-12-07T23:48:00Z,692,72 24 10 53 73 68 36 60 79 44 9 41 55 49 3 26 37 69 66 64,tails,regular,1
2022-12-07T23:51:00Z,693,28 80 18 67 62 12 11 51 2 58 7 71 16 74 70 50 75 9 26 60,tails,minor,1
2022-12-07T23:54:00Z,694,48 27 6 35 20 38 32 42 18 24 46 29 45 57 49 73 62 77 21 30,heads,regular,3
2022-12-07T23:57:00Z,695,37 61 9 50 49 33 68 36 10 16 21 28 79 73 41 27 23 26 52 1,heads,regular,3
2022-12-08T00:00:00Z,696,30 69 1 22 71 21 44 64 33 66 11 80 65 70 52 77 79 42 53 73,tails,regular,3
2022-12-08T00:03:00Z,697,14 18 50 80 59 56 54 35 71 77 73 22 7 68 16 55 60 31 38 24,tails,regular,1
2022-12-08T00:06:00Z,698,36 68 24 14 8 62 27 10 33 20 39 58 5 61 59 41 54 45 73 50,evens,minor,3
2022-12-08T00:09:00Z,699,20 37 77 66 65 19 28 2 58 1 8 76 18 47 74 61 52 10 34 5,heads,regular,4
2022-12-08T00:12:00Z,701,70 68 4 59 29 13 26 7 41 78 8 73 19 76 69 23 1 72 74 28,evens,regular,4
2022-12-08T00:15:00Z,702,43 61 10 33 62 18 47 4 77 63 14 19 37 31 48 27 28 26 40 21,heads,minor,1
2022-12-08T00:18:00Z,703,30 67 12 10 45 57 1 60 48 27 26 52 76 41 75 16 23 8 59 70,tails,regular,2
2022-12-08T00:21:00Z,704,6 73 42 2 5 56 76 29 38 60 45 21 16 43 40 61 68 36 17 48,evens,regular,5
2022-12-08T00:24:00Z,705,64 77 41 74 67 35 49 69 31 21 38 53 76 30 16 15 14 37 43 61,tails,major,1
2022-12-08T00:27:00Z,706,72 55 5 39 67 71 29 70 7 56 13 24 3 59 46 75 14 8 58 17,evens,major,1
2022-12-08T00:30:00Z,707,76 21 1 58 5 32 29 13 17 28 8 56 27 33 12 36 79 18 35 4,heads,regular,2
2022-12-08T00:33:00Z,708,15 67 45 56 34 12 53 17 13 32 54 69 23 33 79 40 24 7 4 14,heads,regular,1
2022-12-08T00:36:00Z,710,70 60 24 65 3 13 51 56 7 40 11 42 47 39 58 26 23 16 78 21,heads,regular,3
2022-12-08T00:39:00Z,711,48 6 18 55 80 73 78 1 30 38 64 44 20 60 71 46 63 51 65 35,tails,regular,1
2022-12-08T00:42:00Z,712,20 27 47 54 42 71 67 69 14 8 70 11 31 78 29 3 53 38 30 18,heads,regular,2
2022-12-08T00:45:00Z,713,36 68 51 43 78 55 56 19 74 67 15 59 24 73 8 9 18 76 42 30,tails,regular,1
2022-12-08T00:48:00Z,714,51 46 41 58 4 45 14 2 72 52 69 73 54 79 22 29 61 33 6 75,tails,minor,3
2022-12-08T00:51:00Z,715,20 61 76 54 11 33 3 15 69 42 48 45 30 9 36 64 10 46 24 58,evens,regular,5
2022-12-08T00:54:00Z,716,20 29 62 78 39 26 75 30 25 3 32 41 76 46 74 68 40 72 67 65,tails,regular,2
2022-12-08T00:57:00Z,717,68 53 8 39 3 2 23 36 6 49 73 13 42 32 16 63 52 59 40 50,heads,minor,5
2022-12-08T01:00:00Z,719,71 67 56 8 63 20 15 21 70 38 35 18 32 44 45 57 17 40 24 59,heads,regular,1
2022-12-08T01:03:00Z,720,63 71 20 38 8 26 19 80 67 37 13 68 47 21 73 59 11 46 57 52,tails,regular,3
2022-12-08T01:06:00Z,721,1 34 62 5 57 52 23 46 79 68 30 12 27 4 56 33 37 2 70 49,heads,regular,1
2022-12-08T01:09:00Z,722,68 8 56 58 5 75 60 65 57 36 61 27 19 20 34 18 9 11 46 62,evens,regular,2
2022-12-08T01:12:00Z,723,47 21 28 27 38 12 57 26 15 4 18 62 29 53 22 7 80 78 51 11,heads,regular,1
2022-12-08T01:15:00Z,724,21 48 22 50 26 14 9 68 76 28 23 4 10 79 27 18 53 24 29 69,heads,regular,1
2022-12-08T01:18:00Z,725,10 75 4 42 30 35 51 78 36 38 29 31 22 63 67 62 65 47 48 72,tails,regular,1
2022-12-08T01:21:00Z,726,77 38 18 27 4 55 1 51 66 43 67 44 35 41 25 61 19 75 36 5,evens,major,1
2022-12-08T01:24:00Z,728,30 25 71 15 10 28 41 7 62 33 67 48 1 39 53 11 21 43 13 46,heads,minor,1
2022-12-08T01:27:00Z,729,12 65 40 25 33 21 48 23 62 1 78 35 67 3 50 73 27 55 56 28,heads,minor,1
2022-12-08T01:30:00Z,730,22 68 26 79 71 38 64 55 1 73 30 17 40 42 33 6 4 2 65 15,heads,minor,1
2022-12-08T01:33:00Z,731,56 66 54 48 3 69 35 17 30 44 24 62 16 51 64 18 60 58 76 65,tails,minor,3
2022-12-08T01:36:00Z,732,35 37 54 36 63 80 29 69 13 21 7 19 16 10 11 55 32 31 8 67,heads,regular,1
2022-12-08T01:39:00Z,733,25 20 65 6 29 44 75 78 21 64 66 32 50 69 19 4 41 11 62 76,tails,regular,3
2022-12-08T01:42:00Z,734,69 24 43 32 65 34 52 75 60 18 79 76 27 70 73 4 56 77 11 50,tails,major,3
2022-12-08T01:45:00Z,735,14 18 52 29 8 73 44 46 20 17 58 70 50 49 39 65 28 66 57 60,tails,regular,3
2022-12-08T01:48:00Z,737,66 77 9 37 44 32 80 15 4 16 75 71 45 33 65 28 49 20 22 31,heads,regular,2
2022-12-08T01:51:00Z,738,10 15 28 78 53 61 54 7 27 18 65 33 1 60 9 48 77 6 66 41,evens,regular,3
2022-12-08T01:54:00Z,739,57 7 46 60 63 16 28 75 6 13 77 72 62 54 35 39 5 29 59 56,tails,regular,3
2022-12-08T01:57:00Z,740,15 54 1 11 70 73 60 3 29 36 46 48 39 22 50 9 38 25 64 24,heads,regular,1
2022-12-08T02:00:00Z,741,47 31 43 16 68 46 56 76 38 44 79 71 77 33 6 60 35 40 7 52,tails,regular,1
2022-12-08T02:03:00Z,742,30 28 29 44 36 64 4 67 74 75 62 2 11 59 52 42 22 8 58 32,evens,regular,3
2022-12-08T02:06:00Z,743,26 9 40 55 48 32 23 47 24 37 45 56 3 54 64 71 75 25 63 70,tails,regular,3
2022-12-08T02:09:00Z,744,16 65 75 51 70 64 13 53 38 39 48 45 69 15 25 46 54 52 10 77,tails,regular,1
2022-12-08T02:12:00Z,746,63 72 10 57 79 25 26 78 30 7 9 14 23 28 71 41 64 4 12 20,heads,regular,1
2022-12-08T02:15:00Z,747,67 15 27 32 76 9 77 21 79 70 49 38 51 72 75 46 60 55 66 33,tails,minor,3
2022-12-08T02:18:00Z,748,77 57 79 30 45 71 66 23 54 59 29 5 33 72 9 51 35 2 34 40,evens,minor,2
2022-12-08T02:21:00Z,749,9 38 71 75 63 47 77 57 5 68 37 8 35 11 41 43 13 18 20 65,evens,regular,2
2022-12-08T02:24:00Z,750,68 24 23 67 33 15 70 37 43 13 48 40 62 77 74 34 80 35 39 45,evens,regular,10
2022-12-08T02:27:00Z,751,49 41 7 5 30 54 65 28 2 69 36 51 78 19 37 16 4 38 34 26,heads,regular,3
2022-12-08T02:30:00Z,752,20 50 9 26 62 51 67 6 28 65 78 46 25 4 52 70 15 56 16 38,evens,minor,2
2022-12-08T02:33:00Z,753,14 22 47 17 63 78 28 15 35 80 8 13 20 70 34 26 23 18 7 72,heads,regular,2
2022-12-08T02:36:00Z,755,50 61 57 42 59 65 6 63 27 58 71 46 66 13 10 29 8 11 2 20,tails,major,2
2022-12-08T02:39:00Z,756,16 3 12 63 20 44 78 52 19 18 61 25 45 5 50 31 74 30 7 15,heads,regular,2
2022-12-08T02:42:00Z,757,58 63 46 65 55 80 4 22 41 12 44 37 39 49 47 53 34 13 69 70,tails,regular,1
2022-12-08T02:45:00Z,758,33 45 3 63 6 46 72 38 58 27 57 75 13 62 43 24 35 2 65 26,evens,minor,1
2022-12-08T02:48:00Z,759,54 6 18 22 45 39 27 60 32 30 51 26 31 49 71 25 20 1 46 7,heads,regular,3
2022-12-08T02:51:00Z,760,17 25 50 69 13 47 48 62 64 35 29 1 22 36 41 3 32 80 8 71,heads,regular,2
2022-12-08T02:54:00Z,761,70 25 32 26 1 14 71 47 77 39 31 46 4 61 73 42 69 19 8 11,heads,minor,2
2022-12-08T02:57:00Z,762,20 4 27 52 14 63 18 45 64 23 3 33 50 15 19 38 49 79 1 31,heads,regular,3
2022-12-08T03:00:00Z,764,11 61 32 26 20 5 51 63 53 66 80 65 30 4 36 46 41 56 52 76,tails,minor,1
2022-12-08T03:03:00Z,765,43 62 16 49 34 13 69 31 14 68 30 80 61 72 46 19 20 63 22 78,tails,major,1
2022-12-08T03:06:00Z,766,49 62 44 46 37 63 59 48 52 28 31 42 72 10 39 25 76 2 41 67,tails,major,1
2022-12-08T03:09:00Z,767,55 10 36 4 47 31 35 42 45 44 26 39 8 41 37 16 68 27 7 32,heads,regular,3
2022-12-08T03:12:00Z,768,2 64 24 26 59 31 63 78 69 12 45 29 20 52 4 76 10 34 60 74,evens,minor,1
2022-12-08T03:15:00Z,769,34 54 53 35 45 25 59 66 7 22 40 4 79 37 80 28 63 13 17 5,heads,minor,2
2022-12-08T03:18:00Z,770,11 73 39 23 48 70 78 15 57 69 46 58 18 77 52 75 50 2 10 45,tails,minor,3
2022-12-08T03:21:00Z,771,45 50 54 6 20 10 73 28 9 7 30 79 12 4 11 80 38 59 34 62,heads,regular,1
2022-12-08T03:24:00Z,773,30 46 51 57 52 9 56 69 47 36 62 10 70 23 68 66 43 44 35 54,tails,minor,1
2022-12-08T03:27:00Z,774,59 79 37 67 45 27 6 12 18 73 55 76 3 74 63 64 75 24 40 7,tails,regular,3
2022-12-08T03:30:00Z,775,70 45 41 68 76 26 51 27 49 18 1 43 78 56 61 59 47 60 55 29,tails,regular,2
2022-12-08T03:33:00Z,776,47 54 41 63 6 69 64 59 7 56 57 31 17 42 10 21 30 78 73 3,tails,regular,1
2022-12-08T03:36:00Z,777,46 66 42 54 19 1 75 32 25 33 64 14 35 11 45 56 30 78 3 51,evens,regular,2
2022-12-08T03:39:00Z,778,39 18 6 65 72 41 46 63 80 73 51 62 53 76 14 59 19 60 67 9,tails,minor,1
2022-12-08T03:42:00Z,779,63 57 50 26 40 68 72 8 41 78 15 52 48 5 4 74 20 18 56 37,tails,minor,1
2022-12-08T03:45:00Z,780,54 40 49 46 52 4 33 37 69 29 6 80 75 24 12 66 30 10 20 76,heads,regular,1
2022-12-08T03:48:00Z,782,28 49 11 34 9 17 56 51 19 40 24 35 65 66 63 25 67 73 8 61,heads,regular,2
2022-12-08T03:51:00Z,783,71 26 33 12 60 21 78 8 50 58 3 46 30 80 4 29 52 59 5 63,evens,major,1
2022-12-08T03:54:00Z,784,17 31 62 64 66 22 73 52 12 11 3 9 47 54 50 34 42 80 18 76,tails,minor,10
2022-12-08T03:57:00Z,785,26 9 40 76 27 34 52 58 65 7 61 2 50 29 25 55 62 30 21 45,heads,regular,3
2022-12-08T04:00:00Z,786,17 49 79 36 53 73 10 47 14 21 71 3 54 11 23 8 20 37 55 43,heads,minor,2
2022-12-08T04:03:00Z,787,77 79 1 34 53 12 20 46 63 35 59 56 45 39 80 28 14 75 33 23,evens,major,3
2022-12-08T04:06:00Z,788,23 28 42 71 41 11 46 56 40 12 34 77 30 66 9 54 5 20 51 44,evens,minor,2
2022-12-08T04:09:00Z,789,34 19 61 24 79 8 29 73 76 58 41 36 50 18 74 71 62 44 4 11,tails,major,3
2022-12-08T04:12:00Z,791,77 16 54 35 74 14 52 13 71 43 48 63 28 78 50 69 61 10 79 23,tails,minor,3
2022-12-08T04:15:00Z,792,51 65 25 44 69 50 43 66 23 20 27 1 72 11 42 48 52 12 16 73,tails,regular,2
2022-12-08T04:18:00Z,793,18 80 76 6 73 47 21 25 26 2 48 49 70 60 7 34 66 5 9 35,heads,regular,3
2022-12-08T04:21:00Z,794,57 70 38 17 43 56 27 35 54 60 42 31 34 75 53 76 61 16 25 19,tails,minor,2
2022-12-08T04:24:00Z,795,27 33 14 53 65 79 7 8 36 30 18 17 15 47 60 66 4 74 38 35,heads,regular,3
2022-12-08T04:27:00Z,796,15 12 8 53 57 38 74 61 42 40 52 41 37 48 34 39 66 44 72 76,tails,regular,1
2022-12-08T04:30:00Z,797,70 24 36 9 54 50 25 18 26 58 33 15 34 30 75 46 4 44 21 3,heads,regular,3
2022-12-08T04:33:00Z,798,76 60 3 43 70 47 20 62 66 44 48 22 33 75 77 45 8 26 11 21,tails,regular,3
2022-12-08T04:36:00Z,800,47 43 39 37 32 17 70 18 40 49 66 69 6 13 31 12 54 45 14 50,heads,regular,2
2022-12-08T04:39:00Z,801,32 27 48 65 80 54 73 14 47 31 9 72 61 29 6 59 78 51 36 64,tails,regular,10
2022-12-08T04:42:00Z,802,69 22 65 35 41 8 21 63 17 18 80 40 12 70 52 27 44 48 10 76,evens,regular,1
2022-12-08T04:45:00Z,803,75 44 5 40 68 59 4 57 58 35 51 24 62 3 72 27 28 46 38 9,evens,minor,10
2022-12-08T04:48:00Z,804,77 28 58 71 59 10 35 30 16 80 75 41 60 62 73 8 14 69 1 20,tails,regular,1
2022-12-08T04:51:00Z,805,47 2 56 23 3 72 74 9 59 68 11 52 43 60 12 64 28 36 19 37,evens,regular,2
2022-12-08T04:54:00Z,806,9 53 4 41 68 56 35 32 7 22 10 28 47 72 66 74 69 31 42 3,evens,minor,4
2022-12-08T04:57:00Z,807,46 49 7 11 61 68 66 37 18 22 35 71 28 23 12 9 6 36 17 25,heads,regular,10
2022-12-08T05:00:00Z,809,43 54 51 18 80 63 20 40 15 26 37 75 1 19 47 58 24 62 59 57,tails,regular,2
2022-12-08T05:03:00Z,810,41 2 77 1 16 13 28 3 56 10 74 35 40 27 70 36 66 57 62 43,heads,regular,3
2022-12-08T05:06:00Z,811,56 37 33 34 27 18 55 28 39 73 8 80 64 22 71 17 63 47 78 61,evens,major,1
2022-12-08T05:09:00Z,812,34 43 19 47 16 49 3 30 24 37 48 75 77 29 21 9 40 63 57 1,heads,major,1
2022-12-08T05:12:00Z,813,76 9 70 1 59 35 60 8 7 51 54 47 75 63 57 78 14 66 45 33,tails,regular,1
2022-12-08T05:15:00Z,814,37 64 20 41 61 30 32 4 38 59 14 8 76 73 24 33 15 17 48 52,heads,major,1
2022-12-08T05:18:00Z,815,54 63 25 26 80 43 45 67 71 42 27 53 70 74 40 72 11 24 30 66,tails,regular,2
2022-12-08T05:21:00Z,816,65 74 63 29 77 75 22 19 9 30 10 37 33 73 68 1 2 76 55 35,heads,minor,1
2022-12-08T05:24:00Z,818,66 61 51 73 77 16 50 38 4 29 67 33 44 35 32 69 70 75 45 24,tails,regular,2
2022-12-08T05:27:00Z,819,15 66 79 16 80 61 2 10 17 39 12 26 43 40 34 77 59 46 42 51,evens,regular,1
2022-12-08T05:30:00Z,820,46 24 9 56 22 5 13 57 79 62 67 11 60 3 80 16 23 15 52 53,evens,regular,2
2022-12-08T05:33:00Z,821,57 17 37 71 6 69 73 41 27 36 14 21 42 22 43 2 74 24 12 80,heads,regular,1
2022-12-08T05:36:00Z,822,45 63 28 69 2 25 17 48 10 26 27 77 70 7 37 67 32 13 51 55,heads,minor,4
2022-12-08T05:39:00Z,823,17 64 58 41 68 77 66 32 65 8 27 30 21 7 10 71 39 23 53 2,heads,regular,3
2022-12-08T05:42:00Z,824,53 72 12 33 30 43 8 63 68 40 44 35 20 37 2 73 26 80 27 50,heads,regular,3
2022-12-08T05:45:00Z,825,79 25 39 3 80 63 38 36 69 49 13 24 51 6 18 41 73 55 8 70,evens,regular,2
2022-12-08T05:48:00Z,827,33 52 38 16 48 44 17 68 34 76 53 4 63 69 31 3 64 39 13 75,evens,regular,2
2022-12-08T05:51:00Z,828,79 24 26 8 71 48 67 73 63 2 43 59 11 7 38 52 70 4 5 15,evens,regular,1
2022-12-08T05:54:00Z,829,8 14 17 63 9 75 32 28 62 59 67 78 10 44 36 56 77 25 80 40,evens,regular,2
2022-12-08T05:57:00Z,830,18 55 8 20 22 72 48 75 71 52 44 9 11 37 63 79 5 78 40 16,evens,minor,10
2022-12-08T06:00:00Z,831,5 62 27 50 78 41 66 2 32 71 68 12 69 73 38 46 7 36 39 76,tails,minor,2
2022-12-08T06:03:00Z,832,14 42 19 65 68 10 64 40 71 69 60 38 16 53 41 31 62 17 80 57,tails,regular,2
2022-12-08T06:06:00Z,833,68 21 9 42 78 32 33 67 56 19 40 69 12 76 36 26 54 43 15 10,heads,major,2
2022-12-08T06:09:00Z,834,5 21 52 63 12 72 57 36 66 75 68 46 49 64 2 55 6 43 4 16,tails,regular,1
2022-12-08T06:12:00Z,836,15 26 43 71 73 49 10 20 68 72 12 55 13 38 33 44 58 39 80 51,tails,regular,3
2022-12-08T06:15:00Z,837,24 30 53 28 62 57 16 31 71 80 48 45 13 4 38 33 35 64 63 44,evens,regular,2
2022-12-08T06:18:00Z,838,62 38 34 2 3 4 36 5 67 63 41 39 9 24 29 25 18 46 32 80,heads,regular,1
2022-12-08T06:21:00Z,839,9 42 76 53 54 57 38 70 73 18 79 40 74 68 2 50 52 30 28 37,tails,regular,3
2022-12-08T06:24:00Z,840,64 29 59 73 78 69 35 71 80 54 16 6 36 74 32 37 1 33 26 44,evens,regular,2
2022-12-08T06:27:00Z,841,25 8 33 17 47 46 11 41 19 65 77 16 69 31 76 48 36 9 67 38,heads,regular,3
2022-12-08T06:30:00Z,842,79 17 4 59 7 44 8 52 24 46 78 32 21 71 5 20 12 39 36 38,heads,regular,1
2022-12-08T06:33:00Z,843,58 61 32 59 19 10 6 4 42 3 69 13 50 40 77 25 8 24 26 11,heads,minor,3
2022-12-08T06:36:00Z,845,45 79 71 8 44 36 15 41 2 4 74 49 37 28 10 33 46 13 11 6,heads,regular,2
2022-12-08T06:39:00Z,846,30 13 34 23 2 63 64 7 10 54 25 73 27 55 58 56 17 47 77 43,evens,regular,1
2022-12-08T06:42:00Z,847,24 36 73 74 60 47 65 22 69 54 39 57 17 30 19 55 68 76 23 35,tails,regular,1
2022-12-08T06:45:00Z,848,8 39 68 18 62 67 25 31 47 22 48 19 80 9 42 20 32 49 13 14,heads,regular,1
2022-12-08T06:48:00Z,849,3 40 32 62 68 38 57 71 13 54 44 18 7 46 66 8 74 35 78 4,evens,regular,1
2022-12-08T06:51:00Z,850,57 39 80 19 48 59 6 51 72 2 4 14 24 73 76 18 68 33 69 44,tails,minor,3
2022-12-08T06:54:00Z,851,12 15 2 19 54 37 53 8 30 72 1 75 27 7 69 40 80 26 39 24,heads,regular,2
2022-12-08T06:57:00Z,852,55 48 20 12 11 57 50 16 24 44 64 19 35 46 72 66 38 56 80 45,tails,regular,1
2022-12-08T07:00:00Z,854,4 48 19 55 51 24 76 61 70 34 65 75 80 78 15 37 39 29 7 23,evens,major,1
2022-12-08T07:03:00Z,855,80 66 59 29 77 42 64 58 15 69 11 20 57 63 9 37 30 52 2 17,tails,regular,3
2022-12-08T07:06:00Z,856,43 78 28 32 8 79 70 36 73 15 29 80 58 16 23 66 64 42 12 7,evens,regular,3
2022-12-08T07:09:00Z,857,31 53 65 46 62 39 47 25 28 5 41 7 51 3 44 48 37 8 64 35,evens,minor,3
2022-12-08T07:12:00Z,858,3 14 11 20 71 40 37 70 60 8 9 62 48 56 2 46 52 1 15 12,heads,minor,3
2022-12-08T07:15:00Z,859,14 21 37 13 27 35 69 58 40 49 25 73 50 62 4 6 47 80 46 64,evens,regular,1
2022-12-08T07:18:00Z,860,13 22 59 24 32 39 33 8 68 40 15 50 72 28 35 11 51 54 29 18,heads,major,2
2022-12-08T07:21:00Z,861,34 1 12 17 80 66 60 3 7 9 38 55 23 52 37 20 63 10 33 70,heads,regular,2
2022-12-08T07:24:00Z,863,38 62 6 45 60 65 15 64 61 1 79 42 11 55 71 67 72 74 27 76,tails,minor,3
2022-12-08T07:27:00Z,864,12 73 37 18 79 19 46 42 40 3 68 74 21 10 7 20 28 64 48 38,heads,regular,1
2022-12-08T07:30:00Z,865,1 75 19 37 24 62 13 7 73 66 64 21 51 6 61 68 15 29 9 27,heads,regular,1
2022-12-08T07:33:00Z,866,59 23 54 50 44 64 24 11 62 48 14 75 16 3 41 61 77 12 57 51,tails,regular,2
2022-12-08T07:36:00Z,867,25 50 2 54 41 79 65 9 77 37 58 11 42 39 28 22 45 67 3 56,tails,regular,2
2022-12-08T07:39:00Z,868,43 58 29 71 76 4 13 33 18 64 40 9 56 53 6 3 78 27 47 35,heads,minor,3
2022-12-08T07:42:00Z,869,47 1 9 19 45 35 78 13 64 44 25 26 75 40 59 79 27 49 12 3,heads,regular,3
2022-12-08T07:45:00Z,870,2 50 45 18 74 29 73 35 28 14 42 58 9 67 25 31 23 3 78 49,heads,regular,2
2022-12-08T07:48:00Z,872,32 18 14 36 16 28 31 40 33 29 64 48 74 50 3 8 7 35 76 42,heads,regular,10
2022-12-08T07:51:00Z,873,51 48 40 14 25 24 30 38 12 52 19 34 44 47 8 15 3 10 9 72,heads,minor,1
2022-12-08T07:54:00Z,874,45 64 35 20 7 51 28 52 38 67 73 53 69 78 13 56 75 66 4 8,tails,regular,1
2022-12-08T07:57:00Z,875,33 53 17 30 18 43 60 42 75 46 34 63 5 51 56 22 26 80 49 66,tails,major,1
2022-12-08T08:00:00Z,876,47 10 29 28 79 7 18 43 57 40 73 54 24 77 5 63 41 13 33 59,evens,regular,1
2022-12-08T08:03:00Z,877,57 16 66 13 36 56 14 73 30 41 53 52 63 58 50 70 79 55 76 39,tails,minor,1
2022-12-08T08:06:00Z,878,72 26 56 60 7 52 24 18 45 41 14 11 25 29 69 33 2 1 58 42,heads,minor,2
2022-12-08T08:09:00Z,879,15 69 33 32 61 60 8 71 30 58 36 46 42 21 18 11 3 77 27 34,heads,regular,2
2022-12-08T08:12:00Z,881,37 22 36 35 30 24 29 58 44 6 67 19 12 31 45 59 10 47 72 33,heads,regular,3
2022-12-08T08:15:00Z,882,22 68 28 10 63 56 12 40 2 44 48 54 8 37 73 59 72 33 42 77,tails,major,4
2022-12-08T08:18:00Z,883,49 40 31 61 46 2 56 79 72 18 9 77 39 29 6 5 65 80 21 42,evens,major,1
2022-12-08T08:21:00Z,884,41 51 34 21 70 66 28 36 31 19 29 79 9 18 32 6 25 15 24 60,heads,regular,1
2022-12-08T08:24:00Z,885,34 62 12 9 46 22 39 45 3 14 2 65 32 47 28 21 19 38 27 79,heads,regular,2
2022-12-08T08:27:00Z,886,75 29 5 8 71 35 47 16 12 58 63 32 14 48 18 68 50 17 65 21,heads,regular,2
2022-12-08T08:30:00Z,887,8 49 34 60 30 78 66 21 67 9 70 20 4 69 11 18 14 41 53 50,evens,minor,4
2022-12-08T08:33:00Z,888,59 79 67 18 65 69 4 43 40 23 68 30 62 56 50 42 58 55 77 63,tails,regular,3
2022-12-08T08:36:00Z,890,8 33 73 45 40 67 69 68 56 76 18 55 28 15 36 2 62 47 25 50,tails,regular,1
2022-12-08T08:39:00Z,891,32 42 17 26 68 62 15 22 24 75 60 76 41 52 12 35 39 13 6 47,heads,major,2
2022-12-08T08:42:00Z,892,39 79 33 4 58 8 56 80 7 46 16 71 54 59 12 73 68 44 62 53,tails,regular,1
2022-12-08T08:45:00Z,893,36 28 70 43 52 42 79 10 21 24 56 48 5 69 22 75 54 50 71 35,tails,major,1
2022-12-08T08:48:00Z,894,59 57 33 63 16 31 1 76 75 35 26 5 14 39 15 42 40 55 70 32,heads,minor,2
2022-12-08T08:51:00Z,895,46 50 14 22 13 61 39 35 79 60 58 26 29 42 49 48 40 33 43 71,tails,regular,1
2022-12-08T08:54:00Z,896,19 58 36 46 27 30 45 79 42 49 53 59 61 24 65 29 80 72 25 23,tails,regular,1
2022-12-08T08:57:00Z,897,65 52 77 2 25 60 62 57 71 11 45 20 75 51 47 13 46 64 36 70,tails,minor,1
2022-12-08T09:00:00Z,899,1 49 44 59 43 19 21 55 79 47 27 33 61 53 35 24 60 8 30 23,evens,regular,2
2022-12-08T09:03:00Z,900,35 73 67 44 55 5 39 57 51 52 11 48 15 79 45 34 60 61 8 46,tails,regular,2
2022-12-08T09:06:00Z,901,73 34 16 26 29 20 38 15 72 44 10 21 23 75 28 17 12 60 56 33,heads,regular,2
2022-12-08T09:09:00Z,902,65 62 80 19 13 37 49 1 73 20 57 18 61 14 52 58 46 22 76 25,tails,major,4
2022-12-08T09:12:00Z,903,20 78 37 33 72 51 41 2 9 54 6 45 17 18 79 53 13 32 36 48,heads,regular,3
2022-12-08T09:15:00Z,904,9 19 51 48 18 45 6 1 57 35 7 16 8 61 63 60 14 42 38 71,heads,regular,1
2022-12-08T09:18:00Z,905,57 64 4 62 44 6 13 46 59 45 2 77 51 61 74 75 53 8 63 31,tails,minor,1
2022-12-08T09:21:00Z,906,30 76 19 13 60 36 66 15 10 72 42 1 64 43 33 59 55 63 11 5,evens,regular,1
2022-12-08T09:24:00Z,908,72 49 34 70 5 42 66 15 19 31 39 64 36 24 43 59 76 61 2 32,evens,regular,2
2022-12-08T09:27:00Z,909,11 78 44 66 31 50 16 40 47 62 12 9 20 48 39 80 29 54 55 63,tails,regular,1
2022-12-08T09:30:00Z,910,47 32 10 71 8 62 33 43 31 28 44 52 40 14 56 53 25 19 78 42,evens,major,1
2022-12-08T09:33:00Z,911,75 72 56 77 55 53 19 16 66 30 54 29 32 60 48 21 69 25 14 5,tails,regular,3
2022-12-08T09:36:00Z,912,49 72 74 30 50 62 32 47 54 11 48 38 29 16 27 13 25 43 46 61,tails,major,1
2022-12-08T09:39:00Z,913,21 1 73 27 76 60 54 79 78 11 47 62 74 28 12 65 16 56 31 40,tails,major,1
2022-12-08T09:42:00Z,914,6 63 57 23 4 39 74 55 27 18 11 76 45 66 22 25 3 75 10 51,heads,regular,3
2022-12-08T09:45:00Z,915,1 22 77 75 30 20 26 59 69 50 31 42 57 34 80 24 16 70 33 79,evens,minor,1
2022-12-08T09:48:00Z,917,44 11 25 63 71 77 4 75 33 18 16 32 70 60 3 28 61 23 67 19,heads,regular,1
2022-12-08T09:51:00Z,918,26 14 59 63 3 9 80 79 16 5 40 30 8 68 43 32 22 27 15 28,heads,minor,3
2022-12-08T09:54:00Z,919,26 66 55 8 78 37 38 44 49 56 54 73 1 61 15 77 14 76 2 43,tails,regular,1
2022-12-08T09:57:00Z,920,4 39 41 72 65 74 20 16 3 42 73 50 28 56 9 55 52 10 6 32,evens,regular,1
2022-12-08T10:00:00Z,921,55 75 37 47 26 50 15 34 64 13 31 10 28 1 39 78 12 30 25 8,heads,regular,1
2022-12-08T10:03:00Z,922,10 34 63 43 41 58 46 35 39 64 2 36 53 70 14 38 78 30 4 56,evens,minor,2
2022-12-08T10:06:00Z,923,4 24 51 5 12 17 3 25 49 15 66 61 50 41 48 16 69 62 65 38,evens,minor,10
2022-12-08T10:09:00Z,924,64 37 3 22 5 23 16 60 63 79 77 76 69 32 1 7 54 80 53 27,evens,major,4
2022-12-08T10:12:00Z,926,14 13 56 25 26 52 36 59 4 37 2 70 77 28 65 27 69 8 62 73,heads,regular,2
2022-12-08T10:15:00Z,927,54 34 4 61 76 65 46 56 39 74 58 14 16 9 15 11 52 6 12 25,heads,minor,5
2022-12-08T10:18:00Z,928,15 60 7 62 59 6 35 21 66 55 37 78 20 32 69 43 28 75 72 12,evens,regular,1
2022-12-08T10:21:00Z,929,68 67 43 42 44 30 6 54 46 10 37 61 41 9 23 31 75 60 52 80,tails,regular,1
2022-12-08T10:24:00Z,930,11 10 49 75 27 57 35 63 62 78 13 4 55 42 28 68 15 41 43 6,tails,regular,5
2022-12-08T10:27:00Z,931,10 13 64 66 50 74 14 18 48 33 62 70 27 37 56 12 11 19 4 21,heads,minor,1
2022-12-08T10:30:00Z,932,11 8 21 29 80 45 60 58 50 68 14 41 19 32 55 57 77 10 30 3,evens,regular,1
2022-12-08T10:33:00Z,933,76 12 55 6 17 30 13 5 26 7 15 38 58 43 50 31 49 41 78 77,heads,minor,5
2022-12-08T10:36:00Z,935,78 16 61 60 13 55 39 8 53 6 25 3 51 47 68 31 5 18 38 74,heads,regular,2
2022-12-08T10:39:00Z,936,43 16 18 34 47 45 26 8 54 67 64 75 58 69 79 27 10 13 32 31,evens,regular,3
2022-12-08T10:42:00Z,937,56 18 73 40 62 67 66 51 19 53 30 78 39 9 55 76 54 79 26 29,tails,regular,1
2022-12-08T10:45:00Z,938,45 30 41 80 50 64 7 43 26 69 44 16 21 36 73 49 56 47 54 58,tails,regular,1
2022-12-08T10:48:00Z,939,57 31 19 35 72 12 58 44 70 80 65 51 15 29 8 47 21 9 46 59,tails,regular,1
2022-12-08T10:51:00Z,940,50 18 38 80 78 4 21 65 66 43 69 5 51 40 11 79 39 26 76 44,tails,regular,1
2022-12-08T10:54:00Z,941,56 34 46 10 40 9 32 79 68 50 1 49 5 69 20 41 38 78 35 47,evens,regular,1
2022-12-08T10:57:00Z,942,61 34 75 35 54 40 10 69 73 8 26 18 23 47 15 52 48 41 74 51,tails,regular,1
2022-12-08T11:00:00Z,944,4 45 22 31 52 66 48 7 32 61 44 76 19 41 23 79 36 14 28 38,heads,minor,2
2022-12-08T11:03:00Z,945,41 50 78 73 74 27 3 20 21 76 25 80 12 13 60 62 48 68 26 18,tails,regular,2
2022-12-08T11:06:00Z,946,59 71 6 32 21 23 66 50 2 64 37 72 43 79 40 46 30 18 20 69,evens,major,4
2022-12-08T11:09:00Z,947,40 33 21 55 57 62 38 41 24 2 29 59 11 76 7 74 43 19 6 54,heads,minor,1
2022-12-08T11:12:00Z,948,80 63 7 24 77 1 10 38 79 31 44 12 37 69 62 36 52 21 39 3,heads,major,1
2022-12-08T11:15:00Z,949,26 4 19 25 79 62 36 39 9 7 34 64 40 27 53 49 14 18 63 5,heads,regular,1
2022-12-08T11:18:00Z,950,34 75 43 40 68 59 62 12 3 55 23 72 41 73 11 57 18 70 21 44,tails,regular,3
2022-12-08T11:21:00Z,951,48 14 68 49 74 55 80 5 73 29 16 66 75 46 21 23 71 39 69 63,tails,regular,1
2022-12-08T11:24:00Z,953,24 35 58 80 45 26 15 53 11 18 28 70 20 14 2 77 8 6 4 47,heads,major,2
2022-12-08T11:27:00Z,954,61 18 33 50 26 40 65 53 5 42 75 62 10 55 57 14 19 66 15 76,tails,regular,10
2022-12-08T11:30:00Z,955,5 28 72 32 15 21 23 80 70 57 54 42 39 69 34 55 16 18 61 35,heads,minor,3
2022-12-08T11:33:00Z,956,5 50 18 79 24 20 7 60 49 33 61 13 63 32 59 10 25 76 73 64,evens,regular,3
2022-12-08T11:36:00Z,957,30 52 26 70 48 54 9 29 51 75 27 15 63 21 8 69 71 55 50 7,tails,major,4
2022-12-08T11:39:00Z,958,61 34 73 11 60 46 44 66 69 15 78 68 48 21 52 67 8 43 53 70,tails,regular,1
2022-12-08T11:42:00Z,959,28 72 6 17 22 12 35 18 36 9 44 80 55 49 15 23 42 71 62 48,heads,regular,3
2022-12-08T11:45:00Z,960,77 61 51 5 55 24 9 8 45 78 30 80 10 15 39 37 76 68 74 19,evens,regular,1
2022-12-08T11:48:00Z,962,20 4 62 37 63 10 65 13 67 50 23 35 33 75 44 46 40 56 41 29,evens,regular,1
2022-12-08T11:51:00Z,963,68 67 11 4 58 65 3 50 74 28 77 61 38 29 13 43 62 18 80 78,tails,regular,10
2022-12-08T11:54:00Z,964,62 13 74 49 72 5 41 10 36 26 35 29 32 1 20 60 68 39 2 64,heads,regular,2
2022-12-08T11:57:00Z,965,66 78 1 26 55 59 75 36 41 54 71 20 16 38 80 8 10 68 64 32,tails,minor,2
2022-12-08T12:00:00Z,966,39 77 54 65 13 34 32 20 62 25 59 53 22 19 4 27 72 24 16 17,heads,regular,2
2022-12-08T12:03:00Z,967,52 35 63 25 7 27 14 51 56 20 39 22 69 40 79 30 32 18 70 26,heads,regular,2
2022-12-08T12:06:00Z,968,79 30 6 60 45 64 58 66 22 13 36 21 23 52 71 37 25 5 8 35,heads,regular,3
2022-12-08T12:09:00Z,969,71 13 10 54 4 45 17 58 73 9 36 79 75 20 67 44 6 63 16 51,tails,minor,2
2022-12-08T12:12:00Z,971,8 29 18 67 11 43 9 71 75 46 40 79 21 42 69 74 16 31 33 12,heads,regular,3
2022-12-08T12:15:00Z,972,79 47 4 73 16 31 2 32 60 64 50 14 30 68 25 42 5 26 72 57,evens,regular,1
2022-12-08T12:18:00Z,973,36 70 38 15 62 75 43 51 32 3 7 19 56 79 48 12 67 45 40 52,tails,minor,3
2022-12-08T12:21:00Z,974,40 47 8 65 5 52 15 21 60 35 41 3 69 38 76 72 22 1 67 68,evens,minor,10
2022-12-08T12:24:00Z,975,44 30 6 21 22 36 13 3 54 26 40 11 35 69 76 71 17 10 62 5,heads,regular,1
2022-12-08T12:27:00Z,976,41 50 40 53 65 75 52 26 49 28 3 51 2 74 30 47 63 17 59 55,tails,regular,2
2022-12-08T12:30:00Z,977,37 20 29 11 43 73 34 23 10 22 40 14 18 59 45 1 12 50 75 68,heads,regular,10
2022-12-08T12:33:00Z,978,14 63 20 75 18 58 47 29 16 11 46 37 55 35 52 68 66 45 27 9,evens,regular,2
2022-12-08T12:36:00Z,980,75 80 69 29 50 17 62 52 78 65 42 60 68 77 2 35 72 5 58 11,tails,regular,1
2022-12-08T12:39:00Z,981,43 31 10 14 36 37 18 74 2 61 1 23 57 4 30 69 56 77 55 50,heads,minor,3
2022-12-08T12:42:00Z,982,25 69 67 55 7 8 40 73 64 79 9 48 13 62 60 78 61 5 37 47,tails,minor,1
2022-12-08T12:45:00Z,983,9 66 25 33 46 59 37 17 77 50 72 69 22 2 27 48 1 78 67 49,tails,regular,1
2022-12-08T12:48:00Z,984,8 60 80 17 70 79 43 10 33 77 18 67 3 78 34 24 45 52 20 9,evens,major,1
2022-12-08T12:51:00Z,985,25 31 71 76 59 5 20 30 56 23 15 38 11 9 10 7 70 46 4 22,heads,regular,1
2022-12-08T12:54:00Z,986,10 58 48 73 35 68 72 74 45 53 30 29 16 23 70 21 9 75 19 54,tails,regular,2
2022-12-08T12:57:00Z,987,19 34 74 43 31 76 79 6 18 27 3 21 8 4 60 37 40 11 58 61,heads,regular,1
2022-12-08T13:00:00Z,989,71 5 70 38 49 11 44 29 4 30 35 16 28 21 46 42 20 1 23 39,heads,minor,4
2022-12-08T13:03:00Z,990,14 29 57 2 38 69 16 39 18 54 41 25 56 42 40 27 73 75 9 66,heads,minor,4
2022-12-08T13:06:00Z,991,66 3 12 32 21 43 1 31 10 73 47 48 29 25 45 19 9 36 64 46,heads,regular,3
2022-12-08T13:09:00Z,992,3 12 26 46 66 18 56 31 73 22 23 41 10 76 21 78 25 43 67 39,heads,regular,2
2022-12-08T13:12:00Z,993,25 34 13 71 35 30 1 29 21 58 40 4 44 60 14 18 11 7 46 48,heads,regular,1
2022-12-08T13:15:00Z,994,34 64 13 31 12 22 19 75 46 58 10 2 16 45 9 37 68 50 61 59,heads,regular,2
2022-12-08T13:18:00Z,995,49 25 23 55 36 45 29 24 12 33 5 30 56 20 9 65 60 72 64 48,heads,minor,2
2022-12-08T13:21:00Z,996,10 45 21 33 67 77 40 49 28 75 16 51 1 14 59 48 44 18 32 4,heads,regular,1
2022-12-08T13:24:00Z,998,3 54 74 23 32 72 79 45 8 24 70 44 35 37 11 38 69 41 66 17,evens,regular,10
2022-12-08T13:27:00Z,999,70 3 53 60 28 52 30 27 54 79 71 48 23 39 77 15 24 12 68 76,tails,regular,1
2022-12-08T13:30:00Z,1,55 46 12 21 70 31 38 1 60 80 16 52 48 41 43 47 14 6 35 5,evens,minor,10
2022-12-08T13:33:00Z,2,7 14 70 40 47 51 80 62 66 69 48 56 16 10 8 11 27 71 1 20,evens,regular,3
2022-12-08T13:36:00Z,3,48 28 58 19 23 8 35 42 15 21 34 74 72 36 37 5 20 3 65 16,heads,major,1
2022-12-08T13:39:00Z,4,71 63 4 62 54 60 3 72 80 18 77 73 68 58 17 7 56 33 35 65,tails,minor,2
2022-12-08T13:42:00Z,5,19 56 74 43 17 26 77 12 80 44 24 7 2 53 23 71 40 78 67 38,evens,major,4
2022-12-08T13:45:00Z,6,56 22 9 67 42 39 50 23 10 70 21 52 53 69 2 68 25 60 61 34,tails,regular,3
2022-12-08T13:48:00Z,8,8 28 39 56 47 43 1 9 68 67 76 55 59 66 13 19 44 73 78 38,tails,regular,1
2022-12-08T13:51:00Z,9,27 70 65 7 3 12 42 33 8 63 40 56 66 36 80 38 48 68 32 14,heads,minor,1
2022-12-08T13:54:00Z,10,75 69 33 29 50 40 39 25 24 11 80 9 44 61 10 31 18 13 62 28,heads,minor,1
2022-12-08T13:57:00Z,11,52 27 34 33 38 55 77 54 49 18 43 47 73 5 12 69 35 68 14 58,tails,regular,1
2022-12-08T14:00:00Z,12,22 9 51 13 63 43 67 33 55 7 40 21 32 61 15 12 58 44 25 17,heads,minor,5
2022-12-08T14:03:00Z,13,45 77 7 42 27 62 61 69 40 65 31 11 49 20 44 23 9 3 60 30,evens,regular,2
2022-12-08T14:06:00Z,14,79 43 53 34 58 16 12 18 29 19 26 39 11 66 15 17 42 40 28 21,heads,regular,1
2022-12-08T14:09:00Z,15,12 53 31 22 46 70 61 10 27 45 19 15 37 25 80 18 16 69 21 42,heads,regular,1
2022-12-08T14:12:00Z,17,56 79 40 5 60 43 14 38 16 52 24 47 39 68 21 49 63 59 6 62,tails,regular,3
2022-12-08T14:15:00Z,18,6 7 16 12 29 5 37 47 8 71 28 14 23 1 44 59 65 35 46 10,heads,regular,2
2022-12-08T14:18:00Z,19,41 57 20 48 27 11 34 10 62 35 21 58 60 12 38 40 45 39 26 29,heads,regular,1
2022-12-08T14:21:00Z,20,79 20 3 66 78 44 25 23 48 72 60 63 38 69 45 10 74 14 31 29,tails,regular,3
2022-12-08T14:24:00Z,21,67 48 9 61 31 6 15 64 22 63 58 1 62 39 65 54 66 20 43 4,tails,regular,2
2022-12-08T14:27:00Z,22,12 5 40 21 77 71 45 37 50 54 46 42 80 79 8 51 23 4 27 56,tails,regular,1
2022-12-08T14:30:00Z,23,77 63 46 72 23 40 19 5 60 42 79 78 22 1 6 48 38 32 54 33,evens,regular,4
2022-12-08T14:33:00Z,24,32 37 79 74 31 34 15 61 63 54 8 27 57 47 72 64 58 7 19 9,evens,major,4
2022-12-08T14:36:00Z,26,14 77 37 42 74 48 80 22 70 76 31 47 58 4 52 46 29 39 8 34,tails,regular,1
2022-12-08T14:39:00Z,27,79 19 78 36 72 38 57 15 47 10 18 35 32 39 41 69 23 50 45 58,evens,regular,1
2022-12-08T14:42:00Z,28,4 49 41 25 69 56 32 58 40 71 38 52 6 76 63 29 54 64 2 17,tails,regular,2
2022-12-08T14:45:00Z,29,47 78 27 19 50 55 6 76 3 36 17 13 48 60 63 22 28 30 62 67,evens,regular,1
2022-12-08T14:48:00Z,30,40 26 6 61 47 42 19 69 64 15 58 59 79 30 16 63 4 74 5 55,tails,minor,1
2022-12-08T14:51:00Z,31,59 76 5 47 34 42 70 10 28 54 35 20 79 6 57 80 48 18 24 33,evens,regular,2
2022-12-08T14:54:00Z,32,73 7 54 9 70 78 14 6 64 4 69 2 36 15 12 46 24 11 62 66,heads,major,1
2022-12-08T14:57:00Z,33,45 71 39 15 73 8 12 77 47 56 42 23 14 48 65 35 37 64 34 6,evens,minor,2
2022-12-08T15:00:00Z,35,50 15 48 52 8 22 2 21 33 29 46 37 54 66 1 16 51 61 4 40,heads,regular,1
2022-12-08T15:03:00Z,36,41 10 33 61 32 43 5 15 25 58 37 70 56 50 60 12 72 75 74 66,tails,minor,1
2022-12-08T15:06:00Z,37,24 65 72 19 33 52 49 27 69 26 12 42 44 25 45 29 68 40 41 51,tails,regular,3
2022-12-08T15:09:00Z,38,74 3 34 17 21 71 61 35 4 54 39 19 76 11 55 49 42 57 7 70,evens,regular,3
2022-12-08T15:12:00Z,39,30 1 10 67 7 51 75 6 3 25 11 43 45 55 12 50 9 39 47 54,heads,minor,1
2022-12-08T15:15:00Z,40,8 3 5 35 63 62 26 44 17 42 43 69 52 1 79 18 40 21 9 6,heads,minor,1
2022-12-08T15:18:00Z,41,1 42 43 66 19 32 75 50 54 76 37 72 79 64 46 5 49 26 52 48,tails,regular,10
2022-12-08T15:21:00Z,42,49 47 34 66 2 45 10 14 39 24 53 62 12 71 76 13 68 43 25 58,tails,minor,2
2022-12-08T15:24:00Z,44,31 21 27 62 17 10 70 1 25 74 18 23 56 35 30 39 41 40 16 13,heads,regular,1
2022-12-08T15:27:00Z,45,46 5 74 24 56 76 32 7 65 73 60 37 70 71 21 80 45 39 13 77,tails,regular,10
2022-12-08T15:30:00Z,46,24 25 69 14 47 34 60 9 39 49 30 38 72 22 77 55 29 7 18 10,heads,regular,1
2022-12-08T15:33:00Z,47,29 47 11 66 62 18 9 43 51 40 15 75 23 61 67 20 41 48 72 37,tails,minor,1
2022-12-08T15:36:00Z,48,60 45 80 59 2 58 1 32 48 75 78 26 30 66 40 62 41 4 8 37,tails,regular,1
2022-12-08T15:39:00Z,49,8 25 23 54 20 16 62 22 69 14 75 74 37 9 52 19 21 28 31 53,heads,regular,3
2022-12-08T15:42:00Z,50,32 61 79 22 17 5 1 72 42 63 60 67 74 52 29 68 54 70 30 34,tails,major,5
2022-12-08T15:45:00Z,51,47 73 48 49 26 78 63 45 75 24 8 42 12 53 79 57 55 67 14 59,tails,major,3
2022-12-08T15:48:00Z,53,20 29 54 56 49 23 58 76 39 43 77 9 37 55 24 67 36 17 11 63,evens,regular,2
2022-12-08T15:51:00Z,54,4 7 33 65 69 32 36 26 62 59 30 16 35 12 50 43 56 48 38 63,heads,minor,2
2022-12-08T15:54:00Z,55,27 3 31 65 25 24 73 22 34 9 62 16 29 79 13 46 77 47 14 72,heads,regular,1
2022-12-08T15:57:00Z,56,64 65 80 24 2 31 71 30 63 62 35 52 26 70 73 10 41 68 57 43,tails,regular,1
2022-12-08T16:00:00Z,57,67 12 9 72 79 64 27 57 75 50 42 7 80 29 77 46 38 48 4 53,tails,regular,10
2022-12-08T16:03:00Z,58,13 44 49 73 4 80 51 58 38 31 25 72 8 55 35 76 7 41 52 1,tails,regular,1
2022-12-08T16:06:00Z,59,54 68 75 26 44 78 73 29 31 43 2 70 34 17 74 9 55 58 61 7,tails,regular,1
2022-12-08T16:09:00Z,60,2 14 28 80 52 12 30 13 75 4 11 42 74 6 62 79 23 60 73 54,evens,regular,3
2022-12-08T16:12:00Z,62,2 76 35 10 26 66 30 53 23 62 69 63 45 41 77 71 3 65 28 1,tails,regular,2
2022-12-08T16:15:00Z,63,43 13 3 64 67 74 71 21 1 75 40 31 46 53 47 12 20 15 36 57,evens,regular,1
2022-12-08T16:18:00Z,64,33 34 43 16 21 63 14 79 61 3 9 7 32 26 60 11 6 54 40 50,heads,major,3
2022-12-08T16:21:00Z,65,64 12 55 6 22 42 52 25 44 53 70 27 47 37 16 11 79 61 41 33,tails,regular,1
2022-12-08T16:24:00Z,66,75 24 32 16 11 65 37 22 41 23 33 53 78 34 8 49 30 50 62 80,heads,minor,10
2022-12-08T16:27:00Z,67,51 39 79 63 30 5 10 61 71 14 15 1 9 11 60 49 59 24 23 72,heads,major,1
2022-12-08T16:30:00Z,68,64 20 79 49 59 43 54 7 41 57 37 26 16 23 77 18 51 48 74 15,tails,regular,1
2022-12-08T16:33:00Z,69,9 48 57 58 70 74 29 67 77 51 55 75 33 36 19 59 35 50 4 79,tails,regular,1
2022-12-08T16:36:00Z,71,65 52 48 25 34 54 7 76 71 61 40 63 44 13 17 22 56 58 51 9,tails,regular,1
2022-12-08T16:39:00Z,72,18 53 77 22 37 67 15 75 58 19 13 72 50 44 74 63 10 4 14 79,tails,regular,2
2022-12-08T16:42:00Z,73,45 13 76 25 57 75 64 61 26 10 41 74 33 70 17 35 19 60 50 53,tails,regular,3
2022-12-08T16:45:00Z,74,33 44 26 58 21 18 16 9 8 36 31 11 51 4 14 1 71 10 39 70,heads,minor,2
2022-12-08T16:48:00Z,75,55 25 69 26 50 63 23 20 36 17 44 32 19 79 46 24 4 71 22 56,heads,minor,2
2022-12-08T16:51:00Z,76,61 30 47 36 15 28 37 46 22 59 9 54 71 57 50 35 24 75 43 51,tails,minor,3
2022-12-08T16:54:00Z,77,30 1 80 60 74 56 27 12 7 15 68 54 36 13 50 77 16 53 63 76,tails,minor,2
2022-12-08T16:57:00Z,78,37 14 65 60 41 73 43 12 61 68 22 63 59 16 24 54 13 26 38 74,tails,regular,3
2022-12-08T17:00:00Z,80,27 10 25 73 5 45 30 53 36 63 15 69 56 48 41 78 9 42 61 40,tails,minor,3
2022-12-08T17:03:00Z,81,26 14 41 4 74 77 67 59 58 46 2 54 53 5 52 22 33 15 57 17,tails,regular,2
2022-12-08T17:06:00Z,82,4 66 46 57 23 8 78 38 40 9 74 10 79 19 13 29 71 64 53 25,heads,major,2
2022-12-08T17:09:00Z,83,51 17 80 19 29 40 15 34 65 46 38 28 49 39 59 27 78 30 25 31,heads,regular,1
2022-12-08T17:12:00Z,84,45 17 14 8 68 11 54 48 42 52 5 58 41 62 63 78 1 40 79 6,tails,regular,1
2022-12-08T17:15:00Z,85,39 63 60 8 72 75 68 43 74 48 53 59 42 5 40 58 46 56 65 77,tails,regular,3
2022-12-08T17:18:00Z,86,59 70 46 32 14 33 10 47 71 72 34 42 26 5 56 19 54 36 40 77,evens,regular,2
2022-12-08T17:21:00Z,87,38 33 35 2 44 39 68 73 63 75 36 79 13 76 56 72 5 23 12 15,heads,regular,3
2022-12-08T17:24:00Z,89,29 2 13 6 33 26 76 59 11 35 66 41 30 79 42 60 56 47 65 80,tails,minor,3
2022-12-08T17:27:00Z,90,48 79 10 46 7 4 21 73 45 50 52 36 51 15 57 16 55 76 30 25,tails,regular,3
2022-12-08T17:30:00Z,91,9 11 40 26 27 44 8 16 42 37 49 15 77 13 39 76 23 70 36 65,heads,regular,1
2022-12-08T17:33:00Z,92,28 2 3 50 44 64 68 16 39 54 78 79 51 19 1 30 9 34 74 71,evens,minor,2
2022-12-08T17:36:00Z,93,12 64 42 43 18 20 55 40 47 39 77 54 32 14 61 26 16 50 37 13,heads,minor,2
2022-12-08T17:39:00Z,94,58 80 38 21 31 77 60 26 54 42 39 66 61 53 71 72 23 41 36 65,tails,regular,3
2022-12-08T17:42:00Z,95,13 75 49 9 52 77 54 79 33 61 4 78 8 17 29 46 35 64 24 30,evens,regular,1
2022-12-08T17:45:00Z,96,46 70 5 68 16 52 24 9 27 43 18 42 32 78 73 8 25 71 15 67,evens,regular,1
2022-12-08T17:48:00Z,98,53 21 50 67 56 36 20 49 46 63 12 35 24 25 30 47 60 2 69 13,evens,regular,1
2022-12-08T17:51:00Z,99,54 70 39 28 7 27 76 43 49 37 25 68 60 35 52 40 63 36 17 44,evens,regular,3
2022-12-08T17:54:00Z,100,35 18 40 5 27 1 42 20 78 48 66 47 80 19 34 38 55 30 74 17,heads,regular,3
2022-12-08T17:57:00Z,101,27 37 80 71 56 43 9 31 23 28 34 67 64 2 11 57 59 58 17 55,evens,minor,3
2022-12-08T18:00:00Z,102,39 7 66 46 29 72 77 11 38 75 76 24 42 27 48 36 1 67 35 16,heads,minor,1
2022-12-08T18:03:00Z,103,3 15 61 17 69 77 19 16 55 8 18 12 70 1 4 56 62 44 22 74,heads,minor,2
2022-12-08T18:06:00Z,104,42 53 71 56 80 3 77 32 35 12 38 79 23 59 25 64 7 55 47 20,tails,regular,2
2022-12-08T18:09:00Z,105,24 60 34 47 12 77 26 5 41 61 43 59 17 79 73 48 2 64 15 40,tails,major,1
2022-12-08T18:12:00Z,107,20 77 61 74 63 49 22 29 39 48 26 16 56 27 75 72 31 78 57 7,tails,regular,10
2022-12-08T18:15:00Z,108,31 39 9 75 67 23 69 34 4 40 80 26 61 74 66 20 1 29 17 43,heads,minor,1
2022-12-08T18:18:00Z,109,43 70 62 73 19 69 35 58 21 6 51 72 41 8 37 54 52 65 56 45,tails,minor,2
2022-12-08T18:21:00Z,110,10 7 56 54 47 22 63 40 41 17 4 62 32 39 78 46 48 21 45 26,evens,regular,4
2022-12-08T18:24:00Z,111,53 55 51 15 33 73 29 5 43 13 70 48 60 1 9 75 42 21 68 45,tails,major,3
2022-12-08T18:27:00Z,112,59 72 24 42 32 29 3 10 12 1 69 27 28 37 51 50 23 44 73 48,heads,regular,2
2022-12-08T18:30:00Z,113,65 25 27 64 52 38 72 15 29 31 32 12 66 30 26 56 80 58 55 20,heads,minor,1
2022-12-08T18:33:00Z,114,74 16 78 33 75 54 59 70 63 17 23 44 28 22 9 60 46 35 50 47,tails,regular,1
2022-12-08T18:36:00Z,116,3 80 57 58 39 56 76 28 74 47 16 79 40 19 8 75 52 55 25 35,tails,regular,1
2022-12-08T18:39:00Z,117,8 67 64 58 69 48 80 24 73 27 21 40 28 30 16 31 6 13 59 49,heads,minor,2
2022-12-08T18:42:00Z,118,18 1 2 13 42 45 60 10 56 25 46 80 73 16 36 37 52 20 66 35,heads,regular,1
2022-12-08T18:45:00Z,119,77 16 21 53 69 58 65 41 67 18 78 55 59 79 15 2 34 39 10 19,tails,regular,2
2022-12-08T18:48:00Z,120,59 58 38 29 43 23 71 3 47 62 12 67 41 16 70 4 27 14 46 79,tails,major,3
2022-12-08T18:51:00Z,121,25 72 18 57 62 65 5 75 9 21 37 55 30 10 14 23 26 41 70 50,heads,regular,1
2022-12-08T18:54:00Z,122,2 35 79 21 67 28 63 73 34 49 53 50 3 16 64 38 76 4 59 25,evens,regular,2
2022-12-08T18:57:00Z,123,43 19 28 46 47 62 67 35 5 20 27 10 60 59 8 25 30 73 79 50,evens,minor,1
2022-12-08T19:00:00Z,125,49 26 16 56 12 62 28 58 52 43 38 31 2 76 23 7 10 48 6 14,heads,regular,1
2022-12-08T19:03:00Z,126,13 55 58 8 18 21 31 28 46 71 72 44 35 76 63 56 66 17 64 49,tails,regular,3
2022-12-08T19:06:00Z,127,64 51 18 72 54 30 39 15 80 23 79 21 43 36 29 33 16 69 63 73,evens,regular,1
2022-12-08T19:09:00Z,128,2 72 26 9 5 10 61 65 43 77 42 30 64 52 79 69 73 21 3 28,tails,regular,1
2022-12-08T19:12:00Z,129,68 16 45 23 3 79 7 40 55 49 32 33 44 12 37 64 46 19 9 41,heads,major,1
2022-12-08T19:15:00Z,130,34 26 20 70 37 58 23 4 2 22 30 5 8 21 59 74 56 1 60 78,heads,minor,5
2022-12-08T19:18:00Z,131,18 21 53 54 61 51 44 6 79 78 24 64 71 52 60 67 72 69 38 31,tails,regular,1
2022-12-08T19:21:00Z,132,31 1 42 47 44 13 26 57 48 78 71 58 38 16 6 11 19 56 60 53,tails,regular,2
2022-12-08T19:24:00Z,134,41 65 22 33 45 67 72 26 29 4 38 11 58 43 10 73 69 42 5 61,tails,minor,2
2022-12-08T19:27:00Z,135,73 70 33 32 8 68 80 72 56 26 36 6 45 21 62 50 17 25 47 29,evens,minor,3
2022-12-08T19:30:00Z,136,62 6 4 64 25 75 18 17 42 70 80 47 28 43 31 46 16 52 34 74,tails,regular,1
2022-12-08T19:33:00Z,137,54 45 70 36 57 73 65 12 51 37 46 17 26 39 27 53 15 7 49 1,evens,regular,2
2022-12-08T19:36:00Z,138,74 70 66 44 36 64 5 27 68 80 38 22 75 29 65 14 56 72 61 48,tails,regular,3
2022-12-08T19:39:00Z,139,19 16 50 45 40 67 57 11 6 23 12 33 79 41 34 72 80 17 69 22,heads,minor,1
2022-12-08T19:42:00Z,140,53 20 71 66 59 27 76 70 68 42 15 39 54 48 47 10 69 61 35 44,tails,major,3
2022-12-08T19:45:00Z,141,40 8 19 58 21 39 1 56 28 13 55 29 68 37 65 71 77 33 45 79,heads,regular,10
2022-12-08T19:48:00Z,143,39 55 57 33 63 12 80 77 75 14 76 18 47 68 31 40 21 61 22 28,evens,regular,2
2022-12-08T19:51:00Z,144,53 12 74 28 30 36 67 72 37 51 76 49 14 9 13 77 25 45 73 46,tails,regular,1
2022-12-08T19:54:00Z,145,12 55 62 37 61 30 1 48 49 69 29 50 44 28 52 5 41 75 78 17,tails,regular,2
2022-12-08T19:57:00Z,146,59 39 50 69 30 60 73 37 9 28 32 63 20 17 56 66 19 68 44 24,evens,regular,3
2022-12-08T20:00:00Z,147,32 11 27 22 30 33 75 60 40 50 39 68 29 57 24 54 28 15 61 2,heads,regular,3
2022-12-08T20:03:00Z,148,34 36 32 80 44 67 65 55 46 19 43 49 72 28 54 68 73 74 22 75,tails,minor,1
2022-12-08T20:06:00Z,149,78 23 14 56 5 3 15 28 26 36 4 18 51 20 77 12 71 66 27 1,heads,regular,3
2022-12-08T20:09:00Z,150,6 62 75 1 38 49 24 34 44 37 40 57 71 15 76 13 53 80 41 9,evens,regular,2
2022-12-08T20:12:00Z,152,79 80 9 37 11 67 78 56 53 27 5 71 61 17 24 64 46 59 12 1,tails,regular,3
2022-12-08T20:15:00Z,153,67 36 8 68 6 79 61 26 40 20 28 52 16 77 14 21 19 10 65 62,heads,regular,2
2022-12-08T20:18:00Z,154,27 64 55 80 38 48 51 34 49 33 37 10 67 44 16 20 66 24 46 15,evens,regular,3
2022-12-08T20:21:00Z,155,9 66 42 80 19 43 78 53 32 2 31 73 26 49 22 29 23 35 8 14,heads,regular,2
2022-12-08T20:24:00Z,156,19 6 55 77 76 67 15 46 75 22 72 35 31 38 64 41 52 27 17 25,evens,regular,2
2022-12-08T20:27:00Z,157,57 74 30 77 39 16 18 6 53 51 72 63 65 31 78 76 19 50 49 28,tails,minor,2
2022-12-08T20:30:00Z,158,59 28 48 13 30 62 17 23 77 38 56 66 58 75 36 42 31 4 60 79,tails,regular,1
2022-12-08T20:33:00Z,159,39 79 56 51 64 58 3 20 57 32 62 24 9 68 15 34 21 10 65 53,evens,regular,1
2022-12-08T20:36:00Z,161,71 31 80 64 69 37 25 28 26 15 75 17 22 74 10 42 40 3 48 61,heads,regular,4
2022-12-08T20:39:00Z,162,46 31 33 14 74 55 34 42 49 44 9 8 61 43 11 80 37 62 13 48,tails,regular,3
2022-12-08T20:42:00Z,163,57 13 46 22 44 3 37 18 79 75 35 58 53 76 68 33 17 67 11 32,evens,minor,2
2022-12-08T20:45:00Z,164,37 75 69 72 60 15 5 7 4 63 17 61 28 59 71 52 36 27 46 8,evens,regular,1
2022-12-08T20:48:00Z,165,28 41 64 60 1 11 22 5 62 68 15 9 49 50 16 29 25 19 59 6,heads,regular,3
2022-12-08T20:51:00Z,166,30 56 58 9 7 11 21 75 80 34 27 54 4 31 25 66 64 77 73 20,heads,regular,2
2022-12-08T20:54:00Z,167,65 27 4 47 11 49 52 17 57 71 50 59 36 80 15 21 40 76 25 26,evens,regular,1
2022-12-08T20:57:00Z,168,58 27 46 77 19 26 21 14 71 6 29 10 17 3 53 61 37 32 33 28,heads,regular,2
2022-12-08T21:00:00Z,170,2 12 5 47 48 75 60 27 43 54 80 11 21 61 41 13 19 31 56 76,tails,regular,5
2022-12-08T21:03:00Z,171,20 45 74 47 41 50 59 8 24 76 7 58 78 27 55 53 17 30 49 4,tails,regular,2
2022-12-08T21:06:00Z,172,66 77 27 63 3 10 7 25 32 46 28 67 13 53 71 21 41 20 61 56,evens,minor,3
2022-12-08T21:09:00Z,173,3 29 21 62 73 63 25 42 36 52 6 61 37 80 2 35 38 32 77 54,heads,regular,1
2022-12-08T21:12:00Z,174,12 24 54 33 29 30 47 1 70 68 25 16 8 45 10 27 64 13 53 62,heads,regular,1
2022-12-08T21:15:00Z,175,13 11 17 20 6 65 3 40 45 80 78 55 68 49 41 46 54 75 1 32,tails,regular,3
2022-12-08T21:18:00Z,176,4 79 66 52 56 26 59 3 24 32 49 15 31 80 54 19 12 10 39 63,heads,regular,1
2022-12-08T21:21:00Z,177,59 46 9 58 44 79 14 31 4 53 40 37 28 22 12 1 70 62 64 21,heads,regular,5
2022-12-08T21:24:00Z,179,15 52 25 71 72 7 23 44 17 50 32 33 61 79 48 64 35 74 56 53,tails,major,1
2022-12-08T21:27:00Z,180,46 38 50 62 2 79 52 25 54 4 7 59 74 39 55 72 32 70 10 20,tails,minor,3
2022-12-08T21:30:00Z,181,40 29 43 47 42 59 65 21 16 69 75 15 25 55 72 73 30 13 6 2,evens,regular,1
2022-12-08T21:33:00Z,182,59 7 10 22 61 51 71 32 20 18 60 36 52 39 79 1 35 2 40 53,heads,minor,3
2022-12-08T21:36:00Z,183,65 3 69 10 79 15 18 6 54 55 75 61 47 76 32 62 17 51 72 66,tails,regular,2
2022-12-08T21:39:00Z,184,54 67 52 65 10 27 46 24 35 76 44 71 21 8 69 53 7 34 26 38,evens,major,1
2022-12-08T21:42:00Z,185,11 17 71 75 39 19 60 6 46 10 79 77 65 2 9 76 38 5 36 74,heads,regular,1
2022-12-08T21:45:00Z,186,9 33 41 19 40 61 51 79 52 4 44 74 28 48 29 27 66 70 75 16,tails,regular,1
2022-12-08T21:48:00Z,188,51 40 23 34 31 2 16 67 20 44 79 52 66 30 24 4 33 70 65 1,heads,regular,2
2022-12-08T21:51:00Z,189,58 73 13 75 28 78 45 68 5 74 70 40 51 66 32 11 72 15 14 62,tails,regular,3
2022-12-08T21:54:00Z,190,70 22 34 14 72 49 64 45 16 10 46 35 25 48 71 42 79 77 41 33,tails,major,1
2022-12-08T21:57:00Z,191,72 43 19 56 53 32 62 11 1 74 28 46 69 63 73 4 3 25 18 38,evens,minor,4
2022-12-08T22:00:00Z,192,75 2 80 55 32 33 12 71 24 46 63 28 11 9 23 22 60 74 68 78,evens,regular,1
2022-12-08T22:03:00Z,193,2 78 10 9 79 11 49 39 35 12 26 63 57 7 8 75 14 44 58 21,heads,minor,1
2022-12-08T22:06:00Z,194,56 54 61 73 15 40 48 75 32 67 53 44 79 57 19 65 52 29 71 59,tails,regular,2
2022-12-08T22:09:00Z,195,11 49 33 62 29 44 12 72 18 35 16 8 19 14 21 66 39 64 52 15,heads,minor,3
2022-12-08T22:12:00Z,197,23 52 69 9 8 12 24 42 47 66 28 49 53 7 50 64 13 25 11 78,evens,minor,1
2022-12-08T22:15:00Z,198,5 61 67 35 14 43 73 66 28 32 19 2 36 21 71 24 62 48 54 76,evens,regular,1
2022-12-08T22:18:00Z,199,80 75 79 27 32 8 66 46 26 59 4 30 71 42 58 35 60 52 12 63,tails,regular,1
2022-12-08T22:21:00Z,200,28 4 73 37 11 71 41 31 61 52 5 9 56 29 40 43 48 30 34 6,heads,minor,1
2022-12-08T22:24:00Z,201,47 41 60 71 12 54 39 62 29 10 79 59 52 38 63 49 22 72 11 28,tails,minor,2
2022-12-08T22:27:00Z,202,50 53 44 46 30 8 49 14 33 77 4 58 6 63 9 72 34 57 51 24,tails,regular,5
2022-12-08T22:30:00Z,203,52 27 39 67 30 43 26 19 59 76 42 55 29 54 73 37 71 63 10 74,tails,regular,1
2022-12-08T22:33:00Z,204,25 22 10 2 21 70 46 28 15 59 75 77 12 60 39 20 36 71 80 33,heads,regular,2
2022-12-08T22:36:00Z,206,80 16 25 65 48 36 20 72 21 47 34 35 7 6 44 3 68 1 32 62,heads,major,1
2022-12-08T22:39:00Z,207,12 18 8 37 25 38 43 24 45 6 21 42 36 62 67 53 51 66 22 33,heads,minor,1
2022-12-08T22:42:00Z,208,56 9 46 40 45 8 4 3 43 13 74 51 20 38 70 27 76 73 54 18,evens,regular,1
2022-12-08T22:45:00Z,209,27 65 3 33 37 64 71 76 10 20 14 1 2 22 79 30 9 32 80 41,heads,regular,3
2022-12-08T22:48:00Z,210,61 6 39 42 38 26 78 58 70 37 32 8 45 29 44 10 71 50 47 67,tails,regular,1
2022-12-08T22:51:00Z,211,67 52 78 51 32 69 35 6 62 70 30 63 74 33 49 22 36 26 18 29,evens,regular,1
2022-12-08T22:54:00Z,212,57 45 16 44 75 48 71 73 36 11 17 47 54 56 25 12 4 77 3 35,tails,major,2
2022-12-08T22:57:00Z,213,44 50 64 27 6 59 51 39 75 69 38 49 29 31 62 10 18 11 14 70,evens,regular,3
2022-12-08T23:00:00Z,215,40 48 47 68 22 73 58 49 51 69 23 26 13 19 39 52 74 28 70 9,tails,regular,2
2022-12-08T23:03:00Z,216,75 37 36 33 55 15 43 52 70 63 48 17 20 13 72 47 62 16 50 39,tails,regular,3
2022-12-08T23:06:00Z,217,42 17 20 9 13 11 33 76 70 69 6 61 49 54 51 66 45 30 27 18,evens,major,1
2022-12-08T23:09:00Z,218,57 56 24 35 34 78 11 52 43 26 54 58 30 73 6 45 36 79 59 4,tails,regular,2
2022-12-08T23:12:00Z,219,16 58 64 77 27 2 20 73 51 72 74 66 35 43 36 65 48 44 76 15,tails,regular,1
2022-12-08T23:15:00Z,220,48 26 73 43 56 21 36 22 13 51 12 16 49 40 25 71 67 17 69 2,heads,regular,3
2022-12-08T23:18:00Z,221,65 18 52 9 67 75 61 28 26 38 31 57 37 1 73 58 56 49 36 6,evens,regular,2
2022-12-08T23:21:00Z,222,54 72 53 76 74 23 15 63 77 28 12 13 6 10 5 68 26 59 46 4,evens,minor,2
2022-12-08T23:24:00Z,224,57 23 71 14 13 33 28 9 53 73 58 41 31 18 12 47 17 55 15 26,heads,regular,1
2022-12-08T23:27:00Z,225,45 46 34 36 47 31 65 27 68 76 15 28 9 71 79 54 14 21 67 66,tails,regular,1
2022-12-08T23:30:00Z,226,34 52 63 41 29 12 7 17 45 78 35 50 61 23 44 9 37 72 33 21,heads,minor,3
2022-12-08T23:33:00Z,227,64 5 75 65 7 47 53 70 16 62 12 48 13 68 14 23 76 46 1 58,tails,minor,10
2022-12-08T23:36:00Z,228,64 21 53 37 72 49 52 73 69 46 67 24 57 43 38 42 66 45 47 9,tails,major,3
2022-12-08T23:39:00Z,229,20 31 71 13 3 62 21 14 8 23 57 17 44 29 47 55 67 9 34 64,heads,regular,3
2022-12-08T23:42:00Z,230,60 61 47 2 41 40 36 34 68 37 10 74 17 29 8 70 16 78 39 24,heads,regular,2
2022-12-08T23:45:00Z,231,67 43 57 34 80 79 65 11 51 28 19 18 2 32 10 56 63 40 75 64,tails,regular,3
2022-12-08T23:48:00Z,233,44 61 65 58 37 47 20 39 76 17 28 15 60 46 22 54 25 35 80 26,evens,regular,1
2022-12-08T23:51:00Z,234,48 26 11 54 15 71 35 59 5 50 79 44 66 65 33 77 51 24 57 76,tails,regular,1
2022-12-08T23:54:00Z,235,3 6 13 34 31 64 32 56 78 26 48 61 58 25 30 49 75 1 41 65,evens,regular,3
2022-12-08T23:57:00Z,236,39 24 49 15 4 5 20 25 19 47 69 62 59 57 42 75 12 46 32 10,heads,regular,1
2022-12-09T00:00:00Z,237,2 41 18 56 54 6 44 57 21 53 55 45 50 38 76 52 22 29 7 1,tails,minor,5
2022-12-09T00:03:00Z,238,75 40 74 46 78 16 49 76 79 41 54 65 28 35 43 3 60 55 61 2,tails,regular,1
2022-12-09T00:06:00Z,239,80 64 38 17 1 59 39 77 21 29 75 36 14 26 3 16 61 45 37 28,heads,minor,2
2022-12-09T00:09:00Z,240,66 2 5 39 56 4 68 72 64 29 9 24 7 41 44 10 14 67 36 74,heads,regular,2
2022-12-09T00:12:00Z,242,60 25 13 8 54 67 49 38 52 53 6 20 44 3 29 69 4 65 74 31,evens,major,2
2022-12-09T00:15:00Z,243,51 48 49 7 72 17 52 42 10 64 33 60 62 43 47 55 69 41 68 67,tails,regular,2
2022-12-09T00:18:00Z,244,9 71 69 55 59 4 46 24 32 63 26 50 25 61 37 52 15 31 48 19,evens,regular,3
2022-12-09T00:21:00Z,245,62 6 39 2 33 27 21 38 75 36 26 70 28 4 22 57 54 71 80 69,heads,regular,1
2022-12-09T00:24:00Z,246,16 50 27 71 58 18 51 21 43 40 12 68 60 78 44 14 66 69 75 11,tails,minor,1
2022-12-09T00:27:00Z,247,39 57 17 8 31 42 1 48 21 33 12 70 4 80 69 28 18 59 79 66,heads,regular,5
2022-12-09T00:30:00Z,248,50 48 5 58 43 63 35 10 42 41 9 66 74 56 62 28 61 76 13 78,tails,regular,3
2022-12-09T00:33:00Z,249,6 77 35 62 3 27 42 37 63 54 16 4 40 17 13 14 49 52 48 50,heads,minor,1
2022-12-09T00:36:00Z,251,29 26 11 51 3 28 62 4 25 70 15 47 64 60 36 42 74 66 63 79,tails,regular,1
2022-12-09T00:39:00Z,252,2 73 47 54 59 77 52 28 13 49 8 38 37 44 55 16 41 60 61 35,tails,regular,2
2022-12-09T00:42:00Z,253,8 76 64 5 42 27 40 49 69 33 56 36 1 55 78 24 41 66 6 59,tails,minor,1
2022-12-09T00:45:00Z,254,24 13 62 18 30 76 77 41 54 19 2 15 32 45 53 51 3 35 22 40,heads,regular,3
2022-12-09T00:48:00Z,255,69 32 18 60 46 26 39 52 8 35 54 38 28 53 78 77 41 47 22 17,evens,regular,2
2022-12-09T00:51:00Z,256,57 80 56 47 60 52 4 15 13 20 73 67 35 17 77 10 21 7 72 76,tails,regular,3
2022-12-09T00:54:00Z,257,75 68 28 25 62 66 36 50 43 57 64 27 6 34 39 12 72 61 69 20,tails,major,1
2022-12-09T00:57:00Z,258,16 69 18 63 47 65 9 76 40 24 51 17 14 29 50 61 56 26 52 64,tails,minor,1
2022-12-09T01:00:00Z,260,70 29 76 67 22 80 27 20 65 33 13 17 30 40 18 69 36 25 47 75,heads,regular,3
2022-12-09T01:03:00Z,261,39 71 65 25 66 63 14 18 33 37 1 52 57 43 34 74 76 58 31 22,evens,regular,1
2022-12-09T01:06:00Z,262,38 19 8 2 56 69 35 71 30 6 9 73 75 66 44 37 41 51 7 70,evens,regular,1
2022-12-09T01:09:00Z,263,18 45 58 55 72 61 10 14 9 28 70 60 22 13 66 37 26 47 56 29,evens,regular,3
2022-12-09T01:12:00Z,264,26 67 70 52 2 16 45 66 23 3 71 10 75 29 44 38 43 58 13 72,tails,minor,10
2022-12-09T01:15:00Z,265,33 47 52 5 26 72 2 61 19 53 34 58 59 7 57 3 18 4 32 51,heads,regular,1
2022-12-09T01:18:00Z,266,42 56 48 6 47 46 16 29 51 80 49 1 45 63 27 57 70 67 15 38,tails,minor,1
2022-12-09T01:21:00Z,267,62 24 32 66 8 5 73 20 53 39 36 63 42 29 27 3 31 49 67 56,heads,major,1
2022-12-09T01:24:00Z,269,9 21 67 32 38 77 4 24 23 70 43 18 10 63 68 52 47 55 2 50,evens,regular,1
2022-12-09T01:27:00Z,270,23 9 55 73 57 21 15 50 79 54 12 11 25 17 48 52 67 60 36 66,tails,major,4
2022-12-09T01:30:00Z,271,57 15 30 37 74 36 67 14 34 80 4 76 55 71 21 66 12 8 42 10,heads,major,3
2022-12-09T01:33:00Z,272,80 61 16 66 28 53 68 71 56 11 65 26 45 59 30 41 58 67 55 13,tails,regular,1
2022-12-09T01:36:00Z,273,66 1 80 45 23 42 21 48 15 50 2 43 79 36 55 67 33 60 64 13,tails,regular,2
2022-12-09T01:39:00Z,274,18 22 60 26 78 55 72 7 64 1 52 29 44 41 65 76 67 30 2 28,tails,regular,1
2022-12-09T01:42:00Z,275,64 22 23 67 45 40 4 63 38 34 70 18 6 24 48 39 72 62 37 44,heads,regular,1
2022-12-09T01:45:00Z,276,10 80 29 57 18 76 69 21 56 19 63 72 30 16 65 26 79 49 71 46,tails,minor,2
2022-12-09T01:48:00Z,278,58 68 28 35 36 41 34 27 29 12 56 54 26 48 61 4 73 63 80 66,tails,regular,1
2022-12-09T01:51:00Z,279,49 5 25 77 9 66 42 67 78 56 45 44 15 37 61 62 80 20 24 21,tails,regular,1
2022-12-09T01:54:00Z,280,37 76 47 71 80 48 2 4 70 75 3 57 74 1 78 21 61 39 72 5,tails,regular,5
2022-12-09T01:57:00Z,281,60 39 34 1 37 55 57 75 11 12 71 42 10 44 54 47 56 73 53 36,tails,regular,3
2022-12-09T02:00:00Z,282,38 67 48 1 42 35 46 7 77 70 36 60 27 32 28 25 2 34 58 79,heads,regular,1
2022-12-09T02:03:00Z,283,31 38 9 6 59 39 20 35 30 19 45 70 16 63 22 28 51 53 71 3,heads,regular,1
2022-12-09T02:06:00Z,284,11 52 39 51 4 38 20 10 35 58 77 25 43 75 70 76 26 54 34 50,evens,major,4
2022-12-09T02:09:00Z,285,41 17 28 62 24 16 37 21 72 35 5 1 44 6 65 60 10 8 71 79,heads,regular,2
2022-12-09T02:12:00Z,287,7 28 33 41 20 1 6 65 32 35 34 19 8 66 3 50 44 78 23 36,heads,regular,3
2022-12-09T02:15:00Z,288,63 77 48 15 7 5 59 79 10 52 62 49 74 40 41 67 73 35 45 76,tails,major,1
2022-12-09T02:18:00Z,289,42 37 27 70 32 23 77 51 49 9 6 17 1 59 60 76 13 29 56 30,heads,major,2
2022-12-09T02:21:00Z,290,59 7 52 13 56 62 4 49 79 21 61 64 63 33 37 57 50 22 5 70,tails,regular,2
2022-12-09T02:24:00Z,291,58 3 62 78 25 19 31 9 48 4 61 54 24 41 80 12 35 30 23 67,heads,major,2
2022-12-09T02:27:00Z,292,16 59 72 46 40 44 48 15 74 61 4 34 37 39 54 56 36 38 76 18,evens,regular,3
2022-12-09T02:30:00Z,293,74 55 20 71 41 29 67 64 28 69 8 61 18 25 45 80 3 40 26 34,evens,regular,1
2022-12-09T02:33:00Z,294,27 2 69 34 22 49 77 53 58 26 79 71 24 64 73 42 80 25 38 23,tails,regular,10
2022-12-09T02:36:00Z,296,71 63 45 62 46 3 4 53 69 51 49 35 47 16 21 15 28 43 60 59,tails,regular,2
2022-12-09T02:39:00Z,297,4 49 77 20 21 70 8 7 37 56 71 57 9 18 19 68 50 16 2 78,heads,regular,1
2022-12-09T02:42:00Z,298,53 7 30 70 64 2 23 78 38 74 22 71 57 56 41 55 5 66 75 43,tails,regular,2
2022-12-09T02:45:00Z,299,71 80 20 40 56 45 48 52 13 36 37 28 11 8 76 33 21 63 15 22,heads,regular,2
2022-12-09T02:48:00Z,300,7 27 21 74 50 44 41 64 75 45 46 42 37 79 72 12 78 39 3 55,tails,major,1
2022-12-09T02:51:00Z,301,41 72 64 22 23 25 35 68 9 79 48 60 21 26 18 37 1 58 40 71,heads,regular,1
2022-12-09T02:54:00Z,302,40 32 58 38 20 7 46 37 36 13 23 65 43 61 64 44 27 1 29 9,heads,regular,1
2022-12-09T02:57:00Z,303,80 52 46 39 17 72 4 15 28 14 27 24 1 12 23 66 19 44 50 70,heads,minor,2
2022-12-09T03:00:00Z,305,41 73 59 78 54 75 2 3 32 25 36 1 47 30 5 66 16 45 20 7,heads,regular,1
2022-12-09T03:03:00Z,306,77 53 3 29 24 8 36 50 26 6 58 30 80 22 78 13 61 28 46 76,heads,regular,3
2022-12-09T03:06:00Z,307,68 38 80 23 64 17 75 49 3 40 55 1 21 30 66 36 50 29 63 71,evens,regular,1
2022-12-09T03:09:00Z,308,35 53 40 55 47 52 14 12 4 16 77 19 63 59 65 27 72 46 43 29,tails,regular,1
2022-12-09T03:12:00Z,309,69 36 35 53 28 16 31 20 19 11 61 77 15 37 63 40 23 21 70 33,heads,regular,4
2022-12-09T03:15:00Z,310,71 35 80 47 41 13 58 59 75 67 43 57 76 11 30 5 48 77 23 34,tails,regular,3
2022-12-09T03:18:00Z,311,17 54 31 27 33 26 8 50 24 43 34 46 29 62 66 7 53 35 70 37,heads,regular,2
2022-12-09T03:21:00Z,312,74 17 29 13 6 73 46 78 76 28 72 71 59 5 35 50 62 11 31 66,tails,regular,1
2022-12-09T03:24:00Z,314,10 3 58 26 19 71 72 49 34 46 28 17 78 54 15 69 57 39 61 47,tails,minor,1
2022-12-09T03:27:00Z,315,68 77 13 8 63 56 42 3 67 60 41 28 10 62 44 22 31 7 32 61,tails,regular,2
2022-12-09T03:30:00Z,316,9 46 60 19 15 56 65 75 61 23 48 69 27 52 29 8 40 1 20 72,evens,regular,2
2022-12-09T03:33:00Z,317,22 20 26 66 61 58 63 9 57 6 79 46 48 64 43 24 68 13 44 8,tails,regular,2
2022-12-09T03:36:00Z,318,34 68 42 53 11 65 32 43 72 67 12 78 19 48 31 18 50 15 52 35,tails,regular,2
2022-12-09T03:39:00Z,319,75 43 77 71 74 24 80 40 76 57 79 15 51 50 36 34 62 69 47 35,tails,regular,1
2022-12-09T03:42:00Z,320,13 50 21 40 44 66 20 12 70 80 63 7 59 68 57 71 39 55 27 33,tails,minor,1
2022-12-09T03:45:00Z,321,26 28 76 36 42 3 80 66 49 58 64 29 12 33 41 70 37 46 5 22,evens,minor,10
2022-12-09T03:48:00Z,323,70 66 37 64 4 7 76 40 65 18 21 61 22 73 67 56 2 53 62 25,tails,minor,2
2022-12-09T03:51:00Z,324,63 33 50 7 18 36 41 65 22 68 3 21 55 4 20 77 62 30 40 67,heads,regular,5
2022-12-09T03:54:00Z,325,52 66 51 46 7 8 58 73 36 56 11 32 59 77 2 39 63 68 25 1,tails,major,4
2022-12-09T03:57:00Z,326,11 7 65 41 43 30 6 5 42 39 62 44 73 20 68 14 58 12 32 23,heads,regular,1
2022-12-09T04:00:00Z,327,44 74 45 75 54 40 34 32 15 48 79 52 67 16 65 69 76 9 3 80,tails,major,1
2022-12-09T04:03:00Z,328,42 5 57 68 17 65 52 21 44 11 8 38 62 37 73 29 79 48 74 46,tails,regular,3
2022-12-09T04:06:00Z,329,2 72 41 10 26 29 7 60 34 68 46 5 61 37 1 70 78 14 20 66,heads,regular,1
2022-12-09T04:09:00Z,330,29 60 75 47 79 11 17 2 80 23 34 28 55 13 25 37 69 65 59 45,evens,minor,1
2022-12-09T04:12:00Z,332,46 5 1 55 8 38 75 56 42 64 41 74 12 18 10 47 37 62 44 58,tails,minor,1
2022-12-09T04:15:00Z,333,48 1 38 73 62 75 27 3 56 29 80 74 4 30 19 5 7 22 9 24,heads,regular,1
2022-12-09T04:18:00Z,334,43 40 25 11 53 23 80 35 61 15 8 5 64 68 66 22 12 41 36 34,heads,minor,2
2022-12-09T04:21:00Z,335,31 58 28 9 39 57 24 56 72 36 22 80 48 43 7 34 12 29 47 37,heads,minor,4
2022-12-09T04:24:00Z,336,2 73 17 40 4 48 6 77 72 74 36 51 63 50 52 38 53 30 33 71,tails,major,1
2022-12-09T04:27:00Z,337,26 2 33 73 77 49 66 35 79 12 28 46 50 38 30 67 16 45 5 78,evens,regular,1
2022-12-09T04:30:00Z,338,33 70 15 41 40 32 12 31 72 2 38 28 8 13 20 46 23 73 78 7,heads,minor,1
2022-12-09T04:33:00Z,339,8 17 14 75 56 52 48 2 41 20 10 12 4 38 25 24 13 70 47 45,heads,regular,5
2022-12-09T04:36:00Z,341,79 12 78 31 3 18 56 66 37 21 16 6 54 1 39 30 40 14 7 13,heads,regular,5
2022-12-09T04:39:00Z,342,18 19 1 3 78 20 79 69 55 22 51 39 12 29 49 47 44 7 71 65,evens,regular,1
2022-12-09T04:42:00Z,343,39 11 48 42 50 19 53 52 6 28 1 75 68 7 13 80 26 46 9 78,evens,minor,1
2022-12-09T04:45:00Z,344,73 19 7 12 36 34 10 6 79 21 15 57 11 2 33 46 47 25 8 43,heads,regular,1
2022-12-09T04:48:00Z,345,58 44 17 26 39 55 69 25 45 16 52 42 23 63 54 13 62 74 35 56,tails,minor,2
2022-12-09T04:51:00Z,346,35 66 3 30 48 47 12 16 61 9 6 53 8 14 34 56 75 76 55 50,evens,regular,5
2022-12-09T04:54:00Z,347,44 36 63 12 52 14 60 49 7 37 59 45 80 76 24 47 8 69 26 70,tails,regular,2
2022-12-09T04:57:00Z,348,54 15 44 24 51 9 36 47 22 40 46 25 12 75 10 19 62 33 4 21,heads,regular,1
2022-12-09T05:00:00Z,350,33 74 9 45 19 29 27 50 61 57 72 3 17 32 28 2 21 80 41 62,heads,regular,1
2022-12-09T05:03:00Z,351,48 35 1 60 7 25 65 71 46 38 76 22 52 30 20 43 74 80 27 16,evens,regular,2
2022-12-09T05:06:00Z,352,73 6 8 32 77 14 4 80 58 46 43 20 55 25 70 63 38 2 57 79,tails,minor,3
2022-12-09T05:09:00Z,353,3 32 40 46 19 64 43 18 48 53 76 35 60 6 16 13 31 51 61 69,evens,minor,2
2022-12-09T05:12:00Z,354,64 74 17 14 2 35 70 21 53 77 10 38 16 27 7 5 12 23 67 73,heads,regular,5
2022-12-09T05:15:00Z,355,69 34 67 51 20 71 75 6 70 39 22 12 57 61 58 49 56 72 27 54,tails,minor,3
2022-12-09T05:18:00Z,356,59 45 40 57 61 74 37 62 5 10 51 71 24 16 80 3 36 47 13 54,tails,regular,2
2022-12-09T05:21:00Z,357,31 20 23 25 80 18 24 46 29 53 12 7 60 45 57 75 28 34 41 50,heads,regular,4
2022-12-09T05:24:00Z,359,28 76 23 42 30 60 44 7 10 1 69 55 33 35 79 51 73 19 5 66,evens,major,2
2022-12-09T05:27:00Z,360,25 2 69 46 48 60 76 18 73 8 11 57 62 52 66 33 42 3 14 30,tails,regular,2
2022-12-09T05:30:00Z,361,65 51 30 55 15 7 4 1 74 73 34 75 3 44 79 58 17 29 62 60,tails,regular,2
2022-12-09T05:33:00Z,362,33 58 11 78 72 16 76 54 59 71 22 35 9 73 5 77 48 23 6 52,tails,regular,2
2022-12-09T05:36:00Z,363,11 68 48 26 10 71 39 5 4 15 29 42 64 27 40 69 55 18 37 49,heads,minor,5
2022-12-09T05:39:00Z,364,55 15 7 32 57 75 17 12 45 62 36 78 47 70 46 56 48 25 51 10,tails,minor,2
2022-12-09T05:42:00Z,365,51 1 41 20 38 24 15 57 63 64 62 48 17 18 75 78 22 79 5 73,tails,major,4
2022-12-09T05:45:00Z,366,80 43 58 45 72 35 28 25 27 8 53 51 46 49 31 38 55 48 50 21,tails,regular,3
2022-12-09T05:48:00Z,368,54 47 18 59 75 49 1 14 55 2 79 39 73 30 69 58 4 35 20 51,tails,minor,1
2022-12-09T05:51:00Z,369,6 34 56 64 57 59 35 80 47 37 50 38 68 42 79 12 41 16 44 46,tails,major,1
2022-12-09T05:54:00Z,370,40 45 37 64 41 14 58 39 56 35 27 61 29 26 67 59 78 72 36 75,tails,regular,2
2022-12-09T05:57:00Z,371,39 65 63 11 28 5 64 48 1 72 15 68 6 51 45 13 37 10 74 46,evens,regular,3
2022-12-09T06:00:00Z,372,27 65 3 8 79 50 46 32 44 43 14 15 60 77 64 20 55 31 35 52,tails,regular,1
2022-12-09T06:03:00Z,373,37 66 55 36 15 24 17 64 45 74 39 72 71 68 18 46 69 6 77 47,tails,regular,1
2022-12-09T06:06:00Z,374,25 74 16 19 12 65 21 34 47 39 1 13 48 68 62 63 14 57 20 76,heads,regular,3
2022-12-09T06:09:00Z,375,18 46 78 41 68 34 7 39 47 67 63 31 71 64 5 48 50 61 43 28,tails,regular,1
2022-12-09T06:12:00Z,377,65 31 52 10 46 25 54 77 60 11 8 66 57 74 47 6 64 68 39 30,tails,major,1
2022-12-09T06:15:00Z,378,35 48 55 20 53 44 49 61 14 54 80 69 28 7 25 6 23 52 66 1,tails,minor,4
2022-12-09T06:18:00Z,379,50 57 37 25 5 70 78 20 68 42 9 62 41 29 49 15 69 80 32 59,tails,regular,1
2022-12-09T06:21:00Z,380,70 1 76 60 54 13 71 7 53 33 17 47 31 80 45 29 4 15 57 74,tails,regular,1
2022-12-09T06:24:00Z,381,31 17 27 56 69 20 43 58 48 37 8 23 39 49 59 68 41 40 60 46,tails,regular,2
2022-12-09T06:27:00Z,382,18 61 23 77 30 40 44 7 65 72 9 32 35 34 19 1 45 78 27 33,heads,regular,3
2022-12-09T06:30:00Z,383,16 26 75 73 15 36 37 76 48 64 29 13 72 9 60 14 39 51 69 34,heads,minor,3
2022-12-09T06:33:00Z,384,71 78 20 25 35 59 11 23 76 46 62 29 3 65 26 19 42 28 38 67,heads,minor,10
2022-12-09T06:36:00Z,386,36 27 50 12 71 31 17 57 14 76 49 35 28 20 80 33 1 73 43 44,heads,regular,1
2022-12-09T06:39:00Z,387,59 47 80 78 34 40 67 43 30 54 15 71 32 53 19 55 37 36 29 18,evens,regular,1
2022-12-09T06:42:00Z,388,55 18 52 65 54 58 7 15 10 32 42 2 29 17 14 56 77 28 66 67,evens,major,2
2022-12-09T06:45:00Z,389,28 25 79 5 45 48 42 52 65 35 66 16 33 77 4 80 43 30 41 9,tails,minor,10
2022-12-09T06:48:00Z,390,21 61 77 55 33 45 69 18 40 70 63 56 37 53 41 52 71 78 79 54,tails,regular,1
2022-12-09T06:51:00Z,391,16 11 57 62 21 30 22 78 39 12 34 58 23 43 45 64 75 72 70 55,tails,regular,1
2022-12-09T06:54:00Z,392,24 73 78 57 54 61 23 45 14 19 32 76 70 77 33 29 28 51 47 68,tails,regular,2
2022-12-09T06:57:00Z,393,67 61 54 44 10 16 69 76 49 72 68 51 33 11 50 55 22 24 53 15,tails,regular,2
2022-12-09T07:00:00Z,395,1 45 23 54 77 32 28 70 79 58 8 22 72 14 13 43 10 53 51 73,tails,minor,3
2022-12-09T07:03:00Z,396,13 78 45 77 5 43 42 52 55 27 31 80 1 15 61 46 34 49 2 58,tails,minor,2
2022-12-09T07:06:00Z,397,71 34 36 31 9 45 55 13 39 42 49 73 19 24 33 48 25 1 18 50,heads,regular,1
2022-12-09T07:09:00Z,398,39 68 40 75 36 10 73 37 5 66 69 34 16 20 9 18 60 78 4 63,heads,regular,1
2022-12-09T07:12:00Z,399,19 75 63 10 56 53 39 60 78 71 36 80 34 48 79 72 28 35 20 25,tails,regular,3
2022-12-09T07:15:00Z,400,24 62 55 27 2 19 80 60 3 22 38 39 47 11 12 32 65 67 17 56,heads,regular,2
2022-12-09T07:18:00Z,401,53 35 10 5 47 13 70 64 26 27 20 72 11 57 39 18 12 9 1 50,heads,regular,3
2022-12-09T07:21:00Z,402,53 26 27 70 12 63 50 40 37 61 6 7 74 72 78 58 45 25 49 65,tails,regular,3
2022-12-09T07:24:00Z,404,31 5 25 15 55 67 54 32 41 50 6 60 14 19 9 75 17 47 74 56,evens,regular,2
2022-12-09T07:27:00Z,405,24 58 42 43 9 27 26 50 56 72 55 70 68 38 44 40 60 3 80 15,tails,regular,2
2022-12-09T07:30:00Z,406,62 79 5 41 18 6 14 57 44 46 74 37 23 56 11 25 10 35 47 40,heads,minor,1
2022-12-09T07:33:00Z,407,44 45 13 75 38 68 40 67 42 58 52 24 12 10 41 74 49 31 43 17,tails,regular,2
2022-12-09T07:36:00Z,408,50 37 23 54 7 44 38 5 75 31 3 58 21 19 56 24 80 39 53 6,heads,regular,1
2022-12-09T07:39:00Z,409,60 30 27 3 35 38 78 44 2 61 11 6 1 62 49 24 59 14 68 25,heads,minor,1
2022-12-09T07:42:00Z,410,49 28 58 17 43 51 44 77 45 63 55 26 41 39 23 80 71 4 6 29,tails,regular,2
2022-12-09T07:45:00Z,411,35 66 6 69 10 80 8 54 34 62 23 32 5 39 40 63 27 55 19 31,heads,regular,4
2022-12-09T07:48:00Z,413,24 79 49 17 61 10 32 65 22 70 34 31 56 37 29 68 46 58 7 5,heads,regular,1
2022-12-09T07:51:00Z,414,30 35 24 19 38 3 10 52 70 7 59 73 63 15 43 80 29 72 13 54,heads,regular,1
2022-12-09T07:54:00Z,415,42 79 53 34 44 35 69 31 9 19 50 63 33 28 47 25 40 7 3 12,heads,regular,1
2022-12-09T07:57:00Z,416,21 67 23 38 24 10 34 60 31 70 55 36 19 75 33 71 65 52 13 18,heads,regular,1
2022-12-09T08:00:00Z,417,78 9 63 5 37 11 61 46 3 4 20 18 57 17 25 1 35 70 16 66,heads,regular,10
2022-12-09T08:03:00Z,418,61 23 53 70 30 21 7 39 36 29 18 49 15 8 6 20 28 76 42 1,heads,regular,1
2022-12-09T08:06:00Z,419,53 75 11 43 48 62 78 49 1 20 60 72 5 65 55 74 67 12 30 51,tails,minor,3
2022-12-09T08:09:00Z,420,57 76 8 49 71 29 33 3 46 9 20 34 25 11 42 75 64 43 65 23,evens,regular,1
2022-12-09T08:12:00Z,422,70 36 10 62 54 24 7 34 74 45 58 57 23 29 20 52 6 66 2 1,heads,minor,1
2022-12-09T08:15:00Z,423,57 14 65 52 13 61 56 62 78 11 48 40 49 64 46 38 80 9 2 41,tails,minor,3
2022-12-09T08:18:00Z,424,12 71 59 79 53 41 33 54 38 62 37 25 78 68 55 6 39 51 57 17,tails,major,2
2022-12-09T08:21:00Z,425,35 41 17 42 8 37 9 25 47 33 32 61 40 36 62 77 64 66 67 14,heads,regular,1
2022-12-09T08:24:00Z,426,56 30 24 50 27 74 42 9 31 41 22 55 51 12 48 28 68 45 58 67,tails,regular,4
2022-12-09T08:27:00Z,427,12 17 64 41 16 76 59 75 1 32 7 33 18 53 68 40 67 60 3 26,heads,regular,1
2022-12-09T08:30:00Z,428,3 17 16 62 46 37 63 76 39 32 45 11 74 71 2 31 28 43 52 24,heads,minor,4
2022-12-09T08:33:00Z,429,19 57 68 48 49 4 42 21 78 73 17 60 54 44 47 71 66 58 80 28,tails,regular,1
2022-12-09T08:36:00Z,431,74 36 22 57 42 30 68 46 39 80 25 49 27 73 50 60 33 37 56 47,tails,regular,1
2022-12-09T08:39:00Z,432,55 79 5 27 56 73 2 34 4 36 54 19 71 70 39 80 49 65 45 62,tails,regular,1
2022-12-09T08:42:00Z,433,68 17 47 70 25 2 56 31 24 46 54 20 62 8 36 60 1 58 33 35,heads,regular,2
2022-12-09T08:45:00Z,434,18 41 53 10 19 12 68 69 30 76 49 24 43 79 2 9 36 74 62 47,tails,regular,3
2022-12-09T08:48:00Z,435,70 73 13 68 26 15 32 29 11 10 2 58 51 59 71 46 40 43 48 5,evens,regular,3
2022-12-09T08:51:00Z,436,12 15 19 39 56 11 1 77 58 24 30 69 65 38 32 49 55 67 21 46,heads,minor,2
2022-12-09T08:54:00Z,437,71 38 6 41 61 77 1 8 46 34 54 17 35 58 79 76 78 31 21 64,tails,regular,2
2022-12-09T08:57:00Z,438,54 73 68 42 75 77 36 61 13 40 35 63 1 24 69 52 60 20 45 2,tails,minor,1
2022-12-09T09:00:00Z,440,36 55 30 16 62 67 54 21 66 41 37 19 56 70 39 6 73 35 59 75,tails,regular,2
2022-12-09T09:03:00Z,441,2 37 44 36 1 18 66 48 11 63 6 23 55 47 65 45 30 51 27 59,evens,regular,2
2022-12-09T09:06:00Z,442,32 24 8 4 45 36 33 14 63 12 40 2 50 13 60 42 47 27 61 74,heads,regular,2
2022-12-09T09:09:00Z,443,13 9 6 42 39 79 80 1 51 36 31 67 27 73 19 17 47 40 70 59,heads,major,2
2022-12-09T09:12:00Z,444,26 70 39 5 80 75 15 3 67 58 29 60 73 9 4 51 11 59 52 43,tails,minor,3
2022-12-09T09:15:00Z,445,56 51 59 74 42 64 34 13 22 61 76 41 26 66 68 20 31 29 23 32,tails,regular,1
2022-12-09T09:18:00Z,446,54 72 39 61 26 42 66 30 69 75 9 10 27 71 14 15 38 43 80 74,tails,regular,5
2022-12-09T09:21:00Z,447,14 22 68 31 51 3 54 16 49 48 27 40 4 55 53 75 64 61 34 18,evens,minor,3
2022-12-09T09:24:00Z,449,75 68 36 6 28 51 1 38 48 80 58 46 41 76 34 37 65 18 23 45,tails,minor,1
2022-12-09T09:27:00Z,450,12 56 3 58 32 49 31 76 66 22 60 79 39 43 24 65 37 44 53 33,tails,regular,2
2022-12-09T09:30:00Z,451,57 15 4 39 42 78 29 11 3 55 74 20 63 50 2 9 44 45 18 28,heads,regular,1
2022-12-09T09:33:00Z,452,12 24 21 58 16 14 19 56 46 2 57 25 8 80 61 69 78 28 32 39,heads,minor,3
2022-12-09T09:36:00Z,453,35 16 1 67 28 12 77 17 78 49 60 73 70 5 40 59 50 6 8 26,heads,regular,2
2022-12-09T09:39:00Z,454,12 66 7 35 47 53 78 9 65 80 56 79 36 60 6 73 51 2 3 46,tails,regular,2
2022-12-09T09:42:00Z,455,69 52 18 66 73 22 44 70 21 17 72 39 11 27 4 10 80 33 49 3,heads,regular,2
2022-12-09T09:45:00Z,456,17 25 30 51 10 1 22 12 42 64 2 14 31 61 54 6 27 45 46 34,heads,regular,3
2022-12-09T09:48:00Z,458,47 68 51 57 26 79 56 28 72 22 3 73 64 15 12 10 41 61 17 4,tails,major,2
2022-12-09T09:51:00Z,459,42 54 18 49 66 21 44 34 23 1 35 46 10 45 53 32 78 55 20 9,evens,regular,2
2022-12-09T09:54:00Z,460,10 24 61 27 5 67 12 3 7 2 23 51 14 20 31 4 25 29 46 16,heads,regular,1
2022-12-09T09:57:00Z,461,70 7 5 39 34 10 80 74 45 60 44 46 11 49 47 3 30 35 20 17,heads,regular,3
2022-12-09T10:00:00Z,462,1 73 12 48 10 52 31 78 35 42 22 37 69 51 41 13 53 80 38 40,evens,minor,3
2022-12-09T10:03:00Z,463,33 70 40 49 32 46 65 52 21 18 24 54 37 20 29 44 51 59 19 78,evens,regular,3
2022-12-09T10:06:00Z,464,62 58 79 17 77 74 14 59 34 54 35 28 33 50 76 46 56 30 36 1,tails,minor,1
2022-12-09T10:09:00Z,465,79 63 21 18 66 31 5 56 42 72 25 75 19 14 55 33 53 35 15 48,evens,regular,2
2022-12-09T10:12:00Z,467,16 45 70 78 73 60 21 14 37 56 77 55 3 38 69 10 7 24 72 26,evens,major,4
2022-12-09T10:15:00Z,468,24 45 55 5 36 30 20 19 2 9 26 68 61 58 62 52 13 15 32 70,heads,regular,2
2022-12-09T10:18:00Z,469,23 7 55 31 43 56 49 25 19 47 2 40 6 44 39 27 66 54 10 72,heads,regular,1
2022-12-09T10:21:00Z,470,71 1 44 13 70 60 69 45 68 77 33 2 25 32 75 21 64 4 43 20,tails,regular,1
2022-12-09T10:24:00Z,471,34 9 10 61 54 67 46 17 33 76 58 47 70 39 12 78 26 48 28 7,evens,regular,1
2022-12-09T10:27:00Z,472,28 31 24 3 48 13 26 65 33 22 66 78 80 14 62 55 74 71 15 2,heads,regular,2
2022-12-09T10:30:00Z,473,19 54 40 30 64 42 32 39 11 47 72 36 34 18 7 6 10 73 4 9,heads,regular,10
2022-12-09T10:33:00Z,474,47 69 39 55 71 2 30 49 3 23 43 33 72 26 79 13 80 5 11 22,heads,minor,4
2022-12-09T10:36:00Z,476,3 69 37 7 2 56 72 36 45 66 31 50 39 28 53 5 42 29 19 32,heads,minor,10
2022-12-09T10:39:00Z,477,78 37 45 47 65 63 30 58 51 12 23 71 15 60 5 55 21 39 64 69,tails,regular,1
2022-12-09T10:42:00Z,478,32 67 63 11 53 49 65 40 76 6 45 1 64 39 4 7 20 14 28 25,heads,minor,1
2022-12-09T10:45:00Z,479,13 58 21 35 78 25 52 51 64 4 57 53 56 23 30 10 32 73 5 6,heads,major,1
2022-12-09T10:48:00Z,480,40 46 20 6 72 31 24 8 15 71 73 30 59 37 78 28 27 10 29 17,heads,minor,10
2022-12-09T10:51:00Z,481,8 16 18 44 66 42 35 30 77 57 34 36 14 56 5 75 63 31 39 67,heads,regular,1
2022-12-09T10:54:00Z,482,23 22 58 14 21 74 42 71 33 62 20 51 6 79 66 72 73 26 40 52,tails,regular,1
2022-12-09T10:57:00Z,483,21 50 79 38 37 18 3 69 45 61 13 24 47 67 28 22 80 36 60 53,evens,major,4
2022-12-09T11:00:00Z,485,64 24 22 30 47 49 16 13 48 56 33 29 57 43 62 18 72 6 35 53,evens,regular,2
2022-12-09T11:03:00Z,486,74 39 72 14 21 8 59 51 43 78 7 30 62 26 36 10 48 9 53 37,heads,regular,2
2022-12-09T11:06:00Z,487,52 67 62 41 47 31 54 22 1 79 8 43 64 5 69 32 28 60 58 12,tails,minor,1
2022-12-09T11:09:00Z,488,53 56 71 52 1 78 5 54 11 24 41 62 75 28 9 13 3 33 29 17,heads,regular,1
2022-12-09T11:12:00Z,489,71 25 75 55 36 24 73 46 56 21 8 41 10 34 20 7 18 30 29 66,heads,minor,3
2022-12-09T11:15:00Z,490,14 59 24 51 60 31 20 43 25 46 41 11 44 80 15 16 48 72 45 29,tails,regular,3
2022-12-09T11:18:00Z,491,26 17 61 21 41 64 34 4 36 67 22 16 29 1 45 72 23 53 50 57,heads,minor,3
2022-12-09T11:21:00Z,492,16 71 45 44 6 24 80 72 73 52 65 42 63 39 56 58 15 5 34 32,tails,minor,1
2022-12-09T11:24:00Z,494,45 77 29 15 11 7 51 68 70 54 44 69 36 19 75 16 25 21 27 38,heads,regular,1
2022-12-09T11:27:00Z,495,36 42 15 69 64 31 40 32 18 68 75 3 17 6 54 46 58 11 34 7,heads,regular,3
2022-12-09T11:30:00Z,496,74 43 27 14 45 11 67 42 13 20 36 78 72 60 54 75 29 33 34 26,evens,minor,1
2022-12-09T11:33:00Z,497,49 17 67 38 19 59 33 60 27 55 25 11 65 37 68 41 56 78 6 24,evens,minor,1
2022-12-09T11:36:00Z,498,64 28 14 54 68 23 66 10 72 44 30 41 42 12 50 71 55 31 21 13,tails,major,3
2022-12-09T11:39:00Z,499,29 67 22 54 27 19 39 38 78 75 80 58 12 44 48 1 37 47 76 53,tails,regular,3
2022-12-09T11:42:00Z,500,20 5 27 55 80 31 38 66 37 16 73 9 25 8 61 76 79 4 68 23,heads,regular,2
2022-12-09T11:45:00Z,501,55 75 14 20 64 38 18 37 70 15 45 25 50 39 59 29 51 13 68 24,heads,major,3
2022-12-09T11:48:00Z,503,61 28 21 74 66 64 48 35 55 42 36 2 11 59 6 30 47 26 34 12,heads,regular,3
2022-12-09T11:51:00Z,504,76 23 44 48 24 28 4 46 58 51 10 31 57 55 50 34 71 32 21 78,tails,regular,3
2022-12-09T11:54:00Z,505,47 33 70 10 15 39 1 64 48 5 26 36 49 78 40 3 12 44 34 58,heads,regular,3
2022-12-09T11:57:00Z,506,58 2 15 65 19 49 10 20 46 4 69 35 70 5 24 52 74 45 68 62,tails,regular,1
2022-12-09T12:00:00Z,507,75 73 1 7 38 61 30 72 16 45 14 52 20 50 8 12 55 57 23 25,heads,regular,2
2022-12-09T12:03:00Z,508,29 27 10 53 77 14 44 62 7 39 56 75 23 21 68 46 40 51 30 6,heads,regular,1
2022-12-09T12:06:00Z,509,48 50 47 34 57 63 59 39 29 64 27 76 72 56 30 60 40 28 20 65,tails,regular,1
2022-12-09T12:09:00Z,510,10 59 74 27 5 64 55 6 62 72 77 40 17 35 71 58 53 67 78 8,tails,regular,1
2022-12-09T12:12:00Z,512,43 47 63 7 22 59 41 66 78 24 29 71 64 20 73 11 28 56 26 36,tails,regular,2
2022-12-09T12:15:00Z,513,73 74 80 6 20 25 37 31 69 56 12 23 66 41 55 57 71 22 5 19,evens,regular,10
2022-12-09T12:18:00Z,514,28 30 2 41 53 24 59 47 13 37 76 1 36 60 71 29 61 40 52 65,evens,regular,2
2022-12-09T12:21:00Z,515,49 25 31 56 36 55 78 11 77 59 75 64 80 48 70 18 5 71 44 16,tails,regular,2
2022-12-09T12:24:00Z,516,26 19 74 54 68 7 76 38 14 67 35 66 5 36 55 8 64 49 31 77,evens,major,1
2022-12-09T12:27:00Z,517,46 61 34 36 68 57 53 6 12 45 9 55 47 72 8 79 14 2 24 60,tails,major,1
2022-12-09T12:30:00Z,518,31 56 63 8 75 46 49 47 61 72 51 27 64 67 17 36 53 60 20 15,tails,regular,3
2022-12-09T12:33:00Z,519,75 50 45 1 38 43 21 12 13 72 31 55 76 61 44 2 80 11 47 4,tails,minor,2
2022-12-09T12:36:00Z,521,50 26 43 28 7 69 17 45 63 24 41 65 3 23 5 40 60 55 59 77,tails,regular,1
2022-12-09T12:39:00Z,522,78 24 36 27 17 74 31 59 42 57 44 3 6 46 32 25 65 7 23 28,heads,minor,2
2022-12-09T12:42:00Z,523,9 7 43 77 63 47 45 12 8 17 65 50 21 79 70 16 80 73 26 20,tails,regular,1
2022-12-09T12:45:00Z,524,29 47 77 10 46 36 25 6 24 76 75 61 18 78 22 44 57 14 50 13,evens,minor,1
2022-12-09T12:48:00Z,525,80 26 74 70 40 47 34 17 56 15 20 30 43 54 37 67 13 28 16 57,heads,regular,3
2022-12-09T12:51:00Z,526,38 50 56 52 22 51 42 55 47 80 76 37 48 46 24 39 7 27 49 10,tails,minor,3
2022-12-09T12:54:00Z,527,69 64 36 47 72 74 46 16 60 43 70 61 5 4 49 3 38 15 11 1,tails,minor,2
2022-12-09T12:57:00Z,528,14 52 76 80 12 30 72 46 6 13 75 61 69 34 11 43 39 26 38 60,evens,regular,3
2022-12-09T13:00:00Z,530,64 77 17 9 3 35 54 8 72 47 74 16 11 53 79 65 14 22 39 27,heads,regular,1
2022-12-09T13:03:00Z,531,73 78 27 69 56 66 20 37 72 57 26 52 71 64 59 80 48 7 34 19,tails,minor,2
2022-12-09T13:06:00Z,532,77 33 67 48 61 11 62 8 42 14 49 12 60 63 2 58 5 27 23 40,evens,regular,1
2022-12-09T13:09:00Z,533,64 25 49 57 6 42 34 21 30 28 45 33 7 54 61 47 76 2 60 10,evens,minor,1
2022-12-09T13:12:00Z,534,54 17 49 33 74 28 45 13 78 79 16 72 51 41 36 10 15 5 24 7,heads,regular,1
2022-12-09T13:15:00Z,535,7 6 40 72 47 55 61 37 1 12 13 57 43 59 53 41 26 20 76 30,evens,regular,3
2022-12-09T13:18:00Z,536,4 34 45 60 74 13 8 32 20 68 9 37 5 50 72 29 11 27 18 55,heads,regular,1
2022-12-09T13:21:00Z,537,33 76 24 12 66 27 72 77 60 73 38 67 5 55 57 71 52 54 20 21,tails,regular,2
2022-12-09T13:24:00Z,539,2 71 3 47 29 23 45 61 64 36 74 66 20 27 37 70 44 60 48 50,tails,minor,1
2022-12-09T13:27:00Z,540,1 30 47 48 68 11 73 46 40 45 57 37 67 20 33 65 36 72 8 42,tails,regular,2
2022-12-09T13:30:00Z,541,30 78 56 15 20 16 50 67 7 22 2 13 74 58 31 26 25 80 48 73,heads,regular,2
2022-12-09T13:33:00Z,542,62 31 35 24 42 3 68 70 17 60 7 39 2 26 49 33 45 50 38 20,heads,minor,10
2022-12-09T13:36:00Z,543,77 1 73 25 15 8 23 34 6 4 43 46 64 2 47 79 37 9 30 42,heads,regular,3
2022-12-09T13:39:00Z,544,48 77 5 19 61 51 71 76 20 3 79 57 68 66 26 11 43 69 72 21,tails,regular,1
2022-12-09T13:42:00Z,545,65 54 57 18 52 13 1 29 28 16 68 80 36 31 41 22 63 20 14 72,heads,regular,2
2022-12-09T13:45:00Z,546,4 13 19 46 15 36 71 47 44 62 7 8 48 45 61 67 75 35 52 32,tails,minor,3
2022-12-09T13:48:00Z,548,23 27 4 38 22 77 40 30 60 62 10 74 63 69 51 21 76 56 16 12,heads,regular,1
2022-12-09T13:51:00Z,549,46 5 77 42 13 35 22 34 78 65 64 67 69 24 51 53 45 73 48 12,tails,regular,1
2022-12-09T13:54:00Z,550,3 10 6 41 65 21 25 48 68 1 22 50 74 37 53 42 78 7 49 17,evens,regular,1
2022-12-09T13:57:00Z,551,66 69 42 45 23 75 30 36 64 41 19 63 61 67 24 22 5 44 12 79,tails,regular,1
2022-12-09T14:00:00Z,552,1 40 65 64 31 43 57 23 61 14 18 20 48 36 52 55 69 4 8 33,heads,minor,2
2022-12-09T14:03:00Z,553,18 33 58 43 22 39 67 55 36 66 56 65 74 72 31 48 54 3 47 63,tails,regular,3
2022-12-09T14:06:00Z,554,25 4 73 45 46 76 36 78 24 13 5 42 58 72 32 54 61 14 53 12,tails,minor,10
2022-12-09T14:09:00Z,555,22 7 1 34 80 49 3 28 12 54 38 17 19 5 44 27 71 30 51 20,heads,regular,3
2022-12-09T14:12:00Z,557,29 76 27 64 14 48 41 30 65 19 38 26 31 75 34 69 10 42 21 67,heads,minor,3
2022-12-09T14:15:00Z,558,39 4 50 69 17 33 79 6 59 3 60 66 72 63 52 45 27 51 54 12,tails,regular,1
2022-12-09T14:18:00Z,559,23 47 16 61 21 13 6 19 41 38 79 5 18 80 3 14 9 15 43 10,heads,regular,1
2022-12-09T14:21:00Z,560,13 55 70 51 4 64 25 69 28 47 56 41 38 37 22 80 49 45 21 7,tails,regular,2
2022-12-09T14:24:00Z,561,50 67 53 75 9 21 55 34 52 27 8 76 74 23 69 46 64 16 77 3,tails,regular,1
2022-12-09T14:27:00Z,562,44 30 41 60 77 36 10 35 3 68 37 14 23 20 38 39 19 34 12 52,heads,regular,1
2022-12-09T14:30:00Z,563,54 26 45 5 53 42 74 38 35 63 15 2 62 27 13 59 70 33 73 76,tails,minor,2
2022-12-09T14:33:00Z,564,21 53 72 40 1 28 55 35 36 24 57 78 59 67 64 76 16 42 51 33,tails,regular,1
2022-12-09T14:36:00Z,566,61 46 58 22 20 31 38 32 55 39 21 56 40 80 47 50 42 30 1 24,heads,minor,1
2022-12-09T14:39:00Z,567,17 39 38 7 29 30 6 70 31 2 40 47 41 26 13 5 72 43 44 32,heads,regular,1
2022-12-09T14:42:00Z,568,73 62 65 18 74 6 58 44 42 10 25 31 24 70 19 53 47 77 40 33,tails,minor,2
2022-12-09T14:45:00Z,569,67 18 12 66 44 76 62 30 23 43 32 61 25 70 17 42 29 21 46 14,evens,regular,2
2022-12-09T14:48:00Z,570,10 12 57 55 48 3 74 19 62 42 50 36 34 33 58 73 80 60 29 6,tails,regular,3
2022-12-09T14:51:00Z,571,54 71 29 52 56 25 44 8 70 4 23 80 40 50 30 6 19 11 21 62,heads,regular,1
2022-12-09T14:54:00Z,572,5 55 52 34 77 31 8 47 42 38 13 27 62 7 78 44 9 17 25 49,heads,regular,3
2022-12-09T14:57:00Z,573,64 21 74 55 4 70 5 48 29 75 37 28 68 6 40 2 45 41 3 69,evens,minor,2
2022-12-09T15:00:00Z,575,80 66 30 27 49 44 60 68 4 12 70 15 36 72 14 11 20 47 58 42,tails,regular,2
2022-12-09T15:03:00Z,576,4 57 69 54 60 16 25 68 64 67 79 50 41 31 63 52 22 70 72 74,tails,regular,2
2022-12-09T15:06:00Z,577,33 29 75 45 23 1 7 17 77 6 10 53 36 32 11 59 3 4 43 55,heads,minor,3
2022-12-09T15:09:00Z,578,5 64 69 50 46 57 71 36 80 67 3 62 8 27 20 30 58 79 66 44,tails,regular,1
2022-12-09T15:12:00Z,579,6 27 43 14 25 45 40 30 11 70 38 63 8 22 10 75 78 12 49 76,heads,minor,2
2022-12-09T15:15:00Z,580,23 12 36 77 75 74 34 1 9 24 26 16 5 11 80 45 25 52 67 19,heads,regular,1
2022-12-09T15:18:00Z,581,75 76 59 27 7 63 45 5 24 60 13 46 10 31 41 71 51 9 38 23,evens,regular,3
2022-12-09T15:21:00Z,582,60 26 80 43 61 35 23 59 9 64 79 65 8 27 41 31 13 11 28 17,heads,regular,2
2022-12-09T15:24:00Z,584,68 30 21 51 10 43 17 24 77 29 5 33 69 36 35 39 42 62 75 52,heads,regular,1
2022-12-09T15:27:00Z,585,13 23 32 33 75 72 4 35 57 21 16 34 60 59 11 55 66 65 29 9,heads,minor,4
2022-12-09T15:30:00Z,586,69 68 45 54 30 50 66 46 67 65 24 58 47 20 19 64 36 6 16 77,tails,regular,10
2022-12-09T15:33:00Z,587,36 49 65 4 31 32 5 78 63 6 73 8 60 33 23 34 19 15 52 46,heads,regular,1
2022-12-09T15:36:00Z,588,2 14 37 79 63 1 48 66 49 47 61 13 32 60 74 28 9 75 67 52,tails,minor,1
2022-12-09T15:39:00Z,589,42 9 59 20 45 14 64 11 67 51 47 48 62 36 56 66 33 58 22 43,tails,minor,1
2022-12-09T15:42:00Z,590,2 42 15 74 48 39 46 35 6 67 49 62 18 55 25 37 71 41 43 33,tails,minor,1
2022-12-09T15:45:00Z,591,3 36 32 17 53 15 59 18 30 62 34 22 20 6 19 47 40 63 38 42,heads,regular,1
2022-12-09T15:48:00Z,593,66 62 63 7 43 1 54 32 39 41 42 44 47 21 31 50 45 33 67 9,tails,regular,1
2022-12-09T15:51:00Z,594,77 63 16 52 27 78 61 2 53 69 80 32 29 11 23 20 79 68 30 26,evens,regular,2
2022-12-09T15:54:00Z,595,43 16 62 30 50 49 66 41 77 46 31 69 14 45 44 3 34 72 8 57,tails,regular,3
2022-12-09T15:57:00Z,596,56 78 26 35 40 4 67 15 30 38 58 37 23 41 48 39 9 50 51 72,heads,regular,2
2022-12-09T16:00:00Z,597,46 69 23 30 55 63 75 72 15 50 64 21 1 53 61 20 65 7 27 6,tails,minor,10
2022-12-09T16:03:00Z,598,73 8 58 12 56 34 36 65 80 35 72 13 76 39 10 24 67 66 38 43,evens,regular,1
2022-12-09T16:06:00Z,599,18 37 75 68 28 72 2 40 65 26 10 22 14 48 76 74 35 5 29 45,heads,regular,1
2022-12-09T16:09:00Z,600,14 13 52 71 62 77 4 35 66 42 38 80 48 3 6 34 43 68 75 78,tails,regular,1
2022-12-09T16:12:00Z,602,44 33 74 78 14 13 50 4 29 42 8 31 20 26 77 43 45 75 67 58,tails,regular,1
2022-12-09T16:15:00Z,603,35 14 30 1 5 55 75 34 69 80 76 3 77 9 12 59 53 61 52 26,evens,minor,3
2022-12-09T16:18:00Z,604,62 42 58 16 46 36 21 18 19 76 47 30 31 44 78 41 67 63 73 64,tails,major,5
2022-12-09T16:21:00Z,605,60 54 72 37 55 52 47 56 48 50 80 9 57 34 67 20 7 45 4 74,tails,minor,1
2022-12-09T16:24:00Z,606,11 54 1 28 30 24 3 72 34 65 43 57 46 76 2 70 12 77 29 68,evens,minor,1
2022-12-09T16:27:00Z,607,42 30 23 24 74 22 57 40 63 26 32 2 51 38 46 21 41 55 75 65,evens,major,1
2022-12-09T16:30:00Z,608,4 79 75 67 19 21 62 76 73 2 45 72 7 54 30 53 60 9 3 41,tails,regular,1
2022-12-09T16:33:00Z,609,25 10 8 31 57 19 29 55 50 40 24 15 1 21 20 61 37 32 79 73,heads,regular,2
2022-12-09T16:36:00Z,611,43 73 30 69 28 78 40 8 18 76 52 34 57 20 67 37 70 11 26 9,heads,regular,2
2022-12-09T16:39:00Z,612,48 62 75 61 34 19 9 53 12 36 59 68 71 72 10 22 74 51 63 39,tails,regular,1
2022-12-09T16:42:00Z,613,14 28 8 50 53 3 35 37 9 69 39 15 74 51 30 38 59 66 21 24,heads,regular,1
2022-12-09T16:45:00Z,614,63 67 19 16 46 29 28 6 33 23 48 70 24 78 62 3 76 51 34 22,heads,regular,2
2022-12-09T16:48:00Z,615,54 34 70 61 52 74 16 76 78 2 58 8 63 15 33 45 36 23 67 10,tails,regular,2
2022-12-09T16:51:00Z,616,39 5 47 52 76 60 68 66 8 21 74 2 9 78 71 15 25 58 53 12,tails,regular,2
2022-12-09T16:54:00Z,617,24 40 49 16 34 33 52 63 66 36 8 15 6 23 17 4 43 14 78 13,heads,minor,2
2022-12-09T16:57:00Z,618,69 19 52 59 35 36 15 5 75 47 58 12 20 46 49 40 29 8 74 1,heads,regular,2
2022-12-09T17:00:00Z,620,8 48 28 37 20 77 35 5 7 68 71 58 11 22 75 1 64 47 24 65,heads,regular,2
2022-12-09T17:03:00Z,621,63 29 57 44 17 74 79 72 26 40 62 69 70 36 48 28 80 77 53 9,tails,minor,1
2022-12-09T17:06:00Z,622,18 30 14 75 52 72 22 66 65 68 2 67 71 51 25 73 23 20 76 35,tails,regular,1
2022-12-09T17:09:00Z,623,62 27 15 65 2 78 13 40 23 28 38 63 51 26 75 66 61 18 37 59,heads,minor,1
2022-12-09T17:12:00Z,624,50 77 31 67 59 18 72 65 9 7 14 45 41 70 19 61 36 10 6 33,evens,minor,4
2022-12-09T17:15:00Z,625,80 75 3 8 45 41 61 4 72 50 38 33 63 26 21 78 70 49 69 73,tails,regular,2
2022-12-09T17:18:00Z,626,39 35 51 34 73 23 59 52 70 15 44 67 37 29 38 22 13 42 16 45,heads,regular,3
2022-12-09T17:21:00Z,627,23 38 8 37 45 4 44 74 63 26 25 60 55 9 59 5 77 20 40 80,heads,regular,1
2022-12-09T17:24:00Z,629,45 46 4 20 9 64 31 73 16 13 60 32 43 42 63 2 75 59 15 14,evens,regular,3
2022-12-09T17:27:00Z,630,11 67 73 64 32 61 3 43 56 24 39 68 52 1 47 38 62 33 58 53,tails,regular,2
2022-12-09T17:30:00Z,631,34 80 60 51 78 45 77 49 39 30 76 12 2 48 53 23 1 16 73 63,tails,minor,1
2022-12-09T17:33:00Z,632,62 64 65 24 42 45 53 46 11 39 48 69 29 18 2 6 30 8 66 14,evens,regular,1
2022-12-09T17:36:00Z,633,44 43 5 13 57 63 8 11 45 40 42 51 35 56 65 66 54 2 21 34,tails,regular,1
2022-12-09T17:39:00Z,634,43 78 47 33 65 23 19 34 75 71 73 37 12 3 14 40 80 44 79 46,tails,minor,3
2022-12-09T17:42:00Z,635,63 32 73 22 27 61 71 51 69 23 14 11 38 68 56 6 21 42 7 78,evens,regular,3
2022-12-09T17:45:00Z,636,54 41 7 67 50 75 14 49 5 6 11 9 37 63 40 62 20 74 4 12,heads,minor,2
2022-12-09T17:48:00Z,638,63 29 13 17 10 79 46 65 41 40 4 73 61 78 76 69 60 80 54 21,tails,minor,2
2022-12-09T17:51:00Z,639,12 76 66 5 6 21 18 3 36 16 48 72 68 25 75 35 45 37 73 54,heads,regular,2
2022-12-09T17:54:00Z,640,50 38 26 71 70 11 51 10 63 30 13 18 69 58 57 64 24 5 79 21,evens,regular,1
2022-12-09T17:57:00Z,641,33 77 72 38 75 56 20 40 51 48 70 14 26 36 5 7 74 80 1 29,heads,regular,1
2022-12-09T18:00:00Z,642,21 5 32 3 39 28 4 37 23 74 29 41 53 13 18 71 17 63 6 60,heads,minor,3
2022-12-09T18:03:00Z,643,38 16 8 59 71 19 4 42 11 41 55 9 47 51 57 7 74 15 48 3,evens,regular,3
2022-12-09T18:06:00Z,644,8 52 7 78 37 5 76 72 68 40 80 28 26 65 15 35 25 48 22 33,heads,regular,1
2022-12-09T18:09:00Z,645,30 31 70 32 21 76 75 72 4 20 63 45 26 24 37 22 33 65 47 74,heads,regular,3
2022-12-09T18:12:00Z,647,51 21 66 53 27 73 12 5 55 69 71 62 25 45 61 41 39 10 75 72,tails,regular,2
2022-12-09T18:15:00Z,648,26 41 9 57 13 14 46 58 53 69 42 25 74 30 21 12 50 37 48 23,evens,minor,3
2022-12-09T18:18:00Z,649,2 45 76 71 68 40 67 13 10 47 23 17 18 79 19 65 27 29 74 22,heads,regular,1
2022-12-09T18:21:00Z,650,3 40 48 53 17 11 20 70 13 26 10 33 52 22 5 36 80 76 58 61,heads,regular,2
2022-12-09T18:24:00Z,651,38 36 2 25 4 50 15 47 31 66 60 17 48 55 54 51 28 35 3 42,heads,regular,3
2022-12-09T18:27:00Z,652,16 3 19 56 71 64 68 31 5 52 39 51 61 55 79 8 44 62 48 76,tails,regular,1
2022-12-09T18:30:00Z,653,15 24 20 23 69 68 53 13 55 29 76 6 38 67 3 57 7 26 32 36,heads,regular,1
2022-12-09T18:33:00Z,654,59 35 34 3 63 32 4 41 52 48 43 21 26 56 54 28 33 77 13 69,evens,regular,2
2022-12-09T18:36:00Z,656,16 26 21 80 17 55 63 62 66 43 29 44 53 32 41 12 49 74 64 8,tails,regular,1
2022-12-09T18:39:00Z,657,68 46 10 75 74 69 12 5 21 30 67 39 44 38 58 50 66 6 27 80,tails,regular,2
2022-12-09T18:42:00Z,658,56 33 78 75 5 26 21 25 68 37 55 40 46 11 45 18 7 76 23 51,heads,regular,3
2022-12-09T18:45:00Z,659,59 53 6 57 50 19 47 78 54 31 69 49 67 2 41 71 66 5 77 44,tails,regular,3
2022-12-09T18:48:00Z,660,74 53 17 61 12 34 77 62 71 40 50 6 24 42 27 31 18 70 1 21,heads,regular,2
2022-12-09T18:51:00Z,661,34 54 38 32 62 48 9 65 49 25 76 16 51 35 24 22 36 46 4 29,heads,regular,1
2022-12-09T18:54:00Z,662,11 65 15 72 73 5 17 12 20 61 76 47 30 46 55 43 36 42 57 64,tails,minor,1
2022-12-09T18:57:00Z,663,32 56 38 68 20 42 53 64 9 60 19 8 75 18 65 3 27 70 16 13,heads,regular,3
2022-12-09T19:00:00Z,665,27 42 11 44 67 64 78 74 56 60 10 73 52 33 39 71 19 4 75 62,tails,minor,2
2022-12-09T19:03:00Z,666,26 12 70 32 6 50 22 14 77 35 51 43 73 71 4 25 67 61 48 68,tails,regular,1
2022-12-09T19:06:00Z,667,27 68 35 31 2 50 42 67 26 16 46 1 49 19 23 77 61 22 71 33,heads,minor,2
2022-12-09T19:09:00Z,668,13 5 36 19 16 57 62 44 39 63 58 15 68 46 43 69 27 14 23 3,heads,regular,3
2022-12-09T19:12:00Z,669,42 32 60 52 71 10 70 28 75 58 43 11 53 50 61 54 57 44 30 34,tails,major,2
2022-12-09T19:15:00Z,670,52 39 71 58 23 80 64 55 54 62 1 49 14 35 9 18 31 16 68 36,evens,minor,1
2022-12-09T19:18:00Z,671,1 12 29 60 61 65 24 48 53 74 7 13 14 3 44 22 80 58 76 4,evens,minor,3
2022-12-09T19:21:00Z,672,30 51 76 50 78 8 26 64 75 45 11 60 48 57 63 35 13 59 55 23,tails,regular,10
2022-12-09T19:24:00Z,674,76 31 54 16 28 43 32 64 3 60 23 55 50 7 61 48 66 42 53 22,tails,regular,1
2022-12-09T19:27:00Z,675,57 34 27 36 47 60 39 40 18 64 13 30 29 67 69 32 55 11 23 33,heads,minor,2
2022-12-09T19:30:00Z,676,52 57 25 28 54 73 12 36 27 16 70 79 19 50 60 7 3 59 29 80,evens,regular,2
2022-12-09T19:33:00Z,677,64 56 39 5 42 51 22 67 19 18 17 37 33 80 23 20 47 38 36 43,heads,regular,3
2022-12-09T19:36:00Z,678,57 29 78 39 64 47 55 17 54 11 50 9 35 56 40 2 80 44 77 60,tails,regular,3
2022-12-09T19:39:00Z,679,73 18 11 69 48 40 72 41 56 76 16 13 29 60 38 71 14 9 63 24,evens,regular,3
2022-12-09T19:42:00Z,680,72 56 48 63 33 69 50 60 19 3 57 32 43 70 71 23 9 10 73 44,tails,regular,1
2022-12-09T19:45:00Z,681,39 11 5 6 75 44 38 45 73 67 78 4 58 63 35 26 9 46 36 49,evens,regular,1
2022-12-09T19:48:00Z,683,37 24 73 52 11 10 65 4 40 71 30 9 54 27 2 61 80 64 6 48,heads,regular,1
2022-12-09T19:51:00Z,684,45 70 53 58 17 29 25 42 76 72 16 79 13 1 77 75 78 65 37 6,tails,minor,1
2022-12-09T19:54:00Z,685,45 40 61 37 73 54 42 62 30 67 51 7 20 65 38 15 14 17 52 31,evens,regular,3
2022-12-09T19:57:00Z,686,55 18 27 60 51 20 53 65 9 67 69 75 73 17 23 29 10 21 47 13,evens,minor,1
2022-12-09T20:00:00Z,687,14 3 17 66 52 60 68 24 6 57 23 9 47 42 77 27 4 75 26 20,heads,regular,1
2022-12-09T20:03:00Z,688,5 69 47 46 14 75 62 78 77 42 51 73 67 25 54 15 50 80 71 72,tails,regular,1
2022-12-09T20:06:00Z,689,13 22 30 49 66 38 36 51 55 62 24 42 77 68 59 9 14 60 80 25,tails,regular,2
2022-12-09T20:09:00Z,690,74 24 75 72 70 28 80 76 47 21 52 18 44 23 73 29 2 31 42 68,tails,minor,1
2022-12-09T20:12:00Z,692,44 19 2 30 38 10 56 76 78 42 45 60 51 61 20 54 33 79 22 68,tails,regular,1
2022-12-09T20:15:00Z,693,75 68 65 36 31 51 45 47 30 62 54 41 2 64 57 27 3 5 11 43,tails,regular,2
2022-12-09T20:18:00Z,694,37 32 28 23 77 57 44 29 11 3 8 60 1 17 31 76 79 49 75 13,heads,regular,3
2022-12-09T20:21:00Z,695,54 70 56 17 68 67 12 39 72 55 29 14 16 52 44 49 53 21 31 61,tails,regular,2
2022-12-09T20:24:00Z,696,80 56 68 58 72 40 55 46 31 77 18 45 15 54 19 24 28 43 41 13,tails,regular,1
2022-12-09T20:27:00Z,697,1 58 41 19 7 18 61 40 46 15 65 27 52 54 38 39 10 14 51 13,heads,regular,1
2022-12-09T20:30:00Z,698,22 38 65 18 36 64 7 80 66 60 54 68 51 30 58 50 19 40 28 47,tails,regular,1
2022-12-09T20:33:00Z,699,74 34 73 75 8 70 27 23 30 69 65 58 48 55 28 41 16 4 37 64,tails,regular,1
2022-12-09T20:36:00Z,701,57 76 19 3 37 45 51 20 2 44 70 26 22 28 12 4 74 53 77 46,evens,minor,2
2022-12-09T20:39:00Z,702,52 17 78 33 43 21 4 64 42 57 44 75 39 35 24 69 68 79 18 13,tails,regular,2
2022-12-09T20:42:00Z,703,46 57 69 41 56 42 7 24 74 23 49 73 29 72 25 34 18 37 60 48,tails,regular,1
2022-12-09T20:45:00Z,704,77 52 8 2 73 64 50 60 27 69 9 72 39 13 48 79 7 54 4 57,tails,regular,2
2022-12-09T20:48:00Z,705,6 79 27 44 49 71 20 9 67 69 11 42 24 28 64 34 73 45 32 31,evens,regular,2
2022-12-09T20:51:00Z,706,18 53 27 65 1 11 33 63 22 62 3 72 59 12 57 2 21 14 30 78,heads,minor,2
2022-12-09T20:54:00Z,707,29 13 80 68 61 48 43 47 33 64 49 28 55 53 46 41 60 24 15 8,tails,minor,2
2022-12-09T20:57:00Z,708,78 58 75 46 5 49 27 64 74 12 66 45 32 19 33 71 61 7 48 53,tails,regular,1
2022-12-09T21:00:00Z,710,70 48 63 54 79 26 30 16 47 49 42 52 39 32 18 80 12 28 36 67,tails,regular,1
2022-12-09T21:03:00Z,711,2 74 31 20 68 7 37 13 41 5 32 80 64 6 75 56 33 62 21 15,heads,minor,2
2022-12-09T21:06:00Z,712,69 6 14 36 71 57 46 5 68 47 44 13 53 65 60 40 30 66 49 34,tails,regular,1
2022-12-09T21:09:00Z,713,50 27 25 48 63 47 2 19 43 8 38 64 1 32 21 71 56 78 65 44,tails,minor,1
2022-12-09T21:12:00Z,714,67 11 45 19 8 66 73 18 34 78 70 12 4 58 76 5 32 52 61 25,evens,minor,2
2022-12-09T21:15:00Z,715,8 25 70 2 79 15 11 51 54 5 18 20 7 55 76 19 71 36 77 27,heads,regular,3
2022-12-09T21:18:00Z,716,52 50 40 55 26 13 75 22 72 2 44 70 63 73 65 30 47 54 16 62,tails,minor,3
2022-12-09T21:21:00Z,717,7 41 75 55 25 5 17 12 73 28 30 40 2 49 59 45 21 8 52 37,heads,regular,1
2022-12-09T21:24:00Z,719,21 66 58 4 46 15 79 19 51 23 1 38 40 73 61 33 37 48 8 5,heads,regular,3
2022-12-09T21:27:00Z,720,71 46 73 50 75 42 41 65 33 6 69 57 18 66 77 72 11 35 67 56,tails,regular,3
2022-12-09T21:30:00Z,721,43 69 9 70 24 35 74 56 2 49 5 52 48 54 60 33 65 6 18 45,tails,regular,2
2022-12-09T21:33:00Z,722,50 24 2 56 35 43 20 11 74 21 39 12 31 33 53 1 17 18 64 57,heads,minor,2
2022-12-09T21:36:00Z,723,79 51 28 3 44 10 63 27 68 43 1 50 7 47 53 33 25 71 34 16,evens,regular,2
2022-12-09T21:39:00Z,724,74 25 27 3 1 35 63 60 61 51 15 12 40 13 10 7 57 80 46 23,heads,minor,2
2022-12-09T21:42:00Z,725,15 63 26 32 78 41 70 27 31 4 40 2 51 79 62 36 23 47 17 24,heads,regular,1
2022-12-09T21:45:00Z,726,69 58 10 80 57 21 6 12 49 52 2 73 74 5 51 27 75 29 38 28,evens,regular,3
2022-12-09T21:48:00Z,728,22 61 3 30 76 69 51 52 47 2 5 4 16 50 55 59 64 80 68 73,tails,regular,1
2022-12-09T21:51:00Z,729,9 62 71 39 36 53 76 6 33 22 56 14 61 1 58 51 13 28 54 49,evens,regular,1
2022-12-09T21:54:00Z,730,32 53 64 13 37 41 75 52 26 57 73 78 11 59 27 12 8 16 58 21,evens,regular,1
2022-12-09T21:57:00Z,731,23 50 68 15 53 62 11 77 28 65 30 46 25 5 32 2 69 59 72 9,evens,regular,2
2022-12-09T22:00:00Z,732,8 45 30 42 29 14 22 17 68 80 54 12 62 9 58 56 49 70 40 31,evens,regular,3
2022-12-09T22:03:00Z,733,43 50 60 40 46 21 10 34 80 71 54 13 55 20 37 42 27 57 58 30,tails,major,4
2022-12-09T22:06:00Z,734,39 74 44 19 15 73 41 40 80 17 27 58 61 56 24 63 32 25 5 47,evens,regular,2
2022-12-09T22:09:00Z,735,49 64 39 70 17 2 13 29 57 51 32 76 24 7 65 42 67 45 52 10,tails,minor,2
2022-12-09T22:12:00Z,737,43 19 80 25 59 67 62 79 30 29 9 21 47 24 53 75 57 72 31 54,tails,regular,10
2022-12-09T22:15:00Z,738,38 52 49 33 74 80 71 46 26 21 8 57 60 66 58 54 20 37 3 30,tails,regular,1
2022-12-09T22:18:00Z,739,64 80 61 53 18 4 16 7 77 39 42 52 72 29 78 71 27 74 48 56,tails,regular,2
2022-12-09T22:21:00Z,740,32 16 4 15 14 73 47 62 59 55 54 9 27 28 72 1 68 19 58 21,heads,regular,2
2022-12-09T22:24:00Z,741,68 21 28 39 50 33 65 5 48 30 47 66 13 7 38 27 22 49 67 15,heads,regular,2
2022-12-09T22:27:00Z,742,12 53 17 38 22 15 77 50 26 41 59 24 8 23 36 61 18 80 30 10,heads,minor,2
2022-12-09T22:30:00Z,743,36 62 80 54 40 28 4 33 12 6 23 8 52 3 61 69 18 71 47 75,heads,regular,5
2022-12-09T22:33:00Z,744,78 23 24 19 65 14 38 20 70 8 35 29 49 26 28 30 69 2 45 73,heads,minor,3
2022-12-09T22:36:00Z,746,45 66 38 58 69 76 8 3 70 21 14 18 4 16 75 32 59 7 67 30,heads,regular,2
2022-12-09T22:39:00Z,747,25 56 40 54 15 2 19 33 16 36 69 50 28 37 13 63 21 20 14 45,heads,regular,1
2022-12-09T22:42:00Z,748,58 44 46 56 24 4 34 57 74 62 60 43 23 16 19 29 17 72 40 52,tails,major,4
2022-12-09T22:45:00Z,749,66 43 9 35 50 49 75 1 41 6 38 74 48 29 21 69 31 67 36 46,tails,regular,1
2022-12-09T22:48:00Z,750,60 41 46 30 42 76 78 25 75 18 52 20 49 50 45 56 77 13 36 6,tails,minor,1
2022-12-09T22:51:00Z,751,67 6 38 24 74 28 19 52 69 44 65 53 8 11 78 13 18 42 36 57,evens,minor,1
2022-12-09T22:54:00Z,752,45 8 3 76 63 55 58 27 1 61 15 79 23 4 67 80 35 36 46 64,tails,regular,2
2022-12-09T22:57:00Z,753,31 28 77 1 56 72 13 3 35 50 39 68 69 33 8 46 6 49 23 17,heads,minor,2
2022-12-09T23:00:00Z,755,5 38 50 51 22 73 63 69 4 3 2 35 47 30 16 62 80 15 36 58,heads,regular,1
2022-12-09T23:03:00Z,756,61 27 51 30 55 49 65 36 69 7 3 11 64 24 67 56 10 13 74 52,tails,regular,3
2022-12-09T23:06:00Z,757,44 57 1 18 46 69 65 25 62 24 19 8 3 47 60 7 28 33 12 22,heads,regular,3
2022-12-09T23:09:00Z,758,42 59 67 1 43 65 71 21 34 51 25 14 53 62 79 50 75 68 8 78,tails,regular,3
2022-12-09T23:12:00Z,759,32 71 22 42 29 11 21 30 3 65 37 53 18 14 4 20 72 2 50 59,heads,minor,1
2022-12-09T23:15:00Z,760,27 4 55 39 71 32 29 48 6 54 58 63 13 7 51 1 75 67 31 20,heads,minor,1
2022-12-09T23:18:00Z,761,23 19 51 3 13 52 45 43 67 7 66 41 15 32 65 16 4 9 57 40,heads,regular,2
2022-12-09T23:21:00Z,762,30 39 63 74 17 37 46 68 25 5 22 75 28 12 32 13 29 27 72 67,heads,minor,2
2022-12-09T23:24:00Z,764,3 43 76 31 29 44 73 50 58 35 6 70 7 9 46 56 40 47 48 33,tails,regular,3
2022-12-09T23:27:00Z,765,49 77 30 62 60 7 65 46 67 19 1 9 42 26 50 61 76 41 4 51,tails,regular,2
2022-12-09T23:30:00Z,766,63 39 42 57 68 13 70 76 3 79 40 60 77 43 31 26 30 71 6 15,tails,regular,1
2022-12-09T23:33:00Z,767,26 40 41 32 78 31 14 50 69 79 54 19 49 74 72 38 46 56 63 25,tails,major,1
2022-12-09T23:36:00Z,768,11 59 22 79 39 43 53 76 28 3 67 60 80 73 48 49 8 40 51 5,tails,regular,3
2022-12-09T23:39:00Z,769,35 74 16 58 46 72 65 68 5 29 44 71 70 57 80 17 8 30 28 52,tails,regular,1
2022-12-09T23:42:00Z,770,14 42 48 70 79 22 62 47 12 43 56 29 45 15 33 50 64 28 65 36,tails,regular,2
2022-12-09T23:45:00Z,771,51 15 20 14 42 2 76 48 57 37 6 27 5 67 41 78 23 28 17 31,heads,minor,2
2022-12-09T23:48:00Z,773,29 47 23 7 71 35 51 77 33 17 34 66 3 27 12 63 73 8 36 11,heads,regular,1
2022-12-09T23:51:00Z,774,3 28 14 73 37 78 55 35 19 7 65 72 17 6 13 33 21 70 27 4,heads,regular,1
2022-12-09T23:54:00Z,775,42 49 51 72 74 64 10 34 23 79 58 16 75 14 67 22 65 66 56 4,tails,regular,2
2022-12-09T23:57:00Z,776,11 57 64 70 66 67 68 53 43 14 74 32 31 44 62 78 1 61 60 13,tails,regular,1
2022-12-10T00:00:00Z,777,12 55 7 75 74 76 4 40 77 60 35 80 51 36 19 29 65 17 58 57,tails,regular,10
2022-12-10T00:03:00Z,778,29 26 20 1 66 25 43 63 34 77 40 13 58 16 33 39 10 46 6 5,heads,regular,3
2022-12-10T00:06:00Z,779,12 3 13 45 43 30 69 65 27 51 6 63 73 53 21 52 17 36 28 1,heads,regular,1
2022-12-10T00:09:00Z,780,20 27 44 15 37 5 42 61 59 55 2 18 17 25 6 73 51 13 38 47,heads,minor,1
2022-12-10T00:12:00Z,782,25 73 46 50 57 27 45 70 77 32 30 54 41 61 10 64 52 11 24 23,tails,major,3
2022-12-10T00:15:00Z,783,37 59 12 36 31 4 60 45 57 54 33 70 62 77 65 50 72 27 69 35,tails,minor,3
2022-12-10T00:18:00Z,784,70 58 41 2 42 29 6 37 65 17 54 10 49 72 9 31 12 78 20 57,evens,regular,1
2022-12-10T00:21:00Z,785,33 40 67 70 3 23 19 41 14 36 20 47 69 1 27 12 28 66 10 57,heads,major,2
2022-12-10T00:24:00Z,786,51 69 80 36 2 29 6 44 49 53 74 67 58 59 70 41 77 45 14 50,tails,major,3
2022-12-10T00:27:00Z,787,71 13 51 80 23 74 68 29 40 49 3 77 79 62 19 66 10 52 70 63,tails,regular,5
2022-12-10T00:30:00Z,788,76 35 51 22 39 37 18 8 1 72 71 25 46 80 44 17 62 33 3 73,heads,regular,1
2022-12-10T00:33:00Z,789,61 24 49 55 29 14 68 42 59 80 21 46 40 72 57 17 77 73 39 58,tails,regular,3
2022-12-10T00:36:00Z,791,19 4 44 33 47 49 43 15 5 23 65 55 75 48 77 53 8 59 26 36,tails,minor,2
2022-12-10T00:39:00Z,792,39 63 7 80 17 65 25 52 30 43 47 61 45 51 23 42 56 69 24 55,tails,regular,3
2022-12-10T00:42:00Z,793,49 14 25 74 55 77 38 59 72 27 13 42 18 58 1 40 16 75 8 35,heads,regular,3
2022-12-10T00:45:00Z,794,73 52 28 13 3 4 56 59 7 19 34 10 60 61 17 43 77 32 1 76,heads,major,1
2022-12-10T00:48:00Z,795,58 69 61 4 35 65 54 5 23 24 21 59 18 31 36 78 63 17 75 62,evens,regular,1
2022-12-10T00:51:00Z,796,59 35 37 33 57 41 73 56 70 24 22 78 38 43 28 6 47 74 11 10,evens,regular,10
2022-12-10T00:54:00Z,797,57 68 69 38 9 37 55 28 25 43 67 3 29 27 2 23 4 18 31 44,heads,regular,1
2022-12-10T00:57:00Z,798,40 63 28 18 43 41 56 35 4 61 60 14 71 66 5 38 25 73 22 53,evens,regular,3
2022-12-10T01:00:00Z,800,68 12 26 18 69 58 66 38 11 65 9 41 61 4 6 5 7 59 67 78,evens,regular,1
2022-12-10T01:03:00Z,801,31 52 38 1 42 45 60 28 56 30 54 3 58 75 59 67 11 74 27 72,tails,regular,1
2022-12-10T01:06:00Z,802,48 76 74 61 26 54 63 78 24 58 29 50 30 73 20 47 49 17 59 39,tails,regular,1
2022-12-10T01:09:00Z,803,10 30 24 54 57 66 1 37 73 51 76 26 38 80 34 69 65 7 19 32,heads,regular,2
2022-12-10T01:12:00Z,804,6 44 1 55 54 15 63 51 77 62 19 67 16 32 22 58 49 25 33 35,evens,minor,2
2022-12-10T01:15:00Z,805,17 47 72 37 8 7 71 48 69 4 58 70 19 13 62 56 52 9 5 59,tails,regular,1
2022-12-10T01:18:00Z,806,5 59 36 57 73 30 52 45 55 40 9 70 34 8 69 39 29 71 3 63,evens,minor,1
2022-12-10T01:21:00Z,807,33 4 49 80 13 48 7 35 71 53 11 57 62 6 38 56 78 14 15 1,heads,regular,2
2022-12-10T01:24:00Z,809,77 60 55 64 42 24 49 35 13 80 56 34 62 38 75 37 44 54 16 27,tails,regular,1
2022-12-10T01:27:00Z,810,30 69 65 43 40 52 75 76 20 59 46 73 32 7 42 36 17 13 12 61,tails,minor,2
2022-12-10T01:30:00Z,811,18 77 66 31 50 62 60 19 56 59 7 35 43 3 76 9 78 33 49 65,tails,regular,2
2022-12-10T01:33:00Z,812,68 12 51 54 7 74 20 73 55 63 18 26 4 34 48 56 25 23 37 3,heads,minor,1
2022-12-10T01:36:00Z,813,48 1 2 22 16 53 7 71 12 52 43 35 77 14 59 34 21 31 10 50,heads,minor,1
2022-12-10T01:39:00Z,814,68 17 33 59 31 73 6 18 2 44 51 66 22 47 3 65 45 26 34 78,evens,major,1
2022-12-10T01:42:00Z,815,18 1 70 68 51 16 47 62 25 45 52 17 8 55 78 23 15 72 42 41,tails,major,2
2022-12-10T01:45:00Z,816,46 31 48 2 73 36 59 43 76 54 75 56 27 1 35 15 13 16 53 8,evens,major,1
2022-12-10T01:48:00Z,818,18 48 60 17 31 24 20 66 28 12 71 52 2 51 23 34 37 45 79 76,heads,regular,3
2022-12-10T01:51:00Z,819,37 62 18 28 10 68 50 9 72 43 27 36 13 11 1 3 63 15 75 6,heads,regular,10
2022-12-10T01:54:00Z,820,29 5 12 9 48 60 62 70 66 46 56 34 28 75 61 41 20 24 53 54,tails,minor,1
2022-12-10T01:57:00Z,821,58 62 35 23 60 13 21 41 72 34 39 40 68 54 63 7 37 78 46 59,tails,minor,1
2022-12-10T02:00:00Z,822,76 16 6 78 66 73 43 54 37 50 8 77 75 51 68 49 36 48 22 15,tails,regular,2
2022-12-10T02:03:00Z,823,77 67 30 5 14 50 55 47 46 26 38 53 54 18 31 52 10 57 60 59,tails,regular,2
2022-12-10T02:06:00Z,824,44 28 19 71 42 26 77 36 1 7 5 12 8 4 80 55 25 66 61 47,heads,regular,2
2022-12-10T02:09:00Z,825,36 20 30 4 55 6 78 14 77 17 45 58 48 64 31 72 74 38 44 33,evens,minor,2
2022-12-10T02:12:00Z,827,31 26 78 21 62 70 41 1 38 42 64 65 47 23 67 6 52 13 74 34,tails,regular,1
2022-12-10T02:15:00Z,828,23 35 53 3 55 43 77 49 27 18 11 4 45 59 57 79 61 8 2 30,evens,minor,3
2022-12-10T02:18:00Z,829,72 56 65 31 35 79 77 75 29 5 69 43 4 64 57 41 54 24 50 42,tails,regular,3
2022-12-10T02:21:00Z,830,41 77 73 17 22 9 80 16 15 42 38 3 64 25 30 23 32 54 71 14,heads,major,1
2022-12-10T02:24:00Z,831,64 51 30 76 77 9 45 50 36 6 15 5 61 41 29 48 74 62 25 54,tails,regular,1
2022-12-10T02:27:00Z,832,54 72 40 10 34 6 79 26 49 47 3 65 53 11 59 52 36 30 35 17,heads,regular,1
2022-12-10T02:30:00Z,833,36 71 15 62 23 48 60 45 18 49 75 13 69 16 32 44 61 34 37 8,evens,regular,3
2022-12-10T02:33:00Z,834,49 13 47 18 8 76 9 3 28 80 11 74 41 34 31 73 46 53 67 48,tails,major,3
2022-12-10T02:36:00Z,836,30 18 78 50 72 33 4 54 61 63 28 29 11 13 42 79 21 35 46 70,evens,regular,1
2022-12-10T02:39:00Z,837,27 13 23 51 49 46 76 57 70 53 6 50 14 2 72 5 38 66 4 77,tails,regular,3
2022-12-10T02:42:00Z,838,32 9 60 43 61 75 34 80 6 67 23 42 76 77 79 46 44 15 25 33,tails,regular,10
2022-12-10T02:45:00Z,839,20 58 4 32 45 47 11 30 54 18 41 51 24 35 28 57 60 37 7 49,heads,regular,1
2022-12-10T02:48:00Z,840,59 5 46 37 12 8 60 72 75 71 76 29 73 58 62 54 49 39 30 14,tails,regular,1
2022-12-10T02:51:00Z,841,36 58 8 68 26 42 37 25 63 78 51 10 57 50 49 19 2 39 11 13,heads,minor,2
2022-12-10T02:54:00Z,842,52 1 8 54 80 31 58 40 4 20 77 70 10 3 60 29 9 22 66 21,heads,regular,1
2022-12-10T02:57:00Z,843,19 54 45 5 60 8 80 61 51 40 73 77 67 26 37 35 62 24 59 58,tails,regular,2
2022-12-10T03:00:00Z,845,32 79 29 10 42 11 35 14 57 5 34 45 80 19 9 24 16 46 52 64,heads,minor,2
2022-12-10T03:03:00Z,846,39 18 16 43 3 50 79 40 65 70 24 71 61 41 13 80 76 14 32 7,evens,regular,10
2022-12-10T03:06:00Z,847,32 69 45 50 8 12 30 19 13 52 39 22 27 51 17 24 42 11 14 66,heads,minor,1
2022-12-10T03:09:00Z,848,35 40 60 29 71 31 50 21 53 18 66 25 77 30 67 70 74 78 5 47,tails,regular,1
2022-12-10T03:12:00Z,849,31 43 35 63 33 15 51 25 70 17 58 38 23 48 4 72 19 32 6 44,heads,minor,5
2022-12-10T03:15:00Z,850,34 48 40 24 70 33 45 35 53 42 68 22 78 14 77 60 30 17 11 25,heads,minor,3
2022-12-10T03:18:00Z,851,60 4 43 57 53 64 18 29 10 50 73 9 13 46 45 17 71 20 8 65,tails,regular,1
2022-12-10T03:21:00Z,852,25 22 26 21 70 66 12 77 69 32 48 2 62 73 31 50 56 53 16 17,evens,regular,1
2022-12-10T03:24:00Z,854,11 28 20 43 54 49 39 64 18 23 47 71 30 12 76 29 4 6 61 69,heads,regular,5
2022-12-10T03:27:00Z,855,1 54 78 80 40 26 53 50 76 65 30 46 19 74 51 12 45 55 49 3,tails,minor,1
2022-12-10T03:30:00Z,856,76 62 39 78 77 33 8 40 57 28 46 15 5 34 1 68 19 65 16 20,heads,minor,3
2022-12-10T03:33:00Z,857,32 35 15 7 17 45 79 71 22 40 13 60 4 76 5 73 61 42 64 43,evens,regular,3
2022-12-10T03:36:00Z,858,41 76 45 33 19 29 5 66 21 30 80 36 40 4 10 8 68 42 2 56,heads,regular,1
2022-12-10T03:39:00Z,859,50 57 28 79 17 54 41 71 78 31 69 63 64 68 18 21 67 26 14 13,tails,regular,1
2022-12-10T03:42:00Z,860,65 34 48 43 77 3 72 12 8 71 22 9 19 11 51 2 63 29 55 44,evens,regular,2
2022-12-10T03:45:00Z,861,30 1 39 4 57 50 51 37 74 10 40 36 65 28 77 3 55 17 7 45,heads,regular,3
2022-12-10T03:48:00Z,863,66 70 56 31 15 80 58 42 3 40 13 76 79 77 55 69 30 29 46 24,tails,regular,2
2022-12-10T03:51:00Z,864,47 44 15 71 1 60 11 32 19 67 13 38 29 41 5 70 22 78 18 17,heads,regular,1
2022-12-10T03:54:00Z,865,55 12 56 10 62 26 63 21 61 22 32 58 16 30 43 80 76 6 20 60,evens,major,3
2022-12-10T03:57:00Z,866,57 9 5 3 56 47 55 19 70 29 64 23 54 6 49 72 38 33 20 37,heads,major,1
2022-12-10T04:00:00Z,867,62 60 52 53 10 58 12 63 59 34 21 22 9 33 69 4 40 57 26 3,heads,regular,1
2022-12-10T04:03:00Z,868,77 17 6 13 14 41 30 78 1 28 22 74 20 76 44 62 9 29 23 49,heads,regular,1
2022-12-10T04:06:00Z,869,6 35 15 13 49 65 39 59 12 1 19 40 38 4 44 22 28 60 33 50,heads,regular,1
2022-12-10T04:09:00Z,870,50 66 13 76 33 22 36 35 46 19 43 41 21 68 5 56 37 75 23 11,heads,regular,2
2022-12-10T04:12:00Z,872,43 13 48 41 20 62 22 35 32 63 80 8 10 37 39 1 69 24 50 79,heads,regular,2
2022-12-10T04:15:00Z,873,58 76 48 71 24 27 67 59 50 45 73 11 5 78 66 20 13 54 2 16,tails,regular,3
2022-12-10T04:18:00Z,874,25 68 50 75 1 36 39 52 79 58 31 64 70 10 9 49 27 51 30 47,tails,minor,2
2022-12-10T04:21:00Z,875,29 23 22 66 45 79 8 28 59 55 74 40 38 64 34 39 33 57 51 15,heads,regular,3
2022-12-10T04:24:00Z,876,57 45 23 14 9 52 71 46 13 25 70 74 41 4 17 72 54 58 77 43,tails,minor,2
2022-12-10T04:27:00Z,877,20 38 13 6 24 5 25 1 45 57 9 27 10 77 47 37 64 66 55 79,heads,regular,5
2022-12-10T04:30:00Z,878,58 9 3 59 12 76 62 14 8 54 28 55 29 30 36 5 48 38 43 67,heads,regular,2
2022-12-10T04:33:00Z,879,76 45 5 74 73 49 8 1 14 51 35 26 53 60 25 11 12 41 27 36,heads,major,1
2022-12-10T04:36:00Z,881,16 13 71 33 28 58 4 59 66 27 38 78 31 42 43 7 54 6 69 77,evens,regular,1
2022-12-10T04:39:00Z,882,29 10 65 52 74 30 35 21 77 58 60 68 55 31 59 61 56 20 64 66,tails,minor,3
2022-12-10T04:42:00Z,883,34 74 59 68 28 73 9 12 19 48 64 70 69 42 21 41 30 43 50 31,tails,regular,2
2022-12-10T04:45:00Z,884,47 65 11 75 71 37 56 58 39 7 5 38 48 16 62 52 22 73 36 35,evens,minor,1
2022-12-10T04:48:00Z,885,72 8 10 13 29 41 32 71 33 30 18 70 62 51 16 6 79 80 49 48,evens,regular,1
2022-12-10T04:51:00Z,886,65 12 40 77 43 55 2 13 78 59 75 5 76 57 8 69 27 67 38 34,tails,regular,2
2022-12-10T04:54:00Z,887,78 35 12 31 5 64 19 58 9 22 57 67 55 51 63 75 8 65 32 54,tails,regular,2
2022-12-10T04:57:00Z,888,35 30 55 29 49 80 78 74 37 66 62 11 4 36 63 39 26 75 65 54,tails,regular,2
2022-12-10T05:00:00Z,890,55 49 75 38 78 66 9 18 53 54 33 74 31 4 60 44 7 47 29 76,tails,regular,2
2022-12-10T05:03:00Z,891,39 78 29 60 22 12 75 66 77 52 46 5 45 58 56 65 37 3 57 16,tails,minor,2
2022-12-10T05:06:00Z,892,70 3 4 17 77 63 30 19 66 65 29 6 16 54 28 57 60 12 13 22,heads,regular,1
2022-12-10T05:09:00Z,893,46 56 44 76 11 1 43 4 40 18 3 20 71 15 38 57 51 80 70 19,evens,minor,3
2022-12-10T05:12:00Z,894,66 16 28 68 32 13 33 27 3 61 37 49 60 64 24 34 47 78 21 54,heads,regular,1
2022-12-10T05:15:00Z,895,22 67 70 77 61 57 33 46 7 75 36 44 14 24 68 76 9 66 72 37,tails,minor,2
2022-12-10T05:18:00Z,896,24 9 53 55 57 41 67 52 69 66 33 64 71 34 20 79 48 60 15 49,tails,regular,3
2022-12-10T05:21:00Z,897,64 33 27 71 78 79 13 70 37 20 24 2 16 47 55 40 43 51 77 9,evens,minor,3
2022-12-10T05:24:00Z,899,78 56 76 40 29 52 42 66 57 9 73 21 80 19 28 31 10 34 2 37,heads,regular,2
2022-12-10T05:27:00Z,900,28 45 17 47 60 12 46 68 76 50 72 34 14 79 8 56 22 1 23 43,tails,regular,2
2022-12-10T05:30:00Z,901,31 18 25 49 6 74 51 41 79 78 17 26 24 63 47 72 30 9 42 46,tails,regular,1
2022-12-10T05:33:00Z,902,4 24 55 44 25 32 17 43 15 54 5 47 9 38 40 71 46 56 72 66,evens,minor,3
2022-12-10T05:36:00Z,903,67 56 7 16 54 20 21 79 70 32 57 74 6 31 27 34 14 2 49 51,heads,major,1
2022-12-10T05:39:00Z,904,25 29 28 5 17 26 7 58 51 77 15 49 30 80 68 47 14 59 72 11,heads,regular,1
2022-12-10T05:42:00Z,905,10 76 53 30 63 8 54 77 4 50 55 17 5 26 64 1 47 79 66 73,tails,regular,1
2022-12-10T05:45:00Z,906,21 25 59 36 76 10 48 18 27 30 66 64 29 72 37 56 78 50 43 19,evens,regular,2
2022-12-10T05:48:00Z,908,69 3 27 29 20 60 61 22 79 4 55 12 25 42 17 28 44 80 13 45,heads,regular,2
2022-12-10T05:51:00Z,909,24 34 26 47 57 69 63 70 73 43 23 75 6 65 74 67 25 39 8 27,tails,regular,5
2022-12-10T05:54:00Z,910,61 56 10 48 55 40 69 35 13 73 66 54 57 49 63 11 42 67 38 79,tails,regular,2
2022-12-10T05:57:00Z,911,18 69 8 71 15 72 10 74 27 12 49 65 13 46 56 19 29 9 39 6,heads,regular,3
2022-12-10T06:00:00Z,912,28 58 61 9 34 47 5 30 72 38 21 32 35 31 3 18 55 12 14 49,heads,regular,2
2022-12-10T06:03:00Z,913,3 4 78 62 2 6 57 21 20 33 73 31 59 10 64 35 9 61 75 66,heads,minor,4
2022-12-10T06:06:00Z,914,63 7 40 16 36 54 71 79 64 50 19 27 26 33 15 47 76 28 55 20,heads,minor,3
2022-12-10T06:09:00Z,915,15 79 39 49 31 77 73 7 16 78 28 21 17 32 3 58 33 62 27 4,heads,regular,2
2022-12-10T06:12:00Z,917,59 70 20 5 40 72 28 14 38 53 47 77 73 58 69 9 51 46 21 75,tails,regular,1
2022-12-10T06:15:00Z,918,40 56 25 13 66 5 41 18 69 68 63 31 60 21 50 64 4 65 35 48,tails,regular,10
2022-12-10T06:18:00Z,919,14 45 72 54 25 76 78 51 32 35 67 42 4 36 61 27 7 1 29 64,evens,regular,1
2022-12-10T06:21:00Z,920,4 54 70 14 19 56 55 40 31 59 28 66 12 10 6 67 57 47 3 78,evens,regular,2
2022-12-10T06:24:00Z,921,34 13 53 47 62 58 39 16 18 37 42 33 76 45 9 29 8 44 35 70,heads,regular,1
2022-12-10T06:27:00Z,922,54 21 58 63 22 55 72 23 45 68 33 71 43 10 20 62 70 2 66 18,tails,regular,3
2022-12-10T06:30:00Z,923,72 69 64 73 4 78 32 42 74 6 9 8 52 37 41 40 7 58 26 71,tails,regular,3
2022-12-10T06:33:00Z,924,28 10 25 41 26 62 34 1 27 35 43 21 13 5 18 80 55 6 60 74,heads,minor,1
2022-12-10T06:36:00Z,926,50 52 54 21 14 40 55 61 75 60 16 64 72 35 73 76 17 4 44 37,tails,regular,3
2022-12-10T06:39:00Z,927,41 35 5 26 25 70 33 77 32 14 57 75 49 44 21 6 27 31 52 1,heads,minor,10
2022-12-10T06:42:00Z,928,23 72 77 78 63 74 73 67 12 1 46 30 20 52 5 43 35 26 68 13,tails,regular,2
2022-12-10T06:45:00Z,929,18 39 58 31 17 69 71 73 11 13 70 67 57 46 48 23 28 65 14 34,evens,regular,1
2022-12-10T06:48:00Z,930,59 20 21 68 53 2 1 69 40 34 71 63 32 4 45 46 10 62 43 74,tails,regular,2
2022-12-10T06:51:00Z,931,2 38 56 25 47 16 75 12 27 73 31 37 3 41 32 30 6 40 29 65,heads,minor,2
2022-12-10T06:54:00Z,932,7 27 44 37 64 70 54 73 43 59 34 12 5 33 67 79 80 63 68 78,tails,minor,1
2022-12-10T06:57:00Z,933,33 29 36 22 30 1 45 40 79 66 8 71 42 37 17 72 73 10 77 35,heads,minor,10
2022-12-10T07:00:00Z,935,33 59 56 19 35 50 7 79 60 58 71 15 13 72 52 36 68 12 42 77,tails,major,1
2022-12-10T07:03:00Z,936,7 13 43 47 14 36 67 54 3 27 72 37 26 18 52 4 39 11 16 63,heads,regular,1
2022-12-10T07:06:00Z,937,14 19 38 75 46 11 12 29 6 7 78 42 56 20 4 35 41 64 57 13,heads,minor,3
2022-12-10T07:09:00Z,938,2 69 38 65 17 61 5 26 31 36 77 47 28 52 20 35 18 66 71 56,heads,regular,1
2022-12-10T07:12:00Z,939,66 12 79 30 15 26 38 32 18 64 54 70 13 9 47 62 11 49 3 77,heads,regular,2
2022-12-10T07:15:00Z,940,53 12 45 2 17 38 34 44 46 57 76 60 59 9 19 54 8 25 32 51,evens,regular,1
2022-12-10T07:18:00Z,941,67 42 77 59 23 44 32 35 70 33 7 29 57 30 63 47 61 52 68 69,tails,regular,1
2022-12-10T07:21:00Z,942,56 61 57 72 6 24 73 14 40 50 66 67 80 27 48 37 38 39 65 5,tails,regular,1
2022-12-10T07:24:00Z,944,73 71 56 77 43 27 52 51 65 50 4 59 75 74 61 25 28 9 5 8,tails,minor,3
2022-12-10T07:27:00Z,945,5 69 6 43 74 53 12 21 11 16 48 38 51 29 72 57 15 77 40 55,evens,regular,1
2022-12-10T07:30:00Z,946,61 16 78 49 42 24 2 51 39 38 26 71 73 25 36 44 45 74 46 59,tails,regular,1
2022-12-10T07:33:00Z,947,79 1 33 13 55 51 50 32 62 2 58 54 10 48 78 7 67 49 26 59,tails,regular,1
2022-12-10T07:36:00Z,948,46 31 40 13 48 30 43 58 42 33 47 68 10 66 1 11 76 34 59 61,tails,regular,2
2022-12-10T07:39:00Z,949,69 78 73 27 31 59 43 17 66 37 28 2 3 26 60 20 4 23 47 53,heads,minor,2
2022-12-10T07:42:00Z,950,56 43 69 65 36 66 34 68 77 78 11 4 26 16 12 71 14 3 57 63,tails,major,1
2022-12-10T07:45:00Z,951,70 54 3 37 16 47 62 33 57 17 10 68 43 45 51 48 65 55 11 41,tails,regular,3
2022-12-10T07:48:00Z,953,8 34 39 70 15 50 20 45 49 67 66 7 56 54 12 61 9 27 44 16,evens,regular,2
2022-12-10T07:51:00Z,954,6 5 19 30 23 2 45 13 12 64 56 22 18 51 58 4 37 41 34 47,heads,regular,1
2022-12-10T07:54:00Z,955,46 51 15 37 76 57 64 75 68 2 39 61 78 77 72 58 22 19 66 54,tails,major,1
2022-12-10T07:57:00Z,956,46 76 31 50 78 13 26 77 58 30 20 5 73 19 63 22 34 43 48 65,tails,minor,1
2022-12-10T08:00:00Z,957,63 46 24 47 54 14 44 52 3 50 66 58 76 64 80 17 40 8 38 71,tails,regular,5
2022-12-10T08:03:00Z,958,7 48 34 9 56 47 50 43 35 19 63 80 62 46 28 58 31 36 21 18,evens,regular,2
2022-12-10T08:06:00Z,959,54 28 38 39 41 74 73 52 64 23 15 7 24 45 12 32 34 70 50 9,heads,minor,2
2022-12-10T08:09:00Z,960,63 4 47 17 32 62 35 7 57 39 78 11 41 76 26 5 31 67 60 46,evens,regular,3
2022-12-10T08:12:00Z,962,72 20 62 27 66 11 7 61 60 73 79 33 12 77 29 32 30 13 39 67,heads,regular,3
2022-12-10T08:15:00Z,963,36 68 34 78 4 27 61 2 74 18 23 47 22 76 57 10 32 31 59 42,heads,regular,2
2022-12-10T08:18:00Z,964,26 72 28 17 68 22 5 66 71 57 40 62 2 25 27 16 7 73 21 63,heads,regular,1
2022-12-10T08:21:00Z,965,51 63 23 47 43 28 20 80 50 76 9 11 16 77 41 45 26 8 15 2,evens,regular,2
2022-12-10T08:24:00Z,966,71 14 58 10 1 64 19 34 54 16 57 15 6 51 17 27 7 22 5 11,heads,minor,1
2022-12-10T08:27:00Z,967,57 12 10 50 31 67 20 17 3 24 8 44 1 46 58 78 75 70 45 36,evens,regular,2
2022-12-10T08:30:00Z,968,19 11 76 36 15 64 71 55 66 59 45 32 31 44 39 14 20 33 29 75,heads,regular,1
2022-12-10T08:33:00Z,969,42 72 15 40 20 66 24 59 46 26 61 10 50 58 68 8 18 80 48 38,tails,regular,2
2022-12-10T08:36:00Z,971,49 35 66 56 65 37 80 13 42 3 24 55 79 57 5 23 69 19 7 63,tails,minor,1
2022-12-10T08:39:00Z,972,16 31 67 6 43 27 29 15 1 44 76 24 5 3 8 11 60 75 58 66,heads,regular,3
2022-12-10T08:42:00Z,973,74 78 29 12 46 15 24 52 7 65 68 51 61 53 42 23 35 47 80 40,tails,regular,1
2022-12-10T08:45:00Z,974,78 30 42 13 9 49 6 75 27 21 70 18 29 34 62 38 57 48 71 58,evens,minor,1
2022-12-10T08:48:00Z,975,33 43 75 32 22 79 9 47 69 7 40 6 10 50 57 12 44 66 49 3,evens,regular,2
2022-12-10T08:51:00Z,976,65 51 19 32 7 9 31 4 45 79 70 34 24 25 22 56 62 3 77 72,heads,minor,3
2022-12-10T08:54:00Z,977,53 5 15 8 79 18 80 17 78 6 38 42 54 3 51 25 21 14 56 26,heads,regular,3
2022-12-10T08:57:00Z,978,79 20 36 43 18 56 64 71 50 80 55 30 29 69 19 27 14 65 7 42,tails,minor,1
2022-12-10T09:00:00Z,980,35 53 46 43 51 59 11 44 31 58 23 45 25 10 30 68 27 66 32 74,tails,regular,1
2022-12-10T09:03:00Z,981,62 9 59 26 40 52 44 36 33 70 35 67 20 5 13 23 63 24 65 53,heads,regular,3
2022-12-10T09:06:00Z,982,68 23 22 16 45 52 54 31 39 66 48 80 42 25 8 62 49 71 37 17,tails,regular,1
2022-12-10T09:09:00Z,983,61 49 25 6 44 21 68 15 31 56 58 73 51 77 46 48 54 17 30 53,tails,regular,1
2022-12-10T09:12:00Z,984,3 61 12 32 33 77 63 69 35 50 13 21 29 28 57 39 10 80 11 18,heads,regular,1
2022-12-10T09:15:00Z,985,44 16 70 37 43 59 80 50 35 54 66 51 73 49 13 7 23 63 21 55,tails,regular,1
2022-12-10T09:18:00Z,986,36 35 45 9 10 64 7 43 72 41 13 66 4 14 38 52 63 49 6 27,heads,regular,1
2022-12-10T09:21:00Z,987,49 65 4 35 29 73 15 28 5 79 80 19 61 22 21 12 59 1 31 43,heads,regular,2
2022-12-10T09:24:00Z,989,18 70 35 33 15 78 53 62 31 60 29 9 71 45 65 28 51 17 47 25,evens,regular,10
2022-12-10T09:27:00Z,990,47 63 64 59 67 37 1 51 5 71 26 60 35 3 18 44 7 28 50 76,tails,regular,1
2022-12-10T09:30:00Z,991,56 59 69 20 62 25 50 76 11 78 40 19 49 39 7 15 42 26 21 29,heads,minor,1
2022-12-10T09:33:00Z,992,44 27 58 59 12 50 24 5 61 42 40 54 41 34 33 1 69 10 7 18,heads,regular,3
2022-12-10T09:36:00Z,993,22 6 68 14 65 75 19 7 62 64 58 11 33 35 46 4 1 44 16 31,heads,regular,1
2022-12-10T09:39:00Z,994,30 62 10 78 60 73 41 29 20 27 52 46 34 7 55 53 32 35 12 15,heads,regular,2
2022-12-10T09:42:00Z,995,78 47 54 16 42 49 23 1 67 53 30 18 14 59 26 24 43 44 56 6,tails,regular,3
2022-12-10T09:45:00Z,996,19 45 4 74 52 35 3 57 72 37 48 80 5 51 63 6 27 29 15 30,heads,regular,2
2022-12-10T09:48:00Z,998,18 65 80 12 16 25 67 59 71 68 14 38 8 63 47 40 64 51 2 28,evens,regular,2
2022-12-10T09:51:00Z,999,20 2 37 40 54 21 58 15 25 32 17 45 47 80 73 46 48 39 7 43,heads,regular,2
2022-12-10T09:54:00Z,1,65 9 22 23 50 54 21 40 71 53 79 17 68 52 24 77 64 75 80 61,tails,regular,1
2022-12-10T09:57:00Z,2,75 61 22 30 78 59 16 32 57 23 38 44 40 64 71 18 60 36 14 54,evens,minor,1
2022-12-10T10:00:00Z,3,48 18 34 43 16 80 41 10 42 57 20 64 46 12 8 58 49 31 36 65,tails,regular,1
2022-12-10T10:03:00Z,4,64 74 1 19 21 47 17 61 75 7 18 54 70 15 26 71 49 11 73 22,evens,regular,2
2022-12-10T10:06:00Z,5,27 24 37 15 72 2 77 48 26 67 42 10 21 57 49 44 51 33 71 54,tails,major,1
2022-12-10T10:09:00Z,6,17 78 63 9 39 31 40 61 30 26 8 28 64 19 56 75 68 66 7 21,heads,major,2
2022-12-10T10:12:00Z,8,67 46 29 54 78 1 5 12 22 49 75 79 55 70 66 34 74 32 45 60,tails,major,3
2022-12-10T10:15:00Z,9,14 40 41 77 62 69 29 43 67 33 50 73 1 12 34 65 45 47 46 36,tails,regular,1
2022-12-10T10:18:00Z,10,3 64 17 37 24 8 76 43 77 29 73 58 44 7 25 39 38 57 34 40,heads,minor,1
2022-12-10T10:21:00Z,11,24 56 70 38 51 3 20 11 54 10 29 53 47 17 33 45 55 50 36 67,evens,minor,4
2022-12-10T10:24:00Z,12,37 64 25 35 21 5 54 49 4 32 13 24 34 67 60 8 27 70 50 71,heads,regular,3
2022-12-10T10:27:00Z,13,7 73 60 26 23 39 53 69 5 3 29 33 6 24 36 78 57 48 66 63,heads,regular,2
2022-12-10T10:30:00Z,14,74 77 23 55 24 6 48 28 21 78 26 75 51 29 34 12 9 11 63 3,heads,regular,1
2022-12-10T10:33:00Z,15,22 36 79 65 51 44 80 3 10 53 13 50 77 37 54 17 66 55 64 58,tails,minor,1
2022-12-10T10:36:00Z,17,37 44 54 47 28 5 9 20 80 39 50 24 74 30 41 35 43 64 49 2,evens,regular,2
2022-12-10T10:39:00Z,18,63 12 16 62 43 7 29 2 57 10 27 41 54 65 21 64 76 60 72 59,tails,regular,2
2022-12-10T10:42:00Z,19,80 27 74 46 13 1 51 68 32 19 38 7 79 39 48 44 21 18 78 4,heads,minor,3
2022-12-10T10:45:00Z,20,13 53 68 35 21 64 51 22 47 65 54 23 56 28 59 41 39 25 2 45,tails,minor,2
2022-12-10T10:48:00Z,21,35 18 33 14 36 38 74 57 76 56 11 2 7 59 40 51 47 4 29 53,heads,regular,3
2022-12-10T10:51:00Z,22,48 27 30 69 6 14 10 46 34 15 47 72 61 39 11 36 53 4 26 8,heads,regular,1
2022-12-10T10:54:00Z,23,9 78 52 17 46 35 60 37 72 24 50 14 61 23 57 38 64 13 29 6,heads,major,1
2022-12-10T10:57:00Z,24,64 67 72 27 6 49 68 20 78 66 65 70 46 43 74 28 56 51 38 24,tails,minor,3
2022-12-10T11:00:00Z,26,80 35 27 21 12 65 16 20 52 19 67 6 48 70 77 38 15 72 31 32,heads,regular,2
2022-12-10T11:03:00Z,27,28 39 62 45 6 46 71 54 32 66 8 63 56 79 35 10 40 43 78 26,tails,regular,1
2022-12-10T11:06:00Z,28,28 7 34 68 19 30 9 8 48 45 27 47 32 59 61 22 5 52 43 46,heads,regular,2
2022-12-10T11:09:00Z,29,74 18 43 3 8 17 30 35 5 63 41 16 71 66 42 1 73 78 80 65,tails,minor,3
2022-12-10T11:12:00Z,30,48 22 36 29 73 32 10 31 3 71 45 21 53 50 67 60 20 40 33 76,heads,regular,1
2022-12-10T11:15:00Z,31,52 40 61 57 67 33 79 63 9 28 10 13 11 14 36 30 23 27 22 29,heads,major,3
2022-12-10T11:18:00Z,32,36 59 42 60 21 5 14 20 10 63 50 26 48 70 22 80 30 53 16 32,heads,regular,3
2022-12-10T11:21:00Z,33,38 29 45 71 13 55 46 54 2 57 22 58 31 59 12 25 15 5 50 75,evens,regular,1
2022-12-10T11:24:00Z,35,48 14 62 70 26 78 35 8 15 6 19 59 66 40 10 67 65 29 21 18,heads,regular,3
2022-12-10T11:27:00Z,36,48 14 26 58 52 23 18 34 68 1 22 66 54 72 9 59 28 67 38 31,heads,major,1
2022-12-10T11:30:00Z,37,28 49 33 43 69 58 10 54 78 76 14 77 74 67 52 6 20 26 35 18,tails,regular,1
2022-12-10T11:33:00Z,38,52 54 73 72 7 11 40 58 13 28 20 39 24 57 44 32 67 29 30 75,heads,regular,2
2022-12-10T11:36:00Z,39,22 76 65 24 52 10 67 7 27 78 60 51 32 69 74 1 42 17 12 16,evens,minor,1
2022-12-10T11:39:00Z,40,63 70 17 72 39 9 45 71 2 41 75 8 65 18 54 42 68 46 7 13,tails,regular,2
2022-12-10T11:42:00Z,41,35 7 38 56 71 30 27 15 4 25 59 16 69 49 70 73 65 11 6 76,heads,minor,1
2022-12-10T11:45:00Z,42,49 24 48 73 29 17 80 14 31 54 22 32 66 35 37 77 53 13 2 45,heads,regular,2
2022-12-10T11:48:00Z,44,34 7 74 66 73 49 22 3 15 4 47 60 13 43 58 44 67 39 35 57,tails,regular,2
2022-12-10T11:51:00Z,45,78 54 18 20 14 2 11 60 49 71 5 39 17 16 1 8 28 3 64 43,heads,minor,2
2022-12-10T11:54:00Z,46,25 73 44 1 32 8 61 72 9 39 64 28 78 41 68 13 16 38 35 2,heads,regular,1
2022-12-10T11:57:00Z,47,70 10 49 27 15 28 30 75 41 58 37 54 79 67 71 6 60 22 55 47,tails,regular,1
2022-12-10T12:00:00Z,48,52 4 47 54 64 80 35 67 26 78 30 33 29 39 63 72 60 15 53 79,tails,regular,1
2022-12-10T12:03:00Z,49,54 1 21 7 80 12 9 45 52 63 25 10 38 18 26 41 17 16 36 14,heads,regular,2
2022-12-10T12:06:00Z,50,44 4 37 53 3 41 24 61 64 38 19 80 65 58 75 60 73 70 63 72,tails,regular,1
2022-12-10T12:09:00Z,51,45 18 59 47 65 52 76 75 27 43 14 50 28 19 29 42 6 26 20 63,tails,regular,3
2022-12-10T12:12:00Z,53,57 74 75 17 26 55 64 47 36 51 79 78 37 77 30 43 41 11 65 62,tails,regular,1
2022-12-10T12:15:00Z,54,32 58 43 1 2 40 66 61 17 51 11 76 65 47 9 12 6 36 38 77,heads,minor,3
2022-12-10T12:18:00Z,55,10 62 80 22 25 6 11 52 42 9 16 77 41 21 74 7 29 18 75 34,heads,regular,1
2022-12-10T12:21:00Z,56,62 23 37 5 67 52 16 68 75 73 44 50 79 66 63 14 58 39 36 56,tails,regular,2
2022-12-10T12:24:00Z,57,32 61 24 31 11 8 14 46 12 68 27 3 28 30 80 56 23 26 78 47,heads,regular,5
2022-12-10T12:27:00Z,58,21 45 46 53 28 15 55 73 7 69 80 67 49 78 68 77 1 44 2 59,tails,minor,2
2022-12-10T12:30:00Z,59,79 1 68 57 42 19 6 49 18 59 25 58 7 38 26 60 54 53 51 20,tails,minor,4
2022-12-10T12:33:00Z,60,33 54 30 31 72 38 74 68 57 32 34 29 20 37 41 39 67 21 26 45,heads,major,4
2022-12-10T12:36:00Z,62,72 7 41 2 78 27 11 28 58 36 8 68 45 42 65 75 63 43 9 51,tails,minor,3
2022-12-10T12:39:00Z,63,71 66 37 60 13 74 7 75 3 4 33 34 72 9 62 19 68 40 80 55,evens,regular,2
2022-12-10T12:42:00Z,64,78 50 11 51 17 70 42 31 36 43 7 65 72 24 62 12 40 80 76 67,tails,minor,1
2022-12-10T12:45:00Z,65,28 61 6 52 19 11 51 14 74 3 29 20 38 45 2 70 8 67 25 59,heads,minor,1
2022-12-10T12:48:00Z,66,65 73 29 80 66 55 60 43 24 21 70 28 3 13 46 27 36 39 26 16,heads,regular,1
2022-12-10T12:51:00Z,67,59 12 33 58 71 36 69 55 31 2 5 43 46 67 51 29 77 22 79 3,tails,major,4
2022-12-10T12:54:00Z,68,5 66 18 11 32 27 55 76 40 26 54 53 7 8 39 25 73 71 28 72,heads,regular,1
2022-12-10T12:57:00Z,69,16 6 15 75 5 28 34 60 19 57 36 35 21 71 2 18 23 63 76 50,heads,regular,1
2022-12-10T13:00:00Z,71,79 74 29 4 38 18 63 10 54 30 71 31 73 49 11 60 33 34 17 56,heads,regular,1
2022-12-10T13:03:00Z,72,77 80 59 5 75 61 3 20 28 33 38 60 4 65 47 15 21 64 35 46,evens,regular,2
2022-12-10T13:06:00Z,73,43 7 6 14 59 60 62 54 15 11 4 72 79 41 32 80 47 12 20 53,tails,regular,2
2022-12-10T13:09:00Z,74,15 14 10 24 57 43 62 31 41 55 52 20 47 29 26 61 32 39 65 66,evens,regular,1
2022-12-10T13:12:00Z,75,79 36 51 38 74 59 63 4 77 73 3 27 8 80 64 37 28 68 50 62,tails,regular,3
2022-12-10T13:15:00Z,76,80 17 56 62 59 13 51 66 65 75 44 41 73 18 39 79 9 2 26 47,tails,regular,1
2022-12-10T13:18:00Z,77,35 78 9 46 61 52 15 64 50 24 11 21 60 10 79 53 27 63 38 65,tails,regular,1
2022-12-10T13:21:00Z,78,76 62 53 8 59 69 71 33 12 46 61 9 32 18 27 47 38 22 13 55,evens,minor,2
2022-12-10T13:24:00Z,80,41 38 6 43 57 8 27 24 7 77 42 9 33 1 47 20 61 56 79 59,evens,regular,2
2022-12-10T13:27:00Z,81,56 59 19 22 54 63 2 35 72 25 44 15 11 26 69 23 32 67 48 42,evens,minor,2
2022-12-10T13:30:00Z,82,10 48 60 28 69 19 47 53 4 80 51 5 11 41 40 67 73 1 71 61,tails,regular,2
2022-12-10T13:33:00Z,83,66 23 25 12 17 70 18 75 32 16 20 5 42 68 15 57 72 10 46 67,heads,regular,3
2022-12-10T13:36:00Z,84,60 36 76 51 77 40 20 53 19 71 42 43 23 5 31 29 44 61 66 7,tails,regular,1
2022-12-10T13:39:00Z,85,78 12 9 36 40 19 70 63 6 46 79 74 69 17 48 71 42 38 26 68,tails,major,1
2022-12-10T13:42:00Z,86,22 32 47 59 11 64 19 6 39 63 75 31 61 50 30 17 41 58 60 10,evens,regular,2
2022-12-10T13:45:00Z,87,38 57 25 47 66 22 10 80 78 35 37 13 29 9 73 79 1 34 76 63,heads,major,3
2022-12-10T13:48:00Z,89,62 73 1 25 77 52 6 60 57 56 37 71 64 58 46 47 74 48 12 31,tails,regular,2
2022-12-10T13:51:00Z,90,64 26 80 11 8 56 52 7 25 37 45 68 10 70 74 61 9 65 38 2,evens,minor,1
2022-12-10T13:54:00Z,91,18 36 47 12 17 15 23 32 49 28 64 54 21 77 19 8 69 27 50 75,heads,regular,1
2022-12-10T13:57:00Z,92,4 48 27 1 30 11 14 63 15 39 65 6 3 26 21 53 44 13 38 17,heads,minor,1
2022-12-10T14:00:00Z,93,56 66 35 51 75 77 57 23 42 41 54 17 53 43 24 10 76 37 9 65,tails,major,1
2022-12-10T14:03:00Z,94,69 38 23 30 64 41 44 54 70 2 24 40 79 19 67 76 27 21 55 32,evens,regular,2
2022-12-10T14:06:00Z,95,67 31 54 68 34 66 50 73 57 75 69 24 25 56 37 61 41 3 63 77,tails,regular,1
2022-12-10T14:09:00Z,96,51 44 28 61 14 64 7 16 68 63 8 78 59 47 73 34 37 45 13 50,tails,regular,2
2022-12-10T14:12:00Z,98,10 79 55 23 74 8 4 5 17 41 68 42 76 34 32 30 13 58 2 19,heads,regular,2
2022-12-10T14:15:00Z,99,12 74 35 23 34 16 26 55 60 72 66 53 63 40 11 30 1 61 14 62,heads,minor,1
2022-12-10T14:18:00Z,100,10 50 1 19 52 60 45 64 38 63 53 77 17 15 80 65 71 70 37 24,tails,major,1
2022-12-10T14:21:00Z,101,43 63 11 49 9 73 59 46 53 17 40 3 12 8 37 28 51 18 65 32,heads,regular,1
2022-12-10T14:24:00Z,102,75 35 34 50 57 26 45 1 2 58 74 65 22 76 68 54 31 36 25 21,evens,regular,1
2022-12-10T14:27:00Z,103,29 31 67 43 79 47 60 53 11 7 57 46 23 49 76 69 37 13 50 35,tails,regular,2
2022-12-10T14:30:00Z,104,37 11 52 61 27 53 72 47 10 28 34 74 73 68 63 3 29 7 21 6,heads,regular,2
2022-12-10T14:33:00Z,105,49 3 51 62 46 55 52 11 18 78 48 73 54 47 15 23 53 9 29 27,tails,regular,2
2022-12-10T14:36:00Z,107,21 15 42 39 29 50 37 38 78 4 8 28 65 75 77 12 45 17 35 27,heads,minor,2
2022-12-10T14:39:00Z,108,46 60 29 8 20 16 79 65 78 62 35 44 33 19 76 3 63 31 50 38,evens,regular,1
2022-12-10T14:42:00Z,109,54 20 61 50 35 63 28 5 72 57 38 12 51 25 6 68 39 43 27 55,evens,major,3
2022-12-10T14:45:00Z,110,30 47 63 21 3 22 29 16 80 36 62 48 50 72 61 52 67 10 2 17,evens,major,1
2022-12-10T14:48:00Z,111,50 12 67 3 23 18 4 46 66 52 40 13 62 31 38 6 42 55 29 20,heads,regular,1
2022-12-10T14:51:00Z,112,42 64 21 37 2 23 5 48 39 27 41 60 62 14 15 77 19 71 76 31,heads,regular,3
2022-12-10T14:54:00Z,113,4 5 74 25 77 55 29 67 54 44 14 49 22 24 80 70 72 41 46 36,tails,regular,1
2022-12-10T14:57:00Z,114,8 79 16 53 12 65 20 45 54 13 18 31 24 11 56 25 55 80 57 44,evens,minor,2
2022-12-10T15:00:00Z,116,25 64 79 69 3 26 80 27 59 60 62 34 9 38 33 72 52 37 55 51,tails,major,2
2022-12-10T15:03:00Z,117,33 79 30 49 15 23 60 25 9 67 31 42 18 17 64 20 55 50 22 68,heads,regular,2
2022-12-10T15:06:00Z,118,46 35 29 28 38 80 31 3 77 41 76 78 6 20 64 14 33 65 40 34,heads,regular,4
2022-12-10T15:09:00Z,119,17 79 58 53 22 9 16 64 62 46 40 48 18 43 51 25 74 30 5 61,tails,regular,3
2022-12-10T15:12:00Z,120,49 45 54 41 64 60 72 9 28 46 44 27 36 1 11 7 80 24 19 4,evens,minor,10
2022-12-10T15:15:00Z,121,75 15 17 72 28 67 79 20 69 43 40 51 16 23 3 4 61 36 32 22,heads,regular,1
2022-12-10T15:18:00Z,122,7 67 11 74 75 15 65 31 54 72 53 23 8 10 28 68 34 21 51 22,heads,regular,1
2022-12-10T15:21:00Z,123,71 16 36 30 54 65 60 33 11 76 46 70 26 8 63 41 23 29 31 68,evens,regular,3
2022-12-10T15:24:00Z,125,23 78 43 64 79 52 26 19 47 33 3 22 34 29 6 12 39 74 55 60,heads,regular,2
2022-12-10T15:27:00Z,126,29 70 37 7 35 49 22 79 78 38 73 41 45 75 60 28 14 16 58 54,tails,regular,1
2022-12-10T15:30:00Z,127,56 43 49 62 45 72 24 13 79 52 65 8 19 36 39 70 38 5 50 59,tails,regular,1
2022-12-10T15:33:00Z,128,13 54 49 23 79 20 10 56 64 55 26 14 73 11 19 50 60 6 21 1,heads,major,3
2022-12-10T15:36:00Z,129,4 60 5 47 6 77 32 3 68 46 16 70 53 62 35 23 37 78 22 75,evens,regular,2
2022-12-10T15:39:00Z,130,75 45 67 49 24 10 43 31 22 44 2 53 60 6 72 34 12 21 40 1,heads,regular,1
2022-12-10T15:42:00Z,131,43 58 49 11 40 42 39 75 23 47 7 79 70 56 54 41 12 35 25 10,tails,regular,3
2022-12-10T15:45:00Z,132,78 19 70 6 61 13 34 33 35 72 76 21 46 64 52 28 27 75 39 23,heads,major,3
2022-12-10T15:48:00Z,134,62 7 33 55 57 54 26 34 65 70 48 21 79 18 16 76 29 52 44 78,tails,regular,3
2022-12-10T15:51:00Z,135,20 21 14 54 37 26 5 61 63 38 77 3 75 78 6 80 76 15 11 72,heads,minor,1
2022-12-10T15:54:00Z,136,58 52 64 20 25 24 42 72 36 30 23 50 59 13 18 60 17 28 40 63,heads,regular,3
2022-12-10T15:57:00Z,137,49 65 25 52 61 57 7 43 41 1 29 8 54 12 19 35 63 33 4 31,heads,regular,3
2022-12-10T16:00:00Z,138,38 63 28 60 18 74 65 78 51 13 58 11 35 55 66 70 22 43 1 5,tails,regular,1
2022-12-10T16:03:00Z,139,26 36 30 65 80 42 70 77 56 55 13 24 9 1 14 57 60 61 41 3,tails,regular,1
2022-12-10T16:06:00Z,140,65 79 67 22 61 27 28 37 64 30 51 69 63 26 44 16 18 46 38 12,evens,regular,3
2022-12-10T16:09:00Z,141,74 60 36 68 41 27 71 77 49 40 51 67 7 65 31 30 11 61 46 76,tails,regular,10
2022-12-10T16:12:00Z,143,26 22 28 59 67 20 9 8 33 57 44 58 3 23 64 48 53 52 12 70,evens,regular,3
2022-12-10T16:15:00Z,144,19 38 50 73 49 2 14 5 27 29 79 51 16 54 34 18 74 52 40 59,heads,regular,1
2022-12-10T16:18:00Z,145,3 28 66 22 25 65 48 58 32 2 17 19 36 46 37 10 43 56 13 9,heads,regular,1
2022-12-10T16:21:00Z,146,4 12 1 48 77 11 13 24 30 74 27 41 64 32 45 66 47 42 59 8,evens,major,1
2022-12-10T16:24:00Z,147,9 39 24 14 62 36 63 30 75 51 72 73 80 37 53 16 56 3 26 22,heads,regular,3
2022-12-10T16:27:00Z,148,7 13 45 79 40 57 62 75 4 51 78 5 69 60 9 58 24 2 23 32,evens,minor,1
2022-12-10T16:30:00Z,149,4 26 10 14 7 68 63 43 36 54 31 71 21 35 15 25 16 60 76 23,heads,regular,1
2022-12-10T16:33:00Z,150,17 55 47 80 66 61 4 62 41 38 25 64 45 32 19 37 20 30 10 57,evens,regular,2
2022-12-10T16:36:00Z,152,19 78 79 43 24 49 40 76 39 17 30 38 20 27 7 59 67 62 77 68,evens,minor,1
2022-12-10T16:39:00Z,153,10 3 45 16 40 75 25 14 30 4 66 21 12 60 19 47 51 61 54 69,heads,major,1
2022-12-10T16:42:00Z,154,4 6 65 21 68 17 37 53 74 9 61 55 79 11 16 12 70 54 63 69,tails,minor,2
2022-12-10T16:45:00Z,155,42 29 40 23 78 50 35 38 31 60 27 67 18 62 22 25 6 72 41 45,heads,minor,2
2022-12-10T16:48:00Z,156,17 73 14 23 46 33 44 5 69 3 66 10 34 41 54 25 8 75 26 32,heads,regular,1
2022-12-10T16:51:00Z,157,46 1 25 18 53 23 62 8 52 57 31 60 26 65 13 42 67 32 43 37,evens,regular,3
2022-12-10T16:54:00Z,158,69 27 37 65 66 31 62 47 80 9 28 57 42 46 33 2 41 34 64 15,tails,regular,1
2022-12-10T16:57:00Z,159,6 14 32 59 48 27 31 28 23 54 22 61 24 50 80 13 1 70 26 39,heads,regular,1
2022-12-10T17:00:00Z,161,7 51 2 71 63 24 47 8 37 26 31 12 30 40 19 66 77 14 53 41,heads,regular,1
2022-12-10T17:03:00Z,162,27 48 36 45 71 61 41 19 60 55 70 56 5 54 10 24 73 9 46 64,tails,minor,1
2022-12-10T17:06:00Z,163,6 80 66 28 65 11 57 73 32 78 61 53 2 50 77 46 49 8 30 72,tails,regular,1
2022-12-10T17:09:00Z,164,59 58 29 74 2 15 65 69 49 40 34 46 4 6 8 66 18 42 27 32,heads,major,1
2022-12-10T17:12:00Z,165,49 8 60 52 57 50 31 61 6 67 64 66 40 63 3 80 45 32 11 30,tails,regular,2
2022-12-10T17:15:00Z,166,6 65 25 59 39 14 21 55 68 53 10 75 57 42 38 56 16 73 1 24,evens,regular,1
2022-12-10T17:18:00Z,167,76 72 35 21 1 58 27 28 47 75 14 32 19 39 63 40 4 73 64 38,heads,minor,3
2022-12-10T17:21:00Z,168,73 34 43 27 71 25 13 24 40 33 30 2 57 69 26 77 14 8 37 64,heads,major,1
2022-12-10T17:24:00Z,170,74 58 41 61 69 49 53 52 72 16 13 8 43 55 45 14 26 9 39 5,tails,minor,1
2022-12-10T17:27:00Z,171,54 66 80 30 7 12 20 2 15 1 25 11 18 71 67 62 16 76 57 52,heads,minor,2
2022-12-10T17:30:00Z,172,38 11 79 22 28 24 51 21 17 39 33 59 16 20 68 56 49 73 9 76,heads,regular,1
2022-12-10T17:33:00Z,173,30 17 62 54 66 60 61 14 63 39 75 22 73 12 10 50 53 5 55 37,tails,regular,1
2022-12-10T17:36:00Z,174,24 79 19 66 46 12 29 20 59 63 43 75 60 76 11 28 49 32 37 15,evens,regular,2
2022-12-10T17:39:00Z,175,14 25 21 8 33 17 9 73 59 12 57 32 66 55 1 45 3 4 19 78,heads,regular,3
2022-12-10T17:42:00Z,176,21 64 51 8 77 17 25 50 72 1 35 46 10 26 69 48 58 5 47 74,tails,regular,3
2022-12-10T17:45:00Z,177,14 40 10 30 37 46 41 49 28 47 27 73 43 67 13 17 62 11 39 34,heads,regular,1
2022-12-10T17:48:00Z,179,34 65 28 48 56 14 50 32 70 11 27 44 51 33 20 61 59 43 78 73,tails,regular,1
2022-12-10T17:51:00Z,180,72 3 34 1 37 59 7 62 31 73 13 24 77 17 56 44 18 16 58 4,heads,minor,1
2022-12-10T17:54:00Z,181,3 21 28 13 70 22 56 45 35 41 30 46 7 55 68 66 1 33 51 60,evens,minor,1
2022-12-10T17:57:00Z,182,74 38 4 55 33 36 71 25 54 32 6 56 60 58 31 16 21 13 1 66,heads,regular,3
2022-12-10T18:00:00Z,183,59 18 50 70 19 61 43 10 31 69 26 30 79 64 22 80 37 6 20 54,evens,major,4
2022-12-10T18:03:00Z,184,65 42 45 21 23 38 36 69 33 14 30 73 57 66 15 16 64 40 31 61,heads,regular,2
2022-12-10T18:06:00Z,185,75 27 33 62 51 28 10 70 13 15 25 39 6 37 61 68 41 9 16 14,heads,minor,2
2022-12-10T18:09:00Z,186,50 76 67 12 45 53 79 60 58 18 10 20 17 42 39 38 36 24 69 46,tails,regular,3
2022-12-10T18:12:00Z,188,59 66 65 63 17 64 27 58 71 39 53 10 31 38 77 60 52 11 50 2,tails,minor,3
2022-12-10T18:15:00Z,189,68 14 18 57 54 45 73 5 69 67 2 72 26 17 7 3 70 41 33 4,evens,minor,3
2022-12-10T18:18:00Z,190,73 33 56 67 10 17 64 39 40 80 44 53 14 66 46 59 38 20 12 32,evens,regular,3
2022-12-10T18:21:00Z,191,54 3 27 65 72 55 1 42 24 19 16 63 8 57 68 13 50 79 30 38,evens,minor,2
2022-12-10T18:24:00Z,192,7 66 39 52 62 25 14 8 5 49 3 74 20 35 54 36 13 33 70 75,heads,regular,3
2022-12-10T18:27:00Z,193,8 11 51 13 7 74 48 55 70 34 19 32 78 20 56 18 72 5 59 76,evens,major,2
2022-12-10T18:30:00Z,194,1 34 14 45 74 30 16 71 23 55 62 57 26 32 70 66 51 79 29 37,evens,major,3
2022-12-10T18:33:00Z,195,75 16 18 46 42 26 9 35 51 65 33 31 58 17 13 30 32 53 25 10,heads,minor,2
2022-12-10T18:36:00Z,197,66 46 20 22 76 32 52 16 1 75 51 74 34 25 4 77 11 21 26 29,heads,regular,4
2022-12-10T18:39:00Z,198,12 10 45 47 11 54 3 76 34 2 43 23 29 57 50 26 7 63 31 77,heads,minor,2
2022-12-10T18:42:00Z,199,46 58 61 26 7 50 5 39 45 29 31 78 10 65 6 33 67 56 12 37,heads,regular,3
2022-12-10T18:45:00Z,200,24 77 53 46 25 23 47 55 30 54 78 10 56 32 36 6 2 37 65 39,heads,regular,2
2022-12-10T18:48:00Z,201,59 51 77 1 4 80 37 16 75 60 76 26 6 29 66 28 19 2 22 7,heads,regular,1
2022-12-10T18:51:00Z,202,5 57 37 24 22 42 64 23 34 66 55 3 29 10 47 25 19 70 48 50,heads,minor,1
2022-12-10T18:54:00Z,203,66 21 37 58 49 45 30 12 48 2 47 75 11 72 36 1 54 53 4 17,evens,regular,2
2022-12-10T18:57:00Z,204,7 6 38 3 21 4 15 22 37 55 66 50 25 56 11 61 23 14 26 77,heads,major,3
2022-12-10T19:00:00Z,206,34 25 32 50 64 39 2 71 60 55 75 61 51 45 62 21 8 74 24 33,tails,minor,3
2022-12-10T19:03:00Z,207,19 20 62 33 67 13 26 77 25 48 54 37 8 59 68 35 3 56 75 73,evens,regular,1
2022-12-10T19:06:00Z,208,59 46 41 13 18 52 45 65 39 12 17 33 23 9 10 16 2 66 11 20,heads,regular,3
2022-12-10T19:09:00Z,209,61 74 57 59 56 42 8 50 25 71 35 21 53 19 31 80 58 29 65 52,tails,regular,1
2022-12-10T19:12:00Z,210,29 71 5 10 70 67 55 43 51 73 54 46 47 45 57 16 6 60 19 9,tails,regular,3
2022-12-10T19:15:00Z,211,66 3 35 60 36 70 28 6 5 50 42 1 20 24 11 79 21 34 8 69,heads,regular,2
2022-12-10T19:18:00Z,212,77 40 19 13 47 48 2 7 52 22 26 43 58 10 70 3 39 32 67 42,heads,regular,1
2022-12-10T19:21:00Z,213,29 37 50 25 41 15 19 28 51 65 4 18 7 3 55 16 8 32 52 57,heads,regular,3
2022-12-10T19:24:00Z,215,14 73 58 13 12 26 8 42 63 28 18 3 46 60 79 20 29 17 44 36,heads,regular,3
2022-12-10T19:27:00Z,216,23 37 39 46 38 77 53 21 40 27 52 63 15 36 44 11 41 12 19 67,heads,regular,3
2022-12-10T19:30:00Z,217,65 73 13 5 2 9 55 21 18 3 27 12 7 78 54 11 14 77 4 28,heads,regular,3
2022-12-10T19:33:00Z,218,47 21 61 53 4 42 73 69 38 79 45 35 31 49 24 6 28 14 8 39,heads,minor,2
2022-12-10T19:36:00Z,219,76 31 30 45 19 68 25 64 12 78 67 72 18 75 80 6 27 42 13 3,evens,major,4
2022-12-10T19:39:00Z,220,31 11 65 62 3 28 1 16 50 7 56 51 68 32 61 6 74 26 24 19,heads,regular,1
2022-12-10T19:42:00Z,221,59 15 49 75 28 33 51 31 72 18 58 12 40 67 57 6 46 3 10 55,evens,major,1
2022-12-10T19:45:00Z,222,72 69 31 15 48 76 64 4 70 12 43 29 38 36 20 9 61 14 26 34,heads,regular,2
2022-12-10T19:48:00Z,224,35 13 50 51 6 58 40 69 25 48 27 19 16 4 42 36 65 18 41 63,heads,regular,3
2022-12-10T19:51:00Z,225,65 76 5 63 15 50 64 16 54 6 8 25 17 12 47 51 67 11 46 52,tails,regular,3
2022-12-10T19:54:00Z,226,28 44 34 9 16 70 18 22 61 38 74 26 4 54 7 65 67 30 8 56,heads,regular,2
2022-12-10T19:57:00Z,227,1 22 61 3 47 14 19 73 79 52 67 17 28 54 63 45 8 72 37 27,evens,regular,1
2022-12-10T20:00:00Z,228,28 39 32 21 78 44 11 10 41 45 68 62 80 19 76 43 75 13 27 7,evens,regular,2
2022-12-10T20:03:00Z,229,39 56 77 31 16 18 9 10 40 23 45 42 34 64 73 72 46 66 75 33,evens,major,1
2022-12-10T20:06:00Z,230,74 55 12 19 17 73 70 77 67 6 69 57 3 2 28 10 31 35 64 38,heads,regular,1
2022-12-10T20:09:00Z,231,14 1 77 2 22 55 30 51 15 61 67 4 16 72 32 45 26 58 78 44,evens,regular,3
2022-12-10T20:12:00Z,233,37 62 66 46 34 12 18 48 32 55 9 27 42 24 72 38 17 64 21 74,heads,regular,2
2022-12-10T20:15:00Z,234,12 75 55 17 24 79 74 28 57 71 62 41 10 21 77 32 50 34 73 78,tails,minor,3
2022-12-10T20:18:00Z,235,55 1 76 17 37 64 56 54 20 38 65 36 72 14 70 11 75 73 16 68,tails,regular,3
2022-12-10T20:21:00Z,236,9 64 15 1 66 8 62 74 13 78 42 59 26 4 46 23 69 35 76 44,tails,minor,2
2022-12-10T20:24:00Z,237,57 61 15 12 31 80 37 11 64 3 2 19 48 62 71 76 35 23 68 56,evens,regular,1
2022-12-10T20:27:00Z,238,56 76 54 74 46 61 16 20 78 53 19 75 27 66 67 38 49 70 42 26,tails,regular,1
2022-12-10T20:30:00Z,239,14 46 40 74 67 22 65 35 45 5 79 48 10 70 72 16 63 64 39 68,tails,regular,1
2022-12-10T20:33:00Z,240,42 63 25 67 47 38 59 6 5 13 26 31 32 54 2 46 9 16 57 4,heads,regular,10
2022-12-10T20:36:00Z,242,21 4 3 47 58 41 36 67 18 61 45 31 68 24 14 65 46 23 34 2,heads,regular,1
2022-12-10T20:39:00Z,243,40 64 7 68 48 59 54 15 26 53 67 11 69 57 38 60 13 49 62 8,tails,minor,2
2022-12-10T20:42:00Z,244,4 58 16 24 2 79 34 76 21 7 70 55 35 72 53 44 61 25 50 73,tails,regular,3
2022-12-10T20:45:00Z,245,50 28 41 68 13 80 29 43 57 16 11 21 8 65 38 54 23 27 76 58,evens,major,2
2022-12-10T20:48:00Z,246,44 71 80 50 10 58 6 33 77 15 41 53 8 75 4 11 40 70 22 49,tails,regular,2
2022-12-10T20:51:00Z,247,35 73 37 19 64 2 43 3 61 21 74 44 32 50 62 7 47 24 72 28,evens,regular,2
2022-12-10T20:54:00Z,248,15 60 61 20 6 18 25 72 48 66 54 31 59 24 78 73 12 13 37 68,evens,regular,2
2022-12-10T20:57:00Z,249,59 3 62 64 13 54 15 45 7 11 46 57 74 4 66 77 76 63 25 16,tails,regular,1
2022-12-10T21:00:00Z,251,78 30 14 41 71 51 27 42 29 50 2 23 62 28 60 56 7 46 38 39,evens,regular,3
2022-12-10T21:03:00Z,252,40 75 46 34 66 65 7 62 27 3 11 55 77 8 10 35 33 31 71 13,heads,minor,4
2022-12-10T21:06:00Z,253,68 6 30 38 16 11 69 21 60 62 33 59 44 41 63 75 58 66 25 28,tails,regular,1
2022-12-10T21:09:00Z,254,49 2 78 19 57 76 37 44 46 28 11 64 35 74 31 77 79 80 26 70,tails,regular,2
2022-12-10T21:12:00Z,255,10 29 40 57 9 74 77 31 16 23 22 75 34 41 45 69 14 64 36 67,heads,regular,3
2022-12-10T21:15:00Z,256,18 42 40 69 14 66 52 28 54 10 45 2 75 9 77 6 48 64 19 78,tails,regular,3
2022-12-10T21:18:00Z,257,52 37 30 50 66 12 17 60 65 20 63 21 7 24 67 68 32 10 41 31,heads,regular,1
2022-12-10T21:21:00Z,258,71 28 30 53 23 26 38 5 50 65 7 76 47 59 33 67 11 27 73 55,evens,minor,2
2022-12-10T21:24:00Z,260,46 20 70 23 10 74 59 30 6 57 18 51 31 12 15 3 67 63 58 80,evens,minor,1
2022-12-10T21:27:00Z,261,44 42 14 64 66 53 70 9 49 54 72 52 80 12 34 21 46 23 35 76,tails,minor,3
2022-12-10T21:30:00Z,262,6 61 40 59 71 9 10 36 23 43 68 56 37 30 51 49 47 48 42 77,tails,regular,3
2022-12-10T21:33:00Z,263,36 64 22 50 23 79 75 3 60 67 26 5 77 30 8 9 12 62 29 15,heads,regular,2
2022-12-10T21:36:00Z,264,42 52 47 56 22 51 18 48 17 70 37 62 35 74 33 1 61 24 65 45,tails,regular,2
2022-12-10T21:39:00Z,265,42 68 71 46 17 6 7 38 54 8 26 58 60 59 9 69 22 62 27 77,tails,minor,3
2022-12-10T21:42:00Z,266,19 4 56 16 29 30 65 18 38 55 17 22 80 13 5 8 7 48 34 74,heads,major,3
2022-12-10T21:45:00Z,267,70 43 32 72 48 23 46 44 61 64 60 35 13 65 28 6 58 33 77 49,tails,regular,10
2022-12-10T21:48:00Z,269,77 31 35 64 5 74 51 48 80 8 4 16 72 65 34 71 6 78 10 70,tails,regular,1
2022-12-10T21:51:00Z,270,52 51 44 38 76 60 26 75 69 70 7 39 46 19 15 4 63 16 35 12,evens,regular,2
2022-12-10T21:54:00Z,271,58 15 18 2 44 62 66 16 75 61 37 72 78 48 54 7 33 47 71 19,tails,regular,1
2022-12-10T21:57:00Z,272,46 49 70 68 1 47 67 53 36 71 44 56 32 54 17 31 7 80 38 79,tails,regular,1
2022-12-10T22:00:00Z,273,57 68 11 31 43 18 29 60 32 77 33 62 51 14 55 78 79 12 56 22,tails,regular,1
2022-12-10T22:03:00Z,274,43 74 24 50 23 63 61 39 30 22 64 38 36 37 58 17 1 48 52 66,evens,regular,2
2022-12-10T22:06:00Z,275,80 10 1 34 23 59 27 25 72 22 32 9 12 5 47 2 40 76 45 20,heads,major,2
2022-12-10T22:09:00Z,276,51 75 28 74 49 63 31 26 24 79 55 1 33 39 18 77 35 21 59 29,heads,regular,3
2022-12-10T22:12:00Z,278,63 35 3 19 1 12 15 74 5 14 56 41 34 38 23 65 72 31 78 67,heads,major,1
2022-12-10T22:15:00Z,279,29 9 80 58 78 40 54 14 46 52 27 39 5 10 16 73 66 8 19 32,heads,regular,1
2022-12-10T22:18:00Z,280,50 29 24 47 71 43 18 27 9 35 11 45 76 33 34 32 30 49 16 58,heads,regular,1
2022-12-10T22:21:00Z,281,19 72 43 17 30 77 21 53 26 13 18 9 70 51 1 78 58 32 68 60,evens,regular,3
2022-12-10T22:24:00Z,282,28 76 21 68 57 56 9 63 43 50 42 10 62 51 8 2 58 77 69 36,tails,minor,3
2022-12-10T22:27:00Z,283,28 21 72 61 38 34 20 24 52 66 39 17 18 78 44 75 48 43 35 74,evens,regular,1
2022-12-10T22:30:00Z,284,36 27 53 66 54 50 51 70 46 5 20 31 29 32 35 68 22 42 24 30,heads,regular,2
2022-12-10T22:33:00Z,285,36 67 55 70 59 46 68 53 11 24 35 41 45 52 44 38 22 74 8 5,tails,minor,1
2022-12-10T22:36:00Z,287,75 74 16 14 73 4 34 45 3 21 49 31 61 35 15 25 29 79 39 56,heads,regular,1
2022-12-10T22:39:00Z,288,56 78 58 8 73 9 53 19 6 4 55 52 64 14 10 48 54 45 77 41,tails,regular,3
2022-12-10T22:42:00Z,289,9 41 54 8 57 63 38 76 29 48 26 16 24 67 4 51 58 37 43 14,evens,minor,3
2022-12-10T22:45:00Z,290,22 3 33 62 59 80 20 2 53 70 55 61 48 50 35 72 73 36 46 13,tails,major,1
2022-12-10T22:48:00Z,291,6 42 2 44 69 46 27 36 18 51 59 21 12 32 24 50 65 75 37 47,evens,minor,3
2022-12-10T22:51:00Z,292,5 10 17 79 34 53 22 9 27 74 37 57 11 3 65 62 39 19 63 70,heads,regular,3
2022-12-10T22:54:00Z,293,24 1 71 77 37 3 34 18 42 76 27 13 74 38 51 44 72 25 39 28,heads,regular,3
2022-12-10T22:57:00Z,294,7 41 40 5 30 6 69 37 50 78 55 80 3 61 70 33 71 72 51 63,tails,regular,1
2022-12-10T23:00:00Z,296,43 80 30 65 37 1 17 11 46 48 27 3 71 64 73 61 53 52 35 22,tails,regular,2
2022-12-10T23:03:00Z,297,9 8 74 46 69 5 59 15 32 26 13 38 76 3 16 67 49 31 63 37,heads,regular,1
2022-12-10T23:06:00Z,298,15 40 17 78 41 1 51 45 59 66 20 18 35 77 24 22 33 36 5 49,heads,regular,1
2022-12-10T23:09:00Z,299,40 16 12 76 75 71 56 37 20 23 8 45 39 17 54 10 48 80 78 38,heads,regular,2
2022-12-10T23:12:00Z,300,69 46 55 56 23 2 32 6 40 74 54 52 21 14 16 10 20 72 80 28,heads,regular,3
2022-12-10T23:15:00Z,301,5 32 40 69 7 4 48 25 2 71 49 53 16 35 6 74 29 19 26 21,heads,regular,3
2022-12-10T23:18:00Z,302,19 55 8 17 30 77 51 7 65 21 48 66 39 42 18 76 1 40 38 26,heads,regular,3
2022-12-10T23:21:00Z,303,6 27 68 72 25 49 77 57 28 30 59 74 66 16 55 33 24 80 11 70,tails,regular,10
2022-12-10T23:24:00Z,305,63 55 2 11 36 79 52 30 34 18 6 77 28 23 74 10 9 46 16 59,heads,regular,1
2022-12-10T23:27:00Z,306,37 70 44 55 40 65 49 4 47 2 71 17 61 23 54 31 28 38 69 11,evens,regular,3
2022-12-10T23:30:00Z,307,57 44 59 22 20 10 58 26 52 63 51 74 67 4 37 23 69 19 13 33,evens,regular,2
2022-12-10T23:33:00Z,308,30 36 3 27 10 75 13 65 37 64 47 1 7 79 26 57 19 49 51 50,heads,major,1
2022-12-10T23:36:00Z,309,67 14 56 25 15 80 33 70 53 59 8 65 36 11 27 75 24 17 66 5,heads,major,2
2022-12-10T23:39:00Z,310,50 79 6 4 45 43 72 5 48 38 69 34 62 30 55 1 36 49 67 53,tails,regular,2
2022-12-10T23:42:00Z,311,65 77 16 15 26 53 2 43 27 3 57 73 21 51 30 62 55 47 49 39,tails,minor,2
2022-12-10T23:45:00Z,312,26 22 65 1 35 75 10 42 47 15 44 71 2 6 76 25 13 73 39 40,heads,minor,5
2022-12-10T23:48:00Z,314,29 8 75 65 23 77 25 57 40 18 66 30 1 10 27 64 67 70 41 6,heads,regular,3
2022-12-10T23:51:00Z,315,65 80 26 38 49 36 78 67 72 30 62 13 7 71 3 60 11 50 39 57,tails,major,1
2022-12-10T23:54:00Z,316,8 49 69 21 12 50 34 70 48 23 57 58 76 78 17 14 2 46 44 61,tails,regular,1
2022-12-10T23:57:00Z,317,67 74 29 11 34 38 30 60 4 71 28 56 35 80 69 44 78 64 2 16,evens,major,1
2022-12-11T00:00:00Z,318,9 57 69 6 76 2 38 79 62 80 14 73 29 21 49 58 25 43 18 53,tails,regular,1
2022-12-11T00:03:00Z,319,67 44 62 34 5 3 70 8 57 10 4 29 36 45 35 80 39 28 51 72,heads,regular,3
2022-12-11T00:06:00Z,320,77 75 65 72 45 19 50 57 25 37 31 46 42 69 51 66 15 70 62 76,tails,regular,1
2022-12-11T00:09:00Z,321,47 59 17 14 70 1 79 25 78 35 46 4 80 2 10 27 39 69 60 26,heads,major,1
2022-12-11T00:12:00Z,323,26 28 66 18 48 14 35 42 39 5 65 63 21 77 62 29 44 73 16 32,heads,regular,2
2022-12-11T00:15:00Z,324,51 73 44 13 11 1 39 61 35 21 58 3 33 63 43 2 64 40 7 29,heads,regular,1
2022-12-11T00:18:00Z,325,74 79 10 29 2 63 31 5 16 1 68 64 17 55 65 15 48 28 58 14,heads,minor,2
2022-12-11T00:21:00Z,326,50 79 36 51 76 58 49 24 31 34 32 44 13 41 59 35 66 62 30 4,tails,minor,1
2022-12-11T00:24:00Z,327,45 5 64 60 12 23 57 39 46 21 42 29 48 6 2 68 41 19 47 20,evens,regular,1
2022-12-11T00:27:00Z,328,28 71 29 35 23 27 46 40 42 58 37 12 64 55 44 50 4 80 62 3,evens,regular,2
2022-12-11T00:30:00Z,329,12 30 46 7 68 4 15 80 41 35 53 70 31 52 64 54 43 18 57 9,tails,regular,1
2022-12-11T00:33:00Z,330,9 58 37 22 79 18 14 42 19 73 17 63 43 23 76 6 61 5 46 39,heads,regular,3
2022-12-11T00:36:00Z,332,18 23 79 26 38 44 31 17 52 5 65 2 16 3 54 55 15 9 58 74,heads,regular,10
2022-12-11T00:39:00Z,333,74 61 63 52 13 79 20 3 65 42 19 26 69 49 25 10 22 37 38 31,heads,regular,2
2022-12-11T00:42:00Z,334,79 69 26 8 36 34 15 72 30 67 51 17 49 58 60 24 57 47 73 46,tails,regular,3
2022-12-11T00:45:00Z,335,52 15 54 31 62 50 74 6 48 30 34 78 33 12 22 9 21 27 40 79,heads,regular,2
2022-12-11T00:48:00Z,336,8 75 54 73 19 42 27 11 15 69 1 22 30 40 43 3 79 14 80 24,heads,regular,3
2022-12-11T00:51:00Z,337,18 65 9 79 27 56 63 3 78 61 21 72 5 15 23 10 77 26 54 24,heads,regular,1
2022-12-11T00:54:00Z,338,39 25 35 75 20 38 55 23 58 67 79 1 66 5 76 10 11 73 40 4,heads,regular,1
2022-12-11T00:57:00Z,339,14 39 7 65 50 74 64 79 20 18 19 61 5 4 63 51 57 1 42 70,tails,regular,2
2022-12-11T01:00:00Z,341,41 69 3 17 14 68 71 79 33 51 62 16 80 7 76 2 53 47 28 1,tails,regular,1
2022-12-11T01:03:00Z,342,29 20 45 59 33 46 37 80 1 21 64 56 62 19 60 34 13 10 32 9,heads,minor,1
2022-12-11T01:06:00Z,343,8 74 15 53 57 38 51 72 11 23 16 43 39 42 76 1 9 18 36 35,heads,regular,1
2022-12-11T01:09:00Z,344,31 66 4 72 24 47 70 17 11 26 50 30 22 56 63 28 8 34 79 14,heads,regular,2
2022-12-11T01:12:00Z,345,71 17 11 22 62 57 1 10 70 5 65 72 45 44 6 52 48 42 60 16,tails,regular,2
2022-12-11T01:15:00Z,346,78 13 16 36 11 58 57 52 2 30 61 44 42 32 9 15 68 27 1 62,heads,regular,2
2022-12-11T01:18:00Z,347,17 68 38 24 40 10 53 14 63 33 75 5 27 80 19 25 26 42 70 23,heads,regular,2
2022-12-11T01:21:00Z,348,66 34 41 75 77 62 35 80 54 71 25 57 45 2 76 47 78 14 69 40,tails,regular,3
2022-12-11T01:24:00Z,350,13 10 21 28 62 70 79 46 73 45 75 16 35 42 22 55 71 2 40 57,tails,regular,4
2022-12-11T01:27:00Z,351,9 45 22 48 12 63 17 7 8 39 80 3 56 38 34 62 49 52 4 32,heads,major,2
2022-12-11T01:30:00Z,352,4 1 30 61 35 76 47 55 11 56 33 17 78 72 49 7 73 43 42 71,tails,regular,1
2022-12-11T01:33:00Z,353,8 18 63 27 66 13 60 72 73 28 5 80 55 58 11 30 40 10 45 7,heads,minor,4
2022-12-11T01:36:00Z,354,73 42 55 22 15 18 33 64 78 6 1 60 36 51 77 37 16 29 7 26,heads,major,1
2022-12-11T01:39:00Z,355,73 27 1 61 14 68 53 33 19 67 41 60 40 76 7 8 12 72 80 3,evens,regular,1
2022-12-11T01:42:00Z,356,62 28 23 25 10 59 12 8 26 61 5 2 65 1 14 6 76 31 11 42,heads,regular,2
2022-12-11T01:45:00Z,357,34 60 66 74 33 12 36 3 56 42 30 62 80 26 77 68 48 31 37 64,tails,regular,1
2022-12-11T01:48:00Z,359,64 58 6 17 25 11 60 29 23 37 67 57 59 54 1 44 55 40 56 28,evens,regular,2
2022-12-11T01:51:00Z,360,22 8 49 50 5 67 74 55 37 73 52 42 75 39 70 57 23 53 11 40,tails,regular,1
2022-12-11T01:54:00Z,361,16 10 15 25 22 65 58 14 35 3 45 64 68 18 50 13 43 71 34 70,heads,minor,3
2022-12-11T01:57:00Z,362,5 61 27 56 1 42 44 71 69 14 10 20 76 49 54 4 78 13 39 30,evens,minor,3
2022-12-11T02:00:00Z,363,16 59 69 36 18 74 10 72 7 3 4 14 22 73 65 32 78 20 17 5,heads,regular,1
2022-12-11T02:03:00Z,364,10 39 50 14 20 47 33 31 17 78 2 51 63 74 80 79 60 28 15 11,heads,minor,1
2022-12-11T02:06:00Z,365,78 5 43 51 1 70 73 72 24 20 25 45 41 6 52 77 28 22 53 65,tails,major,4
2022-12-11T02:09:00Z,366,46 9 2 71 67 62 72 23 38 43 15 30 27 70 4 11 77 63 56 78,tails,regular,2
2022-12-11T02:12:00Z,368,25 24 28 64 21 19 59 56 43 70 15 58 22 49 53 27 55 78 18 4,evens,major,1
2022-12-11T02:15:00Z,369,66 16 36 37 27 6 61 9 38 23 58 56 35 49 53 17 4 59 30 71,heads,minor,1
2022-12-11T02:18:00Z,370,45 77 56 47 71 28 62 78 53 65 46 24 70 10 68 79 16 4 67 26,tails,regular,1
2022-12-11T02:21:00Z,371,12 2 18 16 21 64 60 17 53 6 41 34 22 14 74 35 68 67 27 71,heads,major,1
2022-12-11T02:24:00Z,372,48 57 77 72 46 74 17 64 27 3 6 65 80 29 38 40 47 12 68 20,tails,major,1
2022-12-11T02:27:00Z,373,40 49 69 43 16 63 3 67 5 78 2 61 6 71 54 30 65 76 45 68,tails,major,1
2022-12-11T02:30:00Z,374,10 49 80 28 24 33 22 6 61 36 15 25 57 55 34 37 48 35 26 45,heads,regular,3
2022-12-11T02:33:00Z,375,66 50 77 18 54 33 1 63 5 7 58 19 60 79 68 16 10 4 74 40,evens,minor,1
2022-12-11T02:36:00Z,377,42 54 17 3 2 63 4 74 39 19 34 56 51 59 49 12 47 33 52 24,evens,regular,2
2022-12-11T02:39:00Z,378,23 42 73 64 19 32 65 11 67 31 60 9 40 69 41 38 6 16 27 10,heads,major,1
2022-12-11T02:42:00Z,379,29 77 57 25 75 61 39 40 20 62 46 12 74 60 7 47 53 3 64 31,tails,regular,2
2022-12-11T02:45:00Z,380,57 32 36 34 43 15 39 3 65 2 66 10 33 23 21 55 19 1 4 53,heads,regular,1
2022-12-11T02:48:00Z,381,78 2 36 61 1 5 60 33 46 7 27 34 11 15 52 59 55 23 32 57,heads,regular,1
2022-12-11T02:51:00Z,382,77 42 2 59 23 72 60 26 50 68 30 57 33 80 49 9 20 21 70 41,tails,minor,2
2022-12-11T02:54:00Z,383,26 49 76 15 14 60 42 48 53 11 34 19 43 23 28 50 79 44 12 33,evens,regular,1
2022-12-11T02:57:00Z,384,80 69 31 23 25 53 57 19 50 8 76 74 43 72 38 45 68 34 55 63,tails,regular,2
2022-12-11T03:00:00Z,386,41 53 65 59 28 42 58 17 78 30 79 68 11 56 51 26 50 38 73 25,tails,regular,2
2022-12-11T03:03:00Z,387,9 41 50 59 18 77 40 63 16 42 6 71 46 73 22 45 56 10 49 35,tails,regular,1
2022-12-11T03:06:00Z,388,38 33 47 66 39 34 42 11 58 31 78 10 21 57 52 63 80 46 53 56,tails,regular,5
2022-12-11T03:09:00Z,389,34 11 8 10 44 65 64 14 16 50 73 48 6 74 78 54 22 72 13 7,evens,minor,3
2022-12-11T03:12:00Z,390,57 4 25 42 69 13 52 72 31 74 23 70 39 54 19 76 38 77 9 49,tails,major,1
2022-12-11T03:15:00Z,391,41 22 76 53 64 69 71 67 74 15 49 37 80 72 7 68 25 42 20 39,tails,minor,3
2022-12-11T03:18:00Z,392,68 66 52 19 72 44 36 58 13 27 71 50 4 18 48 46 5 9 22 25,evens,regular,2
2022-12-11T03:21:00Z,393,24 29 6 30 51 8 76 68 4 31 75 11 54 15 22 49 69 41 14 12,heads,regular,3
2022-12-11T03:24:00Z,395,20 33 53 17 65 18 77 52 11 76 70 71 15 44 59 23 55 6 7 72,tails,minor,2
2022-12-11T03:27:00Z,396,17 80 4 9 18 7 36 14 16 49 63 56 78 74 25 33 71 31 41 12,heads,regular,2
2022-12-11T03:30:00Z,397,42 59 62 77 18 48 8 25 46 69 37 68 79 29 44 4 23 31 56 16,tails,regular,3
2022-12-11T03:33:00Z,398,63 40 31 74 16 14 17 25 6 58 1 30 77 51 42 60 9 49 76 55,evens,regular,3
2022-12-11T03:36:00Z,399,59 55 70 37 50 32 49 63 27 23 58 62 7 30 61 9 42 36 33 28,evens,regular,1
2022-12-11T03:39:00Z,400,59 75 64 41 20 26 55 69 18 15 76 66 9 51 61 30 31 62 23 50,tails,regular,1
2022-12-11T03:42:00Z,401,35 40 80 72 45 28 18 69 65 22 60 31 17 56 12 71 47 50 13 8,evens,regular,2
2022-12-11T03:45:00Z,402,32 68 49 18 30 51 37 36 5 61 79 12 54 2 66 11 26 73 77 45,evens,minor,1
2022-12-11T03:48:00Z,404,3 50 67 43 9 10 60 2 55 24 19 65 42 51 49 70 30 48 6 17,tails,regular,3
2022-12-11T03:51:00Z,405,10 74 26 73 66 30 48 62 45 21 17 71 18 77 80 70 61 43 38 12,tails,regular,1
2022-12-11T03:54:00Z,406,24 64 46 75 57 69 35 80 17 53 68 11 77 48 52 39 25 55 67 9,tails,regular,10
2022-12-11T03:57:00Z,407,33 12 53 52 69 78 17 38 24 51 65 8 63 22 60 73 74 15 29 2,evens,regular,4
2022-12-11T04:00:00Z,408,43 78 29 63 56 9 39 66 3 13 23 64 68 16 76 33 71 77 53 73,tails,major,3
2022-12-11T04:03:00Z,409,3 11 63 12 68 13 61 41 34 74 54 17 65 69 60 26 58 16 29 22,evens,regular,3
2022-12-11T04:06:00Z,410,44 20 27 39 68 34 67 73 14 66 58 22 10 21 54 42 45 15 3 31,heads,regular,2
2022-12-11T04:09:00Z,411,67 19 77 34 17 61 68 55 5 36 42 65 28 71 62 3 21 30 66 51,tails,regular,2
2022-12-11T04:12:00Z,413,41 55 40 53 19 38 17 22 29 73 71 42 14 31 35 32 69 52 33 5,heads,regular,2
2022-12-11T04:15:00Z,414,56 13 65 75 3 40 55 35 27 48 68 61 44 51 21 19 45 31 69 18,tails,minor,2
2022-12-11T04:18:00Z,415,79 41 8 44 13 61 5 30 33 6 54 26 62 37 4 55 23 73 27 63,heads,regular,3
2022-12-11T04:21:00Z,416,74 70 78 29 44 13 1 72 68 58 45 20 53 28 10 40 61 34 77 32,tails,minor,1
2022-12-11T04:24:00Z,417,76 38 17 61 48 2 71 12 23 32 51 22 14 33 18 4 35 16 7 15,heads,minor,1
2022-12-11T04:27:00Z,418,57 17 54 69 18 34 21 12 14 53 28 76 13 5 9 43 44 20 50 27,heads,minor,1
2022-12-11T04:30:00Z,419,4 73 15 5 70 67 51 33 78 46 24 58 43 18 38 42 69 80 34 40,tails,regular,1
2022-12-11T04:33:00Z,420,52 37 8 58 41 80 39 46 29 73 2 64 67 40 3 50 21 49 28 38,evens,regular,2
2022-12-11T04:36:00Z,422,80 55 58 8 16 46 19 73 10 1 40 65 20 54 5 74 30 68 59 66,tails,minor,1
2022-12-11T04:39:00Z,423,71 53 33 51 45 17 35 57 29 20 42 39 61 31 38 19 78 18 7 43,heads,minor,3
2022-12-11T04:42:00Z,424,65 68 17 24 28 62 26 19 61 71 11 27 22 45 59 4 29 7 69 31,heads,minor,3
2022-12-11T04:45:00Z,425,74 76 28 10 32 73 71 39 63 25 13 57 19 48 5 18 66 3 34 1,heads,regular,1
2022-12-11T04:48:00Z,426,47 76 80 5 12 50 70 58 20 14 30 21 26 11 59 72 66 42 28 3,evens,minor,4
2022-12-11T04:51:00Z,427,3 12 52 11 1 47 23 40 34 29 8 67 14 78 50 21 16 46 49 18,heads,minor,3
2022-12-11T04:54:00Z,428,20 13 38 10 4 75 42 21 50 78 15 73 53 17 36 57 67 3 33 26,heads,regular,2
2022-12-11T04:57:00Z,429,1 77 41 49 22 60 23 20 26 40 9 16 8 14 70 39 52 43 21 13,heads,regular,2
2022-12-11T05:00:00Z,431,70 34 44 19 69 31 53 12 52 64 67 40 36 11 80 25 63 35 72 78,tails,minor,3
2022-12-11T05:03:00Z,432,9 34 72 10 5 24 57 63 31 7 1 67 38 69 79 50 68 37 27 59,heads,regular,1
2022-12-11T05:06:00Z,433,71 26 36 22 32 24 35 49 61 39 73 55 46 41 13 15 47 18 72 63,evens,regular,4
2022-12-11T05:09:00Z,434,2 40 8 70 67 47 49 30 58 29 73 51 33 37 21 52 55 46 74 50,tails,minor,1
2022-12-11T05:12:00Z,435,6 48 62 14 59 36 7 13 74 32 58 44 49 46 53 39 27 69 8 2,evens,major,1
2022-12-11T05:15:00Z,436,7 36 60 32 23 20 12 58 38 78 24 74 41 57 30 59 14 16 46 28,heads,regular,2
2022-12-11T05:18:00Z,437,42 32 69 47 48 29 8 55 13 72 46 26 22 68 53 4 43 5 37 74,tails,minor,1
2022-12-11T05:21:00Z,438,1 64 76 53 68 43 63 28 25 80 60 42 29 3 57 4 13 20 6 7,evens,minor,2
2022-12-11T05:24:00Z,440,46 8 77 69 25 51 61 33 63 62 40 37 65 9 15 5 13 34 72 31,heads,regular,3
2022-12-11T05:27:00Z,441,65 7 17 49 6 57 64 46 61 63 30 20 56 40 9 66 27 4 14 45,evens,major,1
2022-12-11T05:30:00Z,442,69 65 46 20 5 52 31 56 10 43 37 75 1 80 27 57 32 71 48 58,tails,regular,1
2022-12-11T05:33:00Z,443,67 74 71 58 60 68 6 75 42 24 57 8 19 54 37 21 39 10 22 14,evens,minor,3
2022-12-11T05:36:00Z,444,45 74 48 23 9 1 24 31 76 51 28 62 18 38 40 54 52 77 7 50,evens,minor,1
2022-12-11T05:39:00Z,445,24 32 30 21 80 9 25 52 44 8 45 67 69 10 77 76 56 18 37 49,evens,minor,3
2022-12-11T05:42:00Z,446,7 20 56 62 30 78 37 80 34 39 75 67 68 53 50 66 60 79 4 74,tails,minor,1
2022-12-11T05:45:00Z,447,39 35 12 61 29 3 38 40 46 75 52 55 57 43 62 23 2 74 33 15,heads,regular,3
2022-12-11T05:48:00Z,449,45 26 51 41 19 12 32 34 2 55 71 31 76 25 15 14 46 7 9 66,heads,regular,1
2022-12-11T05:51:00Z,450,74 48 25 23 22 16 34 27 5 36 11 3 63 44 71 45 52 54 17 60,heads,minor,1
2022-12-11T05:54:00Z,451,39 54 77 53 38 79 40 69 51 72 48 80 8 22 21 64 3 17 57 43,tails,major,2
2022-12-11T05:57:00Z,452,2 32 18 46 26 48 1 45 66 30 15 21 41 75 80 64 14 39 59 7,heads,regular,3
2022-12-11T06:00:00Z,453,51 42 2 30 58 11 63 45 46 80 74 52 24 44 57 67 69 32 54 77,tails,regular,1
2022-12-11T06:03:00Z,454,15 80 69 73 44 17 57 2 74 9 66 14 27 79 42 16 46 47 71 26,tails,minor,1
2022-12-11T06:06:00Z,455,3 62 55 40 2 4 29 14 7 32 70 54 23 6 79 43 5 21 39 68,heads,regular,1
2022-12-11T06:09:00Z,456,2 69 57 52 24 4 32 12 14 43 79 27 78 13 49 38 3 56 31 58,heads,regular,1
2022-12-11T06:12:00Z,458,7 31 41 55 22 8 67 37 77 19 18 56 68 74 71 35 25 50 61 11,evens,regular,3
2022-12-11T06:15:00Z,459,36 57 11 21 42 19 1 55 69 71 22 31 2 32 50 54 26 37 9 12,heads,regular,1
2022-12-11T06:18:00Z,460,35 50 60 19 41 80 52 20 64 16 31 18 11 70 69 71 78 59 46 53,tails,regular,1
2022-12-11T06:21:00Z,461,8 50 6 1 33 54 5 77 74 30 11 7 73 17 61 24 23 29 35 32,heads,regular,3
2022-12-11T06:24:00Z,462,24 2 72 17 54 79 43 14 59 13 48 80 77 71 16 7 56 62 67 10,tails,minor,2
2022-12-11T06:27:00Z,463,6 34 37 2 31 70 57 77 11 80 38 55 39 59 13 40 14 62 54 21,heads,regular,1
2022-12-11T06:30:00Z,464,60 14 4 58 13 55 49 35 23 71 47 15 20 62 48 66 67 30 80 3,tails,regular,1
2022-12-11T06:33:00Z,465,42 4 18 15 16 63 35 61 39 44 62 9 79 48 76 21 22 58 51 24,evens,minor,3
2022-12-11T06:36:00Z,467,26 25 48 51 18 66 40 56 50 39 76 29 67 36 42 57 61 12 55 6,tails,regular,2
2022-12-11T06:39:00Z,468,18 27 32 20 47 73 23 48 5 66 39 13 10 63 30 34 37 1 40 43,heads,regular,1
2022-12-11T06:42:00Z,469,77 51 66 56 40 32 46 2 44 79 60 6 5 31 29 45 21 13 24 23,heads,regular,3
2022-12-11T06:45:00Z,470,3 71 15 27 65 59 68 43 41 79 47 52 46 45 9 33 75 23 54 7,tails,regular,4
2022-12-11T06:48:00Z,471,24 20 11 16 69 2 27 61 49 35 3 41 9 56 76 38 12 74 58 63,heads,regular,3
2022-12-11T06:51:00Z,472,25 22 51 53 44 70 74 32 59 45 37 67 13 48 78 60 72 65 42 80,tails,major,1
2022-12-11T06:54:00Z,473,52 26 57 53 28 24 51 2 72 32 40 22 34 73 10 67 38 79 69 76,evens,regular,1
2022-12-11T06:57:00Z,474,41 58 75 26 1 66 8 39 53 80 64 32 15 27 25 22 42 76 34 10,heads,regular,3
2022-12-11T07:00:00Z,476,72 9 46 71 18 65 41 16 53 12 47 51 35 49 31 64 43 68 60 8,tails,regular,3
2022-12-11T07:03:00Z,477,32 20 60 30 67 33 75 6 69 19 58 71 2 57 28 36 22 24 62 65,heads,regular,2
2022-12-11T07:06:00Z,478,52 38 25 4 79 60 80 67 47 16 6 43 24 15 72 2 14 30 71 12,heads,regular,3
2022-12-11T07:09:00Z,479,65 66 67 77 57 20 63 74 1 27 19 9 23 7 36 30 44 24 59 32,heads,regular,1
2022-12-11T07:12:00Z,480,80 3 49 43 37 41 1 23 68 79 75 8 59 39 6 73 13 25 32 18,heads,minor,4
2022-12-11T07:15:00Z,481,49 6 50 33 74 5 2 57 8 71 62 1 3 32 79 34 48 66 36 17,heads,regular,1
2022-12-11T07:18:00Z,482,28 62 10 74 34 43 27 16 15 75 49 56 23 54 1 69 47 52 7 39,evens,minor,2
2022-12-11T07:21:00Z,483,73 25 77 26 72 2 58 51 37 67 15 53 49 61 54 16 14 7 32 57,tails,regular,2
2022-12-11T07:24:00Z,485,7 23 13 31 33 39 42 6 64 54 55 49 32 77 74 45 63 27 68 60,tails,regular,4
2022-12-11T07:27:00Z,486,4 31 5 75 10 65 23 6 44 59 40 50 52 15 8 13 30 68 17 29,heads,regular,2
2022-12-11T07:30:00Z,487,10 75 55 49 61 38 13 25 44 63 26 76 11 23 24 52 68 21 50 8,evens,regular,1
2022-12-11T07:33:00Z,488,73 34 25 30 32 51 37 19 9 13 33 41 11 42 22 56 24 1 74 35,heads,major,3
2022-12-11T07:36:00Z,489,59 2 42 29 24 56 33 31 53 49 12 18 71 68 67 11 47 5 20 45,evens,minor,2
2022-12-11T07:39:00Z,490,11 70 45 27 23 63 56 68 77 54 8 31 80 35 78 52 71 12 21 25,tails,minor,1
2022-12-11T07:42:00Z,491,43 67 68 3 1 58 39 49 5 36 70 29 20 76 17 24 16 46 34 79,heads,regular,2
2022-12-11T07:45:00Z,492,25 4 74 69 47 57 7 51 55 61 49 79 52 70 77 45 46 63 9 62,tails,regular,1
2022-12-11T07:48:00Z,494,32 34 25 1 47 70 60 24 65 76 9 20 49 42 71 26 78 48 6 54,tails,regular,1
2022-12-11T07:51:00Z,495,66 14 3 54 8 32 7 21 11 63 31 78 59 73 52 16 61 22 49 38,heads,regular,4
2022-12-11T07:54:00Z,496,57 18 23 17 44 59 60 62 71 11 56 7 58 76 66 28 53 49 73 16,tails,regular,3
2022-12-11T07:57:00Z,497,57 35 25 54 47 15 30 51 13 21 61 67 46 60 26 74 45 39 5 38,evens,major,3
2022-12-11T08:00:00Z,498,31 57 60 9 68 62 10 15 22 30 49 25 67 5 80 13 63 7 43 29,heads,minor,3
2022-12-11T08:03:00Z,499,70 68 73 58 80 28 17 75 29 16 22 63 15 61 12 40 52 3 25 65,evens,major,3
2022-12-11T08:06:00Z,500,52 48 67 68 73 75 63 57 27 26 45 54 41 9 58 69 11 20 56 14,tails,regular,2
2022-12-11T08:09:00Z,501,20 7 45 69 68 22 64 79 38 16 5 51 17 26 10 35 76 34 77 70,heads,minor,3
2022-12-11T08:12:00Z,503,71 50 38 59 4 56 16 37 18 45 17 41 32 1 63 65 30 49 11 44,evens,regular,1
2022-12-11T08:15:00Z,504,69 65 28 75 44 34 37 54 13 53 45 40 46 43 70 25 24 10 27 32,evens,regular,1
2022-12-11T08:18:00Z,505,77 10 47 44 38 40 27 17 74 65 49 70 42 26 4 53 58 57 21 75,tails,regular,3
2022-12-11T08:21:00Z,506,54 33 11 22 64 21 59 30 34 68 77 55 8 23 37 18 45 4 41 56,heads,minor,2
2022-12-11T08:24:00Z,507,14 72 22 62 59 43 26 7 37 77 69 46 78 2 12 20 53 11 60 70,tails,regular,2
2022-12-11T08:27:00Z,508,10 24 72 69 44 29 47 39 76 55 26 22 48 6 50 54 40 21 8 49,evens,regular,1
2022-12-11T08:30:00Z,509,65 20 3 10 23 24 37 64 14 70 43 45 21 63 16 28 54 39 33 7,heads,minor,3
2022-12-11T08:33:00Z,510,78 36 17 73 9 72 39 12 61 11 33 37 15 27 67 35 58 79 41 26,heads,minor,3
2022-12-11T08:36:00Z,512,45 13 3 70 32 67 34 14 71 17 65 59 60 41 68 15 30 43 25 9,evens,minor,2
2022-12-11T08:39:00Z,513,3 24 9 52 71 31 23 58 78 17 55 63 70 14 77 66 35 60 59 38,tails,regular,1
2022-12-11T08:42:00Z,514,79 57 60 35 2 63 14 64 5 43 27 11 71 38 74 44 42 62 25 56,tails,major,3
2022-12-11T08:45:00Z,515,4 55 17 46 38 36 77 75 74 3 24 2 49 59 37 67 15 48 9 68,evens,regular,2
2022-12-11T08:48:00Z,516,60 53 2 39 59 12 72 73 61 18 29 16 69 47 13 41 27 70 24 26,evens,minor,2
2022-12-11T08:51:00Z,517,35 29 43 40 16 17 56 49 7 69 34 2 63 67 42 20 8 13 19 74,heads,minor,2
2022-12-11T08:54:00Z,518,16 23 43 24 21 25 22 30 57 2 39 64 41 1 26 55 53 4 80 69,heads,regular,1
2022-12-11T08:57:00Z,519,58 74 1 39 30 33 10 52 32 72 2 65 69 53 36 4 38 77 73 34,heads,regular,1
2022-12-11T09:00:00Z,521,13 41 56 31 24 76 11 12 46 71 79 49 28 22 57 78 3 20 65 35,evens,regular,2
2022-12-11T09:03:00Z,522,76 67 59 62 48 72 79 71 12 41 5 24 6 80 52 32 7 8 45 10,tails,minor,3
2022-12-11T09:06:00Z,523,54 35 9 36 57 60 21 37 53 3 70 39 65 20 33 77 5 55 63 17,heads,major,3
2022-12-11T09:09:00Z,524,75 9 66 48 60 39 17 72 52 51 37 4 3 28 42 25 23 21 8 78,heads,regular,4
2022-12-11T09:12:00Z,525,58 74 56 79 41 34 1 51 69 9 53 33 3 80 37 47 75 4 72 48,tails,regular,3
2022-12-11T09:15:00Z,526,55 17 14 22 24 43 36 21 40 60 31 47 75 64 77 69 27 78 63 6,evens,major,1
2022-12-11T09:18:00Z,527,51 7 43 4 18 41 67 28 35 50 72 40 5 69 36 30 61 20 38 57,heads,minor,4
2022-12-11T09:21:00Z,528,46 48 59 78 9 41 53 8 70 26 7 38 51 63 43 61 4 47 18 40,tails,regular,2
2022-12-11T09:24:00Z,530,35 18 25 52 58 70 63 5 57 12 53 36 75 56 30 7 8 62 41 9,evens,minor,4
2022-12-11T09:27:00Z,531,50 27 32 60 63 21 42 77 31 23 1 7 12 57 64 4 53 5 48 79,evens,regular,3
2022-12-11T09:30:00Z,532,22 10 76 6 32 9 61 65 21 20 35 12 37 29 23 3 5 46 78 66,heads,regular,1
2022-12-11T09:33:00Z,533,16 49 52 36 59 31 77 48 64 42 34 11 80 46 41 39 54 5 71 30,tails,regular,2
2022-12-11T09:36:00Z,534,80 18 66 51 68 57 74 9 60 27 58 2 33 13 3 5 63 24 34 61,evens,major,2
2022-12-11T09:39:00Z,535,4 39 20 69 19 8 32 64 17 61 47 11 10 40 73 35 77 45 53 33,heads,regular,3
2022-12-11T09:42:00Z,536,36 17 32 46 15 28 39 1 67 47 74 64 60 49 4 53 62 8 2 5,heads,minor,1
2022-12-11T09:45:00Z,537,12 29 1 9 37 16 51 39 64 57 31 77 14 78 73 27 52 13 45 7,heads,regular,1
2022-12-11T09:48:00Z,539,56 6 53 43 54 37 49 32 46 27 51 62 31 11 4 47 40 24 14 58,evens,minor,3
2022-12-11T09:51:00Z,540,45 36 22 6 77 10 21 29 3 19 62 9 57 31 35 25 32 63 5 28,heads,regular,1
2022-12-11T09:54:00Z,541,25 12 67 56 60 46 23 44 43 32 37 6 24 74 21 29 20 18 11 61,heads,minor,1
2022-12-11T09:57:00Z,542,8 7 50 44 30 34 52 35 41 75 65 77 33 60 42 5 64 58 56 10,tails,regular,2
2022-12-11T10:00:00Z,543,52 70 67 15 57 8 12 53 27 48 62 40 60 18 80 56 26 4 73 66,tails,regular,3
2022-12-11T10:03:00Z,544,40 47 2 5 59 48 27 38 12 1 13 65 29 7 55 69 35 39 54 11,heads,regular,1
2022-12-11T10:06:00Z,545,65 68 31 41 79 57 3 11 36 50 77 58 40 2 63 16 54 14 76 73,tails,major,1
2022-12-11T10:09:00Z,546,25 73 33 7 48 2 20 30 1 21 16 77 76 53 10 55 15 38 31 36,heads,minor,3
2022-12-11T10:12:00Z,548,40 35 6 5 27 76 31 10 21 51 49 11 80 74 68 45 38 59 62 4,heads,regular,1
2022-12-11T10:15:00Z,549,29 21 38 41 46 64 25 6 55 72 36 22 10 31 33 65 43 48 27 32,heads,regular,3
2022-12-11T10:18:00Z,550,39 1 75 11 40 71 29 8 76 24 63 32 4 2 37 35 44 5 50 73,heads,regular,1
2022-12-11T10:21:00Z,551,14 25 71 64 24 44 67 65 73 72 19 38 41 35 12 30 16 27 47 37,heads,regular,3
2022-12-11T10:24:00Z,552,68 51 33 24 38 35 27 58 14 4 80 65 44 6 2 9 67 50 43 17,heads,regular,2
2022-12-11T10:27:00Z,553,67 1 63 34 57 3 28 33 29 25 73 49 46 77 62 41 18 47 5 12,evens,regular,3
2022-12-11T10:30:00Z,554,18 23 50 62 10 20 15 41 44 43 25 29 56 11 26 32 55 38 78 3,heads,minor,3
2022-12-11T10:33:00Z,555,10 35 33 19 54 66 36 30 79 73 15 71 14 17 28 42 39 20 52 21,heads,regular,5
2022-12-11T10:36:00Z,557,69 63 51 21 66 60 14 42 20 40 19 2 17 71 3 30 16 48 52 55,evens,regular,1
2022-12-11T10:39:00Z,558,80 16 21 40 65 63 1 8 35 74 24 50 75 69 77 66 37 29 25 18,heads,regular,1
2022-12-11T10:42:00Z,559,7 28 74 2 17 22 65 69 44 62 4 58 40 49 10 39 73 77 57 52,tails,regular,2
2022-12-11T10:45:00Z,560,51 63 57 32 8 5 15 49 45 75 36 39 18 2 12 30 62 7 40 29,heads,regular,3
2022-12-11T10:48:00Z,561,9 67 61 31 45 15 75 21 17 13 11 78 57 22 51 7 50 65 68 52,tails,regular,1
2022-12-11T10:51:00Z,562,54 30 6 7 38 9 35 8 62 44 68 17 51 5 25 15 20 32 76 14,heads,minor,1
2022-12-11T10:54:00Z,563,9 3 16 2 80 76 39 22 45 59 29 7 1 42 51 17 71 4 65 24,heads,major,3
2022-12-11T10:57:00Z,564,40 56 68 28 34 60 30 76 47 24 80 51 6 73 25 18 45 38 2 50,evens,major,4
2022-12-11T11:00:00Z,566,17 75 21 74 70 6 64 27 54 50 72 37 14 73 38 13 7 25 49 42,evens,regular,1
2022-12-11T11:03:00Z,567,20 59 9 23 45 24 5 43 70 35 47 49 2 65 38 21 7 58 46 51,evens,regular,1
2022-12-11T11:06:00Z,568,67 50 73 52 56 65 31 23 29 53 2 18 48 1 36 7 57 64 66 75,tails,regular,1
2022-12-11T11:09:00Z,569,74 4 18 80 6 38 17 56 27 36 61 21 76 52 26 14 28 42 59 55,heads,minor,4
2022-12-11T11:12:00Z,570,2 36 44 79 76 24 47 68 80 67 3 29 53 27 8 56 46 58 23 52,tails,regular,2
2022-12-11T11:15:00Z,571,47 37 8 14 75 25 70 43 77 38 45 11 61 48 34 76 15 56 16 23,evens,regular,2
2022-12-11T11:18:00Z,572,65 13 38 26 75 4 15 73 61 77 60 8 39 62 28 56 74 41 76 42,tails,regular,2
2022-12-11T11:21:00Z,573,76 2 36 11 74 7 25 72 60 65 32 4 16 28 68 52 71 41 19 55,evens,minor,2
2022-12-11T11:24:00Z,575,28 8 59 42 1 16 56 26 51 22 77 12 50 53 40 37 64 43 23 68,evens,regular,2
2022-12-11T11:27:00Z,576,30 46 21 76 63 77 47 53 23 27 3 60 8 6 55 24 26 12 16 29,heads,regular,2
2022-12-11T11:30:00Z,577,58 51 75 7 8 18 25 32 35 19 20 28 26 3 48 9 46 2 79 12,heads,minor,2
2022-12-11T11:33:00Z,578,36 11 55 16 26 14 68 30 61 10 17 71 44 19 39 53 29 65 41 58,heads,minor,3
2022-12-11T11:36:00Z,579,41 68 74 62 35 18 20 6 23 65 38 67 59 33 22 56 71 2 76 31,evens,regular,3
2022-12-11T11:39:00Z,580,19 61 22 72 51 2 52 26 39 80 38 75 23 29 25 50 7 47 5 63,heads,regular,1
2022-12-11T11:42:00Z,581,3 72 52 65 60 55 12 57 25 30 16 75 2 47 69 19 32 17 67 27,evens,minor,1
2022-12-11T11:45:00Z,582,26 31 56 8 17 77 36 4 44 68 18 5 19 66 49 28 30 48 24 47,heads,major,2
2022-12-11T11:48:00Z,584,32 50 80 10 21 45 36 56 18 51 74 33 26 58 41 46 70 37 40 3,evens,major,1
2022-12-11T11:51:00Z,585,36 57 64 55 38 17 35 75 6 56 70 40 25 50 22 78 7 8 69 32,heads,regular,2
2022-12-11T11:54:00Z,586,58 33 9 23 13 39 80 6 55 62 48 76 79 56 43 44 50 4 12 27,tails,regular,2
2022-12-11T11:57:00Z,587,58 59 61 29 30 79 36 34 60 38 45 26 72 75 51 20 69 23 54 65,tails,regular,1
2022-12-11T12:00:00Z,588,23 75 28 57 49 38 14 7 65 51 34 18 4 33 11 26 50 19 73 39,heads,regular,2
2022-12-11T12:03:00Z,589,30 60 56 35 1 43 42 52 64 72 66 3 44 79 78 71 62 10 45 19,tails,major,5
2022-12-11T12:06:00Z,590,30 32 77 22 39 17 48 9 25 71 10 58 54 7 50 72 78 51 40 13,heads,regular,2
2022-12-11T12:09:00Z,591,75 28 21 66 22 17 15 61 71 37 34 7 52 56 20 4 51 24 68 58,heads,minor,3
2022-12-11T12:12:00Z,593,46 73 20 22 79 23 45 18 52 31 3 62 70 15 51 66 24 14 44 35,evens,minor,1
2022-12-11T12:15:00Z,594,34 40 16 54 53 10 33 37 67 66 63 7 28 30 27 1 2 50 61 42,heads,minor,10
2022-12-11T12:18:00Z,595,22 30 3 25 80 55 52 71 76 42 58 9 31 36 46 57 43 68 11 40,tails,regular,1
2022-12-11T12:21:00Z,596,16 13 1 32 26 46 40 39 65 67 63 80 52 8 42 33 18 22 43 79,heads,major,1
2022-12-11T12:24:00Z,597,58 3 10 32 49 26 17 66 34 29 79 11 18 8 74 23 7 14 76 59,heads,regular,1
2022-12-11T12:27:00Z,598,33 41 30 3 9 53 21 26 10 77 22 75 6 16 57 29 59 32 2 4,heads,regular,3
2022-12-11T12:30:00Z,599,37 22 78 45 72 27 46 16 61 80 65 42 13 49 1 23 17 24 79 10,evens,regular,1
2022-12-11T12:33:00Z,600,61 11 1 70 8 54 77 29 6 57 53 12 23 49 44 75 4 17 64 18,evens,regular,1
2022-12-11T12:36:00Z,602,44 65 25 49 53 15 62 60 26 77 39 70 46 64 55 36 21 33 34 41,tails,regular,5
2022-12-11T12:39:00Z,603,35 14 21 42 15 46 1 9 60 23 27 79 50 30 67 66 16 28 58 61,heads,minor,3
2022-12-11T12:42:00Z,604,55 45 63 50 9 80 49 61 21 31 78 57 74 10 42 27 41 67 64 14,tails,regular,1
2022-12-11T12:45:00Z,605,79 16 74 67 18 36 14 68 64 35 9 41 76 72 25 45 80 63 5 4,tails,regular,3
2022-12-11T12:48:00Z,606,44 74 51 76 41 47 14 29 75 26 70 4 46 7 35 11 73 61 15 23,tails,regular,2
2022-12-11T12:51:00Z,607,58 78 52 68 53 80 70 32 59 31 19 34 51 60 25 17 23 6 13 46,tails,regular,2
2022-12-11T12:54:00Z,608,4 70 51 23 1 18 73 21 7 16 61 75 37 36 17 49 79 32 48 53,heads,regular,2
2022-12-11T12:57:00Z,609,50 67 2 49 42 28 27 61 66 14 71 30 78 80 16 52 62 54 76 1,tails,regular,1
2022-12-11T13:00:00Z,611,7 6 56 71 41 18 51 47 12 14 46 11 44 61 36 69 65 77 26 52,tails,regular,2
2022-12-11T13:03:00Z,612,49 61 56 7 23 32 40 21 51 59 63 36 50 27 12 28 24 62 48 58,evens,regular,1
2022-12-11T13:06:00Z,613,29 7 49 65 53 56 3 73 27 68 40 21 13 1 2 6 72 18 71 25,heads,regular,5
2022-12-11T13:09:00Z,614,74 67 69 32 76 45 49 23 58 60 68 35 28 50 22 6 36 72 18 64,tails,minor,2
2022-12-11T13:12:00Z,615,42 50 32 68 79 69 48 18 17 11 60 59 39 2 72 30 4 57 66 23,tails,regular,2
2022-12-11T13:15:00Z,616,48 52 65 36 40 23 42 74 46 62 8 39 38 11 17 14 18 64 29 59,heads,major,1
2022-12-11T13:18:00Z,617,62 78 30 63 13 31 47 22 52 74 80 29 48 49 14 79 44 20 53 61,tails,minor,1
2022-12-11T13:21:00Z,618,68 30 20 56 29 16 79 32 41 46 31 60 14 35 37 38 22 59 33 63,heads,major,3
2022-12-11T13:24:00Z,620,18 78 2 54 6 47 61 33 23 17 11 13 26 42 65 43 5 32 75 44,heads,regular,1
2022-12-11T13:27:00Z,621,46 33 73 49 36 8 11 75 13 78 20 72 35 66 26 57 23 65 79 1,evens,regular,1
2022-12-11T13:30:00Z,622,12 55 77 65 72 25 30 14 49 5 31 58 3 21 26 8 28 44 37 51,heads,regular,1
2022-12-11T13:33:00Z,623,49 16 35 9 10 22 60 65 67 17 47 27 40 79 2 41 63 56 37 71,evens,regular,1
2022-12-11T13:36:00Z,624,33 1 8 43 74 59 11 71 42 69 66 32 31 3 37 7 16 79 45 47,evens,regular,3
2022-12-11T13:39:00Z,625,39 29 15 7 12 37 5 69 16 18 49 33 14 63 31 10 26 45 6 52,heads,regular,3
2022-12-11T13:42:00Z,626,19 51 30 41 72 54 21 29 70 28 32 44 80 52 73 26 9 53 6 7,evens,regular,1
2022-12-11T13:45:00Z,627,4 50 60 12 61 17 21 40 2 20 25 74 56 23 48 8 28 37 27 53,heads,regular,1
2022-12-11T13:48:00Z,629,37 41 49 11 14 61 71 46 67 78 34 68 64 28 31 70 53 32 76 20,tails,regular,1
2022-12-11T13:51:00Z,630,21 31 47 69 12 24 72 15 16 40 80 55 27 79 49 78 62 58 39 17,evens,regular,3
2022-12-11T13:54:00Z,631,5 6 13 65 8 21 11 46 26 74 37 32 66 55 71 67 19 47 79 45,evens,minor,1
2022-12-11T13:57:00Z,632,13 78 38 3 33 18 32 37 54 71 22 58 10 27 28 77 63 44 20 11,heads,regular,1
2022-12-11T14:00:00Z,633,35 79 69 36 18 38 15 20 33 26 40 2 7 49 29 37 73 41 19 45,heads,regular,1
2022-12-11T14:03:00Z,634,78 16 58 60 66 65 72 43 80 71 64 79 57 7 25 3 61 50 31 26,tails,minor,3
2022-12-11T14:06:00Z,635,25 30 13 35 77 52 49 74 18 76 69 37 73 79 29 31 56 26 46 68,tails,regular,1
2022-12-11T14:09:00Z,636,66 7 9 76 26 48 4 74 61 44 24 10 54 75 69 6 34 43 15 77,tails,regular,2
2022-12-11T14:12:00Z,638,60 58 61 42 17 52 2 74 63 4 72 11 43 40 50 13 71 22 16 28,tails,regular,3
2022-12-11T14:15:00Z,639,35 3 17 5 41 71 72 39 2 19 16 40 28 14 53 60 8 11 22 56,heads,regular,3
2022-12-11T14:18:00Z,640,55 44 30 74 27 12 25 59 69 32 62 45 17 1 71 3 28 65 9 38,heads,minor,2
2022-12-11T14:21:00Z,641,47 49 24 39 78 5 44 17 28 14 25 18 6 36 52 54 77 66 80 79,evens,regular,4
2022-12-11T14:24:00Z,642,10 12 18 59 8 9 74 37 63 35 58 57 4 61 28 25 23 20 31 29,heads,minor,2
2022-12-11T14:27:00Z,643,31 75 64 12 23 17 33 8 1 6 11 9 27 37 73 57 68 16 28 4,heads,regular,1
2022-12-11T14:30:00Z,644,51 58 25 67 32 4 48 77 64 22 9 35 45 17 75 31 65 33 8 57,evens,minor,10
2022-12-11T14:33:00Z,645,6 55 10 53 13 79 43 57 65 40 16 71 17 73 61 4 32 78 44 5,tails,regular,2
2022-12-11T14:36:00Z,647,71 77 17 76 26 45 59 75 47 24 66 23 80 48 11 16 41 3 27 38,tails,regular,3
2022-12-11T14:39:00Z,648,32 51 33 52 40 36 80 9 13 48 71 15 18 17 44 39 65 25 56 50,heads,regular,3
2022-12-11T14:42:00Z,649,50 34 51 65 69 44 78 17 14 49 5 40 23 55 37 45 9 72 1 7,evens,regular,1
2022-12-11T14:45:00Z,650,45 15 34 35 51 14 33 68 8 6 16 36 80 66 40 56 72 44 2 39,heads,minor,2
2022-12-11T14:48:00Z,651,61 9 24 55 38 80 51 40 42 13 78 12 60 44 11 64 49 69 75 39,tails,major,1
2022-12-11T14:51:00Z,652,53 28 38 9 37 50 22 1 78 2 52 8 12 54 36 70 26 39 5 11,heads,regular,3
2022-12-11T14:54:00Z,653,73 35 6 32 23 29 48 66 4 58 9 10 20 38 33 11 51 52 50 43,heads,regular,1
2022-12-11T14:57:00Z,654,70 64 72 40 24 76 4 6 20 8 53 74 65 42 52 28 49 11 35 50,tails,regular,2
2022-12-11T15:00:00Z,656,7 36 54 19 68 76 35 71 24 13 59 30 6 67 43 31 1 20 66 57,heads,regular,1
2022-12-11T15:03:00Z,657,20 5 70 80 47 2 14 32 8 74 65 30 76 4 31 64 11 7 60 53,heads,regular,2
2022-12-11T15:06:00Z,658,40 18 10 71 47 36 9 8 11 13 58 63 49 4 64 73 25 34 22 55,heads,regular,1
2022-12-11T15:09:00Z,659,46 74 39 2 4 40 30 20 69 65 19 68 22 61 28 66 18 34 7 79,heads,regular,2
2022-12-11T15:12:00Z,660,17 21 2 4 68 36 73 42 5 27 3 12 56 43 40 72 37 57 1 79,heads,regular,1
2022-12-11T15:15:00Z,661,78 17 44 61 42 46 51 72 49 76 67 52 14 60 65 37 24 12 54 13,tails,minor,1
2022-12-11T15:18:00Z,662,31 75 17 27 24 37 59 55 5 56 63 71 43 42 47 1 49 52 74 60,tails,regular,1
2022-12-11T15:21:00Z,663,9 77 36 41 44 35 58 33 54 13 76 48 10 59 66 70 25 80 7 26,tails,regular,3
2022-12-11T15:24:00Z,665,57 63 47 14 60 79 73 26 31 10 70 38 37 34 76 40 4 13 17 53,heads,regular,10
2022-12-11T15:27:00Z,666,70 34 54 77 30 8 25 41 36 76 62 5 24 33 15 64 20 1 80 75,heads,major,4
2022-12-11T15:30:00Z,667,32 9 23 36 2 47 64 42 53 66 73 14 67 70 38 37 80 57 12 71,tails,major,1
2022-12-11T15:33:00Z,668,35 59 38 58 4 18 31 24 21 74 78 57 49 77 47 60 19 51 71 73,tails,regular,1
2022-12-11T15:36:00Z,669,23 57 68 49 41 66 62 2 77 52 71 3 47 48 75 33 76 5 10 40,tails,regular,1
2022-12-11T15:39:00Z,670,4 53 50 80 48 72 44 46 13 47 12 76 22 5 70 26 79 36 66 34,tails,regular,1
2022-12-11T15:42:00Z,671,58 41 72 6 20 53 10 78 23 19 31 32 46 21 68 59 66 42 60 37,tails,regular,10
2022-12-11T15:45:00Z,672,12 41 18 63 71 16 68 32 13 48 74 2 57 1 11 66 50 17 14 24,heads,regular,1
2022-12-11T15:48:00Z,674,78 62 33 71 60 5 14 34 61 35 18 51 67 79 12 65 16 23 2 55,evens,regular,3
2022-12-11T15:51:00Z,675,72 27 50 15 30 38 39 78 64 67 10 75 19 57 49 23 42 16 13 68,evens,regular,1
2022-12-11T15:54:00Z,676,18 61 1 37 30 6 20 4 77 43 79 40 29 41 71 64 74 39 50 51,evens,minor,1
2022-12-11T15:57:00Z,677,48 77 80 74 32 22 12 4 36 56 39 35 47 30 41 16 67 19 24 60,heads,regular,2
2022-12-11T16:00:00Z,678,41 17 63 6 66 38 36 7 65 33 23 19 44 52 5 16 13 15 24 14,heads,regular,3
2022-12-11T16:03:00Z,679,78 57 42 41 63 44 32 21 24 76 47 51 15 45 22 68 7 73 14 36,tails,minor,3
2022-12-11T16:06:00Z,680,9 52 22 57 64 4 77 10 65 74 34 76 53 27 35 32 73 44 54 21,tails,regular,1
2022-12-11T16:09:00Z,681,39 58 59 68 37 56 4 15 69 41 13 34 30 28 36 19 14 2 77 62,heads,regular,3
2022-12-11T16:12:00Z,683,78 60 5 64 70 45 71 17 14 9 48 52 39 61 26 35 40 24 13 32,heads,regular,2
2022-12-11T16:15:00Z,684,59 75 28 57 27 45 2 62 13 55 33 44 17 20 49 38 6 36 32 74,heads,minor,4
2022-12-11T16:18:00Z,685,61 52 53 19 67 24 77 20 48 78 33 60 26 5 7 11 31 56 55 6,evens,regular,1
2022-12-11T16:21:00Z,686,2 42 79 5 63 53 20 31 9 65 4 6 26 36 62 11 78 41 75 12,heads,regular,3
2022-12-11T16:24:00Z,687,62 22 65 58 72 28 67 59 19 8 69 50 54 77 5 35 27 3 75 39,tails,regular,3
2022-12-11T16:27:00Z,688,9 51 36 26 29 27 8 64 16 66 54 48 34 46 39 59 23 72 12 73,heads,regular,1
2022-12-11T16:30:00Z,689,35 47 14 5 28 70 44 3 31 29 50 67 37 20 55 4 34 49 77 26,heads,major,1
2022-12-11T16:33:00Z,690,13 70 57 1 55 47 56 75 51 41 9 50 49 26 42 52 43 30 58 3,tails,regular,1
2022-12-11T16:36:00Z,692,52 11 73 29 64 47 5 51 55 19 23 50 46 8 30 54 69 79 72 35,tails,major,3
2022-12-11T16:39:00Z,693,75 50 15 55 13 43 45 4 80 28 21 71 58 67 73 62 64 76 33 42,tails,regular,1
2022-12-11T16:42:00Z,694,33 42 37 75 49 32 63 78 20 4 48 68 66 12 26 38 1 23 13 77,heads,minor,10
2022-12-11T16:45:00Z,695,40 19 3 9 28 37 18 2 6 29 70 76 54 78 80 74 21 67 45 58,heads,minor,2
2022-12-11T16:48:00Z,696,20 16 36 2 49 58 25 65 31 50 38 10 70 69 13 72 73 22 11 19,heads,regular,2
2022-12-11T16:51:00Z,697,80 12 8 28 41 1 63 73 62 22 9 56 36 27 7 6 14 69 57 25,heads,regular,2
2022-12-11T16:54:00Z,698,63 66 25 56 68 74 47 78 76 50 46 24 26 64 5 72 7 67 40 33,tails,regular,1
2022-12-11T16:57:00Z,699,76 39 28 64 73 36 14 11 4 72 57 17 25 67 15 55 44 18 78 69,evens,regular,4
2022-12-11T17:00:00Z,701,6 39 68 23 49 32 71 29 13 53 25 75 17 41 76 44 79 38 31 28,heads,regular,1
2022-12-11T17:03:00Z,702,50 53 48 34 16 68 39 27 76 1 30 9 60 2 33 40 13 64 55 5,heads,regular,1
2022-12-11T17:06:00Z,703,60 28 27 25 21 58 44 24 51 49 11 35 22 61 18 36 31 67 75 19,heads,regular,1
2022-12-11T17:09:00Z,704,16 57 62 66 65 29 47 55 23 71 42 80 19 67 76 68 7 14 51 13,tails,minor,1
2022-12-11T17:12:00Z,705,58 40 75 10 11 12 65 51 5 70 13 54 17 3 80 43 27 9 34 23,heads,minor,2
2022-12-11T17:15:00Z,706,17 12 33 15 52 42 32 74 14 63 57 31 80 64 49 69 59 51 55 13,tails,regular,2
2022-12-11T17:18:00Z,707,9 27 21 8 10 43 68 6 50 60 14 32 63 1 37 74 44 69 17 23,heads,minor,1
2022-12-11T17:21:00Z,708,71 65 29 5 50 32 51 41 24 10 35 74 73 1 80 25 62 52 45 76,tails,regular,1
2022-12-11T17:24:00Z,710,59 77 17 74 25 5 10 2 27 33 37 8 78 56 29 71 72 45 24 15,heads,major,2
2022-12-11T17:27:00Z,711,33 45 4 80 75 27 58 23 19 53 25 29 34 42 63 39 52 41 72 43,tails,regular,3
2022-12-11T17:30:00Z,712,46 11 4 52 26 14 76 12 47 58 59 21 1 3 67 25 22 31 79 65,heads,regular,1
2022-12-11T17:33:00Z,713,67 31 19 60 38 70 46 45 68 56 64 4 61 50 54 76 49 78 12 6,tails,regular,1
2022-12-11T17:36:00Z,714,71 51 67 28 17 41 43 30 44 54 8 29 24 73 16 78 9 60 68 64,tails,regular,2
2022-12-11T17:39:00Z,715,55 14 80 26 7 56 13 36 6 25 5 65 16 70 29 43 53 33 50 15,heads,minor,1
2022-12-11T17:42:00Z,716,8 69 68 49 79 29 53 25 11 59 47 36 33 56 22 5 57 64 23 60,tails,minor,1
2022-12-11T17:45:00Z,717,20 73 77 18 13 31 60 29 34 66 21 40 38 74 59 9 35 4 53 55,heads,major,3
2022-12-11T17:48:00Z,719,24 62 8 50 20 29 23 35 37 11 72 39 55 60 75 69 51 63 21 14,heads,regular,1
2022-12-11T17:51:00Z,720,49 22 10 64 11 20 8 9 7 23 79 26 16 35 2 76 3 52 77 47,heads,regular,1
2022-12-11T17:54:00Z,721,36 43 31 8 70 16 14 32 60 59 42 7 40 37 20 62 71 74 30 57,heads,major,3
2022-12-11T17:57:00Z,722,60 57 53 35 36 51 74 41 46 25 10 7 34 18 68 71 32 31 58 77,tails,regular,1
2022-12-11T18:00:00Z,723,60 29 74 14 23 1 39 57 55 47 53 18 51 77 42 6 71 63 48 2,tails,major,4
2022-12-11T18:03:00Z,724,53 63 61 11 46 18 24 28 35 74 31 1 26 60 45 68 65 32 15 54,evens,regular,2
2022-12-11T18:06:00Z,725,62 30 16 33 38 15 31 63 71 7 22 53 11 69 17 46 41 47 74 36,heads,regular,5
2022-12-11T18:09:00Z,726,50 77 37 48 3 80 11 79 67 12 28 53 74 47 30 7 2 31 57 71,tails,regular,2
2022-12-11T18:12:00Z,728,45 3 78 34 24 14 48 22 33 57 11 51 55 1 8 29 74 60 61 58,evens,minor,2
2022-12-11T18:15:00Z,729,64 29 15 2 49 76 19 55 71 37 59 31 18 41 68 69 62 27 30 60,tails,regular,2
2022-12-11T18:18:00Z,730,69 79 10 44 41 61 31 21 24 59 36 12 8 30 49 50 72 19 75 37,evens,major,1
2022-12-11T18:21:00Z,731,47 48 40 73 43 12 58 50 60 59 72 67 33 38 45 75 17 21 44 29,tails,minor,3
2022-12-11T18:24:00Z,732,67 43 22 77 1 29 45 72 52 30 70 55 41 31 73 24 2 65 61 80,tails,minor,2
2022-12-11T18:27:00Z,733,12 27 32 23 56 25 58 1 24 16 39 30 62 48 79 74 11 20 3 33,heads,regular,1
2022-12-11T18:30:00Z,734,48 53 39 67 79 43 24 40 2 4 30 13 20 16 56 58 26 51 18 21,heads,regular,1
2022-12-11T18:33:00Z,735,50 14 66 63 25 52 42 16 35 70 10 77 58 23 44 18 27 33 53 22,evens,regular,2
2022-12-11T18:36:00Z,737,57 26 11 63 50 32 69 15 43 35 51 23 80 62 38 67 22 44 52 56,tails,regular,2
2022-12-11T18:39:00Z,738,46 25 70 45 33 73 39 19 3 8 43 31 21 54 44 2 11 61 34 79,heads,regular,1
2022-12-11T18:42:00Z,739,24 49 11 2 1 56 54 47 20 3 4 74 61 32 23 9 72 43 13 64,heads,major,3
2022-12-11T18:45:00Z,740,25 17 21 79 70 61 11 53 29 27 55 15 30 73 59 60 20 54 8 48,evens,regular,1
2022-12-11T18:48:00Z,741,43 11 53 76 39 23 50 57 4 66 46 73 42 13 51 1 55 6 78 67,tails,regular,1
2022-12-11T18:51:00Z,742,18 58 24 64 6 56 71 26 41 27 2 80 31 47 39 72 63 34 70 69,tails,minor,2
2022-12-11T18:54:00Z,743,45 6 49 11 73 16 26 64 35 20 3 10 2 5 74 33 14 79 9 61,heads,regular,1
2022-12-11T18:57:00Z,744,45 1 59 77 64 39 34 29 12 37 50 48 76 10 17 47 14 26 79 3,heads,major,1
2022-12-11T19:00:00Z,746,1 37 9 15 27 71 52 31 64 5 45 20 3 47 80 58 57 42 26 60,evens,regular,3
2022-12-11T19:03:00Z,747,1 7 50 27 26 79 24 60 32 64 61 19 58 11 53 14 44 41 75 28,evens,regular,3
2022-12-11T19:06:00Z,748,71 15 32 62 39 28 48 70 9 52 44 54 43 42 16 57 50 30 69 60,tails,regular,3
2022-12-11T19:09:00Z,749,80 29 25 47 56 43 46 28 33 19 50 71 62 55 36 40 12 61 72 75,tails,minor,2
2022-12-11T19:12:00Z,750,40 12 39 67 57 78 64 3 18 50 63 28 31 38 41 37 7 33 53 30,heads,regular,1
2022-12-11T19:15:00Z,751,13 24 11 31 46 17 26 43 18 29 51 50 48 28 65 35 52 66 59 32,heads,regular,3
2022-12-11T19:18:00Z,752,72 62 11 43 64 58 23 60 22 7 52 68 48 35 73 33 70 53 74 16,tails,regular,1
2022-12-11T19:21:00Z,753,21 1 80 18 47 52 28 35 30 39 26 36 31 46 61 58 64 25 4 13,heads,regular,1
2022-12-11T19:24:00Z,755,78 12 65 43 4 8 45 16 41 37 9 59 35 28 18 48 79 51 67 29,evens,minor,4
2022-12-11T19:27:00Z,756,18 75 31 56 32 71 52 53 54 6 80 73 48 44 50 33 12 3 23 43,tails,regular,3
2022-12-11T19:30:00Z,757,21 1 5 22 17 25 20 6 23 13 47 64 24 41 67 9 78 43 49 46,heads,regular,5
2022-12-11T19:33:00Z,758,65 1 61 37 21 40 80 74 27 20 48 14 8 41 52 46 34 58 64 47,tails,regular,4
2022-12-11T19:36:00Z,759,34 62 27 43 41 45 56 53 28 4 10 59 44 24 3 31 67 11 54 40,evens,regular,1
2022-12-11T19:39:00Z,760,36 58 21 9 47 65 11 40 26 3 52 23 34 69 16 12 41 31 66 64,heads,minor,2
2022-12-11T19:42:00Z,761,41 44 37 36 31 1 49 35 48 77 17 32 16 73 11 47 33 58 19 51,heads,regular,3
2022-12-11T19:45:00Z,762,16 1 57 29 61 69 34 46 28 2 3 59 32 76 47 42 27 54 18 21,heads,major,1
2022-12-11T19:48:00Z,764,59 14 55 24 70 61 10 76 23 80 79 22 52 18 3 41 50 9 45 21,tails,regular,1
2022-12-11T19:51:00Z,765,3 12 35 67 66 56 20 42 63 34 31 23 22 33 69 59 13 50 49 68,evens,regular,1
2022-12-11T19:54:00Z,766,7 25 3 9 28 29 40 38 50 70 57 49 19 73 23 1 15 72 60 6,heads,regular,1
2022-12-11T19:57:00Z,767,4 77 29 21 48 58 20 11 66 12 72 17 28 42 53 5 38 41 56 78,evens,regular,2
2022-12-11T20:00:00Z,768,78 58 18 8 1 57 6 2 25 35 31 75 68 22 21 55 42 69 33 62,heads,minor,2
2022-12-11T20:03:00Z,769,44 57 66 5 35 78 6 54 58 9 17 73 32 23 49 65 21 28 60 27,evens,regular,1
2022-12-11T20:06:00Z,770,24 6 50 46 31 33 4 48 66 2 10 17 15 67 5 21 70 8 64 32,heads,minor,3
2022-12-11T20:09:00Z,771,8 57 42 59 68 69 39 65 14 30 48 40 2 46 75 25 18 5 21 63,evens,regular,3
2022-12-11T20:12:00Z,773,31 78 34 27 1 15 38 77 12 6 55 50 59 61 47 56 69 70 43 41,tails,regular,3
2022-12-11T20:15:00Z,774,78 68 65 4 15 79 7 32 22 76 61 75 69 39 71 31 16 59 13 77,tails,regular,2
2022-12-11T20:18:00Z,775,14 80 42 44 4 11 41 13 33 34 43 70 32 39 28 57 1 58 63 26,heads,regular,1
2022-12-11T20:21:00Z,776,35 53 13 15 24 47 7 32 33 73 3 27 72 67 45 38 20 6 26 51,heads,regular,2
2022-12-11T20:24:00Z,777,64 27 50 48 4 38 19 55 34 37 35 23 53 7 42 77 39 80 36 21,heads,regular,1
2022-12-11T20:27:00Z,778,21 69 18 40 11 78 4 42 20 3 60 44 74 31 77 24 76 2 25 57,heads,regular,2
2022-12-11T20:30:00Z,779,1 50 75 20 42 2 79 68 28 66 3 72 48 44 64 52 7 15 74 47,tails,regular,3
2022-12-11T20:33:00Z,780,33 49 26 22 61 53 63 40 4 12 65 51 73 57 5 30 75 78 48 15,tails,regular,2
2022-12-11T20:36:00Z,782,40 67 41 30 19 4 35 2 13 10 50 36 26 73 78 39 77 48 11 59,heads,regular,4
2022-12-11T20:39:00Z,783,61 34 55 40 25 1 72 41 79 80 54 53 35 37 71 17 39 46 9 22,evens,minor,2
2022-12-11T20:42:00Z,784,7 28 59 45 21 65 22 30 58 13 24 54 62 43 68 70 35 32 50 79,tails,minor,2
2022-12-11T20:45:00Z,785,47 35 19 30 10 50 78 67 32 59 33 6 18 68 29 43 70 73 49 44,tails,regular,2
2022-12-11T20:48:00Z,786,70 10 57 69 72 49 22 31 80 2 34 24 3 1 46 78 65 27 15 62,evens,regular,2
2022-12-11T20:51:00Z,787,9 73 21 48 38 28 10 72 30 42 55 41 47 26 80 52 5 54 51 25,tails,regular,1
2022-12-11T20:54:00Z,788,41 9 69 50 11 65 21 32 18 23 75 79 61 29 57 6 33 31 51 13,heads,regular,3
2022-12-11T20:57:00Z,789,6 77 74 49 39 25 18 1 80 60 75 3 58 34 19 64 27 45 24 14,heads,regular,1
2022-12-11T21:00:00Z,791,38 69 18 52 33 1 34 77 31 29 58 67 35 37 46 54 39 4 79 14,heads,regular,1
2022-12-11T21:03:00Z,792,32 30 10 71 70 61 56 60 72 65 7 55 49 41 17 20 19 54 36 11,tails,regular,2
2022-12-11T21:06:00Z,793,57 33 41 16 31 53 43 4 24 61 47 1 72 69 52 27 71 6 54 58,tails,regular,1
2022-12-11T21:09:00Z,794,18 19 72 10 46 41 29 71 21 34 69 12 57 37 3 9 31 23 48 73,heads,regular,1
2022-12-11T21:12:00Z,795,28 76 31 23 59 22 24 29 33 38 53 41 25 68 49 21 57 2 10 3,heads,regular,1
2022-12-11T21:15:00Z,796,4 26 77 50 24 33 23 58 34 41 56 27 21 32 60 63 31 70 80 7,heads,regular,2
2022-12-11T21:18:00Z,797,55 42 64 59 63 57 37 73 62 69 26 27 17 41 4 1 44 36 80 71,tails,minor,1
2022-12-11T21:21:00Z,798,49 33 23 12 46 1 20 75 45 18 32 64 71 29 42 44 69 73 55 79,tails,regular,2
2022-12-11T21:24:00Z,800,14 67 9 20 66 58 61 15 57 38 5 37 44 64 75 70 35 27 26 68,evens,minor,3
2022-12-11T21:27:00Z,801,79 32 20 8 24 28 9 21 45 67 3 30 52 15 22 13 80 44 74 39,heads,regular,5
2022-12-11T21:30:00Z,802,54 67 19 53 68 9 50 8 64 80 43 6 71 58 56 38 55 22 17 74,tails,regular,1
2022-12-11T21:33:00Z,803,40 47 55 30 23 70 78 73 17 56 80 79 74 60 53 41 45 2 3 34,tails,regular,2
2022-12-11T21:36:00Z,804,60 66 47 25 12 57 51 19 54 24 55 33 10 22 79 56 34 62 14 67,tails,minor,1
2022-12-11T21:39:00Z,805,27 59 48 24 37 8 14 50 19 29 73 60 72 31 4 56 21 15 54 22,heads,regular,1
2022-12-11T21:42:00Z,806,42 43 14 4 15 58 69 28 44 37 10 45 11 78 26 17 65 59 52 27,evens,regular,3
2022-12-11T21:45:00Z,807,4 62 52 51 68 48 25 77 1 56 67 49 46 37 5 11 42 74 16 26,tails,regular,2
2022-12-11T21:48:00Z,809,57 73 60 9 51 61 6 48 69 54 41 26 66 80 49 22 44 46 52 24,tails,regular,1
2022-12-11T21:51:00Z,810,5 70 58 64 75 14 24 10 49 30 74 42 20 50 22 65 28 63 77 32,tails,major,3
2022-12-11T21:54:00Z,811,63 8 27 13 71 68 66 60 74 79 4 57 42 53 45 20 28 39 36 61,tails,major,1
2022-12-11T21:57:00Z,812,69 51 54 60 41 35 77 26 45 58 28 30 29 50 78 31 25 7 64 76,tails,minor,1
2022-12-11T22:00:00Z,813,38 61 3 23 1 37 49 62 26 7 11 20 2 75 65 24 56 30 12 44,heads,minor,3
2022-12-11T22:03:00Z,814,29 3 45 56 37 1 39 75 69 52 44 59 76 18 13 43 23 50 9 58,tails,regular,3
2022-12-11T22:06:00Z,815,67 71 42 69 7 48 32 27 19 50 72 53 6 30 28 2 64 17 16 47,evens,major,1
2022-12-11T22:09:00Z,816,73 36 6 29 46 39 47 9 23 78 52 37 26 28 61 5 58 62 32 38,heads,major,1
2022-12-11T22:12:00Z,818,67 29 76 69 75 16 3 48 39 5 73 77 46 9 12 79 49 71 2 64,tails,regular,1
2022-12-11T22:15:00Z,819,72 11 51 48 28 12 37 36 21 14 42 23 35 79 6 71 20 44 2 45,heads,minor,1
2022-12-11T22:18:00Z,820,60 31 28 55 12 48 13 29 44 5 19 73 9 46 24 23 76 59 40 1,heads,regular,1
2022-12-11T22:21:00Z,821,79 12 20 19 43 66 54 55 6 14 16 37 57 9 69 72 32 49 40 21,heads,regular,3
2022-12-11T22:24:00Z,822,47 2 40 23 63 43 60 73 59 61 46 64 44 16 31 76 3 14 18 37,tails,regular,1
2022-12-11T22:27:00Z,823,46 7 57 18 33 11 30 77 48 22 78 47 28 16 69 20 72 70 73 36,evens,regular,1
2022-12-11T22:30:00Z,824,12 15 8 62 41 35 26 25 59 40 57 55 79 4 56 11 7 72 60 21,heads,minor,3
2022-12-11T22:33:00Z,825,43 54 40 47 37 10 64 51 30 67 22 55 32 60 33 39 61 15 69 29,evens,regular,1
2022-12-11T22:36:00Z,827,64 66 51 6 42 2 55 19 69 68 70 59 37 78 76 34 57 4 17 7,tails,regular,3
2022-12-11T22:39:00Z,828,14 51 2 35 24 30 23 42 4 55 69 34 16 18 68 36 74 29 61 58,heads,major,1
2022-12-11T22:42:00Z,829,1 11 60 4 68 76 40 27 36 28 2 19 67 49 13 8 64 21 22 18,heads,minor,2
2022-12-11T22:45:00Z,830,39 67 77 25 14 63 19 48 12 56 18 75 66 38 43 71 22 68 13 60,tails,regular,3
2022-12-11T22:48:00Z,831,16 46 78 3 64 73 48 5 22 80 44 24 49 70 76 8 65 39 57 51,tails,regular,3
2022-12-11T22:51:00Z,832,28 47 21 67 50 44 77 1 4 38 23 7 63 80 30 65 3 62 71 41,tails,regular,2
2022-12-11T22:54:00Z,833,58 60 35 45 41 61 57 24 52 11 75 15 55 4 25 67 30 5 79 21,tails,regular,1
2022-12-11T22:57:00Z,834,42 55 35 41 36 8 58 43 79 9 44 2 37 68 25 5 60 73 77 80,tails,minor,1
2022-12-11T23:00:00Z,836,9 22 4 15 1 58 78 48 67 5 60 30 20 65 21 11 40 28 25 56,heads,regular,2
2022-12-11T23:03:00Z,837,61 62 60 72 20 63 12 33 23 70 8 4 74 3 79 14 45 57 56 40,tails,minor,3
2022-12-11T23:06:00Z,838,62 63 26 74 60 61 58 45 59 36 68 64 72 1 47 48 20 38 50 17,tails,regular,1
2022-12-11T23:09:00Z,839,65 64 12 36 58 33 4 72 68 71 31 30 61 3 55 46 63 10 16 32,evens,major,4
2022-12-11T23:12:00Z,840,34 49 66 27 10 62 32 21 33 72 58 24 75 61 2 37 19 39 45 55,heads,regular,3
2022-12-11T23:15:00Z,841,72 39 38 51 53 21 4 49 16 42 36 75 12 30 80 31 37 65 22 34,heads,regular,1
2022-12-11T23:18:00Z,842,67 27 5 41 11 24 17 22 20 29 21 3 13 12 25 37 9 10 7 77,heads,regular,1
2022-12-11T23:21:00Z,843,61 7 39 78 66 47 16 63 22 71 2 48 23 49 68 60 25 17 8 51,tails,regular,3
2022-12-11T23:24:00Z,845,77 18 58 64 9 47 31 65 26 19 8 48 33 23 53 63 66 49 72 12,tails,regular,3
2022-12-11T23:27:00Z,846,9 28 15 44 49 69 60 62 39 61 42 4 54 11 75 55 41 73 65 66,tails,regular,1
2022-12-11T23:30:00Z,847,8 35 17 61 14 1 12 72 9 57 66 71 55 40 25 47 77 65 11 26,heads,minor,4
2022-12-11T23:33:00Z,848,79 30 11 46 56 72 68 18 39 71 43 5 41 3 4 78 49 25 7 77,tails,regular,2
2022-12-11T23:36:00Z,849,8 22 70 64 77 27 69 16 75 24 20 31 67 41 51 12 43 40 62 15,evens,regular,1
2022-12-11T23:39:00Z,850,47 61 29 26 80 13 70 6 79 27 39 58 40 59 19 65 60 63 78 5,tails,regular,3
2022-12-11T23:42:00Z,851,45 41 6 58 53 73 75 57 39 77 37 14 36 40 65 78 54 7 33 50,tails,regular,1
2022-12-11T23:45:00Z,852,34 24 30 54 9 76 79 67 13 62 41 47 4 33 38 49 46 22 51 58,tails,regular,1
2022-12-11T23:48:00Z,854,30 10 49 8 35 47 61 4 2 36 70 15 60 53 23 25 67 16 9 52,heads,regular,2
2022-12-11T23:51:00Z,855,39 34 71 36 48 64 44 42 2 76 20 73 74 61 22 72 11 19 12 17,evens,regular,1
2022-12-11T23:54:00Z,856,57 41 75 48 77 71 13 66 44 2 15 20 12 4 1 8 24 80 40 67,evens,regular,1
2022-12-11T23:57:00Z,857,78 49 36 54 71 16 41 47 39 37 5 19 26 8 59 67 24 56 61 62,tails,regular,1
2022-12-12T00:00:00Z,858,57 68 36 13 41 72 60 79 18 21 8 47 74 42 11 12 6 53 29 32,evens,regular,3
2022-12-12T00:03:00Z,859,71 3 60 28 42 70 19 31 38 69 22 52 1 36 76 15 21 12 5 51,heads,major,1
2022-12-12T00:06:00Z,860,15 76 63 36 12 1 78 45 77 42 54 7 47 49 17 66 33 21 3 10,evens,regular,2
2022-12-12T00:09:00Z,861,53 71 50 63 45 69 25 68 7 30 9 4 66 26 51 57 27 76 14 28,tails,regular,2
2022-12-12T00:12:00Z,863,63 65 3 6 10 18 80 20 5 77 15 73 69 43 36 75 74 39 47 42,tails,regular,2
2022-12-12T00:15:00Z,864,20 11 68 3 59 22 14 7 10 74 47 21 77 79 39 28 29 58 16 2,heads,regular,10
2022-12-12T00:18:00Z,865,63 39 42 5 71 18 43 80 48 11 28 6 65 30 67 7 46 72 75 49,tails,minor,2
2022-12-12T00:21:00Z,866,10 45 2 20 6 67 23 41 48 35 39 3 28 73 55 32 24 43 65 44,heads,minor,2
2022-12-12T00:24:00Z,867,44 38 50 59 35 34 2 13 3 62 73 6 58 64 47 61 15 30 48 11,evens,regular,2
2022-12-12T00:27:00Z,868,61 29 2 69 32 70 24 40 41 7 51 22 49 18 52 55 11 54 42 77,tails,major,2
2022-12-12T00:30:00Z,869,17 38 10 80 33 31 4 70 13 54 15 58 42 63 28 23 16 61 62 50,heads,regular,1
2022-12-12T00:33:00Z,870,77 65 20 68 48 75 32 27 57 42 37 28 45 56 64 24 19 73 53 43,tails,major,3
2022-12-12T00:36:00Z,872,65 46 53 66 63 55 17 42 23 56 69 39 38 51 70 21 28 7 50 6,tails,minor,2
2022-12-12T00:39:00Z,873,11 34 12 70 33 29 7 27 35 72 68 39 48 53 50 19 40 71 22 57,heads,regular,1
2022-12-12T00:42:00Z,874,27 31 43 11 57 7 58 45 72 6 24 74 13 23 68 55 3 64 4 39,heads,minor,2
2022-12-12T00:45:00Z,875,9 70 80 62 73 14 46 72 39 4 26 74 10 66 29 68 76 30 13 40,evens,regular,1
2022-12-12T00:48:00Z,876,52 29 55 56 72 51 26 50 45 22 77 70 38 5 11 17 33 15 65 19,evens,minor,1
2022-12-12T00:51:00Z,877,64 33 72 37 74 28 36 57 45 14 48 40 1 70 63 54 12 22 59 34,evens,regular,3
2022-12-12T00:54:00Z,878,73 67 29 38 71 35 63 13 52 80 70 8 44 5 26 62 16 2 50 61,tails,minor,2
2022-12-12T00:57:00Z,879,48 16 13 54 45 39 78 71 75 26 69 34 59 64 32 67 63 6 30 58,tails,regular,1
2022-12-12T01:00:00Z,881,36 24 31 42 55 59 13 70 64 69 14 75 6 47 15 67 44 46 9 65,tails,major,4
2022-12-12T01:03:00Z,882,49 3 42 2 41 40 20 4 29 54 24 36 7 16 28 66 14 53 18 39,heads,regular,2
2022-12-12T01:06:00Z,883,66 12 55 54 34 49 62 57 19 11 36 9 24 17 8 53 7 46 2 64,heads,minor,2
2022-12-12T01:09:00Z,884,70 1 77 31 48 43 3 71 38 72 17 7 20 64 53 54 58 60 49 39,tails,regular,2
2022-12-12T01:12:00Z,885,40 41 37 33 52 17 7 57 24 12 55 59 3 38 45 76 20 25 69 44,heads,regular,5
2022-12-12T01:15:00Z,886,9 43 31 33 51 1 36 65 15 52 45 29 24 49 80 30 54 70 47 23,evens,minor,3
2022-12-12T01:18:00Z,887,59 64 39 32 42 79 68 29 47 70 35 3 8 56 26 13 54 69 63 45,tails,regular,1
2022-12-12T01:21:00Z,888,22 10 1 67 2 44 11 35 56 31 20 28 23 9 62 16 36 8 24 19,heads,regular,3
2022-12-12T01:24:00Z,890,70 62 79 14 72 7 28 49 23 15 25 42 74 36 32 44 3 33 80 60,evens,major,4
2022-12-12T01:27:00Z,891,41 37 75 3 22 18 19 6 74 24 68 48 70 56 46 34 71 47 77 67,tails,regular,1
2022-12-12T01:30:00Z,892,27 6 19 80 7 72 64 26 2 78 34 32 31 50 61 17 11 12 53 25,heads,regular,3
2022-12-12T01:33:00Z,893,64 69 10 17 35 31 45 30 77 50 1 19 22 15 56 66 7 4 47 48,heads,regular,1
2022-12-12T01:36:00Z,894,11 36 65 77 80 61 7 78 35 63 34 33 29 16 58 56 62 76 48 25,tails,regular,3
2022-12-12T01:39:00Z,895,9 36 25 20 17 7 42 10 15 74 19 61 57 51 60 80 75 35 33 72,heads,regular,2
2022-12-12T01:42:00Z,896,46 49 33 62 80 18 68 11 32 72 71 70 34 29 30 50 15 22 60 63,tails,regular,5
2022-12-12T01:45:00Z,897,50 14 56 44 53 22 74 39 16 8 42 37 11 25 5 23 49 61 1 27,heads,regular,1
2022-12-12T01:48:00Z,899,3 9 58 47 19 70 52 50 31 15 73 24 8 43 63 32 12 59 49 69,tails,regular,1
2022-12-12T01:51:00Z,900,6 20 44 80 72 35 11 63 47 51 74 39 14 66 61 8 65 73 54 56,tails,regular,1
2022-12-12T01:54:00Z,901,56 2 49 12 68 36 66 4 70 77 52 23 28 5 22 44 39 74 63 47,tails,regular,1
2022-12-12T01:57:00Z,902,9 62 73 76 44 13 64 60 27 70 30 56 19 32 79 38 69 43 12 36,tails,regular,1
2022-12-12T02:00:00Z,903,26 52 59 45 23 30 31 5 43 35 73 61 55 51 29 1 14 2 28 50,heads,regular,1
2022-12-12T02:03:00Z,904,62 41 30 39 22 29 25 66 60 52 43 4 14 10 78 80 31 7 21 19,heads,regular,1
2022-12-12T02:06:00Z,905,6 15 42 49 46 21 30 31 54 65 66 36 78 51 14 27 72 71 75 26,tails,regular,2
2022-12-12T02:09:00Z,906,55 13 1 61 3 60 57 74 67 79 28 33 30 59 54 38 16 45 76 4,tails,minor,1
2022-12-12T02:12:00Z,908,71 79 62 56 31 76 39 16 74 68 61 4 65 14 1 7 17 59 6 11,evens,regular,2
2022-12-12T02:15:00Z,909,35 4 54 7 73 5 18 78 60 64 38 17 62 45 15 69 23 29 34 48,heads,regular,1
2022-12-12T02:18:00Z,910,11 31 12 62 21 28 39 45 40 67 17 29 44 25 7 36 37 68 58 72,heads,regular,2
2022-12-12T02:21:00Z,911,40 21 10 41 74 79 80 19 12 49 7 13 8 1 9 16 51 5 59 27,heads,regular,5
2022-12-12T02:24:00Z,912,57 47 26 23 22 63 49 13 31 15 55 24 34 48 4 75 62 9 42 41,evens,regular,3
2022-12-12T02:27:00Z,913,68 74 3 16 37 66 79 7 38 63 57 67 49 50 30 61 53 41 11 1,tails,minor,2
2022-12-12T02:30:00Z,914,66 69 13 34 6 77 54 43 65 8 68 60 40 56 64 18 10 61 31 29,tails,major,3
2022-12-12T02:33:00Z,915,44 66 51 17 30 10 7 5 4 45 56 58 55 16 77 74 2 1 14 64,evens,regular,2
2022-12-12T02:36:00Z,917,9 4 7 74 3 80 46 48 70 25 38 36 20 56 16 43 69 57 35 58,evens,regular,3
2022-12-12T02:39:00Z,918,54 9 68 12 78 46 38 4 64 10 65 69 39 75 16 31 48 45 20 44,tails,minor,1
2022-12-12T02:42:00Z,919,48 39 60 54 17 68 51 67 26 74 18 29 41 80 47 36 40 42 33 62,tails,major,5
2022-12-12T02:45:00Z,920,14 45 26 17 11 5 18 77 63 67 38 25 9 22 33 71 24 57 76 19,heads,regular,1
2022-12-12T02:48:00Z,921,9 18 55 1 24 41 13 35 66 4 17 59 6 27 46 30 21 63 48 50,heads,regular,1
2022-12-12T02:51:00Z,922,79 8 43 62 10 65 40 46 50 5 20 42 69 1 52 7 41 26 35 49,tails,regular,3
2022-12-12T02:54:00Z,923,77 67 79 21 1 2 4 39 38 16 34 58 30 19 14 40 56 6 55 10,heads,regular,1
2022-12-12T02:57:00Z,924,51 64 21 36 5 16 56 74 40 58 61 28 6 49 65 44 79 73 54 75,tails,minor,3
2022-12-12T03:00:00Z,926,21 31 35 27 63 11 67 26 57 50 36 6 75 25 8 74 64 48 38 54,heads,regular,3
2022-12-12T03:03:00Z,927,64 76 63 44 42 5 19 7 49 70 28 33 51 52 17 73 15 69 36 4,tails,regular,2
2022-12-12T03:06:00Z,928,62 13 75 8 64 65 29 1 15 3 30 40 80 27 68 52 48 23 61 12,heads,regular,2
2022-12-12T03:09:00Z,929,12 35 45 25 28 10 26 6 76 68 47 56 70 41 19 55 22 27 8 74,heads,regular,3
2022-12-12T03:12:00Z,930,23 44 50 26 37 47 8 63 38 14 64 21 33 24 7 35 18 3 42 36,heads,regular,1
2022-12-12T03:15:00Z,931,4 56 15 45 3 64 57 77 36 67 28 32 46 68 39 53 61 30 2 74,tails,regular,3
2022-12-12T03:18:00Z,932,23 37 31 18 69 62 74 26 30 8 63 73 49 36 25 16 59 32 53 47,heads,regular,1
2022-12-12T03:21:00Z,933,66 68 49 4 8 7 6 31 71 51 14 3 70 27 41 18 33 80 64 1,heads,regular,3
2022-12-12T03:24:00Z,935,34 25 21 32 57 69 15 80 39 53 10 62 43 2 29 61 59 22 42 68,evens,minor,10
2022-12-12T03:27:00Z,936,30 2 55 77 47 13 4 78 37 28 18 33 9 52 31 79 34 5 51 53,heads,regular,1
2022-12-12T03:30:00Z,937,54 67 26 3 70 57 20 31 12 23 21 17 68 22 66 78 69 28 63 44,evens,regular,2
2022-12-12T03:33:00Z,938,30 18 5 56 39 50 48 77 79 15 36 58 19 55 24 29 25 73 63 76,evens,regular,2
2022-12-12T03:36:00Z,939,23 26 15 16 52 45 7 11 61 48 17 9 51 59 76 30 53 14 10 55,heads,regular,1
2022-12-12T03:39:00Z,940,19 37 21 35 34 46 22 47 58 31 57 75 2 5 59 74 56 39 33 41,heads,regular,2
2022-12-12T03:42:00Z,941,4 47 59 33 5 17 13 31 40 32 6 52 7 9 22 46 80 21 64 76,heads,minor,1
2022-12-12T03:45:00Z,942,43 37 29 42 68 70 78 61 17 62 65 60 28 46 59 4 72 75 40 47,tails,minor,3
2022-12-12T03:48:00Z,944,30 23 9 44 79 8 13 16 20 27 73 59 75 24 65 10 15 40 68 29,heads,minor,5
2022-12-12T03:51:00Z,945,19 2 27 61 40 32 35 43 78 68 36 18 50 7 67 30 16 10 9 8,heads,regular,1
2022-12-12T03:54:00Z,946,48 32 11 67 22 66 56 52 76 4 19 80 18 73 55 26 28 16 9 59,evens,regular,2
2022-12-12T03:57:00Z,947,18 5 65 66 60 52 50 4 72 28 20 49 55 76 23 16 30 10 25 45,evens,minor,4
2022-12-12T04:00:00Z,948,72 53 58 3 29 52 50 57 8 64 79 71 16 70 13 5 45 69 24 21,tails,regular,3
2022-12-12T04:03:00Z,949,3 80 14 15 48 53 11 51 66 4 70 40 28 56 49 60 21 68 30 61,tails,regular,1
2022-12-12T04:06:00Z,950,16 71 27 36 68 63 76 80 1 22 20 53 11 10 42 40 70 4 38 14,heads,regular,1
2022-12-12T04:09:00Z,951,63 26 46 73 29 19 66 28 75 58 9 43 40 60 70 39 16 21 34 68,evens,regular,1
2022-12-12T04:12:00Z,953,28 10 41 54 4 55 70 47 51 48 20 5 59 13 60 49 6 8 29 19,evens,minor,1
2022-12-12T04:15:00Z,954,17 7 73 46 53 8 41 60 37 64 44 48 25 23 74 1 13 21 63 45,tails,minor,3
2022-12-12T04:18:00Z,955,46 50 42 64 68 22 41 36 43 4 2 57 44 20 13 10 3 62 26 27,evens,major,2
2022-12-12T04:21:00Z,956,61 23 28 7 31 40 8 63 48 75 59 19 72 67 33 42 77 76 13 79,tails,regular,5
2022-12-12T04:24:00Z,957,46 79 42 5 12 21 63 27 18 37 51 40 59 6 68 80 75 36 58 53,tails,regular,3
2022-12-12T04:27:00Z,958,61 71 41 46 55 7 51 23 35 42 69 56 19 24 53 34 27 1 18 36,evens,minor,4
2022-12-12T04:30:00Z,959,19 24 55 52 28 14 43 44 57 73 10 7 2 1 36 35 59 49 32 60,heads,minor,2
2022-12-12T04:33:00Z,960,29 21 8 60 50 47 11 35 39 74 48 79 42 62 28 65 5 33 37 56,evens,minor,3
2022-12-12T04:36:00Z,962,16 13 69 78 59 2 5 28 21 70 57 27 62 76 33 56 26 39 72 23,heads,minor,1
2022-12-12T04:39:00Z,963,74 26 66 52 9 20 40 19 25 29 21 44 55 16 11 7 13 4 38 75,heads,regular,2
2022-12-12T04:42:00Z,964,3 68 34 66 21 15 79 26 76 13 80 62 40 32 42 70 47 17 20 52,evens,regular,3
2022-12-12T04:45:00Z,965,1 29 36 78 62 30 54 42 34 23 28 60 37 35 25 26 3 46 57 64,heads,regular,3
2022-12-12T04:48:00Z,966,1 15 71 8 78 25 32 6 44 3 43 16 74 57 42 4 31 13 70 12,heads,regular,1
2022-12-12T04:51:00Z,967,44 38 40 23 29 71 51 80 66 36 18 39 52 28 31 22 43 67 65 70,evens,minor,3
2022-12-12T04:54:00Z,968,9 66 61 15 10 23 69 13 4 7 12 11 80 58 35 78 16 31 19 27,heads,regular,2
2022-12-12T04:57:00Z,969,22 24 70 67 42 1 63 8 51 38 39 20 3 37 6 48 62 79 16 52,heads,minor,3
2022-12-12T05:00:00Z,971,80 11 68 34 9 18 67 30 79 48 31 60 20 71 58 33 24 56 1 16,heads,minor,2
2022-12-12T05:03:00Z,972,28 2 36 4 66 54 79 48 52 16 17 32 38 70 61 22 20 44 3 29,heads,minor,10
2022-12-12T05:06:00Z,973,59 71 42 60 47 78 27 41 22 55 10 33 80 69 73 19 58 38 53 18,tails,major,3
2022-12-12T05:09:00Z,974,2 46 39 50 7 56 27 4 71 51 63 41 40 67 54 79 10 78 32 42,tails,regular,3
2022-12-12T05:12:00Z,975,67 36 76 51 55 20 48 34 10 73 46 9 75 28 19 7 25 77 38 15,heads,major,3
2022-12-12T05:15:00Z,976,65 37 45 17 6 41 76 36 48 32 2 63 71 42 14 66 67 54 46 79,tails,minor,1
2022-12-12T05:18:00Z,977,46 26 63 72 28 73 35 36 33 11 65 67 57 60 59 1 55 42 45 19,tails,major,1
2022-12-12T05:21:00Z,978,3 32 55 47 64 1 4 6 72 49 52 58 22 57 10 31 75 17 53 42,tails,regular,3
2022-12-12T05:24:00Z,980,52 36 30 51 48 24 27 53 38 22 54 60 72 5 39 23 55 6 76 74,evens,regular,2
2022-12-12T05:27:00Z,981,20 25 61 80 28 79 27 31 67 29 43 9 41 6 18 74 35 44 49 53,evens,regular,2
2022-12-12T05:30:00Z,982,15 16 4 53 68 55 71 63 35 64 49 26 77 7 54 6 39 73 50 66,tails,regular,3
2022-12-12T05:33:00Z,983,43 49 77 34 48 35 37 14 45 25 16 9 29 18 38 44 57 8 79 70,heads,regular,2
2022-12-12T05:36:00Z,984,7 74 15 9 47 80 41 68 45 39 53 59 66 43 27 73 52 57 71 18,tails,regular,1
2022-12-12T05:39:00Z,985,38 61 18 40 57 80 69 26 62 28 64 58 11 17 49 59 41 45 1 32,tails,minor,3
2022-12-12T05:42:00Z,986,28 57 58 53 75 67 69 42 59 15 77 3 37 71 13 17 5 20 8 31,evens,minor,10
2022-12-12T05:45:00Z,987,14 59 16 54 8 17 72 3 36 12 21 51 28 15 24 77 65 57 53 26,heads,regular,1
2022-12-12T05:48:00Z,989,68 24 79 11 70 76 3 46 26 12 37 22 80 42 75 19 15 13 23 53,heads,regular,3
2022-12-12T05:51:00Z,990,16 53 47 41 4 7 6 25 63 5 34 10 27 1 49 56 58 60 75 21,heads,minor,1
2022-12-12T05:54:00Z,991,74 48 10 44 32 72 33 66 22 36 17 77 31 28 49 68 21 30 5 18,heads,minor,2
2022-12-12T05:57:00Z,992,63 67 33 45 5 80 64 68 73 79 24 1 54 61 42 30 57 59 35 75,tails,minor,2
2022-12-12T06:00:00Z,993,27 18 23 28 47 35 65 49 43 13 52 5 22 33 10 37 31 73 56 60,heads,minor,5
2022-12-12T06:03:00Z,994,70 54 78 32 38 62 36 25 26 1 39 40 53 75 42 33 48 9 8 19,heads,major,1
2022-12-12T06:06:00Z,995,44 26 21 63 42 14 17 2 25 29 22 16 65 52 49 40 23 19 73 71,heads,regular,1
2022-12-12T06:09:00Z,996,80 31 71 59 45 34 30 70 25 17 61 9 14 40 20 35 52 24 47 22,heads,regular,1
2022-12-12T06:12:00Z,998,45 71 28 22 7 78 80 72 42 13 73 46 23 77 57 59 49 19 6 62,tails,regular,1
2022-12-12T06:15:00Z,999,47 39 35 70 8 20 45 68 75 36 55 57 19 54 58 15 23 50 59 11,tails,minor,2
2022-12-12T06:18:00Z,1,45 16 2 27 77 18 21 8 13 43 33 24 36 73 79 75 10 7 26 15,heads,regular,3
2022-12-12T06:21:00Z,2,78 36 46 31 8 53 27 40 10 22 35 38 66 26 13 64 61 65 20 52,heads,regular,2
2022-12-12T06:24:00Z,3,51 35 46 72 79 42 10 25 59 5 24 15 58 11 40 22 21 53 20 63,heads,minor,1
2022-12-12T06:27:00Z,4,28 52 41 40 67 58 53 55 23 42 50 39 4 36 8 44 49 1 34 74,tails,regular,2
2022-12-12T06:30:00Z,5,29 8 37 9 11 57 62 52 48 31 44 18 12 61 16 14 35 78 4 59,heads,minor,2
2022-12-12T06:33:00Z,6,35 23 16 61 79 47 70 44 49 50 32 2 25 34 18 63 68 41 67 42,tails,regular,1
2022-12-12T06:36:00Z,8,70 51 17 67 47 56 7 8 23 43 54 48 22 78 45 3 34 24 11 10,evens,minor,1
2022-12-12T06:39:00Z,9,52 44 68 14 29 22 35 7 40 18 4 55 19 31 11 17 20 34 80 21,heads,regular,5
2022-12-12T06:42:00Z,10,74 1 70 21 53 69 8 59 75 73 35 10 32 19 52 36 16 5 17 38,heads,minor,3
2022-12-12T06:45:00Z,11,41 21 7 2 34 33 26 37 44 53 24 61 27 46 6 15 62 38 9 60,heads,minor,3
2022-12-12T06:48:00Z,12,63 45 69 53 2 77 57 40 42 19 58 14 28 24 4 20 72 35 36 44,evens,minor,1
2022-12-12T06:51:00Z,13,14 73 48 3 56 70 64 58 37 30 57 6 23 11 59 60 43 52 45 1,tails,regular,2
2022-12-12T06:54:00Z,14,73 57 41 9 11 17 52 35 38 30 25 64 66 49 7 58 67 46 27 32,evens,regular,3
2022-12-12T06:57:00Z,15,13 6 59 20 25 33 68 56 32 51 39 54 53 29 9 52 15 70 27 24,heads,regular,2
2022-12-12T07:00:00Z,17,61 30 29 2 62 65 17 31 51 70 47 23 40 20 69 16 13 19 15 55,heads,regular,2
2022-12-12T07:03:00Z,18,22 8 33 30 55 74 13 48 26 4 77 60 11 10 1 18 71 59 54 12,heads,regular,1
2022-12-12T07:06:00Z,19,36 54 26 32 35 76 74 47 39 3 52 23 20 71 18 65 42 25 48 69,evens,regular,1
2022-12-12T07:09:00Z,20,80 33 23 24 68 36 10 18 43 11 15 71 5 51 7 32 55 3 25 45,heads,minor,1
2022-12-12T07:12:00Z,21,59 4 52 32 57 28 21 61 69 41 29 33 50 16 23 22 13 67 11 79,heads,major,1
2022-12-12T07:15:00Z,22,7 11 22 60 49 31 33 4 10 47 26 61 21 66 37 70 79 74 63 20,heads,regular,2
2022-12-12T07:18:00Z,23,70 50 1 34 64 49 32 36 7 65 54 52 42 47 18 19 13 5 37 77,evens,minor,4
2022-12-12T07:21:00Z,24,29 5 52 32 70 4 77 37 39 63 13 10 36 43 71 68 73 18 45 6,heads,regular,2
2022-12-12T07:24:00Z,26,71 65 20 7 76 51 6 69 23 70 18 48 33 32 16 31 43 35 12 78,heads,regular,3
2022-12-12T07:27:00Z,27,10 53 66 32 21 52 15 54 75 22 8 70 31 16 24 12 29 72 41 57,heads,minor,2
2022-12-12T07:30:00Z,28,65 39 62 29 45 68 22 8 35 47 75 58 1 4 54 46 36 2 56 32,evens,minor,2
2022-12-12T07:33:00Z,29,64 41 37 47 7 57 3 65 67 71 5 1 8 11 16 46 40 45 60 72,tails,minor,3
2022-12-12T07:36:00Z,30,62 46 29 60 24 22 52 36 20 68 19 17 31 34 56 76 16 23 77 6,heads,regular,3
2022-12-12T07:39:00Z,31,57 75 65 1 58 61 44 8 38 19 76 26 34 4 43 73 53 63 25 5,tails,regular,1
2022-12-12T07:42:00Z,32,49 41 69 33 22 39 54 29 12 23 20 27 67 57 59 40 80 32 50 66,evens,major,1
2022-12-12T07:45:00Z,33,11 4 7 79 69 33 56 5 28 38 59 61 67 40 3 13 23 71 70 43,heads,regular,2
2022-12-12T07:48:00Z,35,17 33 1 29 44 23 13 8 30 43 36 62 11 32 79 6 12 46 35 34,heads,regular,3
2022-12-12T07:51:00Z,36,45 68 61 30 43 71 51 78 6 69 60 74 53 76 4 77 62 20 52 50,tails,regular,1
2022-12-12T07:54:00Z,37,53 76 24 4 41 79 64 10 18 61 21 37 27 63 7 19 40 74 57 43,evens,regular,1
2022-12-12T07:57:00Z,38,63 35 69 38 78 14 70 68 64 79 40 41 42 27 3 67 44 49 31 7,tails,regular,1
2022-12-12T08:00:00Z,39,28 40 50 54 42 77 51 52 33 2 46 62 55 23 80 47 74 31 75 58,tails,regular,1
2022-12-12T08:03:00Z,40,75 69 34 51 65 19 56 28 29 12 10 27 9 58 67 23 48 24 36 3,heads,major,1
2022-12-12T08:06:00Z,41,32 2 28 37 15 57 46 80 19 38 6 36 68 51 33 76 3 5 60 43,heads,regular,2
2022-12-12T08:09:00Z,42,20 18 67 65 38 77 29 39 5 17 76 63 66 49 31 32 12 21 14 69,heads,minor,1
2022-12-12T08:12:00Z,44,24 34 52 51 72 41 63 49 14 40 59 77 26 17 55 53 70 12 58 5,tails,major,3
2022-12-12T08:15:00Z,45,42 25 54 28 60 41 5 19 31 68 51 40 4 62 69 43 27 55 22 64,tails,regular,2
2022-12-12T08:18:00Z,46,25 11 71 26 5 29 67 48 19 49 75 23 63 43 2 6 74 55 12 8,heads,regular,1
2022-12-12T08:21:00Z,47,48 68 39 69 45 6 42 65 43 66 36 37 16 80 44 63 46 56 25 74,tails,regular,2
2022-12-12T08:24:00Z,48,55 6 35 9 40 71 4 62 38 69 47 45 58 22 36 44 20 21 68 7,heads,regular,3
2022-12-12T08:27:00Z,49,62 77 21 61 26 8 47 39 49 75 31 68 64 2 14 45 32 3 16 69,evens,major,3
2022-12-12T08:30:00Z,50,23 67 24 13 17 33 40 56 21 29 71 10 31 48 20 28 76 60 15 69,heads,minor,1
2022-12-12T08:33:00Z,51,68 64 17 4 12 71 27 63 57 37 60 69 46 29 28 2 21 14 75 11,heads,regular,2
2022-12-12T08:36:00Z,53,47 24 44 70 17 67 40 62 32 48 68 11 3 73 25 39 75 23 78 21,evens,regular,3
2022-12-12T08:39:00Z,54,73 1 13 32 60 62 56 78 24 76 79 80 7 77 29 43 11 49 66 16,tails,major,5
2022-12-12T08:42:00Z,55,31 77 45 24 36 37 79 21 18 67 44 35 69 76 47 60 1 11 27 64,evens,major,1
2022-12-12T08:45:00Z,56,68 1 55 24 12 56 69 2 33 54 73 5 28 31 11 25 17 30 43 51,heads,minor,5
2022-12-12T08:48:00Z,57,46 32 53 24 56 30 51 79 5 21 43 72 15 3 71 25 37 50 69 58,tails,regular,2
2022-12-12T08:51:00Z,58,55 61 62 33 70 79 14 18 44 11 51 5 21 27 42 59 37 20 22 66,evens,regular,1
2022-12-12T08:54:00Z,59,68 71 47 5 20 40 34 76 39 45 28 21 24 44 57 29 3 36 7 61,heads,regular,1
2022-12-12T08:57:00Z,60,58 52 35 12 61 76 18 46 10 60 2 32 57 44 25 75 31 14 67 11,evens,regular,1
2022-12-12T09:00:00Z,62,54 71 61 60 32 40 65 64 70 45 62 26 53 63 50 75 15 27 76 41,tails,regular,1
2022-12-12T09:03:00Z,63,19 57 11 59 27 54 25 69 20 52 34 48 65 17 39 36 70 10 73 5,heads,minor,4
2022-12-12T09:06:00Z,64,76 21 33 35 46 9 22 30 32 73 80 40 77 59 2 65 64 69 4 25,heads,regular,4
2022-12-12T09:09:00Z,65,62 69 44 80 21 32 10 71 35 40 68 74 72 63 37 7 23 42 38 16,evens,regular,3
2022-12-12T09:12:00Z,66,34 30 26 50 11 72 51 2 4 1 7 78 45 70 9 13 15 14 36 5,heads,regular,1
2022-12-12T09:15:00Z,67,60 31 74 19 67 15 30 46 70 53 37 72 1 64 25 11 33 4 6 51,heads,minor,4
2022-12-12T09:18:00Z,68,7 55 15 31 58 39 69 51 76 22 56 20 11 61 45 19 14 43 54 68,tails,minor,2
2022-12-12T09:21:00Z,69,76 3 23 28 62 7 8 39 46 31 38 1 10 5 72 55 25 4 37 6,heads,regular,3
2022-12-12T09:24:00Z,71,3 15 80 8 7 61 20 54 37 53 34 40 23 14 70 13 57 48 78 35,heads,regular,3
2022-12-12T09:27:00Z,72,35 52 24 8 22 58 65 53 11 72 44 51 54 68 34 41 2 28 46 49,tails,regular,2
2022-12-12T09:30:00Z,73,63 29 11 18 30 4 64 38 47 66 39 60 74 14 13 69 2 49 67 7,heads,major,2
2022-12-12T09:33:00Z,74,13 45 52 30 14 77 51 62 58 12 18 9 4 27 75 19 11 28 80 68,heads,regular,2
2022-12-12T09:36:00Z,75,11 33 54 55 51 24 79 17 73 56 9 8 39 7 22 12 38 20 14 71,heads,regular,1
2022-12-12T09:39:00Z,76,20 23 2 1 18 34 46 36 66 53 28 58 44 30 71 74 51 16 78 41,evens,minor,4
2022-12-12T09:42:00Z,77,24 21 9 13 2 56 78 71 4 63 31 77 46 20 41 5 29 53 1 50,heads,regular,1
2022-12-12T09:45:00Z,78,56 77 72 34 47 17 66 54 78 55 40 26 5 35 64 7 30 71 3 69,tails,regular,2
2022-12-12T09:48:00Z,80,50 16 23 36 30 51 76 69 14 46 52 57 42 67 29 56 55 61 24 74,tails,minor,1
2022-12-12T09:51:00Z,81,11 38 67 27 16 19 60 80 22 20 41 18 72 33 7 43 12 40 3 61,heads,regular,2
2022-12-12T09:54:00Z,82,18 65 78 66 3 42 28 35 39 9 54 46 31 58 45 34 6 15 26 77,heads,regular,2
2022-12-12T09:57:00Z,83,12 37 48 74 26 41 23 25 46 54 1 52 28 68 6 62 38 57 58 53,tails,major,3
2022-12-12T10:00:00Z,84,42 71 20 52 59 73 24 38 27 37 51 60 49 67 32 22 48 13 45 55,tails,regular,2
2022-12-12T10:03:00Z,85,42 20 22 76 63 39 78 51 58 38 59 1 29 44 45 75 40 66 52 55,tails,major,3
2022-12-12T10:06:00Z,86,28 20 78 53 49 70 15 32 46 64 62 34 36 27 56 39 63 35 21 51,evens,regular,1
2022-12-12T10:09:00Z,87,26 5 1 21 63 74 71 56 13 44 48 80 76 16 30 57 52 2 19 34,evens,major,1
2022-12-12T10:12:00Z,89,35 69 21 75 17 78 66 49 14 36 18 33 26 28 29 10 74 70 16 48,heads,regular,1
2022-12-12T10:15:00Z,90,78 55 70 27 28 60 76 19 29 47 64 68 54 41 49 35 42 38 72 24,tails,minor,2
2022-12-12T10:18:00Z,91,30 43 47 17 71 70 33 13 77 52 66 48 29 12 64 39 65 18 38 36,evens,minor,2
2022-12-12T10:21:00Z,92,17 10 33 12 59 20 16 56 36 65 41 73 61 48 34 53 27 31 15 70,heads,regular,2
2022-12-12T10:24:00Z,93,26 58 66 39 73 50 35 68 18 7 69 43 45 60 6 12 67 49 65 40,tails,regular,2
2022-12-12T10:27:00Z,94,79 6 71 43 22 26 5 32 58 66 60 24 10 8 21 16 18 59 67 2,heads,regular,1
2022-12-12T10:30:00Z,95,32 78 12 77 43 16 11 28 68 67 22 41 69 52 76 45 6 53 14 8,tails,regular,1
2022-12-12T10:33:00Z,96,5 23 76 8 77 49 35 19 79 71 21 20 66 1 3 28 70 65 50 26,heads,regular,1
2022-12-12T10:36:00Z,98,20 72 5 65 19 71 78 16 49 39 35 32 2 37 17 12 25 59 66 67,heads,regular,1
2022-12-12T10:39:00Z,99,48 12 47 46 28 57 50 16 75 26 33 25 29 6 27 71 40 73 2 54,heads,regular,1
2022-12-12T10:42:00Z,100,1 17 67 4 63 37 52 3 22 72 80 25 16 11 24 57 45 14 6 38,heads,regular,3
2022-12-12T10:45:00Z,101,36 62 25 47 37 8 79 77 51 33 19 53 29 45 5 31 9 1 60 11,heads,minor,1
2022-12-12T10:48:00Z,102,70 72 31 29 57 34 38 37 58 73 63 52 11 75 18 67 45 14 76 39,tails,regular,2
2022-12-12T10:51:00Z,103,72 77 58 80 14 61 75 38 47 35 74 28 2 69 53 66 71 56 65 32,tails,regular,1
2022-12-12T10:54:00Z,104,44 29 17 68 7 22 58 20 42 80 35 33 62 73 43 10 30 63 27 14,heads,regular,2
2022-12-12T10:57:00Z,105,26 11 35 12 69 20 29 80 14 67 76 48 65 39 40 2 10 79 64 28,heads,minor,2
2022-12-12T11:00:00Z,107,16 33 49 34 47 60 80 75 25 8 43 57 9 29 59 13 41 24 51 52,tails,minor,10
2022-12-12T11:03:00Z,108,21 24 14 34 64 73 70 57 77 71 36 3 43 13 55 72 26 39 68 12,evens,major,3
2022-12-12T11:06:00Z,109,71 62 21 39 31 27 6 60 37 13 22 58 36 67 35 52 40 19 48 33,heads,regular,2
2022-12-12T11:09:00Z,110,50 31 10 32 12 74 42 41 39 49 19 78 62 55 61 56 45 22 71 48,tails,regular,1
2022-12-12T11:12:00Z,111,23 10 75 1 9 8 68 78 27 49 53 61 21 50 20 13 79 52 47 25,evens,minor,4
2022-12-12T11:15:00Z,112,26 68 28 16 44 62 80 13 72 54 65 20 45 31 6 74 61 59 11 33,tails,minor,2
2022-12-12T11:18:00Z,113,40 34 27 53 80 26 9 31 17 44 21 29 4 61 11 65 63 13 79 49,heads,regular,3
2022-12-12T11:21:00Z,114,14 45 66 30 26 34 37 80 17 77 33 67 63 7 53 12 38 49 57 32,heads,regular,1
2022-12-12T11:24:00Z,116,78 39 13 28 45 21 50 37 14 11 52 35 17 44 8 47 51 72 33 67,heads,regular,1
2022-12-12T11:27:00Z,117,17 74 9 40 42 8 14 24 65 53 12 66 26 2 31 13 58 21 15 55,heads,regular,1
2022-12-12T11:30:00Z,118,43 32 70 23 79 21 7 52 13 18 34 60 40 57 4 55 27 80 42 73,evens,major,4
2022-12-12T11:33:00Z,119,51 71 78 19 32 2 68 62 72 73 27 54 6 65 50 40 45 24 3 41,tails,regular,1
2022-12-12T11:36:00Z,120,23 31 57 43 67 72 61 70 41 55 26 34 13 77 40 19 39 47 3 7,evens,regular,2
2022-12-12T11:39:00Z,121,19 30 11 49 80 34 70 51 32 68 1 45 3 64 56 78 61 12 23 39,evens,minor,3
2022-12-12T11:42:00Z,122,54 47 70 20 14 58 25 55 19 16 28 72 12 33 52 36 80 27 37 18,heads,regular,1
2022-12-12T11:45:00Z,123,53 33 10 25 68 66 15 38 46 48 5 43 57 51 58 77 1 18 20 72,tails,regular,3
2022-12-12T11:48:00Z,125,44 53 24 57 11 63 14 47 74 42 20 23 64 72 26 68 77 30 28 9,tails,regular,2
2022-12-12T11:51:00Z,126,32 76 36 45 61 15 47 14 29 51 2 78 60 68 80 54 52 75 58 37,tails,minor,3
2022-12-12T11:54:00Z,127,21 65 35 58 7 60 39 56 57 62 54 31 2 63 9 11 36 5 48 28,heads,regular,1
2022-12-12T11:57:00Z,128,71 8 72 53 38 43 10 29 74 28 70 22 68 44 78 24 75 4 19 59,tails,minor,2
2022-12-12T12:00:00Z,129,58 14 32 62 71 79 35 27 69 65 4 38 42 40 34 76 21 80 8 13,heads,minor,2
2022-12-12T12:03:00Z,130,64 51 13 66 42 49 79 68 45 25 1 77 3 26 33 59 44 7 9 35,tails,regular,3
2022-12-12T12:06:00Z,131,43 79 60 53 28 11 74 64 57 55 13 68 50 54 24 48 72 63 52 30,tails,major,4
2022-12-12T12:09:00Z,132,79 36 40 60 19 45 39 10 5 9 32 49 58 57 23 55 29 14 1 77,heads,regular,1
2022-12-12T12:12:00Z,134,43 76 52 16 26 14 73 11 27 60 66 57 80 58 28 50 78 33 41 6,tails,minor,1
2022-12-12T12:15:00Z,135,2 34 57 29 20 56 72 79 38 4 19 64 48 7 54 11 51 5 30 39,heads,regular,1
2022-12-12T12:18:00Z,136,76 55 57 38 13 15 7 69 75 29 54 80 45 62 30 32 39 46 77 64,tails,regular,1
2022-12-12T12:21:00Z,137,43 67 68 78 20 26 40 24 33 25 30 3 71 77 69 58 45 49 12 65,tails,regular,1
2022-12-12T12:24:00Z,138,53 60 61 66 1 71 28 5 56 22 34 68 27 14 20 55 64 26 7 18,heads,regular,3
2022-12-12T12:27:00Z,139,52 74 41 73 49 58 18 63 55 1 12 29 64 79 33 76 4 20 24 28,tails,minor,1
2022-12-12T12:30:00Z,140,78 10 46 69 19 51 20 33 44 72 4 21 17 27 8 34 57 71 7 15,heads,minor,2
2022-12-12T12:33:00Z,141,20 57 18 27 44 46 45 80 78 23 16 51 62 11 38 13 59 54 65 3,tails,regular,2
2022-12-12T12:36:00Z,143,20 45 9 77 11 72 61 28 64 24 26 58 65 44 69 25 73 49 51 55,tails,regular,1
2022-12-12T12:39:00Z,144,22 29 70 46 45 37 31 17 12 57 80 52 61 68 20 32 72 19 39 51,evens,regular,2
2022-12-12T12:42:00Z,145,21 52 61 16 75 30 70 69 40 79 72 29 46 38 6 60 80 51 32 49,tails,minor,2
2022-12-12T12:45:00Z,146,76 28 43 30 22 47 75 27 63 17 78 48 51 42 54 77 31 18 19 4,tails,minor,3
2022-12-12T12:48:00Z,147,22 25 42 10 33 77 29 72 17 18 24 65 31 50 3 46 15 13 78 34,heads,major,3
2022-12-12T12:51:00Z,148,1 37 41 60 75 8 20 56 63 13 76 80 32 64 79 52 47 49 5 22,tails,regular,2
2022-12-12T12:54:00Z,149,65 12 1 74 34 33 19 36 10 15 43 20 52 60 16 77 2 11 57 68,heads,regular,5
2022-12-12T12:57:00Z,150,11 49 59 37 66 13 50 15 32 42 12 80 19 62 21 69 57 74 30 14,evens,regular,1
2022-12-12T13:00:00Z,152,65 8 47 44 25 43 31 55 15 79 20 40 37 34 6 58 28 38 5 14,heads,regular,1
2022-12-12T13:03:00Z,153,73 76 27 37 28 14 50 20 24 34 56 60 17 59 61 79 4 44 43 46,tails,regular,1
2022-12-12T13:06:00Z,154,57 15 23 52 13 25 48 55 40 47 60 8 73 34 7 46 17 78 67 49,tails,minor,2
2022-12-12T13:09:00Z,155,3 30 31 1 62 20 10 23 39 21 28 5 13 52 66 41 60 75 14 40,heads,minor,2
2022-12-12T13:12:00Z,156,48 9 59 45 71 16 80 18 30 43 57 70 63 36 46 35 23 79 10 76,tails,major,1
2022-12-12T13:15:00Z,157,9 72 29 75 59 2 68 16 70 45 50 47 7 18 13 78 33 26 71 25,evens,regular,1
2022-12-12T13:18:00Z,158,74 63 8 37 35 12 75 33 56 13 72 62 27 24 31 46 7 80 39 21,heads,regular,1
2022-12-12T13:21:00Z,159,34 72 9 59 32 31 60 68 64 4 20 70 12 49 30 3 36 28 22 41,heads,regular,3
2022-12-12T13:24:00Z,161,16 47 19 27 79 78 70 48 73 22 66 72 26 9 53 59 63 18 23 14,tails,regular,2
2022-12-12T13:27:00Z,162,46 32 29 31 43 8 20 26 50 23 68 79 12 78 28 53 27 47 34 56,heads,minor,4
2022-12-12T13:30:00Z,163,34 70 43 63 6 13 10 31 69 3 14 9 39 20 22 12 33 56 44 19,heads,regular,2
2022-12-12T13:33:00Z,164,60 61 43 26 80 71 77 25 22 19 34 73 62 10 78 70 13 44 46 27,tails,regular,2
2022-12-12T13:36:00Z,165,57 76 15 8 21 60 56 6 30 79 35 59 77 33 1 34 23 73 31 52,heads,minor,3
2022-12-12T13:39:00Z,166,39 28 16 65 29 27 25 30 2 4 63 55 69 72 1 78 24 41 18 11,heads,minor,1
2022-12-12T13:42:00Z,167,62 57 10 27 22 18 19 38 8 2 31 73 74 15 79 43 64 58 41 65,evens,major,2
2022-12-12T13:45:00Z,168,64 71 56 57 47 66 49 76 17 65 4 72 29 21 46 5 28 11 35 63,tails,regular,2
2022-12-12T13:48:00Z,170,22 27 66 28 77 18 13 34 33 51 40 4 45 70 35 43 76 10 37 44,heads,regular,1
2022-12-12T13:51:00Z,171,8 11 58 39 55 51 25 59 70 9 75 53 79 27 46 20 41 63 35 17,tails,regular,3
2022-12-12T13:54:00Z,172,4 38 60 6 65 18 77 30 53 29 54 76 25 15 79 62 46 44 71 67,tails,minor,1
2022-12-12T13:57:00Z,173,63 55 48 17 27 51 67 54 15 73 53 20 35 41 24 14 12 72 74 75,tails,major,1
2022-12-12T14:00:00Z,174,27 12 35 52 51 1 55 47 31 76 24 59 32 80 48 16 54 6 50 33,evens,regular,1
2022-12-12T14:03:00Z,175,72 17 63 77 62 2 54 35 78 65 53 61 41 56 39 73 23 28 14 43,tails,major,1
2022-12-12T14:06:00Z,176,31 66 35 5 28 53 72 25 77 7 30 79 29 63 52 50 38 47 75 17,evens,regular,1
2022-12-12T14:09:00Z,177,39 15 64 10 29 35 45 58 6 43 69 1 75 9 65 49 63 41 32 51,tails,regular,3
2022-12-12T14:12:00Z,179,5 2 53 72 38 63 76 48 46 31 54 22 28 47 73 39 33 62 25 61,tails,regular,2
2022-12-12T14:15:00Z,180,70 61 15 4 66 43 62 25 9 27 44 29 47 19 77 58 74 69 11 14,tails,regular,3
2022-12-12T14:18:00Z,181,45 35 2 55 79 37 36 76 21 7 38 53 44 77 41 67 78 59 72 70,tails,regular,1
2022-12-12T14:21:00Z,182,46 24 79 22 76 60 17 41 19 47 78 44 35 68 55 75 14 36 48 63,tails,regular,1
2022-12-12T14:24:00Z,183,18 23 39 27 26 69 5 17 61 6 76 3 53 41 7 68 25 72 46 32,heads,regular,2
2022-12-12T14:27:00Z,184,61 38 58 62 5 3 22 2 74 70 53 45 18 23 28 37 66 14 41 47,evens,major,1
2022-12-12T14:30:00Z,185,38 43 10 20 57 6 40 28 74 14 61 15 2 19 60 68 26 73 31 16,heads,major,2
2022-12-12T14:33:00Z,186,68 30 25 77 17 54 13 49 71 7 35 72 73 31 32 2 61 78 63 58,tails,minor,3
2022-12-12T14:36:00Z,188,43 69 68 23 13 9 47 42 57 11 49 70 14 33 17 59 51 45 44 29,tails,minor,1
2022-12-12T14:39:00Z,189,52 57 23 4 55 32 21 62 65 12 44 48 79 30 77 35 16 20 25 60,evens,regular,2
2022-12-12T14:42:00Z,190,61 48 28 20 5 4 1 44 33 64 30 15 62 70 54 66 77 23 38 69,evens,regular,1
2022-12-12T14:45:00Z,191,65 53 37 16 58 71 69 18 27 40 39 75 62 52 72 45 36 26 3 43,tails,minor,1
2022-12-12T14:48:00Z,192,37 45 31 61 57 3 71 76 12 17 23 50 73 70 68 63 41 48 18 60,tails,regular,3
2022-12-12T14:51:00Z,193,31 17 15 69 71 6 14 27 54 43 32 66 11 72 63 26 22 33 10 49,heads,regular,2
2022-12-12T14:54:00Z,194,57 76 7 27 73 3 30 77 31 25 47 22 15 24 32 36 68 61 17 35,heads,minor,3
2022-12-12T14:57:00Z,195,52 73 62 33 60 78 35 56 10 20 22 77 8 80 37 41 34 4 70 61,tails,minor,3
2022-12-12T15:00:00Z,197,15 43 3 37 13 41 21 63 5 39 59 44 52 70 55 7 61 4 80 77,tails,regular,1
2022-12-12T15:03:00Z,198,63 38 7 55 80 43 62 27 25 53 1 30 41 45 8 37 13 6 56 67,evens,regular,3
2022-12-12T15:06:00Z,199,73 20 60 41 37 39 75 25 74 28 31 12 72 24 78 48 59 79 62 66,tails,minor,3
2022-12-12T15:09:00Z,200,41 55 47 60 75 14 64 38 2 71 65 40 15 7 4 22 1 20 46 5,heads,regular,1
2022-12-12T15:12:00Z,201,68 60 21 73 6 15 19 16 8 14 58 35 3 80 65 25 63 20 22 23,heads,regular,1
2022-12-12T15:15:00Z,202,75 64 67 32 45 38 29 40 59 48 70 46 14 30 53 5 10 41 74 11,tails,major,4
2022-12-12T15:18:00Z,203,37 44 13 68 77 64 49 55 38 42 51 43 1 8 72 34 46 62 28 71,tails,regular,1
2022-12-12T15:21:00Z,204,37 74 10 69 34 2 60 19 35 21 48 29 63 66 49 38 3 27 32 41,heads,regular,3
2022-12-12T15:24:00Z,206,54 20 69 47 74 45 56 72 26 58 60 4 16 28 39 48 66 65 27 22,tails,regular,2
2022-12-12T15:27:00Z,207,38 4 49 2 76 70 5 8 67 78 28 60 25 11 66 18 54 20 56 12,heads,regular,1
2022-12-12T15:30:00Z,208,15 2 63 58 33 9 40 7 23 71 51 77 14 56 39 5 27 24 1 41,heads,regular,1
2022-12-12T15:33:00Z,209,41 54 2 71 53 77 37 24 30 44 5 12 60 78 42 46 65 28 16 14,tails,regular,3
2022-12-12T15:36:00Z,210,57 43 78 41 2 64 4 14 31 61 11 72 17 6 22 51 67 69 66 21,tails,regular,1
2022-12-12T15:39:00Z,211,41 29 4 57 43 23 3 52 36 80 46 27 61 24 58 35 77 75 69 25,tails,minor,2
2022-12-12T15:42:00Z,212,59 31 7 13 43 51 78 54 38 67 36 35 45 24 63 32 41 28 77 66,tails,regular,1
2022-12-12T15:45:00Z,213,37 73 33 53 76 61 74 46 40 28 69 5 9 38 17 71 19 36 24 32,heads,regular,3
2022-12-12T15:48:00Z,215,15 64 72 60 49 47 3 31 32 78 39 14 29 61 24 37 80 42 7 13,heads,regular,1
2022-12-12T15:51:00Z,216,71 76 77 58 56 21 12 20 37 8 80 23 26 46 55 48 62 65 36 79,tails,major,1
2022-12-12T15:54:00Z,217,71 70 64 40 69 35 14 53 4 24 33 9 25 73 42 54 59 58 5 68,tails,regular,3
2022-12-12T15:57:00Z,218,63 23 12 55 79 54 70 33 41 6 57 77 15 44 20 37 36 3 8 73,evens,major,2
2022-12-12T16:00:00Z,219,16 80 19 79 20 24 10 17 51 70 77 66 14 34 63 32 73 1 72 59,evens,minor,1
2022-12-12T16:03:00Z,220,44 45 55 24 61 33 64 10 5 37 21 57 28 32 74 42 70 35 63 38,evens,regular,4
2022-12-12T16:06:00Z,221,8 53 21 56 50 64 72 61 31 35 78 60 54 43 49 76 27 34 77 57,tails,regular,3
2022-12-12T16:09:00Z,222,70 9 14 48 80 56 75 34 32 59 8 27 16 20 1 2 61 19 11 6,heads,regular,3
2022-12-12T16:12:00Z,224,72 39 5 69 25 45 59 80 20 28 24 53 47 65 57 63 6 2 56 55,tails,regular,3
2022-12-12T16:15:00Z,225,78 21 32 72 34 48 26 11 27 40 35 71 46 63 58 10 18 47 20 74,heads,regular,1
2022-12-12T16:18:00Z,226,74 31 5 72 73 68 57 32 60 25 30 27 46 29 56 37 69 70 49 33,tails,regular,1
2022-12-12T16:21:00Z,227,18 76 20 22 51 62 14 37 44 55 3 16 71 74 24 21 47 1 29 48,heads,regular,1
2022-12-12T16:24:00Z,228,45 13 71 29 8 62 6 41 25 66 4 37 43 75 44 14 67 74 11 21,evens,regular,3
2022-12-12T16:27:00Z,229,43 10 14 67 46 21 59 45 13 37 74 34 25 70 30 62 77 8 60 48,tails,regular,2
2022-12-12T16:30:00Z,230,29 36 12 30 24 10 28 37 6 60 41 63 5 32 69 18 25 68 62 64,heads,regular,1
2022-12-12T16:33:00Z,231,25 37 67 14 73 12 59 7 53 2 54 6 29 35 66 46 75 42 17 71,evens,minor,4
2022-12-12T16:36:00Z,233,29 66 79 3 63 64 30 32 14 42 55 4 21 9 68 69 50 51 31 52,tails,minor,1
2022-12-12T16:39:00Z,234,28 22 5 15 16 58 9 69 34 27 1 26 36 12 20 43 53 79 60 37,heads,regular,3
2022-12-12T16:42:00Z,235,33 71 74 73 40 43 62 16 17 19 72 36 80 2 65 13 24 67 63 56,tails,regular,1
2022-12-12T16:45:00Z,236,49 37 30 68 71 56 13 63 50 31 54 67 4 75 22 10 27 60 35 34,evens,minor,3
2022-12-12T16:48:00Z,237,6 13 68 20 71 51 78 18 19 33 7 75 79 40 15 76 60 63 30 26,heads,major,4
2022-12-12T16:51:00Z,238,6 51 43 46 29 68 2 8 79 72 80 62 25 40 75 9 41 60 35 3,tails,regular,1
2022-12-12T16:54:00Z,239,6 44 23 19 25 73 62 31 54 49 47 41 42 13 56 60 11 4 72 18,tails,regular,3
2022-12-12T16:57:00Z,240,28 30 72 13 4 23 43 9 17 55 16 66 2 48 57 63 18 6 59 40,heads,regular,1
2022-12-12T17:00:00Z,242,23 76 24 16 68 1 67 34 55 64 36 5 72 25 9 62 60 45 50 10,evens,minor,1
2022-12-12T17:03:00Z,243,69 70 31 21 32 48 72 52 78 13 8 33 73 20 40 79 4 19 5 38,heads,minor,10
2022-12-12T17:06:00Z,244,35 78 59 80 63 13 70 60 29 79 77 55 3 73 41 37 67 44 21 61,tails,minor,1
2022-12-12T17:09:00Z,245,60 5 3 58 77 70 34 30 66 9 24 21 26 14 44 53 65 62 51 11,evens,regular,1
2022-12-12T17:12:00Z,246,76 24 50 5 65 48 71 63 61 38 35 59 6 52 40 16 42 56 30 46,tails,regular,1
2022-12-12T17:15:00Z,247,63 27 75 34 79 24 31 66 18 25 11 52 21 14 23 41 19 64 28 36,heads,minor,1
2022-12-12T17:18:00Z,248,68 38 13 18 7 36 26 59 80 77 50 8 21 61 76 14 2 32 28 34,heads,minor,3
2022-12-12T17:21:00Z,249,24 45 13 12 1 55 66 65 62 69 72 44 75 7 2 8 23 36 21 59,evens,regular,1
2022-12-12T17:24:00Z,251,48 69 36 45 15 66 18 31 10 32 41 64 16 56 17 27 80 30 21 53,heads,regular,2
2022-12-12T17:27:00Z,252,29 74 55 2 64 57 22 43 10 40 13 19 62 24 61 21 20 48 38 33,heads,regular,2
2022-12-12T17:30:00Z,253,3 30 57 25 51 50 75 13 67 52 44 55 60 73 27 24 65 23 43 29,tails,regular,1
2022-12-12T17:33:00Z,254,33 31 21 39 35 53 75 18 59 68 80 3 79 76 26 30 77 67 78 34,evens,minor,3
2022-12-12T17:36:00Z,255,45 24 44 6 12 11 17 30 80 10 73 27 49 71 51 58 77 47 38 65,tails,minor,1
2022-12-12T17:39:00Z,256,31 20 26 68 18 61 11 66 16 2 37 77 62 73 46 19 3 48 28 70,heads,regular,5
2022-12-12T17:42:00Z,257,36 52 39 56 27 38 49 17 16 76 29 45 5 47 25 71 28 55 11 41,heads,minor,3
2022-12-12T17:45:00Z,258,12 53 75 47 45 32 43 9 74 78 67 28 36 25 27 55 35 70 71 48,tails,regular,2
2022-12-12T17:48:00Z,260,23 32 22 6 47 33 19 18 60 3 53 12 70 16 50 76 49 35 80 43,heads,regular,1
2022-12-12T17:51:00Z,261,14 73 71 35 10 76 44 2 30 64 52 42 61 72 4 9 38 19 36 54,evens,major,2
2022-12-12T17:54:00Z,262,8 49 42 30 79 58 51 33 78 57 48 24 10 63 67 56 68 15 66 60,tails,regular,1
2022-12-12T17:57:00Z,263,44 74 11 21 41 20 4 53 40 13 67 17 31 34 71 65 10 14 57 18,heads,regular,5
2022-12-12T18:00:00Z,264,38 63 76 50 61 15 34 22 46 78 25 12 17 35 65 80 29 42 1 67,evens,minor,3
2022-12-12T18:03:00Z,265,41 7 13 16 80 34 56 17 29 51 25 64 45 12 58 10 60 70 79 6,evens,regular,1
2022-12-12T18:06:00Z,266,1 72 18 54 53 19 14 2 74 11 25 36 29 13 64 46 24 55 6 62,heads,regular,1
2022-12-12T18:09:00Z,267,67 75 34 72 2 74 73 32 60 53 6 25 70 44 26 19 9 4 56 76,tails,minor,1
2022-12-12T18:12:00Z,269,64 17 56 54 27 79 44 31 74 28 18 49 23 55 15 51 30 7 8 75,evens,minor,10
2022-12-12T18:15:00Z,270,68 43 49 41 37 18 5 31 77 73 16 8 34 45 78 22 29 36 11 74,heads,regular,2
2022-12-12T18:18:00Z,271,16 50 39 35 47 46 17 79 27 9 23 63 66 76 54 64 51 77 67 68,tails,major,3
2022-12-12T18:21:00Z,272,27 31 69 2 58 18 72 20 66 48 64 37 76 41 80 1 30 28 10 65,evens,regular,2
2022-12-12T18:24:00Z,273,8 80 44 36 34 25 73 29 9 31 11 13 28 55 26 76 75 30 59 27,heads,minor,4
2022-12-12T18:27:00Z,274,25 14 9 28 80 69 10 6 24 48 74 16 31 38 12 19 5 75 79 57,heads,regular,1
2022-12-12T18:30:00Z,275,68 72 67 36 20 1 31 4 41 24 26 64 52 35 15 6 60 70 54 75,evens,regular,3
2022-12-12T18:33:00Z,276,23 62 69 6 5 20 22 33 11 34 75 16 10 28 77 65 54 7 30 48,heads,regular,1
2022-12-12T18:36:00Z,278,6 72 73 46 54 35 24 80 23 56 25 62 3 44 9 21 47 40 42 7,evens,minor,4
2022-12-12T18:39:00Z,279,15 25 43 49 53 23 34 32 13 8 31 35 44 46 80 54 22 66 58 6,heads,regular,1
2022-12-12T18:42:00Z,280,2 25 30 22 57 72 78 60 48 24 42 44 9 1 70 52 75 54 50 26,tails,regular,3
2022-12-12T18:45:00Z,281,63 28 24 25 54 72 46 32 8 59 30 64 34 48 3 53 67 26 60 17,evens,regular,1
2022-12-12T18:48:00Z,282,71 67 66 26 48 28 24 44 55 70 27 31 43 34 19 6 37 47 73 20,evens,regular,2
2022-12-12T18:51:00Z,283,20 25 35 2 55 18 79 53 65 26 60 52 50 71 61 10 72 66 5 38,tails,regular,3
2022-12-12T18:54:00Z,284,9 58 25 72 22 48 68 39 31 20 32 24 10 35 26 7 15 40 59 38,heads,regular,1
2022-12-12T18:57:00Z,285,31 79 8 26 56 61 14 40 52 38 70 36 67 45 43 10 15 27 54 63,evens,minor,1
2022-12-12T19:00:00Z,287,54 7 18 5 59 2 71 67 80 77 66 16 73 12 3 39 60 63 55 49,tails,regular,3
2022-12-12T19:03:00Z,288,75 20 26 77 54 13 10 80 17 5 55 78 19 64 56 16 44 49 42 66,tails,regular,1
2022-12-12T19:06:00Z,289,75 49 78 35 50 24 6 34 15 57 54 42 45 73 77 40 20 44 74 70,tails,regular,1
2022-12-12T19:09:00Z,290,29 40 41 52 80 8 78 43 18 48 5 30 70 55 42 58 54 59 62 31,tails,regular,1
2022-12-12T19:12:00Z,291,80 31 54 34 59 69 22 74 70 61 30 48 26 56 62 13 76 55 51 73,tails,regular,3
2022-12-12T19:15:00Z,292,17 53 3 62 5 71 4 32 48 27 29 19 69 33 40 45 52 74 49 38,heads,regular,3
2022-12-12T19:18:00Z,293,47 54 50 25 17 57 52 29 55 40 30 16 74 15 3 75 68 26 8 53,evens,regular,3
2022-12-12T19:21:00Z,294,8 62 26 19 20 3 32 22 49 31 63 52 46 5 67 18 77 27 24 71,heads,major,1
2022-12-12T19:24:00Z,296,36 41 72 26 49 59 19 39 30 75 11 55 64 46 16 71 76 62 12 48,tails,minor,1
2022-12-12T19:27:00Z,297,57 23 25 27 46 43 14 35 69 12 9 59 39 79 32 42 66 22 24 30,heads,regular,2
2022-12-12T19:30:00Z,298,3 10 17 80 79 50 68 48 19 61 63 15 45 74 47 76 24 5 32 31,tails,minor,1
2022-12-12T19:33:00Z,299,69 40 35 16 65 21 19 61 25 57 20 29 63 53 12 27 7 6 75 3,heads,minor,2
2022-12-12T19:36:00Z,300,60 65 28 79 63 48 40 24 52 50 33 72 62 12 6 66 73 1 54 3,tails,regular,3
2022-12-12T19:39:00Z,301,30 13 7 68 47 45 76 74 38 58 78 46 14 16 5 32 73 71 64 43,tails,minor,2
2022-12-12T19:42:00Z,302,33 44 19 12 65 54 11 21 15 46 30 27 9 3 78 17 31 72 34 8,heads,regular,3
2022-12-12T19:45:00Z,303,25 58 8 71 57 70 49 69 16 75 18 40 20 19 73 60 15 32 67 68,tails,minor,1
2022-12-12T19:48:00Z,305,75 27 2 7 19 20 45 31 23 80 13 68 11 44 24 57 3 54 67 76,heads,major,1
2022-12-12T19:51:00Z,306,73 25 37 2 75 9 21 34 76 78 16 66 72 53 29 64 40 7 36 12,heads,regular,2
2022-12-12T19:54:00Z,307,4 75 74 48 22 70 47 11 3 68 40 50 37 17 58 27 31 8 63 28,heads,minor,2
2022-12-12T19:57:00Z,308,32 65 17 77 68 36 25 62 13 9 20 22 47 19 46 10 52 54 21 3,heads,regular,1
2022-12-12T20:00:00Z,309,60 9 44 13 41 63 10 43 62 35 78 34 11 73 36 53 67 52 57 19,tails,regular,2
2022-12-12T20:03:00Z,310,56 14 1 21 50 76 55 17 57 38 46 77 2 63 45 36 11 24 33 62,evens,minor,2
2022-12-12T20:06:00Z,311,4 26 58 14 71 43 39 63 52 22 41 56 17 51 75 37 21 18 2 80,evens,minor,4
2022-12-12T20:09:00Z,312,4 5 43 35 27 80 60 55 34 37 62 48 23 54 18 44 51 71 73 12,tails,regular,2
2022-12-12T20:12:00Z,314,62 67 76 72 33 49 50 31 25 27 20 44 3 17 16 77 73 5 68 46,tails,regular,1
2022-12-12T20:15:00Z,315,30 15 6 39 2 4 16 14 3 59 48 40 57 60 70 76 37 10 58 67,heads,regular,1
2022-12-12T20:18:00Z,316,12 79 7 45 67 48 41 40 77 74 60 43 49 57 50 47 63 71 44 14,tails,regular,10
2022-12-12T20:21:00Z,317,42 32 67 72 27 77 80 15 24 45 40 1 52 60 55 57 8 58 30 65,tails,minor,1
2022-12-12T20:24:00Z,318,31 54 23 28 72 5 53 15 43 60 56 55 59 17 13 20 78 39 10 1,heads,regular,1
2022-12-12T20:27:00Z,319,43 15 8 27 14 40 80 50 63 31 23 33 30 58 32 65 20 1 19 56,heads,regular,1
2022-12-12T20:30:00Z,320,15 64 18 54 9 25 3 58 20 5 73 62 72 4 44 79 7 17 28 41,heads,regular,1
2022-12-12T20:33:00Z,321,6 29 45 64 31 16 20 59 2 68 55 47 24 14 35 53 74 54 30 43,evens,minor,4
2022-12-12T20:36:00Z,323,50 6 72 27 37 25 65 29 9 75 14 66 30 10 79 73 78 19 24 26,heads,minor,2
2022-12-12T20:39:00Z,324,63 45 76 13 34 60 67 72 6 32 74 24 52 1 44 2 25 43 64 28,tails,regular,2
2022-12-12T20:42:00Z,325,69 72 50 10 53 55 19 14 39 4 28 13 24 38 32 34 60 79 36 75,heads,regular,3
2022-12-12T20:45:00Z,326,33 19 22 24 1 59 28 38 31 23 56 65 63 15 21 79 8 40 47 76,heads,minor,3
2022-12-12T20:48:00Z,327,53 74 15 51 32 25 68 52 80 33 6 60 76 39 77 16 24 7 69 72,tails,regular,1
2022-12-12T20:51:00Z,328,8 38 46 76 41 17 25 73 61 27 58 66 71 67 44 22 30 42 7 3,tails,regular,2
2022-12-12T20:54:00Z,329,15 44 61 31 46 9 41 66 49 10 57 30 69 17 19 6 27 73 22 48,evens,regular,3
2022-12-12T20:57:00Z,330,40 41 75 21 1 15 34 8 58 37 26 25 60 48 4 45 70 63 29 79,heads,regular,3
2022-12-12T21:00:00Z,332,76 39 17 31 4 53 58 5 42 30 18 8 15 49 73 11 37 33 27 48,heads,regular,1
2022-12-12T21:03:00Z,333,46 22 8 9 33 69 11 79 56 28 47 48 2 25 36 16 35 62 23 68,heads,regular,1
2022-12-12T21:06:00Z,334,5 76 77 29 23 56 69 14 45 7 42 78 1 79 66 57 43 19 60 8,tails,regular,1
2022-12-12T21:09:00Z,335,40 62 73 3 6 1 14 21 4 5 30 17 59 54 9 57 33 45 10 50,heads,regular,1
2022-12-12T21:12:00Z,336,55 15 48 20 33 77 2 45 74 61 41 52 73 35 64 57 39 76 71 34,tails,regular,3
2022-12-12T21:15:00Z,337,67 4 28 48 10 19 38 11 5 44 2 63 1 16 57 52 31 66 22 55,heads,regular,3
2022-12-12T21:18:00Z,338,62 13 75 50 8 33 39 69 11 38 59 18 51 29 32 23 72 60 52 12,heads,major,2
2022-12-12T21:21:00Z,339,31 37 28 13 76 47 38 42 54 53 17 67 14 68 16 5 44 75 21 10,heads,regular,3
2022-12-12T21:24:00Z,341,69 61 3 5 12 75 28 70 42 53 9 23 78 26 1 2 43 7 51 73,evens,regular,2
2022-12-12T21:27:00Z,342,46 10 55 62 30 76 28 80 78 43 3 50 49 35 24 67 5 14 65 68,tails,regular,1
2022-12-12T21:30:00Z,343,65 25 74 56 63 30 50 14 44 1 46 80 2 8 39 12 42 55 66 64,tails,regular,2
2022-12-12T21:33:00Z,344,42 44 38 64 30 1 73 37 9 18 23 32 26 27 63 77 46 47 74 80,evens,major,4
2022-12-12T21:36:00Z,345,61 66 67 48 40 2 34 72 7 62 17 44 55 65 76 12 64 16 51 70,tails,regular,1
2022-12-12T21:39:00Z,346,64 61 78 47 41 19 20 46 34 79 54 60 38 72 56 23 48 62 31 76,tails,regular,1
2022-12-12T21:42:00Z,347,30 21 31 52 57 73 6 27 23 50 48 56 19 78 55 14 41 44 34 12,evens,regular,2
2022-12-12T21:45:00Z,348,1 51 19 10 26 54 67 27 60 21 29 5 78 43 79 50 49 23 63 70,tails,regular,2
2022-12-12T21:48:00Z,350,47 64 54 74 56 48 20 2 62 77 16 37 22 38 78 35 52 75 29 39,tails,regular,1
2022-12-12T21:51:00Z,351,38 13 51 42 24 47 69 59 31 60 26 35 34 36 16 78 68 52 48 11,evens,regular,4
2022-12-12T21:54:00Z,352,35 74 43 67 63 55 4 40 65 1 32 48 18 44 64 51 68 80 11 50,tails,minor,3
2022-12-12T21:57:00Z,353,33 77 52 30 37 53 8 42 41 36 20 78 1 48 34 59 12 79 50 71,tails,regular,1
2022-12-12T22:00:00Z,354,34 48 9 26 46 59 61 23 55 39 66 52 22 35 38 77 1 31 28 75,heads,regular,2
2022-12-12T22:03:00Z,355,49 6 2 63 25 70 34 43 78 45 21 29 7 13 76 1 75 35 59 64,evens,regular,2
2022-12-12T22:06:00Z,356,17 16 74 7 56 80 75 32 77 2 3 14 51 10 69 21 61 19 68 34,heads,regular,1
2022-12-12T22:09:00Z,357,77 59 2 60 73 67 55 10 43 24 20 5 26 31 80 75 49 36 17 41,tails,minor,3
2022-12-12T22:12:00Z,359,64 71 22 77 63 6 14 55 48 43 76 11 3 2 54 4 74 17 72 67,tails,regular,2
2022-12-12T22:15:00Z,360,1 4 38 37 43 10 28 72 44 71 23 7 30 47 17 62 45 46 49 79,evens,regular,2
2022-12-12T22:18:00Z,361,22 1 24 72 41 73 18 30 61 55 63 31 27 19 40 28 38 53 36 44,heads,regular,2
2022-12-12T22:21:00Z,362,4 33 6 35 17 11 9 38 66 54 77 70 43 64 8 42 41 63 14 39,heads,regular,2
2022-12-12T22:24:00Z,363,18 24 14 36 42 75 51 38 30 41 4 17 58 15 25 64 72 61 65 39,heads,regular,1
2022-12-12T22:27:00Z,364,30 23 37 57 61 66 43 6 51 27 3 62 52 58 75 78 1 11 54 80,tails,regular,2
2022-12-12T22:30:00Z,365,79 33 18 70 72 12 51 21 26 67 49 40 64 78 5 15 65 6 28 41,evens,regular,2
2022-12-12T22:33:00Z,366,13 80 67 52 8 18 27 6 58 70 30 53 21 49 16 64 15 68 20 7,heads,minor,2
2022-12-12T22:36:00Z,368,44 50 25 40 73 35 32 3 72 45 60 57 21 27 8 15 29 54 31 69,heads,minor,4
2022-12-12T22:39:00Z,369,74 11 56 76 77 52 51 61 48 41 36 3 6 80 32 29 47 39 67 38,tails,regular,3
2022-12-12T22:42:00Z,370,7 77 43 23 66 28 8 13 67 55 1 56 30 71 63 38 50 5 37 16,heads,regular,5
2022-12-12T22:45:00Z,371,26 78 28 39 8 63 25 48 16 30 61 69 4 53 1 3 41 9 45 18,heads,regular,3
2022-12-12T22:48:00Z,372,78 63 80 52 76 31 24 46 57 5 8 79 53 29 26 62 49 9 34 64,tails,regular,1
2022-12-12T22:51:00Z,373,64 45 39 50 5 4 75 28 62 41 63 7 43 25 67 59 23 74 71 58,tails,regular,1
2022-12-12T22:54:00Z,374,47 7 35 14 71 40 22 44 78 5 76 30 55 29 10 74 59 54 43 77,tails,regular,3
2022-12-12T22:57:00Z,375,12 2 44 53 27 67 52 5 69 76 22 7 42 63 38 36 15 80 46 54,tails,regular,2
2022-12-12T23:00:00Z,377,80 24 77 18 34 76 43 10 68 61 31 41 65 29 72 37 69 26 27 63,tails,regular,1
2022-12-12T23:03:00Z,378,75 24 67 45 1 70 55 28 17 23 12 68 33 11 58 3 15 60 66 50,evens,minor,2
2022-12-12T23:06:00Z,379,4 45 49 78 5 37 60 79 20 25 32 65 19 23 53 26 51 46 61 64,tails,regular,10
2022-12-12T23:09:00Z,380,49 73 59 45 42 28 5 57 11 53 66 27 34 50 60 39 46 69 24 71,tails,regular,1
2022-12-12T23:12:00Z,381,12 34 71 76 80 79 3 40 39 62 16 43 22 13 6 75 20 46 55 31,heads,minor,10
2022-12-12T23:15:00Z,382,47 11 51 5 78 61 49 59 73 25 58 71 43 13 39 79 18 15 19 60,tails,minor,1
2022-12-12T23:18:00Z,383,63 28 80 77 10 50 74 9 14 12 70 59 44 38 32 34 47 33 69 61,tails,regular,3
2022-12-12T23:21:00Z,384,36 33 42 49 63 72 29 73 43 28 37 61 8 5 23 21 12 69 19 1,heads,minor,2
2022-12-12T23:24:00Z,386,19 32 17 61 48 46 41 25 49 22 80 50 45 11 5 9 78 69 6 64,tails,regular,2
2022-12-12T23:27:00Z,387,56 69 53 66 73 58 59 5 6 78 2 41 27 68 15 35 4 30 34 65,tails,minor,2
2022-12-12T23:30:00Z,388,77 11 12 41 44 36 30 24 73 26 76 52 51 53 6 35 23 38 21 59,heads,major,1
2022-12-12T23:33:00Z,389,41 13 54 52 7 38 61 67 1 26 78 29 19 71 34 60 62 8 63 59,tails,regular,2
2022-12-12T23:36:00Z,390,20 64 53 73 70 16 31 66 80 30 7 23 34 50 57 75 36 18 51 4,evens,regular,1
2022-12-12T23:39:00Z,391,20 43 69 73 61 67 13 38 78 11 6 56 68 5 41 19 9 17 14 31,heads,minor,3
2022-12-12T23:42:00Z,392,61 51 78 25 35 30 40 54 73 19 14 21 80 72 18 32 59 7 36 76,heads,regular,3
2022-12-12T23:45:00Z,393,59 7 10 45 65 1 21 78 53 72 42 77 16 60 41 79 15 32 29 80,tails,regular,2
2022-12-12T23:48:00Z,395,18 6 39 45 48 11 54 27 50 66 2 47 16 20 7 52 14 70 35 78,heads,regular,5
2022-12-12T23:51:00Z,396,62 73 44 22 33 18 10 74 13 52 39 29 37 46 11 19 79 15 58 60,heads,regular,3
2022-12-12T23:54:00Z,397,29 4 5 61 10 28 12 75 34 24 39 40 58 51 25 55 54 8 74 46,heads,regular,1
2022-12-12T23:57:00Z,398,37 32 44 9 58 61 79 38 27 13 71 56 15 10 54 7 75 36 39 49,heads,regular,2
2022-12-13T00:00:00Z,399,23 64 34 31 41 59 17 79 16 7 53 63 67 44 12 29 52 11 75 76,tails,minor,1
2022-12-13T00:03:00Z,400,59 2 52 15 74 22 6 65 35 63 62 31 7 42 25 27 53 49 3 48,evens,regular,3
2022-12-13T00:06:00Z,401,76 11 38 31 42 37 9 79 1 80 20 5 35 64 41 52 25 27 30 56,heads,regular,1
2022-12-13T00:09:00Z,402,20 36 28 49 14 10 78 40 9 56 67 73 65 37 13 69 34 32 15 79,heads,regular,3
2022-12-13T00:12:00Z,404,77 34 74 36 80 5 66 52 79 13 50 56 12 76 49 41 3 25 75 51,tails,regular,1
2022-12-13T00:15:00Z,405,3 26 39 1 8 5 47 25 7 12 77 22 67 11 27 34 56 21 18 19,heads,regular,1
2022-12-13T00:18:00Z,406,61 30 73 79 14 42 36 59 6 24 53 7 8 3 66 29 25 74 58 71,evens,regular,1
2022-12-13T00:21:00Z,407,43 33 40 15 80 49 21 24 36 62 41 64 14 78 52 63 68 79 73 4,tails,regular,1
2022-12-13T00:24:00Z,408,66 20 60 36 74 80 73 32 22 46 17 65 2 5 64 14 70 43 79 12,tails,regular,2
2022-12-13T00:27:00Z,409,71 45 12 58 35 25 51 49 31 36 77 44 37 34 8 38 41 21 17 10,heads,regular,3
2022-12-13T00:30:00Z,410,36 54 24 79 47 67 71 10 51 73 46 42 56 19 4 1 59 64 45 78,tails,regular,1
2022-12-13T00:33:00Z,411,6 60 36 31 47 45 1 72 28 71 49 23 51 7 17 41 4 3 39 2,heads,regular,1
2022-12-13T00:36:00Z,413,53 69 30 1 58 19 52 55 63 41 43 24 73 57 67 59 20 29 35 77,tails,regular,1
2022-12-13T00:39:00Z,414,33 7 11 54 52 49 14 74 37 29 55 77 67 5 63 39 46 64 18 70,tails,regular,2
2022-12-13T00:42:00Z,415,27 4 78 59 14 25 47 11 79 5 39 60 48 34 70 68 74 43 8 36,evens,minor,3
2022-12-13T00:45:00Z,416,51 1 11 39 60 32 55 17 12 41 68 63 43 16 57 50 48 21 23 8,evens,regular,3
2022-12-13T00:48:00Z,417,69 64 66 54 59 37 48 42 68 13 35 22 3 53 41 32 27 5 79 51,tails,minor,2
2022-12-13T00:51:00Z,418,27 10 58 14 79 17 59 47 18 53 36 33 46 24 8 30 61 9 45 43,heads,regular,1
2022-12-13T00:54:00Z,419,63 34 78 22 8 71 28 9 79 18 2 3 57 60 68 58 38 50 74 44,tails,regular,2
2022-12-13T00:57:00Z,420,18 14 40 20 42 70 1 79 28 22 12 4 16 71 65 74 50 48 43 26,heads,major,1
2022-12-13T01:00:00Z,422,36 37 14 47 74 55 32 22 60 17 21 78 11 16 70 56 33 41 51 29,heads,regular,1
2022-12-13T01:03:00Z,423,65 62 47 20 29 55 71 23 41 73 56 7 6 77 36 33 37 2 35 80,evens,regular,1
2022-12-13T01:06:00Z,424,59 72 30 25 45 71 70 16 24 4 10 13 43 29 3 28 33 19 21 38,heads,regular,1
2022-12-13T01:09:00Z,425,71 11 6 48 58 31 74 76 43 57 32 56 55 8 4 66 59 62 79 13,tails,regular,1
2022-12-13T01:12:00Z,426,46 33 52 59 65 45 34 47 4 23 56 72 40 35 11 6 28 48 30 25,heads,regular,1
2022-12-13T01:15:00Z,427,17 34 24 57 52 8 11 61 31 78 23 37 44 79 25 55 16 10 30 67,heads,regular,1
2022-12-13T01:18:00Z,428,54 63 53 21 4 16 30 20 36 42 51 40 45 11 8 55 52 79 78 77,tails,minor,1
2022-12-13T01:21:00Z,429,46 31 49 79 26 80 16 36 57 21 9 76 24 15 2 58 72 6 48 37,heads,major,1
2022-12-13T01:24:00Z,431,72 54 58 50 61 49 40 8 53 21 20 28 25 19 68 41 38 12 37 73,evens,major,1
2022-12-13T01:27:00Z,432,27 69 47 38 3 23 59 28 49 15 35 60 22 7 4 64 54 79 17 51,heads,minor,1
2022-12-13T01:30:00Z,433,62 1 29 55 70 52 18 5 51 16 79 2 21 22 19 34 75 63 76 35,heads,major,1
2022-12-13T01:33:00Z,434,20 43 74 79 40 38 21 53 67 28 56 5 34 59 6 26 22 3 46 78,heads,regular,2
2022-12-13T01:36:00Z,435,66 15 23 21 12 14 33 65 22 32 8 60 24 7 53 80 58 39 69 34,heads,regular,2
2022-12-13T01:39:00Z,436,61 53 31 32 9 77 3 55 60 50 43 19 33 13 11 66 59 76 75 16,tails,regular,10
2022-12-13T01:42:00Z,437,8 30 3 54 53 42 36 60 9 71 25 69 62 10 43 79 18 46 63 2,tails,regular,1
2022-12-13T01:45:00Z,438,59 3 33 49 62 64 16 32 46 71 20 35 54 73 11 53 72 10 34 37,evens,regular,1
2022-12-13T01:48:00Z,440,16 14 55 71 68 2 4 51 29 11 60 66 19 17 25 54 64 8 21 33,heads,minor,5
2022-12-13T01:51:00Z,441,70 12 7 52 10 40 62 23 61 1 34 24 32 35 16 71 63 21 30 25,heads,regular,3
2022-12-13T01:54:00Z,442,37 71 5 59 73 80 4 33 75 19 39 31 13 47 6 29 58 51 22 41,heads,minor,1
2022-12-13T01:57:00Z,443,51 40 52 8 5 74 63 62 47 20 73 29 6 57 79 61 46 28 37 64,tails,regular,1
2022-12-13T02:00:00Z,444,76 46 70 7 25 49 78 16 45 55 67 3 28 23 50 66 79 12 65 37,tails,regular,1
2022-12-13T02:03:00Z,445,26 20 58 8 35 33 77 9 51 10 37 50 18 32 30 74 15 25 75 49,heads,regular,1
2022-12-13T02:06:00Z,446,63 9 16 39 3 71 79 31 7 35 44 59 33 62 20 28 23 32 80 51,heads,major,1
2022-12-13T02:09:00Z,447,50 65 4 52 71 57 17 63 62 80 56 51 70 45 42 78 76 69 9 49,tails,minor,10
2022-12-13T02:12:00Z,449,49 30 23 20 46 59 62 5 38 6 51 73 60 68 32 8 33 4 35 29,heads,regular,2
2022-12-13T02:15:00Z,450,46 28 47 19 3 30 12 73 41 63 55 16 52 5 14 65 60 26 1 51,evens,regular,3
2022-12-13T02:18:00Z,451,52 46 76 31 5 72 63 43 26 28 34 11 77 7 3 56 73 57 16 30,evens,major,2
2022-12-13T02:21:00Z,452,48 24 16 50 19 10 73 21 17 23 14 39 1 20 22 15 31 2 27 40,heads,major,3
2022-12-13T02:24:00Z,453,65 19 7 35 54 53 46 71 64 66 42 51 48 29 13 61 30 70 31 22,tails,minor,1
2022-12-13T02:27:00Z,454,5 59 7 45 38 72 47 23 63 75 21 2 78 24 9 56 40 60 80 65,tails,major,1
2022-12-13T02:30:00Z,455,64 73 12 67 25 4 43 78 34 45 39 72 69 56 38 59 21 46 20 52,tails,regular,2
2022-12-13T02:33:00Z,456,65 57 27 12 34 28 32 22 45 61 54 42 36 70 7 15 75 74 5 30,heads,regular,2
2022-12-13T02:36:00Z,458,9 26 2 48 70 28 55 14 10 51 20 8 5 78 39 43 54 40 34 31,heads,regular,3
2022-12-13T02:39:00Z,459,4 32 13 30 44 64 71 9 75 45 24 54 14 40 29 7 57 33 69 38,heads,regular,2
2022-12-13T02:42:00Z,460,63 4 54 66 58 44 17 55 43 42 65 2 61 80 26 67 3 45 39 60,tails,regular,3
2022-12-13T02:45:00Z,461,20 35 61 13 62 39 52 44 69 9 63 23 73 74 29 8 55 22 68 18,evens,regular,1
2022-12-13T02:48:00Z,462,28 29 78 71 66 16 75 53 55 17 45 60 38 44 23 70 24 11 5 73,tails,regular,3
2022-12-13T02:51:00Z,463,28 1 7 10 45 44 20 54 12 76 3 22 9 49 56 5 63 23 24 69,heads,major,1
2022-12-13T02:54:00Z,464,63 13 54 1 80 3 44 28 72 65 20 7 9 77 49 30 33 37 26 25,heads,regular,1
2022-12-13T02:57:00Z,465,8 72 78 63 49 46 69 64 17 10 42 61 45 53 57 76 3 20 4 41,tails,regular,2
2022-12-13T03:00:00Z,467,28 47 75 80 19 65 53 59 31 3 55 46 66 61 57 27 71 42 43 50,tails,regular,1
2022-12-13T03:03:00Z,468,50 63 20 19 78 54 47 53 67 49 33 31 11 42 30 66 80 34 9 41,tails,minor,1
2022-12-13T03:06:00Z,469,25 16 59 11 24 72 36 51 74 28 80 62 21 27 17 43 65 55 4 29,heads,regular,3
2022-12-13T03:09:00Z,470,8 43 29 28 26 39 72 5 2 56 53 38 60 25 14 50 36 20 22 63,heads,regular,3
2022-12-13T03:12:00Z,471,14 43 62 50 52 1 23 28 4 29 74 39 17 67 51 45 53 21 60 33,evens,minor,2
2022-12-13T03:15:00Z,472,65 16 78 77 75 62 12 36 11 24 56 43 28 9 21 70 79 10 26 1,heads,regular,3
2022-12-13T03:18:00Z,473,79 49 53 22 50 80 40 27 18 74 57 43 44 77 29 51 64 75 26 31,tails,regular,3
2022-12-13T03:21:00Z,474,48 17 78 5 12 46 13 23 27 69 80 58 6 53 37 4 74 49 52 11,evens,regular,1
2022-12-13T03:24:00Z,476,51 29 65 8 23 35 71 50 76 54 31 10 56 19 28 79 62 11 59 24,evens,regular,3
2022-12-13T03:27:00Z,477,10 42 40 66 35 56 21 54 11 70 4 27 48 76 80 45 19 18 22 39,heads,regular,1
2022-12-13T03:30:00Z,478,48 33 32 42 56 57 30 19 73 78 70 35 52 8 37 39 6 5 1 22,heads,major,1
2022-12-13T03:33:00Z,479,74 77 62 16 40 31 66 60 33 76 65 4 23 11 7 63 67 18 58 17,evens,minor,2
2022-12-13T03:36:00Z,480,37 15 16 61 68 9 5 10 73 41 51 43 4 44 2 76 13 12 55 48,evens,major,2
2022-12-13T03:39:00Z,481,18 22 19 7 3 71 5 25 31 37 41 42 24 80 78 35 62 15 63 16,heads,regular,1
2022-12-13T03:42:00Z,482,30 34 20 36 23 48 66 46 55 80 31 26 68 69 43 63 21 7 76 41,tails,regular,1
2022-12-13T03:45:00Z,483,44 52 48 75 61 10 26 71 36 74 13 19 35 66 76 51 17 62 59 24,tails,minor,1
2022-12-13T03:48:00Z,485,42 46 59 58 39 64 75 37 78 70 31 14 38 19 22 5 21 34 20 27,heads,regular,3
2022-12-13T03:51:00Z,486,11 42 67 40 54 61 18 60 53 23 22 57 24 68 72 76 65 27 38 7,tails,regular,2
2022-12-13T03:54:00Z,487,3 26 45 53 41 52 56 16 49 33 76 46 5 28 75 63 37 50 51 36,tails,regular,3
2022-12-13T03:57:00Z,488,14 38 72 7 51 21 22 63 28 4 20 9 13 12 30 74 52 79 65 70,heads,regular,3
2022-12-13T04:00:00Z,489,67 4 26 20 3 56 37 6 70 55 24 13 71 62 22 79 5 58 14 65,heads,regular,3
2022-12-13T04:03:00Z,490,1 32 37 4 61 28 52 43 30 18 3 78 51 68 56 27 80 33 73 35,heads,regular,2
2022-12-13T04:06:00Z,491,68 44 55 72 10 35 13 52 27 50 62 49 12 39 18 56 16 57 20 79,tails,regular,1
2022-12-13T04:09:00Z,492,18 63 12 77 67 68 47 51 72 19 32 54 34 9 61 8 66 50 10 1,tails,regular,2
2022-12-13T04:12:00Z,494,28 66 5 75 21 20 52 3 70 22 27 42 7 74 10 71 6 49 72 32,heads,regular,2
2022-12-13T04:15:00Z,495,5 44 24 15 58 2 80 48 73 39 6 26 49 28 20 1 53 42 17 62,heads,regular,1
2022-12-13T04:18:00Z,496,15 41 25 77 46 2 52 73 76 32 67 54 37 74 71 26 70 57 13 16,tails,regular,3
2022-12-13T04:21:00Z,497,56 27 4 55 80 22 13 65 16 68 61 39 47 66 62 26 52 53 1 21,tails,regular,1
2022-12-13T04:24:00Z,498,44 40 79 76 65 7 28 18 11 55 1 21 59 63 60 25 9 41 10 31,heads,major,1
2022-12-13T04:27:00Z,499,52 37 51 29 67 8 46 58 41 54 36 20 60 62 40 55 27 17 25 44,tails,minor,3
2022-12-13T04:30:00Z,500,1 63 16 47 37 2 51 8 65 20 72 18 52 60 56 10 36 73 31 13,heads,regular,2
2022-12-13T04:33:00Z,501,40 30 67 53 54 2 65 23 7 69 39 41 49 80 8 36 68 72 42 5,tails,minor,3
2022-12-13T04:36:00Z,503,72 67 4 55 37 71 57 65 42 19 51 8 14 18 17 2 49 69 44 41,tails,minor,1
2022-12-13T04:39:00Z,504,30 42 35 37 21 2 4 54 5 59 55 47 23 78 25 29 40 16 36 8,heads,minor,3
2022-12-13T04:42:00Z,505,11 19 33 35 45 67 27 34 51 48 2 39 29 41 16 44 55 60 76 79,evens,minor,2
2022-12-13T04:45:00Z,506,21 8 60 13 74 11 56 15 39 54 20 4 53 37 1 72 48 49 63 33,heads,regular,2
2022-12-13T04:48:00Z,507,46 78 73 70 31 62 29 2 1 34 17 56 58 35 67 49 66 75 55 47,tails,regular,1
2022-12-13T04:51:00Z,508,2 19 61 76 55 14 32 25 30 36 56 35 17 79 12 34 13 15 72 77,heads,minor,2
2022-12-13T04:54:00Z,509,67 72 62 5 46 50 37 76 63 66 27 35 55 12 79 33 21 16 41 47,tails,minor,1
2022-12-13T04:57:00Z,510,19 65 35 45 46 26 80 3 33 77 1 71 64 66 4 18 30 52 79 25,evens,regular,2
2022-12-13T05:00:00Z,512,6 77 53 39 26 41 9 64 58 13 79 69 28 16 29 35 33 25 34 52,heads,regular,1
2022-12-13T05:03:00Z,513,37 64 69 40 42 78 79 56 76 33 52 16 14 23 4 5 45 77 29 70,tails,regular,1
2022-12-13T05:06:00Z,514,68 4 65 63 57 69 35 45 73 17 51 49 1 39 18 72 5 60 43 6,tails,regular,2
2022-12-13T05:09:00Z,515,15 14 34 74 44 22 68 52 55 73 23 11 64 71 36 18 69 7 72 37,evens,regular,3
2022-12-13T05:12:00Z,516,23 49 15 26 3 47 8 39 35 31 44 78 52 74 32 80 30 65 73 28,heads,minor,1
2022-12-13T05:15:00Z,517,17 28 40 56 62 25 78 39 14 49 2 4 59 61 18 32 11 43 48 69,heads,regular,1
2022-12-13T05:18:00Z,518,32 49 36 26 31 63 33 10 20 21 16 24 29 34 50 8 52 53 55 12,heads,regular,3
2022-12-13T05:21:00Z,519,62 44 29 72 79 47 30 14 17 66 61 1 39 37 77 34 16 22 67 7,heads,regular,3
2022-12-13T05:24:00Z,521,25 72 12 9 14 21 67 70 55 17 49 29 35 43 59 73 27 57 24 64,evens,regular,2
2022-12-13T05:27:00Z,522,29 68 31 75 32 74 58 67 25 64 71 5 34 27 37 2 4 24 55 38,heads,regular,1
2022-12-13T05:30:00Z,523,38 48 42 5 27 7 62 22 59 31 77 80 29 43 70 33 9 72 30 17,heads,regular,2
2022-12-13T05:33:00Z,524,30 4 59 25 32 80 1 70 49 60 51 31 24 5 36 34 18 66 33 12,heads,regular,3
2022-12-13T05:36:00Z,525,80 43 13 27 72 56 63 73 59 37 45 19 6 3 29 16 40 49 57 34,evens,regular,3
2022-12-13T05:39:00Z,526,55 58 23 31 24 63 59 6 47 42 20 21 1 56 2 73 71 80 49 7,tails,major,1
2022-12-13T05:42:00Z,527,42 54 11 13 45 19 8 40 32 64 21 15 56 62 47 33 37 34 9 43,heads,minor,2
2022-12-13T05:45:00Z,528,43 17 75 77 61 71 66 33 44 52 10 29 7 28 19 9 39 68 24 55,evens,major,1
2022-12-13T05:48:00Z,530,79 57 10 6 46 5 72 24 13 64 61 58 73 27 45 60 62 17 8 50,tails,regular,1
2022-12-13T05:51:00Z,531,68 80 42 76 77 43 79 31 67 50 27 47 61 69 8 13 65 75 39 15,tails,regular,2
2022-12-13T05:54:00Z,532,7 45 63 30 10 42 57 46 44 39 41 59 80 12 19 54 5 28 20 6,evens,regular,3
2022-12-13T05:57:00Z,533,23 72 42 16 59 60 64 41 49 56 26 55 63 62 13 69 43 1 27 36,tails,minor,1
2022-12-13T06:00:00Z,534,15 47 4 1 10 2 63 42 61 31 56 43 7 30 11 28 80 35 64 68,heads,regular,1
2022-12-13T06:03:00Z,535,29 28 42 79 52 57 27 23 21 64 70 73 33 62 10 48 53 39 22 74,tails,regular,2
2022-12-13T06:06:00Z,536,74 75 65 69 59 60 18 10 36 34 11 80 2 64 39 58 6 50 3 33,evens,regular,2
2022-12-13T06:09:00Z,537,24 49 54 63 73 41 47 60 44 27 30 70 50 23 56 64 52 15 45 19,tails,regular,2
2022-12-13T06:12:00Z,539,39 3 48 1 9 26 11 62 60 29 64 58 35 25 44 74 69 7 76 30,heads,regular,3
2022-12-13T06:15:00Z,540,31 70 37 32 11 63 57 14 22 73 9 26 80 6 3 79 7 34 27 62,heads,major,1
2022-12-13T06:18:00Z,541,6 75 21 51 25 64 17 71 26 28 68 27 22 4 15 63 31 61 43 3,heads,minor,10
2022-12-13T06:21:00Z,542,4 56 32 76 47 75 38 60 18 11 19 37 80 58 16 28 64 20 14 63,heads,regular,3
2022-12-13T06:24:00Z,543,63 36 13 60 34 8 67 43 52 46 74 70 6 49 10 57 53 59 50 54,tails,regular,3
2022-12-13T06:27:00Z,544,74 53 64 1 10 22 18 48 58 69 24 7 72 2 31 41 37 12 27 29,heads,regular,5
2022-12-13T06:30:00Z,545,41 3 13 25 15 8 55 27 24 10 21 43 45 2 7 65 68 48 22 78,heads,major,1
2022-12-13T06:33:00Z,546,71 60 3 16 62 59 24 44 61 58 42 5 6 14 18 57 9 48 35 37,evens,regular,3
2022-12-13T06:36:00Z,548,9 39 3 33 63 69 36 47 6 57 64 75 70 42 74 37 11 66 10 56,tails,regular,3
2022-12-13T06:39:00Z,549,77 72 16 45 53 54 60 12 62 23 57 2 4 31 48 75 73 38 61 3,tails,regular,1
2022-12-13T06:42:00Z,550,64 47 70 77 51 61 19 57 49 48 66 2 68 12 34 79 1 52 73 25,tails,minor,3
2022-12-13T06:45:00Z,551,37 61 78 1 6 50 47 16 57 62 80 12 73 55 29 36 23 8 63 59,tails,minor,1
2022-12-13T06:48:00Z,552,61 31 48 75 21 42 51 68 44 58 59 20 34 17 71 37 69 30 65 36,tails,minor,2
2022-12-13T06:51:00Z,553,13 71 77 40 53 52 24 54 76 35 70 31 44 29 30 3 43 65 55 50,tails,regular,5
2022-12-13T06:54:00Z,554,15 72 47 25 21 80 12 79 69 64 71 46 36 75 52 78 11 32 8 33,tails,regular,1
2022-12-13T06:57:00Z,555,49 64 11 47 26 70 65 7 10 2 55 45 6 40 25 42 16 79 48 78,tails,major,1
2022-12-13T07:00:00Z,557,72 29 76 67 1 60 2 19 15 26 40 16 74 62 11 73 48 44 59 71,tails,minor,2
2022-12-13T07:03:00Z,558,28 19 33 59 41 13 55 54 1 44 67 32 78 65 76 50 66 8 30 71,tails,major,1
2022-12-13T07:06:00Z,559,57 44 2 62 38 10 18 46 65 8 79 43 24 80 3 21 73 71 41 76,tails,regular,1
2022-12-13T07:09:00Z,560,11 3 41 44 40 7 12 53 38 34 61 52 70 60 17 57 36 50 69 76,tails,regular,1
2022-12-13T07:12:00Z,561,34 70 54 9 41 37 29 14 39 48 62 10 33 5 49 59 69 47 80 57,tails,regular,2
2022-12-13T07:15:00Z,562,43 75 29 61 42 46 34 65 27 14 51 4 5 39 48 40 77 33 2 79,evens,minor,2
2022-12-13T07:18:00Z,563,65 35 17 9 7 33 20 52 57 63 46 8 66 21 71 19 29 68 3 5,heads,regular,1
2022-12-13T07:21:00Z,564,64 45 2 26 15 55 71 49 63 42 57 7 50 53 10 30 13 74 18 54,tails,regular,2
2022-12-13T07:24:00Z,566,33 41 47 71 31 36 64 72 75 26 55 74 60 10 53 32 18 52 27 42,tails,minor,1
2022-12-13T07:27:00Z,567,67 36 62 49 44 41 53 21 20 42 19 55 79 65 58 60 15 73 75 40,tails,major,3
2022-12-13T07:30:00Z,568,45 59 55 32 49 30 54 18 23 71 58 40 5 15 12 39 33 22 42 52,heads,regular,5
2022-12-13T07:33:00Z,569,2 41 63 22 61 19 59 16 10 13 37 28 57 25 75 62 21 12 17 76,heads,regular,3
2022-12-13T07:36:00Z,570,3 67 42 10 17 6 64 47 8 51 76 56 36 35 65 12 43 22 63 15,evens,regular,2
2022-12-13T07:39:00Z,571,11 50 2 48 37 46 76 32 3 71 45 43 73 38 27 75 77 14 7 51,tails,minor,3
2022-12-13T07:42:00Z,572,55 51 70 80 8 44 46 75 62 79 13 19 68 22 69 16 37 32 41 76,tails,regular,1
2022-12-13T07:45:00Z,573,16 76 3 19 55 6 26 14 41 33 7 48 64 20 49 44 5 12 9 75,heads,minor,4
2022-12-13T07:48:00Z,575,17 61 48 6 9 75 45 26 8 32 29 50 53 73 35 4 10 69 52 71,evens,regular,1
2022-12-13T07:51:00Z,576,44 57 19 71 52 48 22 10 67 73 29 75 33 28 39 9 37 43 80 49,tails,regular,2
2022-12-13T07:54:00Z,577,22 70 2 58 32 75 35 72 62 50 14 30 33 79 45 15 23 37 49 53,evens,minor,3
2022-12-13T07:57:00Z,578,69 56 70 4 14 54 19 35 25 44 59 26 38 48 41 61 47 34 1 50,tails,regular,2
2022-12-13T08:00:00Z,579,49 66 14 32 37 26 69 8 51 20 33 30 44 13 65 3 22 25 27 11,heads,regular,1
2022-12-13T08:03:00Z,580,68 51 43 66 2 78 60 15 9 64 3 30 18 38 5 58 32 70 28 36,heads,regular,3
2022-12-13T08:06:00Z,581,35 74 6 69 8 16 29 60 13 48 78 21 42 11 70 77 75 32 37 1,heads,minor,1
2022-12-13T08:09:00Z,582,62 54 30 21 6 80 67 50 45 57 38 37 69 77 64 14 51 20 66 27,tails,major,2
2022-12-13T08:12:00Z,584,20 34 26 66 13 17 35 67 48 69 2 16 56 76 79 44 36 29 55 10,heads,regular,2
2022-12-13T08:15:00Z,585,48 17 45 5 24 33 61 70 31 46 21 15 39 9 50 36 43 34 29 32,heads,minor,5
2022-12-13T08:18:00Z,586,32 21 28 49 60 2 27 25 3 63 9 51 55 23 68 75 71 69 30 31,heads,regular,1
2022-12-13T08:21:00Z,587,56 42 7 44 78 53 55 79 43 57 25 23 8 60 68 50 54 63 9 62,tails,regular,10
2022-12-13T08:24:00Z,588,3 46 36 51 8 60 73 75 5 12 68 24 23 61 19 70 11 56 22 67,evens,minor,4
2022-12-13T08:27:00Z,589,47 62 33 23 75 1 60 80 15 52 64 45 18 16 46 58 55 3 71 29,tails,minor,1
2022-12-13T08:30:00Z,590,68 46 63 40 56 76 70 16 38 80 60 23 67 17 59 5 79 24 27 57,tails,regular,10
2022-12-13T08:33:00Z,591,58 53 8 3 56 69 65 54 36 41 7 72 57 78 76 51 79 39 12 40,tails,regular,1
2022-12-13T08:36:00Z,593,74 31 50 28 71 61 14 43 53 60 42 34 36 24 64 75 57 4 11 15,tails,minor,1
2022-12-13T08:39:00Z,594,35 14 42 58 25 29 18 13 28 44 17 50 23 63 34 33 66 40 43 5,heads,major,2
2022-12-13T08:42:00Z,595,31 16 51 7 2 27 21 40 23 78 38 25 47 29 30 32 59 9 17 20,heads,regular,3
2022-12-13T08:45:00Z,596,48 24 33 70 1 31 64 80 15 29 5 52 79 68 7 8 42 27 57 49,evens,regular,1
2022-12-13T08:48:00Z,597,46 74 13 68 25 39 45 66 62 14 9 44 24 2 1 55 36 49 60 19,evens,minor,1
2022-12-13T08:51:00Z,598,48 59 15 23 33 27 5 63 71 58 25 22 2 32 57 60 74 44 67 16,evens,regular,2
2022-12-13T08:54:00Z,599,53 61 45 14 18 9 6 16 32 25 13 30 2 73 1 46 76 52 31 51,heads,regular,3
2022-12-13T08:57:00Z,600,51 3 41 26 76 49 18 5 36 30 66 25 50 63 6 16 44 74 67 53,tails,regular,3
2022-12-13T09:00:00Z,602,31 53 6 52 47 78 76 46 38 27 56 58 79 48 32 68 73 70 28 25,tails,minor,3
2022-12-13T09:03:00Z,603,23 4 46 71 75 65 51 10 76 74 61 2 32 69 55 8 6 70 40 27,tails,minor,2
2022-12-13T09:06:00Z,604,17 18 7 31 64 24 57 40 23 66 76 22 68 10 49 55 43 74 33 37,heads,minor,2
2022-12-13T09:09:00Z,605,12 20 68 10 47 65 70 48 32 57 50 60 75 78 77 56 23 59 43 74,tails,minor,2
2022-12-13T09:12:00Z,606,65 6 37 52 43 49 56 32 13 14 53 69 80 45 11 79 23 64 22 68,tails,regular,3
2022-12-13T09:15:00Z,607,3 41 75 62 36 38 80 50 11 61 31 39 29 12 67 23 52 6 21 55,heads,regular,1
2022-12-13T09:18:00Z,608,77 43 60 34 22 2 52 32 28 5 39 24 69 6 62 63 46 31 23 20,heads,regular,2
2022-12-13T09:21:00Z,609,1 20 73 56 42 61 66 27 39 71 9 15 79 54 6 18 77 49 53 12,tails,regular,1
2022-12-13T09:24:00Z,611,12 43 62 59 80 52 63 18 27 65 73 49 29 16 44 68 46 74 67 76,tails,regular,3
2022-12-13T09:27:00Z,612,27 42 58 6 67 34 57 20 14 65 66 60 40 52 17 61 78 59 13 2,tails,regular,4
2022-12-13T09:30:00Z,613,70 19 6 52 30 57 51 35 69 1 78 25 28 49 5 27 20 13 37 72,heads,regular,3
2022-12-13T09:33:00Z,614,73 11 17 20 72 63 13 21 16 80 62 12 79 8 54 48 33 28 71 45,evens,minor,3
2022-12-13T09:36:00Z,615,8 9 70 33 6 13 55 3 21 27 25 60 39 4 11 24 52 56 62 67,heads,regular,1
2022-12-13T09:39:00Z,616,59 3 28 66 33 8 4 58 41 55 47 25 30 69 32 24 6 1 50 26,heads,regular,3
2022-12-13T09:42:00Z,617,57 74 69 33 20 15 39 34 8 66 58 49 17 54 7 63 48 60 53 38,tails,regular,4
2022-12-13T09:45:00Z,618,32 20 72 29 58 46 30 76 51 54 35 52 1 74 78 41 42 26 53 55,tails,regular,1
2022-12-13T09:48:00Z,620,47 77 19 63 44 4 58 74 45 54 41 8 28 69 9 75 53 57 65 2,tails,minor,1
2022-12-13T09:51:00Z,621,54 38 34 69 12 8 11 41 36 67 13 53 74 76 51 44 63 17 15 52,tails,regular,1
2022-12-13T09:54:00Z,622,43 8 76 15 59 3 44 20 36 32 41 35 31 55 13 14 23 68 57 10,heads,major,2
2022-12-13T09:57:00Z,623,51 33 30 79 39 53 63 50 15 64 44 13 70 21 14 35 7 29 20 76,heads,major,2
2022-12-13T10:00:00Z,624,22 3 35 24 25 45 31 62 78 37 26 23 75 44 59 5 21 27 61 9,heads,regular,3
2022-12-13T10:03:00Z,625,24 63 18 48 15 49 51 28 10 8 2 21 56 72 78 76 45 52 64 55,tails,minor,1
2022-12-13T10:06:00Z,626,45 35 23 5 52 1 38 22 66 30 62 40 36 73 43 77 39 44 16 32,heads,regular,3
2022-12-13T10:09:00Z,627,70 38 79 34 77 14 52 75 6 45 24 22 11 13 1 2 4 8 16 23,heads,regular,3
2022-12-13T10:12:00Z,629,74 30 77 72 62 3 14 80 73 64 69 37 11 27 8 66 36 51 25 63,tails,regular,1
2022-12-13T10:15:00Z,630,45 51 33 10 71 2 27 61 21 28 79 17 26 22 80 14 31 58 1 3,heads,major,2
2022-12-13T10:18:00Z,631,55 65 80 19 44 30 41 16 9 56 51 67 25 13 76 39 7 36 11 26,heads,minor,2
2022-12-13T10:21:00Z,632,8 35 63 11 48 73 67 54 30 9 78 55 26 62 75 18 64 25 31 76,tails,regular,1
2022-12-13T10:24:00Z,633,15 19 55 68 30 65 24 66 76 63 28 79 3 32 77 54 71 75 10 50,tails,regular,2
2022-12-13T10:27:00Z,634,55 13 43 73 59 68 79 12 58 7 26 71 33 51 69 57 4 16 23 41,tails,regular,1
2022-12-13T10:30:00Z,635,54 26 37 63 39 32 40 55 28 18 3 14 50 16 62 9 49 20 24 27,heads,regular,1
2022-12-13T10:33:00Z,636,12 55 74 30 19 58 60 34 69 46 37 53 20 23 73 61 48 59 77 5,tails,minor,3
2022-12-13T10:36:00Z,638,17 26 20 5 49 73 12 42 74 37 78 10 76 75 38 44 79 63 32 39,evens,minor,2
2022-12-13T10:39:00Z,639,65 10 2 36 17 8 67 13 76 11 16 60 69 72 9 79 19 38 71 25,heads,minor,3
2022-12-13T10:42:00Z,640,8 1 59 11 74 14 43 22 6 32 52 30 5 27 36 72 46 53 9 67,heads,minor,3
2022-12-13T10:45:00Z,641,56 55 68 1 3 76 48 26 40 59 72 14 8 4 58 24 22 10 54 66,evens,major,2
2022-12-13T10:48:00Z,642,2 65 9 20 27 13 75 25 74 77 68 28 56 18 19 7 67 57 38 33,heads,regular,1
2022-12-13T10:51:00Z,643,30 8 66 43 54 80 10 67 37 51 24 56 25 4 44 45 2 38 6 49,evens,minor,3
2022-12-13T10:54:00Z,644,51 78 50 64 60 8 1 32 49 74 45 70 29 12 76 52 54 72 80 14,tails,regular,10
2022-12-13T10:57:00Z,645,49 37 32 46 56 51 67 57 71 47 9 34 13 8 74 53 26 17 43 68,tails,regular,1
2022-12-13T11:00:00Z,647,70 38 24 28 77 25 73 53 61 35 15 4 19 46 60 31 17 37 58 80,heads,major,4
2022-12-13T11:03:00Z,648,73 4 42 12 47 66 46 61 63 55 62 2 36 72 41 3 25 44 59 16,tails,minor,3
2022-12-13T11:06:00Z,649,56 6 34 8 75 4 24 32 22 76 42 49 31 52 50 23 68 21 61 13,heads,regular,1
2022-12-13T11:09:00Z,650,1 49 22 35 46 57 67 43 77 16 6 65 75 39 71 69 10 64 44 21,tails,minor,1
2022-12-13T11:12:00Z,651,60 7 15 10 56 37 77 47 32 9 34 14 19 16 24 30 70 29 52 55,heads,regular,1
2022-12-13T11:15:00Z,652,68 79 37 21 57 19 69 27 64 53 44 75 40 70 58 39 28 17 56 7,tails,minor,1
2022-12-13T11:18:00Z,653,67 16 15 55 21 53 38 18 4 75 20 9 31 71 47 30 14 49 28 8,heads,regular,1
2022-12-13T11:21:00Z,654,30 2 78 40 50 80 19 20 73 43 22 23 41 59 56 10 12 45 29 69,evens,regular,2
2022-12-13T11:24:00Z,656,7 6 26 8 14 27 74 66 22 25 1 33 21 41 70 32 43 24 36 49,heads,minor,3
2022-12-13T11:27:00Z,657,48 47 19 20 46 69 55 65 37 51 50 66 15 16 13 42 28 17 56 77,tails,regular,1
2022-12-13T11:30:00Z,658,72 24 37 69 34 23 44 1 80 31 65 58 74 6 38 41 62 43 29 63,tails,regular,3
2022-12-13T11:33:00Z,659,68 33 30 64 67 18 21 69 35 70 46 54 63 65 79 76 74 78 75 66,tails,regular,10
2022-12-13T11:36:00Z,660,40 43 69 19 68 15 25 57 37 34 14 58 63 4 28 70 3 2 60 23,heads,regular,1
2022-12-13T11:39:00Z,661,73 64 41 38 44 67 16 35 43 52 47 72 60 51 26 27 76 31 78 13,tails,regular,1
2022-12-13T11:42:00Z,662,66 45 38 61 74 24 34 7 41 75 19 44 54 26 3 49 71 27 37 48,tails,regular,2
2022-12-13T11:45:00Z,663,35 47 15 75 61 17 4 18 3 53 56 77 49 38 32 80 10 70 46 13,evens,regular,3
2022-12-13T11:48:00Z,665,41 52 69 55 63 4 47 44 61 23 77 66 70 58 71 54 73 35 12 40,tails,minor,2
2022-12-13T11:51:00Z,666,65 11 31 21 3 54 53 47 63 56 44 46 51 73 45 43 34 71 16 49,tails,regular,3
2022-12-13T11:54:00Z,667,5 50 6 78 33 8 72 18 49 70 7 34 36 61 66 12 11 28 26 40,heads,regular,1
2022-12-13T11:57:00Z,668,27 72 25 12 52 32 2 19 7 80 54 65 47 48 39 28 21 30 23 24,heads,regular,3
2022-12-13T12:00:00Z,669,53 29 1 24 34 5 79 42 68 21 28 67 78 45 49 65 46 38 7 25,evens,regular,3
2022-12-13T12:03:00Z,670,41 26 70 51 30 22 9 47 44 68 64 13 72 58 50 27 8 19 40 14,evens,regular,1
2022-12-13T12:06:00Z,671,8 72 66 67 68 75 15 22 45 51 19 71 25 30 69 79 39 80 40 12,tails,major,3
2022-12-13T12:09:00Z,672,28 40 45 31 71 24 53 13 72 63 17 59 9 67 46 48 65 36 56 19,tails,regular,4
2022-12-13T12:12:00Z,674,46 54 15 79 60 1 26 70 48 25 62 45 21 41 36 64 9 10 28 37,evens,regular,2
2022-12-13T12:15:00Z,675,9 55 76 11 67 25 71 53 17 69 16 52 23 37 68 78 43 21 66 45,tails,regular,1
2022-12-13T12:18:00Z,676,35 39 34 52 76 77 57 26 69 1 24 22 6 23 28 21 48 65 78 43,heads,regular,3
2022-12-13T12:21:00Z,677,17 10 8 40 53 7 28 18 74 77 12 24 60 22 59 23 45 80 38 44,heads,minor,3
2022-12-13T12:24:00Z,678,9 49 58 24 76 78 43 5 28 63 48 72 42 40 17 15 11 51 62 8,tails,regular,3
2022-12-13T12:27:00Z,679,74 79 32 37 6 3 60 64 66 22 70 19 69 50 51 67 46 47 80 49,tails,minor,3
2022-12-13T12:30:00Z,680,67 42 6 31 4 16 55 80 69 32 22 30 57 20 40 56 36 39 15 27,heads,regular,3
2022-12-13T12:33:00Z,681,5 45 78 61 62 20 37 66 52 68 19 6 33 36 42 71 16 18 15 24,heads,regular,3
2022-12-13T12:36:00Z,683,45 13 30 27 69 20 42 80 44 62 66 8 72 54 76 75 32 21 5 7,tails,major,4
2022-12-13T12:39:00Z,684,24 42 47 56 13 23 57 20 14 41 38 43 17 61 6 32 16 28 18 5,heads,minor,2
2022-12-13T12:42:00Z,685,66 4 67 27 78 54 49 51 74 33 32 43 57 3 2 64 19 1 76 26,tails,minor,3
2022-12-13T12:45:00Z,686,78 20 42 51 50 63 36 5 8 58 49 24 34 43 25 3 39 57 1 22,heads,regular,1
2022-12-13T12:48:00Z,687,32 20 64 15 35 70 11 48 52 60 23 61 69 57 30 17 24 14 50 26,heads,regular,1
2022-12-13T12:51:00Z,688,25 75 79 47 39 23 52 1 55 48 32 37 61 4 36 63 46 65 11 14,evens,regular,1
2022-12-13T12:54:00Z,689,64 70 1 8 29 20 71 50 15 48 74 14 11 46 17 44 58 66 49 35,tails,minor,4
2022-12-13T12:57:00Z,690,73 8 54 2 76 62 7 69 25 37 38 64 78 6 48 55 44 75 77 16,tails,major,1
2022-12-13T13:00:00Z,692,23 37 8 36 57 39 53 66 71 34 59 47 73 26 28 20 10 69 44 74,evens,minor,1
2022-12-13T13:03:00Z,693,79 32 56 69 43 13 59 22 26 46 54 4 53 62 21 52 47 34 27 19,tails,regular,1
2022-12-13T13:06:00Z,694,42 51 25 31 22 15 23 11 72 43 54 20 40 14 30 32 4 70 8 47,heads,regular,3
2022-12-13T13:09:00Z,695,79 55 66 25 38 49 34 43 12 6 76 68 8 51 4 23 7 31 20 33,heads,regular,1
2022-12-13T13:12:00Z,696,10 73 39 58 80 15 71 66 33 49 31 35 40 52 75 50 68 38 76 36,tails,major,3
2022-12-13T13:15:00Z,697,50 15 21 59 51 39 75 14 29 46 47 20 17 44 76 19 65 60 24 45,tails,regular,3
2022-12-13T13:18:00Z,698,57 31 35 34 66 75 51 50 54 55 74 9 58 47 18 59 73 33 1 23,tails,regular,1
2022-12-13T13:21:00Z,699,71 38 75 29 1 60 61 79 66 36 73 35 47 76 72 12 55 13 65 44,tails,regular,3
2022-12-13T13:24:00Z,701,52 63 11 45 43 9 72 71 51 1 58 73 26 4 22 47 31 32 6 75,tails,regular,1
2022-12-13T13:27:00Z,702,29 23 19 77 7 40 54 53 76 21 4 80 75 9 34 79 51 39 35 33,heads,regular,4
2022-12-13T13:30:00Z,703,20 42 30 39 31 55 77 25 2 47 41 63 74 1 50 12 33 26 49 24,heads,regular,1
2022-12-13T13:33:00Z,704,47 18 11 67 27 44 69 34 49 64 53 77 32 41 15 75 38 62 39 24,tails,minor,3
2022-12-13T13:36:00Z,705,30 55 69 38 12 22 50 66 2 77 72 53 35 19 10 29 47 26 80 6,heads,regular,2
2022-12-13T13:39:00Z,706,45 5 8 13 18 70 38 47 48 42 19 75 20 76 34 50 73 59 43 61,tails,minor,2
2022-12-13T13:42:00Z,707,65 75 78 15 70 52 62 64 54 24 5 43 74 1 40 50 72 66 71 44,tails,regular,1
2022-12-13T13:45:00Z,708,70 43 50 9 35 78 67 22 72 41 56 53 4 80 33 16 63 10 12 8,tails,regular,2
2022-12-13T13:48:00Z,710,15 11 63 43 42 6 78 16 12 55 41 37 61 1 35 34 4 67 59 2,heads,minor,1
2022-12-13T13:51:00Z,711,66 73 19 36 34 72 6 71 64 61 17 22 51 11 48 37 41 40 35 59,evens,regular,3
2022-12-13T13:54:00Z,712,68 79 52 71 50 55 70 80 53 49 74 13 48 62 60 33 37 59 14 28,tails,regular,3
2022-12-13T13:57:00Z,713,13 55 15 58 65 38 53 78 66 52 27 72 26 2 9 6 54 36 1 4,heads,minor,1
2022-12-13T14:00:00Z,714,23 67 59 55 65 1 50 73 12 34 13 28 61 19 66 62 35 41 31 29,evens,regular,3
2022-12-13T14:03:00Z,715,27 15 20 1 78 65 13 59 71 42 37 39 41 45 60 32 17 77 21 66,evens,minor,3
2022-12-13T14:06:00Z,716,26 20 23 52 65 53 12 10 47 55 18 36 46 22 79 69 28 66 45 60,tails,minor,1
2022-12-13T14:09:00Z,717,50 5 27 44 69 76 9 12 28 39 62 3 73 38 57 61 1 22 2 37,heads,regular,1
2022-12-13T14:12:00Z,719,37 68 39 70 45 18 54 57 34 31 42 67 14 33 56 23 4 41 52 5,evens,minor,4
2022-12-13T14:15:00Z,720,57 17 9 2 24 55 48 7 28 61 31 1 79 6 43 29 71 73 72 25,heads,regular,2
2022-12-13T14:18:00Z,721,66 34 9 22 23 49 21 60 61 62 69 35 54 27 18 30 5 11 10 12,heads,regular,1
2022-12-13T14:21:00Z,722,21 78 49 61 3 31 59 36 19 5 52 23 39 80 44 2 24 1 77 56,heads,minor,2
2022-12-13T14:24:00Z,723,74 55 28 26 33 35 58 11 7 24 61 42 5 78 50 64 45 4 68 10,evens,regular,1
2022-12-13T14:27:00Z,724,44 58 25 26 18 38 34 74 2 50 9 40 15 16 56 71 14 32 51 48,heads,minor,10
2022-12-13T14:30:00Z,725,74 52 14 73 39 49 57 71 66 13 25 30 51 8 28 72 31 37 17 77,evens,regular,1
2022-12-13T14:33:00Z,726,50 46 47 54 3 75 67 11 22 36 28 49 5 12 32 1 40 25 21 68,heads,regular,1
2022-12-13T14:36:00Z,728,63 19 78 15 67 9 55 20 54 2 14 34 23 69 11 46 61 62 8 38,heads,minor,3
2022-12-13T14:39:00Z,729,40 74 41 7 28 60 18 65 48 12 31 2 49 3 79 78 9 24 34 37,heads,minor,3
2022-12-13T14:42:00Z,730,63 7 52 5 19 60 22 12 28 30 3 78 8 39 41 29 6 20 61 18,heads,minor,2
2022-12-13T14:45:00Z,731,70 56 75 38 29 19 36 31 27 80 34 30 78 40 51 43 45 73 42 58,tails,minor,3
2022-12-13T14:48:00Z,732,30 40 24 20 42 10 23 16 37 33 55 9 69 46 43 61 50 2 15 31,heads,regular,1
2022-12-13T14:51:00Z,733,49 17 3 28 68 35 14 38 80 53 23 42 25 73 27 56 63 40 74 11,heads,regular,2
2022-12-13T14:54:00Z,734,15 80 55 29 71 16 62 35 43 1 75 12 7 60 21 38 46 49 10 31,heads,regular,3
2022-12-13T14:57:00Z,735,34 3 16 7 74 38 67 2 76 10 43 15 64 19 20 33 40 5 17 12,heads,minor,1
2022-12-13T15:00:00Z,737,69 60 46 11 32 6 26 2 9 61 71 4 76 63 78 44 8 25 3 35,heads,regular,3
2022-12-13T15:03:00Z,738,63 9 6 11 40 33 21 10 12 50 41 76 20 55 29 73 67 49 42 5,heads,regular,3
2022-12-13T15:06:00Z,739,70 19 36 28 14 13 12 75 21 33 62 32 3 5 68 31 80 60 43 40,heads,minor,3
2022-12-13T15:09:00Z,740,74 28 35 41 67 63 2 68 32 39 19 3 48 78 1 25 58 55 29 54,evens,regular,2
2022-12-13T15:12:00Z,741,55 9 41 75 21 36 46 57 26 12 11 10 52 70 27 35 5 63 67 50,evens,regular,1
2022-12-13T15:15:00Z,742,49 29 38 14 54 59 23 68 39 32 58 62 12 72 25 80 50 4 41 13,evens,regular,2
2022-12-13T15:18:00Z,743,5 39 10 57 80 24 44 13 42 75 77 9 14 67 47 31 49 22 68 45,tails,regular,1
2022-12-13T15:21:00Z,744,75 8 49 36 17 32 41 65 43 38 28 48 24 68 14 47 9 10 80 69,evens,regular,2
2022-12-13T15:24:00Z,746,8 33 68 44 34 27 1 9 79 70 80 18 36 5 7 16 26 48 64 56,heads,regular,3
2022-12-13T15:27:00Z,747,60 35 46 74 72 28 20 12 4 21 41 64 11 53 63 19 13 25 47 23,heads,regular,2
2022-12-13T15:30:00Z,748,48 66 59 44 72 42 60 36 43 5 17 16 10 14 70 15 23 28 6 50,evens,minor,2
2022-12-13T15:33:00Z,749,17 5 77 45 3 1 32 28 11 71 42 36 61 16 14 73 76 30 66 49,heads,regular,2
2022-12-13T15:36:00Z,750,60 35 61 28 46 55 62 3 41 59 53 19 66 74 49 70 13 12 26 40,tails,major,3
2022-12-13T15:39:00Z,751,27 22 44 35 80 60 11 65 39 62 78 10 42 13 51 55 21 73 18 63,tails,major,1
2022-12-13T15:42:00Z,752,14 22 52 69 54 57 6 66 40 33 10 26 74 31 25 49 63 64 20 77,evens,regular,1
2022-12-13T15:45:00Z,753,9 40 77 15 10 54 35 58 16 14 69 52 71 56 49 36 76 3 41 48,tails,minor,3
2022-12-13T15:48:00Z,755,21 71 51 15 59 58 5 61 42 76 2 77 27 38 37 74 56 6 53 78,tails,minor,1
2022-12-13T15:51:00Z,756,68 44 24 29 39 2 79 14 40 5 36 38 22 48 46 3 52 20 78 77,heads,major,2
2022-12-13T15:54:00Z,757,11 71 55 65 38 75 72 53 34 26 35 48 79 20 56 73 22 4 21 58,tails,minor,3
2022-12-13T15:57:00Z,758,74 76 52 21 32 10 48 69 34 20 70 45 28 80 37 58 62 46 73 68,tails,minor,3
2022-12-13T16:00:00Z,759,39 12 45 46 43 47 78 52 68 74 9 32 72 34 63 2 61 50 75 49,tails,regular,1
2022-12-13T16:03:00Z,760,61 66 77 8 63 78 22 12 46 69 16 35 60 4 59 17 2 48 57 74,tails,minor,1
2022-12-13T16:06:00Z,761,41 53 31 35 2 19 8 56 68 9 58 27 26 74 42 6 1 51 11 23,heads,major,2
2022-12-13T16:09:00Z,762,54 3 40 11 17 41 49 56 45 8 29 6 80 76 25 70 77 14 38 13,heads,regular,2
2022-12-13T16:12:00Z,764,49 26 12 40 44 31 54 6 4 57 35 56 7 17 25 5 47 11 18 55,heads,major,4
2022-12-13T16:15:00Z,765,70 75 71 63 60 65 58 72 80 49 61 21 16 23 42 48 77 46 41 3,tails,regular,1
2022-12-13T16:18:00Z,766,26 30 15 77 73 13 55 67 25 39 69 47 52 56 45 18 58 3 42 17,tails,major,1
2022-12-13T16:21:00Z,767,18 68 38 36 75 52 57 56 9 41 3 45 43 39 70 33 31 17 12 53,evens,regular,3
2022-12-13T16:24:00Z,768,50 57 78 5 13 69 32 26 3 53 10 6 11 7 15 30 31 1 38 23,heads,regular,2
2022-12-13T16:27:00Z,769,61 15 55 49 47 29 77 8 41 62 67 69 3 42 38 70 68 80 52 74,tails,regular,1
2022-12-13T16:30:00Z,770,22 36 12 40 10 56 45 55 73 54 79 16 7 75 38 53 3 46 30 1,heads,minor,1
2022-12-13T16:33:00Z,771,41 28 36 9 20 77 13 31 3 6 2 30 59 56 72 58 63 1 52 65,heads,major,1
2022-12-13T16:36:00Z,773,59 70 72 16 44 33 4 34 74 21 13 49 22 40 78 50 17 56 26 28,heads,major,2
2022-12-13T16:39:00Z,774,44 43 79 64 42 55 50 16 59 3 51 63 76 10 23 26 62 27 30 7,tails,major,4
2022-12-13T16:42:00Z,775,53 23 78 36 34 8 75 14 61 60 28 68 18 15 80 3 52 1 39 16,heads,regular,1
2022-12-13T16:45:00Z,776,66 12 21 31 75 18 61 29 23 5 68 64 1 58 34 70 49 25 47 40,heads,regular,1
2022-12-13T16:48:00Z,777,27 52 45 79 6 49 74 78 5 38 41 9 55 20 15 48 4 10 19 72,evens,major,1
2022-12-13T16:51:00Z,778,45 30 48 8 6 46 4 60 40 69 65 20 9 12 11 64 78 32 57 73,evens,regular,2
2022-12-13T16:54:00Z,779,49 1 71 57 33 68 52 60 27 40 11 25 20 17 37 77 29 18 43 44,heads,regular,3
2022-12-13T16:57:00Z,780,33 8 62 50 14 54 1 11 24 63 9 19 74 76 40 78 46 41 20 59,evens,regular,5
2022-12-13T17:00:00Z,782,37 39 63 77 7 72 44 50 69 28 23 38 42 60 46 4 49 2 40 33,evens,minor,10
2022-12-13T17:03:00Z,783,55 80 51 16 24 73 57 7 22 19 6 2 59 74 52 35 71 58 28 10,evens,regular,3
2022-12-13T17:06:00Z,784,74 66 50 26 6 18 61 22 25 39 23 60 15 20 16 12 35 46 49 38,heads,major,2
2022-12-13T17:09:00Z,785,65 44 12 39 68 72 53 63 50 40 31 45 70 19 22 38 56 16 9 2,evens,minor,2
2022-12-13T17:12:00Z,786,50 31 55 54 4 65 18 45 44 58 28 6 24 66 23 75 9 49 73 35,tails,regular,1
2022-12-13T17:15:00Z,787,58 9 24 76 28 13 6 67 64 66 69 19 38 27 73 65 15 44 63 39,evens,regular,3
2022-12-13T17:18:00Z,788,10 39 70 37 46 35 23 66 47 63 13 40 61 74 76 32 49 2 73 36,evens,minor,1
2022-12-13T17:21:00Z,789,50 22 27 12 62 14 61 48 60 39 63 59 45 42 3 18 46 37 64 1,tails,regular,1
2022-12-13T17:24:00Z,791,33 73 20 45 30 28 53 64 67 3 17 63 32 13 1 46 47 56 12 59,evens,regular,1
2022-12-13T17:27:00Z,792,65 35 46 45 72 73 42 41 48 1 69 76 66 71 31 38 16 56 78 57,tails,regular,3
2022-12-13T17:30:00Z,793,18 27 77 15 47 34 17 76 28 25 31 56 43 52 46 36 12 26 59 78,heads,regular,2
2022-12-13T17:33:00Z,794,62 56 43 70 58 57 20 71 31 40 60 55 26 73 19 7 11 37 12 46,tails,regular,1
2022-12-13T17:36:00Z,795,33 2 70 42 4 57 78 45 49 19 73 64 38 65 27 7 15 50 3 55,tails,regular,3
2022-12-13T17:39:00Z,796,13 43 49 60 7 23 68 78 25 56 52 63 46 16 65 19 24 36 26 70,tails,regular,2
2022-12-13T17:42:00Z,797,47 19 52 75 25 3 41 1 53 56 57 23 37 28 16 20 38 39 8 44,heads,minor,1
2022-12-13T17:45:00Z,798,56 5 15 77 80 30 46 31 58 7 68 20 75 63 1 11 27 33 8 36,heads,regular,1
2022-12-13T17:48:00Z,800,38 46 37 14 6 44 72 22 18 13 68 43 66 15 79 56 77 50 8 10,evens,regular,5
2022-12-13T17:51:00Z,801,54 46 66 3 45 76 80 13 22 20 58 51 48 55 12 73 33 10 2 42,tails,major,3
2022-12-13T17:54:00Z,802,41 67 68 9 18 36 28 54 59 71 7 14 69 15 4 58 40 22 19 23,heads,major,1
2022-12-13T17:57:00Z,803,39 64 68 53 2 13 63 10 14 34 29 57 20 22 11 25 26 51 6 80,heads,regular,2
2022-12-13T18:00:00Z,804,64 19 38 29 57 41 58 76 26 54 67 63 78 51 73 7 5 6 75 3,tails,major,1
2022-12-13T18:03:00Z,805,32 40 44 72 59 45 9 27 68 60 12 67 61 39 73 16 30 80 70 13,tails,regular,2
2022-12-13T18:06:00Z,806,33 58 47 44 22 35 61 38 57 30 70 18 6 64 14 77 8 34 36 52,heads,regular,3
2022-12-13T18:09:00Z,807,27 48 60 68 45 31 14 22 41 3 34 44 11 32 71 4 6 64 12 33,heads,regular,3
2022-12-13T18:12:00Z,809,45 3 31 41 51 49 1 64 16 12 79 70 30 7 71 20 50 37 74 38,evens,regular,1
2022-12-13T18:15:00Z,810,24 41 2 57 35 49 74 36 20 29 30 44 16 21 51 40 78 33 4 67,heads,minor,1
2022-12-13T18:18:00Z,811,2 37 25 73 15 76 20 34 16 36 64 65 6 40 61 80 55 8 49 12,heads,regular,3
2022-12-13T18:21:00Z,812,5 76 45 40 43 51 48 19 62 20 9 47 73 59 68 41 58 32 52 2,tails,minor,3
2022-12-13T18:24:00Z,813,16 9 28 19 22 77 11 66 38 61 10 30 27 20 15 12 79 42 29 67,heads,regular,1
2022-12-13T18:27:00Z,814,35 70 43 3 26 45 19 77 49 72 17 55 33 7 61 64 24 15 59 80,tails,regular,1
2022-12-13T18:30:00Z,815,73 63 78 62 76 34 28 59 8 51 30 68 42 38 15 65 53 72 7 70,tails,regular,1
2022-12-13T18:33:00Z,816,27 39 3 22 76 41 9 38 45 17 47 8 10 67 71 56 24 59 66 1,heads,regular,3
2022-12-13T18:36:00Z,818,23 58 14 37 66 16 2 53 50 74 68 32 79 77 75 8 55 17 9 38,evens,major,4
2022-12-13T18:39:00Z,819,39 71 47 54 23 46 60 22 19 68 5 61 74 20 12 36 26 8 18 34,heads,major,1
2022-12-13T18:42:00Z,820,45 73 36 21 16 11 42 54 70 9 39 10 12 46 51 20 69 35 50 78,evens,minor,3
2022-12-13T18:45:00Z,821,5 44 72 39 74 61 25 52 38 10 42 15 60 2 79 21 66 76 22 6,evens,major,3
2022-12-13T18:48:00Z,822,56 73 57 50 18 55 42 22 8 76 49 39 79 47 59 13 71 11 38 9,tails,major,3
2022-12-13T18:51:00Z,823,47 71 52 69 56 36 75 32 41 59 23 54 14 17 45 16 27 10 1 50,tails,regular,2
2022-12-13T18:54:00Z,824,28 47 59 53 31 80 33 67 36 45 1 18 49 8 6 78 4 70 40 43,evens,regular,3
2022-12-13T18:57:00Z,825,8 32 36 16 34 80 9 37 26 29 11 52 25 47 14 51 76 64 3 46,heads,regular,2
2022-12-13T19:00:00Z,827,11 44 12 38 52 61 19 42 56 80 7 29 48 10 2 51 41 1 60 28,evens,regular,1
2022-12-13T19:03:00Z,828,55 58 70 25 13 56 39 40 52 17 67 48 65 44 11 31 62 50 38 35,tails,regular,3
2022-12-13T19:06:00Z,829,3 68 41 5 24 27 26 73 59 62 29 23 10 79 78 40 47 48 17 20,heads,regular,3
2022-12-13T19:09:00Z,830,71 79 21 49 53 72 77 60 57 65 24 23 37 29 12 50 70 36 34 33,tails,minor,2
2022-12-13T19:12:00Z,831,68 16 33 5 62 72 52 10 12 57 70 73 60 22 25 76 59 64 58 75,tails,regular,1
2022-12-13T19:15:00Z,832,68 53 48 60 42 74 73 32 75 65 23 62 50 26 8 58 67 14 17 79,tails,minor,1
2022-12-13T19:18:00Z,833,16 12 45 68 49 37 1 47 74 14 35 52 41 23 65 48 30 76 20 36,evens,regular,1
2022-12-13T19:21:00Z,834,16 34 11 63 30 71 1 60 67 46 26 39 61 17 18 49 24 54 13 64,heads,major,2
2022-12-13T19:24:00Z,836,58 60 38 62 69 48 5 79 32 10 72 35 2 78 23 3 34 57 8 18,heads,regular,2
2022-12-13T19:27:00Z,837,21 13 71 28 15 23 62 55 45 22 12 24 50 1 30 66 3 47 6 17,heads,regular,1
2022-12-13T19:30:00Z,838,61 72 23 22 10 46 40 78 62 45 21 13 30 47 43 5 33 80 54 17,evens,minor,1
2022-12-13T19:33:00Z,839,16 77 41 76 23 31 2 55 39 72 30 57 74 5 70 45 61 52 20 36,tails,regular,2
2022-12-13T19:36:00Z,840,30 47 2 46 29 45 73 79 60 35 16 66 21 72 9 40 37 23 42 63,evens,minor,1
2022-12-13T19:39:00Z,841,48 43 5 6 41 69 36 13 76 25 51 12 1 39 3 79 28 55 44 22,heads,regular,2
2022-12-13T19:42:00Z,842,10 56 69 67 18 44 5 36 33 76 38 49 78 2 55 68 16 6 57 63,tails,regular,2
2022-12-13T19:45:00Z,843,19 12 16 39 7 11 54 10 73 57 67 80 46 36 4 33 74 1 44 79,heads,regular,1
2022-12-13T19:48:00Z,845,5 43 54 7 78 4 45 59 47 80 66 64 42 49 39 8 17 62 24 20,tails,regular,1
2022-12-13T19:51:00Z,846,60 15 72 10 5 79 74 52 22 31 2 59 6 14 76 16 3 80 78 36,heads,minor,4
2022-12-13T19:54:00Z,847,36 56 49 20 62 51 45 7 27 60 32 24 44 12 55 8 74 63 79 9,tails,regular,1
2022-12-13T19:57:00Z,848,26 2 71 31 50 73 72 32 47 17 27 13 9 60 58 22 35 15 30 66,heads,regular,3
2022-12-13T20:00:00Z,849,69 24 26 1 18 52 64 2 76 61 31 74 33 11 43 71 57 30 66 29,evens,regular,4
2022-12-13T20:03:00Z,850,67 79 51 16 70 5 32 20 56 29 62 27 3 80 43 65 23 47 18 76,tails,major,1
2022-12-13T20:06:00Z,851,75 7 8 60 21 79 24 67 49 77 54 76 3 50 62 38 61 20 19 2,tails,regular,1
2022-12-13T20:09:00Z,852,8 72 27 44 58 12 37 9 67 56 4 42 48 31 30 39 16 75 35 24,heads,regular,2
2022-12-13T20:12:00Z,854,9 31 65 59 22 2 35 74 10 11 41 55 13 51 24 72 63 43 48 23,evens,minor,1
2022-12-13T20:15:00Z,855,65 30 2 59 9 79 58 64 33 60 54 1 27 43 70 26 74 46 47 35,tails,regular,2
2022-12-13T20:18:00Z,856,21 46 36 5 56 13 22 20 26 45 39 52 64 12 4 72 75 37 43 7,heads,regular,1
2022-12-13T20:21:00Z,857,61 25 70 74 58 27 72 32 67 71 22 15 64 47 19 33 23 77 44 2,tails,regular,1
2022-12-13T20:24:00Z,858,30 57 36 31 69 37 8 2 6 61 52 10 72 25 15 41 43 40 9 70,heads,regular,2
2022-12-13T20:27:00Z,859,52 41 6 64 23 63 27 22 13 34 10 33 71 75 49 31 61 73 25 36,heads,major,3
2022-12-13T20:30:00Z,860,67 42 16 25 15 61 64 1 70 12 22 17 33 57 66 59 10 19 31 34,heads,minor,10
2022-12-13T20:33:00Z,861,13 31 57 8 56 68 75 64 42 51 39 43 3 7 6 30 10 79 70 18,evens,regular,3
2022-12-13T20:36:00Z,863,79 55 36 74 7 33 21 38 19 13 45 51 65 42 67 22 60 6 48 77,tails,regular,1
2022-12-13T20:39:00Z,864,18 12 79 75 77 41 74 29 70 33 51 65 1 47 14 5 24 6 46 21,evens,major,1
2022-12-13T20:42:00Z,865,48 34 27 49 67 46 3 32 2 73 56 66 43 59 30 51 69 10 63 78,tails,regular,2
2022-12-13T20:45:00Z,866,61 21 32 22 57 75 68 9 10 78 8 48 51 73 4 12 17 59 64 52,tails,regular,3
2022-12-13T20:48:00Z,867,44 45 72 4 37 49 50 55 26 9 47 43 36 17 42 33 68 67 77 64,tails,regular,2
2022-12-13T20:51:00Z,868,22 26 19 31 25 69 67 12 30 70 53 46 5 71 52 78 2 6 62 36,heads,regular,5
2022-12-13T20:54:00Z,869,53 24 25 73 26 63 59 17 45 61 66 76 14 19 15 64 43 1 75 5,tails,regular,3
2022-12-13T20:57:00Z,870,78 51 63 20 59 55 24 39 80 34 3 37 17 30 54 53 22 75 13 48,evens,regular,1
2022-12-13T21:00:00Z,872,12 9 33 48 46 51 59 77 27 80 31 76 10 13 20 68 22 69 66 72,tails,minor,2
2022-12-13T21:03:00Z,873,68 62 48 15 46 70 44 66 55 61 57 60 18 45 65 19 40 30 72 8,tails,minor,1
2022-12-13T21:06:00Z,874,57 47 45 13 38 70 79 55 46 43 31 62 29 19 18 56 16 6 36 42,tails,minor,1
2022-12-13T21:09:00Z,875,17 66 76 22 4 59 74 6 12 7 58 2 77 63 54 29 15 51 64 40,evens,regular,3
2022-12-13T21:12:00Z,876,40 5 48 37 71 22 12 49 21 67 60 35 14 73 20 76 28 33 70 74,heads,regular,1
2022-12-13T21:15:00Z,877,30 45 32 6 74 16 69 11 56 48 26 76 44 14 36 9 38 72 68 55,evens,regular,2
2022-12-13T21:18:00Z,878,47 3 50 23 61 25 40 72 73 17 32 27 6 34 41 5 9 57 36 70,heads,regular,1
2022-12-13T21:21:00Z,879,9 3 31 13 16 33 29 57 5 28 21 6 22 4 58 48 17 44 52 51,heads,regular,1
2022-12-13T21:24:00Z,881,44 11 60 47 68 5 53 24 6 1 12 4 42 73 70 50 8 66 72 41,tails,regular,3
2022-12-13T21:27:00Z,882,1 2 9 41 15 51 46 37 63 57 8 47 19 29 39 27 7 28 72 22,heads,major,1
2022-12-13T21:30:00Z,883,24 74 20 28 51 2 62 10 59 35 6 73 25 76 61 14 68 60 15 46,evens,major,3
2022-12-13T21:33:00Z,884,17 48 52 35 19 50 15 68 43 56 57 27 40 1 21 11 62 30 28 80,heads,minor,2
2022-12-13T21:36:00Z,885,10 48 15 78 70 16 30 51 9 75 69 44 49 73 29 79 32 20 34 4,evens,minor,1
2022-12-13T21:39:00Z,886,51 23 45 33 49 24 72 62 70 79 54 14 20 41 71 5 75 8 34 58,tails,regular,1
2022-12-13T21:42:00Z,887,12 53 62 46 79 11 1 9 5 22 18 23 39 26 67 37 15 75 51 13,heads,minor,1
2022-12-13T21:45:00Z,888,62 52 78 15 23 7 17 69 36 12 64 37 47 28 74 58 30 53 22 55,evens,regular,2
2022-12-13T21:48:00Z,890,34 23 13 9 14 74 2 3 28 47 15 39 62 48 36 68 41 19 27 38,heads,minor,1
2022-12-13T21:51:00Z,891,7 8 56 74 1 55 34 13 47 45 18 51 26 66 80 40 27 60 54 35,evens,regular,1
2022-12-13T21:54:00Z,892,25 13 44 24 66 15 65 69 2 80 14 29 63 57 9 43 16 18 41 4,heads,minor,1
2022-12-13T21:57:00Z,893,7 47 62 48 55 19 77 78 46 15 4 28 35 60 27 59 11 74 69 1,tails,regular,2
2022-12-13T22:00:00Z,894,64 62 80 27 70 10 50 4 42 20 29 54 59 61 77 3 55 26 53 15,tails,regular,1
2022-12-13T22:03:00Z,895,62 28 34 39 75 31 9 40 5 49 43 52 77 14 16 22 44 64 70 30,heads,regular,3
2022-12-13T22:06:00Z,896,46 50 1 16 56 49 17 35 24 18 71 44 75 4 6 73 53 5 7 40,heads,regular,2
2022-12-13T22:09:00Z,897,17 28 6 12 10 26 56 38 68 61 7 16 62 34 24 8 15 18 3 73,heads,regular,3
2022-12-13T22:12:00Z,899,2 52 5 26 27 10 51 50 17 45 72 79 66 8 23 71 43 19 58 34,evens,regular,4
2022-12-13T22:15:00Z,900,7 71 78 25 68 28 8 22 37 1 69 27 19 45 15 62 65 36 52 46,heads,minor,2
2022-12-13T22:18:00Z,901,68 57 30 65 40 19 69 45 75 13 25 3 67 58 8 61 32 31 10 78,evens,regular,1
2022-12-13T22:21:00Z,902,33 11 45 24 25 69 30 21 48 1 2 19 17 3 9 64 59 67 79 27,heads,regular,1
2022-12-13T22:24:00Z,903,32 79 59 31 1 11 15 22 48 53 4 2 70 61 71 21 75 72 52 43,tails,regular,2
2022-12-13T22:27:00Z,904,49 50 58 69 15 16 2 5 70 11 64 43 24 47 26 4 23 18 33 9,heads,regular,1
2022-12-13T22:30:00Z,905,45 66 58 54 55 22 73 52 17 78 32 5 69 79 62 16 43 12 21 36,tails,minor,1
2022-12-13T22:33:00Z,906,23 38 71 13 20 53 78 74 61 67 30 79 55 39 63 64 26 15 72 2,tails,regular,1
2022-12-13T22:36:00Z,908,74 38 36 55 45 43 46 58 70 40 50 12 76 65 16 52 8 77 17 59,tails,minor,2
2022-12-13T22:39:00Z,909,1 44 50 21 62 48 41 33 43 19 45 56 51 38 15 46 17 18 65 34,tails,regular,1
2022-12-13T22:42:00Z,910,42 6 13 7 18 2 49 66 23 55 40 1 25 28 34 57 10 35 79 56,heads,minor,3
2022-12-13T22:45:00Z,911,63 13 17 77 10 11 58 42 62 14 33 54 59 57 31 65 5 69 3 2,evens,minor,3
2022-12-13T22:48:00Z,912,67 42 60 61 27 71 49 21 22 77 29 16 26 79 56 51 41 50 55 19,tails,minor,1
2022-12-13T22:51:00Z,913,78 49 30 79 1 47 74 16 35 61 64 48 66 44 15 28 8 43 50 31,tails,regular,3
2022-12-13T22:54:00Z,914,34 22 76 30 78 75 25 5 7 65 2 53 18 57 12 31 49 32 28 47,heads,major,1
2022-12-13T22:57:00Z,915,33 55 64 17 22 8 13 66 30 51 29 46 58 45 72 18 74 43 6 28,evens,regular,1
2022-12-13T23:00:00Z,917,79 16 72 78 20 25 47 13 19 66 57 48 34 26 3 61 42 74 5 17,evens,minor,1
2022-12-13T23:03:00Z,918,29 22 32 10 66 54 30 52 48 78 71 57 1 68 35 8 36 80 37 46,evens,regular,2
2022-12-13T23:06:00Z,919,76 15 35 61 69 75 59 41 58 67 73 11 33 77 27 20 49 26 17 37,tails,regular,1
2022-12-13T23:09:00Z,920,27 10 1 77 40 13 48 18 70 52 31 75 71 5 21 55 60 44 30 35,heads,regular,1
2022-12-13T23:12:00Z,921,14 68 28 70 47 65 33 25 24 15 69 45 9 59 36 11 75 78 37 55,evens,regular,3
2022-12-13T23:15:00Z,922,51 71 35 65 24 21 41 75 68 6 73 14 59 33 8 7 1 9 20 49,heads,minor,1
2022-12-13T23:18:00Z,923,21 56 12 6 72 42 14 79 1 27 17 67 71 15 75 22 43 77 54 50,tails,regular,3
2022-12-13T23:21:00Z,924,14 61 16 54 4 18 19 6 59 20 57 67 51 80 74 35 3 15 72 47,evens,minor,4
2022-12-13T23:24:00Z,926,46 36 48 70 71 25 43 72 29 1 66 42 59 51 79 26 39 63 30 11,tails,minor,1
2022-12-13T23:27:00Z,927,74 32 54 68 51 28 26 57 55 19 72 20 6 61 40 18 13 31 34 16,heads,regular,2
2022-12-13T23:30:00Z,928,74 51 69 67 26 50 34 32 14 78 16 4 35 76 47 43 56 52 9 72,tails,regular,1
2022-12-13T23:33:00Z,929,58 78 3 67 28 5 18 52 63 8 27 42 74 10 44 4 61 69 48 45,tails,regular,3
2022-12-13T23:36:00Z,930,41 3 68 28 60 54 27 14 19 42 80 10 37 45 5 12 17 48 35 11,heads,regular,1
2022-12-13T23:39:00Z,931,77 23 55 38 1 63 56 62 14 54 28 73 68 32 45 3 27 6 12 33,heads,regular,3
2022-12-13T23:42:00Z,932,68 5 63 45 30 52 74 77 28 19 79 58 27 23 56 12 21 73 2 6,evens,regular,1
2022-12-13T23:45:00Z,933,52 4 46 5 6 48 29 54 20 14 66 70 11 39 37 75 43 34 76 41,evens,regular,3
2022-12-13T23:48:00Z,935,38 78 57 64 73 45 66 23 11 1 12 72 42 31 37 55 29 52 49 59,tails,regular,3
2022-12-13T23:51:00Z,936,49 72 25 18 57 32 11 28 78 71 43 37 76 64 15 23 19 26 54 55,evens,minor,1
2022-12-13T23:54:00Z,937,69 28 38 3 36 32 55 67 42 75 8 14 60 78 13 1 63 57 46 34,evens,regular,2
2022-12-13T23:57:00Z,938,25 24 62 54 66 67 11 52 72 73 43 74 65 60 29 51 35 61 33 26,tails,regular,2
2022-12-14T00:00:00Z,939,41 9 33 7 71 63 68 45 69 52 60 6 80 78 38 79 37 18 4 75,tails,regular,2
2022-12-14T00:03:00Z,940,26 65 1 41 68 48 40 42 36 67 69 64 39 52 2 28 73 77 20 66,tails,regular,3
2022-12-14T00:06:00Z,941,37 7 40 60 12 55 2 11 8 72 78 45 24 74 66 70 79 44 6 49,tails,regular,2
2022-12-14T00:09:00Z,942,30 51 12 11 36 22 26 78 31 48 40 60 33 68 27 76 17 50 56 54,heads,minor,3
2022-12-14T00:12:00Z,944,77 16 49 46 34 63 30 3 74 5 24 62 42 48 27 1 70 23 55 9,evens,regular,4
2022-12-14T00:15:00Z,945,17 22 61 58 34 62 57 7 16 41 65 56 32 52 18 30 43 26 28 1,heads,regular,3
2022-12-14T00:18:00Z,946,73 72 78 71 79 69 5 76 22 7 19 13 33 4 63 37 11 48 54 50,tails,regular,1
2022-12-14T00:21:00Z,947,57 34 63 32 48 62 64 51 5 44 6 21 74 11 19 14 29 13 24 25,heads,regular,2
2022-12-14T00:24:00Z,948,19 68 59 71 45 61 52 16 79 15 22 20 75 55 2 40 24 21 13 36,heads,minor,1
2022-12-14T00:27:00Z,949,70 53 1 24 60 5 45 56 37 6 21 59 7 19 48 65 15 64 28 10,heads,regular,1
2022-12-14T00:30:00Z,950,9 33 31 13 11 19 10 58 7 36 1 24 48 47 38 41 29 78 12 79,heads,regular,3
2022-12-14T00:33:00Z,951,26 41 67 2 12 8 37 17 16 1 74 65 40 11 77 76 6 13 42 49,heads,major,2
2022-12-14T00:36:00Z,953,38 74 22 29 30 44 16 68 18 80 63 11 15 79 50 36 42 66 73 51,tails,regular,1
2022-12-14T00:39:00Z,954,47 75 55 20 29 38 54 46 41 16 61 23 79 43 13 35 26 45 62 69,tails,minor,1
2022-12-14T00:42:00Z,955,37 27 56 26 68 80 62 75 28 31 76 29 18 12 36 25 23 53 16 20,heads,regular,2
2022-12-14T00:45:00Z,956,69 58 71 46 52 33 24 40 8 75 57 26 18 66 19 78 67 76 25 61,tails,regular,1
2022-12-14T00:48:00Z,957,70 49 59 77 76 62 53 16 80 1 36 65 61 27 12 25 23 40 43 47,tails,regular,1
2022-12-14T00:51:00Z,958,30 77 31 63 78 48 53 22 68 27 17 57 2 71 79 29 35 3 19 80,evens,minor,2
2022-12-14T00:54:00Z,959,79 25 12 35 33 37 20 13 58 9 71 44 21 39 36 27 68 49 24 48,heads,minor,3
2022-12-14T00:57:00Z,960,22 14 30 17 56 68 20 18 29 5 55 45 63 7 3 62 57 2 60 76,heads,minor,1
2022-12-14T01:00:00Z,962,49 4 18 37 59 24 38 58 33 23 2 20 31 34 64 41 46 1 45 80,heads,regular,3
2022-12-14T01:03:00Z,963,70 7 78 61 41 53 3 49 22 23 10 60 32 67 16 45 55 74 27 15,tails,minor,1
2022-12-14T01:06:00Z,964,73 66 64 55 8 34 31 11 50 75 10 74 15 80 79 27 48 68 19 35,tails,regular,1
2022-12-14T01:09:00Z,965,29 3 11 4 58 68 57 26 17 30 33 8 20 39 37 25 76 55 69 73,heads,regular,2
2022-12-14T01:12:00Z,966,76 19 56 69 35 80 18 10 28 30 36 66 33 73 32 16 78 42 40 41,heads,regular,2
2022-12-14T01:15:00Z,967,52 60 41 73 2 42 71 62 46 34 69 1 30 66 58 5 6 36 45 22,tails,regular,3
2022-12-14T01:18:00Z,968,80 15 42 3 29 32 30 2 52 66 39 61 36 49 71 38 59 14 1 33,heads,regular,2
2022-12-14T01:21:00Z,969,77 37 59 71 70 3 48 11 55 43 80 60 50 18 10 46 34 67 65 63,tails,regular,1
2022-12-14T01:24:00Z,971,2 70 4 72 76 27 57 5 9 36 51 61 37 60 55 1 48 29 54 68,tails,regular,2
2022-12-14T01:27:00Z,972,12 72 73 7 77 33 25 46 39 32 29 1 30 76 10 78 54 71 42 49,evens,minor,3
2022-12-14T01:30:00Z,973,56 76 41 67 60 78 9 48 6 49 4 26 54 1 61 65 19 55 62 70,tails,minor,1
2022-12-14T01:33:00Z,974,52 60 16 4 15 29 47 57 68 77 1 17 76 22 28 32 61 10 72 62,evens,major,2
2022-12-14T01:36:00Z,975,29 40 30 47 6 12 77 37 35 8 78 31 61 52 59 62 1 27 45 46,heads,regular,1
2022-12-14T01:39:00Z,976,51 59 10 73 39 44 7 6 40 53 25 16 72 43 64 18 42 48 52 46,tails,minor,1
2022-12-14T01:42:00Z,977,41 35 59 34 70 22 80 77 44 30 1 79 58 4 51 56 3 24 29 63,tails,regular,2
2022-12-14T01:45:00Z,978,13 45 44 49 24 48 14 76 8 72 62 77 67 15 41 35 6 21 64 63,tails,minor,2
2022-12-14T01:48:00Z,980,5 20 39 72 37 73 66 50 51 18 75 19 23 80 74 67 33 45 15 44,tails,regular,2
2022-12-14T01:51:00Z,981,76 64 39 32 11 51 21 44 36 45 56 80 23 12 4 29 35 28 46 53,heads,major,1
2022-12-14T01:54:00Z,982,23 13 70 47 39 33 42 26 64 14 57 73 72 11 7 53 45 69 15 6,evens,regular,3
2022-12-14T01:57:00Z,983,7 43 33 51 79 37 13 16 40 74 4 36 70 5 78 35 28 44 30 19,heads,minor,2
2022-12-14T02:00:00Z,984,79 40 58 45 54 39 41 49 10 43 63 24 1 36 64 56 52 37 8 53,tails,regular,1
2022-12-14T02:03:00Z,985,38 21 64 3 14 35 33 24 2 62 61 71 55 63 74 45 8 23 58 78,evens,minor,1
2022-12-14T02:06:00Z,986,26 4 24 64 22 27 45 35 50 72 57 25 1 7 54 74 28 10 32 18,heads,regular,3
2022-12-14T02:09:00Z,987,41 51 21 28 11 2 19 5 23 26 37 73 13 31 62 44 50 10 75 45,heads,minor,3
2022-12-14T02:12:00Z,989,48 17 14 2 67 44 9 10 72 40 58 13 73 5 74 33 36 45 59 42,evens,regular,3
2022-12-14T02:15:00Z,990,30 75 33 18 47 35 34 60 41 6 36 25 20 44 63 19 23 7 64 37,heads,regular,1
2022-12-14T02:18:00Z,991,37 20 24 65 33 64 39 34 69 74 76 53 60 31 35 75 29 71 43 18,evens,regular,3
2022-12-14T02:21:00Z,992,17 5 24 58 32 4 49 42 2 38 61 22 48 65 50 7 43 16 76 28,heads,regular,2
2022-12-14T02:24:00Z,993,77 49 14 66 21 46 35 11 48 30 38 32 31 68 25 37 16 15 12 65,heads,regular,1
2022-12-14T02:27:00Z,994,11 37 39 68 43 21 48 12 25 58 64 26 19 23 35 1 59 34 5 31,heads,major,1
2022-12-14T02:30:00Z,995,62 54 68 38 77 24 49 50 45 74 9 66 80 71 30 48 40 1 26 13,tails,regular,1
2022-12-14T02:33:00Z,996,75 24 14 32 43 49 3 63 61 37 47 36 31 8 52 73 64 76 69 72,tails,regular,1
2022-12-14T02:36:00Z,998,7 22 34 18 62 33 48 45 41 15 31 39 13 60 24 72 66 54 56 59,evens,regular,3
2022-12-14T02:39:00Z,999,25 78 48 77 63 35 59 14 8 32 23 16 72 43 50 1 2 9 80 30,heads,regular,1
2022-12-14T02:42:00Z,1,43 12 46 21 13 9 7 47 56 80 71 54 29 72 44 61 10 53 32 52,tails,regular,1
2022-12-14T02:45:00Z,2,22 74 54 47 34 1 43 40 10 67 78 76 68 56 31 36 6 69 8 80,tails,regular,2
2022-12-14T02:48:00Z,3,15 43 60 62 34 77 66 65 35 54 40 1 59 17 7 61 16 48 78 26,tails,regular,2
2022-12-14T02:51:00Z,4,66 43 9 21 47 69 76 12 56 27 54 19 70 49 11 37 79 61 58 3,tails,regular,3
2022-12-14T02:54:00Z,5,60 24 7 3 54 78 41 15 17 71 56 75 44 21 64 30 40 34 20 27,heads,minor,2
2022-12-14T02:57:00Z,6,19 25 10 43 37 49 14 65 18 7 57 74 75 11 2 47 50 17 70 8,heads,regular,1
2022-12-14T03:00:00Z,8,30 38 4 7 14 51 44 77 47 71 23 79 63 66 17 9 52 64 8 3,evens,major,1
2022-12-14T03:03:00Z,9,31 60 48 13 71 4 3 72 67 49 17 58 1 16 14 2 57 73 33 51,evens,regular,3
2022-12-14T03:06:00Z,10,70 11 41 46 1 66 8 62 42 34 80 69 78 19 50 48 38 59 3 24,tails,regular,2
2022-12-14T03:09:00Z,11,70 7 1 75 72 57 13 29 33 60 35 10 25 12 43 62 36 55 39 47,heads,minor,2
2022-12-14T03:12:00Z,12,13 79 56 3 77 72 60 34 28 46 15 16 68 61 25 64 44 8 27 20,evens,regular,3
2022-12-14T03:15:00Z,13,24 36 15 57 47 58 55 45 30 29 40 51 26 9 23 16 18 35 22 60,heads,regular,2
2022-12-14T03:18:00Z,14,79 40 42 38 30 62 20 64 72 36 1 65 19 57 67 11 43 47 8 44,tails,regular,2
2022-12-14T03:21:00Z,15,9 73 58 23 62 77 39 76 16 28 42 53 71 78 30 63 31 27 7 75,tails,regular,1
2022-12-14T03:24:00Z,17,80 31 41 25 67 70 13 26 17 23 6 57 53 16 46 33 71 1 55 29,heads,minor,2
2022-12-14T03:27:00Z,18,44 29 74 45 75 69 76 58 66 80 22 57 56 72 65 49 59 15 55 67,tails,regular,2
2022-12-14T03:30:00Z,19,24 28 53 36 1 59 76 55 58 20 41 40 45 25 29 4 56 23 13 9,heads,regular,1
2022-12-14T03:33:00Z,20,66 8 39 80 68 71 78 16 56 1 21 55 49 29 40 61 73 6 75 3,tails,minor,1
2022-12-14T03:36:00Z,21,59 58 78 53 73 9 61 46 37 64 24 14 76 11 31 23 26 67 34 48,tails,minor,1
2022-12-14T03:39:00Z,22,65 54 76 9 50 59 35 31 42 75 26 72 1 19 29 38 39 11 69 45,evens,regular,2
2022-12-14T03:42:00Z,23,57 18 67 48 13 69 79 22 8 19 73 4 3 56 11 58 33 61 47 29,evens,regular,2
2022-12-14T03:45:00Z,24,26 70 55 17 33 71 54 77 18 45 64 60 16 68 38 52 31 58 69 11,tails,regular,2
2022-12-14T03:48:00Z,26,78 61 42 3 57 19 20 21 8 22 53 63 40 54 44 47 28 31 24 55,evens,regular,3
2022-12-14T03:51:00Z,27,79 8 17 21 46 31 35 76 37 28 57 52 13 4 51 34 59 45 14 41,heads,minor,3
2022-12-14T03:54:00Z,28,48 36 71 70 1 6 17 46 32 20 58 49 23 79 31 45 59 52 42 63,tails,major,4
2022-12-14T03:57:00Z,29,75 74 40 47 51 56 80 50 62 63 11 49 1 66 39 2 76 8 41 68,tails,regular,2
2022-12-14T04:00:00Z,30,72 54 38 43 22 69 27 13 29 53 12 51 37 7 8 68 36 78 31 10,heads,regular,4
2022-12-14T04:03:00Z,31,6 79 23 59 22 50 17 70 53 68 51 57 19 12 80 40 69 78 56 3,tails,regular,1
2022-12-14T04:06:00Z,32,73 9 33 5 44 10 57 63 37 12 28 53 11 74 67 14 52 3 77 79,evens,regular,2
2022-12-14T04:09:00Z,33,32 30 72 13 62 69 61 48 43 66 12 36 67 14 71 17 24 59 57 31,tails,regular,1
2022-12-14T04:12:00Z,35,69 80 33 75 49 21 15 51 20 61 29 14 58 64 53 56 18 50 4 31,tails,major,4
2022-12-14T04:15:00Z,36,66 8 32 19 1 60 21 18 23 10 46 16 43 3 25 55 57 7 51 41,heads,regular,3
2022-12-14T04:18:00Z,37,70 25 71 80 52 63 33 42 12 67 31 7 3 2 49 56 66 29 75 40,tails,regular,1
2022-12-14T04:21:00Z,38,54 59 31 70 63 68 78 11 64 18 62 51 33 74 53 15 34 49 50 8,tails,regular,3
2022-12-14T04:24:00Z,39,52 12 64 59 63 23 57 53 79 78 1 6 72 17 11 68 4 70 19 73,tails,regular,3
2022-12-14T04:27:00Z,40,27 75 1 25 49 35 12 32 40 76 13 43 63 74 47 51 45 9 41 44,tails,minor,1
2022-12-14T04:30:00Z,41,37 15 25 20 2 54 57 74 66 12 33 27 7 78 16 9 29 51 46 63,heads,minor,10
2022-12-14T04:33:00Z,42,6 26 25 48 30 8 74 62 37 46 21 23 16 1 78 79 32 19 18 5,heads,regular,3
2022-12-14T04:36:00Z,44,70 44 5 23 35 8 55 2 17 7 21 54 57 29 13 27 25 26 58 50,heads,regular,1
2022-12-14T04:39:00Z,45,24 80 73 20 47 53 68 77 25 1 70 5 34 72 60 39 69 2 27 51,tails,regular,1
2022-12-14T04:42:00Z,46,54 47 20 67 17 68 79 25 60 15 49 37 7 30 24 77 33 19 28 42,heads,regular,2
2022-12-14T04:45:00Z,47,12 13 50 34 71 20 47 48 38 78 41 54 19 75 45 55 11 63 23 29,tails,minor,3
2022-12-14T04:48:00Z,48,64 45 80 78 79 68 61 39 5 72 27 4 56 52 76 6 22 16 57 24,tails,minor,3
2022-12-14T04:51:00Z,49,5 15 57 19 32 59 48 65 74 45 42 14 76 61 18 13 28 12 22 27,heads,regular,1
2022-12-14T04:54:00Z,50,66 78 72 60 50 69 23 64 20 41 80 52 19 61 59 25 29 28 18 15,tails,regular,1
2022-12-14T04:57:00Z,51,5 4 62 40 20 53 45 9 39 57 2 63 24 67 76 80 27 50 73 37,evens,regular,3
2022-12-14T05:00:00Z,53,38 28 74 68 17 4 6 22 42 60 66 65 25 37 13 59 43 40 49 67,evens,minor,10
2022-12-14T05:03:00Z,54,73 17 78 8 11 54 67 41 71 15 10 37 48 22 44 27 14 57 29 65,evens,major,1
2022-12-14T05:06:00Z,55,37 42 70 30 56 41 44 38 20 28 65 75 35 66 4 78 27 49 57 59,tails,regular,5
2022-12-14T05:09:00Z,56,76 21 12 61 53 77 24 50 14 68 80 34 5 73 8 45 40 71 63 33,tails,regular,1
2022-12-14T05:12:00Z,57,80 58 63 18 61 24 8 54 62 9 25 40 16 29 52 36 41 20 26 31,heads,regular,2
2022-12-14T05:15:00Z,58,70 64 20 25 10 11 18 23 22 34 51 61 2 15 66 53 50 78 3 58,heads,regular,2
2022-12-14T05:18:00Z,59,1 7 52 43 20 33 78 72 67 77 49 73 18 44 80 42 66 54 60 45,tails,regular,3
2022-12-14T05:21:00Z,60,34 52 67 13 15 44 41 62 48 76 69 78 35 22 51 79 60 25 40 16,tails,regular,10
2022-12-14T05:24:00Z,62,1 60 27 30 23 16 75 11 58 35 5 4 13 73 39 40 63 68 37 74,heads,regular,2
2022-12-14T05:27:00Z,63,66 9 65 58 17 33 37 26 29 41 7 79 47 20 48 57 36 71 75 31,evens,regular,1
2022-12-14T05:30:00Z,64,39 51 7 12 66 46 44 77 45 55 53 34 47 60 50 64 18 61 25 73,tails,regular,10
2022-12-14T05:33:00Z,65,1 66 79 13 69 62 26 56 73 45 30 36 41 29 11 50 8 57 47 38,tails,regular,1
2022-12-14T05:36:00Z,66,30 77 39 7 41 47 57 40 12 27 51 71 74 69 55 36 48 24 3 22,evens,major,4
2022-12-14T05:39:00Z,67,12 8 66 38 59 79 41 28 48 20 68 18 46 27 32 34 64 13 43 45,evens,regular,1
2022-12-14T05:42:00Z,68,32 68 17 7 73 55 50 37 67 70 45 77 69 48 19 25 6 59 74 18,tails,minor,3
2022-12-14T05:45:00Z,69,38 57 7 33 18 68 40 60 56 79 9 15 72 50 32 30 37 29 2 53,heads,major,1
2022-12-14T05:48:00Z,71,38 27 18 23 65 25 68 13 74 39 16 31 53 67 73 8 58 57 28 55,heads,regular,2
2022-12-14T05:51:00Z,72,14 3 39 59 29 63 62 16 77 24 49 79 74 67 17 37 5 48 47 33,evens,regular,10
2022-12-14T05:54:00Z,73,25 1 50 56 16 78 79 12 27 67 73 11 35 75 66 64 7 29 61 32,evens,regular,2
2022-12-14T05:57:00Z,74,36 61 60 19 23 62 69 5 28 56 44 47 27 3 57 13 38 74 68 26,evens,regular,3
2022-12-14T06:00:00Z,75,17 9 54 1 77 15 35 78 3 70 18 26 42 27 16 66 50 60 38 31,heads,regular,1
2022-12-14T06:03:00Z,76,28 51 68 9 80 58 7 4 37 18 54 30 78 60 45 46 56 5 76 36,tails,regular,2
2022-12-14T06:06:00Z,77,52 50 46 5 19 20 12 55 75 26 1 68 30 36 74 13 76 14 56 25,heads,regular,2
2022-12-14T06:09:00Z,78,12 27 1 15 16 9 35 80 47 25 36 19 44 72 31 43 3 26 60 29,heads,regular,1
2022-12-14T06:12:00Z,80,74 14 12 64 59 61 60 68 78 75 51 50 57 71 21 45 13 24 2 31,tails,regular,2
2022-12-14T06:15:00Z,81,12 44 5 34 27 39 67 43 23 80 21 24 77 29 79 70 75 62 42 49,tails,regular,1
2022-12-14T06:18:00Z,82,70 25 48 24 71 12 33 55 79 78 35 7 66 41 80 39 57 11 1 29,evens,regular,1
2022-12-14T06:21:00Z,83,11 74 16 45 14 8 68 53 58 9 43 61 25 44 51 39 3 5 21 80,evens,regular,1
2022-12-14T06:24:00Z,84,33 14 10 4 49 72 11 43 54 3 46 32 59 58 69 79 21 64 65 1,tails,minor,3
2022-12-14T06:27:00Z,85,11 68 7 25 1 54 48 32 72 65 62 24 46 6 74 26 49 9 50 69,tails,regular,2
2022-12-14T06:30:00Z,86,57 53 64 27 39 33 16 43 28 45 40 59 75 15 19 71 76 49 41 55,tails,regular,1
2022-12-14T06:33:00Z,87,47 27 34 16 54 30 50 6 65 18 10 36 2 77 35 13 3 49 71 38,heads,regular,1
2022-12-14T06:36:00Z,89,21 49 53 20 7 75 70 45 40 77 44 30 59 24 60 23 37 63 47 11,tails,regular,1
2022-12-14T06:39:00Z,90,13 67 8 66 7 5 11 56 61 25 65 6 72 9 29 43 42 74 31 30,heads,regular,3
2022-12-14T06:42:00Z,91,59 78 13 73 54 37 21 71 4 33 34 32 41 15 8 14 55 7 56 3,heads,regular,1
2022-12-14T06:45:00Z,92,45 27 56 25 53 37 42 9 52 74 58 11 75 68 70 8 47 16 13 40,tails,minor,3
2022-12-14T06:48:00Z,93,16 19 74 38 63 36 54 1 4 7 24 64 15 76 66 58 61 20 69 45,evens,regular,2
2022-12-14T06:51:00Z,94,76 69 21 11 16 70 17 8 5 9 39 77 4 63 43 26 28 19 31 41,heads,regular,1
2022-12-14T06:54:00Z,95,41 65 68 75 36 34 55 9 38 16 21 43 32 44 57 60 71 56 46 26,tails,major,1
2022-12-14T06:57:00Z,96,51 33 4 64 13 77 41 3 36 79 38 31 15 71 46 22 35 28 32 42,heads,regular,3
2022-12-14T07:00:00Z,98,59 79 21 26 19 77 41 80 51 75 73 78 58 57 22 12 76 35 74 40,tails,regular,1
2022-12-14T07:03:00Z,99,32 20 13 8 7 27 42 58 31 21 52 74 64 49 23 68 67 51 12 35,heads,regular,5
2022-12-14T07:06:00Z,100,1 4 80 45 26 70 67 9 42 6 43 33 32 61 47 8 2 51 19 39,heads,minor,2
2022-12-14T07:09:00Z,101,40 73 70 23 45 71 1 67 24 17 32 7 61 48 16 66 78 59 30 35,evens,regular,3
2022-12-14T07:12:00Z,102,36 12 16 51 63 78 34 48 28 60 4 38 56 45 77 44 68 17 31 57,tails,regular,3
2022-12-14T07:15:00Z,103,58 30 54 48 14 7 2 25 78 62 42 50 79 49 13 44 33 3 57 9,tails,regular,3
2022-12-14T07:18:00Z,104,46 77 32 34 76 12 2 9 27 63 48 15 20 5 62 25 44 74 38 37,heads,major,1
2022-12-14T07:21:00Z,105,21 11 20 27 26 48 68 14 56 38 17 72 10 16 1 51 50 41 2 46,heads,regular,1
2022-12-14T07:24:00Z,107,40 1 41 17 15 42 69 70 79 76 11 49 51 59 24 31 60 44 4 33,tails,regular,3
2022-12-14T07:27:00Z,108,6 53 55 40 54 34 24 64 15 69 68 25 23 18 62 22 52 70 80 37,evens,minor,2
2022-12-14T07:30:00Z,109,71 4 3 77 44 39 11 58 76 43 12 26 46 60 9 10 5 55 80 41,tails,regular,3
2022-12-14T07:33:00Z,110,9 32 73 66 8 13 78 21 31 37 74 20 3 28 45 46 71 60 6 17,heads,regular,2
2022-12-14T07:36:00Z,111,41 38 80 78 52 46 5 40 49 26 4 44 18 60 13 71 68 75 72 37,tails,regular,2
2022-12-14T07:39:00Z,112,60 68 37 48 31 21 12 7 14 33 73 3 71 80 19 56 4 35 65 24,heads,regular,3
2022-12-14T07:42:00Z,113,30 38 57 9 22 46 7 48 37 19 68 11 45 51 79 28 18 50 1 49,heads,regular,1
2022-12-14T07:45:00Z,114,75 60 38 56 32 48 12 62 66 15 44 43 65 77 72 52 63 22 78 14,tails,minor,1
2022-12-14T07:48:00Z,116,59 56 14 66 78 75 69 6 34 50 62 15 27 76 28 1 71 7 79 67,tails,minor,2
2022-12-14T07:51:00Z,117,12 52 68 43 56 26 38 74 8 69 36 58 66 17 40 13 78 75 46 42,tails,regular,2
2022-12-14T07:54:00Z,118,35 34 26 1 56 30 53 29 71 43 11 41 66 50 49 62 46 22 5 23,evens,regular,2
2022-12-14T07:57:00Z,119,35 13 41 64 34 67 2 70 12 50 40 29 1 51 18 8 44 10 57 68,heads,regular,2
2022-12-14T08:00:00Z,120,57 59 6 35 8 51 77 22 4 24 17 42 19 62 29 64 43 31 67 72,evens,regular,1
2022-12-14T08:03:00Z,121,65 3 45 74 63 79 6 44 8 39 70 66 64 32 68 9 38 36 15 30,evens,regular,1
2022-12-14T08:06:00Z,122,53 59 62 45 8 27 32 23 57 50 65 63 74 20 11 4 44 60 34 41,tails,minor,1
2022-12-14T08:09:00Z,123,31 46 32 11 37 49 9 3 7 79 41 74 15 67 23 12 76 63 22 55,heads,regular,2
2022-12-14T08:12:00Z,125,3 60 80 64 6 51 8 22 2 69 15 39 33 11 58 36 74 53 46 66,evens,regular,3
2022-12-14T08:15:00Z,126,40 17 25 62 72 46 48 44 69 68 26 34 15 6 60 14 2 78 7 71,evens,regular,3
2022-12-14T08:18:00Z,127,33 28 50 8 74 49 23 77 5 38 61 56 12 80 55 4 46 27 29 78,evens,regular,3
2022-12-14T08:21:00Z,128,56 40 3 61 78 62 25 79 22 8 28 27 11 29 46 76 1 21 36 65,heads,regular,3
2022-12-14T08:24:00Z,129,6 18 13 43 57 71 66 53 79 37 8 29 19 9 50 36 48 64 78 55,tails,regular,2
2022-12-14T08:27:00Z,130,80 71 68 78 74 75 32 54 1 39 30 48 56 27 19 45 29 11 20 2,evens,regular,3
2022-12-14T08:30:00Z,131,21 74 53 47 5 39 3 15 38 69 52 16 28 33 73 66 49 7 2 71,heads,regular,3
2022-12-14T08:33:00Z,132,8 26 35 57 49 31 73 58 79 60 45 13 2 51 47 29 3 76 71 55,tails,minor,2
2022-12-14T08:36:00Z,134,76 31 10 54 51 60 13 27 58 78 20 44 56 28 14 43 48 41 22 64,tails,regular,4
2022-12-14T08:39:00Z,135,59 13 26 38 39 36 21 3 34 1 31 10 19 61 27 43 74 32 14 49,heads,regular,1
2022-12-14T08:42:00Z,136,38 32 56 78 45 30 4 80 7 9 21 76 68 3 58 48 20 57 62 69,tails,regular,1
2022-12-14T08:45:00Z,137,53 67 33 59 54 29 50 57 15 43 24 32 36 79 13 11 12 46 52 73,tails,regular,4
2022-12-14T08:48:00Z,138,39 7 8 6 19 40 5 45 57 12 23 68 75 67 24 47 77 60 32 37,heads,minor,3
2022-12-14T08:51:00Z,139,65 22 4 3 58 46 23 69 76 12 33 73 68 54 67 5 57 38 35 64,tails,major,3
2022-12-14T08:54:00Z,140,47 24 18 14 21 7 41 31 37 53 61 76 23 65 49 57 50 73 5 58,tails,regular,2
2022-12-14T08:57:00Z,141,2 9 35 45 75 39 15 56 77 14 52 40 71 13 66 20 26 76 36 48,heads,regular,1
2022-12-14T09:00:00Z,143,75 45 6 31 29 7 20 51 64 25 37 10 43 52 60 59 71 53 61 44,tails,regular,2
2022-12-14T09:03:00Z,144,20 29 12 32 67 75 42 72 79 41 45 49 71 38 35 30 77 74 34 68,tails,regular,1
2022-12-14T09:06:00Z,145,29 44 25 64 46 11 72 1 22 32 13 14 59 80 63 15 79 6 65 73,evens,regular,1
2022-12-14T09:09:00Z,146,5 47 48 46 43 2 3 60 67 28 70 55 8 52 68 58 18 26 42 33,tails,regular,3
2022-12-14T09:12:00Z,147,2 54 72 27 21 76 34 40 77 61 16 18 26 1 63 42 9 39 74 55,heads,regular,1
2022-12-14T09:15:00Z,148,58 41 19 66 44 64 70 26 2 21 37 9 30 29 23 73 4 46 22 59,heads,major,1
2022-12-14T09:18:00Z,149,2 1 49 52 48 46 6 30 42 18 8 40 54 70 47 50 38 45 76 60,tails,regular,5
2022-12-14T09:21:00Z,150,23 76 22 68 74 51 55 69 52 28 63 7 43 41 75 58 53 33 38 31,tails,regular,2
2022-12-14T09:24:00Z,152,61 7 55 80 4 24 21 54 67 71 11 68 16 23 10 13 41 57 20 42,evens,minor,3
2022-12-14T09:27:00Z,153,46 31 23 6 3 52 43 24 72 44 40 16 56 59 17 26 7 53 61 12,heads,regular,1
2022-12-14T09:30:00Z,154,39 21 73 30 8 51 25 1 80 44 2 67 70 48 5 19 35 78 52 15,heads,minor,3
2022-12-14T09:33:00Z,155,76 52 29 42 14 28 63 46 37 26 12 60 19 36 50 57 21 24 69 20,heads,minor,2
2022-12-14T09:36:00Z,156,47 54 20 55 46 29 28 70 5 19 30 72 77 26 18 73 31 35 23 10,heads,regular,1
2022-12-14T09:39:00Z,157,58 38 41 35 17 26 21 36 14 54 4 16 11 71 8 9 5 30 24 13,heads,regular,3
2022-12-14T09:42:00Z,158,23 13 33 49 6 51 58 36 2 8 1 73 79 32 66 75 40 25 11 80,heads,regular,3
2022-12-14T09:45:00Z,159,66 25 22 69 72 21 14 11 27 36 52 80 79 38 55 51 7 57 3 16,heads,regular,2
2022-12-14T09:48:00Z,161,24 58 64 68 70 10 6 76 8 61 46 30 52 55 7 50 34 31 69 21,tails,regular,2
2022-12-14T09:51:00Z,162,29 16 5 36 30 67 76 48 43 68 78 60 8 28 13 80 66 44 3 9,evens,regular,1
2022-12-14T09:54:00Z,163,21 28 58 38 64 54 63 4 73 51 67 60 27 32 39 53 40 7 17 56,evens,regular,1
2022-12-14T09:57:00Z,164,74 28 2 68 71 51 33 26 80 16 36 65 21 41 70 67 66 29 20 62,tails,regular,1
2022-12-14T10:00:00Z,165,53 48 33 64 5 1 45 16 7 55 11 71 26 50 79 47 60 44 70 73,tails,regular,1
2022-12-14T10:03:00Z,166,61 31 41 69 73 70 58 43 27 80 2 20 32 78 79 10 62 68 28 35,tails,regular,1
2022-12-14T10:06:00Z,167,41 29 38 20 11 10 72 3 35 70 79 66 51 37 8 23 22 14 28 1,heads,minor,1
2022-12-14T10:09:00Z,168,17 70 56 8 18 40 27 44 41 46 57 62 29 20 77 58 79 12 76 59,tails,regular,2
2022-12-14T10:12:00Z,170,47 30 58 67 49 65 16 59 71 20 42 10 27 19 17 1 11 33 37 43,heads,major,1
2022-12-14T10:15:00Z,171,54 48 38 28 17 45 62 34 20 63 75 24 65 74 1 42 56 57 29 7,tails,regular,2
2022-12-14T10:18:00Z,172,31 43 53 16 25 46 47 56 48 33 18 38 3 66 51 22 36 42 74 19,evens,major,1
2022-12-14T10:21:00Z,173,64 21 61 38 11 78 49 30 37 1 53 26 52 59 3 43 29 45 18 74,evens,regular,1
2022-12-14T10:24:00Z,174,62 6 54 8 43 37 63 24 67 74 60 48 73 19 77 26 41 76 55 23,tails,regular,10
2022-12-14T10:27:00Z,175,76 8 52 46 36 51 40 44 23 74 34 67 20 66 6 39 15 33 54 71,evens,regular,1
2022-12-14T10:30:00Z,176,70 12 2 66 49 51 5 30 15 59 52 56 9 21 24 54 27 13 72 48,evens,regular,2
2022-12-14T10:33:00Z,177,57 70 8 6 21 61 34 5 22 66 19 4 33 37 73 1 62 45 11 30,heads,regular,3
2022-12-14T10:36:00Z,179,50 23 24 33 72 51 68 71 53 36 40 5 32 48 74 37 57 62 59 7,tails,regular,1
2022-12-14T10:39:00Z,180,17 1 33 18 30 80 52 72 20 9 58 12 74 2 4 6 15 31 35 47,heads,minor,1
2022-12-14T10:42:00Z,181,14 3 55 7 23 8 64 62 57 63 74 11 61 66 18 5 69 41 12 33,evens,major,1
2022-12-14T10:45:00Z,182,24 58 53 2 78 29 52 43 7 76 54 73 9 19 65 57 77 44 12 49,tails,regular,3
2022-12-14T10:48:00Z,183,35 29 22 23 7 32 46 18 59 66 26 68 42 53 1 13 33 49 34 30,heads,regular,1
2022-12-14T10:51:00Z,184,3 5 16 74 27 38 51 55 35 70 79 58 63 29 28 53 36 50 73 75,tails,regular,3
2022-12-14T10:54:00Z,185,36 14 68 15 77 27 13 9 1 5 20 26 6 18 57 75 3 29 19 4,heads,regular,3
2022-12-14T10:57:00Z,186,71 80 40 76 75 48 44 13 7 23 16 26 37 64 53 2 69 58 45 61,tails,regular,1
2022-12-14T11:00:00Z,188,78 17 4 68 23 6 66 80 9 48 47 43 60 49 27 79 26 45 36 33,tails,minor,2
2022-12-14T11:03:00Z,189,1 44 72 61 22 51 25 3 53 11 70 79 55 64 40 50 69 16 4 5,tails,regular,2
2022-12-14T11:06:00Z,190,14 50 62 33 56 36 80 21 72 53 28 67 25 63 5 1 75 24 57 2,evens,regular,3
2022-12-14T11:09:00Z,191,26 69 15 27 29 42 28 46 34 18 58 45 68 57 80 23 24 21 13 14,heads,regular,1
2022-12-14T11:12:00Z,192,66 68 76 45 24 59 43 47 65 2 52 18 23 73 28 7 71 56 64 30,tails,regular,2
2022-12-14T11:15:00Z,193,23 60 13 34 43 73 9 63 32 21 11 51 26 70 25 18 79 42 61 52,evens,major,2
2022-12-14T11:18:00Z,194,50 3 65 4 11 23 58 17 44 66 49 68 61 47 73 5 16 57 25 70,tails,regular,1
2022-12-14T11:21:00Z,195,1 9 30 71 55 57 5 74 63 38 80 75 62 45 25 14 21 17 67 24,evens,regular,3
2022-12-14T11:24:00Z,197,70 43 34 30 14 37 57 60 38 28 18 1 6 24 44 40 53 12 61 3,heads,regular,1
2022-12-14T11:27:00Z,198,7 39 75 18 16 64 67 34 80 36 79 68 17 22 69 43 29 33 30 38,heads,regular,2
2022-12-14T11:30:00Z,199,77 9 66 41 40 46 74 61 25 69 2 12 70 5 78 38 31 21 47 65,tails,minor,1
2022-12-14T11:33:00Z,200,48 25 41 45 27 44 60 23 33 54 11 17 2 8 64 71 13 22 69 59,evens,regular,1
2022-12-14T11:36:00Z,201,31 26 76 61 70 75 5 52 55 22 34 39 9 29 71 43 44 77 42 21,tails,regular,2
2022-12-14T11:39:00Z,202,46 17 75 76 16 52 72 58 57 37 22 48 14 51 1 4 13 12 33 68,evens,minor,4
2022-12-14T11:42:00Z,203,23 71 47 44 80 18 32 76 58 70 11 59 51 60 36 64 57 66 24 12,tails,regular,2
2022-12-14T11:45:00Z,204,37 57 53 27 40 78 59 7 61 41 47 36 44 35 22 26 74 31 12 66,evens,minor,1
2022-12-14T11:48:00Z,206,34 68 80 6 49 21 36 48 35 10 23 71 28 33 64 70 59 47 67 19,evens,minor,2
2022-12-14T11:51:00Z,207,14 15 35 54 36 16 10 28 12 43 68 37 75 9 64 6 24 8 19 18,heads,regular,1
2022-12-14T11:54:00Z,208,3 41 39 48 15 21 32 25 11 10 37 7 14 16 6 49 77 18 23 73,heads,regular,3
2022-12-14T11:57:00Z,209,45 22 9 35 72 64 74 49 10 14 27 55 12 47 73 8 68 3 63 52,tails,minor,1
2022-12-14T12:00:00Z,210,55 52 7 53 57 8 80 31 10 34 14 76 39 46 40 27 5 36 56 23,heads,regular,2
2022-12-14T12:03:00Z,211,55 1 42 20 12 29 78 10 53 16 8 45 26 36 41 62 14 74 48 69,evens,minor,3
2022-12-14T12:06:00Z,212,20 16 28 3 36 17 80 39 58 24 49 1 72 60 9 70 12 15 69 5,heads,major,2
2022-12-14T12:09:00Z,213,31 25 3 59 9 6 36 74 54 2 51 16 32 28 22 63 12 61 44 43,heads,regular,1
2022-12-14T12:12:00Z,215,40 60 75 26 73 63 45 6 43 80 42 51 74 77 70 76 78 11 16 67,tails,regular,1
2022-12-14T12:15:00Z,216,17 6 49 28 52 55 75 8 22 2 19 26 70 11 38 10 14 53 51 73,heads,minor,3
2022-12-14T12:18:00Z,217,32 56 78 11 58 35 2 61 30 19 55 34 26 64 3 31 71 75 49 67,evens,regular,3
2022-12-14T12:21:00Z,218,43 27 9 79 34 21 37 40 57 59 10 53 5 65 18 45 29 58 74 36,heads,regular,3
2022-12-14T12:24:00Z,219,21 40 16 7 24 44 15 48 9 6 80 57 45 4 28 65 23 32 76 67,heads,regular,3
2022-12-14T12:27:00Z,220,57 58 4 43 26 29 50 48 71 20 52 11 7 34 19 13 59 12 60 10,heads,major,2
2022-12-14T12:30:00Z,221,12 47 78 35 66 27 74 4 62 50 11 16 53 22 76 64 68 54 60 43,tails,regular,1
2022-12-14T12:33:00Z,222,62 22 39 26 9 55 78 73 71 60 5 11 24 8 37 49 40 2 33 35,heads,minor,3
2022-12-14T12:36:00Z,224,44 35 16 30 62 18 40 22 32 66 73 60 53 27 15 63 57 68 55 4,evens,regular,2
2022-12-14T12:39:00Z,225,17 68 44 43 45 23 20 59 26 52 1 78 75 39 64 25 71 42 61 16,tails,major,1
2022-12-14T12:42:00Z,226,28 57 50 61 38 53 31 77 56 12 20 1 67 51 7 70 11 47 41 60,tails,regular,4
2022-12-14T12:45:00Z,227,38 63 71 70 30 66 69 33 78 31 28 29 49 37 73 47 4 18 62 5,evens,regular,1
2022-12-14T12:48:00Z,228,70 56 48 42 47 16 41 12 36 77 13 17 39 1 20 54 33 55 32 50,evens,regular,1
2022-12-14T12:51:00Z,229,49 21 15 62 75 18 36 78 31 71 16 24 59 29 4 46 70 79 45 43,tails,minor,2
2022-12-14T12:54:00Z,230,19 44 54 8 56 28 40 75 21 46 4 45 24 62 49 17 34 22 52 1,heads,major,2
2022-12-14T12:57:00Z,231,49 22 44 56 50 35 58 63 66 36 18 30 26 5 53 37 16 14 55 60,evens,minor,1
2022-12-14T13:00:00Z,233,8 68 16 59 13 22 60 40 43 78 61 33 26 57 27 37 36 64 34 44,heads,minor,3
2022-12-14T13:03:00Z,234,38 30 56 77 3 64 5 78 10 47 20 79 65 59 68 54 48 19 9 28,tails,regular,3
2022-12-14T13:06:00Z,235,1 10 7 13 9 22 6 77 66 55 4 63 79 39 24 2 16 48 17 43,heads,minor,2
2022-12-14T13:09:00Z,236,37 9 24 60 65 10 38 27 69 51 13 4 26 23 45 72 75 74 46 19,heads,minor,3
2022-12-14T13:12:00Z,237,41 76 25 65 71 45 63 64 68 48 15 2 60 9 73 26 24 27 46 43,tails,regular,3
2022-12-14T13:15:00Z,238,16 48 74 76 11 46 78 63 7 8 6 47 9 14 56 15 54 10 30 25,heads,regular,1
2022-12-14T13:18:00Z,239,7 49 55 5 34 75 61 38 46 50 65 31 74 72 62 67 9 21 1 26,tails,major,4
2022-12-14T13:21:00Z,240,69 33 19 46 40 43 1 80 79 68 73 74 5 42 54 2 31 55 47 17,tails,regular,2
2022-12-14T13:24:00Z,242,19 59 55 23 24 33 13 18 38 57 32 28 22 78 43 7 72 56 21 62,heads,minor,2
2022-12-14T13:27:00Z,243,11 66 17 63 14 48 69 21 52 12 55 40 64 77 45 15 61 60 58 62,tails,minor,1
2022-12-14T13:30:00Z,244,30 71 20 41 54 51 44 3 7 8 32 66 67 50 77 19 56 45 43 65,tails,regular,2
2022-12-14T13:33:00Z,245,13 6 20 49 75 53 30 71 10 46 9 57 70 16 67 14 23 19 4 62,heads,regular,2
2022-12-14T13:36:00Z,246,64 40 8 79 36 28 1 4 47 72 78 30 5 77 71 73 45 19 48 31,evens,minor,3
2022-12-14T13:39:00Z,247,28 61 71 5 57 11 58 56 66 40 33 13 14 69 47 72 38 2 42 51,tails,regular,1
2022-12-14T13:42:00Z,248,74 60 56 15 37 12 44 35 57 68 33 39 16 46 51 5 61 49 34 53,tails,regular,2
2022-12-14T13:45:00Z,249,29 1 42 7 69 51 57 9 2 68 13 60 5 59 49 74 40 76 41 53,tails,minor,10
2022-12-14T13:48:00Z,251,52 73 58 26 59 43 71 22 28 31 20 63 38 47 46 49 9 34 13 12,evens,regular,3
2022-12-14T13:51:00Z,252,70 1 56 15 10 52 67 22 72 69 80 25 7 16 66 42 73 53 9 36,tails,regular,3
2022-12-14T13:54:00Z,253,16 11 17 12 35 19 30 76 6 61 80 60 37 10 67 59 66 74 47 13,heads,regular,3
2022-12-14T13:57:00Z,254,24 51 58 72 64 67 18 80 3 55 26 45 40 77 52 68 44 65 47 31,tails,regular,1
2022-12-14T14:00:00Z,255,24 1 66 13 11 49 17 4 61 62 44 73 41 9 76 75 6 55 7 46,tails,regular,3
2022-12-14T14:03:00Z,256,65 9 59 37 74 52 79 50 46 3 42 60 63 47 53 8 7 43 40 70,tails,minor,1
2022-12-14T14:06:00Z,257,2 78 51 76 17 15 60 21 39 43 3 56 38 44 46 75 33 52 71 30,tails,minor,3
2022-12-14T14:09:00Z,258,44 36 75 65 59 50 31 3 22 80 18 42 2 67 61 52 7 78 24 53,tails,major,1
2022-12-14T14:12:00Z,260,7 27 18 58 62 31 35 71 11 25 21 33 41 61 76 28 74 30 44 15,heads,regular,1
2022-12-14T14:15:00Z,261,43 50 24 3 12 58 80 67 73 66 17 11 14 59 15 61 74 19 16 9,evens,regular,2
2022-12-14T14:18:00Z,262,58 71 37 70 55 16 38 2 57 65 69 31 4 41 67 22 74 26 15 45,tails,regular,3
2022-12-14T14:21:00Z,263,42 53 6 24 67 36 45 12 66 11 73 32 52 59 18 47 56 5 41 62,tails,regular,1
2022-12-14T14:24:00Z,264,62 41 10 11 45 26 25 72 77 50 8 46 38 3 28 73 13 65 43 48,tails,minor,2
2022-12-14T14:27:00Z,265,28 43 48 18 41 29 13 24 80 59 40 4 2 34 71 60 5 32 39 63,heads,regular,1
2022-12-14T14:30:00Z,266,11 64 74 68 13 30 63 34 43 46 57 20 50 49 4 51 9 25 58 60,tails,minor,3
2022-12-14T14:33:00Z,267,21 77 62 64 13 23 25 70 51 39 3 47 29 14 27 19 76 11 28 55,heads,regular,5
2022-12-14T14:36:00Z,269,51 19 45 63 48 32 57 79 72 17 24 73 78 70 52 77 13 16 7 14,tails,minor,1
2022-12-14T14:39:00Z,270,43 38 19 78 16 68 33 25 75 76 36 9 11 66 41 29 62 67 1 63,evens,minor,3
2022-12-14T14:42:00Z,271,29 32 53 13 10 77 12 15 35 67 4 22 26 75 16 49 69 14 76 63,heads,regular,3
2022-12-14T14:45:00Z,272,51 14 17 23 47 55 48 66 8 19 34 37 63 54 9 68 10 49 67 31,evens,regular,3
2022-12-14T14:48:00Z,273,16 54 66 33 37 68 63 1 31 13 46 24 7 71 58 11 56 32 3 70,heads,minor,2
2022-12-14T14:51:00Z,274,22 68 26 78 54 70 14 55 29 4 16 42 28 47 35 27 61 77 66 72,tails,regular,3
2022-12-14T14:54:00Z,275,47 80 6 18 17 23 11 2 38 53 58 42 72 19 35 54 70 39 76 51,evens,minor,2
2022-12-14T14:57:00Z,276,62 20 70 71 67 57 48 19 36 13 39 15 51 64 52 69 16 7 24 68,tails,minor,2
2022-12-14T15:00:00Z,278,57 62 18 7 39 42 68 52 30 80 60 25 13 6 36 11 32 69 20 79,heads,major,2
2022-12-14T15:03:00Z,279,61 56 72 68 46 58 27 44 33 11 41 63 13 78 23 6 54 55 60 12,tails,regular,3
2022-12-14T15:06:00Z,280,55 8 59 75 11 15 35 12 30 21 66 16 53 3 10 34 62 52 6 20,heads,minor,1
2022-12-14T15:09:00Z,281,55 54 46 11 42 36 62 68 41 61 51 27 6 40 23 10 29 35 12 47,evens,regular,3
2022-12-14T15:12:00Z,282,55 8 31 2 77 48 43 49 39 60 17 34 66 59 13 57 76 62 64 14,tails,minor,1
2022-12-14T15:15:00Z,283,52 47 44 10 11 39 64 48 5 41 53 61 75 80 3 43 22 4 30 76,tails,minor,1
2022-12-14T15:18:00Z,284,46 16 42 37 26 43 32 24 35 52 76 11 18 5 39 62 78 29 6 50,heads,minor,5
2022-12-14T15:21:00Z,285,34 47 8 66 43 37 49 57 52 13 29 16 14 30 35 61 50 10 80 23,heads,regular,5
2022-12-14T15:24:00Z,287,2 43 70 25 41 3 17 31 18 55 8 57 72 66 29 26 4 38 45 68,heads,minor,1
2022-12-14T15:27:00Z,288,24 70 62 4 60 63 10 77 13 71 23 76 55 28 8 41 79 26 18 35,evens,regular,2
2022-12-14T15:30:00Z,289,62 26 80 35 45 7 56 33 68 37 54 2 66 20 72 38 15 19 75 50,evens,regular,2
2022-12-14T15:33:00Z,290,5 15 36 60 24 12 71 23 35 53 27 9 63 79 75 68 1 52 32 77,heads,regular,2
2022-12-14T15:36:00Z,291,51 4 12 35 20 65 54 26 17 6 7 42 53 67 56 64 76 43 44 49,tails,regular,2
2022-12-14T15:39:00Z,292,9 13 78 12 19 76 10 80 57 32 46 39 35 16 45 4 29 18 58 60,heads,regular,1
2022-12-14T15:42:00Z,293,33 1 14 60 53 70 47 7 37 55 15 11 57 74 30 48 45 9 39 23,heads,regular,1
2022-12-14T15:45:00Z,294,42 21 68 52 24 18 54 23 9 36 11 78 3 59 44 69 64 55 14 50,tails,regular,3
2022-12-14T15:48:00Z,296,18 9 67 60 40 73 46 6 47 22 3 19 13 34 72 35 50 68 58 53,evens,minor,1
2022-12-14T15:51:00Z,297,35 38 1 7 27 78 10 37 8 59 21 55 62 60 58 15 33 49 71 36,heads,minor,2
2022-12-14T15:54:00Z,298,4 26 10 8 68 15 65 53 7 47 50 54 42 14 34 19 39 29 21 73,heads,regular,1
2022-12-14T15:57:00Z,299,61 14 38 65 15 25 50 79 28 56 53 59 37 64 58 16 36 7 72 19,evens,regular,1
2022-12-14T16:00:00Z,300,14 80 18 79 2 21 6 1 19 35 3 43 58 29 73 64 8 77 27 66,heads,regular,1
2022-12-14T16:03:00Z,301,50 36 34 18 76 22 26 9 17 72 78 39 58 52 6 70 37 55 38 74,heads,regular,3
2022-12-14T16:06:00Z,302,17 52 68 78 60 24 43 59 8 71 66 70 47 57 38 41 46 7 36 1,tails,minor,2
2022-12-14T16:09:00Z,303,41 51 57 34 14 30 46 9 65 59 35 27 29 72 39 12 69 8 74 20,heads,regular,2
2022-12-14T16:12:00Z,305,14 47 40 72 63 58 43 38 80 65 76 51 57 73 32 27 49 66 70 26,tails,regular,1
2022-12-14T16:15:00Z,306,69 4 55 45 24 64 47 68 44 34 25 63 17 39 6 13 3 51 31 27,heads,regular,3
2022-12-14T16:18:00Z,307,8 51 13 72 43 6 17 54 67 38 4 24 22 14 42 32 23 58 34 66,heads,minor,5
2022-12-14T16:21:00Z,308,40 71 73 57 74 37 70 9 10 47 49 52 62 20 54 64 13 41 18 12,tails,regular,1
2022-12-14T16:24:00Z,309,22 25 29 18 52 58 59 30 62 66 43 19 27 37 3 11 35 33 54 45,heads,regular,1
2022-12-14T16:27:00Z,310,19 46 73 59 18 55 68 53 11 29 78 2 70 57 8 31 62 49 3 5,tails,regular,3
2022-12-14T16:30:00Z,311,16 10 51 25 22 74 50 49 13 44 8 1 46 14 21 72 5 59 53 37,heads,regular,3
2022-12-14T16:33:00Z,312,23 71 17 28 79 60 39 6 45 9 25 2 20 12 3 5 19 56 80 37,heads,regular,1
2022-12-14T16:36:00Z,314,32 52 35 74 78 4 11 51 36 45 64 6 68 39 10 50 61 31 65 8,evens,regular,1
2022-12-14T16:39:00Z,315,6 18 25 11 38 17 69 64 41 75 33 53 44 77 62 24 68 71 80 67,tails,regular,1
2022-12-14T16:42:00Z,316,60 3 15 76 63 61 18 13 43 22 46 72 37 59 12 7 20 8 29 40,heads,major,3
2022-12-14T16:45:00Z,317,24 31 23 66 43 73 41 77 69 38 51 53 37 25 22 71 74 26 47 60,tails,regular,1
2022-12-14T16:48:00Z,318,44 58 76 15 17 10 9 61 71 65 77 60 69 1 33 23 59 28 80 52,tails,regular,1
2022-12-14T16:51:00Z,319,5 10 16 44 20 19 51 52 53 70 67 34 43 61 24 71 36 65 45 26,tails,regular,1
2022-12-14T16:54:00Z,320,76 10 64 56 78 34 47 7 50 52 71 32 58 14 66 43 21 73 11 13,tails,regular,3
2022-12-14T16:57:00Z,321,22 75 73 4 11 35 36 14 58 52 37 46 55 47 70 31 66 45 40 79,tails,regular,2
2022-12-14T17:00:00Z,323,46 24 76 59 29 19 66 28 35 58 55 3 15 13 49 60 33 43 26 5,heads,minor,2
2022-12-14T17:03:00Z,324,54 73 68 17 45 5 47 69 25 18 67 4 74 29 62 19 24 35 44 41,tails,regular,1
2022-12-14T17:06:00Z,325,17 76 74 3 45 69 5 18 36 64 50 25 8 42 51 24 66 34 22 12,heads,regular,1
2022-12-14T17:09:00Z,326,66 55 13 24 49 56 53 8 61 40 62 48 57 70 29 71 42 34 50 14,tails,regular,1
2022-12-14T17:12:00Z,327,5 71 2 21 66 48 41 23 7 42 60 35 25 76 28 50 40 74 65 59,tails,regular,4
2022-12-14T17:15:00Z,328,37 33 65 46 15 71 10 35 41 7 8 62 40 74 19 54 20 68 14 29,heads,minor,3
2022-12-14T17:18:00Z,329,58 12 49 17 26 18 22 2 40 59 43 4 9 45 48 28 21 32 3 52,heads,regular,2
2022-12-14T17:21:00Z,330,29 45 39 68 11 7 60 79 55 26 14 38 21 72 12 49 48 80 22 5,heads,regular,2
2022-12-14T17:24:00Z,332,60 41 66 26 23 27 10 64 74 58 21 3 29 49 24 75 71 12 47 45,tails,regular,2
2022-12-14T17:27:00Z,333,46 73 35 59 78 65 76 54 63 15 28 43 16 31 58 52 61 53 12 24,tails,regular,1
2022-12-14T17:30:00Z,334,79 53 47 54 25 66 64 3 5 61 23 49 44 32 17 4 38 29 62 16,evens,regular,2
2022-12-14T17:33:00Z,335,28 44 48 33 13 73 16 18 24 52 70 29 2 26 11 78 30 21 45 60,heads,minor,10
2022-12-14T17:36:00Z,336,18 69 19 36 45 51 27 65 21 6 66 53 26 74 8 77 14 42 43 73,tails,regular,3
2022-12-14T17:39:00Z,337,42 31 13 30 73 78 40 54 55 49 80 45 32 72 20 41 77 26 34 4,tails,regular,2
2022-12-14T17:42:00Z,338,80 44 15 29 22 33 36 56 20 18 42 13 72 77 59 74 21 70 23 48,evens,regular,1
2022-12-14T17:45:00Z,339,36 55 67 12 20 16 38 51 75 63 79 10 17 1 77 34 59 44 14 68,evens,regular,2
2022-12-14T17:48:00Z,341,40 32 62 4 52 66 78 22 35 57 13 39 75 72 2 24 19 79 43 50,evens,regular,2
2022-12-14T17:51:00Z,342,79 33 53 21 24 30 41 49 9 2 22 25 76 66 32 51 13 19 70 45,heads,minor,2
2022-12-14T17:54:00Z,343,37 17 44 22 29 2 11 67 78 7 6 47 24 63 55 10 30 77 33 18,heads,regular,1
2022-12-14T17:57:00Z,344,36 58 57 51 32 53 4 41 77 70 63 47 45 80 35 17 68 74 27 24,tails,regular,2
2022-12-14T18:00:00Z,345,69 44 18 23 31 5 3 70 59 13 46 61 67 20 53 40 11 50 80 15,evens,regular,1
2022-12-14T18:03:00Z,346,52 9 23 58 57 12 19 65 20 71 49 28 17 7 8 60 2 41 45 38,heads,regular,1
2022-12-14T18:06:00Z,347,48 58 62 63 50 52 43 35 72 68 38 42 32 40 7 2 30 61 24 25,tails,regular,1
2022-12-14T18:09:00Z,348,22 36 14 55 1 37 72 2 15 21 40 9 52 74 18 31 4 25 32 62,heads,minor,4
2022-12-14T18:12:00Z,350,35 40 18 54 31 39 62 58 60 32 49 59 63 47 67 64 26 38 7 28,evens,minor,1
2022-12-14T18:15:00Z,351,48 12 33 53 67 18 8 47 40 71 5 78 14 34 38 72 54 69 35 17,heads,regular,1
2022-12-14T18:18:00Z,352,37 5 29 75 62 33 24 36 34 72 1 53 9 35 3 61 78 7 68 67,heads,regular,1
2022-12-14T18:21:00Z,353,27 80 5 61 23 49 63 20 33 78 51 73 18 26 24 3 37 8 38 10,heads,minor,5
2022-12-14T18:24:00Z,354,38 69 77 54 17 56 9 24 65 43 52 42 2 72 35 67 39 70 33 51,tails,regular,5
2022-12-14T18:27:00Z,355,21 58 50 72 65 47 10 40 31 13 2 64 18 27 78 66 5 12 68 23,heads,regular,3
2022-12-14T18:30:00Z,356,2 44 24 45 60 12 55 42 26 37 15 27 57 61 62 77 70 6 66 53,tails,regular,3
2022-12-14T18:33:00Z,357,47 80 38 11 14 66 8 55 40 19 3 26 72 48 10 5 50 69 15 56,heads,regular,1
2022-12-14T18:36:00Z,359,30 42 73 48 49 76 72 63 58 74 80 50 37 70 66 11 27 56 41 36,tails,regular,1
2022-12-14T18:39:00Z,360,29 42 1 14 46 5 60 19 8 53 24 22 56 72 11 37 51 66 39 48,heads,minor,2
2022-12-14T18:42:00Z,361,52 60 33 24 63 5 12 8 2 6 64 1 58 57 68 53 4 70 43 28,evens,regular,1
2022-12-14T18:45:00Z,362,25 17 4 64 6 9 45 30 70 57 59 46 7 47 51 22 74 72 24 61,tails,minor,4
2022-12-14T18:48:00Z,363,22 45 65 38 16 64 44 49 29 60 51 56 62 31 57 40 48 5 21 78,tails,regular,3
2022-12-14T18:51:00Z,364,15 56 14 6 59 64 16 71 47 60 52 54 77 65 23 48 2 62 74 57,tails,regular,1
2022-12-14T18:54:00Z,365,78 61 27 66 31 32 60 6 24 53 45 16 11 56 5 34 62 30 74 13,heads,minor,2
2022-12-14T18:57:00Z,366,37 61 14 44 7 66 15 62 22 31 67 38 39 40 24 28 34 41 80 51,heads,regular,2
2022-12-14T19:00:00Z,368,7 54 36 43 47 23 52 31 64 20 44 12 75 66 45 27 79 8 30 58,tails,regular,3
2022-12-14T19:03:00Z,369,35 39 7 6 79 34 45 80 72 75 27 63 50 67 2 10 22 24 71 57,evens,minor,2
2022-12-14T19:06:00Z,370,24 57 27 80 56 26 65 21 43 71 46 59 79 66 1 11 62 58 12 9,tails,regular,1
2022-12-14T19:09:00Z,371,59 41 38 72 27 5 65 36 3 73 52 56 12 44 50 8 49 61 80 22,tails,minor,1
2022-12-14T19:12:00Z,372,17 10 11 29 66 67 62 54 52 69 50 63 57 76 2 32 61 65 36 33,tails,regular,1
2022-12-14T19:15:00Z,373,3 16 17 8 73 68 65 63 79 38 4 33 51 1 77 12 71 5 25 40,heads,regular,2
2022-12-14T19:18:00Z,374,23 72 46 63 70 15 19 10 45 77 18 60 22 35 6 67 34 57 74 47,tails,regular,2
2022-12-14T19:21:00Z,375,19 38 12 54 69 47 57 45 48 15 43 7 10 50 60 25 44 52 68 9,tails,minor,4
2022-12-14T19:24:00Z,377,44 40 54 25 78 72 28 75 17 52 39 34 67 38 6 45 12 31 76 18,heads,major,4
2022-12-14T19:27:00Z,378,10 29 50 35 15 55 77 9 27 64 36 58 23 19 62 51 80 1 67 41,evens,major,3
2022-12-14T19:30:00Z,379,65 32 28 3 47 33 6 39 58 22 29 31 79 55 38 61 42 4 26 78,heads,regular,2
2022-12-14T19:33:00Z,380,75 67 59 62 36 7 18 47 49 10 27 3 64 21 35 78 39 42 73 70,tails,regular,2
2022-12-14T19:36:00Z,381,36 60 66 3 47 57 75 13 26 71 54 9 49 64 44 79 23 11 27 2,tails,regular,3
2022-12-14T19:39:00Z,382,30 20 36 15 76 3 63 41 4 44 43 42 17 67 31 9 10 22 53 50,heads,minor,1
2022-12-14T19:42:00Z,383,42 32 8 21 9 25 30 37 78 49 33 41 53 79 17 68 13 64 50 3,heads,regular,2
2022-12-14T19:45:00Z,384,28 58 66 61 13 1 76 77 22 63 62 78 74 36 80 75 35 60 3 16,tails,regular,1
2022-12-14T19:48:00Z,386,78 33 15 34 68 56 39 26 41 17 3 77 52 58 62 5 80 21 75 43,tails,regular,1
2022-12-14T19:51:00Z,387,68 80 46 18 59 8 13 62 29 26 33 67 61 2 28 79 52 6 37 5,heads,regular,3
2022-12-14T19:54:00Z,388,79 32 78 75 11 6 29 8 76 21 2 72 65 68 28 46 33 58 24 4,heads,regular,1
2022-12-14T19:57:00Z,389,51 57 24 16 74 12 62 39 37 6 77 50 41 11 20 1 68 34 17 23,heads,regular,3
2022-12-14T20:00:00Z,390,42 9 29 13 45 68 73 7 48 54 53 41 34 10 40 39 65 60 8 50,tails,major,1
2022-12-14T20:03:00Z,391,55 18 32 34 56 16 38 13 20 19 2 35 80 44 8 33 4 39 61 41,heads,regular,3
2022-12-14T20:06:00Z,392,30 73 53 64 6 16 43 69 19 46 66 28 26 18 76 13 49 61 59 8,tails,minor,10
2022-12-14T20:09:00Z,393,12 53 2 38 50 45 61 19 69 43 73 70 74 39 34 71 55 59 56 24,tails,regular,1
2022-12-14T20:12:00Z,395,57 37 7 23 80 14 73 18 12 11 6 29 47 30 53 34 15 62 60 16,heads,regular,10
2022-12-14T20:15:00Z,396,65 62 61 34 77 37 76 60 20 51 67 19 17 2 59 72 22 1 36 56,tails,regular,3
2022-12-14T20:18:00Z,397,74 31 66 32 26 60 65 57 41 7 19 51 39 33 43 49 27 53 55 8,tails,regular,2
2022-12-14T20:21:00Z,398,12 9 26 45 49 6 15 19 33 47 70 32 77 76 28 60 29 14 69 72,heads,major,1
2022-12-14T20:24:00Z,399,29 23 1 67 32 31 2 10 18 68 52 79 36 80 56 66 26 28 37 62,heads,regular,2
2022-12-14T20:27:00Z,400,54 21 31 71 16 11 68 75 35 42 58 1 65 53 52 8 80 69 12 73,tails,minor,1
2022-12-14T20:30:00Z,401,23 44 74 10 17 28 26 60 63 40 4 51 37 67 48 69 73 9 56 1,evens,regular,1
2022-12-14T20:33:00Z,402,9 36 50 46 26 62 31 11 63 60 41 51 6 66 38 30 53 8 42 14,evens,major,1
2022-12-14T20:36:00Z,404,66 29 3 73 19 34 45 35 54 76 61 27 55 8 74 11 38 13 71 68,evens,regular,2
2022-12-14T20:39:00Z,405,19 71 1 27 46 39 64 38 33 67 43 9 59 76 6 35 32 79 51 21,heads,regular,3
2022-12-14T20:42:00Z,406,68 2 77 1 10 14 79 48 74 17 75 37 31 33 54 44 49 53 42 60,tails,minor,2
2022-12-14T20:45:00Z,407,41 71 67 6 73 3 62 76 17 35 18 66 20 26 65 4 80 29 64 22,evens,regular,2
2022-12-14T20:48:00Z,408,77 70 48 14 38 57 24 9 11 55 64 29 47 46 62 54 79 76 16 50,tails,regular,1
2022-12-14T20:51:00Z,409,25 11 80 34 33 69 42 36 38 27 60 56 43 47 4 50 31 52 40 24,heads,minor,1
2022-12-14T20:54:00Z,410,75 33 2 28 43 26 49 42 51 5 16 36 59 40 64 55 71 45 58 44,tails,regular,10
2022-12-14T20:57:00Z,411,44 56 57 8 15 78 71 16 18 24 47 58 25 55 70 69 3 52 43 74,tails,regular,1
2022-12-14T21:00:00Z,413,14 74 75 1 13 58 11 21 3 41 63 35 36 30 34 47 73 44 59 79,evens,minor,2
2022-12-14T21:03:00Z,414,65 15 55 6 29 75 64 24 2 12 5 57 41 11 45 8 37 67 76 56,evens,regular,3
2022-12-14T21:06:00Z,415,18 33 8 4 70 7 43 55 32 71 39 45 34 44 35 30 46 20 6 77,heads,regular,1
2022-12-14T21:09:00Z,416,28 51 67 25 45 40 35 36 59 56 72 69 78 43 27 80 12 9 48 6,tails,minor,3
2022-12-14T21:12:00Z,417,23 31 53 32 62 11 65 79 6 46 50 68 27 1 12 54 28 38 29 25,heads,regular,3
2022-12-14T21:15:00Z,418,11 36 63 31 54 18 5 42 58 28 56 53 6 73 27 48 12 67 40 38,heads,minor,2
2022-12-14T21:18:00Z,419,25 44 63 26 27 30 39 69 75 7 59 62 9 41 35 4 40 5 55 14,heads,regular,3
2022-12-14T21:21:00Z,420,30 36 44 66 28 47 51 58 21 39 25 22 55 42 29 72 16 40 37 12,heads,regular,3
2022-12-14T21:24:00Z,422,37 59 56 55 52 7 32 35 39 41 30 28 77 48 29 22 25 64 79 69,evens,regular,1
2022-12-14T21:27:00Z,423,30 6 49 75 32 60 13 19 34 73 8 5 23 41 27 9 78 48 40 38,heads,regular,1
2022-12-14T21:30:00Z,424,26 41 20 46 65 27 3 59 77 35 48 62 53 30 4 16 23 15 36 66,heads,regular,2
2022-12-14T21:33:00Z,425,42 62 61 3 18 7 50 12 8 49 41 67 17 44 39 37 16 46 6 21,heads,minor,3
2022-12-14T21:36:00Z,426,56 27 67 59 16 71 64 43 18 20 60 77 74 22 47 3 36 69 11 49,tails,minor,2
2022-12-14T21:39:00Z,427,39 12 18 14 67 72 34 77 16 56 49 45 57 36 80 78 4 10 46 17,evens,major,1
2022-12-14T21:42:00Z,428,10 78 36 25 51 17 79 20 27 66 2 64 4 63 19 80 16 33 39 57,heads,regular,1
2022-12-14T21:45:00Z,429,19 25 75 4 27 70 50 77 49 59 23 9 73 42 3 72 63 80 8 54,tails,regular,2
2022-12-14T21:48:00Z,431,37 14 10 63 52 45 62 46 54 18 15 55 47 61 29 49 67 38 33 44,tails,regular,2
2022-12-14T21:51:00Z,432,44 28 40 59 76 66 55 46 10 24 22 63 29 47 67 11 73 17 19 2,evens,regular,2
2022-12-14T21:54:00Z,433,47 41 59 45 30 54 63 5 39 72 70 80 20 34 46 17 43 3 37 78,tails,regular,1
2022-12-14T21:57:00Z,434,8 40 65 48 46 66 41 9 56 67 52 24 50 30 21 58 72 60 7 17,tails,regular,1
2022-12-14T22:00:00Z,435,2 80 7 70 29 51 16 18 39 57 13 33 30 38 54 50 76 69 53 23,heads,minor,1
2022-12-14T22:03:00Z,436,2 53 10 19 73 56 9 70 51 25 44 30 68 59 50 37 5 42 76 52,tails,regular,1
2022-12-14T22:06:00Z,437,61 24 36 23 41 64 39 55 34 29 43 69 67 14 35 49 4 31 56 71,evens,regular,2
2022-12-14T22:09:00Z,438,60 37 41 29 50 64 45 9 43 61 13 62 27 40 38 46 58 21 52 36,tails,minor,1
2022-12-14T22:12:00Z,440,75 76 28 33 48 13 79 44 51 53 40 43 18 31 32 45 17 7 77 61,tails,minor,2
2022-12-14T22:15:00Z,441,7 21 39 23 76 75 30 50 26 65 41 33 5 17 59 15 62 80 71 72,evens,regular,3
2022-12-14T22:18:00Z,442,67 34 44 51 64 25 70 14 22 2 28 1 33 19 68 43 75 69 59 15,evens,regular,2
2022-12-14T22:21:00Z,443,67 31 3 77 48 73 50 23 58 76 27 34 6 43 44 24 8 72 17 45,tails,minor,3
2022-12-14T22:24:00Z,444,28 13 74 67 60 31 68 9 78 59 75 51 22 38 34 52 16 18 36 25,heads,regular,1
2022-12-14T22:27:00Z,445,22 38 61 32 16 33 8 27 24 78 63 19 46 7 69 26 48 49 56 50,heads,minor,4
2022-12-14T22:30:00Z,446,6 28 8 79 55 70 15 68 80 9 74 20 54 27 72 1 46 22 30 56,evens,regular,1
2022-12-14T22:33:00Z,447,48 18 79 13 20 55 61 71 12 80 33 63 66 39 45 53 2 23 47 40,tails,minor,2
2022-12-14T22:36:00Z,449,40 31 68 42 72 71 4 58 16 14 34 57 12 13 9 28 69 65 62 41,evens,major,2
2022-12-14T22:39:00Z,450,57 76 8 49 58 3 11 18 74 24 14 69 61 45 2 22 50 73 30 44,tails,major,1
2022-12-14T22:42:00Z,451,79 14 61 49 48 3 6 63 12 27 45 43 57 1 31 55 19 62 26 54,tails,regular,1
2022-12-14T22:45:00Z,452,4 24 70 72 57 10 35 7 16 60 74 50 41 22 75 61 33 62 80 28,tails,regular,3
2022-12-14T22:48:00Z,453,8 46 21 38 20 30 6 36 47 73 51 67 16 12 28 10 68 5 70 3,heads,minor,1
2022-12-14T22:51:00Z,454,8 49 26 45 31 24 10 56 51 50 74 59 63 78 19 77 21 9 60 66,tails,regular,3
2022-12-14T22:54:00Z,455,58 10 24 79 11 64 44 34 56 29 35 13 49 71 16 80 50 65 39 76,tails,regular,1
2022-12-14T22:57:00Z,456,20 61 62 47 28 36 35 70 3 23 44 49 46 78 48 74 15 8 19 59,tails,regular,2
2022-12-14T23:00:00Z,458,1 54 64 67 23 41 35 5 24 7 66 56 73 36 25 50 49 26 61 43,tails,major,2
2022-12-14T23:03:00Z,459,31 10 23 1 60 13 65 72 12 35 76 42 40 79 71 78 63 27 5 30,heads,regular,3
2022-12-14T23:06:00Z,460,35 76 60 45 14 19 78 9 62 39 65 75 5 51 33 11 80 48 25 26,evens,minor,3
2022-12-14T23:09:00Z,461,48 7 73 18 76 52 39 58 23 44 59 50 65 10 51 15 3 42 78 63,tails,minor,1
2022-12-14T23:12:00Z,462,63 45 76 33 36 34 35 60 44 75 53 4 77 26 51 67 40 54 52 55,tails,regular,1
2022-12-14T23:15:00Z,463,11 78 55 57 43 76 7 50 69 29 75 49 15 38 58 47 39 52 28 48,tails,regular,3
2022-12-14T23:18:00Z,464,39 67 54 34 65 56 19 51 12 75 53 59 47 27 33 4 61 20 43 62,tails,regular,3
2022-12-14T23:21:00Z,465,1 79 69 11 52 24 47 20 40 56 51 78 12 22 59 53 68 55 16 30,tails,regular,2
2022-12-14T23:24:00Z,467,65 15 31 53 62 55 61 17 35 70 30 46 23 59 20 52 79 16 14 22,evens,regular,2
2022-12-14T23:27:00Z,468,32 42 61 39 66 70 64 5 27 79 43 77 3 22 78 50 48 34 10 16,tails,regular,1
2022-12-14T23:30:00Z,469,79 6 62 8 76 58 52 18 72 29 56 42 66 57 65 39 63 20 48 21,tails,minor,2
2022-12-14T23:33:00Z,470,41 62 23 17 10 70 31 71 76 15 44 26 45 14 27 61 73 11 49 47,tails,regular,1
2022-12-14T23:36:00Z,471,12 26 6 71 37 30 55 13 21 79 5 51 31 46 19 69 80 62 40 49,heads,minor,1
2022-12-14T23:39:00Z,472,75 73 65 47 72 2 79 28 9 18 38 59 35 17 33 22 4 69 64 14,heads,minor,10
2022-12-14T23:42:00Z,473,38 34 1 56 36 18 76 68 44 71 20 25 33 75 27 28 26 5 30 31,heads,minor,2
2022-12-14T23:45:00Z,474,7 76 71 59 44 22 72 62 64 63 79 23 8 40 65 77 43 74 25 73,tails,regular,1
2022-12-14T23:48:00Z,476,75 29 43 56 46 18 69 2 38 36 64 67 20 34 42 55 63 16 39 10,evens,regular,2
2022-12-14T23:51:00Z,477,11 65 3 14 80 59 67 47 21 42 27 33 49 4 8 52 73 38 6 41,evens,regular,3
2022-12-14T23:54:00Z,478,33 60 4 50 5 57 55 62 38 16 65 78 22 27 42 53 35 34 61 41,tails,regular,4
2022-12-14T23:57:00Z,479,48 25 17 41 62 13 28 24 38 71 7 26 22 49 35 73 14 10 27 42,heads,regular,2
2022-12-15T00:00:00Z,480,73 6 46 74 22 31 34 61 20 72 35 60 18 23 25 48 7 38 54 12,heads,regular,1
2022-12-15T00:03:00Z,481,59 20 2 58 71 19 36 34 31 6 76 17 66 35 25 47 5 37 72 27,heads,major,1
2022-12-15T00:06:00Z,482,3 19 53 70 62 4 12 13 8 7 73 1 80 79 36 6 64 46 39 10,heads,minor,2
2022-12-15T00:09:00Z,483,10 29 62 5 7 66 42 46 25 77 30 45 72 16 14 57 8 6 9 41,heads,minor,3
2022-12-15T00:12:00Z,485,23 40 64 58 66 32 33 70 51 44 17 46 6 34 54 1 47 15 14 49,evens,major,2
2022-12-15T00:15:00Z,486,80 73 4 47 29 35 59 70 31 66 7 40 48 27 71 41 13 56 15 14,evens,minor,3
2022-12-15T00:18:00Z,487,70 36 43 60 8 78 68 14 69 32 73 75 65 15 39 18 11 41 19 79,tails,minor,3
2022-12-15T00:21:00Z,488,27 8 77 44 78 2 19 54 67 61 11 26 79 28 23 15 41 14 30 46,heads,regular,3
2022-12-15T00:24:00Z,489,60 22 52 70 20 57 13 47 35 63 59 16 8 48 25 10 67 61 18 43,tails,regular,3
2022-12-15T00:27:00Z,490,31 8 78 48 37 53 57 54 52 36 9 66 62 64 65 73 49 20 56 70,tails,regular,10
2022-12-15T00:30:00Z,491,69 5 72 34 49 79 2 8 40 29 42 78 67 74 33 71 51 12 54 11,tails,regular,2
2022-12-15T00:33:00Z,492,9 69 3 4 39 15 64 60 25 72 6 34 49 57 79 45 44 18 46 41,tails,regular,3
2022-12-15T00:36:00Z,494,9 16 62 29 4 33 43 18 73 22 64 7 80 5 77 38 71 52 30 23,heads,regular,3
2022-12-15T00:39:00Z,495,22 64 15 14 41 74 76 42 53 35 1 20 13 19 69 7 80 16 60 18,heads,minor,3
2022-12-15T00:42:00Z,496,73 47 57 45 74 14 38 65 79 17 19 51 62 40 18 46 32 44 71 58,tails,regular,3
2022-12-15T00:45:00Z,497,74 68 50 43 76 25 49 59 39 2 63 28 18 26 56 3 11 55 1 23,evens,minor,4
2022-12-15T00:48:00Z,498,37 22 36 74 45 29 1 66 42 15 25 31 16 2 48 28 18 77 56 4,heads,regular,2
2022-12-15T00:51:00Z,499,46 45 68 40 9 14 63 74 20 59 69 75 54 41 48 56 6 27 71 18,tails,regular,1
2022-12-15T00:54:00Z,500,43 12 27 69 79 20 48 3 61 34 16 10 37 36 57 24 35 46 74 75,heads,major,2
2022-12-15T00:57:00Z,501,71 21 12 55 45 63 64 34 53 16 30 67 52 80 59 26 7 73 4 68,tails,regular,2
2022-12-15T01:00:00Z,503,56 8 21 16 38 62 42 15 19 52 32 77 80 7 39 11 33 57 20 58,heads,major,1
2022-12-15T01:03:00Z,504,29 31 40 56 74 49 8 33 38 65 44 27 72 45 59 4 80 5 51 37,evens,minor,1
2022-12-15T01:06:00Z,505,30 40 52 20 60 78 17 48 12 77 74 69 46 7 33 35 2 45 44 21,evens,regular,2
2022-12-15T01:09:00Z,506,6 59 66 41 47 3 72 30 53 52 33 73 26 48 19 69 40 31 27 58,tails,minor,1
2022-12-15T01:12:00Z,507,46 29 26 4 1 71 57 52 75 16 74 77 7 30 11 64 5 70 44 35,evens,regular,3
2022-12-15T01:15:00Z,508,77 61 8 50 16 13 19 69 72 40 48 7 44 10 24 68 64 22 54 42,tails,minor,1
2022-12-15T01:18:00Z,509,28 3 21 2 37 12 75 65 64 45 18 55 52 34 54 36 11 39 1 30,heads,minor,1
2022-12-15T01:21:00Z,510,67 28 22 26 64 57 35 30 10 61 13 29 1 60 51 69 40 33 3 47,heads,major,1
2022-12-15T01:24:00Z,512,53 1 30 62 56 71 34 24 16 29 55 76 35 27 80 68 65 5 2 14,heads,regular,2
2022-12-15T01:27:00Z,513,8 74 46 20 58 47 42 22 73 39 24 28 7 27 34 6 75 71 56 37,heads,regular,3
2022-12-15T01:30:00Z,514,59 36 74 43 64 78 34 75 31 65 27 79 39 10 72 50 32 26 56 47,tails,minor,1
2022-12-15T01:33:00Z,515,30 73 32 79 12 43 5 10 37 50 65 4 66 69 26 20 47 36 62 41,evens,regular,1
2022-12-15T01:36:00Z,516,70 37 66 38 79 71 18 68 56 55 3 21 53 22 62 9 59 73 17 72,tails,minor,1
2022-12-15T01:39:00Z,517,4 79 14 63 76 74 39 19 44 62 77 45 69 33 71 22 73 32 43 29,tails,regular,2
2022-12-15T01:42:00Z,518,7 73 68 1 20 28 34 79 38 62 18 44 48 75 64 71 70 12 30 78,tails,regular,3
2022-12-15T01:45:00Z,519,32 9 60 24 47 73 66 8 35 75 3 45 21 30 13 28 41 12 77 2,heads,major,2
2022-12-15T01:48:00Z,521,25 48 20 36 1 2 23 64 15 72 35 33 8 9 22 71 47 74 3 27,heads,regular,1
2022-12-15T01:51:00Z,522,3 31 36 55 22 77 38 26 16 78 39 60 46 62 68 75 6 19 23 73,heads,minor,1
2022-12-15T01:54:00Z,523,38 24 5 44 76 28 59 41 25 34 55 80 62 70 21 18 4 27 15 31,heads,regular,3
2022-12-15T01:57:00Z,524,70 78 64 43 9 46 66 75 16 71 10 4 54 22 28 60 79 35 47 77,tails,regular,1
2022-12-15T02:00:00Z,525,16 78 4 56 8 9 36 27 31 60 5 20 10 3 63 13 46 69 38 55,heads,regular,10
2022-12-15T02:03:00Z,526,72 15 48 23 31 58 60 32 20 50 73 6 57 30 17 71 14 76 21 66,evens,regular,2
2022-12-15T02:06:00Z,527,69 47 34 38 48 79 40 50 68 80 43 41 70 18 22 74 1 65 27 55,tails,regular,1
2022-12-15T02:09:00Z,528,55 2 3 9 30 61 56 6 12 77 16 32 68 5 22 64 24 54 27 67,heads,regular,2
2022-12-15T02:12:00Z,530,53 1 3 35 65 20 66 59 80 21 51 68 19 41 75 30 10 26 78 2,evens,regular,2
2022-12-15T02:15:00Z,531,79 14 69 1 41 62 9 44 43 7 21 72 77 71 13 64 35 50 55 53,tails,regular,2
2022-12-15T02:18:00Z,532,44 32 63 45 71 53 73 78 56 23 29 40 75 50 72 26 46 10 2 67,tails,minor,3
2022-12-15T02:21:00Z,533,29 54 68 26 60 19 12 31 22 10 35 1 8 70 6 24 58 33 42 74,heads,minor,1
2022-12-15T02:24:00Z,534,4 35 1 62 57 79 65 63 53 22 19 70 46 38 5 32 56 45 41 34,tails,major,1
2022-12-15T02:27:00Z,535,36 67 70 22 25 73 66 80 7 58 55 8 64 9 39 17 28 50 33 4,heads,minor,2
2022-12-15T02:30:00Z,536,29 28 46 64 63 70 80 62 8 6 45 2 23 1 68 72 75 79 16 12,tails,regular,2
2022-12-15T02:33:00Z,537,71 25 75 35 39 49 10 54 47 17 33 23 68 61 16 38 66 46 72 48,tails,major,1
2022-12-15T02:36:00Z,539,43 6 11 1 24 13 26 57 78 55 30 15 48 38 66 37 9 17 74 80,heads,regular,1
2022-12-15T02:39:00Z,540,2 47 12 46 42 76 65 71 59 56 13 44 54 53 41 60 73 9 49 10,tails,regular,2
2022-12-15T02:42:00Z,541,52 43 4 31 5 24 18 7 80 76 59 79 67 10 36 58 16 66 35 64,evens,major,4
2022-12-15T02:45:00Z,542,76 43 74 22 66 48 30 11 31 60 62 27 61 33 63 78 56 68 1 14,tails,regular,3
2022-12-15T02:48:00Z,543,63 77 66 11 53 14 7 4 75 16 22 51 56 34 12 64 73 39 55 8,evens,regular,1
2022-12-15T02:51:00Z,544,71 49 73 10 29 79 47 4 72 7 53 75 19 22 52 40 2 12 69 16,evens,regular,2
2022-12-15T02:54:00Z,545,39 27 46 41 62 51 69 7 45 54 30 63 38 18 33 61 19 66 6 70,tails,regular,2
2022-12-15T02:57:00Z,546,27 17 12 45 47 25 52 40 7 44 38 76 5 15 63 62 78 21 1 67,heads,minor,2
2022-12-15T03:00:00Z,548,75 46 78 39 72 65 21 11 26 3 52 63 29 9 77 1 7 36 18 48,heads,regular,2
2022-12-15T03:03:00Z,549,48 44 55 17 41 40 60 12 58 52 37 6 21 77 66 65 8 3 53 80,tails,regular,2
2022-12-15T03:06:00Z,550,61 9 67 34 73 57 5 46 69 27 65 50 70 76 43 37 51 36 30 75,tails,regular,3
2022-12-15T03:09:00Z,551,32 16 28 64 36 63 77 18 12 24 10 13 5 41 11 14 58 75 48 33,heads,regular,1
2022-12-15T03:12:00Z,552,73 10 52 20 35 72 75 68 47 13 63 57 15 24 44 21 62 46 12 48,tails,regular,3
2022-12-15T03:15:00Z,553,41 52 78 77 79 20 8 7 66 23 19 13 37 26 71 18 51 47 24 68,evens,regular,2
2022-12-15T03:18:00Z,554,68 54 35 1 69 70 76 47 59 66 72 18 19 78 6 75 51 71 44 46,tails,regular,1
2022-12-15T03:21:00Z,555,28 49 80 33 26 23 24 36 20 37 61 56 77 12 58 67 72 62 71 41,tails,regular,2
2022-12-15T03:24:00Z,557,55 40 71 38 39 22 2 5 69 54 78 42 32 17 65 24 7 27 30 33,heads,regular,3
2022-12-15T03:27:00Z,558,9 53 60 12 43 75 67 30 13 72 10 4 6 17 2 27 7 14 57 32,heads,regular,2
2022-12-15T03:30:00Z,559,58 1 31 48 80 7 44 8 57 30 4 38 49 16 62 11 20 53 64 15,heads,regular,2
2022-12-15T03:33:00Z,560,53 1 42 20 50 71 6 17 19 40 27 75 7 33 56 44 76 30 10 68,heads,minor,3
2022-12-15T03:36:00Z,561,13 67 37 58 22 69 26 51 40 2 5 43 46 63 52 66 42 78 47 11,tails,regular,4
2022-12-15T03:39:00Z,562,24 5 69 12 35 20 27 44 46 32 50 79 4 60 34 62 18 25 66 21,heads,regular,1
2022-12-15T03:42:00Z,563,65 5 44 6 59 17 70 57 80 49 58 77 21 27 31 37 60 46 1 29,tails,regular,2
2022-12-15T03:45:00Z,564,58 49 57 4 17 60 14 51 29 7 66 54 74 61 76 24 10 62 11 50,tails,regular,1
2022-12-15T03:48:00Z,566,1 41 32 9 17 60 61 57 75 40 11 10 66 37 22 24 45 47 29 70,heads,regular,5
2022-12-15T03:51:00Z,567,4 18 6 79 20 69 32 38 28 68 1 13 45 54 39 64 5 62 65 21,heads,regular,2
2022-12-15T03:54:00Z,568,47 67 79 28 30 51 31 45 3 17 80 35 4 62 39 74 53 44 36 42,tails,regular,3
2022-12-15T03:57:00Z,569,34 25 54 44 65 49 19 45 79 32 4 43 80 74 20 57 60 72 66 76,tails,major,4
2022-12-15T04:00:00Z,570,67 26 48 57 59 54 69 58 9 46 16 12 41 66 51 74 73 77 21 17,tails,regular,2
2022-12-15T04:03:00Z,571,57 21 20 47 48 42 5 77 13 80 72 36 46 12 41 33 56 44 18 60,tails,regular,1
2022-12-15T04:06:00Z,572,69 30 12 25 19 15 78 71 11 16 33 36 2 5 47 46 50 42 52 68,heads,minor,5
2022-12-15T04:09:00Z,573,52 11 28 34 48 35 14 3 76 74 42 77 75 33 23 49 29 54 65 31,evens,minor,1
2022-12-15T04:12:00Z,575,77 68 74 8 2 71 40 63 51 24 10 30 76 70 55 21 15 54 7 50,tails,regular,1
2022-12-15T04:15:00Z,576,67 15 12 63 59 38 53 23 13 80 40 54 6 57 31 27 70 11 29 43,heads,regular,2
2022-12-15T04:18:00Z,577,55 70 11 45 17 74 24 50 49 71 47 20 44 16 30 4 18 21 32 43,evens,regular,1
2022-12-15T04:21:00Z,578,28 12 39 1 73 53 59 54 31 75 8 43 4 64 11 45 37 80 40 36,heads,minor,1
2022-12-15T04:24:00Z,579,44 14 18 9 30 68 64 69 35 31 79 2 10 72 7 58 3 15 25 42,heads,regular,1
2022-12-15T04:27:00Z,580,49 7 70 27 63 77 51 53 62 29 36 48 71 55 18 73 79 13 42 64,tails,regular,1
2022-12-15T04:30:00Z,581,14 29 54 19 75 38 47 52 53 59 12 33 13 5 34 78 10 20 1 46,heads,regular,1
2022-12-15T04:33:00Z,582,32 20 29 43 66 33 70 53 76 71 9 77 37 54 40 62 57 51 24 23,tails,regular,10
2022-12-15T04:36:00Z,584,76 49 38 71 33 60 58 32 6 28 78 26 69 22 48 36 31 19 57 40,heads,minor,1
2022-12-15T04:39:00Z,585,69 25 3 28 47 62 6 48 36 49 64 75 54 68 58 5 63 51 37 30,tails,regular,2
2022-12-15T04:42:00Z,586,15 21 5 24 38 56 49 2 44 79 37 7 69 70 18 40 9 8 72 36,heads,regular,5
2022-12-15T04:45:00Z,587,3 74 76 51 5 47 44 40 53 39 28 69 14 36 29 67 8 30 73 46,evens,minor,1
2022-12-15T04:48:00Z,588,72 7 3 1 73 59 37 50 55 9 12 16 74 48 57 47 77 78 69 44,tails,regular,1
2022-12-15T04:51:00Z,589,69 39 65 74 75 49 60 62 16 11 52 34 31 43 8 67 46 72 21 73,tails,regular,1
2022-12-15T04:54:00Z,590,54 79 72 57 77 6 36 10 21 64 15 41 78 58 27 16 40 51 18 74,tails,regular,3
2022-12-15T04:57:00Z,591,59 80 63 75 45 1 32 15 4 72 5 43 62 2 13 19 25 55 65 16,evens,minor,1
2022-12-15T05:00:00Z,593,24 73 64 10 49 29 46 5 15 59 60 1 31 20 32 48 54 51 50 77,tails,regular,2
2022-12-15T05:03:00Z,594,61 4 12 49 29 17 20 47 35 77 32 65 18 37 11 72 36 69 67 76,heads,regular,1
2022-12-15T05:06:00Z,595,15 34 41 24 40 74 78 59 10 45 49 42 67 63 65 29 33 48 46 54,tails,minor,3
2022-12-15T05:09:00Z,596,61 51 28 9 13 80 50 55 35 41 48 34 31 10 6 43 24 12 30 37,heads,regular,1
2022-12-15T05:12:00Z,597,44 60 6 17 27 13 61 46 77 65 40 15 5 41 7 28 23 71 58 3,heads,regular,3
2022-12-15T05:15:00Z,598,62 31 40 50 70 47 16 14 25 10 73 63 54 53 56 37 75 2 60 52,tails,major,1
2022-12-15T05:18:00Z,599,69 78 3 29 27 67 14 46 71 10 70 50 15 45 60 1 54 52 22 16,tails,regular,3
2022-12-15T05:21:00Z,600,62 43 59 70 20 52 73 17 71 39 61 77 3 24 37 79 9 66 56 38,tails,major,1
2022-12-15T05:24:00Z,602,15 64 41 73 26 33 79 77 59 38 11 5 49 54 65 44 51 71 63 10,tails,minor,1
2022-12-15T05:27:00Z,603,20 36 68 67 80 78 45 37 14 56 48 72 79 40 26 9 50 76 2 59,tails,regular,1
2022-12-15T05:30:00Z,604,51 1 35 71 11 52 43 12 30 20 26 45 2 56 59 47 22 75 31 58,evens,regular,1
2022-12-15T05:33:00Z,605,31 5 13 49 35 24 28 41 54 67 29 59 10 47 34 26 60 73 39 40,heads,major,2
2022-12-15T05:36:00Z,606,66 48 13 16 39 59 55 9 52 6 56 21 1 64 57 7 72 45 28 35,evens,regular,2
2022-12-15T05:39:00Z,607,38 47 58 60 15 25 17 62 11 36 16 74 54 53 70 67 26 76 22 56,tails,regular,1
2022-12-15T05:42:00Z,608,27 38 49 54 76 66 57 50 25 18 62 14 74 6 28 69 43 71 79 33,tails,regular,1
2022-12-15T05:45:00Z,609,73 39 4 75 9 59 33 16 49 35 31 22 55 52 3 42 72 58 14 79,evens,regular,1
2022-12-15T05:48:00Z,611,66 30 54 27 62 70 42 76 6 41 18 20 74 50 53 71 8 58 49 7,tails,regular,2
2022-12-15T05:51:00Z,612,7 64 68 44 32 48 27 9 33 50 67 59 18 47 2 51 75 80 73 71,tails,regular,1
2022-12-15T05:54:00Z,613,42 21 35 60 73 13 78 51 10 19 3 36 65 40 58 66 30 1 28 5,heads,regular,2
2022-12-15T05:57:00Z,614,72 63 12 77 70 22 1 23 5 64 67 14 42 16 62 40 57 52 37 75,tails,minor,2
2022-12-15T06:00:00Z,615,56 80 59 44 63 72 52 75 18 49 1 20 2 62 32 29 5 24 58 64,tails,minor,2
2022-12-15T06:03:00Z,616,39 31 36 30 62 26 70 20 29 54 27 4 76 66 72 8 69 52 79 44,evens,regular,3
2022-12-15T06:06:00Z,617,63 6 17 43 79 28 71 56 67 20 54 51 5 50 16 38 64 33 60 2,tails,minor,10
2022-12-15T06:09:00Z,618,65 43 41 72 69 67 46 28 78 51 21 27 48 34 71 37 73 31 55 13,tails,minor,3
2022-12-15T06:12:00Z,620,15 78 33 40 39 50 11 56 63 19 60 6 75 45 7 25 71 29 10 24,heads,regular,3
2022-12-15T06:15:00Z,621,51 7 52 1 25 28 4 76 36 38 46 27 17 22 40 32 37 41 5 77,heads,major,3
2022-12-15T06:18:00Z,622,4 22 25 51 54 24 60 50 53 52 71 6 55 73 69 20 21 76 67 28,tails,regular,3
2022-12-15T06:21:00Z,623,32 19 7 72 5 33 71 27 49 62 70 74 24 26 23 50 17 22 8 14,heads,regular,5
2022-12-15T06:24:00Z,624,66 53 1 6 2 18 8 43 13 51 36 21 80 61 4 24 59 14 76 25,heads,minor,2
2022-12-15T06:27:00Z,625,15 17 66 4 64 59 76 49 47 69 38 39 31 13 34 71 75 14 53 62,tails,regular,2
2022-12-15T06:30:00Z,626,55 37 45 18 46 58 68 49 35 69 53 47 19 67 25 43 59 74 15 80,tails,regular,1
2022-12-15T06:33:00Z,627,63 58 32 69 56 19 80 49 34 54 37 68 9 3 8 73 38 45 74 4,tails,regular,1
2022-12-15T06:36:00Z,629,28 10 17 68 46 38 50 60 19 3 56 21 74 76 37 42 62 34 72 48,tails,regular,1
2022-12-15T06:39:00Z,630,70 73 64 43 51 78 8 53 58 23 24 36 69 17 15 2 76 47 16 39,tails,regular,4
2022-12-15T06:42:00Z,631,2 61 19 21 25 77 16 63 5 20 52 7 72 27 80 66 64 33 3 67,heads,regular,2
2022-12-15T06:45:00Z,632,59 39 5 35 15 58 19 24 50 67 16 63 44 10 78 53 65 68 18 80,tails,regular,1
2022-12-15T06:48:00Z,633,24 76 47 41 52 58 32 68 49 11 37 73 50 9 18 79 5 56 61 64,tails,minor,1
2022-12-15T06:51:00Z,634,80 74 6 29 27 54 73 37 75 12 67 42 76 13 68 33 8 62 43 39,tails,regular,3
2022-12-15T06:54:00Z,635,23 31 10 75 1 40 51 73 68 29 57 64 11 16 36 3 5 65 6 8,heads,regular,2
2022-12-15T06:57:00Z,636,80 27 3 68 35 79 67 18 2 10 46 34 43 23 30 32 39 8 64 77,heads,major,1
2022-12-15T07:00:00Z,638,24 33 48 40 80 39 12 47 15 6 10 21 35 78 62 68 34 18 38 3,heads,regular,1
2022-12-15T07:03:00Z,639,46 65 74 37 23 55 78 60 59 30 68 22 39 53 7 56 14 4 10 5,evens,minor,10
2022-12-15T07:06:00Z,640,12 1 34 52 66 4 49 18 20 39 68 36 16 46 26 29 32 33 8 22,heads,regular,1
2022-12-15T07:09:00Z,641,36 12 60 8 75 23 43 76 32 25 19 79 40 73 41 56 9 59 46 3,evens,regular,1
2022-12-15T07:12:00Z,642,51 44 70 3 6 42 40 41 80 72 31 21 48 4 52 32 27 12 77 23,evens,regular,2
2022-12-15T07:15:00Z,643,57 10 70 22 20 49 39 61 21 32 68 46 11 9 52 50 58 34 76 71,tails,minor,3
2022-12-15T07:18:00Z,644,71 44 10 20 9 77 65 72 46 61 36 41 28 78 22 39 53 30 51 42,tails,minor,1
2022-12-15T07:21:00Z,645,71 42 52 41 56 25 72 48 12 74 28 37 64 51 14 57 55 44 34 10,tails,regular,1
2022-12-15T07:24:00Z,647,75 41 79 10 20 58 16 18 46 63 34 49 65 8 37 28 25 55 4 80,evens,minor,2
2022-12-15T07:27:00Z,648,34 78 52 30 36 72 24 16 69 10 12 6 75 65 22 41 42 46 71 61,tails,regular,4
2022-12-15T07:30:00Z,649,56 23 15 77 51 12 76 43 75 32 29 25 69 61 41 52 10 28 2 50,tails,major,1
2022-12-15T07:33:00Z,650,51 4 74 33 46 56 80 45 42 49 25 44 54 41 64 76 17 35 34 40,tails,minor,1
2022-12-15T07:36:00Z,651,74 39 3 17 38 36 34 70 58 50 22 9 21 73 51 77 80 79 4 42,evens,minor,1
2022-12-15T07:39:00Z,652,27 41 18 26 40 60 79 56 43 47 21 80 71 62 59 73 74 64 55 23,tails,major,2
2022-12-15T07:42:00Z,653,38 63 7 2 31 6 19 69 55 57 13 1 56 16 28 21 15 80 68 43,heads,minor,5
2022-12-15T07:45:00Z,654,38 13 75 58 1 12 19 43 74 51 20 14 33 36 25 77 6 52 41 46,heads,regular,2
2022-12-15T07:48:00Z,656,5 7 9 61 53 79 18 24 77 51 66 27 43 22 64 72 49 26 23 25,evens,regular,2
2022-12-15T07:51:00Z,657,26 69 23 17 73 61 51 66 38 21 13 11 6 24 27 1 67 16 30 65,heads,regular,5
2022-12-15T07:54:00Z,658,36 56 45 52 57 17 80 48 55 67 15 13 8 50 60 16 68 58 70 1,tails,major,3
2022-12-15T07:57:00Z,659,2 3 65 67 49 14 11 44 73 27 13 7 45 46 78 74 79 37 36 26,evens,regular,3
2022-12-15T08:00:00Z,660,52 29 5 50 13 59 70 14 4 49 40 32 11 25 48 30 20 15 34 26,heads,regular,1
2022-12-15T08:03:00Z,661,44 58 16 45 50 75 30 1 32 66 72 52 9 28 46 71 53 79 10 19,tails,minor,3
2022-12-15T08:06:00Z,662,37 63 33 17 47 24 15 8 25 11 43 32 39 3 69 78 80 52 70 68,heads,minor,2
2022-12-15T08:09:00Z,663,13 60 11 63 62 25 1 23 74 37 36 56 46 6 64 7 24 40 9 57,heads,regular,2
2022-12-15T08:12:00Z,665,22 42 34 62 3 41 61 68 28 40 9 11 36 37 76 10 31 45 43 56,heads,regular,1
2022-12-15T08:15:00Z,666,44 24 62 14 43 74 16 34 71 72 15 27 40 39 5 46 49 28 10 36,heads,regular,2
2022-12-15T08:18:00Z,667,17 62 50 54 65 64 9 70 46 33 80 49 67 68 40 47 7 59 32 28,tails,regular,1
2022-12-15T08:21:00Z,668,75 38 34 4 24 52 32 43 30 49 29 53 1 35 3 42 39 77 16 51,heads,minor,5
2022-12-15T08:24:00Z,669,43 66 67 59 15 19 26 34 65 77 61 76 35 30 3 27 75 48 49 56,tails,minor,3
2022-12-15T08:27:00Z,670,67 62 42 32 61 30 45 2 7 31 22 66 52 39 64 65 27 55 25 44,tails,regular,4
2022-12-15T08:30:00Z,671,5 68 14 67 28 77 71 27 54 38 30 74 58 60 35 45 56 52 73 34,tails,regular,3
2022-12-15T08:33:00Z,672,49 71 33 47 67 46 18 40 15 65 55 50 44 21 51 59 23 75 80 53,tails,regular,1
2022-12-15T08:36:00Z,674,23 1 26 74 58 6 15 35 54 57 4 52 78 49 48 62 76 79 56 44,tails,regular,1
2022-12-15T08:39:00Z,675,1 40 28 67 20 75 2 23 52 45 22 6 76 30 63 79 12 27 39 72,heads,regular,3
2022-12-15T08:42:00Z,676,42 15 7 30 71 26 50 65 78 16 57 44 2 74 49 28 60 45 24 79,tails,regular,4
2022-12-15T08:45:00Z,677,36 54 69 61 25 51 23 30 64 63 19 53 15 9 17 59 52 56 78 29,tails,regular,3
2022-12-15T08:48:00Z,678,7 77 34 33 55 74 41 29 10 71 72 6 45 65 8 35 57 60 37 64,tails,regular,2
2022-12-15T08:51:00Z,679,43 10 77 11 17 27 19 39 23 20 76 4 66 68 5 9 47 53 79 22,heads,regular,1
2022-12-15T08:54:00Z,680,80 76 43 41 2 7 34 64 77 45 35 67 62 33 36 55 69 68 31 39,tails,regular,1
2022-12-15T08:57:00Z,681,6 34 28 72 27 35 60 20 38 14 62 10 67 9 76 25 55 15 45 69,heads,major,1
2022-12-15T09:00:00Z,683,20 71 48 32 80 70 45 18 63 43 15 24 7 66 33 55 58 51 36 77,tails,regular,1
2022-12-15T09:03:00Z,684,12 4 78 1 25 53 57 56 34 6 18 42 32 74 28 73 5 22 64 2,heads,regular,1
2022-12-15T09:06:00Z,685,76 7 46 11 63 45 54 36 26 25 22 56 16 8 43 15 9 42 6 10,heads,minor,1
2022-12-15T09:09:00Z,686,55 41 24 62 58 52 17 8 45 13 61 78 16 67 65 59 76 35 77 50,tails,regular,2
2022-12-15T09:12:00Z,687,43 72 52 71 6 27 59 13 17 14 44 15 3 2 33 74 25 39 29 56,heads,regular,1
2022-12-15T09:15:00Z,688,6 72 46 44 28 33 16 27 60 47 53 25 17 61 41 70 73 1 14 43,tails,regular,2
2022-12-15T09:18:00Z,689,61 68 56 37 55 63 8 33 19 69 32 16 30 27 43 35 25 77 23 47,heads,regular,3
2022-12-15T09:21:00Z,690,43 80 62 77 26 51 76 25 60 65 59 6 74 46 42 23 56 24 57 10,tails,regular,1
2022-12-15T09:24:00Z,692,56 11 3 49 17 18 29 74 16 24 4 55 10 58 33 47 39 45 46 14,heads,regular,3
2022-12-15T09:27:00Z,693,75 20 51 73 13 66 8 68 11 67 58 9 45 25 80 16 33 12 21 23,heads,regular,3
2022-12-15T09:30:00Z,694,80 13 54 59 11 58 41 63 3 14 31 76 45 77 60 8 55 26 10 40,tails,regular,3
2022-12-15T09:33:00Z,695,8 10 25 33 62 14 37 20 3 12 51 55 74 71 59 78 73 31 56 38,heads,regular,2
2022-12-15T09:36:00Z,696,64 24 53 31 74 13 61 65 14 15 80 68 7 77 59 18 60 27 73 47,tails,regular,2
2022-12-15T09:39:00Z,697,8 11 17 9 58 39 49 45 79 68 35 71 25 72 24 57 18 51 43 31,evens,regular,2
2022-12-15T09:42:00Z,698,78 71 41 39 57 11 67 64 74 44 69 13 21 5 22 59 48 2 20 37,tails,regular,10
2022-12-15T09:45:00Z,699,35 61 48 11 13 76 14 44 60 2 28 45 5 21 72 38 71 56 32 25,heads,regular,3
2022-12-15T09:48:00Z,701,31 73 17 16 30 59 68 69 20 45 3 53 33 28 26 2 34 21 61 1,heads,regular,2
2022-12-15T09:51:00Z,702,68 17 48 19 75 55 59 40 37 13 74 12 11 2 25 80 9 64 58 36,heads,minor,1
2022-12-15T09:54:00Z,703,17 5 60 1 54 76 59 4 48 9 68 12 55 64 7 78 66 24 11 15,evens,regular,1
2022-12-15T09:57:00Z,704,79 54 63 75 31 28 45 62 72 57 55 49 70 52 38 73 40 18 11 35,tails,regular,1
2022-12-15T10:00:00Z,705,27 9 35 28 54 26 56 50 18 49 16 2 44 34 30 59 13 20 42 10,heads,minor,4
2022-12-15T10:03:00Z,706,42 58 10 5 75 62 13 12 61 24 7 22 16 69 4 47 1 73 66 72,evens,minor,3
2022-12-15T10:06:00Z,707,62 75 10 76 13 70 35 51 68 73 50 36 4 60 31 9 71 33 37 69,tails,regular,2
2022-12-15T10:09:00Z,708,9 26 5 17 51 54 2 22 58 53 16 56 52 15 47 78 72 37 80 30,evens,regular,2
2022-12-15T10:12:00Z,710,57 30 24 78 40 18 60 52 71 48 13 47 75 33 58 6 79 36 63 42,tails,regular,2
2022-12-15T10:15:00Z,711,43 24 65 7 19 80 15 55 22 21 56 46 61 28 20 64 70 51 74 10,tails,regular,1
2022-12-15T10:18:00Z,712,77 21 69 76 54 36 52 61 50 78 60 27 42 70 45 11 66 59 68 72,tails,regular,3
2022-12-15T10:21:00Z,713,18 68 58 23 44 77 8 54 65 25 79 43 36 55 67 21 39 24 40 50,tails,regular,3
2022-12-15T10:24:00Z,714,45 51 46 22 53 54 76 67 62 6 24 57 60 34 78 64 69 30 38 73,tails,regular,1
2022-12-15T10:27:00Z,715,33 80 21 30 69 6 11 10 4 59 53 16 19 29 68 2 77 64 35 56,heads,minor,2
2022-12-15T10:30:00Z,716,69 37 11 33 71 70 24 42 66 54 41 14 67 80 78 40 32 55 60 2,tails,regular,1
2022-12-15T10:33:00Z,717,47 8 30 34 20 48 35 43 77 63 59 57 44 32 58 71 24 18 61 10,tails,regular,2
2022-12-15T10:36:00Z,719,21 26 40 80 57 58 71 79 29 64 22 28 56 59 62 46 19 33 23 54,tails,regular,10
2022-12-15T10:39:00Z,720,71 54 68 58 27 43 5 6 7 64 29 44 15 1 9 11 38 63 65 48,evens,regular,3
2022-12-15T10:42:00Z,721,5 43 49 56 52 57 40 59 36 27 38 46 63 70 21 4 61 65 14 37,tails,regular,2
2022-12-15T10:45:00Z,722,43 1 27 47 21 54 59 34 67 76 65 77 3 17 23 80 8 44 60 19,tails,regular,2
2022-12-15T10:48:00Z,723,20 24 77 47 49 52 68 13 31 79 42 11 43 14 59 64 67 66 15 45,tails,minor,3
2022-12-15T10:51:00Z,724,71 62 19 61 31 77 33 43 18 21 51 1 16 5 13 52 64 74 35 48,evens,regular,2
2022-12-15T10:54:00Z,725,23 13 21 58 71 47 10 19 67 54 44 14 53 77 1 17 79 7 22 6,heads,minor,2
2022-12-15T10:57:00Z,726,46 16 33 69 6 60 70 59 24 44 8 67 47 29 51 14 50 61 64 48,tails,regular,1
2022-12-15T11:00:00Z,728,2 67 66 8 64 38 74 61 46 7 49 19 43 73 69 58 9 13 51 10,tails,major,1
2022-12-15T11:03:00Z,729,8 72 5 3 60 34 32 55 68 61 47 2 18 37 28 64 27 65 66 21,heads,regular,1
2022-12-15T11:06:00Z,730,2 57 28 13 74 9 24 20 63 65 33 11 52 46 53 6 38 22 47 30,heads,regular,1
2022-12-15T11:09:00Z,731,57 58 47 51 53 80 23 67 38 62 10 27 28 50 65 72 21 40 4 61,tails,major,1
2022-12-15T11:12:00Z,732,5 76 64 30 45 52 73 74 72 77 62 12 38 8 3 41 54 31 40 32,tails,minor,2
2022-12-15T11:15:00Z,733,23 69 42 63 54 53 11 45 27 10 17 8 46 32 56 2 3 35 44 20,heads,regular,3
2022-12-15T11:18:00Z,734,47 62 2 51 10 77 50 80 40 74 41 54 15 30 71 59 17 6 53 27,tails,regular,1
2022-12-15T11:21:00Z,735,54 68 41 74 9 51 71 25 7 45 31 57 79 66 60 6 13 28 26 10,tails,regular,3
2022-12-15T11:24:00Z,737,76 19 44 12 80 43 73 32 34 27 28 45 30 67 71 51 38 58 5 26,evens,regular,3
2022-12-15T11:27:00Z,738,2 14 33 52 45 7 16 61 5 30 3 64 1 13 53 44 12 9 63 75,heads,regular,3
2022-12-15T11:30:00Z,739,53 38 40 64 32 3 35 73 37 23 62 57 48 27 60 79 30 15 61 29,heads,regular,1
2022-12-15T11:33:00Z,740,48 75 9 13 34 35 76 62 47 59 28 32 60 42 74 53 54 36 52 50,tails,regular,1
2022-12-15T11:36:00Z,741,62 56 54 13 57 42 58 30 18 75 29 15 3 61 41 64 76 78 53 68,tails,major,3
2022-12-15T11:39:00Z,742,10 12 60 46 43 67 69 51 56 77 64 16 75 62 15 47 5 58 76 7,tails,minor,3
2022-12-15T11:42:00Z,743,76 79 37 11 78 45 50 1 31 40 27 10 3 32 35 42 23 36 7 64,heads,minor,5
2022-12-15T11:45:00Z,744,12 59 61 46 34 26 67 37 40 66 60 48 7 69 36 29 14 71 53 42,tails,minor,1
2022-12-15T11:48:00Z,746,29 72 75 61 33 77 54 68 3 19 37 35 44 6 7 18 70 23 66 15,heads,regular,1
2022-12-15T11:51:00Z,747,63 32 41 8 19 24 69 12 46 74 67 13 36 78 4 7 64 33 73 21,heads,minor,2
2022-12-15T11:54:00Z,748,63 47 29 77 44 25 69 45 38 10 3 68 75 30 40 18 61 37 12 78,evens,major,1
2022-12-15T11:57:00Z,749,11 6 38 8 25 14 34 45 41 59 4 29 68 64 43 17 28 51 58 74,heads,regular,1
2022-12-15T12:00:00Z,750,5 61 42 9 17 49 33 36 72 12 20 54 74 73 28 19 51 45 34 30,heads,major,2
2022-12-15T12:03:00Z,751,43 78 79 31 76 13 77 12 27 26 24 19 17 16 38 34 35 10 36 25,heads,regular,3
2022-12-15T12:06:00Z,752,28 67 75 58 38 73 76 57 16 36 23 44 77 49 46 34 19 1 40 78,tails,major,2
2022-12-15T12:09:00Z,753,62 50 12 2 9 22 23 69 27 24 35 29 43 10 63 16 59 74 1 47,heads,regular,1
2022-12-15T12:12:00Z,755,78 57 43 65 25 42 52 5 49 12 15 48 70 67 51 60 22 47 39 35,tails,regular,2
2022-12-15T12:15:00Z,756,29 70 19 75 23 50 38 71 39 53 49 55 27 66 18 24 4 8 5 43,heads,minor,2
2022-12-15T12:18:00Z,757,32 21 14 22 76 1 62 53 31 8 30 2 61 17 6 25 72 4 3 66,heads,regular,3
2022-12-15T12:21:00Z,758,1 67 16 41 9 21 53 50 63 64 47 55 40 7 71 49 46 60 43 70,tails,regular,1
2022-12-15T12:24:00Z,759,60 48 35 43 76 7 24 53 31 73 80 58 45 5 42 14 2 28 33 54,tails,minor,2
2022-12-15T12:27:00Z,760,55 36 14 77 79 65 33 4 24 54 27 67 38 73 52 66 13 46 78 29,tails,regular,2
2022-12-15T12:30:00Z,761,70 76 44 32 77 13 59 75 37 16 38 74 43 57 67 36 50 15 54 28,tails,minor,2
2022-12-15T12:33:00Z,762,60 3 48 30 70 39 29 38 36 47 21 13 2 17 41 20 44 66 28 32,heads,regular,10
2022-12-15T12:36:00Z,764,4 69 13 6 15 24 77 35 73 21 61 12 74 64 71 56 27 76 46 23,evens,minor,1
2022-12-15T12:39:00Z,765,1 58 2 17 11 4 51 60 73 42 3 45 70 36 31 74 54 78 66 52,tails,regular,1
2022-12-15T12:42:00Z,766,59 7 35 21 69 67 53 64 11 76 66 72 78 4 73 39 50 22 8 24,tails,minor,2
2022-12-15T12:45:00Z,767,44 11 10 49 42 48 54 71 39 75 36 37 57 12 3 45 14 66 40 60,tails,regular,1
2022-12-15T12:48:00Z,768,17 28 33 7 24 76 54 8 69 75 23 37 6 45 50 3 39 2 64 36,heads,regular,2
2022-12-15T12:51:00Z,769,73 63 56 37 65 25 58 33 29 78 3 52 75 53 43 79 4 12 57 30,tails,regular,1
2022-12-15T12:54:00Z,770,55 44 49 31 15 68 25 19 48 78 63 58 32 67 33 35 42 26 71 36,tails,minor,1
2022-12-15T12:57:00Z,771,42 21 26 24 32 75 35 18 80 9 30 63 27 4 29 19 25 20 1 54,heads,minor,2
2022-12-15T13:00:00Z,773,48 17 11 80 47 13 61 36 66 34 2 39 1 5 25 4 56 7 46 77,heads,regular,3
2022-12-15T13:03:00Z,774,14 46 47 12 73 72 45 65 41 33 40 34 23 75 66 7 27 50 56 5,tails,regular,1
2022-12-15T13:06:00Z,775,61 46 6 10 45 31 74 73 54 39 69 33 5 66 63 48 44 75 58 15,tails,regular,5
2022-12-15T13:09:00Z,776,67 77 65 40 70 26 74 32 10 72 60 46 6 69 52 57 25 29 34 51,tails,regular,1
2022-12-15T13:12:00Z,777,37 67 26 9 59 34 36 7 46 56 19 21 11 2 65 70 63 66 58 27,heads,regular,3
2022-12-15T13:15:00Z,778,27 29 33 49 25 75 3 7 51 63 71 48 40 1 78 20 64 45 61 65,tails,regular,1
2022-12-15T13:18:00Z,779,35 44 68 43 13 74 56 79 2 16 36 20 57 9 14 34 4 48 47 55,evens,regular,5
2022-12-15T13:21:00Z,780,60 26 45 65 4 76 33 25 70 32 40 79 17 7 24 75 47 56 77 35,evens,major,1
2022-12-15T13:24:00Z,782,6 59 20 48 57 30 3 18 55 7 73 76 39 11 65 60 19 79 15 14,heads,regular,5
2022-12-15T13:27:00Z,783,46 64 63 1 28 25 75 24 21 17 22 29 30 62 13 40 55 11 16 42,heads,regular,10
2022-12-15T13:30:00Z,784,11 25 34 14 35 53 51 61 56 73 79 59 74 19 21 2 57 72 77 20,tails,major,1
2022-12-15T13:33:00Z,785,12 60 40 34 20 37 56 50 75 53 71 3 76 44 32 69 36 54 15 67,tails,regular,3
2022-12-15T13:36:00Z,786,61 13 16 18 77 59 12 64 79 6 34 23 19 57 73 74 10 53 78 17,evens,regular,2
2022-12-15T13:39:00Z,787,46 48 55 63 11 60 67 64 20 53 24 7 39 36 22 66 57 14 27 33,evens,regular,1
2022-12-15T13:42:00Z,788,21 20 28 41 64 40 54 32 68 43 60 26 50 69 10 63 80 52 37 58,tails,minor,3
2022-12-15T13:45:00Z,789,57 42 72 43 68 55 3 7 25 61 31 19 41 67 48 45 6 23 15 51,tails,regular,3
2022-12-15T13:48:00Z,791,39 30 18 68 10 7 36 74 40 31 42 71 73 58 63 32 16 44 2 37,heads,regular,2
2022-12-15T13:51:00Z,792,56 25 57 80 38 36 66 59 20 1 32 14 68 67 54 71 45 75 43 61,tails,regular,2
2022-12-15T13:54:00Z,793,44 60 2 52 14 36 45 29 65 38 51 23 24 69 62 48 74 26 10 53,tails,regular,2
2022-12-15T13:57:00Z,794,32 78 2 25 18 68 57 13 48 62 71 59 14 15 6 61 56 5 58 12,evens,minor,2
2022-12-15T14:00:00Z,795,74 34 8 46 14 2 33 57 37 54 10 25 22 52 24 48 12 53 79 38,heads,major,1
2022-12-15T14:03:00Z,796,65 66 15 70 72 22 59 26 25 40 31 69 3 47 79 50 58 52 57 63,tails,regular,1
2022-12-15T14:06:00Z,797,14 77 2 72 1 34 48 51 16 55 32 73 40 11 25 68 22 29 17 24,heads,regular,1
2022-12-15T14:09:00Z,798,21 51 54 46 6 12 22 64 2 30 52 7 3 5 35 66 60 39 13 80,heads,regular,2
2022-12-15T14:12:00Z,800,33 4 5 35 75 3 22 20 9 55 51 53 29 8 15 63 11 56 42 70,heads,major,1
2022-12-15T14:15:00Z,801,60 17 33 27 57 67 37 7 41 74 3 26 77 19 22 54 42 31 51 13,heads,regular,4
2022-12-15T14:18:00Z,802,51 16 23 22 55 49 17 2 39 57 34 48 62 31 40 18 9 65 13 44,heads,regular,1
2022-12-15T14:21:00Z,803,79 45 53 34 3 19 72 23 27 57 21 43 75 66 1 76 49 77 51 8,tails,regular,1
2022-12-15T14:24:00Z,804,47 56 79 7 58 29 36 73 62 4 12 33 66 22 8 60 30 16 31 2,heads,regular,2
2022-12-15T14:27:00Z,805,13 40 37 14 1 44 38 69 39 47 72 52 10 71 80 57 62 28 29 43,evens,regular,2
2022-12-15T14:30:00Z,806,61 52 14 76 27 12 54 13 46 30 10 36 48 64 56 41 57 51 22 26,tails,regular,3
2022-12-15T14:33:00Z,807,26 50 60 9 65 17 76 25 10 62 14 24 44 30 39 16 38 12 56 80,heads,regular,2
2022-12-15T14:36:00Z,809,36 74 10 57 22 19 63 61 70 14 65 73 20 44 66 23 69 41 13 49,tails,minor,2
2022-12-15T14:39:00Z,810,12 13 45 39 78 47 69 33 3 25 71 80 72 73 51 35 44 6 63 56,tails,regular,5
2022-12-15T14:42:00Z,811,52 12 7 41 71 20 80 62 5 40 25 14 31 26 1 77 60 18 63 39,heads,regular,3
2022-12-15T14:45:00Z,812,54 42 58 76 20 63 59 78 66 7 70 79 43 14 44 72 15 4 22 60,tails,regular,1
2022-12-15T14:48:00Z,813,28 74 3 22 9 45 78 76 69 61 42 26 53 52 24 41 12 15 11 71,tails,regular,1
2022-12-15T14:51:00Z,814,41 72 50 9 17 21 22 23 47 79 49 27 53 1 73 5 46 40 45 58,tails,regular,1
2022-12-15T14:54:00Z,815,57 27 51 25 78 76 9 54 41 64 66 60 67 5 40 45 18 69 70 61,tails,regular,2
2022-12-15T14:57:00Z,816,11 43 74 36 37 54 40 23 39 22 63 41 79 49 13 45 34 26 7 51,heads,minor,3
2022-12-15T15:00:00Z,818,9 69 1 62 26 34 13 16 78 8 32 68 61 63 59 48 7 31 36 4,heads,major,1
2022-12-15T15:03:00Z,819,50 21 22 9 27 46 54 73 56 45 35 58 79 3 43 37 57 2 19 12,evens,minor,3
2022-12-15T15:06:00Z,820,77 55 46 50 37 1 76 32 8 5 13 69 67 56 59 15 65 29 10 75,tails,regular,2
2022-12-15T15:09:00Z,821,42 78 60 74 13 30 21 49 52 7 14 20 44 43 59 73 66 55 11 68,tails,regular,1
2022-12-15T15:12:00Z,822,68 5 59 3 26 78 19 74 64 71 35 51 45 25 79 42 38 61 20 48,tails,major,1
2022-12-15T15:15:00Z,823,1 3 28 21 18 60 34 61 22 78 36 33 19 6 57 44 69 74 20 2,heads,regular,1
2022-12-15T15:18:00Z,824,76 17 13 9 65 27 19 15 11 79 12 47 49 39 67 44 25 32 7 59,heads,regular,3
2022-12-15T15:21:00Z,825,21 56 27 80 42 52 69 23 48 74 10 32 43 25 78 73 3 71 19 20,tails,regular,1
2022-12-15T15:24:00Z,827,30 45 38 40 70 6 76 21 37 44 56 55 13 35 39 15 3 20 66 61,heads,regular,3
2022-12-15T15:27:00Z,828,70 9 59 42 77 66 69 51 15 20 17 23 62 33 13 3 50 78 49 40,tails,regular,2
2022-12-15T15:30:00Z,829,22 72 62 37 69 64 51 67 3 53 49 8 44 20 40 10 14 13 45 11,evens,regular,5
2022-12-15T15:33:00Z,830,14 72 18 28 13 63 30 31 29 23 59 50 58 16 36 51 8 1 73 54,heads,minor,5
2022-12-15T15:36:00Z,831,51 39 35 62 32 5 47 37 49 19 22 76 71 21 33 28 56 25 59 79,heads,regular,2
2022-12-15T15:39:00Z,832,31 49 38 14 43 50 58 65 29 2 46 68 48 32 3 39 9 52 15 67,evens,regular,4
2022-12-15T15:42:00Z,833,27 25 74 51 13 2 55 17 32 24 80 19 22 40 63 14 42 33 4 45,heads,minor,1
2022-12-15T15:45:00Z,834,35 26 2 13 44 34 39 52 1 12 56 42 64 15 32 80 63 75 72 31,heads,major,1
2022-12-15T15:48:00Z,836,79 72 60 61 52 7 10 70 54 14 26 44 53 62 67 49 74 50 2 9,tails,regular,5
2022-12-15T15:51:00Z,837,18 74 21 23 34 45 67 65 50 38 13 78 44 66 76 64 52 63 48 79,tails,minor,3
2022-12-15T15:54:00Z,838,69 9 49 47 18 15 74 67 4 63 20 36 14 40 41 10 51 71 26 75,evens,regular,3
2022-12-15T15:57:00Z,839,57 39 14 9 54 50 64 22 31 76 53 20 15 26 7 68 29 34 28 27,heads,regular,1
2022-12-15T16:00:00Z,840,46 60 62 56 47 16 26 51 72 64 19 39 22 57 15 28 14 35 21 13,heads,minor,3
2022-12-15T16:03:00Z,841,13 80 49 74 66 16 72 32 56 34 15 71 47 53 9 5 17 78 70 77,tails,minor,1
2022-12-15T16:06:00Z,842,23 24 77 5 29 2 61 12 36 8 25 27 42 59 66 56 49 38 60 50,heads,regular,2
2022-12-15T16:09:00Z,843,59 64 37 71 48 18 23 52 1 56 49 13 31 67 3 4 47 19 41 34,evens,regular,1
2022-12-15T16:12:00Z,845,47 42 57 32 50 56 3 33 23 76 44 7 45 52 49 78 30 22 61 19,tails,minor,3
2022-12-15T16:15:00Z,846,40 28 21 50 31 14 17 35 1 24 51 15 55 12 11 47 72 70 67 10,heads,regular,1
2022-12-15T16:18:00Z,847,78 4 37 72 19 77 8 59 30 70 62 57 34 2 16 1 69 43 52 53,tails,regular,2
2022-12-15T16:21:00Z,848,3 8 72 59 40 27 10 58 46 24 54 66 39 35 70 11 23 49 37 60,heads,regular,2
2022-12-15T16:24:00Z,849,11 28 75 25 77 56 50 23 1 76 58 3 51 48 63 59 19 78 45 8,tails,regular,1
2022-12-15T16:27:00Z,850,67 23 72 43 47 39 38 45 49 70 27 32 76 80 48 10 15 5 68 22,tails,regular,3
2022-12-15T16:30:00Z,851,7 76 56 28 17 58 55 16 49 57 15 72 51 1 27 70 68 32 4 18,evens,regular,2
2022-12-15T16:33:00Z,852,39 1 3 52 10 38 46 50 64 11 4 15 14 2 65 8 76 20 16 13,heads,regular,1
2022-12-15T16:36:00Z,854,50 71 46 21 63 41 35 28 7 65 19 14 2 45 16 12 6 64 58 37,heads,minor,2
2022-12-15T16:39:00Z,855,18 48 9 36 20 65 62 67 1 71 16 46 7 75 28 5 38 58 21 11,heads,regular,2
2022-12-15T16:42:00Z,856,62 43 21 33 55 73 25 19 6 37 31 4 10 11 17 40 70 74 57 48,heads,regular,1
2022-12-15T16:45:00Z,857,67 61 19 18 76 77 16 49 79 41 42 45 4 13 25 69 59 51 40 53,tails,regular,3
2022-12-15T16:48:00Z,858,4 79 50 41 7 32 51 69 77 42 44 37 68 9 16 8 2 75 66 5,tails,regular,5
2022-12-15T16:51:00Z,859,36 66 34 80 1 12 44 17 60 33 68 53 57 74 16 54 27 30 13 32,heads,regular,1
2022-12-15T16:54:00Z,860,68 11 19 26 27 47 77 53 56 25 35 59 72 61 76 78 41 34 23 30,tails,regular,3
2022-12-15T16:57:00Z,861,42 16 50 67 38 18 79 12 60 74 36 15 14 70 71 53 55 77 35 57,tails,regular,1
2022-12-15T17:00:00Z,863,3 57 32 74 45 39 70 36 49 33 27 20 44 66 72 21 55 16 54 42,tails,regular,1
2022-12-15T17:03:00Z,864,24 54 7 32 66 21 69 41 42 31 3 8 65 1 56 30 55 61 29 27,heads,major,1
2022-12-15T17:06:00Z,865,55 56 22 23 70 31 57 4 25 64 7 69 5 33 78 11 61 21 59 41,evens,regular,1
2022-12-15T17:09:00Z,866,43 36 21 69 51 22 5 63 4 9 2 79 39 20 1 50 14 7 27 8,heads,regular,1
2022-12-15T17:12:00Z,867,54 48 13 49 1 61 55 36 14 77 28 40 50 35 76 74 66 17 8 42,tails,minor,2
2022-12-15T17:15:00Z,868,13 28 23 29 73 39 77 22 65 17 52 49 4 60 36 20 71 35 2 25,heads,regular,3
2022-12-15T17:18:00Z,869,40 58 35 9 69 22 47 4 42 21 1 37 65 19 56 23 72 15 17 52,heads,major,3
2022-12-15T17:21:00Z,870,66 14 65 48 64 11 79 3 67 1 76 5 16 52 29 50 17 68 80 49,tails,regular,2
2022-12-15T17:24:00Z,872,13 8 69 68 39 5 75 48 30 36 33 50 49 2 47 62 15 26 52 32,heads,regular,1
2022-12-15T17:27:00Z,873,32 18 79 14 68 10 21 12 53 55 62 73 54 38 65 40 5 58 59 69,tails,regular,2
2022-12-15T17:30:00Z,874,14 55 4 6 20 24 39 80 37 12 68 76 58 60 51 54 62 27 38 63,evens,major,4
2022-12-15T17:33:00Z,875,29 7 12 40 4 25 73 60 47 62 15 2 65 52 30 35 46 20 28 36,heads,minor,5
2022-12-15T17:36:00Z,876,53 50 24 52 26 62 35 16 54 3 42 30 39 60 14 19 74 80 75 21,evens,minor,3
2022-12-15T17:39:00Z,877,10 71 55 66 6 11 1 20 75 38 12 43 24 45 48 60 32 39 5 68,heads,regular,3
2022-12-15T17:42:00Z,878,2 1 57 75 22 66 39 68 62 8 26 49 40 44 21 20 5 58 71 34,heads,regular,1
2022-12-15T17:45:00Z,879,40 3 24 17 1 28 66 79 21 37 76 32 5 27 18 69 8 12 2 41,heads,regular,3
2022-12-15T17:48:00Z,881,35 22 28 70 56 31 62 2 18 17 51 76 8 78 52 7 5 25 48 80,heads,regular,2
2022-12-15T17:51:00Z,882,63 59 39 18 74 57 46 65 33 20 48 49 67 38 58 23 69 76 7 34,tails,regular,1
2022-12-15T17:54:00Z,883,57 54 64 33 70 10 13 12 45 31 79 61 63 49 74 18 78 53 76 39,tails,minor,2
2022-12-15T17:57:00Z,884,26 32 55 80 38 43 49 17 21 24 40 73 28 20 67 2 61 54 11 72,heads,regular,1
2022-12-15T18:00:00Z,885,58 47 38 59 54 43 67 71 78 80 32 33 11 19 50 64 41 52 35 42,tails,major,3
2022-12-15T18:03:00Z,886,2 7 62 38 72 57 33 43 6 31 41 78 58 74 28 35 52 66 11 63,tails,regular,3
2022-12-15T18:06:00Z,887,45 20 44 53 8 69 46 11 24 79 80 64 4 22 28 39 78 43 3 67,tails,major,1
2022-12-15T18:09:00Z,888,4 75 1 79 26 20 66 30 56 67 62 46 57 48 22 17 40 5 55 16,evens,regular,1
2022-12-15T18:12:00Z,890,27 8 11 12 47 72 7 15 53 18 52 4 22 3 10 69 40 77 16 28,heads,regular,1
2022-12-15T18:15:00Z,891,38 5 43 51 8 30 48 74 52 27 9 10 3 66 32 54 39 72 18 14,heads,regular,1
2022-12-15T18:18:00Z,892,3 60 25 47 61 40 29 37 24 26 65 10 70 53 31 62 7 15 54 77,heads,regular,3
2022-12-15T18:21:00Z,893,41 17 26 27 59 23 1 68 5 24 16 72 63 42 62 70 52 61 43 10,tails,regular,5
2022-12-15T18:24:00Z,894,5 26 33 69 80 36 45 47 78 41 14 51 70 46 20 21 73 60 7 2,tails,regular,3
2022-12-15T18:27:00Z,895,36 24 17 63 77 31 29 1 58 10 13 11 54 16 67 76 2 52 27 53,heads,regular,1
2022-12-15T18:30:00Z,896,29 21 31 25 70 18 47 5 67 59 71 62 44 16 51 14 37 8 64 68,evens,regular,1
2022-12-15T18:33:00Z,897,70 27 13 21 23 52 12 34 36 68 42 3 22 54 65 48 55 28 18 60,heads,minor,1
2022-12-15T18:36:00Z,899,11 19 37 78 69 24 42 58 13 20 6 32 16 75 12 26 17 34 40 46,heads,regular,3
2022-12-15T18:39:00Z,900,40 41 59 32 17 61 27 66 48 8 21 10 14 49 19 15 42 65 7 45,heads,regular,1
2022-12-15T18:42:00Z,901,26 49 77 48 56 41 20 51 30 67 40 78 64 55 47 3 25 43 62 17,tails,regular,1
2022-12-15T18:45:00Z,902,19 65 1 32 68 16 76 15 74 56 37 34 25 67 11 75 39 2 51 60,heads,minor,10
2022-12-15T18:48:00Z,903,72 66 50 20 30 17 12 21 55 60 61 42 8 5 41 62 52 16 80 6,tails,regular,2
2022-12-15T18:51:00Z,904,29 3 61 69 41 10 64 18 33 63 34 17 15 46 30 28 75 59 37 57,heads,regular,1
2022-12-15T18:54:00Z,905,64 40 80 15 19 33 70 6 28 63 71 49 38 44 10 36 20 27 48 34,heads,regular,2
2022-12-15T18:57:00Z,906,78 58 10 32 12 39 24 56 23 59 9 4 75 15 73 64 53 20 22 42,heads,regular,1
2022-12-15T19:00:00Z,908,48 53 50 28 1 15 8 9 33 6 27 68 74 25 55 52 17 46 21 37,heads,regular,1
2022-12-15T19:03:00Z,909,69 67 14 11 20 24 1 21 38 46 22 34 27 3 12 51 55 37 76 63,heads,regular,1
2022-12-15T19:06:00Z,910,73 33 42 24 43 27 25 71 49 41 67 11 74 40 10 39 76 21 78 51,tails,minor,1
2022-12-15T19:09:00Z,911,12 75 74 72 40 79 8 27 1 31 15 36 38 65 60 23 32 45 24 7,heads,major,2
2022-12-15T19:12:00Z,912,8 13 64 77 26 80 47 33 41 63 49 53 36 11 7 29 70 78 25 46,tails,minor,3
2022-12-15T19:15:00Z,913,62 61 56 23 55 3 50 43 37 20 14 58 39 2 5 51 46 41 7 8,evens,regular,1
2022-12-15T19:18:00Z,914,62 14 38 68 79 23 51 64 45 67 20 54 65 46 61 17 52 28 4 66,tails,regular,3
2022-12-15T19:21:00Z,915,21 61 9 51 69 41 63 43 37 58 31 49 66 29 20 76 25 45 68 24,tails,minor,3
2022-12-15T19:24:00Z,917,18 42 16 74 77 38 17 49 47 78 57 13 20 76 5 33 29 21 64 80,evens,regular,1
2022-12-15T19:27:00Z,918,46 55 61 72 78 14 62 32 60 21 58 1 59 69 7 6 28 29 63 10,tails,regular,1
2022-12-15T19:30:00Z,919,62 3 80 55 60 75 8 30 39 10 4 18 31 79 6 74 5 71 69 35,heads,minor,2
2022-12-15T19:33:00Z,920,48 60 79 49 64 27 9 20 62 71 50 53 22 29 69 41 70 5 67 21,tails,minor,3
2022-12-15T19:36:00Z,921,6 26 7 59 79 14 35 3 23 13 44 42 74 29 63 64 39 62 1 68,heads,minor,1
2022-12-15T19:39:00Z,922,31 7 68 62 57 45 17 64 71 20 29 79 22 70 10 48 23 47 38 6,evens,minor,2
2022-12-15T19:42:00Z,923,12 61 71 27 52 46 25 43 76 21 74 24 50 7 14 26 48 78 10 47,tails,regular,1
2022-12-15T19:45:00Z,924,8 23 80 17 51 12 34 65 27 14 31 38 56 30 42 71 39 69 1 2,heads,regular,1
2022-12-15T19:48:00Z,926,57 66 80 10 54 65 70 44 24 74 63 14 18 17 67 15 13 59 78 37,tails,regular,1
2022-12-15T19:51:00Z,927,80 72 52 27 12 14 38 35 2 55 16 30 61 33 21 9 71 48 43 50,heads,minor,4
2022-12-15T19:54:00Z,928,59 77 25 16 79 52 47 9 2 61 29 41 7 27 33 80 65 35 3 69,evens,regular,3
2022-12-15T19:57:00Z,929,23 73 27 29 32 2 49 39 31 8 25 20 57 76 53 41 47 48 30 38,heads,minor,3
2022-12-15T20:00:00Z,930,40 48 62 29 80 31 19 15 21 6 2 64 23 5 60 41 20 68 35 4,heads,regular,1
2022-12-15T20:03:00Z,931,53 58 13 4 36 39 50 76 1 66 19 27 11 45 2 62 63 52 70 46,tails,minor,1
2022-12-15T20:06:00Z,932,15 50 9 77 75 18 11 32 62 5 7 31 42 61 70 33 43 4 22 34,heads,major,2
2022-12-15T20:09:00Z,933,79 80 4 14 51 17 54 32 41 33 35 67 23 40 58 44 10 57 78 66,tails,regular,1
2022-12-15T20:12:00Z,935,23 37 32 33 49 62 42 69 4 35 70 74 28 65 51 46 48 61 58 8,tails,minor,1
2022-12-15T20:15:00Z,936,44 23 47 53 7 43 17 5 31 71 3 42 29 60 26 55 68 69 48 1,tails,minor,2
2022-12-15T20:18:00Z,937,26 48 53 50 40 32 31 14 72 18 25 23 60 12 59 75 42 55 33 46,evens,minor,2
2022-12-15T20:21:00Z,938,78 29 54 3 11 46 76 13 41 9 5 38 45 77 65 18 36 68 1 52,evens,regular,1
2022-12-15T20:24:00Z,939,24 23 72 64 44 80 1 10 77 61 25 68 38 14 29 27 21 60 16 28,heads,regular,5
2022-12-15T20:27:00Z,940,24 73 32 43 40 23 12 6 36 56 58 10 72 21 66 47 20 77 17 48,heads,minor,2
2022-12-15T20:30:00Z,941,31 78 65 60 59 70 25 32 46 29 64 23 50 43 67 58 18 19 80 68,tails,regular,1
2022-12-15T20:33:00Z,942,52 55 50 57 14 19 25 33 61 72 73 16 62 63 23 36 59 53 77 46,tails,regular,1
2022-12-15T20:36:00Z,944,45 50 36 19 12 29 51 72 56 32 2 1 33 37 18 8 80 78 13 70,heads,minor,2
2022-12-15T20:39:00Z,945,37 52 75 71 50 70 66 25 78 69 41 46 60 65 53 32 28 64 15 35,tails,regular,2
2022-12-15T20:42:00Z,946,63 33 72 35 65 23 77 44 59 49 70 16 79 24 54 39 4 3 40 74,tails,regular,1
2022-12-15T20:45:00Z,947,33 51 22 5 1 80 71 30 31 37 62 2 47 26 24 44 75 8 14 11,heads,regular,1
2022-12-15T20:48:00Z,948,58 14 77 74 39 42 59 25 48 54 28 47 24 73 71 60 72 32 50 19,tails,regular,3
2022-12-15T20:51:00Z,949,65 28 31 49 2 73 50 4 12 56 6 58 53 15 61 29 76 42 5 36,evens,minor,1
2022-12-15T20:54:00Z,950,31 44 7 25 2 23 6 48 45 46 11 54 13 52 10 35 60 30 75 56,heads,regular,1
2022-12-15T20:57:00Z,951,19 47 67 59 46 58 38 25 27 33 29 76 17 15 18 71 57 36 31 40,heads,major,3
2022-12-15T21:00:00Z,953,76 34 15 37 17 64 42 35 74 58 78 60 3 31 45 30 24 32 38 21,heads,minor,2
2022-12-15T21:03:00Z,954,27 35 3 68 40 30 71 5 77 67 20 45 22 14 64 49 24 10 41 62,heads,regular,3
2022-12-15T21:06:00Z,955,37 78 33 8 11 77 2 62 34 43 51 72 25 61 59 67 17 41 10 36,evens,regular,3
2022-12-15T21:09:00Z,956,23 47 69 18 42 16 71 74 58 33 49 13 5 25 7 20 37 51 60 2,heads,regular,3
2022-12-15T21:12:00Z,957,47 54 79 65 36 29 44 73 6 18 48 71 75 4 49 59 31 5 55 40,tails,regular,1
2022-12-15T21:15:00Z,958,26 24 11 42 62 36 49 66 72 63 32 28 37 47 78 76 44 23 77 19,tails,regular,1
2022-12-15T21:18:00Z,959,42 75 2 74 13 27 28 7 15 62 1 48 17 23 56 31 47 14 78 58,heads,minor,1
2022-12-15T21:21:00Z,960,56 26 71 3 41 46 68 33 67 48 32 61 44 58 60 35 23 2 30 49,tails,minor,1
2022-12-15T21:24:00Z,962,7 72 44 75 9 45 36 18 39 33 42 30 68 47 60 14 61 6 15 74,evens,regular,2
2022-12-15T21:27:00Z,963,30 64 22 19 54 40 18 59 65 41 71 45 46 79 13 33 50 51 67 11,tails,regular,2
2022-12-15T21:30:00Z,964,46 47 4 48 66 59 27 34 5 68 30 29 20 49 38 45 3 28 78 14,heads,regular,2
2022-12-15T21:33:00Z,965,61 52 19 36 80 46 58 20 16 3 33 56 53 54 64 50 22 31 18 27,evens,regular,3
2022-12-15T21:36:00Z,966,74 64 23 16 17 56 28 18 76 3 62 51 79 43 14 61 6 37 72 8,evens,minor,1
2022-12-15T21:39:00Z,967,70 18 71 51 58 19 37 79 66 24 65 29 14 41 73 43 53 7 62 1,tails,regular,3
2022-12-15T21:42:00Z,968,70 5 51 14 18 33 47 21 55 16 9 39 11 53 17 48 52 37 27 12,heads,regular,1
2022-12-15T21:45:00Z,969,25 13 55 69 52 63 23 17 35 14 80 76 37 73 67 60 21 65 58 51,tails,regular,1
2022-12-15T21:48:00Z,971,35 45 4 59 41 8 80 55 44 23 5 64 63 16 65 30 38 70 2 49,tails,regular,3
2022-12-15T21:51:00Z,972,31 42 56 48 68 24 19 37 10 13 62 39 70 16 78 33 75 15 18 64,heads,regular,1
2022-12-15T21:54:00Z,973,26 34 15 56 66 54 45 35 17 73 79 12 78 3 76 38 24 22 32 5,heads,minor,4
2022-12-15T21:57:00Z,974,78 32 69 49 7 12 71 18 9 29 15 33 72 59 16 26 19 74 11 2,heads,major,2
2022-12-15T22:00:00Z,975,59 79 54 25 22 41 29 66 53 65 44 69 73 75 40 45 15 1 70 51,tails,minor,2
2022-12-15T22:03:00Z,976,30 71 52 53 19 76 27 63 15 20 51 2 4 32 37 68 24 10 80 29,heads,minor,3
2022-12-15T22:06:00Z,977,53 1 51 38 67 24 65 66 48 54 5 72 31 73 44 27 2 11 28 76,tails,regular,2
2022-12-15T22:09:00Z,978,13 41 38 75 57 47 43 74 1 16 21 34 14 30 73 80 55 45 19 10,evens,regular,1
2022-12-15T22:12:00Z,980,39 15 21 19 72 29 74 18 10 11 13 63 78 16 73 62 3 23 33 50,heads,major,1
2022-12-15T22:15:00Z,981,35 1 57 62 22 45 19 26 48 60 2 68 59 80 6 56 53 50 65 14,tails,regular,1
2022-12-15T22:18:00Z,982,39 13 73 58 78 9 30 70 62 28 76 71 2 20 33 55 22 38 15 56,heads,major,4
2022-12-15T22:21:00Z,983,75 2 77 27 62 4 48 63 32 80 79 67 13 16 41 22 47 42 44 40,tails,regular,3
2022-12-15T22:24:00Z,984,68 47 33 71 4 56 63 18 58 30 37 76 35 19 13 51 52 77 67 73,tails,regular,2
2022-12-15T22:27:00Z,985,60 21 69 47 5 10 26 17 32 1 16 71 66 18 43 51 25 50 28 79,heads,regular,2
2022-12-15T22:30:00Z,986,2 66 37 50 61 79 6 52 21 7 71 27 65 13 25 32 1 63 31 19,heads,regular,1
2022-12-15T22:33:00Z,987,24 8 79 56 36 76 65 15 74 1 39 55 49 11 48 3 14 61 20 22,heads,regular,3
2022-12-15T22:36:00Z,989,44 80 4 35 28 66 74 21 23 10 47 67 50 57 69 60 42 16 9 38,tails,regular,2
2022-12-15T22:39:00Z,990,22 59 52 5 27 9 2 46 19 38 30 56 53 64 24 71 76 66 49 25,evens,minor,1
2022-12-15T22:42:00Z,991,12 49 22 34 73 62 16 10 61 76 55 29 27 28 7 39 9 2 53 58,heads,major,1
2022-12-15T22:45:00Z,992,75 40 71 72 56 67 59 39 14 19 58 6 31 24 3 27 65 34 37 23,heads,regular,1
2022-12-15T22:48:00Z,993,8 25 51 62 55 18 71 3 69 29 24 47 44 26 4 22 38 61 68 39,heads,major,2
2022-12-15T22:51:00Z,994,22 44 50 59 29 61 13 19 53 47 15 74 45 41 25 24 57 8 4 32,evens,major,1
2022-12-15T22:54:00Z,995,35 4 24 58 65 42 11 34 78 47 43 28 63 17 59 57 31 13 52 2,evens,minor,3
2022-12-15T22:57:00Z,996,4 42 30 66 40 15 46 67 5 31 61 2 32 22 77 21 19 10 53 52,heads,regular,1
2022-12-15T23:00:00Z,998,47 23 54 45 55 37 40 78 38 3 73 29 44 1 79 77 69 65 24 59,tails,minor,2
2022-12-15T23:03:00Z,999,39 31 58 73 52 33 27 17 36 18 26 47 3 11 75 79 56 72 21 29,heads,regular,2
2022-12-15T23:06:00Z,1,43 76 36 75 57 74 17 59 65 40 66 30 31 15 53 3 20 14 22 29,heads,regular,2
2022-12-15T23:09:00Z,2,42 11 25 55 21 12 39 8 34 71 67 23 63 72 76 36 70 13 51 44,evens,regular,3
2022-12-15T23:12:00Z,3,1 51 58 5 67 65 66 77 13 46 21 20 6 38 41 16 33 54 52 18,evens,minor,3
2022-12-15T23:15:00Z,4,22 35 53 56 72 10 6 69 80 42 38 62 47 29 54 20 3 64 58 9,tails,minor,3
2022-12-15T23:18:00Z,5,69 22 31 4 74 48 77 16 2 47 17 8 60 76 29 33 20 42 50 32,heads,regular,3
2022-12-15T23:21:00Z,6,75 50 12 51 80 57 56 1 65 53 38 28 8 40 32 9 3 76 69 63,tails,regular,1
2022-12-15T23:24:00Z,8,64 46 3 23 50 39 5 33 57 13 2 24 59 43 38 16 4 76 52 58,heads,regular,5
2022-12-15T23:27:00Z,9,80 50 5 4 28 37 17 43 71 2 54 60 62 38 35 32 19 14 56 69,heads,regular,2
2022-12-15T23:30:00Z,10,30 75 31 74 69 76 67 48 65 47 25 68 16 2 70 8 61 77 17 5,tails,minor,3
2022-12-15T23:33:00Z,11,71 22 11 26 69 31 79 38 77 24 14 19 40 61 23 72 53 39 15 64,heads,major,4
2022-12-15T23:36:00Z,12,23 44 55 1 54 52 66 3 14 75 41 16 65 20 26 50 15 27 17 4,heads,regular,2
2022-12-15T23:39:00Z,13,13 27 62 29 25 45 33 51 23 80 76 4 22 5 53 70 35 11 42 72,heads,regular,1
2022-12-15T23:42:00Z,14,4 7 21 16 14 46 57 58 45 61 64 55 66 13 28 69 22 11 60 5,evens,major,1
2022-12-15T23:45:00Z,15,48 35 27 32 53 16 75 77 26 20 40 54 80 29 72 62 19 5 14 38,heads,regular,2
2022-12-15T23:48:00Z,17,38 11 59 53 15 5 19 16 22 74 48 68 8 75 37 46 18 69 25 77,heads,regular,1
2022-12-15T23:51:00Z,18,57 53 18 56 66 71 58 59 42 63 8 55 19 38 73 51 60 40 46 29,tails,regular,1
2022-12-15T23:54:00Z,19,18 32 53 55 5 42 38 74 59 15 77 25 12 70 14 54 45 51 49 48,tails,regular,2
2022-12-15T23:57:00Z,20,55 9 46 48 10 64 56 65 67 32 22 25 63 68 66 31 23 21 7 2,evens,regular,2
2022-12-16T00:00:00Z,21,28 19 51 47 74 52 14 42 68 41 30 37 78 18 34 73 69 71 53 5,tails,regular,3
2022-12-16T00:03:00Z,22,2 58 20 4 13 69 39 47 64 31 40 21 25 19 75 10 34 51 70 33,heads,major,1
2022-12-16T00:06:00Z,23,65 55 71 69 76 49 14 48 4 27 53 23 41 16 45 44 37 5 58 54,tails,regular,1
2022-12-16T00:09:00Z,24,67 10 36 23 20 77 14 70 50 33 25 48 42 75 15 32 79 60 51 18,evens,regular,2
2022-12-16T00:12:00Z,26,80 33 59 6 13 3 69 20 58 54 75 24 49 1 12 51 40 46 14 42,evens,regular,2
2022-12-16T00:15:00Z,27,17 5 44 68 23 67 41 71 42 73 70 80 25 26 63 12 50 2 72 48,tails,regular,1
2022-12-16T00:18:00Z,28,1 79 24 75 5 58 63 30 72 32 16 53 11 38 45 46 57 52 61 22,tails,regular,2
2022-12-16T00:21:00Z,29,20 56 8 17 68 47 10 1 36 3 71 50 57 33 53 44 39 37 79 60,evens,regular,1
2022-12-16T00:24:00Z,30,78 68 16 55 18 5 32 56 64 41 58 4 27 29 28 50 9 35 74 57,evens,regular,3
2022-12-16T00:27:00Z,31,28 49 15 11 47 62 57 32 73 45 13 69 12 18 21 5 63 80 6 9,heads,regular,1
2022-12-16T00:30:00Z,32,9 31 3 7 78 76 51 80 40 37 53 69 32 16 68 28 45 52 39 46,evens,regular,2
2022-12-16T00:33:00Z,33,1 14 22 18 46 74 40 41 69 71 68 79 78 52 59 38 32 56 58 54,tails,minor,3
2022-12-16T00:36:00Z,35,57 61 80 17 52 29 43 58 25 69 11 53 27 46 5 14 8 13 20 9,heads,minor,1
2022-12-16T00:39:00Z,36,64 45 49 46 12 57 22 10 5 72 68 58 8 30 77 35 66 37 20 9,evens,minor,4
2022-12-16T00:42:00Z,37,64 2 30 14 76 58 73 40 34 6 47 70 22 63 17 41 51 75 71 8,tails,regular,4
2022-12-16T00:45:00Z,38,78 8 64 2 17 67 18 21 16 61 40 70 57 37 62 76 49 5 54 80,tails,regular,2
2022-12-16T00:48:00Z,39,1 37 5 26 71 4 79 6 28 43 31 56 40 16 39 45 22 63 23 70,heads,regular,5
2022-12-16T00:51:00Z,40,62 61 53 40 30 46 44 17 5 28 45 73 20 6 70 37 1 41 55 35,evens,minor,4
2022-12-16T00:54:00Z,41,61 30 26 34 59 73 23 48 4 14 72 66 36 11 56 46 22 58 16 69,evens,regular,3
2022-12-16T00:57:00Z,42,33 69 73 30 27 45 22 31 55 67 52 74 38 42 71 66 35 60 7 36,tails,regular,2
2022-12-16T01:00:00Z,44,22 16 20 59 5 49 45 2 62 44 77 55 48 79 35 51 46 67 31 76,tails,minor,2
2022-12-16T01:03:00Z,45,5 43 17 20 13 14 64 60 51 52 40 26 16 50 33 54 47 18 44 15,heads,minor,1
2022-12-16T01:06:00Z,46,62 5 64 50 4 53 42 75 1 74 15 69 28 18 54 13 77 44 38 58,tails,minor,2
2022-12-16T01:09:00Z,47,40 10 33 50 49 48 71 14 26 32 68 15 9 62 73 35 3 70 18 59,heads,major,1
2022-12-16T01:12:00Z,48,57 11 15 4 65 61 73 36 77 41 7 67 60 19 10 42 8 28 55 18,evens,regular,5
2022-12-16T01:15:00Z,49,20 61 34 74 7 14 64 77 55 5 44 58 17 71 11 6 60 25 3 32,heads,regular,2
2022-12-16T01:18:00Z,50,36 55 68 2 12 74 60 41 48 72 7 30 33 38 53 50 46 6 3 67,tails,regular,2
2022-12-16T01:21:00Z,51,16 23 10 5 80 68 4 49 67 14 69 21 45 39 41 46 1 36 77 31,heads,minor,2
2022-12-16T01:24:00Z,53,49 18 8 1 12 78 74 75 46 55 14 77 41 17 44 9 5 76 10 48,tails,regular,3
2022-12-16T01:27:00Z,54,37 3 45 29 18 35 39 40 77 1 74 65 66 69 72 23 68 76 36 46,evens,minor,1
2022-12-16T01:30:00Z,55,32 36 52 39 40 11 44 30 12 66 5 13 65 17 67 46 42 76 43 18,heads,regular,5
2022-12-16T01:33:00Z,56,56 27 10 19 7 63 73 11 6 68 53 3 57 74 51 69 78 80 24 45,tails,minor,1
2022-12-16T01:36:00Z,57,66 68 45 51 47 50 12 72 5 24 19 73 78 54 4 69 61 40 34 20,tails,minor,1
2022-12-16T01:39:00Z,58,1 2 55 61 22 62 76 7 25 24 5 29 65 64 58 70 19 35 34 69,heads,regular,1
2022-12-16T01:42:00Z,59,11 68 14 60 73 28 69 22 74 39 65 26 55 34 2 54 76 77 56 10,tails,minor,3
2022-12-16T01:45:00Z,60,28 20 36 52 2 37 46 35 24 73 3 53 44 4 65 17 8 61 16 63,heads,regular,2
2022-12-16T01:48:00Z,62,76 53 31 47 68 17 48 60 32 24 12 11 69 78 74 36 35 65 46 14,tails,regular,2
2022-12-16T01:51:00Z,63,78 47 52 46 28 17 48 16 38 8 29 27 1 10 73 75 21 36 80 39,heads,minor,4
2022-12-16T01:54:00Z,64,65 23 67 18 17 77 74 46 1 20 29 78 62 28 6 42 55 70 31 5,evens,minor,2
2022-12-16T01:57:00Z,65,28 43 33 31 7 41 15 48 68 2 63 77 52 24 80 69 62 53 35 59,tails,major,1
2022-12-16T02:00:00Z,66,44 66 39 74 30 9 5 63 76 75 54 13 65 31 56 19 27 26 51 33,evens,minor,3
2022-12-16T02:03:00Z,67,61 79 67 14 31 25 32 27 33 47 54 35 1 57 66 75 16 21 56 11,heads,minor,1
2022-12-16T02:06:00Z,68,73 30 47 18 4 10 27 40 6 36 64 75 65 61 52 77 42 28 76 74,tails,regular,1
2022-12-16T02:09:00Z,69,21 37 28 5 8 44 74 41 40 63 10 65 67 59 71 15 75 35 50 76,tails,regular,1
2022-12-16T02:12:00Z,71,34 52 36 13 69 27 54 17 71 70 80 66 18 8 53 45 37 3 61 63,tails,minor,1
2022-12-16T02:15:00Z,72,66 78 37 22 27 75 63 28 67 23 18 60 6 4 2 19 25 54 41 71,heads,regular,1
2022-12-16T02:18:00Z,73,40 71 79 20 67 42 52 17 54 75 31 70 73 49 46 58 56 9 23 37,tails,regular,1
2022-12-16T02:21:00Z,74,61 22 8 23 9 21 34 53 71 5 48 17 59 52 70 45 28 50 54 35,evens,regular,1
2022-12-16T02:24:00Z,75,2 59 58 16 6 7 47 64 48 55 11 42 76 33 67 1 3 60 31 44,tails,minor,1
2022-12-16T02:27:00Z,76,19 31 36 58 56 46 4 27 20 34 21 65 29 71 28 42 45 13 17 12,heads,regular,1
2022-12-16T02:30:00Z,77,33 17 4 2 39 26 70 65 59 47 36 29 51 40 46 55 43 76 21 35,heads,regular,3
2022-12-16T02:33:00Z,78,77 19 43 33 71 42 29 49 36 40 31 37 50 67 47 48 34 51 28 3,evens,minor,1
2022-12-16T02:36:00Z,80,80 46 11 34 28 44 73 71 30 48 78 35 5 49 9 77 38 41 20 1,evens,regular,1
2022-12-16T02:39:00Z,81,54 24 11 59 40 17 75 46 12 58 32 5 57 23 27 45 10 61 69 13,heads,regular,2
2022-12-16T02:42:00Z,82,65 15 60 18 30 55 63 49 57 19 53 2 47 8 6 35 56 42 43 72,tails,regular,2
2022-12-16T02:45:00Z,83,26 13 44 49 3 52 29 78 76 77 42 37 61 48 41 39 10 21 17 57,tails,regular,1
2022-12-16T02:48:00Z,84,1 78 75 9 13 32 53 27 49 8 41 48 58 36 77 6 57 51 76 33,tails,regular,1
2022-12-16T02:51:00Z,85,22 76 29 33 73 19 18 50 12 68 23 61 41 64 46 65 20 45 80 39,tails,regular,1
2022-12-16T02:54:00Z,86,22 44 70 75 31 71 61 64 49 7 52 16 29 72 36 58 39 60 24 51,tails,minor,3
2022-12-16T02:57:00Z,87,47 7 53 38 52 21 74 75 26 18 8 66 64 19 36 1 46 28 35 17,heads,regular,2
2022-12-16T03:00:00Z,89,20 35 67 12 42 77 56 41 70 61 24 55 10 27 39 45 40 30 53 32,evens,regular,2
2022-12-16T03:03:00Z,90,73 28 41 62 59 40 8 21 74 67 12 76 70 2 11 38 55 7 54 20,evens,regular,1
2022-12-16T03:06:00Z,91,34 12 71 1 25 14 60 56 21 9 54 11 51 58 24 10 28 79 3 73,heads,regular,1
2022-12-16T03:09:00Z,92,19 53 80 3 16 77 72 50 17 32 34 78 73 10 59 7 27 4 23 67,heads,regular,2
2022-12-16T03:12:00Z,93,60 69 5 30 27 50 24 9 55 65 39 46 7 20 41 79 36 75 74 68,tails,regular,1
2022-12-16T03:15:00Z,94,41 23 25 79 44 67 80 57 38 68 37 78 50 14 43 7 77 76 16 9,tails,regular,1
2022-12-16T03:18:00Z,95,73 79 15 29 4 74 37 69 64 75 43 76 63 54 24 10 71 14 16 42,tails,major,5
2022-12-16T03:21:00Z,96,41 6 17 76 18 60 44 34 77 14 22 10 63 48 71 27 2 15 37 20,heads,regular,2
2022-12-16T03:24:00Z,98,78 3 52 21 41 65 18 9 50 67 38 26 57 15 55 43 44 47 8 4,tails,regular,1
2022-12-16T03:27:00Z,99,37 16 9 36 49 19 63 67 29 79 2 65 51 25 76 54 78 60 38 55,tails,regular,1
2022-12-16T03:30:00Z,100,34 41 39 28 12 16 71 22 67 8 1 42 48 5 75 57 45 9 54 20,heads,regular,1
2022-12-16T03:33:00Z,101,24 64 6 70 78 56 7 69 41 21 19 47 43 67 57 38 14 26 65 33,tails,regular,2
2022-12-16T03:36:00Z,102,13 79 36 76 26 49 68 44 1 74 45 48 75 42 64 39 14 11 50 56,tails,minor,1
2022-12-16T03:39:00Z,103,35 3 21 54 41 25 63 72 9 13 15 6 65 12 1 78 49 76 51 56,evens,minor,3
2022-12-16T03:42:00Z,104,2 28 55 67 68 47 41 10 66 50 65 23 35 21 26 62 61 15 18 52,tails,regular,1
2022-12-16T03:45:00Z,105,16 75 68 21 45 69 15 65 60 35 73 2 48 50 76 23 51 11 32 47,tails,regular,2
2022-12-16T03:48:00Z,107,68 31 34 35 18 45 5 32 62 78 40 2 49 26 44 46 16 79 10 17,heads,regular,1
2022-12-16T03:51:00Z,108,10 39 51 47 12 45 44 66 48 28 24 26 62 72 4 80 42 60 35 50,tails,regular,2
2022-12-16T03:54:00Z,109,50 80 37 43 14 44 57 13 17 1 6 28 29 34 48 72 59 22 66 19,heads,minor,3
2022-12-16T03:57:00Z,110,45 28 58 67 25 56 18 42 32 65 51 72 26 80 77 41 2 29 54 12,tails,regular,2
2022-12-16T04:00:00Z,111,23 6 26 55 17 80 59 44 35 64 71 16 10 8 29 52 21 30 40 62,heads,minor,3
2022-12-16T04:03:00Z,112,77 27 31 53 69 71 46 45 62 10 2 59 47 57 20 21 68 30 40 61,tails,regular,2
2022-12-16T04:06:00Z,113,39 49 11 15 51 31 12 40 52 34 72 25 48 1 77 32 21 38 71 55,heads,regular,3
2022-12-16T04:09:00Z,114,44 36 46 1 48 70 77 50 66 53 57 33 11 73 17 49 52 25 39 16,tails,regular,3
2022-12-16T04:12:00Z,116,58 48 34 35 51 32 68 80 9 52 24 47 15 54 76 69 31 78 75 37,tails,minor,1
2022-12-16T04:15:00Z,117,16 21 43 9 63 8 65 35 55 79 72 41 44 80 3 47 1 7 11 73,tails,regular,1
2022-12-16T04:18:00Z,118,53 60 77 40 69 12 36 45 34 58 50 55 5 10 65 31 20 51 18 54,tails,regular,2
2022-12-16T04:21:00Z,119,3 1 19 36 2 4 31 73 14 75 55 63 8 67 52 6 59 32 16 49,heads,regular,3
2022-12-16T04:24:00Z,120,43 77 20 72 54 30 63 76 59 24 14 10 46 31 21 28 69 64 25 34,evens,regular,2
2022-12-16T04:27:00Z,121,18 28 6 52 11 78 22 5 29 25 20 33 7 27 32 63 79 23 66 54,heads,regular,1
2022-12-16T04:30:00Z,122,7 3 21 63 45 39 68 57 15 43 44 19 69 11 46 9 18 36 8 61,heads,minor,1
2022-12-16T04:33:00Z,123,50 77 55 6 51 69 15 53 4 11 32 36 10 72 14 34 47 80 60 65,tails,regular,3
2022-12-16T04:36:00Z,125,4 63 16 80 13 47 7 8 32 66 15 65 11 79 67 28 33 20 31 48,heads,regular,1
2022-12-16T04:39:00Z,126,22 14 13 42 11 33 69 80 77 26 61 23 12 39 44 59 29 72 36 71,heads,regular,3
2022-12-16T04:42:00Z,127,72 2 23 24 78 45 40 49 43 80 1 9 8 61 12 69 13 73 29 28,heads,regular,1
2022-12-16T04:45:00Z,128,33 44 61 70 75 67 11 9 15 10 65 80 29 28 24 38 77 68 6 36,heads,regular,2
2022-12-16T04:48:00Z,129,75 80 1 70 14 40 33 74 48 8 49 63 51 26 6 45 57 30 39 59,tails,minor,2
2022-12-16T04:51:00Z,130,42 35 33 23 64 58 76 60 71 78 46 45 50 57 69 26 13 66 6 65,tails,regular,2
2022-12-16T04:54:00Z,131,22 50 74 44 3 14 45 7 73 68 4 21 75 65 47 53 29 26 69 28,tails,regular,2
2022-12-16T04:57:00Z,132,26 33 21 15 35 64 18 39 14 75 8 59 73 40 54 65 3 1 79 74,heads,regular,3
2022-12-16T05:00:00Z,134,33 49 76 79 68 2 23 16 55 42 37 36 21 38 10 18 77 32 58 25,heads,regular,2
2022-12-16T05:03:00Z,135,21 52 41 77 51 63 62 69 35 65 50 61 68 16 27 36 5 42 13 12,tails,regular,1
2022-12-16T05:06:00Z,136,49 12 74 31 64 38 51 39 14 75 6 79 50 18 13 55 47 33 70 45,tails,regular,3
2022-12-16T05:09:00Z,137,28 62 6 39 1 38 58 24 36 37 71 2 56 59 52 69 43 27 23 29,heads,minor,2
2022-12-16T05:12:00Z,138,68 38 3 9 5 60 12 63 14 40 64 47 37 56 36 48 52 51 18 62,evens,regular,1
2022-12-16T05:15:00Z,139,44 15 67 38 25 33 14 29 58 5 70 1 16 36 26 62 69 46 61 21,heads,regular,1
2022-12-16T05:18:00Z,140,55 67 28 80 20 44 61 69 48 25 70 43 37 22 5 45 17 74 6 56,tails,major,3
2022-12-16T05:21:00Z,141,55 62 67 17 14 3 35 52 36 38 37 32 57 26 50 31 34 9 63 19,heads,regular,1
2022-12-16T05:24:00Z,143,59 72 32 18 3 10 55 25 63 68 23 77 52 47 73 62 15 19 14 21,evens,minor,1
2022-12-16T05:27:00Z,144,55 49 31 24 57 32 73 22 47 6 3 37 69 56 79 75 27 58 29 77,tails,regular,2
2022-12-16T05:30:00Z,145,41 11 59 32 28 60 3 15 71 57 20 36 52 37 8 51 26 61 34 73,heads,regular,2
2022-12-16T05:33:00Z,146,5 78 3 30 63 66 8 72 17 13 36 11 42 69 62 57 35 16 65 25,heads,regular,1
2022-12-16T05:36:00Z,147,32 26 43 46 7 33 73 15 69 22 40 37 71 28 35 27 60 1 79 50,heads,regular,3
2022-12-16T05:39:00Z,148,65 38 19 66 8 41 34 61 58 72 56 29 77 75 28 48 55 13 25 59,tails,regular,10
2022-12-16T05:42:00Z,149,25 51 9 63 5 61 46 23 3 79 11 69 76 4 2 68 78 56 45 60,tails,regular,1
2022-12-16T05:45:00Z,150,55 51 74 46 76 4 15 18 19 25 13 71 27 42 77 9 72 8 31 52,evens,major,1
2022-12-16T05:48:00Z,152,10 11 55 44 38 19 23 18 77 59 14 64 2 1 71 70 21 61 66 42,evens,minor,2
2022-12-16T05:51:00Z,153,24 32 29 34 51 77 23 6 30 79 46 22 64 58 21 56 7 61 49 33,heads,minor,1
2022-12-16T05:54:00Z,154,18 67 40 46 37 13 48 58 20 45 73 64 66 79 23 61 69 24 34 31,tails,minor,3
2022-12-16T05:57:00Z,155,45 42 34 75 32 44 76 35 59 77 51 46 39 55 19 7 36 80 74 41,tails,regular,1
2022-12-16T06:00:00Z,156,34 7 38 46 32 45 17 75 14 8 48 18 77 16 61 71 12 68 80 79,evens,regular,2
2022-12-16T06:03:00Z,157,53 45 25 52 5 2 29 73 44 70 17 14 24 69 27 64 18 41 77 71,tails,regular,1
2022-12-16T06:06:00Z,158,7 41 29 14 5 11 66 51 63 24 55 53 56 54 70 18 68 15 45 25,tails,regular,3
2022-12-16T06:09:00Z,159,30 20 55 31 60 29 15 1 7 68 70 41 47 27 36 35 25 5 2 38,heads,regular,10
2022-12-16T06:12:00Z,161,53 8 69 35 62 22 40 2 37 72 11 77 18 51 68 76 49 19 43 56,tails,minor,2
2022-12-16T06:15:00Z,162,24 48 71 26 46 12 60 69 68 73 11 33 15 55 23 9 31 25 6 79,heads,minor,2
2022-12-16T06:18:00Z,163,59 65 66 77 30 13 49 40 18 55 67 45 24 32 23 42 68 39 48 31,tails,regular,3
2022-12-16T06:21:00Z,164,50 65 35 52 61 8 51 54 10 33 21 30 7 59 67 58 46 1 40 66,tails,minor,2
2022-12-16T06:24:00Z,165,60 24 23 29 75 5 54 17 57 47 27 78 19 2 16 70 58 53 31 14,heads,regular,1
2022-12-16T06:27:00Z,166,19 3 13 6 27 20 48 8 76 37 7 67 54 65 42 15 59 41 39 80,heads,regular,3
2022-12-16T06:30:00Z,167,3 33 5 7 26 13 9 71 34 55 80 70 78 23 35 14 65 45 24 17,heads,regular,3
2022-12-16T06:33:00Z,168,32 29 79 51 37 13 8 27 76 4 55 73 53 7 16 41 54 3 12 44,heads,regular,2
2022-12-16T06:36:00Z,170,46 59 54 4 72 6 70 8 45 43 10 38 75 16 32 76 80 40 1 49,tails,regular,3
2022-12-16T06:39:00Z,171,17 35 6 42 14 19 13 12 26 2 60 11 24 52 15 46 74 44 22 45,heads,regular,1
2022-12-16T06:42:00Z,172,67 31 53 17 75 23 51 64 1 46 22 37 80 76 33 18 34 39 77 41,evens,regular,2
2022-12-16T06:45:00Z,173,2 44 54 21 55 15 58 20 6 75 57 27 51 71 78 73 31 1 68 63,tails,regular,3
2022-12-16T06:48:00Z,174,64 51 63 42 41 39 52 23 4 56 10 21 65 77 17 28 40 50 58 33,tails,regular,1
2022-12-16T06:51:00Z,175,31 8 14 7 60 40 54 42 52 51 75 10 2 77 16 64 72 22 79 25,evens,regular,2
2022-12-16T06:54:00Z,176,11 34 72 10 16 60 67 65 76 61 50 39 4 1 57 54 5 23 41 73,tails,regular,2
2022-12-16T06:57:00Z,177,41 80 50 21 19 73 51 29 1 4 26 10 63 70 45 48 3 66 8 68,tails,regular,2
2022-12-16T07:00:00Z,179,13 35 74 68 51 50 69 43 53 21 42 48 10 32 72 28 26 73 39 27,tails,minor,1
2022-12-16T07:03:00Z,180,15 72 65 79 58 38 62 59 30 78 55 67 66 7 68 28 46 64 17 16,tails,regular,1
2022-12-16T07:06:00Z,181,30 25 26 75 48 11 78 52 54 38 10 37 46 14 60 55 69 34 7 59,evens,regular,1
2022-12-16T07:09:00Z,182,34 35 27 67 33 77 44 2 61 55 53 63 80 16 62 39 79 5 59 68,tails,regular,2
2022-12-16T07:12:00Z,183,19 16 48 33 44 3 27 65 5 29 77 24 66 13 78 40 53 62 35 61,heads,regular,2
2022-12-16T07:15:00Z,184,51 42 54 58 25 77 15 32 76 4 66 21 11 46 43 75 79 35 5 74,tails,minor,2
2022-12-16T07:18:00Z,185,36 12 63 21 53 59 29 71 3 16 37 80 24 10 41 40 54 27 19 65,heads,minor,2
2022-12-16T07:21:00Z,186,36 8 30 68 29 41 52 58 48 21 12 2 65 80 51 73 5 35 70 49,tails,regular,3
2022-12-16T07:24:00Z,188,55 24 25 3 28 49 13 75 11 51 21 77 19 42 68 9 71 17 69 58,evens,major,1
2022-12-16T07:27:00Z,189,73 76 9 6 11 60 18 41 44 42 79 21 40 28 78 5 39 14 37 12,heads,regular,1
2022-12-16T07:30:00Z,190,55 28 44 64 68 61 72 24 69 20 36 65 59 11 18 50 79 46 45 73,tails,regular,1
2022-12-16T07:33:00Z,191,50 37 25 72 13 27 71 22 4 56 59 15 18 74 77 30 1 43 28 26,heads,minor,3
2022-12-16T07:36:00Z,192,53 33 38 9 40 67 47 75 19 58 63 64 26 44 51 39 17 69 14 65,tails,regular,3
2022-12-16T07:39:00Z,193,73 43 55 66 70 80 74 56 50 22 16 57 72 69 27 38 24 52 64 58,tails,minor,10
2022-12-16T07:42:00Z,194,65 70 38 53 29 66 48 18 36 37 24 33 52 10 46 62 11 26 44 74,evens,regular,10
2022-12-16T07:45:00Z,195,25 54 9 42 51 28 15 48 74 68 23 36 61 47 79 29 69 59 35 71,tails,regular,1
2022-12-16T07:48:00Z,197,16 3 24 60 43 56 35 45 23 18 65 66 6 76 44 64 39 41 1 31,evens,regular,3
2022-12-16T07:51:00Z,198,8 69 24 12 33 4 3 41 31 60 55 59 2 71 16 38 80 77 37 68,heads,major,1
2022-12-16T07:54:00Z,199,71 10 2 17 45 35 26 67 56 64 48 58 61 65 12 34 43 6 50 25,tails,regular,2
2022-12-16T07:57:00Z,200,51 49 78 70 23 39 57 66 12 72 74 56 46 28 18 75 52 58 55 59,tails,regular,2
2022-12-16T08:00:00Z,201,17 32 9 57 36 8 22 45 64 29 55 12 34 51 39 63 75 2 18 69,heads,regular,1
2022-12-16T08:03:00Z,202,19 4 67 8 1 75 59 52 76 56 70 40 17 46 2 35 36 50 57 14,evens,minor,2
2022-12-16T08:06:00Z,203,48 52 53 74 68 9 39 36 19 8 14 1 80 70 16 11 26 6 58 33,heads,minor,10
2022-12-16T08:09:00Z,204,64 77 50 37 55 22 72 20 6 67 48 66 34 46 17 69 79 51 49 44,tails,minor,1
2022-12-16T08:12:00Z,206,51 22 36 20 44 57 41 66 49 21 2 10 79 30 26 58 16 68 12 48,evens,regular,3
2022-12-16T08:15:00Z,207,31 24 25 46 29 55 79 32 44 78 71 20 61 63 60 35 5 17 68 34,evens,minor,1
2022-12-16T08:18:00Z,208,16 43 72 38 63 13 79 15 60 73 9 52 37 12 69 20 67 29 78 77,tails,regular,1
2022-12-16T08:21:00Z,209,70 25 74 26 65 9 40 66 72 3 29 49 21 53 17 80 75 77 1 20,evens,major,3
2022-12-16T08:24:00Z,210,72 62 61 60 31 36 53 73 64 54 35 24 68 46 49 5 42 80 1 65,tails,regular,3
2022-12-16T08:27:00Z,211,54 26 49 22 27 62 79 29 3 56 7 61 17 16 2 36 77 15 21 68,heads,minor,5
2022-12-16T08:30:00Z,212,5 15 13 49 26 33 51 37 24 9 80 74 4 19 7 40 8 46 43 63,heads,minor,3
2022-12-16T08:33:00Z,213,61 19 69 30 39 55 16 45 47 14 20 68 73 46 59 44 78 74 17 62,tails,regular,10
2022-12-16T08:36:00Z,215,51 43 36 23 35 42 75 50 18 16 66 52 27 17 37 69 5 13 44 38,heads,regular,3
2022-12-16T08:39:00Z,216,48 28 76 29 9 60 72 57 27 16 35 41 6 34 42 64 14 12 62 17,heads,regular,2
2022-12-16T08:42:00Z,217,2 30 35 1 13 32 66 59 14 11 26 46 48 7 56 57 42 50 22 33,heads,regular,3
2022-12-16T08:45:00Z,218,65 44 58 66 17 6 78 35 14 11 21 42 73 63 47 19 28 3 54 80,tails,regular,3
2022-12-16T08:48:00Z,219,33 17 37 32 48 14 40 69 68 16 35 51 39 71 57 62 26 10 30 77,heads,minor,1
2022-12-16T08:51:00Z,220,35 73 78 27 28 30 66 2 46 74 36 9 6 62 37 38 15 65 53 26,heads,major,2
2022-12-16T08:54:00Z,221,58 27 42 46 70 22 24 73 67 19 49 54 23 77 26 34 47 37 62 48,tails,regular,1
2022-12-16T08:57:00Z,222,14 67 31 46 30 21 26 33 69 7 58 38 43 45 24 23 74 10 62 77,heads,regular,2
2022-12-16T09:00:00Z,224,40 65 63 48 27 17 42 39 15 64 22 51 45 68 69 31 8 9 44 13,evens,regular,2
2022-12-16T09:03:00Z,225,17 68 55 11 23 14 65 28 30 42 32 43 25 69 4 29 3 2 33 24,heads,major,3
2022-12-16T09:06:00Z,226,31 73 71 14 49 62 58 66 74 38 45 41 29 64 1 8 39 2 22 50,tails,regular,1
2022-12-16T09:09:00Z,227,41 79 23 56 2 48 42 33 38 77 32 13 6 16 72 50 3 69 37 26,heads,minor,3
2022-12-16T09:12:00Z,228,52 79 77 48 39 44 70 49 27 62 73 46 35 43 57 56 47 13 31 22,tails,minor,3
2022-12-16T09:15:00Z,229,2 17 68 56 34 20 22 18 6 75 73 23 71 14 51 7 69 5 54 59,heads,regular,3
2022-12-16T09:18:00Z,230,14 12 20 60 13 28 32 37 52 62 35 56 15 57 23 5 45 70 55 21,heads,regular,3
2022-12-16T09:21:00Z,231,16 22 66 72 74 58 61 8 48 78 13 59 18 7 60 77 4 36 35 65,tails,minor,1
2022-12-16T09:24:00Z,233,24 55 56 79 60 5 77 80 72 16 6 26 27 47 9 36 8 14 15 54,heads,minor,2
2022-12-16T09:27:00Z,234,57 79 49 66 58 63 39 67 12 1 73 52 21 41 34 40 48 65 56 61,tails,minor,3
2022-12-16T09:30:00Z,235,25 77 70 17 79 19 63 22 50 71 40 39 44 49 24 57 1 56 12 48,tails,regular,3
2022-12-16T09:33:00Z,236,38 33 5 56 53 6 49 20 39 71 11 60 16 30 31 64 41 61 73 54,evens,minor,2
2022-12-16T09:36:00Z,237,23 55 71 72 44 49 69 57 33 1 18 36 46 60 58 73 29 20 7 56,tails,minor,1
2022-12-16T09:39:00Z,238,63 76 77 6 34 32 18 62 3 59 20 49 72 64 45 21 16 40 68 56,tails,regular,3
2022-12-16T09:42:00Z,239,14 43 37 52 40 3 6 46 49 24 50 33 63 2 51 19 71 23 9 62,heads,minor,1
2022-12-16T09:45:00Z,240,59 63 71 49 50 56 25 51 69 23 66 43 10 70 6 79 18 78 8 73,tails,regular,1
2022-12-16T09:48:00Z,242,44 80 62 36 37 32 47 18 74 42 1 72 34 57 6 53 10 7 50 29,evens,regular,2
2022-12-16T09:51:00Z,243,80 31 52 39 72 19 36 38 66 25 13 4 45 63 55 71 1 44 41 16,evens,minor,2
2022-12-16T09:54:00Z,244,5 29 74 14 7 51 62 63 12 48 21 4 20 11 53 36 38 15 78 60,heads,major,2
2022-12-16T09:57:00Z,245,16 4 74 6 38 21 53 51 45 31 62 22 1 63 17 8 72 47 37 52,heads,regular,3
2022-12-16T10:00:00Z,246,32 10 55 30 40 54 78 49 53 31 75 11 23 9 5 36 20 67 12 71,heads,regular,3
2022-12-16T10:03:00Z,247,27 39 63 26 9 16 48 23 19 34 37 71 14 42 4 55 22 8 1 31,heads,regular,1
2022-12-16T10:06:00Z,248,44 71 48 18 38 70 66 43 59 78 1 8 45 68 28 74 61 37 15 23,tails,minor,1
2022-12-16T10:09:00Z,249,78 67 35 4 1 44 62 43 49 53 74 52 60 26 41 54 33 61 29 58,tails,regular,3
2022-12-16T10:12:00Z,251,29 37 39 18 43 54 67 73 78 11 24 40 20 13 36 65 59 71 14 35,heads,minor,3
2022-12-16T10:15:00Z,252,69 64 60 28 46 27 71 12 45 29 3 73 34 13 56 44 17 24 18 4,heads,regular,1
2022-12-16T10:18:00Z,253,3 38 47 1 70 8 32 35 80 54 18 10 26 69 25 4 17 22 77 33,heads,regular,1
2022-12-16T10:21:00Z,254,26 17 38 11 20 60 71 36 79 1 24 48 30 52 18 72 28 31 6 39,heads,regular,3
2022-12-16T10:24:00Z,255,62 79 53 66 41 77 15 75 40 36 22 8 32 44 16 33 20 58 69 2,evens,major,4
2022-12-16T10:27:00Z,256,20 59 56 68 62 31 5 21 26 50 15 7 71 70 25 48 1 51 33 23,heads,minor,2
2022-12-16T10:30:00Z,257,58 47 51 40 3 59 41 37 4 20 72 19 80 12 45 22 16 74 30 75,evens,minor,10
2022-12-16T10:33:00Z,258,41 24 17 19 52 47 20 58 9 68 2 76 13 40 51 22 25 27 5 61,heads,regular,1
2022-12-16T10:36:00Z,260,28 72 4 56 27 44 50 9 42 12 19 26 15 47 24 80 23 58 74 5,heads,regular,1
2022-12-16T10:39:00Z,261,37 58 6 50 61 20 53 56 39 76 65 7 74 75 72 69 28 80 71 10,tails,regular,1
2022-12-16T10:42:00Z,262,80 42 23 50 60 69 34 58 40 75 22 10 38 25 21 45 13 17 52 53,evens,major,1
2022-12-16T10:45:00Z,263,36 57 33 8 2 48 65 59 39 14 24 5 67 62 64 56 47 60 45 29,tails,regular,1
2022-12-16T10:48:00Z,264,35 55 37 51 33 63 39 25 48 18 70 80 5 44 29 61 75 15 47 26,evens,minor,3
2022-12-16T10:51:00Z,265,10 64 59 54 38 80 9 26 79 12 60 43 45 71 20 34 37 11 42 22,evens,regular,3
2022-12-16T10:54:00Z,266,38 46 70 54 55 61 20 77 34 33 24 60 72 53 79 2 66 68 47 80,tails,minor,1
2022-12-16T10:57:00Z,267,37 3 40 71 38 42 41 35 21 18 1 72 16 36 68 13 24 56 53 14,heads,regular,5
2022-12-16T11:00:00Z,269,34 66 15 42 52 60 30 43 25 6 13 68 24 54 14 2 80 71 41 26,evens,minor,2
2022-12-16T11:03:00Z,270,17 55 77 58 27 14 38 49 53 29 57 61 74 78 5 3 34 60 70 8,tails,regular,3
2022-12-16T11:06:00Z,271,19 29 61 44 43 55 50 73 36 54 40 66 24 57 7 47 4 17 35 22,evens,regular,1
2022-12-16T11:09:00Z,272,36 66 52 79 80 78 27 42 19 58 40 44 39 3 75 32 67 64 38 14,tails,major,3
2022-12-16T11:12:00Z,273,52 12 49 14 70 26 47 11 54 32 4 74 80 41 15 39 36 16 9 5,heads,regular,1
2022-12-16T11:15:00Z,274,80 38 46 62 36 1 14 74 58 45 73 66 26 34 78 43 52 68 30 72,tails,regular,2
2022-12-16T11:18:00Z,275,27 42 20 48 64 40 32 18 79 71 56 30 67 41 43 66 45 58 49 14,tails,minor,1
2022-12-16T11:21:00Z,276,24 45 77 67 58 57 68 35 48 63 36 33 37 49 32 78 80 1 69 51,tails,regular,3
2022-12-16T11:24:00Z,278,32 66 7 3 23 48 52 74 14 28 33 30 17 15 57 56 59 36 5 27,heads,minor,1
2022-12-16T11:27:00Z,279,21 54 46 61 68 1 79 65 55 72 50 28 38 25 7 2 19 29 42 33,evens,regular,2
2022-12-16T11:30:00Z,280,74 18 29 45 34 56 16 41 67 28 4 23 13 22 26 49 53 59 73 12,heads,minor,2
2022-12-16T11:33:00Z,281,55 61 8 69 68 4 28 44 79 51 40 16 10 19 21 1 75 78 37 43,evens,regular,1
2022-12-16T11:36:00Z,282,71 30 2 13 29 42 70 69 25 23 14 44 12 20 61 15 65 72 21 63,heads,regular,3
2022-12-16T11:39:00Z,283,10 5 28 50 68 47 19 36 11 24 46 75 8 32 39 1 33 25 51 65,heads,regular,1
2022-12-16T11:42:00Z,284,38 40 14 52 67 49 59 55 23 72 13 71 25 51 32 75 26 77 31 10,evens,regular,2
2022-12-16T11:45:00Z,285,73 74 63 43 53 65 64 11 79 56 69 27 38 52 44 41 80 30 54 51,tails,regular,3
2022-12-16T11:48:00Z,287,78 22 14 1 15 75 40 80 20 67 11 8 27 66 29 36 71 45 26 79,heads,regular,2
2022-12-16T11:51:00Z,288,71 23 2 68 17 58 80 19 8 69 29 3 11 61 72 26 32 31 37 5,heads,major,1
2022-12-16T11:54:00Z,289,53 64 24 23 7 42 13 28 17 4 6 78 66 19 36 35 80 39 26 77,heads,regular,1
2022-12-16T11:57:00Z,290,55 42 2 17 73 80 11 26 52 54 44 75 56 41 32 1 77 25 27 49,tails,regular,2
2022-12-16T12:00:00Z,291,20 44 25 24 11 58 9 21 61 77 1 66 47 6 76 65 73 48 33 12,evens,regular,2
2022-12-16T12:03:00Z,292,13 53 12 2 25 56 3 60 70 23 4 28 79 1 66 18 49 5 52 35,heads,regular,3
2022-12-16T12:06:00Z,293,17 2 55 33 5 30 49 36 28 56 1 43 66 69 63 60 47 7 32 34,heads,regular,1
2022-12-16T12:09:00Z,294,70 48 24 25 57 31 62 74 42 23 71 47 80 75 26 54 41 7 17 10,tails,regular,1
2022-12-16T12:12:00Z,296,17 42 24 60 51 6 66 18 16 45 77 44 41 26 46 36 62 61 70 28,tails,regular,2
2022-12-16T12:15:00Z,297,76 3 78 45 9 18 40 55 14 4 13 22 2 42 33 11 32 36 63 67,heads,regular,2
2022-12-16T12:18:00Z,298,78 11 10 21 50 55 8 29 36 46 44 22 12 5 75 54 39 35 49 66,heads,minor,3
2022-12-16T12:21:00Z,299,41 31 44 15 39 76 43 77 80 25 37 21 6 45 20 57 17 16 9 34,heads,regular,1
2022-12-16T12:24:00Z,300,11 71 28 66 17 51 22 30 5 47 64 34 61 40 72 53 21 67 78 79,tails,regular,2
2022-12-16T12:27:00Z,301,71 3 63 45 46 54 20 76 29 14 27 38 9 31 57 53 78 11 59 50,tails,regular,1
2022-12-16T12:30:00Z,302,24 45 41 68 12 57 61 7 20 31 42 3 16 14 30 26 15 1 43 69,heads,minor,3
2022-12-16T12:33:00Z,303,26 73 15 1 4 28 51 46 58 10 21 41 20 31 37 43 22 7 67 52,heads,regular,1
2022-12-16T12:36:00Z,305,63 39 70 32 49 44 19 9 7 29 43 55 51 45 65 62 33 30 69 35,tails,regular,2
2022-12-16T12:39:00Z,306,80 62 1 37 38 15 39 76 73 41 68 28 60 10 25 44 54 11 72 8,evens,regular,10
2022-12-16T12:42:00Z,307,34 61 68 17 42 54 75 73 46 2 21 77 9 66 12 67 55 45 43 23,tails,major,1
2022-12-16T12:45:00Z,308,73 52 79 10 47 71 33 66 9 40 3 11 6 17 77 38 15 13 75 69,heads,regular,3
2022-12-16T12:48:00Z,309,56 10 64 60 44 28 58 80 71 78 67 45 49 42 59 5 26 14 15 25,tails,regular,2
2022-12-16T12:51:00Z,310,74 33 54 9 6 14 40 42 45 32 44 35 13 49 15 18 65 10 62 56,heads,regular,3
2022-12-16T12:54:00Z,311,41 2 60 47 78 73 9 64 53 51 16 26 27 55 11 5 32 3 69 43,tails,regular,1
2022-12-16T12:57:00Z,312,51 27 40 3 30 23 72 38 18 69 70 62 39 14 47 19 48 71 21 49,heads,minor,2
2022-12-16T13:00:00Z,314,38 64 17 30 48 65 61 29 50 71 19 79 33 66 8 74 20 1 55 42,tails,regular,3
2022-12-16T13:03:00Z,315,11 66 12 73 32 31 74 5 65 30 57 79 43 49 2 3 29 77 13 78,evens,minor,3
2022-12-16T13:06:00Z,316,1 77 73 61 6 7 57 28 40 34 72 80 29 27 3 10 18 22 79 2,heads,regular,3
2022-12-16T13:09:00Z,317,27 69 37 72 59 28 29 51 13 40 58 67 48 52 34 3 10 17 49 80,evens,regular,2
2022-12-16T13:12:00Z,318,1 71 29 41 44 75 15 43 28 74 36 22 58 42 9 3 48 33 77 30,evens,regular,3
2022-12-16T13:15:00Z,319,10 30 51 46 26 70 9 45 61 50 58 66 79 60 27 54 34 39 12 18,tails,regular,2
2022-12-16T13:18:00Z,320,15 28 59 60 44 61 17 35 57 20 47 65 73 36 21 29 56 6 26 42,evens,regular,1
2022-12-16T13:21:00Z,321,38 36 70 79 71 75 3 41 22 73 52 13 17 62 18 35 47 4 74 45,tails,regular,2
2022-12-16T13:24:00Z,323,25 52 46 71 75 36 1 28 70 14 65 74 42 13 78 77 32 3 66 11,tails,regular,1
2022-12-16T13:27:00Z,324,63 23 67 3 28 72 34 52 44 30 1 59 70 25 79 48 11 18 27 50,evens,regular,3
2022-12-16T13:30:00Z,325,33 66 25 74 69 65 27 43 18 40 2 76 12 34 60 8 41 50 51 26,evens,regular,1
2022-12-16T13:33:00Z,326,35 10 26 63 70 47 77 78 33 32 68 58 28 20 39 7 46 55 57 61,tails,minor,1
2022-12-16T13:36:00Z,327,34 69 32 18 53 9 6 52 75 57 48 37 4 46 59 73 42 50 11 13,tails,major,1
2022-12-16T13:39:00Z,328,45 70 22 44 39 68 67 7 65 38 12 37 62 26 30 61 1 75 42 24,evens,minor,1
2022-12-16T13:42:00Z,329,28 73 12 45 36 76 69 26 64 79 53 62 4 15 65 19 20 39 2 66,evens,minor,1
2022-12-16T13:45:00Z,330,76 39 52 65 9 66 80 26 60 44 7 58 68 79 33 20 74 40 62 18,tails,minor,2
2022-12-16T13:48:00Z,332,5 16 26 45 49 78 79 71 67 48 63 6 37 8 66 14 9 57 7 41,tails,regular,1
2022-12-16T13:51:00Z,333,23 47 43 39 12 37 5 4 74 44 27 17 70 80 3 34 62 76 38 50,heads,major,1
2022-12-16T13:54:00Z,334,45 67 38 71 37 53 39 49 69 19 65 25 58 15 36 80 62 56 79 74,tails,major,1
2022-12-16T13:57:00Z,335,20 36 22 46 7 80 27 79 35 44 31 71 17 23 13 50 73 54 26 76,heads,major,4
2022-12-16T14:00:00Z,336,49 21 70 39 22 59 32 27 61 26 56 12 18 57 4 52 46 79 68 19,evens,regular,2
2022-12-16T14:03:00Z,337,19 73 7 65 6 57 44 15 69 45 36 60 30 11 67 61 20 34 76 21,evens,regular,3
2022-12-16T14:06:00Z,338,68 67 33 76 41 69 30 12 43 66 78 6 55 47 63 38 27 80 14 46,tails,regular,2
2022-12-16T14:09:00Z,339,36 23 70 56 79 1 45 30 17 53 5 7 59 73 15 22 74 41 54 27,evens,minor,3
2022-12-16T14:12:00Z,341,50 29 31 66 7 13 32 51 69 55 10 44 28 63 48 5 27 34 35 20,heads,regular,1
2022-12-16T14:15:00Z,342,8 37 2 68 31 9 70 48 11 26 73 62 22 7 55 3 14 34 4 74,heads,minor,1
2022-12-16T14:18:00Z,343,24 75 7 3 78 4 71 70 55 41 50 39 64 38 36 12 57 33 11 29,heads,regular,1
2022-12-16T14:21:00Z,344,75 45 62 10 67 4 57 43 28 74 68 61 21 51 69 37 70 17 63 65,tails,regular,1
2022-12-16T14:24:00Z,345,19 51 54 28 11 46 74 67 68 55 45 40 15 53 60 75 30 3 29 47,tails,regular,3
2022-12-16T14:27:00Z,346,26 36 42 65 66 58 77 2 32 59 62 3 56 35 47 45 29 16 34 63,tails,minor,1
2022-12-16T14:30:00Z,347,76 74 45 16 54 5 25 29 48 18 27 66 65 80 44 38 78 32 73 59,tails,minor,2
2022-12-16T14:33:00Z,348,60 17 56 20 37 34 26 74 48 52 40 15 4 6 66 35 14 32 54 33,heads,regular,1
2022-12-16T14:36:00Z,350,25 11 57 66 41 67 55 6 31 24 4 70 72 38 74 32 15 13 33 80,heads,minor,2
2022-12-16T14:39:00Z,351,62 25 29 13 14 36 37 19 45 44 56 80 38 17 15 2 57 66 67 59,heads,minor,2
2022-12-16T14:42:00Z,352,55 14 12 47 53 50 35 70 29 45 43 34 59 24 51 8 1 60 52 28,tails,regular,3
2022-12-16T14:45:00Z,353,74 58 33 32 35 41 28 11 39 49 71 4 60 34 6 79 38 50 21 80,heads,regular,2
2022-12-16T14:48:00Z,354,73 79 60 21 28 44 55 29 16 19 71 14 52 77 47 59 24 1 23 72,tails,regular,2
2022-12-16T14:51:00Z,355,42 63 17 69 31 26 15 32 4 58 49 55 8 29 13 60 70 48 14 50,evens,regular,2
2022-12-16T14:54:00Z,356,37 55 40 3 12 51 48 25 56 32 62 33 18 53 34 28 78 31 76 52,heads,regular,3
2022-12-16T14:57:00Z,357,39 76 12 14 16 55 27 68 32 57 38 53 43 36 26 23 41 66 4 80,heads,major,2
2022-12-16T15:00:00Z,359,37 74 36 80 77 10 9 28 67 50 22 68 52 1 30 58 11 46 41 47,tails,minor,2
2022-12-16T15:03:00Z,360,12 76 38 9 44 49 24 41 61 18 43 77 39 7 78 50 72 17 56 55,tails,regular,1
2022-12-16T15:06:00Z,361,3 59 33 26 10 77 15 70 4 48 78 18 45 47 31 79 58 42 20 52,tails,regular,1
2022-12-16T15:09:00Z,362,51 49 33 19 10 56 31 44 35 30 68 80 78 37 24 73 40 60 48 6,evens,major,3
2022-12-16T15:12:00Z,363,22 72 38 59 36 28 42 71 9 12 78 14 10 18 54 67 73 62 45 39,evens,regular,2
2022-12-16T15:15:00Z,364,80 58 54 34 35 73 43 15 2 30 69 71 42 62 17 28 5 20 64 27,evens,minor,3
2022-12-16T15:18:00Z,365,69 60 21 33 8 20 18 9 77 51 6 31 50 45 5 14 12 30 64 65,heads,minor,5
2022-12-16T15:21:00Z,366,56 17 79 72 26 48 52 68 77 76 16 21 78 9 54 47 3 55 14 31,tails,regular,1
2022-12-16T15:24:00Z,368,74 32 41 13 56 61 10 25 22 26 77 54 59 68 20 57 73 70 29 50,tails,regular,2
2022-12-16T15:27:00Z,369,54 15 74 39 13 1 7 31 37 71 66 57 5 62 24 38 58 11 64 17,heads,regular,3
2022-12-16T15:30:00Z,370,65 69 35 8 9 60 38 45 13 74 18 57 2 30 67 46 7 26 41 52,evens,regular,1
2022-12-16T15:33:00Z,371,64 10 61 39 26 14 34 29 35 38 30 52 25 49 58 67 63 37 42 32,heads,minor,10
2022-12-16T15:36:00Z,372,6 17 48 54 9 3 40 57 61 2 21 47 46 71 58 31 76 49 27 45,tails,regular,1
2022-12-16T15:39:00Z,373,1 14 42 61 25 67 56 51 72 68 64 29 30 55 66 23 38 15 22 27,evens,minor,3
2022-12-16T15:42:00Z,374,71 79 48 9 4 62 28 16 58 46 47 78 54 1 3 38 65 33 49 10,tails,regular,3
2022-12-16T15:45:00Z,375,17 22 19 16 45 48 80 28 7 4 74 29 76 49 10 15 5 12 51 3,heads,regular,2
2022-12-16T15:48:00Z,377,21 46 7 76 53 11 37 12 65 19 32 20 70 77 66 16 59 27 38 36,heads,major,1
2022-12-16T15:51:00Z,378,2 10 56 4 57 49 62 29 45 63 50 5 36 3 1 12 40 21 51 35,heads,regular,3
2022-12-16T15:54:00Z,379,57 61 68 6 42 24 55 63 32 9 39 58 44 66 49 64 17 15 79 56,tails,regular,3
2022-12-16T15:57:00Z,380,78 73 13 75 33 3 18 66 10 50 56 61 65 12 28 16 76 27 64 59,tails,regular,1
2022-12-16T16:00:00Z,381,38 80 17 14 74 7 68 47 26 61 53 45 71 34 76 70 59 23 66 29,tails,minor,3
2022-12-16T16:03:00Z,382,45 19 30 79 24 4 6 38 60 28 40 71 15 44 5 39 53 78 55 57,heads,minor,4
2022-12-16T16:06:00Z,383,52 58 11 70 25 21 45 76 79 47 78 54 37 48 61 29 57 66 51 17,tails,minor,3
2022-12-16T16:09:00Z,384,62 80 25 21 50 53 34 43 48 22 63 66 36 64 75 61 41 74 23 55,tails,regular,2
2022-12-16T16:12:00Z,386,36 38 45 10 50 1 46 9 80 71 14 72 66 79 32 40 44 53 3 76,tails,minor,2
2022-12-16T16:15:00Z,387,29 18 32 71 49 34 5 61 9 78 47 14 51 22 27 1 37 33 40 12,heads,regular,3
2022-12-16T16:18:00Z,388,7 9 74 29 64 79 41 34 46 63 31 4 43 22 62 77 57 80 23 76,tails,regular,5
2022-12-16T16:21:00Z,389,43 77 69 78 60 49 59 36 20 9 57 50 6 56 4 22 19 41 53 10,tails,regular,1
2022-12-16T16:24:00Z,390,17 53 29 2 12 28 46 22 56 18 75 33 73 65 25 70 20 59 35 8,heads,major,1
2022-12-16T16:27:00Z,391,48 16 54 56 58 39 5 73 32 28 7 47 65 71 61 14 67 79 76 74,tails,minor,3
2022-12-16T16:30:00Z,392,78 49 13 44 42 11 58 45 36 28 48 72 30 26 25 32 29 70 51 33,evens,regular,1
2022-12-16T16:33:00Z,393,16 73 70 69 64 53 62 74 13 76 47 36 30 4 45 72 48 10 20 41,tails,regular,1
2022-12-16T16:36:00Z,395,63 47 23 66 41 46 55 36 5 57 64 21 35 33 14 20 29 16 17 30,heads,minor,1
2022-12-16T16:39:00Z,396,28 27 31 37 18 42 46 19 5 33 55 23 75 29 72 52 41 73 61 22,heads,regular,1
2022-12-16T16:42:00Z,397,75 71 23 27 17 58 39 9 4 76 10 29 21 5 15 28 64 40 12 36,heads,major,1
2022-12-16T16:45:00Z,398,47 39 2 69 8 19 27 25 40 55 21 75 12 24 38 45 29 67 60 18,heads,regular,3
2022-12-16T16:48:00Z,399,21 29 80 8 25 72 63 39 18 74 76 22 50 10 41 2 67 24 56 44,evens,regular,3
2022-12-16T16:51:00Z,400,58 25 39 44 32 59 65 45 48 63 54 68 56 3 29 17 41 69 55 26,tails,regular,2
2022-12-16T16:54:00Z,401,31 51 39 30 48 62 59 17 8 61 20 49 40 52 65 32 75 36 72 10,evens,regular,3
2022-12-16T16:57:00Z,402,38 75 43 79 47 35 27 30 64 65 19 51 49 14 59 24 52 56 18 11,tails,minor,3
2022-12-16T17:00:00Z,404,3 65 2 16 69 45 4 46 43 32 28 5 49 30 19 58 57 7 14 33,heads,minor,3
2022-12-16T17:03:00Z,405,9 20 39 55 54 75 22 56 41 47 73 1 76 18 44 68 60 53 16 37,tails,regular,2
2022-12-16T17:06:00Z,406,19 59 51 50 3 15 57 14 21 44 39 32 52 29 56 61 71 74 26 18,evens,regular,2
2022-12-16T17:09:00Z,407,9 42 36 38 29 46 20 35 76 19 52 21 62 57 11 66 39 72 8 43,heads,minor,2
2022-12-16T17:12:00Z,408,59 27 51 33 16 79 39 15 22 46 80 76 14 35 4 70 66 62 61 72,tails,regular,10
2022-12-16T17:15:00Z,409,67 39 77 7 80 17 27 74 21 26 71 2 32 46 29 16 38 73 6 28,heads,regular,2
2022-12-16T17:18:00Z,410,54 35 39 19 36 74 11 75 44 70 22 60 18 9 5 77 8 63 6 50,heads,regular,2
2022-12-16T17:21:00Z,411,70 6 26 57 63 73 68 40 62 56 55 19 42 33 66 1 11 71 35 39,tails,major,1
2022-12-16T17:24:00Z,413,13 35 42 3 11 1 32 27 63 46 44 31 41 24 23 70 19 40 43 6,heads,regular,3
2022-12-16T17:27:00Z,414,6 26 53 45 72 5 38 71 16 10 25 18 27 43 48 52 70 63 41 1,evens,minor,1
2022-12-16T17:30:00Z,415,59 16 67 53 39 1 24 80 46 38 47 15 18 70 33 13 63 8 66 17,heads,regular,1
2022-12-16T17:33:00Z,416,39 6 60 78 45 55 77 49 25 22 59 33 13 68 74 10 3 28 71 53,tails,minor,2
2022-12-16T17:36:00Z,417,48 13 25 18 30 22 49 32 53 67 55 14 21 35 24 76 33 12 44 68,heads,minor,3
2022-12-16T17:39:00Z,418,38 57 9 40 11 31 69 41 48 26 39 64 28 17 75 46 10 5 50 27,heads,regular,2
2022-12-16T17:42:00Z,419,2 64 32 58 1 36 37 78 19 34 49 31 66 60 77 18 27 39 3 8,heads,minor,3
2022-12-16T17:45:00Z,420,66 37 1 65 28 9 14 79 33 27 67 48 30 13 70 22 62 50 18 60,heads,regular,3
2022-12-16T17:48:00Z,422,65 5 75 6 23 56 77 20 26 37 1 29 69 16 18 51 66 64 59 72,evens,minor,1
2022-12-16T17:51:00Z,423,68 55 76 75 13 57 18 10 69 52 2 80 30 62 48 60 79 24 27 34,tails,regular,1
2022-12-16T17:54:00Z,424,35 68 14 1 27 42 59 76 78 45 34 74 33 44 21 19 36 77 20 29,heads,minor,1
2022-12-16T17:57:00Z,425,34 64 21 35 45 68 8 25 30 7 53 41 56 71 63 42 4 51 46 26,tails,minor,4
2022-12-16T18:00:00Z,426,37 23 50 71 16 78 19 68 35 72 20 5 14 57 53 22 61 39 12 28,heads,regular,2
2022-12-16T18:03:00Z,427,6 63 29 13 58 51 33 30 19 72 7 45 23 27 14 73 2 8 42 75,heads,regular,2
2022-12-16T18:06:00Z,428,15 36 60 45 46 65 56 21 70 55 50 76 23 5 67 20 24 66 26 42,tails,minor,2
2022-12-16T18:09:00Z,429,37 43 44 3 2 80 32 8 55 71 68 72 35 54 47 58 50 29 36 42,tails,regular,1
2022-12-16T18:12:00Z,431,16 57 61 75 41 23 27 80 48 67 9 37 5 47 78 68 77 21 28 24,tails,minor,2
2022-12-16T18:15:00Z,432,22 28 49 45 12 11 56 4 61 68 15 33 14 74 46 39 53 73 67 8,evens,regular,1
2022-12-16T18:18:00Z,433,59 49 69 55 22 43 13 16 56 57 12 32 3 30 76 60 41 61 53 48,tails,regular,1
2022-12-16T18:21:00Z,434,39 21 16 19 60 28 2 18 70 29 50 6 65 79 76 57 27 77 38 12,heads,regular,1
2022-12-16T18:24:00Z,435,52 47 22 42 79 61 33 11 17 67 58 36 15 23 12 34 68 62 45 25,evens,major,3
2022-12-16T18:27:00Z,436,60 14 10 46 41 11 52 3 71 45 12 55 13 61 53 50 56 62 54 22,tails,regular,2
2022-12-16T18:30:00Z,437,14 41 51 28 26 7 71 45 63 1 19 35 24 42 61 12 57 15 33 65,heads,regular,1
2022-12-16T18:33:00Z,438,31 27 55 57 52 53 5 15 16 4 1 80 23 12 24 68 46 11 67 28,heads,regular,3
2022-12-16T18:36:00Z,440,34 22 14 53 62 26 1 32 64 24 30 61 59 21 17 33 54 35 11 69,heads,major,1
2022-12-16T18:39:00Z,441,39 44 28 73 53 19 54 57 49 70 8 52 78 61 76 74 72 56 31 42,tails,minor,1
2022-12-16T18:42:00Z,442,56 10 12 62 71 59 6 32 50 22 75 29 37 5 46 52 38 44 13 25,heads,regular,3
2022-12-16T18:45:00Z,443,51 5 42 40 60 35 18 50 71 48 57 25 56 3 68 31 36 52 24 37,evens,major,3
2022-12-16T18:48:00Z,444,70 16 36 38 8 68 21 5 19 50 74 72 62 61 41 54 39 53 9 10,evens,major,2
2022-12-16T18:51:00Z,445,36 80 45 71 62 49 77 22 54 4 10 17 56 67 75 31 72 19 6 65,tails,regular,3
2022-12-16T18:54:00Z,446,5 43 48 10 30 63 31 32 9 78 73 7 57 79 59 45 51 3 13 26,evens,regular,1
2022-12-16T18:57:00Z,447,67 26 53 59 24 21 4 33 71 28 12 19 39 35 11 7 74 65 30 49,heads,minor,5
2022-12-16T19:00:00Z,449,68 4 53 64 15 16 49 29 36 37 28 27 42 19 1 51 58 55 41 22,heads,regular,1
2022-12-16T19:03:00Z,450,72 41 24 40 79 35 13 71 68 26 74 50 70 55 28 60 25 30 5 54,tails,regular,3
2022-12-16T19:06:00Z,451,10 17 79 30 62 46 24 15 53 4 6 60 44 13 25 57 11 2 71 36,heads,regular,3
2022-12-16T19:09:00Z,452,34 17 31 55 79 42 45 5 77 40 25 66 72 44 69 22 28 12 56 24,evens,regular,2
2022-12-16T19:12:00Z,453,39 21 77 67 31 41 46 75 5 10 14 59 9 52 55 8 68 47 57 44,tails,regular,2
2022-12-16T19:15:00Z,454,36 70 33 56 46 65 32 11 17 2 59 54 5 68 76 22 57 62 52 77,tails,regular,2
2022-12-16T19:18:00Z,455,34 79 60 14 35 29 56 24 75 22 46 45 61 23 26 50 28 6 65 70,evens,major,4
2022-12-16T19:21:00Z,456,72 26 4 50 17 22 45 36 80 74 77 35 38 55 31 24 79 5 2 64,heads,regular,2
2022-12-16T19:24:00Z,458,19 76 30 37 35 67 56 1 38 2 59 34 71 47 20 64 17 57 65 7,heads,minor,1
2022-12-16T19:27:00Z,459,72 68 62 22 19 18 15 73 20 58 44 27 49 39 76 63 54 47 26 16,tails,minor,2
2022-12-16T19:30:00Z,460,10 24 67 26 31 48 22 72 28 77 61 36 73 65 79 54 17 49 37 2,evens,regular,2
2022-12-16T19:33:00Z,461,52 24 1 29 18 11 15 39 5 41 65 58 7 31 23 26 21 43 67 34,heads,regular,2
2022-12-16T19:36:00Z,462,12 33 3 67 56 45 11 23 71 72 41 46 48 34 18 8 5 69 60 61,tails,regular,1
2022-12-16T19:39:00Z,463,37 8 34 65 38 6 74 23 73 21 31 57 4 18 41 14 28 72 53 48,heads,minor,3
2022-12-16T19:42:00Z,464,7 37 44 50 68 67 51 79 38 12 21 6 72 66 4 76 13 17 60 77,tails,minor,2
2022-12-16T19:45:00Z,465,60 64 73 37 55 11 33 2 17 77 14 3 74 53 59 49 57 29 6 34,evens,regular,1
2022-12-16T19:48:00Z,467,7 25 43 30 41 56 13 24 28 19 79 77 4 40 2 21 45 58 39 34,heads,minor,2
2022-12-16T19:51:00Z,468,2 5 74 48 11 31 52 70 24 35 19 29 28 6 50 27 66 54 32 73,heads,regular,1
2022-12-16T19:54:00Z,469,65 63 34 67 49 46 20 31 35 77 56 14 11 78 8 79 22 72 44 64,tails,major,2
2022-12-16T19:57:00Z,470,9 47 67 30 52 12 80 48 64 11 28 65 60 29 50 73 44 21 6 46,tails,regular,10
2022-12-16T20:00:00Z,471,7 15 29 76 39 45 22 67 32 52 18 53 51 43 21 26 49 54 24 68,evens,regular,2
2022-12-16T20:03:00Z,472,65 59 18 69 4 8 26 2 68 73 57 31 60 71 61 34 48 76 45 67,tails,regular,1
2022-12-16T20:06:00Z,473,78 27 23 7 18 28 57 48 46 21 37 51 45 60 20 62 34 11 10 40,heads,regular,1
2022-12-16T20:09:00Z,474,25 13 34 43 38 60 29 52 55 69 31 6 76 3 20 42 28 17 7 62,heads,regular,1
2022-12-16T20:12:00Z,476,63 48 30 6 25 9 45 38 49 65 53 15 55 14 41 70 80 47 11 69,tails,regular,3
2022-12-16T20:15:00Z,477,59 19 80 32 9 29 3 30 66 14 6 68 11 70 1 18 28 13 65 7,heads,regular,1
2022-12-16T20:18:00Z,478,28 14 71 31 24 39 72 79 66 17 2 32 47 52 10 77 33 56 8 73,heads,regular,1
2022-12-16T20:21:00Z,479,17 73 41 69 24 60 51 70 3 8 44 27 11 16 31 62 10 56 65 59,tails,regular,1
2022-12-16T20:24:00Z,480,73 42 68 66 37 30 50 54 40 56 51 58 61 65 53 15 34 49 46 28,tails,minor,2
2022-12-16T20:27:00Z,481,13 63 72 11 2 18 17 53 73 62 5 9 4 43 37 52 22 56 6 70,heads,minor,5
2022-12-16T20:30:00Z,482,46 5 58 4 61 66 16 77 62 8 25 42 68 48 35 54 69 60 10 2,tails,regular,3
2022-12-16T20:33:00Z,483,73 10 11 70 64 66 50 78 42 27 38 53 25 47 36 6 14 49 71 29,tails,regular,3
2022-12-16T20:36:00Z,485,23 66 19 45 54 7 39 4 44 16 36 58 34 21 10 3 2 11 69 46,heads,regular,1
2022-12-16T20:39:00Z,486,53 58 13 6 37 5 61 33 21 14 43 78 12 25 1 48 59 79 52 22,heads,regular,3
2022-12-16T20:42:00Z,487,60 56 3 46 68 49 21 19 71 62 52 53 27 47 41 45 48 39 28 58,tails,major,1
2022-12-16T20:45:00Z,488,17 1 64 48 16 65 55 25 11 45 44 71 54 26 24 21 72 50 28 59,tails,regular,3
2022-12-16T20:48:00Z,489,65 63 53 23 38 36 48 61 60 29 20 8 41 73 55 18 80 17 40 43,tails,minor,2
2022-12-16T20:51:00Z,490,27 74 21 62 69 48 56 75 33 24 36 44 12 22 79 15 30 52 58 65,tails,regular,1
2022-12-16T20:54:00Z,491,13 28 55 33 80 34 10 23 77 68 4 62 36 52 61 11 69 54 46 76,tails,minor,1
2022-12-16T20:57:00Z,492,13 65 21 38 66 5 58 36 37 80 56 12 68 24 44 10 70 74 77 49,tails,regular,1
2022-12-16T21:00:00Z,494,68 77 10 67 58 35 61 40 3 21 71 1 66 32 56 47 49 23 2 6,evens,minor,1
2022-12-16T21:03:00Z,495,40 44 62 3 26 12 45 27 43 51 34 57 21 60 53 7 9 77 70 19,evens,minor,2
2022-12-16T21:06:00Z,496,35 56 60 37 77 33 52 24 16 50 36 8 39 48 67 1 38 4 23 69,heads,regular,1
2022-12-16T21:09:00Z,497,75 14 10 33 25 42 2 11 15 65 41 27 1 23 29 45 34 79 78 40,heads,regular,3
2022-12-16T21:12:00Z,498,42 73 43 66 7 21 41 69 12 28 52 61 4 14 55 63 36 5 62 16,tails,regular,3
2022-12-16T21:15:00Z,499,25 28 75 79 63 66 47 80 37 7 53 11 67 46 71 45 41 20 38 32,tails,minor,3
2022-12-16T21:18:00Z,500,71 37 68 57 28 8 16 10 49 53 38 18 34 4 22 3 15 46 26 35,heads,major,3
2022-12-16T21:21:00Z,501,36 32 79 13 2 46 63 25 17 30 39 56 62 68 1 34 16 35 55 12,heads,minor,10
2022-12-16T21:24:00Z,503,65 30 71 57 17 1 23 44 43 22 41 26 4 77 68 73 39 15 38 29,heads,regular,1
2022-12-16T21:27:00Z,504,38 65 6 70 48 36 46 63 62 72 16 40 37 60 7 4 8 77 23 35,heads,regular,1
2022-12-16T21:30:00Z,505,13 47 38 15 40 65 24 9 11 33 42 50 26 59 58 77 44 21 41 78,evens,regular,2
2022-12-16T21:33:00Z,506,24 53 56 29 73 54 18 66 55 28 38 74 12 47 9 60 67 11 25 1,evens,regular,1
2022-12-16T21:36:00Z,507,34 63 52 44 58 71 54 67 5 72 53 55 20 47 18 80 51 76 65 1,tails,regular,2
2022-12-16T21:39:00Z,508,63 39 56 77 7 12 60 65 66 79 25 18 9 75 32 19 23 24 11 67,heads,major,1
2022-12-16T21:42:00Z,509,51 5 47 13 44 71 35 1 54 39 33 45 60 72 43 58 42 65 12 4,tails,regular,3
2022-12-16T21:45:00Z,510,30 42 33 7 71 76 1 38 40 63 3 27 69 39 64 58 8 29 56 70,heads,regular,3
2022-12-16T21:48:00Z,512,57 72 66 12 23 65 76 75 40 69 61 25 10 18 68 13 20 77 67 22,tails,regular,10
2022-12-16T21:51:00Z,513,45 66 25 79 56 34 51 33 70 74 21 58 41 78 44 53 57 18 60 67,tails,regular,3
2022-12-16T21:54:00Z,514,71 67 16 43 77 44 59 27 8 78 23 9 36 62 72 32 29 1 45 53,tails,regular,1
2022-12-16T21:57:00Z,515,35 46 54 27 16 29 11 73 3 41 13 7 37 51 52 67 44 72 17 62,evens,regular,3
2022-12-16T22:00:00Z,516,30 17 39 9 37 60 10 66 27 63 77 31 23 41 38 68 24 11 79 52,heads,minor,1
2022-12-16T22:03:00Z,517,39 80 24 40 45 22 76 72 52 36 26 65 31 33 55 78 46 12 5 51,evens,regular,1
2022-12-16T22:06:00Z,518,41 53 30 13 61 57 32 14 24 2 64 71 62 80 74 42 40 65 73 45,tails,regular,1
2022-12-16T22:09:00Z,519,3 72 21 60 76 36 67 50 75 17 22 24 35 14 54 15 44 56 79 46,tails,regular,1
2022-12-16T22:12:00Z,521,76 40 10 11 33 79 67 45 65 12 25 50 54 43 78 31 4 19 7 32,heads,minor,2
2022-12-16T22:15:00Z,522,46 58 77 80 45 56 48 75 39 76 40 8 60 44 59 70 69 27 64 43,tails,minor,1
2022-12-16T22:18:00Z,523,25 52 40 70 74 69 24 77 39 63 9 43 54 66 47 5 51 78 10 62,tails,minor,3
2022-12-16T22:21:00Z,524,4 66 24 68 3 29 22 10 79 73 17 41 20 1 55 27 43 61 6 50,heads,regular,5
2022-12-16T22:24:00Z,525,65 9 46 57 76 27 1 37 78 20 55 63 79 51 80 77 52 34 28 61,tails,regular,2
2022-12-16T22:27:00Z,526,53 43 14 41 64 46 69 45 7 72 55 66 12 73 77 16 24 17 39 78,tails,major,1
2022-12-16T22:30:00Z,527,50 26 77 75 33 42 45 66 46 41 49 6 56 7 20 2 61 57 78 29,tails,regular,1
2022-12-16T22:33:00Z,528,61 70 58 21 60 53 8 25 14 15 79 49 20 73 31 74 26 22 42 48,tails,regular,2
2022-12-16T22:36:00Z,530,25 52 9 7 17 69 28 23 10 74 37 78 56 36 3 15 44 21 49 77,heads,minor,1
2022-12-16T22:39:00Z,531,30 66 63 42 71 5 70 40 22 72 3 73 75 79 46 6 28 64 62 4,tails,regular,5
2022-12-16T22:42:00Z,532,64 23 50 67 52 70 72 47 45 59 4 11 63 57 19 13 1 68 31 42,tails,regular,1
2022-12-16T22:45:00Z,533,68 3 29 5 42 16 36 37 60 76 32 56 30 44 40 12 67 21 70 57,heads,regular,2
2022-12-16T22:48:00Z,534,42 23 43 77 12 47 21 19 28 38 65 36 52 66 50 79 17 33 1 27,heads,regular,2
2022-12-16T22:51:00Z,535,40 2 1 77 58 61 70 67 28 24 54 47 9 56 49 33 65 72 57 12,tails,regular,2
2022-12-16T22:54:00Z,536,72 56 2 47 35 1 36 39 22 61 16 51 5 80 18 62 27 26 31 74,heads,regular,3
2022-12-16T22:57:00Z,537,25 3 24 27 32 36 52 10 23 31 17 26 60 74 77 6 67 66 68 13,heads,regular,1
2022-12-16T23:00:00Z,539,69 72 65 66 3 56 47 79 54 10 52 2 61 16 63 19 30 78 17 12,tails,minor,2
2022-12-16T23:03:00Z,540,74 28 56 78 68 44 4 73 39 64 43 41 32 21 7 79 65 58 77 49,tails,minor,5
2022-12-16T23:06:00Z,541,29 26 18 33 61 3 7 20 54 17 50 46 68 24 73 36 51 4 57 45,heads,major,1
2022-12-16T23:09:00Z,542,32 11 53 3 33 48 39 2 65 9 38 16 21 74 49 76 29 73 18 22,heads,regular,1
2022-12-16T23:12:00Z,543,17 38 4 76 73 6 45 21 37 28 35 7 10 36 60 65 72 27 43 47,heads,regular,1
2022-12-16T23:15:00Z,544,19 34 12 36 18 49 70 51 50 24 72 6 38 44 80 15 47 37 1 17,heads,regular,3
2022-12-16T23:18:00Z,545,38 4 74 68 24 57 54 9 77 22 47 26 14 25 55 8 72 35 79 6,heads,regular,3
2022-12-16T23:21:00Z,546,55 3 13 65 20 14 8 12 2 59 50 74 51 43 52 47 63 44 41 69,tails,major,1
2022-12-16T23:24:00Z,548,41 17 63 62 16 50 9 77 57 79 52 28 74 29 72 14 3 35 11 39,evens,regular,1
2022-12-16T23:27:00Z,549,58 51 53 55 12 76 9 18 19 16 50 63 68 27 62 78 57 11 34 41,tails,regular,1
2022-12-16T23:30:00Z,550,58 72 55 66 67 59 27 73 23 51 47 17 79 80 69 54 40 75 6 4,tails,regular,1
2022-12-16T23:33:00Z,551,67 47 36 49 77 73 4 33 50 56 66 9 60 2 48 53 58 70 30 3,tails,regular,3
2022-12-16T23:36:00Z,552,78 11 42 41 50 7 79 20 61 66 67 68 22 3 72 32 59 26 21 23,tails,major,4
2022-12-16T23:39:00Z,553,25 9 4 3 40 45 23 39 62 53 69 46 66 28 52 79 14 24 74 21,heads,regular,2
2022-12-16T23:42:00Z,554,45 79 2 63 44 13 69 30 39 15 14 19 74 11 78 41 77 38 64 55,tails,regular,3
2022-12-16T23:45:00Z,555,7 74 41 56 26 28 55 29 19 32 62 14 61 45 71 6 40 37 5 23,heads,regular,2
2022-12-16T23:48:00Z,557,44 9 49 45 61 13 54 71 15 63 31 52 29 59 35 21 47 51 8 7,tails,major,2
2022-12-16T23:51:00Z,558,6 44 48 50 2 23 69 27 75 3 33 74 47 73 30 58 17 11 38 67,evens,regular,2
2022-12-16T23:54:00Z,559,49 24 22 63 23 70 43 52 66 31 71 78 72 4 36 48 77 60 8 40,tails,minor,2
2022-12-16T23:57:00Z,560,20 35 39 22 2 6 67 33 17 7 15 50 44 54 34 65 47 66 58 46,heads,minor,5
2022-12-17T00:00:00Z,561,39 62 41 61 5 70 60 2 54 13 6 50 51 30 3 22 48 57 47 59,tails,regular,2
2022-12-17T00:03:00Z,562,26 62 5 69 66 73 34 25 55 13 52 63 45 7 77 3 57 42 15 46,tails,minor,1
2022-12-17T00:06:00Z,563,37 73 13 1 46 47 14 6 56 55 58 36 62 48 19 52 10 44 63 54,tails,regular,3
2022-12-17T00:09:00Z,564,42 53 26 22 31 64 13 35 56 43 27 10 54 65 19 1 50 45 41 66,tails,minor,3
2022-12-17T00:12:00Z,566,18 3 53 61 58 74 9 79 42 25 11 29 41 43 52 27 72 33 56 20,tails,major,2
2022-12-17T00:15:00Z,567,42 33 31 53 58 29 73 67 54 4 63 12 22 48 59 72 7 70 32 9,tails,regular,4
2022-12-17T00:18:00Z,568,4 48 41 28 55 59 14 54 50 69 58 62 61 49 53 72 65 57 24 67,tails,regular,1
2022-12-17T00:21:00Z,569,5 18 60 58 43 11 19 74 42 32 39 65 59 40 77 17 54 1 45 71,tails,major,4
2022-12-17T00:24:00Z,570,8 1 34 80 45 39 44 43 48 26 65 21 49 28 36 17 71 56 3 79,evens,minor,1
2022-12-17T00:27:00Z,571,63 43 12 70 73 13 17 35 77 59 2 75 64 30 15 71 80 60 4 25,tails,regular,1
2022-12-17T00:30:00Z,572,64 14 6 58 10 1 15 61 59 73 39 37 54 67 60 13 40 4 45 42,evens,regular,1
2022-12-17T00:33:00Z,573,30 76 29 8 28 66 24 72 35 77 53 19 26 64 2 42 7 11 75 79,heads,minor,10
2022-12-17T00:36:00Z,575,80 48 51 12 36 39 13 19 14 71 1 43 37 45 28 68 40 38 17 61,heads,regular,3
2022-12-17T00:39:00Z,576,73 3 51 9 7 10 46 5 37 25 36 72 20 12 80 56 53 45 67 49,evens,regular,3
2022-12-17T00:42:00Z,577,52 5 78 28 27 30 35 48 67 72 14 50 68 9 51 15 24 75 20 57,evens,regular,2
2022-12-17T00:45:00Z,578,55 45 53 26 20 76 15 23 80 51 22 47 72 16 36 25 58 24 57 41,tails,regular,10
2022-12-17T00:48:00Z,579,46 63 64 30 1 44 77 58 55 22 23 11 34 80 41 65 18 56 7 24,tails,regular,2
2022-12-17T00:51:00Z,580,46 51 36 65 24 64 3 30 62 23 52 37 13 74 1 39 11 25 18 31,heads,regular,5
2022-12-17T00:54:00Z,581,31 65 18 48 68 46 47 73 62 22 80 6 42 78 17 60 24 71 75 58,tails,minor,3
2022-12-17T00:57:00Z,582,39 36 13 53 26 62 28 9 72 79 15 3 46 43 68 54 73 41 30 80,tails,regular,3
2022-12-17T01:00:00Z,584,68 30 7 32 20 1 21 48 3 34 2 37 50 14 28 77 39 29 45 59,heads,regular,2
2022-12-17T01:03:00Z,585,41 57 61 45 46 44 56 47 19 52 42 17 59 65 60 80 35 22 49 38,tails,major,2
2022-12-17T01:06:00Z,586,52 3 32 42 48 9 80 59 63 74 51 27 67 43 39 76 12 47 4 11,tails,regular,2
2022-12-17T01:09:00Z,587,60 47 8 62 45 23 53 80 6 72 19 79 44 20 31 74 7 50 32 25,tails,regular,1
2022-12-17T01:12:00Z,588,60 34 71 1 10 12 32 45 46 78 33 44 7 35 73 39 79 65 11 27,heads,minor,1
2022-12-17T01:15:00Z,589,64 18 17 41 32 6 78 21 16 27 2 60 7 23 19 58 72 24 57 59,heads,major,2
2022-12-17T01:18:00Z,590,32 46 65 40 30 56 38 26 62 35 21 4 13 5 36 50 57 39 53 48,heads,regular,3
2022-12-17T01:21:00Z,591,39 45 24 3 6 58 49 33 1 61 56 5 10 19 36 30 37 15 28 40,heads,minor,1
2022-12-17T01:24:00Z,593,57 75 7 76 15 23 70 39 26 44 52 60 42 34 43 54 41 38 36 73,tails,regular,1
2022-12-17T01:27:00Z,594,11 22 39 36 20 68 74 15 19 48 28 59 60 25 70 24 34 2 73 52,heads,regular,3
2022-12-17T01:30:00Z,595,57 8 55 14 25 2 9 54 23 18 30 26 53 45 75 11 12 29 67 69,heads,minor,1
2022-12-17T01:33:00Z,596,41 29 47 7 31 64 73 12 79 40 49 8 27 2 69 51 72 76 46 53,tails,regular,3
2022-12-17T01:36:00Z,597,75 6 76 69 30 56 9 54 28 55 38 53 36 78 70 77 71 14 27 79,tails,regular,3
2022-12-17T01:39:00Z,598,22 73 44 78 21 45 34 63 17 27 60 57 32 75 35 2 61 3 49 31,evens,minor,3
2022-12-17T01:42:00Z,599,34 16 45 35 15 6 75 43 70 61 58 67 48 26 44 7 31 80 66 77,tails,regular,3
2022-12-17T01:45:00Z,600,13 63 80 4 28 61 71 34 48 69 53 39 49 30 8 24 15 58 31 78,evens,minor,3
2022-12-17T01:48:00Z,602,36 21 41 9 79 50 29 11 60 23 10 31 46 59 73 57 64 3 4 26,heads,regular,1
2022-12-17T01:51:00Z,603,14 49 64 2 24 57 51 48 52 29 37 78 10 4 50 26 7 32 9 73,heads,regular,3
2022-12-17T01:54:00Z,604,30 51 58 20 17 80 64 76 68 54 2 12 11 29 65 26 16 1 10 40,heads,minor,1
2022-12-17T01:57:00Z,605,25 58 1 39 48 63 16 61 37 54 26 44 30 33 35 64 76 27 41 46,evens,regular,3
2022-12-17T02:00:00Z,606,31 35 3 18 41 52 22 39 6 36 47 64 78 15 38 50 24 28 17 48,heads,regular,1
2022-12-17T02:03:00Z,607,49 12 25 62 73 2 18 1 20 27 74 14 3 44 61 29 26 10 63 36,heads,regular,1
2022-12-17T02:06:00Z,608,79 20 11 25 65 4 55 37 27 30 31 66 53 62 7 54 69 74 77 73,tails,minor,1
2022-12-17T02:09:00Z,609,16 1 41 17 38 72 67 15 25 54 74 46 76 33 59 63 55 45 36 49,tails,regular,2
2022-12-17T02:12:00Z,611,35 44 61 60 8 55 76 72 71 9 1 73 40 59 62 58 41 18 30 80,tails,major,3
2022-12-17T02:15:00Z,612,51 39 24 14 27 44 48 21 61 4 15 73 12 3 64 59 69 41 29 35,heads,regular,1
2022-12-17T02:18:00Z,613,40 9 32 2 64 13 68 78 63 77 73 6 76 1 5 35 16 11 3 14,heads,regular,1
2022-12-17T02:21:00Z,614,43 74 63 57 9 2 1 14 37 23 34 78 30 77 31 38 20 29 32 70,heads,regular,1
2022-12-17T02:24:00Z,615,12 5 35 11 2 15 69 61 68 43 14 39 48 13 67 77 28 74 45 73,evens,regular,3
2022-12-17T02:27:00Z,616,78 8 65 71 14 56 7 29 36 35 53 75 45 5 64 34 79 48 4 57,tails,regular,3
2022-12-17T02:30:00Z,617,43 3 25 34 63 28 61 46 19 9 44 73 37 40 48 7 13 11 5 27,heads,regular,1
2022-12-17T02:33:00Z,618,15 51 47 27 38 34 8 16 61 56 49 76 30 53 74 41 40 7 65 4,evens,regular,1
2022-12-17T02:36:00Z,620,49 67 79 27 39 64 63 1 34 24 48 60 57 42 46 11 73 43 75 21,tails,regular,1
2022-12-17T02:39:00Z,621,57 5 61 27 25 69 52 64 26 54 12 31 45 24 35 67 66 51 75 21,tails,regular,3
2022-12-17T02:42:00Z,622,28 5 8 30 24 11 70 44 21 57 47 1 53 50 19 14 6 77 41 59,heads,regular,3
2022-12-17T02:45:00Z,623,37 22 75 54 18 80 16 51 31 17 56 12 45 53 78 63 65 38 66 57,tails,minor,1
2022-12-17T02:48:00Z,624,68 50 41 75 56 33 45 32 37 28 59 78 43 36 64 7 49 71 47 20,tails,regular,1
2022-12-17T02:51:00Z,625,43 3 23 77 25 39 4 65 75 61 24 44 14 22 71 48 2 30 45 38,heads,regular,2
2022-12-17T02:54:00Z,626,24 2 78 57 55 9 19 22 64 20 67 11 32 12 54 14 63 18 75 66,heads,regular,1
2022-12-17T02:57:00Z,627,49 7 58 6 48 3 69 59 9 57 46 72 44 65 28 64 16 4 31 24,tails,regular,1
2022-12-17T03:00:00Z,629,68 27 11 58 56 62 22 21 12 75 57 55 64 66 46 52 3 60 49 78,tails,regular,1
2022-12-17T03:03:00Z,630,42 18 19 70 4 21 69 77 7 62 71 5 10 64 40 43 50 20 33 12,heads,regular,1
2022-12-17T03:06:00Z,631,15 75 5 23 58 49 65 76 28 39 36 32 14 63 24 59 64 45 72 8,evens,minor,3
2022-12-17T03:09:00Z,632,26 55 5 80 36 73 21 24 15 57 60 30 53 19 33 9 2 69 4 47,heads,minor,1
2022-12-17T03:12:00Z,633,39 44 10 27 65 38 75 73 1 69 50 62 43 20 26 9 21 3 36 37,heads,minor,3
2022-12-17T03:15:00Z,634,42 11 59 2 66 44 4 12 26 22 27 13 56 32 40 68 48 60 71 52,evens,regular,1
2022-12-17T03:18:00Z,635,57 60 21 69 44 12 33 34 67 39 23 6 15 29 8 11 9 70 48 2,heads,regular,1
2022-12-17T03:21:00Z,636,16 64 12 14 43 30 52 10 11 72 58 51 24 31 56 35 5 20 74 54,heads,regular,1
2022-12-17T03:24:00Z,638,65 23 42 74 21 30 33 22 25 72 43 75 19 77 67 63 57 37 10 39,evens,regular,3
2022-12-17T03:27:00Z,639,54 31 27 4 1 75 20 72 53 77 12 6 37 18 62 9 21 16 14 70,heads,minor,3
2022-12-17T03:30:00Z,640,39 10 57 27 60 9 52 18 78 66 80 23 41 65 68 71 74 36 15 46,tails,major,2
2022-12-17T03:33:00Z,641,16 42 73 69 64 40 46 35 65 23 21 24 49 76 5 41 48 52 59 20,tails,minor,2
2022-12-17T03:36:00Z,642,62 69 2 54 29 63 5 12 14 41 16 39 47 24 33 38 28 35 51 26,heads,minor,5
2022-12-17T03:39:00Z,643,29 18 9 27 71 19 26 33 23 22 14 77 39 74 60 69 61 53 3 7,heads,regular,2
2022-12-17T03:42:00Z,644,17 23 78 46 9 63 58 25 33 28 19 57 69 6 70 29 47 80 62 35,evens,regular,1
2022-12-17T03:45:00Z,645,10 5 59 43 61 36 6 7 55 1 75 13 63 78 37 50 3 69 52 29,evens,regular,2
2022-12-17T03:48:00Z,647,79 51 42 19 45 32 43 37 38 18 52 39 73 6 49 48 7 76 14 22,evens,minor,4
2022-12-17T03:51:00Z,648,38 13 32 63 52 54 21 73 46 61 60 26 11 20 17 55 66 5 34 72,evens,regular,2
2022-12-17T03:54:00Z,649,14 53 58 61 48 11 6 31 13 1 33 20 45 57 72 10 74 67 55 76,tails,minor,10
2022-12-17T03:57:00Z,650,74 65 72 19 52 44 2 23 53 70 62 48 7 4 39 37 20 3 67 40,evens,regular,2
2022-12-17T04:00:00Z,651,66 44 18 12 15 62 40 32 38 67 46 70 26 79 3 8 21 54 41 74,evens,regular,3
2022-12-17T04:03:00Z,652,65 38 2 61 10 32 68 13 67 63 29 64 17 80 43 50 44 16 74 49,tails,regular,2
2022-12-17T04:06:00Z,653,77 61 8 32 79 67 28 4 73 68 33 74 1 53 31 80 71 14 59 42,tails,minor,3
2022-12-17T04:09:00Z,654,52 42 35 29 25 28 64 8 70 13 55 6 24 32 33 48 49 5 21 9,heads,regular,3
2022-12-17T04:12:00Z,656,6 77 53 78 43 26 21 31 61 41 51 32 50 33 48 45 59 71 42 52,tails,regular,3
2022-12-17T04:15:00Z,657,31 61 34 47 38 33 3 28 62 68 59 20 4 40 8 17 25 50 49 56,heads,regular,1
2022-12-17T04:18:00Z,658,80 34 3 29 69 78 54 51 13 8 19 9 47 41 17 71 37 26 10 68,heads,major,2
2022-12-17T04:21:00Z,659,63 42 64 38 55 19 65 54 76 79 34 77 71 20 75 73 40 57 6 26,tails,regular,3
2022-12-17T04:24:00Z,660,61 66 35 68 46 72 40 22 21 19 65 79 18 11 60 57 2 47 53 26,tails,minor,2
2022-12-17T04:27:00Z,661,41 68 22 16 1 35 5 21 8 45 18 10 55 50 77 79 58 72 30 57,evens,regular,1
2022-12-17T04:30:00Z,662,60 25 66 78 52 53 8 29 73 45 26 59 34 69 55 35 18 75 14 70,tails,regular,1
2022-12-17T04:33:00Z,663,25 39 52 80 18 75 41 61 6 58 13 79 68 27 35 28 67 64 21 71,tails,minor,1
2022-12-17T04:36:00Z,665,39 56 5 7 32 24 80 30 68 9 55 74 72 31 15 44 19 35 41 54,heads,minor,4
2022-12-17T04:39:00Z,666,53 58 21 35 78 46 32 55 3 63 48 68 24 6 71 76 56 57 10 25,tails,regular,2
2022-12-17T04:42:00Z,667,24 51 75 78 52 33 14 13 22 59 44 47 55 71 7 66 73 72 48 63,tails,regular,1
2022-12-17T04:45:00Z,668,51 43 74 49 48 31 79 36 41 29 58 32 57 63 5 53 24 9 33 22,tails,regular,1
2022-12-17T04:48:00Z,669,3 53 9 10 73 69 72 43 2 71 41 47 55 40 52 70 56 13 6 36,tails,regular,3
2022-12-17T04:51:00Z,670,50 14 47 56 30 63 38 10 13 58 19 72 7 51 45 40 64 37 2 42,evens,regular,4
2022-12-17T04:54:00Z,671,40 31 22 77 42 48 16 10 21 62 68 73 49 11 26 58 54 18 38 79,evens,regular,2
2022-12-17T04:57:00Z,672,30 17 10 54 50 73 43 66 42 16 48 35 8 44 56 77 46 15 31 63,tails,regular,3
2022-12-17T05:00:00Z,674,61 12 14 47 60 69 63 33 21 11 2 30 27 7 54 5 62 56 26 72,heads,regular,1
2022-12-17T05:03:00Z,675,61 74 40 45 43 6 19 25 39 35 54 49 77 22 70 13 47 5 26 4,heads,regular,5
2022-12-17T05:06:00Z,676,54 62 5 16 49 38 37 28 8 25 68 59 57 58 47 7 73 36 69 4,evens,regular,1
2022-12-17T05:09:00Z,677,54 28 78 4 67 79 22 11 30 44 48 5 71 37 75 12 3 47 74 64,tails,minor,1
2022-12-17T05:12:00Z,678,78 7 25 77 56 40 3 16 60 8 54 50 36 73 65 62 37 17 20 51,evens,minor,1
2022-12-17T05:15:00Z,679,45 9 69 63 42 22 1 74 31 23 64 4 55 8 27 51 25 80 37 14,heads,regular,3
2022-12-17T05:18:00Z,680,39 30 35 18 21 55 33 59 34 11 51 12 46 71 43 8 56 78 28 49,heads,regular,2
2022-12-17T05:21:00Z,681,69 35 19 22 29 4 2 11 5 57 39 47 16 68 75 42 76 49 79 13,heads,regular,3
2022-12-17T05:24:00Z,683,58 30 6 36 1 80 61 73 60 42 63 51 55 47 68 43 24 28 59 3,tails,regular,1
2022-12-17T05:27:00Z,684,44 26 19 65 6 77 79 66 75 4 67 38 3 42 41 64 61 55 9 53,tails,regular,3
2022-12-17T05:30:00Z,685,43 68 63 69 32 51 34 33 11 28 37 30 21 3 25 8 42 2 58 65,heads,regular,1
2022-12-17T05:33:00Z,686,71 21 78 25 60 8 50 12 44 76 79 2 33 61 52 16 80 68 27 7,tails,regular,3
2022-12-17T05:36:00Z,687,28 35 9 77 38 15 8 7 14 61 74 31 75 54 50 40 55 49 47 46,evens,regular,1
2022-12-17T05:39:00Z,688,71 7 67 41 23 10 2 70 33 54 16 38 69 17 4 75 12 31 14 78,heads,regular,1
2022-12-17T05:42:00Z,689,4 59 52 6 66 10 38 69 33 35 48 72 73 54 5 20 51 22 68 74,tails,regular,3
2022-12-17T05:45:00Z,690,66 36 35 29 45 74 71 53 78 14 55 2 22 70 46 61 21 59 23 7,tails,regular,3
2022-12-17T05:48:00Z,692,22 57 77 2 32 16 19 12 13 60 53 69 30 35 64 50 48 46 62 76,tails,regular,2
2022-12-17T05:51:00Z,693,13 1 46 78 25 71 58 22 19 32 35 16 54 53 43 5 8 39 15 42,heads,regular,3
2022-12-17T05:54:00Z,694,17 65 10 16 74 30 33 69 72 58 60 77 64 7 79 37 2 75 21 24,evens,major,1
2022-12-17T05:57:00Z,695,69 10 36 42 80 28 29 68 41 67 5 1 19 7 44 27 79 9 38 4,heads,minor,2
2022-12-17T06:00:00Z,696,27 46 20 37 64 6 1 60 61 71 48 34 56 50 74 42 29 73 35 68,tails,regular,1
2022-12-17T06:03:00Z,697,67 35 36 37 13 33 23 72 49 66 42 24 15 50 12 14 59 75 27 65,heads,minor,2
2022-12-17T06:06:00Z,698,77 52 18 30 73 26 39 55 15 5 6 66 25 4 65 76 20 23 9 41,heads,major,1
2022-12-17T06:09:00Z,699,16 74 43 65 41 51 52 30 66 21 50 59 38 68 1 54 14 28 79 6,tails,minor,3
2022-12-17T06:12:00Z,701,48 32 16 29 6 42 56 17 78 69 57 52 43 49 58 77 20 27 19 74,tails,major,1
2022-12-17T06:15:00Z,702,78 26 60 53 38 69 7 6 10 34 23 59 45 65 2 63 19 51 73 27,evens,minor,1
2022-12-17T06:18:00Z,703,65 1 9 56 25 55 66 60 49 20 63 13 38 75 58 21 24 48 37 2,evens,major,1
2022-12-17T06:21:00Z,704,24 37 44 76 3 29 42 68 4 80 16 34 33 67 36 49 48 31 28 19,heads,regular,1
2022-12-17T06:24:00Z,705,32 1 59 69 43 48 56 17 13 10 29 46 8 73 36 76 47 23 61 53,tails,regular,1
2022-12-17T06:27:00Z,706,51 67 48 2 73 64 13 8 61 24 55 44 5 74 57 65 59 15 4 47,tails,regular,2
2022-12-17T06:30:00Z,707,78 64 3 49 65 30 79 61 46 80 37 8 39 23 44 57 15 27 71 6,tails,regular,2
2022-12-17T06:33:00Z,708,68 14 79 27 35 67 63 10 29 36 39 56 23 77 53 8 34 3 25 21,heads,major,1
2022-12-17T06:36:00Z,710,17 67 54 66 76 22 34 8 62 59 2 42 79 6 27 26 70 20 31 10,heads,regular,1
2022-12-17T06:39:00Z,711,33 63 66 58 72 45 40 80 55 51 74 38 47 19 62 32 12 24 22 13,tails,regular,2
2022-12-17T06:42:00Z,712,70 80 43 22 30 6 66 28 8 77 51 13 78 5 32 46 4 49 56 27,evens,regular,2
2022-12-17T06:45:00Z,713,44 8 20 17 78 2 31 58 61 41 80 59 30 71 74 40 15 4 26 54,evens,regular,1
2022-12-17T06:48:00Z,714,50 39 54 1 48 52 55 70 5 80 57 42 2 34 12 75 35 3 41 24,tails,regular,3
2022-12-17T06:51:00Z,715,49 19 30 67 41 60 75 14 51 12 50 33 7 43 70 17 22 76 5 80,tails,regular,3
2022-12-17T06:54:00Z,716,56 16 27 63 4 5 61 47 64 29 24 70 41 67 66 10 9 69 46 2,tails,regular,2
2022-12-17T06:57:00Z,717,80 54 30 13 44 23 5 37 55 65 63 70 48 3 73 21 67 56 7 12,tails,minor,3
2022-12-17T07:00:00Z,719,29 60 57 12 65 48 70 6 7 47 25 16 80 10 32 2 59 64 63 8,evens,minor,2
2022-12-17T07:03:00Z,720,21 42 22 65 74 29 3 41 54 77 45 19 60 6 30 79 36 59 61 67,tails,major,1
2022-12-17T07:06:00Z,721,18 40 36 70 55 57 27 25 73 24 68 44 19 45 41 11 26 66 29 37,heads,minor,2
2022-12-17T07:09:00Z,722,73 39 26 11 22 49 63 6 17 43 9 33 75 68 76 24 18 54 32 50,heads,major,1
2022-12-17T07:12:00Z,723,72 43 44 57 12 59 48 6 4 10 2 32 38 18 64 17 73 62 8 68,evens,regular,1
2022-12-17T07:15:00Z,724,34 43 27 78 21 1 12 2 59 71 66 25 31 26 3 45 15 20 57 54,heads,regular,2
2022-12-17T07:18:00Z,725,34 25 39 24 17 59 18 49 13 63 74 10 64 41 50 20 47 80 37 78,evens,regular,10
2022-12-17T07:21:00Z,726,42 7 4 79 40 29 72 60 43 66 77 17 30 62 22 19 47 21 23 55,evens,regular,1
2022-12-17T07:24:00Z,728,60 72 6 21 25 48 75 35 74 69 55 45 64 47 2 77 5 76 68 9,tails,regular,2
2022-12-17T07:27:00Z,729,7 59 69 25 62 63 76 70 37 9 48 30 40 75 44 45 19 53 77 79,tails,regular,1
2022-12-17T07:30:00Z,730,45 46 64 22 52 40 1 51 73 65 11 55 23 53 44 54 27 42 63 9,tails,regular,2
2022-12-17T07:33:00Z,731,14 74 78 16 52 49 8 26 55 43 44 22 59 56 23 40 28 10 80 45,tails,regular,2
2022-12-17T07:36:00Z,732,24 71 60 13 49 27 8 28 1 64 14 3 39 2 54 22 32 20 40 42,heads,minor,1
2022-12-17T07:39:00Z,733,13 46 49 16 33 18 52 76 21 54 63 15 77 75 48 59 71 6 4 51,tails,minor,1
2022-12-17T07:42:00Z,734,65 73 24 39 7 31 68 47 9 48 45 14 18 49 63 16 41 75 26 79,tails,regular,1
2022-12-17T07:45:00Z,735,57 73 80 22 70 55 65 42 29 51 1 21 71 69 27 14 53 47 39 66,tails,minor,2
2022-12-17T07:48:00Z,737,8 66 69 5 60 42 65 4 37 71 49 32 41 10 3 35 34 57 51 76,tails,regular,1
2022-12-17T07:51:00Z,738,20 76 24 57 68 4 78 36 48 12 61 52 50 1 53 25 64 34 73 9,tails,regular,2
2022-12-17T07:54:00Z,739,53 24 63 28 65 40 22 2 62 55 66 73 77 39 9 19 32 48 51 23,evens,major,4
2022-12-17T07:57:00Z,740,67 27 50 53 36 51 65 74 55 2 66 60 76 63 56 78 42 6 22 54,tails,minor,3
2022-12-17T08:00:00Z,741,31 58 1 59 72 4 78 7 34 26 40 79 73 71 68 6 3 18 13 32,heads,regular,1
2022-12-17T08:03:00Z,742,31 1 2 38 47 4 45 52 34 35 41 37 53 36 29 77 27 7 17 8,heads,regular,5
2022-12-17T08:06:00Z,743,45 56 63 29 80 7 10 60 3 39 61 62 4 40 42 66 71 64 72 23,tails,regular,1
2022-12-17T08:09:00Z,744,23 19 78 17 1 66 55 8 54 58 30 44 34 68 52 20 15 36 79 14,heads,regular,2
2022-12-17T08:12:00Z,746,70 58 54 76 43 15 35 19 27 49 41 1 5 79 3 10 44 73 22 52,tails,regular,2
2022-12-17T08:15:00Z,747,29 46 67 16 5 79 52 21 51 22 58 10 44 19 75 42 28 1 73 45,tails,regular,1
2022-12-17T08:18:00Z,748,23 39 53 15 46 17 3 13 49 24 2 5 41 20 78 54 29 59 65 33,heads,regular,2
2022-12-17T08:21:00Z,749,16 38 18 44 3 12 2 4 6 25 63 39 80 23 66 30 68 79 70 34,heads,regular,3
2022-12-17T08:24:00Z,750,53 39 58 23 19 35 69 52 32 50 61 31 10 41 29 63 46 22 12 5,heads,regular,3
2022-12-17T08:27:00Z,751,72 73 80 59 27 45 35 26 58 70 2 46 52 15 11 48 55 12 13 56,tails,regular,1
2022-12-17T08:30:00Z,752,45 14 19 54 37 77 10 38 75 28 50 60 62 59 15 21 68 58 52 36,tails,regular,2
2022-12-17T08:33:00Z,753,72 12 24 20 8 44 63 69 74 56 43 13 77 52 53 40 28 25 50 59,tails,regular,2
2022-12-17T08:36:00Z,755,46 51 39 21 49 1 57 77 16 75 60 28 23 17 58 42 31 62 40 47,tails,regular,2
2022-12-17T08:39:00Z,756,21 6 62 68 61 32 51 64 35 48 76 31 58 79 3 50 75 34 16 13,tails,regular,1
2022-12-17T08:42:00Z,757,78 73 27 36 2 51 6 55 21 7 77 40 54 67 37 26 29 35 59 32,heads,regular,1
2022-12-17T08:45:00Z,758,39 80 79 40 74 51 19 75 41 72 26 59 28 49 14 73 65 53 69 54,tails,minor,3
2022-12-17T08:48:00Z,759,40 50 55 36 66 73 16 23 59 54 43 15 20 1 65 53 60 34 62 47,tails,major,3
2022-12-17T08:51:00Z,760,4 2 58 14 51 47 28 15 71 35 53 61 55 40 57 23 54 64 39 36,evens,regular,1
2022-12-17T08:54:00Z,761,21 25 44 75 23 39 58 65 51 14 26 48 6 78 67 19 13 11 74 2,heads,regular,1
2022-12-17T08:57:00Z,762,12 51 18 11 67 60 46 17 15 37 62 64 71 52 23 59 79 28 33 3,evens,minor,1
2022-12-17T09:00:00Z,764,33 12 9 20 54 24 49 19 47 41 51 50 65 68 70 26 17 29 48 18,evens,regular,3
2022-12-17T09:03:00Z,765,62 30 59 72 35 74 42 9 7 31 10 22 58 14 54 39 8 43 1 67,heads,regular,1
2022-12-17T09:06:00Z,766,71 15 26 13 63 62 74 78 29 57 9 73 2 17 22 61 8 18 6 49,heads,regular,2
2022-12-17T09:09:00Z,767,29 4 53 41 42 50 37 60 7 39 9 33 79 5 6 43 24 13 72 78,heads,minor,2
2022-12-17T09:12:00Z,768,4 16 9 53 36 10 43 72 76 22 26 15 40 73 55 17 54 18 57 49,heads,minor,3
2022-12-17T09:15:00Z,769,26 23 39 13 2 70 30 21 32 18 33 73 61 57 56 24 31 58 3 71,heads,regular,1
2022-12-17T09:18:00Z,770,65 15 53 43 35 41 26 37 6 56 46 9 10 2 63 24 76 54 42 12,evens,regular,1
2022-12-17T09:21:00Z,771,38 36 50 13 30 8 41 21 29 55 52 43 80 44 32 5 61 59 10 24,heads,regular,2
2022-12-17T09:24:00Z,773,66 35 55 76 16 70 42 36 38 17 44 20 72 52 58 75 14 69 77 10,tails,regular,1
2022-12-17T09:27:00Z,774,44 15 6 2 63 55 41 28 71 18 46 45 60 47 21 17 24 54 75 35,tails,major,1
2022-12-17T09:30:00Z,775,16 64 10 66 79 74 69 7 6 44 37 34 43 14 80 25 17 20 41 72,evens,regular,1
2022-12-17T09:33:00Z,776,21 30 19 29 52 23 28 50 38 2 4 78 41 10 57 9 42 58 1 67,heads,major,1
2022-12-17T09:36:00Z,777,44 56 71 25 51 45 78 50 14 76 62 41 32 70 16 31 7 26 28 17,tails,regular,2
2022-12-17T09:39:00Z,778,26 69 5 41 40 54 46 35 62 15 31 70 21 60 80 48 34 63 24 58,tails,regular,2
2022-12-17T09:42:00Z,779,50 64 57 8 11 12 13 69 9 62 22 43 59 74 63 58 39 67 36 23,tails,regular,2
2022-12-17T09:45:00Z,780,73 7 62 25 9 70 19 77 56 3 63 4 24 66 38 72 60 40 43 75,tails,minor,3
2022-12-17T09:48:00Z,782,5 53 52 1 49 22 61 4 24 16 62 3 2 58 43 57 63 28 13 26,heads,regular,10
2022-12-17T09:51:00Z,783,13 25 61 8 9 32 70 16 55 26 50 30 21 36 10 6 19 20 49 39,heads,minor,1
2022-12-17T09:54:00Z,784,5 51 10 49 79 71 54 57 18 43 8 56 27 33 35 53 12 25 40 65,evens,regular,2
2022-12-17T09:57:00Z,785,45 17 2 29 53 9 65 10 28 63 18 36 70 6 15 42 12 75 1 8,heads,minor,2
2022-12-17T10:00:00Z,786,52 51 1 47 57 65 76 72 14 37 49 16 55 45 42 67 8 80 25 77,tails,regular,10
2022-12-17T10:03:00Z,787,12 31 58 45 20 34 42 79 77 33 73 65 76 69 10 37 24 3 60 7,evens,regular,1
2022-12-17T10:06:00Z,788,79 57 22 39 7 76 13 63 38 32 33 43 31 50 78 46 29 65 8 64,evens,regular,1
2022-12-17T10:09:00Z,789,12 48 1 50 15 51 60 27 56 13 57 36 9 32 5 17 38 34 19 7,heads,regular,1
2022-12-17T10:12:00Z,791,77 71 36 57 6 23 46 27 39 18 62 31 64 50 61 16 11 21 70 76,evens,regular,4
2022-12-17T10:15:00Z,792,73 48 10 68 77 70 23 31 8 12 37 9 54 3 29 25 63 18 17 52,heads,minor,5
2022-12-17T10:18:00Z,793,56 74 44 68 51 20 66 25 30 37 72 35 29 28 59 24 21 43 2 42,evens,minor,3
2022-12-17T10:21:00Z,794,74 8 69 14 9 78 52 30 5 62 16 25 58 1 10 71 36 2 35 47,heads,regular,2
2022-12-17T10:24:00Z,795,62 29 6 5 70 32 7 44 11 33 18 67 39 80 24 21 46 27 55 40,heads,regular,3
2022-12-17T10:27:00Z,796,36 42 28 34 64 39 67 74 6 73 12 17 15 25 32 3 77 79 62 50,heads,minor,1
2022-12-17T10:30:00Z,797,18 58 53 26 47 54 67 80 39 43 6 28 44 30 25 75 40 66 55 20,tails,minor,1
2022-12-17T10:33:00Z,798,8 69 51 3 56 72 9 68 26 79 17 47 44 67 21 71 57 39 59 34,tails,regular,1
2022-12-17T10:36:00Z,800,44 77 1 66 13 65 67 29 20 21 16 12 61 70 22 60 23 53 35 36,heads,regular,2
2022-12-17T10:39:00Z,801,65 17 61 62 76 49 37 57 41 44 12 5 32 63 71 24 38 79 72 16,tails,regular,5
2022-12-17T10:42:00Z,802,21 74 56 33 37 43 13 69 51 66 49 27 59 8 48 45 34 39 44 23,tails,regular,2
2022-12-17T10:45:00Z,803,36 37 35 32 73 24 65 54 40 71 48 13 46 12 11 68 5 16 23 18,heads,minor,5
2022-12-17T10:48:00Z,804,79 67 25 66 4 32 15 78 7 58 3 52 50 55 8 5 77 75 40 74,tails,regular,3
2022-12-17T10:51:00Z,805,21 3 31 71 49 20 9 15 7 68 12 76 77 75 65 54 39 14 26 28,heads,minor,2
2022-12-17T10:54:00Z,806,63 48 60 79 12 68 7 45 41 53 69 22 80 6 42 11 51 75 58 56,tails,regular,1
2022-12-17T10:57:00Z,807,43 73 20 35 77 51 23 9 58 59 74 44 7 21 80 29 37 1 63 25,evens,minor,3
2022-12-17T11:00:00Z,809,76 36 66 26 57 42 25 16 65 55 79 62 24 51 63 2 7 43 71 27,tails,major,1
2022-12-17T11:03:00Z,810,41 73 49 68 31 43 26 39 29 14 5 59 13 24 80 70 1 8 38 33,heads,regular,3
2022-12-17T11:06:00Z,811,70 14 4 27 53 18 54 36 62 55 68 6 11 2 72 49 23 59 38 17,heads,regular,2
2022-12-17T11:09:00Z,812,79 46 33 56 15 3 64 28 69 63 49 76 52 53 12 70 62 66 24 37,tails,regular,2
2022-12-17T11:12:00Z,813,27 22 75 67 47 66 13 21 64 68 34 49 43 59 50 31 29 80 18 77,tails,minor,2
2022-12-17T11:15:00Z,814,61 34 6 29 5 51 23 63 19 78 42 24 47 53 38 37 31 66 35 15,heads,regular,3
2022-12-17T11:18:00Z,815,29 73 6 7 78 70 22 52 55 21 15 16 32 50 76 51 9 3 26 58,heads,regular,2
2022-12-17T11:21:00Z,816,79 51 25 24 76 15 52 17 65 46 18 30 64 23 2 68 3 50 8 57,evens,regular,1
2022-12-17T11:24:00Z,818,39 29 58 59 78 30 25 36 7 3 67 55 63 53 27 21 6 23 50 4,heads,regular,1
2022-12-17T11:27:00Z,819,7 63 62 55 75 26 13 15 72 69 31 77 17 61 16 74 79 52 73 53,tails,regular,1
2022-12-17T11:30:00Z,820,48 62 34 21 66 20 31 56 24 55 53 14 64 11 70 49 12 58 25 51,tails,regular,3
2022-12-17T11:33:00Z,821,1 15 16 21 40 2 60 24 19 28 55 67 59 7 32 20 4 35 75 29,heads,regular,1
2022-12-17T11:36:00Z,822,9 11 61 60 63 31 78 13 69 71 32 37 62 76 57 27 14 1 77 3,evens,regular,1
2022-12-17T11:39:00Z,823,28 13 53 71 35 24 54 76 59 58 72 21 4 30 16 34 55 25 9 27,heads,major,2
2022-12-17T11:42:00Z,824,4 13 56 12 25 15 31 50 76 54 52 32 37 47 51 24 19 16 11 3,heads,regular,1
2022-12-17T11:45:00Z,825,42 34 1 37 33 23 28 80 79 56 39 62 75 46 27 63 4 21 47 74,evens,minor,2
2022-12-17T11:48:00Z,827,15 36 41 2 75 26 25 20 8 59 72 18 1 39 65 33 71 80 68 42,heads,regular,3
2022-12-17T11:51:00Z,828,29 47 33 4 66 62 30 53 8 69 34 14 50 23 61 74 38 68 11 35,heads,major,3
2022-12-17T11:54:00Z,829,38 32 40 77 24 75 76 71 56 28 44 66 30 68 80 70 59 52 69 43,tails,regular,3
2022-12-17T11:57:00Z,830,52 40 19 2 16 41 57 6 46 49 55 37 58 10 27 77 28 23 30 4,heads,regular,1
2022-12-17T12:00:00Z,831,58 57 37 75 61 39 41 46 5 56 26 72 18 15 73 40 23 11 36 70,evens,regular,3
2022-12-17T12:03:00Z,832,62 7 27 75 9 49 13 52 58 5 12 6 10 71 50 40 25 48 2 77,heads,regular,1
2022-12-17T12:06:00Z,833,57 27 67 72 1 61 74 20 36 65 70 4 34 68 33 54 37 46 38 73,tails,minor,2
2022-12-17T12:09:00Z,834,10 19 45 60 71 58 42 40 49 2 7 78 36 46 34 61 68 37 65 28,tails,minor,3
2022-12-17T12:12:00Z,836,15 11 33 74 39 49 13 48 69 70 78 68 9 8 2 21 47 60 1 45,evens,minor,2
2022-12-17T12:15:00Z,837,65 16 74 6 76 12 11 13 36 24 14 47 20 3 7 22 52 48 1 21,heads,regular,1
2022-12-17T12:18:00Z,838,2 31 71 65 78 73 27 45 77 53 72 44 36 12 43 21 40 25 55 19,tails,minor,2
2022-12-17T12:21:00Z,839,49 58 51 18 67 38 28 3 14 24 19 34 33 64 73 75 23 61 47 56,evens,minor,1
2022-12-17T12:24:00Z,840,34 20 22 15 60 26 7 35 79 52 53 44 41 6 38 56 37 63 19 51,heads,regular,4
2022-12-17T12:27:00Z,841,48 45 14 27 21 52 34 79 44 1 13 2 10 18 61 40 39 31 65 43,heads,regular,2
2022-12-17T12:30:00Z,842,76 15 53 20 40 34 4 48 10 80 67 23 12 8 57 71 45 33 17 30,heads,major,1
2022-12-17T12:33:00Z,843,71 57 24 80 79 35 32 78 23 43 31 62 30 75 6 34 69 65 27 59,tails,regular,1
2022-12-17T12:36:00Z,845,54 20 27 15 71 67 26 3 64 57 62 40 39 38 14 12 10 69 48 41,heads,regular,2
2022-12-17T12:39:00Z,846,49 54 78 45 2 42 50 53 60 18 67 52 64 41 39 76 43 69 14 5,tails,regular,5
2022-12-17T12:42:00Z,847,10 27 25 26 58 64 75 49 72 33 15 34 52 28 32 68 3 44 21 7,heads,major,1
2022-12-17T12:45:00Z,848,71 80 10 40 74 7 41 79 43 18 21 59 60 72 69 50 35 65 15 45,tails,regular,1
2022-12-17T12:48:00Z,849,64 31 8 3 9 6 34 69 10 16 78 48 71 26 44 43 79 13 53 74,evens,regular,3
2022-12-17T12:51:00Z,850,51 57 22 68 7 63 42 55 38 21 19 8 47 52 26 1 72 64 4 32,evens,regular,2
2022-12-17T12:54:00Z,851,48 46 20 51 35 17 13 4 28 39 76 56 52 27 3 70 5 40 68 41,heads,minor,3
2022-12-17T12:57:00Z,852,29 56 4 23 68 41 53 69 6 62 5 77 52 57 76 71 22 59 48 26,tails,regular,3
2022-12-17T13:00:00Z,854,56 63 71 23 31 74 18 36 25 11 35 38 28 59 51 54 48 40 79 4,heads,minor,2
2022-12-17T13:03:00Z,855,55 61 65 51 37 58 50 80 1 49 32 19 3 78 13 22 5 68 73 20,tails,regular,2
2022-12-17T13:06:00Z,856,65 55 70 10 73 26 24 78 22 40 77 62 27 76 23 13 20 17 18 19,heads,regular,1
2022-12-17T13:09:00Z,857,78 79 60 27 48 10 38 7 23 73 17 54 9 33 64 49 52 74 42 36,tails,regular,1
2022-12-17T13:12:00Z,858,4 78 40 80 31 64 12 18 65 38 47 52 30 15 20 33 54 28 70 51,heads,major,4
2022-12-17T13:15:00Z,859,1 64 21 77 32 41 58 78 14 47 61 44 3 24 31 11 63 42 38 68,tails,regular,1
2022-12-17T13:18:00Z,860,33 57 48 35 55 36 34 58 56 77 69 39 27 29 11 7 59 51 63 75,tails,minor,1
2022-12-17T13:21:00Z,861,12 51 67 19 40 46 17 52 53 62 26 1 38 41 55 43 74 22 58 3,tails,regular,2
2022-12-17T13:24:00Z,863,20 52 8 43 6 22 48 53 25 16 46 64 68 32 3 70 34 44 36 62,evens,regular,2
2022-12-17T13:27:00Z,864,26 45 15 65 11 73 21 55 69 16 39 14 37 25 43 20 48 70 57 74,evens,minor,10
2022-12-17T13:30:00Z,865,33 79 39 31 24 58 62 64 43 2 68 41 32 3 22 80 40 15 73 29,heads,regular,4
2022-12-17T13:33:00Z,866,47 26 53 56 66 49 2 32 36 78 75 59 60 69 55 1 79 8 9 19,tails,regular,1
2022-12-17T13:36:00Z,867,22 71 47 50 70 74 39 10 54 19 45 29 2 26 48 66 1 53 56 55,tails,regular,1
2022-12-17T13:39:00Z,868,17 69 6 32 77 59 44 64 7 66 28 54 76 68 5 24 50 58 47 19,tails,regular,3
2022-12-17T13:42:00Z,869,63 32 35 10 40 22 72 75 17 66 16 43 69 7 24 48 77 38 33 1,heads,major,1
2022-12-17T13:45:00Z,870,67 62 27 2 37 44 24 30 52 39 41 36 54 25 42 53 77 38 15 33,heads,regular,2
2022-12-17T13:48:00Z,872,65 54 37 6 72 47 16 7 74 17 3 53 36 48 71 50 28 26 45 67,tails,regular,2
2022-12-17T13:51:00Z,873,79 31 49 20 71 10 12 38 58 3 11 61 6 30 54 33 17 73 1 25,heads,minor,1
2022-12-17T13:54:00Z,874,54 37 2 7 31 6 65 63 23 80 72 34 62 26 42 69 74 77 24 29,evens,minor,1
2022-12-17T13:57:00Z,875,58 27 64 51 23 25 8 78 37 13 31 60 39 69 11 35 74 6 73 21,heads,regular,2
2022-12-17T14:00:00Z,876,10 45 70 38 25 65 61 13 12 14 80 20 39 53 48 69 47 16 4 66,evens,regular,2
2022-12-17T14:03:00Z,877,76 63 50 80 61 71 27 11 44 13 47 58 5 2 24 21 14 54 35 31,evens,minor,3
2022-12-17T14:06:00Z,878,49 57 53 55 3 23 29 79 1 51 31 60 11 25 2 13 44 80 78 75,tails,regular,2
2022-12-17T14:09:00Z,879,49 15 19 50 62 56 37 78 31 18 79 39 57 9 27 45 30 11 44 54,evens,regular,2
2022-12-17T14:12:00Z,881,34 49 77 64 74 40 42 26 56 28 47 75 1 48 10 69 65 9 44 7,tails,minor,2
2022-12-17T14:15:00Z,882,77 70 7 63 55 34 62 2 60 75 6 45 67 31 65 3 10 24 36 43,tails,minor,1
2022-12-17T14:18:00Z,883,21 2 38 16 36 44 78 29 48 51 11 6 77 52 68 1 25 80 69 9,heads,regular,3
2022-12-17T14:21:00Z,884,30 39 71 18 49 22 52 59 73 32 31 23 20 45 28 34 80 67 25 68,heads,regular,1
2022-12-17T14:24:00Z,885,32 42 18 75 17 39 73 33 50 27 30 35 68 20 22 57 67 56 2 25,heads,major,1
2022-12-17T14:27:00Z,886,65 74 53 28 26 11 22 59 43 41 62 1 37 30 56 35 61 44 9 69,tails,minor,3
2022-12-17T14:30:00Z,887,33 53 45 2 74 8 7 43 12 67 73 71 11 69 79 55 51 24 27 6,tails,regular,2
2022-12-17T14:33:00Z,888,4 63 32 24 45 30 35 67 20 54 46 61 11 47 75 64 51 68 57 41,tails,minor,1
2022-12-17T14:36:00Z,890,27 39 36 24 73 44 7 58 6 33 8 5 38 59 35 49 48 21 9 70,heads,regular,3
2022-12-17T14:39:00Z,891,20 66 40 58 12 80 46 50 76 43 30 36 44 32 75 59 3 62 41 38,tails,major,1
2022-12-17T14:42:00Z,892,21 11 54 62 58 68 32 10 38 30 79 60 47 50 75 63 15 73 77 74,tails,minor,1
2022-12-17T14:45:00Z,893,38 71 8 72 42 68 43 22 16 27 29 19 31 7 21 55 76 10 45 56,heads,regular,3
2022-12-17T14:48:00Z,894,58 7 66 47 11 63 21 13 49 72 16 77 24 19 42 30 52 34 18 20,heads,minor,3
2022-12-17T14:51:00Z,895,27 37 34 15 66 30 74 54 69 48 16 39 56 4 19 49 75 72 50 57,tails,regular,3
2022-12-17T14:54:00Z,896,10 4 67 55 25 34 31 48 64 80 21 33 29 19 75 13 51 40 50 12,heads,regular,3
2022-12-17T14:57:00Z,897,69 32 73 49 12 42 67 62 63 61 47 65 7 53 52 51 36 79 64 10,tails,minor,1
2022-12-17T15:00:00Z,899,70 75 32 49 26 73 12 5 21 8 35 67 60 10 37 11 59 80 33 28,heads,regular,2
2022-12-17T15:03:00Z,900,30 64 42 34 26 9 23 51 41 72 67 77 58 15 3 44 35 43 46 78,tails,regular,1
2022-12-17T15:06:00Z,901,13 46 50 49 65 10 20 44 40 3 64 63 72 77 1 24 4 42 37 26,evens,regular,3
2022-12-17T15:09:00Z,902,74 60 39 58 42 24 14 59 44 69 72 63 28 62 22 3 36 45 5 48,tails,regular,3
2022-12-17T15:12:00Z,903,6 28 71 8 7 45 54 19 77 66 22 69 16 74 9 2 3 52 58 38,heads,minor,2
2022-12-17T15:15:00Z,904,37 62 21 29 63 41 23 39 32 53 43 31 16 77 69 80 74 18 34 5,heads,minor,1
2022-12-17T15:18:00Z,905,59 38 74 68 33 15 76 72 12 2 57 19 67 77 4 55 43 35 13 32,evens,major,4
2022-12-17T15:21:00Z,906,68 64 70 65 1 52 62 26 53 80 47 71 31 54 76 4 49 21 69 8,tails,regular,10
2022-12-17T15:24:00Z,908,18 9 60 11 3 79 4 26 59 72 19 70 42 54 61 67 31 36 74 23,evens,regular,1
2022-12-17T15:27:00Z,909,71 28 17 24 49 72 12 56 22 53 69 20 1 11 23 74 41 55 4 80,evens,regular,5
2022-12-17T15:30:00Z,910,69 46 65 80 60 79 6 70 34 59 7 17 39 21 50 62 25 3 12 47,tails,major,4
2022-12-17T15:33:00Z,911,54 76 44 37 25 27 11 34 4 40 24 62 26 31 12 7 15 21 60 67,heads,regular,1
2022-12-17T15:36:00Z,912,77 7 16 63 28 31 33 67 12 34 23 74 9 24 79 13 18 57 53 19,heads,regular,1
2022-12-17T15:39:00Z,913,78 13 67 10 63 39 25 65 51 76 34 61 41 22 12 47 36 75 44 43,tails,regular,1
2022-12-17T15:42:00Z,914,33 29 80 41 51 2 5 60 47 50 28 27 18 59 35 21 57 68 52 54,tails,regular,2
2022-12-17T15:45:00Z,915,25 20 39 7 33 53 34 68 9 21 70 49 61 65 36 51 12 56 40 64,heads,regular,1
2022-12-17T15:48:00Z,917,4 9 22 68 10 67 38 3 14 72 66 42 29 30 13 47 31 33 8 69,heads,regular,3
2022-12-17T15:51:00Z,918,63 33 68 27 9 28 25 11 16 3 43 4 8 52 39 46 60 55 50 56,heads,regular,2
2022-12-17T15:54:00Z,919,39 4 20 41 72 6 62 19 77 43 51 13 71 44 55 18 67 5 27 9,evens,major,1
2022-12-17T15:57:00Z,920,20 24 62 45 42 32 43 16 55 59 41 63 25 72 35 52 5 31 48 69,tails,regular,2
2022-12-17T16:00:00Z,921,21 76 71 11 13 43 26 5 3 8 24 37 68 23 20 62 50 9 77 44,heads,regular,1
2022-12-17T16:03:00Z,922,18 11 35 54 14 61 70 23 10 59 4 51 43 60 21 55 67 27 68 24,evens,regular,2
2022-12-17T16:06:00Z,923,71 19 27 28 70 65 79 68 11 32 77 36 6 47 14 74 16 43 24 63,evens,regular,3
2022-12-17T16:09:00Z,924,48 80 69 50 27 39 22 62 52 61 46 26 43 8 28 44 58 67 21 75,tails,regular,1
2022-12-17T16:12:00Z,926,57 38 34 46 15 71 68 56 54 43 48 1 25 11 13 51 45 49 79 3,tails,regular,1
2022-12-17T16:15:00Z,927,1 63 69 73 47 14 11 60 15 65 24 44 21 55 80 57 70 79 51 72,tails,regular,10
2022-12-17T16:18:00Z,928,26 23 43 58 7 13 25 36 29 14 65 17 39 12 47 15 28 69 52 27,heads,regular,1
2022-12-17T16:21:00Z,929,47 12 51 34 62 3 16 78 20 39 50 21 8 53 71 64 67 68 4 22,evens,minor,4
2022-12-17T16:24:00Z,930,77 71 49 8 52 20 34 11 27 42 65 66 14 55 62 16 53 33 40 37,evens,minor,1
2022-12-17T16:27:00Z,931,34 68 20 58 6 77 46 42 7 60 27 65 51 25 12 53 71 40 75 29,tails,regular,1
2022-12-17T16:30:00Z,932,12 28 43 29 35 50 21 68 40 78 57 3 36 70 41 31 2 9 6 39,heads,regular,1
2022-12-17T16:33:00Z,933,35 78 30 3 12 47 79 66 27 19 67 28 65 54 50 2 76 36 62 6,evens,regular,10
2022-12-17T16:36:00Z,935,42 13 40 43 17 2 23 29 63 32 35 27 64 45 80 22 72 9 79 65,heads,minor,1
2022-12-17T16:39:00Z,936,31 37 1 10 51 29 75 46 58 65 69 53 33 61 14 50 62 4 34 23,evens,major,2
2022-12-17T16:42:00Z,937,55 74 50 67 46 49 75 70 6 30 3 25 19 11 79 72 51 65 15 34,tails,regular,2
2022-12-17T16:45:00Z,938,64 2 63 3 54 32 56 24 36 23 48 18 22 28 7 74 77 29 50 71,heads,minor,2
2022-12-17T16:48:00Z,939,56 61 26 17 2 70 15 21 19 37 4 41 74 18 59 38 43 69 52 51,evens,regular,1
2022-12-17T16:51:00Z,940,52 53 16 19 71 24 74 48 30 64 76 20 62 39 35 72 59 25 32 38,evens,regular,1
2022-12-17T16:54:00Z,941,74 50 20 75 25 22 43 5 27 26 56 18 37 31 47 23 40 51 42 12,heads,minor,2
2022-12-17T16:57:00Z,942,17 26 41 21 22 75 34 74 3 67 57 20 55 46 70 33 59 78 27 45,tails,regular,3
2022-12-17T17:00:00Z,944,72 28 55 35 48 73 12 39 11 24 15 49 67 59 25 21 40 9 63 74,heads,regular,2
2022-12-17T17:03:00Z,945,25 24 37 35 2 42 61 12 13 19 5 17 52 70 71 36 65 29 68 48,heads,regular,2
2022-12-17T17:06:00Z,946,53 23 41 38 2 28 51 11 42 24 63 75 31 3 76 62 43 64 46 79,tails,regular,1
2022-12-17T17:09:00Z,947,64 63 67 71 3 29 45 53 28 1 27 52 33 12 50 55 56 19 41 15,tails,minor,2
2022-12-17T17:12:00Z,948,41 5 55 71 46 1 69 26 18 14 53 8 77 21 31 73 33 22 67 79,evens,regular,2
2022-12-17T17:15:00Z,949,66 3 62 17 57 58 6 19 72 32 35 74 25 14 27 79 68 41 12 60,evens,major,1
2022-12-17T17:18:00Z,950,55 33 15 13 24 50 64 34 16 2 65 11 26 63 61 59 53 69 5 76,evens,regular,3
2022-12-17T17:21:00Z,951,47 14 76 74 71 2 62 24 72 56 69 52 15 4 53 64 11 12 75 77,tails,regular,2
2022-12-17T17:24:00Z,953,69 58 5 1 70 80 28 15 50 75 32 57 54 27 8 39 18 29 36 63,heads,minor,2
2022-12-17T17:27:00Z,954,36 37 27 13 9 17 73 46 47 69 56 12 19 20 4 16 21 50 65 78,heads,regular,1
2022-12-17T17:30:00Z,955,33 80 5 3 8 20 19 49 21 10 34 22 73 77 25 28 79 54 50 42,heads,regular,1
2022-12-17T17:33:00Z,956,22 35 71 8 66 14 29 53 34 7 23 61 60 75 39 72 19 80 5 50,heads,minor,10
2022-12-17T17:36:00Z,957,76 43 57 46 45 29 66 6 74 23 63 7 19 24 53 71 20 26 64 14,tails,minor,3
2022-12-17T17:39:00Z,958,17 3 57 49 10 29 51 39 63 52 78 59 32 40 46 48 67 41 2 16,tails,regular,3
2022-12-17T17:42:00Z,959,11 56 43 3 51 18 70 57 52 4 59 17 38 29 55 6 68 5 65 26,evens,regular,1
2022-12-17T17:45:00Z,960,49 41 55 33 67 5 3 21 60 15 71 63 14 79 29 7 48 35 27 74,evens,regular,3
2022-12-17T17:48:00Z,962,64 56 57 52 49 13 77 36 67 38 59 46 27 79 73 5 30 28 66 61,tails,regular,2
2022-12-17T17:51:00Z,963,44 80 25 50 2 19 55 7 61 79 56 78 22 10 17 38 60 48 36 54,tails,regular,3
2022-12-17T17:54:00Z,964,73 40 58 41 1 53 27 31 24 17 50 51 44 36 14 66 32 62 35 67,evens,regular,2
2022-12-17T17:57:00Z,965,54 19 32 15 17 64 26 58 75 23 49 60 51 3 5 62 43 18 13 22,heads,minor,1
2022-12-17T18:00:00Z,966,70 30 49 5 3 67 60 23 8 15 24 74 58 76 64 72 43 28 54 68,tails,regular,3
2022-12-17T18:03:00Z,967,31 19 13 67 51 57 35 12 79 44 58 60 41 65 33 1 55 76 23 52,tails,major,3
2022-12-17T18:06:00Z,968,19 15 73 3 48 37 27 49 63 17 34 30 11 56 29 28 47 80 4 60,heads,minor,1
2022-12-17T18:09:00Z,969,75 20 16 43 71 31 56 70 74 9 49 42 69 8 32 34 33 39 80 58,tails,regular,1
2022-12-17T18:12:00Z,971,16 61 55 53 37 76 32 40 31 41 14 57 26 71 72 5 11 52 59 74,tails,regular,1
2022-12-17T18:15:00Z,972,12 22 46 7 28 47 36 31 78 69 72 9 42 43 48 50 67 53 73 34,tails,regular,3
2022-12-17T18:18:00Z,973,12 14 70 15 37 61 32 69 3 57 41 29 26 75 20 1 33 36 47 30,heads,regular,1
2022-12-17T18:21:00Z,974,70 74 18 61 53 7 8 56 39 6 62 49 22 44 40 58 4 42 2 37,evens,regular,2
2022-12-17T18:24:00Z,975,72 40 80 78 53 37 64 34 58 46 4 70 39 6 35 13 21 63 36 19,heads,minor,2
2022-12-17T18:27:00Z,976,18 78 47 63 80 51 5 64 74 41 35 40 77 36 17 61 46 52 39 33,tails,regular,2
2022-12-17T18:30:00Z,977,68 23 67 57 7 63 46 34 55 35 19 60 24 21 8 79 66 69 9 72,tails,regular,2
2022-12-17T18:33:00Z,978,69 77 54 56 68 74 14 65 16 32 73 52 59 8 43 2 72 30 40 23,tails,regular,10
2022-12-17T18:36:00Z,980,26 41 34 54 25 58 55 19 68 47 46 50 13 21 80 28 65 12 24 75,tails,regular,3
2022-12-17T18:39:00Z,981,46 53 75 5 33 18 6 70 40 14 65 29 73 30 77 78 13 41 8 49,evens,minor,10
2022-12-17T18:42:00Z,982,26 39 47 33 28 20 79 67 64 48 7 5 25 6 17 49 21 8 72 22,heads,major,2
2022-12-17T18:45:00Z,983,78 49 45 59 37 27 42 64 12 40 14 70 24 62 80 18 47 55 75 36,tails,minor,1
2022-12-17T18:48:00Z,984,78 11 42 19 60 74 23 36 33 68 56 29 38 3 71 70 59 34 73 14,evens,regular,3
2022-12-17T18:51:00Z,985,11 66 65 78 30 21 29 17 44 61 53 49 73 71 56 13 40 75 80 6,tails,regular,1
2022-12-17T18:54:00Z,986,66 78 43 26 52 8 74 50 38 59 30 9 28 34 71 76 69 40 21 65,tails,minor,2
2022-12-17T18:57:00Z,987,16 74 26 61 22 65 55 13 15 70 36 33 8 24 29 18 73 64 56 54,heads,regular,1
2022-12-17T19:00:00Z,989,16 46 48 72 25 64 24 34 62 3 57 52 66 15 19 65 32 12 45 69,tails,minor,3
2022-12-17T19:03:00Z,990,15 55 58 23 57 32 44 25 47 49 30 10 22 21 60 29 62 56 9 80,evens,minor,2
2022-12-17T19:06:00Z,991,66 53 6 74 65 11 75 45 13 46 29 62 77 3 61 27 71 69 59 8,tails,regular,3
2022-12-17T19:09:00Z,992,32 30 19 27 11 7 69 10 33 63 56 17 61 60 70 57 67 39 68 54,evens,minor,3
2022-12-17T19:12:00Z,993,61 51 63 52 31 79 13 50 15 65 68 35 21 62 25 10 41 42 49 11,tails,minor,2
2022-12-17T19:15:00Z,994,69 15 38 71 1 37 54 39 79 11 4 42 62 43 34 17 66 13 16 77,heads,major,1
2022-12-17T19:18:00Z,995,35 45 28 34 62 77 52 33 16 64 63 71 26 69 6 30 42 18 51 68,tails,major,1
2022-12-17T19:21:00Z,996,27 12 39 6 65 55 77 64 35 67 9 31 57 75 70 41 32 29 40 19,heads,minor,3
2022-12-17T19:24:00Z,998,1 12 60 56 3 42 18 14 75 74 64 80 50 70 19 35 59 66 17 25,tails,regular,2
2022-12-17T19:27:00Z,999,78 41 58 65 37 72 67 8 71 46 50 63 51 10 32 9 29 16 5 19,tails,major,1
2022-12-17T19:30:00Z,1,25 6 31 42 2 20 33 72 68 32 22 9 59 15 78 40 80 60 14 74,heads,regular,5
2022-12-17T19:33:00Z,2,36 41 75 65 1 22 5 28 57 62 37 12 45 66 61 51 23 40 74 20,evens,regular,3
2022-12-17T19:36:00Z,3,57 24 65 10 14 70 12 62 27 5 17 54 44 63 33 34 41 75 47 19,evens,regular,1
2022-12-17T19:39:00Z,4,32 68 39 59 51 26 5 28 36 64 38 66 69 53 71 21 22 76 79 16,evens,minor,1
2022-12-17T19:42:00Z,5,57 24 51 67 79 52 28 53 50 65 69 8 72 41 47 48 75 59 20 80,tails,minor,1
2022-12-17T19:45:00Z,6,17 33 7 50 43 20 59 55 56 77 64 66 40 26 18 37 2 73 75 62,tails,regular,2
2022-12-17T19:48:00Z,8,49 27 21 15 16 1 8 60 20 34 46 71 48 78 42 76 2 47 38 61,evens,minor,2
2022-12-17T19:51:00Z,9,30 73 17 25 49 22 80 78 39 4 71 32 6 1 63 28 56 11 20 27,heads,regular,1
2022-12-17T19:54:00Z,10,71 33 44 67 55 50 66 49 37 38 12 31 78 80 45 43 24 60 30 59,tails,regular,3
2022-12-17T19:57:00Z,11,23 35 8 78 38 72 6 4 67 25 22 28 10 2 15 17 61 59 80 27,heads,regular,1
2022-12-17T20:00:00Z,12,58 53 66 80 62 10 13 2 73 57 65 29 48 35 51 75 70 49 8 50,tails,regular,1
2022-12-17T20:03:00Z,13,10 69 32 36 38 43 34 78 39 80 54 79 8 75 35 53 70 28 46 3,evens,minor,1
2022-12-17T20:06:00Z,14,5 60 1 59 11 31 49 26 33 56 32 15 29 58 6 78 69 47 52 74,evens,regular,2
2022-12-17T20:09:00Z,15,61 25 3 74 35 77 13 64 19 33 54 22 41 6 75 2 67 34 40 79,heads,regular,3
2022-12-17T20:12:00Z,17,68 17 10 42 21 25 45 26 63 29 80 77 64 38 30 51 39 37 1 40,heads,regular,2
2022-12-17T20:15:00Z,18,73 64 4 22 68 71 70 16 3 79 47 36 13 24 21 25 35 33 23 11,heads,regular,2
2022-12-17T20:18:00Z,19,50 8 16 63 29 67 71 24 2 34 4 43 15 37 59 62 48 13 68 77,evens,minor,4
2022-12-17T20:21:00Z,20,75 1 17 10 52 42 79 37 2 73 14 43 78 16 18 38 20 26 72 74,heads,minor,3
2022-12-17T20:24:00Z,21,47 9 3 36 52 31 13 60 75 41 11 61 16 76 66 71 19 28 8 34,heads,regular,3
2022-12-17T20:27:00Z,22,3 15 48 70 17 2 63 74 29 30 39 52 6 28 68 49 41 66 78 32,evens,regular,2
2022-12-17T20:30:00Z,23,70 23 30 36 65 54 16 46 29 4 56 2 39 42 9 7 64 78 76 35,heads,minor,2
2022-12-17T20:33:00Z,24,47 48 78 64 41 50 9 23 1 80 17 26 31 67 24 21 51 70 27 57,tails,minor,1
2022-12-17T20:36:00Z,26,71 73 4 78 50 45 36 77 67 54 52 64 12 24 55 22 14 8 33 61,tails,regular,2
2022-12-17T20:39:00Z,27,43 69 54 20 79 37 39 50 45 73 47 19 48 53 62 21 6 44 18 61,tails,regular,1
2022-12-17T20:42:00Z,28,69 80 56 25 60 12 21 73 40 15 22 53 48 24 51 34 67 43 44 23,tails,regular,2
2022-12-17T20:45:00Z,29,56 78 27 6 73 49 19 35 60 4 8 21 13 31 54 79 16 69 15 65,heads,regular,1
2022-12-17T20:48:00Z,30,6 57 29 13 31 59 70 30 21 48 5 80 18 19 14 4 27 50 74 66,heads,minor,10
2022-12-17T20:51:00Z,31,16 59 39 38 69 2 76 15 43 58 50 44 5 12 79 46 45 63 55 4,tails,regular,1
2022-12-17T20:54:00Z,32,50 54 36 45 46 65 16 19 41 35 14 23 21 53 26 27 56 60 1 28,heads,regular,3
2022-12-17T20:57:00Z,33,69 72 43 52 64 13 22 5 54 74 53 67 15 40 32 78 6 46 42 26,tails,regular,1
2022-12-17T21:00:00Z,35,43 33 66 45 61 10 20 12 22 76 6 27 63 23 16 8 39 75 69 7,heads,minor,10
2022-12-17T21:03:00Z,36,43 72 37 45 39 21 2 35 51 49 23 80 61 56 3 69 20 34 15 16,heads,regular,2
2022-12-17T21:06:00Z,37,11 12 55 3 41 51 15 37 28 9 5 61 69 50 35 10 33 56 24 40,heads,regular,1
2022-12-17T21:09:00Z,38,39 75 23 20 35 55 38 59 37 78 22 14 4 31 51 54 10 68 42 16,heads,regular,2
2022-12-17T21:12:00Z,39,74 4 40 26 17 1 21 63 2 10 60 37 33 75 72 5 27 73 39 62,heads,regular,1
2022-12-17T21:15:00Z,40,7 77 10 8 50 35 26 68 42 64 21 44 34 33 6 25 27 63 1 59,heads,minor,2
2022-12-17T21:18:00Z,41,52 15 76 66 31 59 19 68 65 40 16 77 17 2 80 42 6 9 35 47,evens,regular,2
2022-12-17T21:21:00Z,42,46 31 63 73 11 60 42 3 79 59 4 52 22 51 15 66 13 39 75 19,tails,minor,10
2022-12-17T21:24:00Z,44,49 64 12 62 33 76 48 77 6 39 58 45 37 47 55 60 4 50 25 38,tails,regular,2
2022-12-17T21:27:00Z,45,2 4 11 34 17 52 22 27 67 9 54 59 66 15 73 57 29 38 37 42,heads,regular,1
2022-12-17T21:30:00Z,46,70 41 61 17 26 46 22 37 58 5 9 44 64 32 50 13 4 19 15 42,heads,regular,3
2022-12-17T21:33:00Z,47,63 23 50 12 17 8 76 38 19 31 18 34 10 53 43 45 57 5 16 29,heads,regular,10
2022-12-17T21:36:00Z,48,70 13 57 76 19 68 79 58 60 29 16 32 23 37 31 78 54 53 51 11,tails,regular,5
2022-12-17T21:39:00Z,49,28 22 50 37 16 34 2 40 57 69 74 39 3 45 71 64 20 76 52 48,evens,minor,1
2022-12-17T21:42:00Z,50,40 61 79 10 3 36 27 41 24 11 39 53 15 65 7 5 51 48 60 13,heads,minor,5
2022-12-17T21:45:00Z,51,6 38 2 67 78 32 54 36 19 53 56 48 33 70 62 9 25 12 29 26,heads,regular,1
2022-12-17T21:48:00Z,53,63 73 74 11 65 58 39 5 52 64 27 75 79 69 41 3 34 22 29 49,tails,major,5
2022-12-17T21:51:00Z,54,38 33 21 78 68 35 3 70 5 26 80 32 75 1 76 34 62 31 17 61,heads,regular,2
2022-12-17T21:54:00Z,55,43 33 51 35 15 57 22 62 70 55 64 34 25 54 24 3 53 6 8 75,evens,regular,1
2022-12-17T21:57:00Z,56,18 50 47 62 63 17 72 26 31 71 68 53 59 76 80 42 35 49 79 12,tails,regular,2
2022-12-17T22:00:00Z,57,30 3 38 35 4 51 65 67 6 24 15 73 41 45 21 68 20 36 46 52,heads,regular,3
2022-12-17T22:03:00Z,58,38 40 29 22 1 39 78 58 50 48 18 49 28 26 19 41 65 69 4 70,heads,regular,1
2022-12-17T22:06:00Z,59,75 45 64 34 20 46 10 62 4 73 54 15 14 68 26 13 69 39 53 7,evens,regular,2
2022-12-17T22:09:00Z,60,33 32 49 39 55 67 58 43 27 42 57 20 68 7 18 48 37 40 51 31,evens,regular,2
2022-12-17T22:12:00Z,62,58 61 53 51 59 79 63 62 17 29 76 40 64 55 4 8 26 65 15 33,tails,regular,3
2022-12-17T22:15:00Z,63,17 40 62 44 78 19 16 25 43 34 59 18 30 53 58 74 72 12 23 56,evens,regular,3
2022-12-17T22:18:00Z,64,67 64 11 47 54 75 31 24 43 34 32 61 26 73 71 2 29 68 1 63,tails,regular,3
2022-12-17T22:21:00Z,65,13 62 2 22 10 77 69 34 15 71 79 45 49 53 75 78 35 47 60 55,tails,regular,1
2022-12-17T22:24:00Z,66,14 46 62 2 64 33 37 55 61 34 53 45 78 77 16 19 3 74 43 47,tails,regular,3
2022-12-17T22:27:00Z,67,49 21 10 53 1 41 23 30 79 29 15 16 25 56 37 6 42 9 3 55,heads,regular,1
2022-12-17T22:30:00Z,68,12 22 42 33 69 52 4 13 23 49 76 40 75 51 64 50 37 54 36 18,evens,regular,1
2022-12-17T22:33:00Z,69,30 13 48 47 38 31 69 43 53 56 78 17 52 76 4 20 63 62 29 14,tails,regular,2
2022-12-17T22:36:00Z,71,41 76 20 54 62 6 40 51 4 26 39 15 22 3 43 1 56 11 66 57,heads,regular,1
2022-12-17T22:39:00Z,72,39 47 18 77 19 63 29 74 8 48 42 12 73 27 20 41 23 68 55 30,evens,regular,1
2022-12-17T22:42:00Z,73,36 19 40 63 47 2 58 67 12 33 32 17 52 15 30 3 72 64 59 66,heads,minor,3
2022-12-17T22:45:00Z,74,39 74 3 57 52 13 28 63 40 65 10 76 59 22 6 47 11 56 37 25,heads,regular,1
2022-12-17T22:48:00Z,75,24 58 28 15 19 38 46 43 4 47 61 62 25 51 10 77 9 16 1 30,heads,minor,1
2022-12-17T22:51:00Z,76,1 75 58 19 79 29 80 73 8 62 36 10 12 9 24 70 20 18 15 2,heads,minor,2
2022-12-17T22:54:00Z,77,62 21 78 7 53 25 79 31 47 19 37 29 48 20 36 39 33 5 46 61,heads,regular,2
2022-12-17T22:57:00Z,78,80 2 12 60 34 67 9 63 71 56 54 62 50 69 47 24 78 51 3 6,tails,minor,2
2022-12-17T23:00:00Z,80,14 76 5 37 11 9 58 4 39 75 43 7 48 70 66 2 77 17 71 56,evens,major,1
2022-12-17T23:03:00Z,81,12 44 36 74 51 64 80 45 75 53 16 49 31 14 10 33 59 55 20 62,tails,regular,1
2022-12-17T23:06:00Z,82,68 51 22 43 13 38 75 57 74 24 25 61 53 77 56 4 71 64 2 17,tails,minor,1
2022-12-17T23:09:00Z,83,24 55 73 43 36 68 4 16 53 21 39 77 64 52 62 13 79 46 69 41,tails,major,2
2022-12-17T23:12:00Z,84,41 4 63 22 33 26 34 65 55 16 19 61 36 31 48 52 47 28 76 77,evens,regular,1
2022-12-17T23:15:00Z,85,22 57 76 10 12 1 42 2 74 79 49 52 40 75 23 63 39 37 36 62,evens,major,4
2022-12-17T23:18:00Z,86,34 51 22 71 67 13 68 12 19 30 20 16 43 48 7 11 54 24 44 8,heads,major,3
2022-12-17T23:21:00Z,87,55 11 10 36 1 46 53 71 54 19 8 32 6 69 20 72 3 17 24 25,heads,regular,1
2022-12-17T23:24:00Z,89,1 25 70 76 7 61 77 31 29 54 58 63 56 28 73 24 19 74 17 52,tails,minor,1
2022-12-17T23:27:00Z,90,76 54 1 45 44 52 70 12 63 55 14 69 50 38 28 29 42 56 37 51,tails,minor,3
2022-12-17T23:30:00Z,91,42 21 19 73 12 45 77 30 27 41 17 38 60 52 56 58 62 39 29 6,evens,regular,3
2022-12-17T23:33:00Z,92,75 25 79 33 36 60 78 65 1 2 27 74 10 41 12 49 63 77 19 17,evens,regular,2
2022-12-17T23:36:00Z,93,72 36 69 27 25 61 15 33 6 58 67 57 32 18 46 63 52 76 39 12,evens,regular,2
2022-12-17T23:39:00Z,94,21 1 5 15 10 23 24 17 7 65 38 57 49 19 16 70 50 20 48 25,heads,minor,2
2022-12-17T23:42:00Z,95,39 62 23 30 24 40 13 44 77 70 12 31 66 73 76 7 26 63 37 5,heads,regular,1
2022-12-17T23:45:00Z,96,57 41 14 70 28 50 51 30 44 56 68 75 32 34 23 66 18 64 40 65,tails,regular,1
2022-12-17T23:48:00Z,98,44 6 18 52 7 12 26 46 40 22 16 13 23 15 34 24 53 32 1 35,heads,regular,1
2022-12-17T23:51:00Z,99,29 21 23 28 58 31 63 12 15 72 13 49 41 56 11 46 1 17 66 16,heads,regular,2
2022-12-17T23:54:00Z,100,10 64 15 68 36 75 66 56 27 30 51 9 54 43 61 52 45 37 24 38,tails,regular,1
2022-12-17T23:57:00Z,101,7 5 78 49 24 67 30 34 40 10 68 46 17 43 36 69 71 50 57 64,tails,minor,2
2022-12-18T00:00:00Z,102,29 10 12 7 59 47 55 78 44 28 46 20 60 48 53 36 75 4 23 68,tails,minor,1
2022-12-18T00:03:00Z,103,49 44 39 59 13 77 61 30 58 15 67 26 62 22 16 60 64 47 23 63,tails,minor,1
2022-12-18T00:06:00Z,104,11 67 6 64 31 69 5 32 33 45 65 28 1 58 13 9 61 51 19 15,heads,major,2
2022-12-18T00:09:00Z,105,32 43 30 10 28 55 9 80 78 75 5 61 39 19 50 37 27 68 4 16,heads,minor,2
2022-12-18T00:12:00Z,107,36 51 60 48 65 75 61 40 43 19 56 77 17 69 63 58 72 10 30 27,tails,major,1
2022-12-18T00:15:00Z,108,80 48 61 55 5 23 20 33 54 71 9 40 12 16 17 14 22 7 43 37,heads,minor,3
2022-12-18T00:18:00Z,109,77 64 27 48 11 37 51 55 52 67 18 22 74 20 41 14 10 57 70 49,tails,regular,2
2022-12-18T00:21:00Z,110,45 51 79 76 4 70 61 74 25 18 3 8 30 40 12 33 35 47 5 67,heads,regular,1
2022-12-18T00:24:00Z,111,70 20 65 60 16 61 30 27 51 19 37 77 21 33 8 74 34 17 49 58,heads,major,1
2022-12-18T00:27:00Z,112,74 13 72 29 53 57 52 2 37 5 32 7 19 35 58 36 65 1 42 40,heads,regular,3
2022-12-18T00:30:00Z,113,9 14 65 52 18 79 25 72 70 20 5 50 47 61 8 12 58 68 62 76,tails,minor,2
2022-12-18T00:33:00Z,114,55 54 74 44 31 28 42 68 66 39 2 62 72 45 49 24 47 8 64 33,tails,minor,1
2022-12-18T00:36:00Z,116,59 33 12 50 3 76 64 14 54 10 34 1 68 22 41 2 39 30 26 80,heads,minor,1
2022-12-18T00:39:00Z,117,15 35 4 77 70 1 56 57 49 25 34 5 7 63 23 41 27 44 21 71,heads,major,1
2022-12-18T00:42:00Z,118,9 30 32 22 37 2 4 46 42 6 48 29 57 53 28 80 73 23 25 45,heads,regular,1
2022-12-18T00:45:00Z,119,35 3 22 9 53 7 60 40 62 13 38 32 24 21 57 15 6 27 8 61,heads,regular,1
2022-12-18T00:48:00Z,120,51 19 69 7 61 59 71 27 45 37 53 11 54 12 44 40 29 21 55 1,evens,minor,2
2022-12-18T00:51:00Z,121,22 43 10 56 67 66 49 75 32 68 38 52 58 8 41 17 26 36 46 25,tails,minor,1
2022-12-18T00:54:00Z,122,2 71 5 50 23 14 8 58 32 20 67 73 79 21 60 76 10 41 13 74,evens,regular,1
2022-12-18T00:57:00Z,123,54 26 77 36 22 27 34 59 57 33 15 38 53 17 56 8 79 46 68 31,heads,regular,2
2022-12-18T01:00:00Z,125,33 4 18 35 14 47 73 38 32 65 54 13 50 27 36 7 51 57 1 77,heads,regular,1
2022-12-18T01:03:00Z,126,29 61 5 23 70 78 12 63 68 52 56 34 77 16 4 9 76 73 7 45,tails,regular,1
2022-12-18T01:06:00Z,127,10 39 29 12 71 23 7 57 48 5 66 60 41 80 53 59 4 52 14 54,tails,minor,2
2022-12-18T01:09:00Z,128,69 63 3 1 61 18 39 42 40 52 10 36 30 45 14 74 41 75 80 22,evens,regular,1
2022-12-18T01:12:00Z,129,16 31 54 79 38 11 35 30 66 34 15 78 19 12 65 23 45 26 40 63,heads,regular,2
2022-12-18T01:15:00Z,130,62 25 80 64 59 16 15 79 3 23 74 36 6 10 21 49 56 13 12 27,heads,minor,1
2022-12-18T01:18:00Z,131,74 30 72 49 60 78 59 64 16 37 38 17 56 6 10 70 13 63 19 32,evens,regular,3
2022-12-18T01:21:00Z,132,41 79 78 21 80 46 49 6 57 50 13 51 47 54 3 9 33 76 30 24,tails,minor,1
2022-12-18T01:24:00Z,134,66 78 52 1 56 68 36 65 29 42 38 49 24 35 73 43 3 64 48 61,tails,minor,3
2022-12-18T01:27:00Z,135,1 75 72 38 59 71 40 66 18 33 67 54 58 32 23 80 78 65 50 31,tails,regular,1
2022-12-18T01:30:00Z,136,26 74 78 46 12 60 70 28 40 6 49 52 34 61 29 22 44 39 8 2,heads,regular,2
2022-12-18T01:33:00Z,137,46 17 15 8 68 31 45 52 1 22 79 38 62 42 2 56 61 66 71 28,tails,regular,2
2022-12-18T01:36:00Z,138,25 18 47 73 67 59 54 70 8 79 66 34 48 51 21 32 9 52 13 50,tails,regular,3
2022-12-18T01:39:00Z,139,14 60 75 40 23 12 32 6 62 16 13 38 2 58 71 70 78 11 8 80,heads,minor,4
2022-12-18T01:42:00Z,140,76 42 79 34 36 21 57 16 49 54 62 10 73 69 27 5 17 56 35 43,tails,regular,1
2022-12-18T01:45:00Z,141,75 77 6 52 13 44 21 70 19 46 53 7 27 49 69 48 47 57 33 32,tails,regular,2
2022-12-18T01:48:00Z,143,39 69 4 37 8 53 72 57 80 12 64 5 3 71 59 2 15 35 1 66,heads,regular,2
2022-12-18T01:51:00Z,144,66 12 61 13 24 77 20 8 68 49 63 76 1 17 34 29 62 26 21 10,heads,regular,1
2022-12-18T01:54:00Z,145,60 77 9 44 11 21 13 76 3 4 51 56 7 52 16 5 49 47 79 66,tails,major,1
2022-12-18T01:57:00Z,146,73 28 17 8 65 11 77 26 72 5 55 25 70 19 60 50 34 22 52 59,evens,regular,1
2022-12-18T02:00:00Z,147,17 24 73 75 4 71 72 14 45 41 80 70 15 67 66 44 60 12 57 16,tails,regular,1
2022-12-18T02:03:00Z,148,7 50 67 60 55 23 16 74 78 45 22 25 64 30 51 66 75 58 35 57,tails,minor,3
2022-12-18T02:06:00Z,149,38 45 61 19 31 77 16 51 17 43 62 60 15 65 40 46 72 13 35 20,evens,minor,3
2022-12-18T02:09:00Z,150,38 4 74 56 7 32 60 42 76 55 28 40 77 35 21 75 10 61 52 43,tails,minor,3
2022-12-18T02:12:00Z,152,76 1 12 8 44 20 38 25 79 77 40 50 23 55 15 70 71 64 35 72,evens,regular,2
2022-12-18T02:15:00Z,153,68 56 75 7 10 49 8 15 37 43 5 19 20 69 46 61 41 18 32 53,evens,regular,1
2022-12-18T02:18:00Z,154,58 62 26 12 42 55 34 41 75 37 28 71 24 14 6 18 35 69 78 5,heads,minor,4
2022-12-18T02:21:00Z,155,37 57 77 11 17 39 67 66 43 76 5 80 72 49 46 41 2 27 22 54,tails,regular,1
2022-12-18T02:24:00Z,156,26 60 7 24 5 6 50 64 34 23 74 53 61 28 66 16 70 8 63 76,evens,minor,2
2022-12-18T02:27:00Z,157,60 8 4 75 36 26 27 3 46 80 9 69 16 10 55 15 65 63 59 18,heads,regular,3
2022-12-18T02:30:00Z,158,56 71 73 41 26 51 53 66 2 46 8 12 4 25 55 69 32 29 62 70,tails,major,4
2022-12-18T02:33:00Z,159,21 30 19 46 57 16 65 9 27 6 52 60 49 37 79 68 12 67 22 61,evens,regular,2
2022-12-18T02:36:00Z,161,43 46 64 22 80 32 2 9 25 37 28 57 54 13 11 42 34 47 21 12,heads,minor,3
2022-12-18T02:39:00Z,162,26 49 42 19 27 77 11 65 45 2 22 34 1 25 69 68 3 76 13 41,heads,regular,1
2022-12-18T02:42:00Z,163,75 21 34 23 26 9 78 55 12 61 53 37 70 46 56 4 35 30 49 59,evens,regular,3
2022-12-18T02:45:00Z,164,63 80 69 2 5 33 28 8 64 67 26 52 49 30 60 4 40 32 24 36,heads,minor,4
2022-12-18T02:48:00Z,165,30 40 62 25 21 6 45 27 35 77 73 36 54 68 29 17 38 9 63 51,heads,major,2
2022-12-18T02:51:00Z,166,46 40 17 24 14 38 35 76 3 34 44 7 32 20 75 4 60 19 36 21,heads,regular,1
2022-12-18T02:54:00Z,167,46 79 44 50 10 15 45 13 43 6 63 28 8 17 22 29 37 24 62 80,heads,minor,10
2022-12-18T02:57:00Z,168,16 38 64 55 67 37 76 29 9 14 12 36 75 6 8 70 1 24 19 59,heads,regular,1
2022-12-18T03:00:00Z,170,5 47 77 56 16 75 36 25 69 78 8 1 21 42 76 19 28 55 35 23,heads,regular,1
2022-12-18T03:03:00Z,171,75 38 7 49 16 26 28 10 17 11 58 34 79 44 24 41 25 47 32 43,heads,major,3
2022-12-18T03:06:00Z,172,63 25 23 32 11 62 68 78 58 80 8 31 22 12 27 1 70 51 55 21,heads,regular,2
2022-12-18T03:09:00Z,173,68 63 77 5 18 48 78 65 14 41 47 60 16 33 31 52 58 3 34 72,tails,regular,1
2022-12-18T03:12:00Z,174,25 75 19 79 8 65 1 17 43 24 29 78 4 60 66 59 30 47 53 74,tails,minor,3
2022-12-18T03:15:00Z,175,46 37 9 33 77 63 62 23 5 40 58 11 7 10 70 18 55 54 80 42,evens,regular,1
2022-12-18T03:18:00Z,176,56 44 42 25 13 27 34 68 36 8 16 75 57 76 61 6 17 66 79 59,tails,minor,2
2022-12-18T03:21:00Z,177,14 74 66 72 24 49 9 76 45 56 33 21 22 70 3 6 4 78 18 39,heads,regular,3
2022-12-18T03:24:00Z,179,71 10 57 74 28 33 77 32 6 68 79 18 15 1 55 50 44 30 25 66,evens,regular,2
2022-12-18T03:27:00Z,180,47 22 20 76 66 18 65 56 74 8 7 2 9 69 60 54 57 13 32 79,tails,regular,1
2022-12-18T03:30:00Z,181,14 17 20 47 34 10 18 5 26 43 56 78 32 2 30 49 75 44 23 66,heads,regular,3
2022-12-18T03:33:00Z,182,71 77 52 22 78 73 23 4 27 75 13 49 66 51 54 58 14 35 25 20,tails,regular,1
2022-12-18T03:36:00Z,183,2 78 77 63 28 20 10 18 26 50 51 34 45 69 52 80 3 54 43 47,tails,minor,3
2022-12-18T03:39:00Z,184,55 78 59 45 4 41 51 66 11 36 44 30 57 7 60 5 14 38 28 63,tails,regular,1
2022-12-18T03:42:00Z,185,37 44 60 8 7 55 1 78 21 40 59 3 75 12 48 17 9 6 47 45,heads,regular,2
2022-12-18T03:45:00Z,186,75 22 23 4 79 69 1 60 74 8 16 34 30 21 65 24 53 40 56 7,heads,regular,3
2022-12-18T03:48:00Z,188,56 21 22 58 46 40 31 29 54 48 15 16 35 2 34 39 57 38 25 17,heads,major,2
2022-12-18T03:51:00Z,189,2 11 75 43 34 38 57 60 19 69 47 76 35 77 78 24 74 21 13 20,evens,regular,1
2022-12-18T03:54:00Z,190,68 80 69 10 54 70 61 66 30 79 23 9 46 65 60 55 71 28 17 56,tails,regular,3
2022-12-18T03:57:00Z,191,72 15 28 35 23 65 50 55 66 26 4 71 34 6 33 1 61 2 58 49,heads,regular,5
2022-12-18T04:00:00Z,192,80 23 62 25 76 18 29 58 12 3 68 42 30 49 59 43 54 78 10 66,tails,regular,2
2022-12-18T04:03:00Z,193,34 47 13 20 38 61 18 59 12 26 64 11 2 79 23 36 71 55 10 27,heads,minor,1
2022-12-18T04:06:00Z,194,7 34 46 67 12 57 3 11 26 70 43 15 76 64 55 45 39 24 8 44,evens,major,1
2022-12-18T04:09:00Z,195,45 76 16 42 56 4 7 26 19 24 65 31 58 43 62 46 75 2 60 33,tails,minor,4
2022-12-18T04:12:00Z,197,72 33 70 55 44 65 22 49 61 1 62 26 20 15 8 73 38 43 14 35,evens,major,2
2022-12-18T04:15:00Z,198,6 17 30 19 56 24 27 61 58 9 79 5 65 78 33 46 25 40 80 69,heads,major,1
2022-12-18T04:18:00Z,199,30 3 59 25 71 48 76 16 51 52 66 18 11 61 27 45 49 80 38 47,tails,regular,1
2022-12-18T04:21:00Z,200,28 77 56 46 39 69 6 55 74 36 73 11 1 29 13 22 10 64 21 20,heads,regular,3
2022-12-18T04:24:00Z,201,25 23 30 22 28 36 14 74 44 49 12 33 18 70 42 47 69 72 4 53,heads,regular,1
2022-12-18T04:27:00Z,202,22 40 59 18 17 54 71 74 7 78 3 69 52 53 36 38 11 45 80 30,evens,regular,3
2022-12-18T04:30:00Z,203,72 6 17 23 34 43 54 3 11 22 80 61 68 77 12 52 45 29 53 27,evens,regular,1
2022-12-18T04:33:00Z,204,73 24 64 48 61 32 62 59 72 46 45 16 1 37 11 51 43 68 77 12,tails,regular,1
2022-12-18T04:36:00Z,206,63 31 8 14 56 10 25 1 76 75 40 50 7 24 6 15 64 66 53 57,heads,regular,1
2022-12-18T04:39:00Z,207,43 70 73 56 50 77 78 24 49 26 4 57 47 39 65 46 17 71 54 59,tails,regular,1
2022-12-18T04:42:00Z,208,70 47 43 25 7 72 55 21 69 65 30 63 6 17 80 5 20 11 48 39,evens,minor,1
2022-12-18T04:45:00Z,209,60 79 41 61 73 43 27 63 49 74 3 24 30 32 29 14 19 37 62 1,evens,regular,3
2022-12-18T04:48:00Z,210,52 55 57 67 76 25 28 39 14 61 63 74 37 40 46 6 64 65 34 5,tails,regular,1
2022-12-18T04:51:00Z,211,57 21 60 70 12 54 35 69 58 53 17 25 37 20 50 5 40 28 13 45,heads,minor,4
2022-12-18T04:54:00Z,212,72 17 51 26 42 61 28 36 57 37 41 47 45 59 38 14 25 54 74 64,tails,regular,1
2022-12-18T04:57:00Z,213,42 9 10 63 74 80 64 23 76 22 19 32 70 1 47 56 52 61 24 18,tails,regular,2
2022-12-18T05:00:00Z,215,37 59 16 42 58 65 22 28 21 33 38 52 36 17 48 14 75 47 4 34,heads,major,1
2022-12-18T05:03:00Z,216,9 80 72 17 14 31 13 63 40 19 15 45 22 30 34 69 5 74 42 73,heads,major,1
2022-12-18T05:06:00Z,217,50 24 11 74 58 2 48 49 54 61 64 51 46 32 78 39 68 56 40 73,tails,regular,1
2022-12-18T05:09:00Z,218,76 47 60 58 5 48 43 66 25 63 36 74 64 23 61 26 6 12 77 75,tails,regular,3
2022-12-18T05:12:00Z,219,13 3 43 28 38 39 8 17 36 19 34 68 80 48 60 12 41 53 64 14,heads,minor,1
2022-12-18T05:15:00Z,220,75 80 9 74 11 14 71 59 54 3 21 5 20 10 72 27 24 53 63 66,evens,minor,2
2022-12-18T05:18:00Z,221,13 33 70 20 18 73 14 25 62 67 80 57 47 42 17 16 36 8 77 59,evens,regular,1
2022-12-18T05:21:00Z,222,65 51 66 49 69 37 17 45 13 41 4 18 76 63 15 20 8 36 30 39,heads,regular,1
2022-12-18T05:24:00Z,224,69 25 68 30 8 45 26 5 29 10 50 15 42 24 13 59 4 49 32 52,heads,minor,1
2022-12-18T05:27:00Z,225,1 34 20 33 74 57 18 17 40 59 60 38 48 47 80 28 55 13 50 25,heads,regular,1
2022-12-18T05:30:00Z,226,77 9 28 58 3 40 70 51 21 41 33 49 54 35 48 25 60 18 42 74,tails,regular,2
2022-12-18T05:33:00Z,227,9 74 39 42 29 36 60 6 14 51 59 50 3 17 26 56 32 7 61 33,heads,major,3
2022-12-18T05:36:00Z,228,69 44 74 55 43 5 8 47 21 11 18 52 77 3 26 34 1 23 73 63,evens,regular,1
2022-12-18T05:39:00Z,229,54 76 42 58 40 6 13 26 62 50 80 8 30 73 61 1 38 45 51 24,tails,regular,4
2022-12-18T05:42:00Z,230,35 69 8 64 67 60 2 33 3 50 5 52 39 25 68 43 11 61 79 71,tails,regular,2
2022-12-18T05:45:00Z,231,57 17 35 19 44 46 70 60 41 20 76 38 18 23 59 50 31 24 29 22,heads,regular,3
2022-12-18T05:48:00Z,233,50 64 3 48 5 43 8 60 59 19 32 14 63 7 20 44 10 23 66 29,heads,minor,3
2022-12-18T05:51:00Z,234,40 66 41 55 20 75 76 73 7 10 74 58 43 68 37 63 46 36 30 28,tails,regular,1
2022-12-18T05:54:00Z,235,6 73 20 64 61 4 49 68 65 80 7 67 5 58 39 54 2 18 50 44,tails,regular,1
2022-12-18T05:57:00Z,236,55 3 17 73 56 24 50 79 9 46 77 28 49 22 1 40 59 61 26 8,evens,regular,1
2022-12-18T06:00:00Z,237,20 6 7 19 2 47 78 64 38 35 62 77 80 49 4 56 54 44 61 39,tails,regular,10
2022-12-18T06:03:00Z,238,35 14 79 26 20 64 34 24 19 63 23 71 22 57 13 67 47 21 75 55,heads,minor,3
2022-12-18T06:06:00Z,239,78 35 44 31 38 24 66 59 71 33 70 37 42 12 5 10 69 53 75 3,evens,regular,1
2022-12-18T06:09:00Z,240,22 65 24 54 15 57 59 3 68 48 10 80 2 51 43 26 60 39 7 35,evens,regular,1
2022-12-18T06:12:00Z,242,24 6 77 28 78 48 2 69 13 30 42 66 47 53 16 49 70 36 14 20,evens,major,1
2022-12-18T06:15:00Z,243,11 30 14 13 10 58 43 3 48 45 54 42 28 6 69 53 72 62 1 33,evens,regular,1
2022-12-18T06:18:00Z,244,63 33 48 61 52 41 30 74 78 12 39 18 62 80 28 47 53 11 77 16,tails,regular,1
2022-12-18T06:21:00Z,245,23 62 57 68 70 33 53 10 11 22 13 31 36 2 20 71 43 61 45 42,evens,regular,1
2022-12-18T06:24:00Z,246,69 61 8 59 37 65 57 42 78 80 26 38 48 56 39 24 16 44 50 13,tails,minor,1
2022-12-18T06:27:00Z,247,20 17 8 53 71 12 3 2 7 59 47 37 60 55 27 34 32 62 48 19,heads,regular,1
2022-12-18T06:30:00Z,248,74 19 36 6 66 41 70 45 42 58 32 71 17 44 18 78 67 40 7 24,tails,regular,1
2022-12-18T06:33:00Z,249,7 67 16 13 17 32 6 49 28 18 79 35 80 4 65 78 30 72 71 58,heads,regular,2
2022-12-18T06:36:00Z,251,23 20 46 65 78 29 74 3 58 49 14 38 16 45 53 33 22 62 24 64,evens,regular,3
2022-12-18T06:39:00Z,252,49 48 3 69 44 34 43 68 58 5 25 9 70 75 73 8 12 33 53 38,tails,regular,2
2022-12-18T06:42:00Z,253,36 16 75 47 1 2 49 29 59 24 43 42 20 48 60 40 3 61 68 71,tails,regular,3
2022-12-18T06:45:00Z,254,6 61 69 14 27 55 44 22 74 42 23 62 31 49 25 45 48 52 37 79,tails,minor,2
2022-12-18T06:48:00Z,255,9 46 8 24 28 64 75 13 37 14 70 18 72 39 25 63 1 34 41 62,heads,major,1
2022-12-18T06:51:00Z,256,59 7 4 15 78 55 44 13 68 1 69 11 75 80 53 36 72 19 79 9,tails,minor,1
2022-12-18T06:54:00Z,257,41 78 50 69 30 62 49 9 59 68 1 12 64 17 22 55 65 2 15 67,tails,minor,1
2022-12-18T06:57:00Z,258,35 24 25 11 40 19 3 16 56 59 5 55 49 67 17 41 2 78 31 45,heads,regular,1
2022-12-18T07:00:00Z,260,78 1 53 12 77 64 65 76 21 30 19 42 69 60 10 38 34 5 27 52,evens,regular,3
2022-12-18T07:03:00Z,261,8 49 25 6 11 20 44 26 32 22 77 67 47 50 23 17 55 24 48 64,heads,regular,1
2022-12-18T07:06:00Z,262,56 19 76 69 67 41 72 55 77 33 73 54 66 17 15 24 10 21 57 1,tails,regular,1
2022-12-18T07:09:00Z,263,19 32 8 29 28 22 65 2 78 55 17 6 34 68 23 37 31 59 27 57,heads,minor,1
2022-12-18T07:12:00Z,264,13 39 62 57 14 9 55 26 23 67 79 59 27 56 12 42 29 24 41 46,evens,regular,2
2022-12-18T07:15:00Z,265,15 68 31 38 1 33 40 71 74 17 76 27 46 21 52 70 77 72 65 73,tails,regular,1
2022-12-18T07:18:00Z,266,17 13 37 54 25 26 8 36 6 52 16 35 3 55 78 80 40 51 38 77,heads,regular,1
2022-12-18T07:21:00Z,267,48 24 73 77 45 61 37 22 28 2 6 34 35 76 20 46 39 29 56 80,heads,regular,4
2022-12-18T07:24:00Z,269,57 44 43 3 49 53 41 11 14 22 21 18 12 71 60 2 70 7 48 65,tails,regular,1
2022-12-18T07:27:00Z,270,35 55 57 61 38 13 39 29 7 18 54 42 23 30 46 3 11 76 19 67,heads,regular,1
2022-12-18T07:30:00Z,271,37 12 65 42 73 66 64 55 2 20 57 61 50 76 18 24 44 5 16 72,tails,regular,3
2022-12-18T07:33:00Z,272,66 58 9 71 76 38 54 52 56 37 80 26 31 25 12 7 60 36 49 29,evens,major,3
2022-12-18T07:36:00Z,273,65 7 57 50 20 9 21 8 39 69 11 80 22 38 13 64 75 51 37 62,heads,regular,2
2022-12-18T07:39:00Z,274,54 14 18 30 26 49 23 47 68 76 2 67 37 24 41 46 65 66 4 8,evens,regular,1
2022-12-18T07:42:00Z,275,21 6 30 72 13 24 64 70 78 8 23 35 9 73 61 68 71 31 38 39,heads,regular,1
2022-12-18T07:45:00Z,276,24 22 17 28 40 31 36 37 64 25 21 53 47 56 14 26 33 73 23 45,heads,regular,1
2022-12-18T07:48:00Z,278,55 10 80 52 63 68 48 57 27 42 71 5 35 31 26 60 62 13 41 49,tails,minor,1
2022-12-18T07:51:00Z,279,22 30 46 28 69 6 19 14 74 27 49 68 66 78 3 10 58 25 72 57,evens,regular,3
2022-12-18T07:54:00Z,280,39 25 42 56 24 62 63 76 54 27 64 4 22 70 8 31 15 14 35 29,heads,minor,2
2022-12-18T07:57:00Z,281,63 29 50 26 31 36 49 33 2 32 41 1 59 61 15 68 42 18 74 47,evens,regular,2
2022-12-18T08:00:00Z,282,18 67 31 69 73 57 52 11 70 56 76 71 77 78 46 68 8 21 74 34,tails,minor,3
2022-12-18T08:03:00Z,283,9 25 35 26 50 49 38 13 54 67 15 43 28 65 70 55 42 73 12 27,evens,regular,3
2022-12-18T08:06:00Z,284,32 53 71 78 38 2 65 61 45 8 24 54 42 51 26 37 25 62 9 34,evens,regular,2
2022-12-18T08:09:00Z,285,63 67 78 72 13 49 12 60 6 46 5 1 70 45 61 43 40 26 69 20,tails,regular,2
2022-12-18T08:12:00Z,287,58 26 50 65 23 77 17 20 37 51 75 16 49 12 41 24 70 39 53 3,evens,major,2
2022-12-18T08:15:00Z,288,53 20 33 13 18 32 21 63 54 37 43 28 77 9 22 15 56 8 50 6,heads,minor,1
2022-12-18T08:18:00Z,289,19 52 28 45 11 36 56 64 43 77 30 60 55 31 68 9 24 76 80 18,tails,regular,2
2022-12-18T08:21:00Z,290,14 72 25 15 38 46 20 23 78 13 19 77 17 63 71 60 37 49 30 12,heads,regular,3
2022-12-18T08:24:00Z,291,4 72 25 29 54 37 51 70 38 73 42 31 61 20 12 10 35 58 50 47,evens,regular,2
2022-12-18T08:27:00Z,292,2 53 65 60 30 20 6 77 15 33 75 14 48 58 16 74 46 11 80 44,tails,major,1
2022-12-18T08:30:00Z,293,29 4 33 61 51 49 74 42 28 40 12 53 35 59 37 70 44 25 68 27,evens,regular,3
2022-12-18T08:33:00Z,294,26 75 78 70 45 2 68 32 65 8 29 17 54 34 37 36 20 69 1 56,heads,regular,2
2022-12-18T08:36:00Z,296,30 71 70 66 15 22 57 10 18 40 54 50 6 26 34 38 52 43 77 44,evens,minor,10
2022-12-18T08:39:00Z,297,1 73 16 44 2 7 23 64 15 50 79 38 31 13 58 29 27 24 20 25,heads,regular,3
2022-12-18T08:42:00Z,298,30 80 2 65 10 34 6 27 62 39 25 67 32 66 72 79 57 71 44 40,evens,regular,1
2022-12-18T08:45:00Z,299,10 23 21 61 47 52 30 58 22 44 80 9 13 33 8 67 49 46 36 63,evens,minor,4
2022-12-18T08:48:00Z,300,42 6 73 18 57 15 28 24 67 49 79 63 13 11 38 23 30 80 46 34,heads,regular,3
2022-12-18T08:51:00Z,301,20 37 3 2 57 47 73 29 56 76 78 55 60 31 70 10 63 50 23 16,tails,minor,3
2022-12-18T08:54:00Z,302,42 67 22 28 47 60 58 41 57 12 21 17 15 80 7 3 45 74 61 31,tails,major,1
2022-12-18T08:57:00Z,303,43 52 38 77 18 69 17 33 45 71 50 4 37 16 32 13 2 46 14 54,heads,regular,2
2022-12-18T09:00:00Z,305,36 18 70 7 71 66 2 76 42 53 27 60 65 40 50 62 22 3 67 64,tails,regular,1
2022-12-18T09:03:00Z,306,58 73 26 68 37 70 22 52 16 25 17 56 12 3 27 1 14 19 23 29,heads,regular,3
2022-12-18T09:06:00Z,307,80 21 64 9 12 40 49 3 43 30 75 56 50 17 31 15 79 60 23 71,evens,regular,1
2022-12-18T09:09:00Z,308,64 65 45 37 14 68 7 46 5 56 52 71 3 76 77 58 57 1 10 75,tails,regular,1
2022-12-18T09:12:00Z,309,68 31 79 64 33 53 67 19 70 48 10 55 17 34 45 76 74 6 63 12,tails,regular,3
2022-12-18T09:15:00Z,310,22 60 10 69 11 40 66 14 68 53 39 79 21 26 4 20 3 29 23 16,heads,regular,1
2022-12-18T09:18:00Z,311,45 20 77 56 44 24 52 70 42 58 6 30 35 51 1 2 36 61 28 66,tails,regular,3
2022-12-18T09:21:00Z,312,55 37 80 27 63 33 6 43 31 17 74 70 73 54 58 62 41 38 20 19,tails,regular,1
2022-12-18T09:24:00Z,314,13 78 43 5 29 14 12 39 72 20 24 51 1 49 69 22 71 38 8 50,heads,regular,1
2022-12-18T09:27:00Z,315,15 65 60 26 55 34 36 32 52 51 77 21 23 39 40 16 11 48 30 3,heads,regular,2
2022-12-18T09:30:00Z,316,64 52 8 73 19 40 32 72 39 10 49 30 54 1 80 34 13 29 31 37,heads,major,1
2022-12-18T09:33:00Z,317,73 63 56 50 32 10 77 45 64 80 55 33 26 78 34 7 39 22 31 67,tails,regular,1
2022-12-18T09:36:00Z,318,54 44 70 73 41 17 57 14 38 59 11 31 35 48 76 15 47 18 72 75,tails,minor,1
2022-12-18T09:39:00Z,319,24 12 26 16 41 39 36 64 40 25 54 79 18 9 62 77 28 72 70 13,heads,minor,10
2022-12-18T09:42:00Z,320,28 32 71 78 11 79 65 73 20 59 62 70 16 27 18 31 53 19 43 10,evens,minor,2
2022-12-18T09:45:00Z,321,52 65 32 73 25 17 1 30 47 58 18 4 45 48 56 78 29 23 24 39,heads,major,2
2022-12-18T09:48:00Z,323,36 6 27 60 64 19 4 51 2 61 5 68 75 65 23 39 3 28 52 22,heads,regular,1
2022-12-18T09:51:00Z,324,57 46 73 11 18 21 4 3 64 49 38 71 30 32 8 34 17 42 77 37,heads,regular,1
2022-12-18T09:54:00Z,325,73 2 48 35 6 63 26 9 29 15 14 50 46 66 62 31 80 60 64 69,tails,major,4
2022-12-18T09:57:00Z,326,5 30 23 66 78 59 15 49 24 62 58 79 11 38 16 31 20 53 18 61,heads,regular,3
2022-12-18T10:00:00Z,327,1 2 64 25 43 48 57 36 6 55 7 14 47 60 5 16 56 8 35 79,heads,minor,1
2022-12-18T10:03:00Z,328,8 37 60 20 50 78 52 11 34 71 56 74 2 70 66 23 69 65 5 25,tails,regular,3
2022-12-18T10:06:00Z,329,64 42 24 20 61 67 62 15 18 8 43 29 14 2 35 22 73 70 27 40,heads,regular,1
2022-12-18T10:09:00Z,330,35 27 76 49 23 29 44 3 79 57 68 53 41 33 48 72 61 5 18 65,tails,minor,3
2022-12-18T10:12:00Z,332,28 12 47 37 10 29 25 16 35 33 79 46 45 57 58 41 69 48 67 31,evens,regular,1
2022-12-18T10:15:00Z,333,32 57 72 71 59 9 18 25 11 46 62 64 58 50 3 30 55 19 40 24,evens,minor,10
2022-12-18T10:18:00Z,334,52 68 76 73 47 4 77 3 6 65 5 36 29 21 15 19 70 37 23 69,heads,regular,2
2022-12-18T10:21:00Z,335,46 21 66 10 64 44 70 13 17 24 40 37 73 1 79 45 33 4 26 80,heads,minor,1
2022-12-18T10:24:00Z,336,71 9 7 55 23 16 54 70 12 69 5 66 46 10 56 47 72 75 33 34,tails,major,4
2022-12-18T10:27:00Z,337,17 63 73 9 4 28 56 15 23 26 76 51 69 2 46 21 5 27 49 13,heads,regular,1
2022-12-18T10:30:00Z,338,6 28 41 72 78 61 29 35 76 50 10 34 3 5 70 1 33 31 21 56,heads,regular,3
2022-12-18T10:33:00Z,339,80 31 53 5 43 1 58 64 69 26 78 57 15 44 17 27 74 13 46 16,tails,regular,2
2022-12-18T10:36:00Z,341,56 52 51 7 3 78 19 44 27 35 18 29 62 16 46 8 17 55 59 11,heads,regular,1
2022-12-18T10:39:00Z,342,79 25 68 5 33 27 65 67 17 77 18 59 64 80 70 36 30 47 24 73,tails,regular,1
2022-12-18T10:42:00Z,343,12 3 44 58 43 32 29 36 30 41 16 21 40 35 50 74 55 48 17 69,heads,regular,2
2022-12-18T10:45:00Z,344,8 22 10 18 68 71 28 49 36 58 52 54 24 61 39 3 55 60 21 13,heads,regular,3
2022-12-18T10:48:00Z,345,62 11 31 79 28 69 22 39 77 53 2 17 38 58 41 55 73 68 20 1,evens,minor,2
2022-12-18T10:51:00Z,346,77 53 26 22 4 70 62 10 8 55 40 61 23 56 7 5 79 78 36 57,evens,minor,3
2022-12-18T10:54:00Z,347,67 58 26 68 44 21 5 51 78 59 45 76 31 12 15 77 49 79 56 2,tails,minor,1
2022-12-18T10:57:00Z,348,56 8 34 52 2 69 40 70 64 23 10 24 45 12 37 63 75 27 16 36,heads,minor,3
2022-12-18T11:00:00Z,350,55 25 19 50 34 4 78 49 73 54 33 17 13 57 67 45 32 29 41 35,evens,regular,2
2022-12-18T11:03:00Z,351,4 12 10 24 43 64 60 74 36 45 54 3 31 71 49 79 25 63 18 29,evens,regular,3
2022-12-18T11:06:00Z,352,76 80 62 28 2 5 1 79 6 40 26 14 58 30 20 19 8 41 59 53,heads,regular,3
2022-12-18T11:09:00Z,353,16 62 57 80 5 11 65 77 56 6 4 55 73 48 49 35 2 79 72 50,tails,regular,1
2022-12-18T11:12:00Z,354,43 60 53 67 54 12 73 70 14 29 76 19 42 46 21 75 36 39 77 50,tails,major,1
2022-12-18T11:15:00Z,355,59 66 46 31 17 60 69 79 21 42 33 53 37 4 32 54 40 48 45 22,tails,regular,1
2022-12-18T11:18:00Z,356,15 30 12 48 61 4 56 8 66 29 44 41 68 72 60 11 79 3 14 50,tails,regular,2
2022-12-18T11:21:00Z,357,22 56 8 6 47 15 30 72 74 62 53 76 67 29 44 1 11 4 31 39,heads,regular,1
2022-12-18T11:24:00Z,359,37 51 59 50 49 77 68 7 53 48 74 47 76 8 38 54 14 75 21 45,tails,regular,1
2022-12-18T11:27:00Z,360,76 31 62 22 47 53 4 56 7 6 1 18 37 46 39 29 26 63 64 20,heads,regular,3
2022-12-18T11:30:00Z,361,11 76 47 43 4 10 41 77 73 57 18 48 56 6 22 60 52 53 58 34,tails,regular,2
2022-12-18T11:33:00Z,362,62 60 75 24 36 66 2 51 4 38 46 37 73 12 8 44 54 22 9 74,evens,regular,1
2022-12-18T11:36:00Z,363,71 11 30 43 58 42 8 31 76 57 69 16 67 27 9 38 79 65 46 25,tails,minor,2
2022-12-18T11:39:00Z,364,76 28 9 35 20 39 61 43 21 18 6 5 17 73 56 75 31 24 2 51,heads,regular,2
2022-12-18T11:42:00Z,365,8 10 22 35 3 53 74 50 4 40 13 20 59 69 80 39 63 61 58 64,evens,regular,2
2022-12-18T11:45:00Z,366,51 40 42 25 69 64 60 73 50 26 53 54 70 80 30 20 37 34 27 47,tails,minor,2
2022-12-18T11:48:00Z,368,6 14 53 39 13 80 52 31 4 16 72 11 67 20 56 68 79 8 43 48,evens,regular,2
2022-12-18T11:51:00Z,369,41 45 66 54 65 26 34 43 44 27 46 11 33 62 68 61 47 69 20 50,tails,regular,1
2022-12-18T11:54:00Z,370,39 37 35 48 26 72 19 62 6 69 46 29 44 59 33 53 36 32 42 75,evens,regular,4
2022-12-18T11:57:00Z,371,56 13 32 2 18 16 78 36 75 22 80 74 68 10 34 48 60 44 3 30,heads,regular,3
2022-12-18T12:00:00Z,372,58 76 74 70 12 27 45 69 9 18 47 5 11 26 64 52 31 59 79 39,tails,minor,2
2022-12-18T12:03:00Z,373,58 78 41 40 10 45 47 25 67 18 73 15 54 13 62 11 22 20 23 57,evens,regular,3
2022-12-18T12:06:00Z,374,51 46 74 12 56 79 61 63 43 36 38 30 37 65 58 73 67 59 62 1,tails,regular,1
2022-12-18T12:09:00Z,375,75 40 49 66 76 58 47 32 56 36 44 29 71 55 37 3 12 30 70 19,tails,regular,1
2022-12-18T12:12:00Z,377,34 41 21 22 58 8 36 67 78 74 23 3 5 38 44 54 2 77 53 69,evens,regular,1
2022-12-18T12:15:00Z,378,10 16 27 24 49 44 28 38 71 67 36 63 19 41 54 76 6 43 1 65,evens,regular,1
2022-12-18T12:18:00Z,379,36 62 60 45 28 4 47 11 70 66 24 12 1 44 80 3 64 31 38 21,heads,regular,1
2022-12-18T12:21:00Z,380,3 41 16 43 35 64 50 5 46 63 78 74 49 37 68 20 77 23 25 79,tails,regular,2
2022-12-18T12:24:00Z,381,14 24 35 8 59 19 5 16 69 50 52 9 68 78 48 21 71 34 36 56,heads,minor,4
2022-12-18T12:27:00Z,382,19 45 1 58 64 20 71 79 14 46 72 43 62 41 39 60 37 31 23 32,tails,regular,3
2022-12-18T12:30:00Z,383,68 48 44 20 38 14 13 9 22 33 36 58 4 66 10 29 59 26 32 62,heads,regular,1
2022-12-18T12:33:00Z,384,71 37 44 34 9 23 10 79 43 41 68 53 74 48 36 58 69 59 70 26,tails,minor,2
2022-12-18T12:36:00Z,386,45 38 44 4 27 57 77 60 80 55 65 43 79 51 52 49 66 46 40 30,tails,regular,3
2022-12-18T12:39:00Z,387,13 68 29 75 37 76 19 61 59 55 66 48 27 41 7 11 38 74 69 80,tails,major,3
2022-12-18T12:42:00Z,388,80 57 60 39 78 6 76 59 63 70 61 68 2 54 28 77 67 73 48 32,tails,regular,3
2022-12-18T12:45:00Z,389,29 18 79 28 16 60 61 48 45 13 78 31 65 10 69 9 43 30 74 25,evens,regular,1
2022-12-18T12:48:00Z,390,55 51 53 59 11 39 68 14 34 4 75 52 17 15 48 1 6 47 24 9,heads,minor,1
2022-12-18T12:51:00Z,391,46 6 73 18 53 43 76 27 70 35 63 49 44 38 61 21 8 11 45 64,tails,major,4
2022-12-18T12:54:00Z,392,44 57 29 77 17 36 23 31 80 12 39 51 67 56 34 63 35 28 76 11,heads,regular,1
2022-12-18T12:57:00Z,393,56 42 76 64 4 79 12 31 43 37 72 23 21 77 36 48 75 17 44 32,tails,minor,2
2022-12-18T13:00:00Z,395,61 75 50 3 39 66 44 16 63 65 30 69 57 23 14 11 19 13 42 73,tails,regular,3
2022-12-18T13:03:00Z,396,62 56 41 6 26 9 21 52 23 42 61 3 33 65 5 16 63 1 20 53,heads,minor,1
2022-12-18T13:06:00Z,397,73 51 49 48 40 68 56 20 39 69 9 14 61 6 41 10 16 21 36 71,evens,regular,2
2022-12-18T13:09:00Z,398,80 18 61 72 76 42 20 53 54 21 50 24 37 16 2 26 13 22 28 19,heads,regular,2
2022-12-18T13:12:00Z,399,40 76 12 25 28 78 74 8 18 35 11 19 23 60 14 30 52 67 4 3,heads,regular,1
2022-12-18T13:15:00Z,400,25 22 71 42 55 27 24 59 40 61 52 31 21 58 20 43 53 14 73 30,evens,regular,3
2022-12-18T13:18:00Z,401,22 37 19 62 10 40 55 58 14 23 25 32 80 68 60 47 45 34 17 12,heads,minor,2
2022-12-18T13:21:00Z,402,16 50 4 8 27 19 25 12 26 71 80 54 10 77 11 31 7 55 43 76,heads,regular,2
2022-12-18T13:24:00Z,404,41 19 52 73 17 23 33 77 67 37 38 64 31 26 48 46 71 36 9 18,heads,minor,3
2022-12-18T13:27:00Z,405,53 77 12 20 76 54 67 44 69 60 41 24 71 63 14 47 9 15 28 46,tails,major,1
2022-12-18T13:30:00Z,406,31 47 68 9 8 35 52 49 65 62 22 76 43 54 59 11 75 30 33 53,tails,regular,2
2022-12-18T13:33:00Z,407,75 65 23 16 18 57 60 2 78 11 14 36 56 80 54 63 19 68 50 41,tails,minor,3
2022-12-18T13:36:00Z,408,17 4 30 42 31 3 76 40 69 62 79 68 18 74 37 48 41 56 21 13,evens,minor,3
2022-12-18T13:39:00Z,409,43 51 62 42 15 32 36 7 12 11 79 61 17 73 70 13 19 71 18 60,evens,regular,1
2022-12-18T13:42:00Z,410,9 68 60 3 16 26 47 40 76 61 37 51 69 62 34 25 66 54 50 13,tails,regular,3
2022-12-18T13:45:00Z,411,6 67 61 25 36 59 21 42 15 30 5 62 16 33 50 44 13 54 66 22,heads,minor,5
2022-12-18T13:48:00Z,413,47 38 49 16 64 6 71 69 34 35 66 32 5 10 31 75 68 40 33 52,heads,regular,3
2022-12-18T13:51:00Z,414,74 6 67 38 15 9 71 42 28 19 75 78 54 64 45 39 20 51 63 62,tails,regular,3
2022-12-18T13:54:00Z,415,34 17 2 18 15 55 23 27 6 41 56 31 44 63 10 24 7 32 64 79,heads,regular,3
2022-12-18T13:57:00Z,416,79 72 16 78 58 43 5 24 37 45 2 28 66 47 71 62 20 70 57 38,tails,regular,3
2022-12-18T14:00:00Z,417,20 14 9 37 57 6 75 34 45 66 17 25 78 50 71 61 16 18 46 60,evens,minor,10
2022-12-18T14:03:00Z,418,43 53 56 25 73 33 13 2 36 22 54 80 74 27 12 23 61 51 79 57,tails,minor,1
2022-12-18T14:06:00Z,419,10 20 7 15 60 63 48 6 73 46 68 23 75 2 18 62 69 65 34 45,tails,major,3
2022-12-18T14:09:00Z,420,51 1 76 23 17 80 22 78 37 13 38 55 8 19 27 43 70 28 59 48,heads,minor,1
2022-12-18T14:12:00Z,422,7 60 25 66 4 10 67 22 46 31 38 9 68 80 71 72 36 13 15 26,heads,minor,2
2022-12-18T14:15:00Z,423,67 75 31 36 18 72 49 32 17 2 15 44 4 20 16 64 50 65 74 59,evens,regular,2
2022-12-18T14:18:00Z,424,3 29 54 39 33 69 37 56 35 43 80 70 32 38 58 61 6 7 30 47,heads,major,1
2022-12-18T14:21:00Z,425,3 40 5 25 49 11 69 37 64 6 43 51 13 21 57 2 59 39 63 53,heads,regular,1
2022-12-18T14:24:00Z,426,79 15 52 12 65 74 70 76 63 55 25 62 16 6 14 77 18 32 51 39,tails,regular,1
2022-12-18T14:27:00Z,427,74 17 78 66 63 8 7 79 54 41 27 67 55 53 39 1 23 38 10 31,evens,regular,1
2022-12-18T14:30:00Z,428,41 31 42 32 67 55 12 75 60 74 4 39 65 3 22 15 36 78 11 33,heads,regular,2
2022-12-18T14:33:00Z,429,8 20 50 58 27 49 75 33 9 19 15 73 76 10 67 40 7 55 31 45,heads,major,1
2022-12-18T14:36:00Z,431,25 36 54 76 52 80 48 49 4 79 2 42 45 30 74 67 9 51 44 35,tails,regular,1
2022-12-18T14:39:00Z,432,64 60 59 4 65 3 29 9 63 16 28 19 76 17 67 37 54 21 53 15,heads,regular,1
2022-12-18T14:42:00Z,433,54 77 8 57 76 10 75 72 69 63 56 46 33 20 71 64 50 1 67 31,tails,minor,5
2022-12-18T14:45:00Z,434,64 4 29 46 59 32 41 75 9 63 70 38 62 71 39 55 18 47 50 14,tails,minor,3
2022-12-18T14:48:00Z,435,36 24 44 3 26 2 63 59 71 70 13 23 7 68 72 66 41 51 6 8,evens,regular,2
2022-12-18T14:51:00Z,436,28 42 52 21 13 12 30 59 79 80 70 78 48 39 47 34 22 29 76 6,evens,minor,2
2022-12-18T14:54:00Z,437,61 22 48 68 59 14 33 29 80 26 13 9 51 45 42 74 36 18 56 31,evens,regular,1
2022-12-18T14:57:00Z,438,45 63 25 24 80 55 74 26 75 14 32 78 56 23 12 20 6 9 37 52,heads,major,2
2022-12-18T15:00:00Z,440,80 52 15 27 57 67 6 17 39 34 7 78 16 42 18 24 58 1 29 38,heads,regular,5
2022-12-18T15:03:00Z,441,41 47 42 10 1 52 34 43 14 39 35 28 80 15 78 62 68 13 20 11,heads,regular,1
2022-12-18T15:06:00Z,442,44 20 50 80 55 68 36 31 71 65 23 21 76 52 40 78 5 16 42 46,tails,minor,1
2022-12-18T15:09:00Z,443,29 50 53 36 58 74 65 20 11 12 48 31 4 17 41 10 30 47 76 39,heads,minor,1
2022-12-18T15:12:00Z,444,63 26 29 32 33 54 72 73 62 71 31 3 66 50 21 2 19 61 1 75,evens,minor,2
2022-12-18T15:15:00Z,445,28 76 8 40 52 6 63 79 37 46 35 34 60 4 59 9 13 74 68 80,evens,minor,2
2022-12-18T15:18:00Z,446,15 41 28 2 61 18 60 55 46 31 29 50 44 8 10 24 25 67 36 1,heads,regular,1
2022-12-18T15:21:00Z,447,80 2 61 72 21 12 68 7 60 37 13 63 11 55 62 9 35 25 36 67,heads,regular,3
2022-12-18T15:24:00Z,449,26 32 67 14 59 65 47 9 71 29 36 45 12 16 38 49 77 28 63 22,heads,minor,10
2022-12-18T15:27:00Z,450,32 70 50 44 10 28 12 66 1 78 43 63 76 29 69 80 14 46 9 74,tails,regular,3
2022-12-18T15:30:00Z,451,4 36 66 8 47 41 37 69 25 12 30 63 22 33 3 58 70 20 39 75,heads,regular,4
2022-12-18T15:33:00Z,452,79 58 65 16 73 13 57 63 40 66 29 8 28 71 15 1 41 3 80 78,tails,regular,1
2022-12-18T15:36:00Z,453,3 60 39 56 24 72 79 59 77 17 45 33 43 69 51 47 80 49 5 42,tails,regular,3
2022-12-18T15:39:00Z,454,64 25 40 57 15 41 10 66 14 3 24 47 29 74 39 51 67 38 21 78,heads,regular,2
2022-12-18T15:42:00Z,455,77 65 32 31 66 73 53 49 30 14 25 19 71 43 61 29 12 45 50 70,tails,regular,5
2022-12-18T15:45:00Z,456,78 72 17 11 24 4 79 40 32 70 63 29 26 80 5 37 14 10 42 23,heads,regular,3
2022-12-18T15:48:00Z,458,63 54 71 46 50 80 57 70 7 64 51 33 44 29 20 79 21 15 58 11,tails,regular,1
2022-12-18T15:51:00Z,459,11 67 33 13 5 56 37 14 21 17 44 26 43 73 7 69 74 62 46 9,heads,minor,5
2022-12-18T15:54:00Z,460,32 22 26 77 68 50 11 19 67 45 6 41 25 4 53 71 5 36 49 58,evens,regular,1
2022-12-18T15:57:00Z,461,74 31 33 58 40 5 53 34 66 20 12 39 42 76 67 4 14 69 16 57,heads,regular,2
2022-12-18T16:00:00Z,462,64 1 37 24 58 54 41 57 13 20 16 52 68 23 17 43 29 34 80 74,evens,minor,10
2022-12-18T16:03:00Z,463,40 61 47 19 33 49 25 10 80 69 76 71 38 41 9 77 79 39 17 74,tails,regular,1
2022-12-18T16:06:00Z,464,13 29 18 44 37 62 32 14 24 69 79 39 6 9 64 22 4 16 66 55,heads,regular,2
2022-12-18T16:09:00Z,465,56 12 37 72 1 53 76 31 79 14 80 48 27 38 26 71 49 9 78 67,tails,regular,3
2022-12-18T16:12:00Z,467,77 39 13 51 8 54 15 17 80 74 20 22 26 33 41 35 48 9 37 47,heads,major,1
2022-12-18T16:15:00Z,468,39 32 2 48 49 74 78 24 58 26 47 11 29 55 42 18 67 20 52 37,evens,minor,1
2022-12-18T16:18:00Z,469,8 2 37 47 12 3 54 30 64 17 78 58 42 71 46 14 74 28 43 10,evens,regular,2
2022-12-18T16:21:00Z,470,10 64 17 78 50 63 34 57 42 13 7 44 26 11 20 5 72 31 51 40,heads,regular,2
2022-12-18T16:24:00Z,471,23 8 68 69 2 36 52 54 63 42 32 76 41 12 70 34 5 78 28 30,evens,minor,10
2022-12-18T16:27:00Z,472,19 16 8 28 5 42 11 76 65 29 38 27 77 45 60 30 62 74 80 75,evens,regular,3
2022-12-18T16:30:00Z,473,4 43 73 21 68 79 16 75 66 74 37 35 5 27 47 48 63 1 78 65,tails,regular,1
2022-12-18T16:33:00Z,474,49 60 59 68 38 62 51 52 77 43 21 6 37 63 13 11 67 40 33 58,tails,regular,1
2022-12-18T16:36:00Z,476,44 29 1 8 27 68 78 26 42 70 37 34 39 11 12 80 58 23 13 4,heads,major,3
2022-12-18T16:39:00Z,477,62 15 61 79 30 70 27 39 64 17 10 44 67 52 31 74 28 75 22 4,evens,minor,2
2022-12-18T16:42:00Z,478,69 66 39 46 22 56 79 53 30 18 54 73 48 15 14 8 28 44 77 50,tails,minor,2
2022-12-18T16:45:00Z,479,8 6 48 32 78 19 53 37 69 73 12 46 17 47 75 22 42 3 10 74,evens,regular,2
2022-12-18T16:48:00Z,480,32 62 36 41 77 10 2 7 29 22 55 80 4 71 63 17 78 69 60 30,evens,regular,2
2022-12-18T16:51:00Z,481,23 73 22 37 57 52 77 28 48 26 59 45 67 60 41 27 10 31 19 8,evens,regular,2
2022-12-18T16:54:00Z,482,10 58 70 53 54 63 50 33 4 57 26 18 21 59 19 41 55 72 8 47,tails,regular,1
2022-12-18T16:57:00Z,483,44 6 51 14 75 9 10 67 20 13 5 39 26 50 66 15 3 57 64 56,heads,regular,2
2022-12-18T17:00:00Z,485,54 16 5 25 18 78 80 31 38 48 11 13 24 3 36 71 50 35 12 55,heads,minor,2
2022-12-18T17:03:00Z,486,43 26 15 31 53 45 40 17 65 51 58 64 48 71 54 25 66 22 13 61,tails,minor,2
2022-12-18T17:06:00Z,487,49 18 69 27 33 14 60 21 71 2 72 35 78 3 32 76 70 79 22 73,evens,regular,3
2022-12-18T17:09:00Z,488,71 42 24 36 50 43 34 64 54 62 67 72 23 13 8 15 57 68 4 20,tails,major,1
2022-12-18T17:12:00Z,489,19 56 15 8 71 21 65 60 50 31 64 29 63 69 6 23 48 77 28 38,evens,regular,3
2022-12-18T17:15:00Z,490,7 6 50 11 60 2 22 32 65 25 28 79 57 67 17 63 8 19 51 78,heads,regular,1
2022-12-18T17:18:00Z,491,15 57 27 40 71 62 50 28 39 36 70 26 43 60 22 45 23 9 5 29,heads,regular,3
2022-12-18T17:21:00Z,492,64 54 45 29 42 77 20 53 39 19 58 1 8 70 61 41 51 59 36 71,tails,minor,2
2022-12-18T17:24:00Z,494,68 55 32 8 6 9 26 49 21 40 42 72 13 70 5 80 75 7 12 4,heads,regular,1
2022-12-18T17:27:00Z,495,33 45 24 11 7 44 80 10 43 2 71 31 69 70 6 54 4 73 42 12,evens,regular,2
2022-12-18T17:30:00Z,496,56 16 36 50 38 25 74 48 41 23 27 39 18 57 20 65 42 30 53 67,evens,regular,2
2022-12-18T17:33:00Z,497,80 3 49 55 54 12 68 37 31 28 8 5 16 53 50 44 41 30 27 32,heads,regular,1
2022-12-18T17:36:00Z,498,29 44 43 15 77 49 51 60 4 30 62 24 38 80 42 26 12 45 3 23,evens,regular,3
2022-12-18T17:39:00Z,499,51 60 68 9 41 76 53 42 62 35 26 7 16 14 28 69 43 61 80 78,tails,minor,1
2022-12-18T17:42:00Z,500,45 15 63 38 5 57 31 70 7 19 44 26 66 20 33 27 16 13 68 28,heads,regular,1
2022-12-18T17:45:00Z,501,17 10 44 74 21 43 39 11 9 30 80 28 78 29 56 71 19 37 54 25,heads,regular,2
2022-12-18T17:48:00Z,503,52 74 68 80 71 59 39 77 64 16 58 34 65 61 22 6 3 67 12 38,tails,regular,3
2022-12-18T17:51:00Z,504,57 50 25 52 8 35 28 60 26 43 32 31 70 54 59 10 65 67 19 53,tails,minor,2
2022-12-18T17:54:00Z,505,74 63 44 3 17 55 32 5 50 33 9 53 51 68 59 62 29 80 25 45,tails,regular,3
2022-12-18T17:57:00Z,506,46 16 71 35 43 77 39 61 75 54 22 10 26 15 72 36 21 66 23 8,heads,regular,3
2022-12-18T18:00:00Z,507,35 79 55 36 9 32 42 23 48 21 8 12 65 67 27 59 47 78 30 61,evens,regular,1
2022-12-18T18:03:00Z,508,56 75 4 54 17 76 55 66 25 11 36 10 27 63 40 72 7 33 70 44,evens,regular,3
2022-12-18T18:06:00Z,509,18 33 3 26 5 67 50 69 72 11 7 30 27 38 2 40 17 21 57 10,heads,regular,10
2022-12-18T18:09:00Z,510,76 18 38 80 64 33 16 4 50 44 5 62 25 32 15 58 27 57 23 41,heads,regular,1
2022-12-18T18:12:00Z,512,32 22 14 53 49 15 19 21 45 28 10 73 42 58 38 62 63 71 37 65,evens,regular,2
2022-12-18T18:15:00Z,513,10 72 12 21 49 48 28 62 34 29 14 2 35 38 5 9 23 61 58 78,heads,minor,5
2022-12-18T18:18:00Z,514,37 64 47 22 69 8 23 5 44 51 14 15 68 3 52 80 2 9 4 25,heads,regular,10
2022-12-18T18:21:00Z,515,22 2 26 28 74 29 17 25 6 11 45 47 39 64 78 53 13 71 52 8,heads,regular,1
2022-12-18T18:24:00Z,516,80 27 19 3 54 11 62 55 44 50 71 79 60 75 39 49 20 53 5 42,tails,minor,2
2022-12-18T18:27:00Z,517,65 62 27 68 76 7 26 47 79 19 23 48 13 31 63 74 54 32 42 66,tails,regular,1
2022-12-18T18:30:00Z,518,20 37 17 75 77 64 60 54 67 71 6 18 68 26 46 65 13 69 5 35,tails,major,1
2022-12-18T18:33:00Z,519,8 14 29 42 26 34 56 60 49 15 35 73 66 37 52 28 18 67 77 20,heads,major,2
2022-12-18T18:36:00Z,521,5 20 66 58 40 59 69 4 3 42 48 36 24 60 54 15 52 33 21 25,heads,regular,2
2022-12-18T18:39:00Z,522,40 43 19 66 28 47 62 49 57 41 79 64 32 1 8 37 53 38 78 63,tails,regular,1
2022-12-18T18:42:00Z,523,25 39 78 51 54 26 37 40 16 17 35 9 65 59 28 58 11 44 21 66,heads,regular,3
2022-12-18T18:45:00Z,524,31 6 19 63 68 80 32 15 13 28 58 44 72 36 39 74 9 42 76 57,evens,regular,4
2022-12-18T18:48:00Z,525,75 53 32 18 2 20 41 56 29 36 64 38 21 49 58 62 1 15 46 10,heads,regular,3
2022-12-18T18:51:00Z,526,71 62 66 65 29 21 32 6 52 8 4 22 35 9 46 15 14 59 45 10,heads,regular,1
2022-12-18T18:54:00Z,527,59 53 16 42 51 8 76 77 69 60 75 31 67 21 4 79 61 35 80 13,tails,major,1
2022-12-18T18:57:00Z,528,7 29 28 35 52 79 71 21 19 26 56 3 9 31 59 24 62 74 40 45,heads,regular,3
2022-12-18T19:00:00Z,530,73 72 35 50 80 63 56 19 12 20 10 36 57 49 44 74 13 70 42 64,tails,regular,1
2022-12-18T19:03:00Z,531,76 8 31 74 19 80 45 38 40 53 35 47 12 43 79 10 32 17 33 4,heads,regular,2
2022-12-18T19:06:00Z,532,6 24 57 10 73 74 25 34 4 71 12 8 79 17 75 28 19 50 7 72,heads,minor,3
2022-12-18T19:09:00Z,533,72 22 11 3 68 35 76 75 6 47 69 2 27 41 19 43 59 71 66 44,tails,minor,3
2022-12-18T19:12:00Z,534,50 38 13 35 51 46 75 28 69 21 73 42 15 14 61 8 80 27 40 29,heads,regular,1
2022-12-18T19:15:00Z,535,61 26 77 23 27 10 39 56 22 67 9 29 19 3 72 17 46 73 2 33,heads,regular,1
2022-12-18T19:18:00Z,536,36 4 47 60 69 79 15 41 11 54 14 73 35 68 71 34 18 13 55 32,evens,minor,3
2022-12-18T19:21:00Z,537,61 21 54 50 56 8 77 14 45 9 41 16 22 64 46 34 48 7 26 2,evens,major,2
2022-12-18T19:24:00Z,539,8 80 57 2 19 12 76 41 46 72 10 33 18 4 62 73 16 39 40 78,heads,regular,1
2022-12-18T19:27:00Z,540,19 41 69 55 67 17 24 32 29 45 12 36 50 1 62 58 68 78 6 18,evens,minor,3
2022-12-18T19:30:00Z,541,56 58 68 14 50 16 17 64 6 19 25 79 75 37 28 61 5 21 65 7,heads,regular,2
2022-12-18T19:33:00Z,542,35 13 62 40 70 3 8 34 29 18 52 57 49 33 2 42 26 51 64 50,heads,regular,2
2022-12-18T19:36:00Z,543,37 40 67 36 34 33 24 25 48 32 75 4 69 42 65 53 29 38 71 64,heads,minor,3
2022-12-18T19:39:00Z,544,10 7 74 51 41 50 49 8 16 14 30 43 4 9 52 21 48 79 70 53,tails,regular,3
2022-12-18T19:42:00Z,545,68 11 17 58 64 15 65 71 76 61 28 55 30 54 23 18 70 62 13 67,tails,regular,1
2022-12-18T19:45:00Z,546,64 79 9 1 31 75 35 74 38 45 56 36 34 37 42 6 48 49 33 3,heads,regular,2
2022-12-18T19:48:00Z,548,50 76 41 7 16 31 61 45 68 47 8 42 66 21 4 27 48 71 2 58,tails,regular,1
2022-12-18T19:51:00Z,549,45 74 17 9 14 40 13 27 21 49 24 77 60 5 64 11 22 78 66 68,heads,minor,2
2022-12-18T19:54:00Z,550,30 62 75 64 18 4 44 27 5 40 73 39 78 61 77 9 47 1 15 46,evens,regular,1
2022-12-18T19:57:00Z,551,78 23 60 3 55 48 73 5 29 71 25 52 19 20 57 10 7 26 79 15,heads,regular,1
2022-12-18T20:00:00Z,552,61 63 39 30 14 57 65 5 2 58 44 54 52 28 45 8 10 19 71 41,tails,minor,2
2022-12-18T20:03:00Z,553,9 23 76 47 22 36 65 57 16 27 7 40 75 79 50 68 8 43 64 80,tails,minor,1
2022-12-18T20:06:00Z,554,2 55 8 32 39 62 40 59 80 15 67 64 70 23 9 33 34 37 77 28,heads,regular,1
2022-12-18T20:09:00Z,555,7 39 75 52 49 8 79 3 69 15 17 41 27 76 71 23 14 30 10 9,heads,regular,2
2022-12-18T20:12:00Z,557,53 37 15 69 16 48 21 65 11 29 35 1 74 28 54 76 56 70 66 3,evens,major,1
2022-12-18T20:15:00Z,558,79 40 75 14 1 21 70 36 55 10 61 33 58 43 31 73 51 72 64 17,tails,regular,3
2022-12-18T20:18:00Z,559,79 20 58 70 39 56 24 29 69 48 25 78 64 36 23 53 19 12 7 31,heads,regular,2
2022-12-18T20:21:00Z,560,48 44 2 42 52 41 43 31 24 26 3 12 11 51 40 36 45 76 17 8,heads,regular,2
2022-12-18T20:24:00Z,561,62 50 12 41 46 60 53 61 67 64 65 16 48 31 6 68 26 75 54 57,tails,regular,1
2022-12-18T20:27:00Z,562,26 35 6 61 60 25 50 59 71 68 45 21 23 64 72 75 14 73 49 77,tails,major,3
2022-12-18T20:30:00Z,563,24 77 51 48 59 66 29 31 23 22 17 10 14 30 35 39 1 20 62 58,heads,regular,3
2022-12-18T20:33:00Z,564,70 36 63 74 54 7 48 38 71 14 9 12 2 64 35 61 41 21 1 59,evens,regular,2
2022-12-18T20:36:00Z,566,43 33 20 23 58 16 65 9 41 57 32 44 34 40 2 15 27 25 37 11,heads,regular,1
2022-12-18T20:39:00Z,567,72 10 60 70 28 35 68 77 71 53 25 32 11 55 40 67 50 4 74 27,tails,regular,1
2022-12-18T20:42:00Z,568,30 75 1 56 39 18 55 26 16 79 17 62 3 72 35 21 71 37 77 54,heads,minor,2
2022-12-18T20:45:00Z,569,76 45 18 15 51 72 65 22 38 10 2 26 17 47 64 71 56 33 23 60,evens,minor,2
2022-12-18T20:48:00Z,570,40 18 43 50 37 79 70 10 65 42 4 58 19 22 32 2 47 77 14 34,heads,minor,3
2022-12-18T20:51:00Z,571,38 68 51 72 52 23 54 80 16 15 33 32 11 53 19 17 41 9 13 7,heads,major,3
2022-12-18T20:54:00Z,572,56 59 18 11 43 4 15 77 79 26 32 34 45 25 42 50 66 2 3 35,heads,major,1
2022-12-18T20:57:00Z,573,37 35 10 62 9 12 18 64 22 71 34 61 1 31 70 65 43 55 19 16,heads,regular,2
2022-12-18T21:00:00Z,575,29 4 42 25 63 50 62 12 18 2 76 34 72 79 26 75 47 10 71 37,evens,regular,1
2022-12-18T21:03:00Z,576,39 72 28 22 20 27 75 25 34 58 41 43 17 45 73 5 24 50 60 71,evens,minor,3
2022-12-18T21:06:00Z,577,26 55 31 21 61 3 80 38 59 50 16 51 6 70 32 49 35 64 9 43,evens,regular,3
2022-12-18T21:09:00Z,578,46 14 69 18 39 65 5 79 71 2 12 4 26 3 57 35 8 30 53 55,heads,regular,1
2022-12-18T21:12:00Z,579,15 17 29 32 10 6 11 70 52 12 8 23 24 4 14 18 51 67 59 63,heads,regular,2
2022-12-18T21:15:00Z,580,60 7 44 72 5 35 28 55 17 65 33 14 53 48 30 46 6 37 51 2,heads,regular,1
2022-12-18T21:18:00Z,581,77 74 59 53 48 38 34 69 26 45 2 20 18 68 40 64 41 24 50 56,tails,regular,2
2022-12-18T21:21:00Z,582,38 50 60 36 2 76 59 16 62 41 5 49 33 71 23 13 18 8 11 48,heads,regular,1
2022-12-18T21:24:00Z,584,71 37 72 8 42 7 6 44 51 20 36 52 4 24 65 18 68 59 63 10,evens,regular,3
2022-12-18T21:27:00Z,585,18 61 77 7 70 5 57 4 55 23 51 29 76 52 43 10 27 20 33 46,evens,major,2
2022-12-18T21:30:00Z,586,72 50 44 68 30 74 46 20 29 78 39 11 4 73 41 40 47 10 54 2,tails,minor,1
2022-12-18T21:33:00Z,587,40 72 38 37 3 49 2 31 10 64 52 11 17 41 18 66 45 61 69 7,heads,regular,1
2022-12-18T21:36:00Z,588,36 29 34 11 37 17 21 9 5 3 43 71 61 63 50 18 33 27 14 24,heads,regular,3
2022-12-18T21:39:00Z,589,56 70 76 50 48 10 45 55 31 6 22 23 57 37 19 21 59 1 26 30,heads,minor,2
2022-12-18T21:42:00Z,590,10 16 20 60 2 18 25 80 71 68 11 58 79 8 6 63 3 66 38 49,heads,minor,1
2022-12-18T21:45:00Z,591,26 79 66 35 53 15 61 62 12 17 33 6 51 72 20 80 48 29 77 69,tails,major,1
2022-12-18T21:48:00Z,593,24 30 12 56 43 74 13 2 71 49 18 76 46 55 60 53 15 35 61 9,tails,minor,1
2022-12-18T21:51:00Z,594,51 14 79 31 7 18 10 49 36 45 75 63 55 1 29 5 4 16 11 26,heads,minor,3
2022-12-18T21:54:00Z,595,76 10 16 30 22 45 58 67 29 73 38 28 36 33 70 25 47 75 13 57,heads,major,4
2022-12-18T21:57:00Z,596,4 7 42 65 47 62 25 79 32 9 57 28 16 3 72 51 49 60 40 52,tails,regular,1
2022-12-18T22:00:00Z,597,36 18 14 11 32 13 51 39 35 31 28 55 20 80 59 19 78 49 15 47,heads,minor,1
2022-12-18T22:03:00Z,598,18 48 29 52 15 66 5 27 7 44 61 33 77 1 42 59 25 8 35 46,heads,regular,1
2022-12-18T22:06:00Z,599,36 9 41 21 43 72 30 47 19 67 26 55 8 29 14 39 74 57 50 69,evens,major,2
2022-12-18T22:09:00Z,600,57 74 4 43 54 69 27 1 59 58 34 78 65 23 32 31 60 5 44 19,tails,regular,1
2022-12-18T22:12:00Z,602,43 40 3 32 80 10 61 1 47 77 70 59 42 75 12 37 55 35 19 30,evens,regular,1
2022-12-18T22:15:00Z,603,64 2 7 22 54 29 28 66 18 70 50 33 20 9 59 1 48 73 57 12,heads,major,1
2022-12-18T22:18:00Z,604,40 25 49 26 47 29 48 12 51 54 79 57 61 60 69 46 41 75 58 63,tails,regular,1
2022-12-18T22:21:00Z,605,2 20 42 51 12 37 40 80 45 1 26 60 66 75 50 65 35 32 6 4,heads,regular,2
2022-12-18T22:24:00Z,606,39 22 45 9 78 13 58 63 61 6 7 4 16 68 33 56 21 18 55 14,heads,regular,1
2022-12-18T22:27:00Z,607,67 20 72 55 49 37 59 58 39 40 64 42 17 5 62 31 65 48 44 54,tails,minor,1
2022-12-18T22:30:00Z,608,72 18 44 31 42 9 24 65 68 22 77 49 33 38 58 14 50 7 19 78,evens,regular,1
2022-12-18T22:33:00Z,609,57 8 13 6 65 72 78 32 66 63 76 34 5 74 52 53 48 22 10 79,tails,minor,3
2022-12-18T22:36:00Z,611,15 48 17 40 5 38 13 44 58 50 24 51 30 6 21 71 9 18 43 36,heads,minor,3
2022-12-18T22:39:00Z,612,59 72 1 17 14 34 37 13 55 42 63 11 73 27 51 16 2 41 77 23,heads,regular,1
2022-12-18T22:42:00Z,613,72 77 69 33 32 44 45 18 14 48 67 4 29 79 38 1 54 78 24 6,evens,minor,1
2022-12-18T22:45:00Z,614,21 71 55 39 14 5 43 75 10 53 49 23 27 51 45 68 76 72 79 59,tails,major,2
2022-12-18T22:48:00Z,615,77 70 71 6 36 16 67 60 57 50 80 30 9 56 41 21 72 43 18 39,tails,minor,1
2022-12-18T22:51:00Z,616,29 77 54 28 50 66 39 4 30 2 56 11 33 79 59 52 21 64 34 68,evens,minor,3
2022-12-18T22:54:00Z,617,9 19 53 26 14 25 51 62 47 73 24 70 72 15 40 59 46 32 4 79,evens,regular,1
2022-12-18T22:57:00Z,618,65 5 36 75 50 52 24 58 45 17 23 64 14 31 38 54 7 11 60 34,heads,minor,3
2022-12-18T23:00:00Z,620,57 33 23 1 64 10 67 53 14 80 17 73 44 46 56 51 45 34 38 49,tails,regular,1
2022-12-18T23:03:00Z,621,35 76 46 16 47 9 59 3 39 62 66 26 15 32 65 30 36 37 24 23,heads,major,1
2022-12-18T23:06:00Z,622,14 49 64 5 67 7 66 45 36 31 71 4 54 3 70 6 58 50 11 63,tails,regular,3
2022-12-18T23:09:00Z,623,15 25 67 66 57 20 16 23 40 55 19 1 13 63 31 69 62 74 48 44,evens,minor,1
2022-12-18T23:12:00Z,624,3 15 52 32 16 51 75 29 77 70 76 65 55 80 20 74 14 61 25 33,tails,regular,1
2022-12-18T23:15:00Z,625,70 72 60 38 25 64 30 32 35 42 36 58 50 45 49 4 80 9 13 73,tails,regular,2
2022-12-18T23:18:00Z,626,21 71 63 24 44 53 65 77 37 58 32 60 5 31 52 34 43 50 15 26,tails,regular,1
2022-12-18T23:21:00Z,627,59 80 37 40 57 55 31 9 60 12 65 13 71 42 33 41 17 14 22 23,heads,minor,2
2022-12-18T23:24:00Z,629,51 46 34 25 9 55 61 59 30 80 56 70 75 64 47 4 33 58 19 35,tails,major,1
2022-12-18T23:27:00Z,630,69 9 39 48 34 27 4 20 36 26 3 63 11 28 76 5 55 47 71 6,heads,regular,1
2022-12-18T23:30:00Z,631,76 80 16 34 57 35 51 20 37 75 33 2 3 4 17 43 45 78 49 66,evens,regular,3
2022-12-18T23:33:00Z,632,24 73 2 16 74 14 19 4 30 57 6 23 67 34 33 39 13 46 48 29,heads,regular,1
2022-12-18T23:36:00Z,633,23 46 53 17 20 59 12 48 2 32 64 30 45 22 77 35 7 18 54 42,heads,minor,1
2022-12-18T23:39:00Z,634,54 45 57 65 17 71 10 78 50 35 43 12 62 11 2 28 38 40 80 15,evens,regular,1
2022-12-18T23:42:00Z,635,40 1 3 76 66 65 8 17 51 14 19 67 22 38 41 46 44 42 70 18,evens,minor,3
2022-12-18T23:45:00Z,636,76 24 72 44 34 5 74 78 4 67 42 71 77 48 23 21 6 60 73 52,tails,regular,1
2022-12-18T23:48:00Z,638,10 47 80 12 24 52 78 57 40 51 75 66 39 20 44 48 30 67 26 65,tails,minor,3
2022-12-18T23:51:00Z,639,3 56 68 42 73 10 71 46 34 26 18 37 77 22 61 7 78 29 60 47,tails,minor,2
2022-12-18T23:54:00Z,640,64 57 53 24 18 20 60 55 28 13 54 79 19 26 33 78 68 9 69 46,tails,regular,1
2022-12-18T23:57:00Z,641,41 37 31 78 22 51 73 17 54 40 46 19 77 16 71 72 20 49 10 34,evens,regular,1
2022-12-19T00:00:00Z,642,33 49 9 63 46 41 12 35 50 54 68 1 25 61 22 60 15 7 80 27,evens,regular,4
2022-12-19T00:03:00Z,643,6 67 60 37 68 13 11 80 9 53 40 42 66 65 73 15 28 19 25 24,heads,regular,2
2022-12-19T00:06:00Z,644,58 46 6 4 57 76 36 69 1 73 63 21 50 20 70 78 18 42 68 29,tails,regular,2
2022-12-19T00:09:00Z,645,28 48 11 13 23 19 43 66 29 75 70 78 60 24 54 33 36 71 18 65,evens,regular,2
2022-12-19T00:12:00Z,647,76 54 49 28 33 46 36 75 50 78 68 55 23 3 59 25 65 35 72 5,tails,major,2
2022-12-19T00:15:00Z,648,26 3 59 28 15 43 46 42 61 25 58 66 55 57 53 40 8 27 44 49,tails,minor,10
2022-12-19T00:18:00Z,649,8 59 66 42 50 67 6 11 4 5 51 10 70 40 52 39 74 55 77 38,tails,regular,3
2022-12-19T00:21:00Z,650,53 36 55 14 77 25 31 7 35 56 74 19 50 71 10 62 76 33 40 46,evens,regular,3
2022-12-19T00:24:00Z,651,67 43 21 66 33 31 45 60 53 65 42 75 59 19 24 47 44 63 16 20,tails,major,1
2022-12-19T00:27:00Z,652,10 58 53 2 52 49 14 15 47 41 37 67 70 71 17 11 39 1 24 3,heads,regular,1
2022-12-19T00:30:00Z,653,4 8 20 72 27 56 65 74 53 50 17 26 63 38 40 58 31 68 75 73,tails,regular,3
2022-12-19T00:33:00Z,654,55 18 78 79 52 9 11 25 66 48 24 38 4 77 76 58 17 41 46 7,tails,minor,3
2022-12-19T00:36:00Z,656,6 31 80 11 42 51 65 34 76 60 1 2 32 39 16 10 49 78 71 73,evens,major,1
2022-12-19T00:39:00Z,657,11 63 8 73 55 71 35 70 65 59 39 3 21 24 38 19 76 9 77 22,heads,regular,4
2022-12-19T00:42:00Z,658,1 35 74 41 16 58 66 5 36 10 42 14 24 19 39 40 76 67 21 13,heads,minor,1
2022-12-19T00:45:00Z,659,45 51 48 27 41 22 56 66 75 14 70 59 67 35 34 31 74 9 52 1,tails,minor,1
2022-12-19T00:48:00Z,660,69 38 72 18 53 56 77 15 48 5 37 61 29 10 44 65 62 47 73 9,tails,regular,1
2022-12-19T00:51:00Z,661,23 72 50 4 40 76 54 11 48 60 56 20 33 66 63 64 37 8 21 67,tails,regular,1
2022-12-19T00:54:00Z,662,60 58 18 12 76 32 1 49 26 23 19 62 13 10 44 25 33 16 45 2,heads,regular,3
2022-12-19T00:57:00Z,663,37 79 72 42 54 75 45 62 26 71 76 16 21 27 4 73 65 47 19 8,tails,minor,1
2022-12-19T01:00:00Z,665,9 32 42 74 67 44 49 37 35 10 17 73 51 28 54 2 62 58 15 39,evens,regular,2
2022-12-19T01:03:00Z,666,38 76 58 69 51 37 70 8 20 50 6 66 45 24 48 52 46 15 54 65,tails,minor,2
2022-12-19T01:06:00Z,667,56 76 74 29 73 27 58 1 15 35 11 12 66 60 25 21 45 4 65 52,evens,minor,10
2022-12-19T01:09:00Z,668,26 47 6 31 71 36 4 45 46 63 5 44 8 33 50 17 62 30 39 43,heads,minor,1
2022-12-19T01:12:00Z,669,29 58 2 8 49 70 18 16 65 61 73 55 45 20 30 80 66 54 27 43,tails,major,1
2022-12-19T01:15:00Z,670,59 3 38 66 56 45 11 48 41 13 27 70 80 69 42 17 2 44 62 51,tails,minor,2
2022-12-19T01:18:00Z,671,23 6 56 52 67 20 39 57 17 22 12 64 68 55 61 24 69 34 18 31,heads,regular,2
2022-12-19T01:21:00Z,672,59 40 37 32 65 56 63 79 25 58 72 30 10 76 2 68 44 57 1 73,tails,regular,1
2022-12-19T01:24:00Z,674,31 76 41 27 71 3 56 25 64 36 23 21 9 11 67 26 6 19 62 39,heads,regular,1
2022-12-19T01:27:00Z,675,36 76 46 68 38 5 42 14 43 28 56 60 6 75 47 49 69 58 19 20,tails,regular,1
2022-12-19T01:30:00Z,676,13 14 73 49 78 37 25 50 72 18 19 20 29 41 8 24 53 15 17 21,heads,minor,1
2022-12-19T01:33:00Z,677,66 9 18 44 32 69 33 31 25 35 5 55 48 17 77 30 3 14 37 41,heads,regular,3
2022-12-19T01:36:00Z,678,11 71 72 48 68 57 31 19 43 21 73 63 36 16 41 1 67 46 80 23,tails,regular,1
2022-12-19T01:39:00Z,679,14 73 80 30 65 56 34 1 28 11 46 35 54 20 33 72 5 8 53 76,heads,regular,3
2022-12-19T01:42:00Z,680,23 59 76 77 75 58 31 22 42 13 1 39 60 16 6 7 78 15 50 35,heads,regular,1
2022-12-19T01:45:00Z,681,34 43 47 64 24 72 1 78 46 59 62 57 58 35 5 70 8 17 22 73,tails,regular,2
2022-12-19T01:48:00Z,683,77 12 19 8 70 32 48 11 23 41 64 14 35 39 15 68 58 43 60 1,heads,regular,2
2022-12-19T01:51:00Z,684,65 52 67 41 34 64 31 68 9 23 69 59 44 4 80 16 50 3 12 24,tails,regular,1
2022-12-19T01:54:00Z,685,31 67 10 19 27 76 41 45 46 29 53 63 26 13 51 65 16 62 75 12,tails,major,1
2022-12-19T01:57:00Z,686,52 37 51 49 53 34 63 74 71 77 2 25 27 42 13 35 11 38 55 78,tails,regular,1
2022-12-19T02:00:00Z,687,65 80 29 66 10 49 60 78 9 46 58 50 42 63 61 21 37 51 13 32,tails,regular,3
2022-12-19T02:03:00Z,688,36 18 6 64 58 22 4 71 53 39 73 24 63 33 44 25 15 16 42 56,heads,regular,1
2022-12-19T02:06:00Z,689,39 25 47 40 45 4 3 41 70 34 66 12 15 49 38 71 29 69 42 26,heads,regular,1
2022-12-19T02:09:00Z,690,17 78 47 74 54 66 71 67 6 72 58 48 44 16 62 30 61 19 57 42,tails,regular,3
2022-12-19T02:12:00Z,692,68 30 29 15 9 28 76 64 67 73 65 40 35 80 25 48 46 44 53 70,tails,regular,1
2022-12-19T02:15:00Z,693,7 11 10 44 5 70 1 34 24 47 28 3 37 61 30 63 50 52 8 58,heads,minor,1
2022-12-19T02:18:00Z,694,55 52 68 6 30 50 70 42 36 40 45 74 75 41 54 24 73 44 28 14,tails,regular,5
2022-12-19T02:21:00Z,695,16 70 58 77 74 45 37 6 65 30 48 75 23 44 7 11 52 34 43 22,tails,regular,1
2022-12-19T02:24:00Z,696,71 3 38 29 47 69 68 52 2 31 62 43 21 36 40 22 5 9 28 79,heads,regular,1
2022-12-19T02:27:00Z,697,40 72 49 7 58 59 9 2 31 22 6 54 23 42 11 33 46 14 50 10,heads,major,3
2022-12-19T02:30:00Z,698,41 46 4 32 62 54 31 74 2 69 60 3 23 24 42 12 72 49 9 50,tails,regular,1
2022-12-19T02:33:00Z,699,45 37 11 39 15 24 66 7 49 52 43 72 27 50 22 55 19 29 17 18,heads,minor,1
2022-12-19T02:36:00Z,701,37 36 15 44 51 46 52 25 23 62 17 48 10 33 77 45 61 21 65 8,evens,regular,2
2022-12-19T02:39:00Z,702,19 52 1 39 4 78 48 41 79 73 7 20 38 56 50 68 45 55 32 22,tails,major,1
2022-12-19T02:42:00Z,703,1 42 36 4 23 64 19 61 30 67 73 16 80 78 49 69 14 71 54 59,tails,minor,1
2022-12-19T02:45:00Z,704,41 8 35 55 43 47 40 10 64 57 77 27 63 58 65 32 6 4 11 76,tails,regular,2
2022-12-19T02:48:00Z,705,1 60 50 8 29 39 79 74 23 20 10 31 56 65 73 67 75 48 33 66,tails,minor,1
2022-12-19T02:51:00Z,706,75 34 17 8 49 20 1 73 62 76 70 52 40 15 22 55 80 66 29 78,tails,regular,1
2022-12-19T02:54:00Z,707,74 46 42 15 43 8 12 67 45 10 76 3 48 21 69 80 20 50 38 60,tails,major,1
2022-12-19T02:57:00Z,708,59 9 14 25 56 55 74 80 21 7 78 33 18 47 53 68 48 67 45 71,tails,minor,1
2022-12-19T03:00:00Z,710,35 24 74 18 15 60 19 56 14 40 49 17 30 46 53 8 31 58 54 64,heads,regular,1
2022-12-19T03:03:00Z,711,69 37 47 76 9 11 52 79 73 4 27 26 1 51 38 12 67 61 56 44,tails,regular,2
2022-12-19T03:06:00Z,712,44 55 77 11 72 21 73 61 30 4 66 46 50 56 54 68 42 27 65 34,tails,major,1
2022-12-19T03:09:00Z,713,62 44 55 52 26 56 30 37 78 28 5 50 41 71 57 17 53 3 72 9,tails,regular,2
2022-12-19T03:12:00Z,714,78 17 26 7 37 51 27 1 32 56 8 30 3 76 40 31 66 74 44 60,heads,major,2
2022-12-19T03:15:00Z,715,12 57 36 79 72 68 39 22 44 23 64 48 26 14 2 35 27 18 30 71,heads,minor,3
2022-12-19T03:18:00Z,716,52 37 80 3 27 19 76 20 49 6 79 75 16 71 40 74 5 35 46 41,evens,major,4
2022-12-19T03:21:00Z,717,46 10 30 76 33 47 66 27 5 1 7 38 24 22 21 42 19 56 31 53,heads,regular,3
2022-12-19T03:24:00Z,719,59 49 9 58 80 72 10 54 46 22 5 40 51 28 3 63 18 35 62 68,tails,minor,1
2022-12-19T03:27:00Z,720,66 33 23 77 80 51 3 40 14 73 21 1 59 38 79 64 2 75 29 11,heads,regular,2
2022-12-19T03:30:00Z,721,73 1 21 24 76 29 48 25 71 65 19 7 45 27 53 42 55 56 62 78,tails,minor,1
2022-12-19T03:33:00Z,722,60 27 58 53 8 63 55 14 18 46 6 25 51 50 30 45 71 76 34 49,tails,regular,2
2022-12-19T03:36:00Z,723,25 80 74 15 20 19 2 30 32 35 51 61 50 56 71 17 3 46 1 28,heads,regular,3
2022-12-19T03:39:00Z,724,13 71 40 1 23 35 30 7 19 14 62 31 63 36 46 27 26 77 75 67,heads,minor,3
2022-12-19T03:42:00Z,725,51 12 47 28 55 36 53 76 24 69 39 54 8 78 50 59 20 63 15 18,tails,regular,1
2022-12-19T03:45:00Z,726,74 46 57 75 16 47 72 61 3 70 42 20 44 52 22 35 36 4 48 13,tails,regular,1
2022-12-19T03:48:00Z,728,3 34 4 43 72 58 24 53 6 11 23 30 21 1 44 64 14 60 62 16,heads,minor,1
2022-12-19T03:51:00Z,729,57 65 19 32 52 72 34 76 15 17 43 37 35 26 48 56 67 59 3 24,evens,regular,1
2022-12-19T03:54:00Z,730,45 49 15 38 55 72 19 32 35 43 39 13 66 3 42 78 18 74 16 71,evens,minor,10
2022-12-19T03:57:00Z,731,3 24 42 38 66 8 48 47 69 43 77 22 13 37 79 7 52 35 39 11,heads,minor,2
2022-12-19T04:00:00Z,732,52 78 4 13 50 24 19 10 18 27 46 26 35 53 68 58 32 51 7 64,heads,regular,2
2022-12-19T04:03:00Z,733,61 45 11 6 50 31 13 57 1 5 27 68 78 73 23 79 48 41 67 70,tails,regular,1
2022-12-19T04:06:00Z,734,12 44 72 6 16 5 40 15 69 7 18 61 19 52 42 65 43 59 38 48,evens,regular,2
2022-12-19T04:09:00Z,735,15 65 70 80 61 9 39 77 74 3 32 56 10 38 76 18 4 51 26 30,heads,regular,1
2022-12-19T04:12:00Z,737,55 41 80 54 31 71 48 14 74 49 67 3 64 2 26 37 11 43 68 21,tails,regular,3
2022-12-19T04:15:00Z,738,38 27 23 67 73 28 4 71 22 60 66 69 77 41 53 80 14 68 40 62,tails,regular,2
2022-12-19T04:18:00Z,739,64 69 2 17 38 55 16 46 33 71 74 42 65 73 36 77 10 15 72 19,tails,regular,3
2022-12-19T04:21:00Z,740,35 70 44 3 18 43 72 52 62 28 4 8 25 31 10 9 55 14 42 67,heads,regular,1
2022-12-19T04:24:00Z,741,20 49 80 76 57 68 46 34 6 59 72 45 30 28 79 19 21 77 37 66,tails,regular,1
2022-12-19T04:27:00Z,742,15 40 52 51 57 55 39 13 67 2 58 77 36 18 24 17 22 21 23 29,heads,regular,3
2022-12-19T04:30:00Z,743,21 47 22 52 75 63 1 9 55 13 60 20 69 29 71 38 46 2 74 42,tails,major,3
2022-12-19T04:33:00Z,744,20 29 66 60 32 7 37 43 62 39 30 51 52 53 56 49 23 18 13 48,evens,major,1
2022-12-19T04:36:00Z,746,38 10 60 6 51 43 40 73 52 32 62 80 63 28 75 50 34 74 44 36,tails,regular,1
2022-12-19T04:39:00Z,747,65 38 73 48 56 35 64 4 29 67 66 5 55 47 60 80 63 79 53 32,tails,major,2
2022-12-19T04:42:00Z,748,34 17 29 27 49 33 18 59 61 9 76 73 3 31 4 42 2 36 15 78,heads,regular,2
2022-12-19T04:45:00Z,749,22 25 71 21 69 23 20 30 15 73 50 77 4 45 47 33 2 68 29 18,heads,minor,2
2022-12-19T04:48:00Z,750,7 61 76 16 27 71 1 80 12 13 53 48 29 17 8 4 28 32 58 59,heads,minor,2
2022-12-19T04:51:00Z,751,22 70 12 3 40 78 30 24 7 31 75 15 64 17 43 23 29 76 73 14,heads,major,1
2022-12-19T04:54:00Z,752,78 11 13 3 8 2 18 36 57 17 39 20 61 79 75 59 45 50 52 9,heads,regular,1
2022-12-19T04:57:00Z,753,33 27 30 34 3 63 31 41 29 78 80 38 77 40 36 79 8 43 49 56,heads,regular,2
2022-12-19T05:00:00Z,755,71 40 65 6 3 59 23 53 57 77 79 27 46 25 10 78 5 35 55 8,evens,regular,2
2022-12-19T05:03:00Z,756,34 32 75 36 2 77 9 10 45 18 42 37 5 71 64 69 15 43 61 12,heads,regular,3
2022-12-19T05:06:00Z,757,32 70 75 78 7 22 55 40 45 79 13 77 23 62 24 35 64 2 36 14,heads,minor,1
2022-12-19T05:09:00Z,758,70 33 44 56 67 20 42 52 64 58 26 7 53 74 75 68 51 46 25 30,tails,minor,2
2022-12-19T05:12:00Z,759,10 38 32 59 65 41 28 30 1 50 74 44 78 52 12 15 6 70 36 48,evens,regular,1
2022-12-19T05:15:00Z,760,27 64 10 33 54 53 80 46 75 3 57 37 70 7 79 68 30 39 63 26,tails,regular,5
2022-12-19T05:18:00Z,761,62 45 56 50 9 15 80 30 29 75 53 11 43 33 52 38 7 28 2 34,heads,regular,2
2022-12-19T05:21:00Z,762,78 68 80 35 76 59 66 1 74 38 69 55 30 26 24 37 71 15 65 12,tails,minor,2
2022-12-19T05:24:00Z,764,24 39 17 59 55 64 25 61 2 18 31 1 70 9 80 29 50 56 12 76,heads,regular,1
2022-12-19T05:27:00Z,765,60 68 62 80 14 21 2 29 1 24 59 30 40 11 25 51 5 74 38 39,heads,regular,1
2022-12-19T05:30:00Z,766,48 78 47 58 32 33 52 71 76 66 1 44 79 37 24 23 7 68 35 8,tails,regular,1
2022-12-19T05:33:00Z,767,29 79 46 70 34 8 52 13 50 51 38 18 32 49 60 1 61 47 75 20,tails,regular,3
2022-12-19T05:36:00Z,768,14 34 64 79 50 33 61 42 60 21 25 40 36 27 69 23 28 59 43 70,evens,regular,2
2022-12-19T05:39:00Z,769,4 44 46 61 13 14 55 45 70 25 6 3 77 21 60 48 1 7 54 47,tails,major,2
2022-12-19T05:42:00Z,770,23 17 34 54 21 62 66 32 5 12 77 79 70 60 39 67 64 26 46 4,evens,regular,1
2022-12-19T05:45:00Z,771,75 17 1 13 48 43 58 67 3 26 22 27 61 42 45 34 50 53 40 80,tails,minor,10
2022-12-19T05:48:00Z,773,74 7 4 71 6 61 43 36 16 5 70 44 3 25 53 51 32 37 49 9,heads,regular,2
2022-12-19T05:51:00Z,774,19 52 12 32 16 39 50 25 47 54 57 59 13 23 17 71 55 48 8 18,heads,regular,1
2022-12-19T05:54:00Z,775,3 17 37 16 8 14 66 10 52 55 26 77 22 72 56 75 7 69 6 46,heads,regular,2
2022-12-19T05:57:00Z,776,22 55 75 31 67 80 45 66 79 54 4 43 77 52 17 15 65 73 5 30,tails,minor,3
2022-12-19T06:00:00Z,777,24 40 14 36 25 7 43 55 44 17 22 16 76 39 48 50 74 34 18 71,heads,regular,2
2022-12-19T06:03:00Z,778,39 50 16 15 40 61 74 37 76 53 68 49 11 18 43 14 5 66 64 70,tails,major,1
2022-12-19T06:06:00Z,779,20 16 35 68 2 65 67 66 6 74 10 52 44 26 22 71 38 48 11 62,evens,regular,2
2022-12-19T06:09:00Z,780,51 56 66 54 63 78 50 21 62 58 45 72 7 1 37 31 25 24 32 75,tails,regular,1
2022-12-19T06:12:00Z,782,61 45 12 20 11 24 50 70 18 77 22 23 47 38 27 76 29 9 44 33,heads,regular,1
2022-12-19T06:15:00Z,783,11 6 45 49 33 29 13 79 68 53 26 16 24 25 58 3 27 62 60 57,heads,regular,3
2022-12-19T06:18:00Z,784,73 58 79 32 75 1 21 22 66 69 39 45 61 12 35 42 51 74 60 11,tails,regular,1
2022-12-19T06:21:00Z,785,29 25 75 7 62 42 71 35 24 15 31 10 74 9 11 63 57 73 53 20,heads,regular,1
2022-12-19T06:24:00Z,786,40 1 23 48 37 63 46 49 78 20 7 21 9 80 79 19 76 39 24 72,heads,regular,1
2022-12-19T06:27:00Z,787,52 60 17 34 62 63 15 45 71 18 2 72 74 5 9 46 66 13 50 41,tails,regular,1
2022-12-19T06:30:00Z,788,28 33 15 75 26 27 31 63 21 5 36 41 66 55 37 12 49 77 51 18,heads,minor,2
2022-12-19T06:33:00Z,789,25 16 47 14 33 80 40 55 10 4 63 31 30 37 61 21 23 73 76 34,heads,regular,1
2022-12-19T06:36:00Z,791,59 73 19 15 30 46 34 61 31 77 78 50 21 63 67 1 28 24 43 3,evens,minor,10
2022-12-19T06:39:00Z,792,79 36 43 57 23 65 66 21 61 25 19 14 78 59 67 34 38 45 75 3,tails,regular,1
2022-12-19T06:42:00Z,793,66 11 73 14 8 54 2 39 60 52 31 34 45 65 1 35 26 4 23 24,heads,minor,3
2022-12-19T06:45:00Z,794,3 35 5 40 63 37 80 54 10 51 6 62 18 23 71 34 55 77 22 28,heads,regular,3
2022-12-19T06:48:00Z,795,54 32 71 15 1 45 14 22 66 78 11 33 10 46 69 34 53 56 70 8,evens,major,1
2022-12-19T06:51:00Z,796,18 33 80 30 71 16 4 24 45 11 32 60 31 8 69 37 34 20 13 7,heads,minor,1
2022-12-19T06:54:00Z,797,62 50 49 48 72 76 33 71 61 54 9 52 80 21 19 40 4 58 17 55,tails,minor,3
2022-12-19T06:57:00Z,798,10 68 19 9 1 52 69 20 49 33 38 26 70 78 80 29 56 64 22 37,heads,major,4
2022-12-19T07:00:00Z,800,54 20 59 71 57 60 24 30 70 49 74 1 42 41 66 7 58 46 62 4,tails,minor,1
2022-12-19T07:03:00Z,801,10 45 77 16 40 71 9 56 53 19 22 39 62 37 72 47 64 57 49 36,tails,regular,3
2022-12-19T07:06:00Z,802,69 19 63 42 23 46 24 33 37 14 40 51 12 65 34 78 67 49 3 73,evens,regular,10
2022-12-19T07:09:00Z,803,64 41 44 66 76 25 57 48 61 70 80 75 71 37 32 38 58 5 2 52,tails,regular,1
2022-12-19T07:12:00Z,804,70 25 68 43 74 12 11 53 14 69 4 34 21 20 32 67 16 59 30 37,heads,regular,1
2022-12-19T07:15:00Z,805,42 37 68 32 35 75 44 43 26 49 34 28 23 7 63 27 4 62 22 48,heads,minor,4
2022-12-19T07:18:00Z,806,28 29 10 62 19 72 15 27 80 42 69 36 20 55 40 38 75 37 45 2,heads,regular,2
2022-12-19T07:21:00Z,807,23 46 30 76 67 1 61 20 21 16 8 34 54 63 56 37 19 41 51 13,heads,regular,1
2022-12-19T07:24:00Z,809,50 36 64 19 41 7 47 76 39 15 3 78 6 70 44 13 61 14 22 63,evens,regular,1
2022-12-19T07:27:00Z,810,23 49 32 2 28 10 52 68 45 22 58 3 60 47 53 34 57 56 76 71,tails,regular,2
2022-12-19T07:30:00Z,811,34 67 80 27 35 76 55 72 78 38 57 1 19 61 7 22 25 13 47 11,heads,regular,2
2022-12-19T07:33:00Z,812,45 2 66 3 1 39 73 71 16 56 27 80 20 60 32 40 46 42 43 28,evens,minor,4
2022-12-19T07:36:00Z,813,45 54 49 25 7 72 60 22 77 66 58 18 21 31 20 3 39 67 17 23,heads,regular,3
2022-12-19T07:39:00Z,814,43 54 75 67 49 42 52 70 24 71 68 59 76 14 60 18 53 72 16 38,tails,minor,4
2022-12-19T07:42:00Z,815,19 18 33 28 73 17 8 11 43 74 13 77 60 48 50 16 6 15 78 31,heads,minor,1
2022-12-19T07:45:00Z,816,12 54 52 62 27 78 7 20 61 38 75 43 24 23 50 34 73 65 31 22,evens,major,4
2022-12-19T07:48:00Z,818,39 4 44 1 74 53 48 36 54 68 76 6 27 31 57 46 7 30 38 78,evens,regular,2
2022-12-19T07:51:00Z,819,71 5 31 78 60 14 12 16 39 58 46 70 28 59 18 77 79 25 75 68,tails,regular,1
2022-12-19T07:54:00Z,820,35 71 32 34 80 79 24 72 23 22 5 75 65 51 64 11 2 13 60 44,evens,regular,4
2022-12-19T07:57:00Z,821,7 38 61 19 53 30 59 6 77 56 23 67 58 55 63 3 66 15 34 75,tails,minor,2
2022-12-19T08:00:00Z,822,12 28 74 70 38 63 5 52 77 72 59 9 26 42 58 75 55 17 41 78,tails,regular,1
2022-12-19T08:03:00Z,823,26 18 25 42 47 49 56 41 80 27 65 21 32 55 19 78 74 33 59 13,tails,regular,2
2022-12-19T08:06:00Z,824,42 32 43 16 22 69 63 21 6 48 60 59 35 50 57 68 56 54 45 2,tails,major,4
2022-12-19T08:09:00Z,825,14 68 34 3 64 42 66 49 39 54 28 52 38 31 69 80 25 78 63 57,tails,regular,1
2022-12-19T08:12:00Z,827,74 44 11 62 5 36 15 4 60 39 14 1 52 33 51 54 78 68 21 24,heads,major,1
2022-12-19T08:15:00Z,828,51 70 55 3 6 56 34 49 43 60 1 35 62 58 8 27 26 65 10 15,evens,regular,2
2022-12-19T08:18:00Z,829,42 22 64 55 1 52 11 78 56 44 14 34 36 5 68 74 49 28 80 69,tails,regular,2
2022-12-19T08:21:00Z,830,17 45 74 31 22 24 40 57 47 75 11 16 58 1 80 38 66 2 32 67,heads,regular,2
2022-12-19T08:24:00Z,831,21 15 76 28 22 31 51 56 68 14 29 74 40 7 6 26 66 57 53 44,heads,minor,2
2022-12-19T08:27:00Z,832,16 29 33 6 59 65 49 50 42 48 72 75 9 8 19 2 27 62 76 53,tails,regular,1
2022-12-19T08:30:00Z,833,24 29 32 66 2 33 37 69 65 76 59 54 9 26 23 53 16 21 19 62,heads,regular,2
2022-12-19T08:33:00Z,834,55 63 66 22 49 26 61 11 79 57 28 6 73 70 23 45 38 8 50 9,tails,regular,2
2022-12-19T08:36:00Z,836,12 49 44 68 32 28 79 73 24 50 18 57 23 67 11 15 36 31 47 35,heads,regular,3
2022-12-19T08:39:00Z,837,65 19 37 42 56 53 21 17 52 55 47 54 16 79 63 64 24 66 13 20,tails,regular,3
2022-12-19T08:42:00Z,838,45 66 42 7 14 63 17 52 41 48 22 53 46 79 64 60 67 15 43 40,tails,regular,1
2022-12-19T08:45:00Z,839,59 29 33 39 60 2 70 17 67 76 18 58 71 9 24 51 48 72 56 34,tails,major,1
2022-12-19T08:48:00Z,840,47 27 33 55 13 48 31 79 9 52 68 7 38 40 5 23 34 35 56 8,heads,regular,1
2022-12-19T08:51:00Z,841,33 31 79 32 72 35 27 28 51 74 49 23 43 3 67 7 73 14 39 45,heads,regular,2
2022-12-19T08:54:00Z,842,15 18 10 29 37 45 23 61 26 78 4 73 28 52 19 11 74 63 60 43,heads,minor,4
2022-12-19T08:57:00Z,843,72 75 49 54 63 46 64 34 25 61 26 21 11 59 9 12 8 53 69 7,tails,regular,1
2022-12-19T09:00:00Z,845,1 51 5 6 67 61 7 15 24 56 13 45 22 8 76 42 17 79 43 62,evens,minor,2
2022-12-19T09:03:00Z,846,78 56 17 36 6 26 3 25 66 46 11 24 76 67 74 53 19 34 47 64,evens,regular,1
2022-12-19T09:06:00Z,847,10 13 41 57 59 48 7 12 42 4 47 58 6 25 33 37 31 32 46 67,heads,regular,3
2022-12-19T09:09:00Z,848,33 67 80 42 66 1 9 32 13 63 50 20 55 47 24 72 3 5 52 35,evens,minor,4
2022-12-19T09:12:00Z,849,41 71 17 5 77 43 23 34 80 26 32 3 45 38 75 70 56 12 50 57,tails,regular,1
2022-12-19T09:15:00Z,850,43 47 12 23 24 44 69 58 14 36 73 30 13 56 27 9 75 37 2 48,heads,regular,3
2022-12-19T09:18:00Z,851,61 6 57 31 35 10 47 48 46 13 74 42 11 36 15 50 45 58 40 60,tails,major,1
2022-12-19T09:21:00Z,852,2 12 71 36 68 15 23 6 28 14 29 66 61 32 62 41 18 24 7 37,heads,regular,2
2022-12-19T09:24:00Z,854,76 17 75 30 1 61 56 6 10 13 46 24 60 58 53 39 43 42 18 44,tails,minor,4
2022-12-19T09:27:00Z,855,43 42 73 2 36 39 28 27 14 22 47 9 15 62 17 12 74 29 30 7,heads,regular,1
2022-12-19T09:30:00Z,856,30 37 11 2 52 70 35 42 22 12 76 65 36 44 23 15 73 41 7 31,heads,minor,2
2022-12-19T09:33:00Z,857,31 49 2 75 44 67 74 73 25 39 38 3 28 60 69 68 15 51 36 80,tails,regular,10
2022-12-19T09:36:00Z,858,65 62 77 56 10 23 13 11 41 71 52 4 21 34 31 42 26 47 58 2,evens,major,1
2022-12-19T09:39:00Z,859,38 63 49 28 72 6 59 39 29 60 35 9 54 36 34 23 31 17 10 70,heads,regular,1
2022-12-19T09:42:00Z,860,10 51 20 26 57 4 19 65 48 66 7 76 80 62 71 79 45 40 47 1,tails,minor,1
2022-12-19T09:45:00Z,861,24 6 74 47 34 67 61 71 54 13 25 41 44 35 57 9 64 53 36 66,tails,regular,3
2022-12-19T09:48:00Z,863,48 73 1 27 34 64 50 39 77 45 36 16 20 53 54 47 78 62 44 4,tails,major,3
2022-12-19T09:51:00Z,864,48 56 59 53 2 1 71 22 3 17 36 14 6 12 32 10 21 30 46 44,heads,minor,1
2022-12-19T09:54:00Z,865,5 20 67 24 32 69 72 33 29 21 40 75 54 73 18 80 45 14 25 60,heads,minor,3
2022-12-19T09:57:00Z,866,52 65 31 50 6 49 11 56 9 54 19 20 66 33 7 71 57 12 25 28,heads,minor,10
2022-12-19T10:00:00Z,867,74 36 40 66 77 37 4 56 58 49 52 7 57 23 33 30 71 45 59 38,tails,regular,1
2022-12-19T10:03:00Z,868,62 4 70 79 26 7 11 80 74 34 39 75 44 5 73 49 58 33 20 29,evens,major,3
2022-12-19T10:06:00Z,869,22 3 11 55 57 62 70 76 25 14 68 72 8 21 59 44 42 79 78 61,tails,regular,10
2022-12-19T10:09:00Z,870,40 76 63 13 6 8 20 38 11 33 4 5 74 52 56 14 7 75 78 69,heads,minor,2
2022-12-19T10:12:00Z,872,48 25 13 37 17 63 70 77 62 30 34 59 4 42 64 80 3 67 23 49,tails,regular,3
2022-12-19T10:15:00Z,873,5 54 26 48 76 19 72 50 51 70 34 22 1 43 10 78 53 40 28 23,evens,regular,2
2022-12-19T10:18:00Z,874,4 34 43 47 46 30 58 55 36 25 5 3 69 35 15 65 1 53 77 21,heads,major,1
2022-12-19T10:21:00Z,875,14 9 38 53 40 66 68 46 8 51 3 19 35 80 65 43 12 2 37 27,heads,regular,3
2022-12-19T10:24:00Z,876,61 79 9 80 38 3 43 55 5 35 45 64 76 14 8 16 58 31 23 1,heads,regular,3
2022-12-19T10:27:00Z,877,12 9 21 73 72 13 71 36 29 31 11 40 14 69 44 56 48 20 28 70,heads,major,1
2022-12-19T10:30:00Z,878,58 42 37 78 73 48 69 52 29 14 80 17 65 32 18 71 49 30 68 2,tails,major,5
2022-12-19T10:33:00Z,879,42 53 52 19 59 28 39 51 44 2 67 73 58 60 43 16 63 10 12 54,tails,regular,2
2022-12-19T10:36:00Z,881,76 62 69 59 35 56 24 15 4 52 28 68 74 10 75 77 1 8 45 50,tails,regular,1
2022-12-19T10:39:00Z,882,39 22 47 40 70 46 5 34 69 13 33 48 64 6 75 36 12 55 72 32,heads,regular,1
2022-12-19T10:42:00Z,883,5 68 18 55 22 63 2 50 27 66 43 30 76 72 1 14 8 78 31 52,evens,minor,2
2022-12-19T10:45:00Z,884,75 25 41 20 73 19 2 76 29 66 11 60 62 7 16 28 27 70 6 38,heads,minor,1
2022-12-19T10:48:00Z,885,21 28 14 68 15 31 17 55 27 33 5 29 34 78 61 64 7 8 46 16,heads,regular,1
2022-12-19T10:51:00Z,886,45 80 50 18 70 5 52 2 49 40 13 12 17 9 10 20 74 57 53 29,heads,regular,5
2022-12-19T10:54:00Z,887,67 34 68 49 60 70 41 12 75 42 43 53 64 2 47 11 1 18 20 38,tails,regular,1
2022-12-19T10:57:00Z,888,29 78 30 9 43 15 70 50 22 54 71 39 31 62 58 76 17 26 23 64,evens,regular,3
2022-12-19T11:00:00Z,890,15 35 65 44 28 46 63 24 40 74 69 30 54 77 56 43 19 61 68 3,tails,major,1
2022-12-19T11:03:00Z,891,41 38 3 17 15 28 70 30 13 64 46 73 20 50 10 21 49 77 18 61,heads,regular,3
2022-12-19T11:06:00Z,892,63 12 38 73 39 5 79 57 15 9 6 3 80 75 31 25 35 19 60 49,heads,regular,1
2022-12-19T11:09:00Z,893,39 51 14 8 28 24 48 67 18 20 19 22 1 66 44 64 12 56 27 59,heads,regular,2
2022-12-19T11:12:00Z,894,35 71 52 61 4 1 38 58 15 8 14 51 7 24 50 3 12 44 62 11,heads,regular,5
2022-12-19T11:15:00Z,895,38 47 63 56 72 79 3 26 59 34 43 76 57 16 30 49 4 12 14 9,evens,minor,3
2022-12-19T11:18:00Z,896,13 79 51 74 11 46 58 29 23 72 25 16 73 17 67 76 64 20 71 31,tails,minor,3
2022-12-19T11:21:00Z,897,46 2 32 52 1 59 41 74 16 33 14 68 70 9 17 79 45 26 31 57,evens,minor,4
2022-12-19T11:24:00Z,899,39 55 28 43 25 4 40 3 15 59 53 46 30 57 61 75 21 45 76 13,evens,major,1
2022-12-19T11:27:00Z,900,58 18 46 5 20 44 10 48 37 23 74 36 30 72 79 78 69 63 15 32,evens,regular,3
2022-12-19T11:30:00Z,901,20 28 45 40 12 61 78 48 52 31 67 4 33 77 55 74 11 80 30 63,tails,regular,1
2022-12-19T11:33:00Z,902,67 54 80 3 50 2 1 16 42 51 48 32 68 45 8 41 4 27 63 11,tails,regular,1
2022-12-19T11:36:00Z,903,5 38 57 25 48 16 12 41 66 79 31 24 3 69 61 28 42 80 14 18,heads,regular,3
2022-12-19T11:39:00Z,904,51 30 52 69 61 44 28 47 60 75 74 50 58 11 13 71 19 42 7 25,tails,regular,1
2022-12-19T11:42:00Z,905,26 57 46 59 74 42 24 13 49 12 5 17 79 25 61 32 43 50 56 66,tails,regular,2
2022-12-19T11:45:00Z,906,15 7 57 23 34 42 31 27 50 18 2 76 28 20 24 73 39 29 12 35,heads,regular,10
2022-12-19T11:48:00Z,908,37 66 63 22 17 8 12 32 52 55 80 78 21 48 9 53 65 77 49 46,tails,major,1
2022-12-19T11:51:00Z,909,12 68 42 24 72 1 10 69 16 57 23 63 40 65 13 32 80 15 77 74,evens,minor,1
2022-12-19T11:54:00Z,910,66 3 75 26 28 42 50 52 43 16 48 60 51 4 78 17 68 54 70 6,tails,regular,3
2022-12-19T11:57:00Z,911,56 38 70 2 24 3 13 66 58 25 39 36 14 65 71 33 27 43 80 49,heads,regular,1
2022-12-19T12:00:00Z,912,75 24 17 39 52 65 43 37 13 73 14 58 16 7 21 79 18 33 32 68,heads,minor,2
2022-12-19T12:03:00Z,913,6 41 2 51 38 36 17 54 53 70 67 5 21 43 31 71 57 69 32 63,tails,major,1
2022-12-19T12:06:00Z,914,65 40 34 8 5 7 14 57 13 15 54 23 74 80 27 72 69 10 39 62,heads,regular,1
2022-12-19T12:09:00Z,915,43 75 67 73 76 33 21 58 12 65 57 77 78 80 26 14 59 60 74 41,tails,regular,2
2022-12-19T12:12:00Z,917,61 30 24 38 34 64 71 79 72 69 67 46 33 68 9 13 77 73 7 10,tails,regular,3
2022-12-19T12:15:00Z,918,28 8 30 20 77 55 37 33 40 41 64 18 59 57 76 1 74 75 2 54,evens,regular,2
2022-12-19T12:18:00Z,919,60 64 48 65 66 20 55 16 23 4 80 9 56 2 26 78 13 70 7 11,evens,regular,1
2022-12-19T12:21:00Z,920,66 19 53 78 18 5 51 71 29 72 2 59 64 37 42 30 54 28 74 55,tails,minor,1
2022-12-19T12:24:00Z,921,73 6 46 44 33 22 30 35 14 43 7 56 54 24 34 67 42 39 29 58,heads,regular,3
2022-12-19T12:27:00Z,922,37 41 38 2 9 54 47 11 63 46 7 51 17 59 58 33 50 25 16 35,heads,regular,5
2022-12-19T12:30:00Z,923,70 63 60 64 65 52 74 7 43 47 22 73 72 20 79 5 68 37 77 26,tails,minor,2
2022-12-19T12:33:00Z,924,73 53 15 45 69 28 18 21 36 50 74 76 38 29 1 59 24 27 2 9,heads,regular,1
2022-12-19T12:36:00Z,926,16 18 19 56 29 55 80 73 72 79 51 23 47 66 39 68 50 9 46 34,tails,regular,2
2022-12-19T12:39:00Z,927,32 47 64 75 46 69 13 62 4 12 74 72 21 44 70 20 24 29 27 43,tails,major,4
2022-12-19T12:42:00Z,928,66 28 36 30 13 59 64 23 44 73 14 54 31 78 45 57 69 53 18 51,tails,regular,2
2022-12-19T12:45:00Z,929,36 49 71 38 42 46 57 53 30 33 31 26 72 55 69 65 70 13 21 32,tails,regular,1
2022-12-19T12:48:00Z,930,74 33 44 37 78 61 50 1 29 36 79 13 59 10 38 4 64 21 11 60,heads,minor,1
2022-12-19T12:51:00Z,931,75 37 45 3 26 11 56 67 71 70 14 13 54 32 31 28 73 5 61 20,heads,regular,1
2022-12-19T12:54:00Z,932,66 54 71 74 27 57 47 28 59 13 64 63 21 40 48 61 60 41 31 68,tails,regular,3
2022-12-19T12:57:00Z,933,54 70 64 69 15 18 14 46 39 32 4 60 52 45 75 79 26 37 31 66,tails,regular,2
2022-12-19T13:00:00Z,935,22 41 75 39 78 19 60 69 17 62 11 18 5 33 36 37 24 31 15 8,heads,minor,2
2022-12-19T13:03:00Z,936,72 35 5 31 55 43 18 75 36 60 69 65 12 74 33 39 62 23 57 37,evens,regular,1
2022-12-19T13:06:00Z,937,77 31 66 5 42 4 65 10 72 55 9 78 45 26 49 38 12 63 37 36,evens,regular,1
2022-12-19T13:09:00Z,938,62 63 19 64 78 32 41 37 6 21 80 52 3 35 76 17 50 8 18 42,evens,regular,3
2022-12-19T13:12:00Z,939,50 58 52 30 35 54 8 13 21 42 36 16 71 62 80 70 19 31 22 61,evens,regular,1
2022-12-19T13:15:00Z,940,10 37 78 23 36 54 64 61 56 19 14 67 42 44 69 60 9 59 18 66,tails,minor,3
2022-12-19T13:18:00Z,941,10 9 26 27 43 69 4 46 36 72 28 79 19 35 8 53 11 34 59 40,heads,regular,1
2022-12-19T13:21:00Z,942,37 45 72 17 60 71 48 30 8 21 50 67 9 68 78 28 41 52 66 35,tails,regular,1
2022-12-19T13:24:00Z,944,57 50 30 28 17 52 69 18 65 60 21 44 78 41 2 72 6 36 43 64,tails,minor,1
2022-12-19T13:27:00Z,945,50 66 63 72 69 68 43 9 80 61 41 75 5 21 57 71 51 8 47 52,tails,regular,1
2022-12-19T13:30:00Z,946,17 71 66 5 55 16 18 44 34 64 70 80 51 60 29 7 22 1 19 50,evens,regular,3
2022-12-19T13:33:00Z,947,61 25 55 52 49 20 12 30 8 76 13 7 72 29 63 68 78 77 19 70,tails,regular,1
2022-12-19T13:36:00Z,948,59 35 43 32 15 55 37 49 73 6 7 23 26 72 50 41 25 54 57 33,evens,regular,1
2022-12-19T13:39:00Z,949,28 2 6 16 76 42 52 62 3 20 70 67 69 13 44 15 64 32 57 5,evens,major,1
2022-12-19T13:42:00Z,950,51 58 22 44 24 60 70 1 11 15 65 43 79 10 37 18 49 46 35 68,tails,major,2
2022-12-19T13:45:00Z,951,54 64 37 79 77 15 23 43 31 8 32 17 41 10 7 30 73 53 5 78,heads,regular,2
2022-12-19T13:48:00Z,953,62 11 68 22 59 7 72 36 42 65 33 54 10 29 41 18 63 3 13 9,heads,regular,1
2022-12-19T13:51:00Z,954,18 24 33 36 8 20 43 51 79 22 47 5 50 6 23 9 66 75 53 10,heads,regular,1
2022-12-19T13:54:00Z,955,32 73 34 31 58 13 39 47 35 42 72 64 66 69 75 79 62 30 10 53,tails,regular,1
2022-12-19T13:57:00Z,956,1 22 10 45 4 38 57 18 23 15 65 52 76 33 58 63 79 59 62 12,evens,regular,1
2022-12-19T14:00:00Z,957,74 28 71 42 12 69 49 45 6 73 53 14 17 16 79 10 47 15 57 21,tails,regular,2
2022-12-19T14:03:00Z,958,66 48 33 58 56 5 23 75 54 16 9 30 77 72 28 50 49 32 18 10,evens,major,3
2022-12-19T14:06:00Z,959,48 41 65 73 26 12 6 52 51 72 37 62 54 68 28 42 64 18 60 75,tails,regular,1
2022-12-19T14:09:00Z,960,20 29 7 14 51 19 62 56 80 33 16 60 77 55 67 25 2 66 17 4,heads,minor,2
2022-12-19T14:12:00Z,962,21 57 16 59 30 26 72 73 35 31 24 6 12 32 8 44 62 71 55 51,heads,major,1
2022-12-19T14:15:00Z,963,17 41 15 22 51 32 44 55 11 38 31 73 61 40 50 6 62 16 14 23,heads,regular,2
2022-12-19T14:18:00Z,964,47 22 5 59 49 31 42 37 43 50 67 39 17 32 6 61 48 25 72 15,evens,major,1
2022-12-19T14:21:00Z,965,21 71 31 70 76 77 75 19 69 2 40 29 32 37 48 47 80 49 25 20,evens,regular,3
2022-12-19T14:24:00Z,966,23 62 13 45 28 73 12 10 2 61 55 42 48 22 40 53 59 27 32 51,evens,regular,4
2022-12-19T14:27:00Z,967,57 1 74 30 8 41 80 43 46 13 2 11 53 60 24 66 23 78 18 67,tails,regular,2
2022-12-19T14:30:00Z,968,55 72 29 34 33 71 77 13 46 8 39 68 73 66 61 69 79 42 10 75,tails,regular,1
2022-12-19T14:33:00Z,969,7 5 3 80 31 76 63 54 72 20 75 12 18 78 39 55 9 32 41 60,evens,major,4
2022-12-19T14:36:00Z,971,79 62 68 67 1 49 74 38 12 45 77 5 42 6 52 17 11 61 33 56,tails,regular,1
2022-12-19T14:39:00Z,972,64 40 51 31 12 24 21 49 70 6 14 75 50 20 68 32 58 61 66 43,tails,regular,1
2022-12-19T14:42:00Z,973,34 43 18 23 72 74 45 16 24 13 61 48 38 19 57 6 53 70 4 80,evens,regular,2
2022-12-19T14:45:00Z,974,25 44 16 55 38 21 10 2 40 19 61 57 45 14 56 71 15 13 36 63,heads,major,2
2022-12-19T14:48:00Z,975,32 39 16 14 69 29 28 68 6 67 5 38 76 25 70 79 78 64 45 61,evens,regular,1
2022-12-19T14:51:00Z,976,44 25 40 7 80 67 66 35 59 73 79 24 60 30 1 75 39 6 41 58,tails,regular,1
2022-12-19T14:54:00Z,977,76 28 74 46 31 21 68 80 10 38 57 70 62 30 32 51 2 34 64 43,tails,regular,2
2022-12-19T14:57:00Z,978,56 46 71 57 62 11 3 36 72 15 48 17 65 67 45 54 76 41 12 32,tails,minor,3
2022-12-19T15:00:00Z,980,68 77 27 52 55 18 15 80 24 32 30 65 12 43 51 17 6 8 14 45,heads,minor,3
2022-12-19T15:03:00Z,981,42 26 76 63 44 8 3 60 72 45 22 77 49 15 28 41 17 75 66 36,tails,minor,2
2022-12-19T15:06:00Z,982,2 79 38 25 31 60 9 40 54 23 65 3 49 8 1 4 5 50 35 44,heads,minor,3
2022-12-19T15:09:00Z,983,69 8 9 80 42 23 62 28 50 13 26 59 10 16 33 36 57 6 41 25,heads,regular,1
2022-12-19T15:12:00Z,984,29 15 67 3 51 2 27 30 74 28 6 53 79 64 39 31 63 47 17 70,heads,regular,2
2022-12-19T15:15:00Z,985,1 47 2 37 26 5 10 50 63 45 41 8 11 71 35 48 68 30 17 61,heads,minor,1
2022-12-19T15:18:00Z,986,12 43 15 50 17 58 59 30 22 69 44 80 20 60 21 28 68 10 13 52,evens,regular,2
2022-12-19T15:21:00Z,987,48 72 65 63 40 71 12 35 75 21 54 55 60 68 33 52 8 74 17 1,tails,regular,3
2022-12-19T15:24:00Z,989,25 1 26 36 43 78 52 63 20 33 75 50 47 8 53 15 7 3 39 72,heads,major,1
2022-12-19T15:27:00Z,990,55 53 72 58 78 57 42 33 59 41 60 1 49 29 28 77 3 17 34 36,tails,regular,2
2022-12-19T15:30:00Z,991,44 12 22 16 60 67 21 64 27 36 73 11 14 46 32 68 76 34 24 31,heads,regular,1
2022-12-19T15:33:00Z,992,69 14 52 16 40 36 33 42 39 21 10 75 68 48 63 4 18 35 15 46,heads,regular,3
2022-12-19T15:36:00Z,993,32 28 46 55 52 26 4 34 10 54 47 29 8 69 72 42 7 68 11 6,heads,minor,2
2022-12-19T15:39:00Z,994,74 14 35 1 12 75 24 62 2 56 34 16 5 13 80 30 29 18 66 37,heads,major,2
2022-12-19T15:42:00Z,995,55 9 16 12 43 21 20 52 65 60 40 76 64 59 80 78 36 37 75 24,tails,regular,1
2022-12-19T15:45:00Z,996,45 59 52 57 9 30 2 53 36 23 54 1 4 11 50 24 62 55 22 20,heads,regular,1
2022-12-19T15:48:00Z,998,47 52 13 24 28 68 18 58 38 48 50 31 2 54 80 55 51 6 76 62,tails,regular,1
2022-12-19T15:51:00Z,999,13 49 42 68 38 3 31 11 7 2 5 57 58 32 46 21 75 6 61 74,heads,regular,5
2022-12-19T15:54:00Z,1,51 43 8 2 76 30 74 38 44 67 48 60 29 80 57 54 42 66 63 46,tails,regular,1
2022-12-19T15:57:00Z,2,40 80 14 6 49 78 47 64 50 46 75 66 77 9 3 20 33 26 37 53,tails,regular,1
2022-12-19T16:00:00Z,3,73 17 77 76 41 47 20 29 49 43 28 27 35 65 32 64 18 34 71 78,tails,regular,3
2022-12-19T16:03:00Z,4,38 18 58 65 50 53 49 22 80 60 25 33 61 26 45 59 14 31 7 12,evens,major,2
2022-12-19T16:06:00Z,5,74 25 57 80 33 28 65 35 66 6 78 7 79 47 31 63 73 21 58 60,tails,regular,2
2022-12-19T16:09:00Z,6,57 42 59 32 7 51 19 62 10 39 55 11 16 73 58 30 49 71 34 77,tails,regular,1
2022-12-19T16:12:00Z,8,75 25 80 28 1 72 59 54 18 60 30 64 63 48 17 77 49 9 27 78,tails,minor,1
2022-12-19T16:15:00Z,9,79 41 58 77 80 55 67 45 56 25 42 3 66 37 4 9 61 10 74 8,tails,regular,1
2022-12-19T16:18:00Z,10,9 39 52 35 18 2 49 26 31 47 7 36 30 24 16 28 25 79 19 13,heads,regular,2
2022-12-19T16:21:00Z,11,59 62 24 70 49 41 40 15 53 31 54 58 21 76 20 11 44 60 27 67,tails,regular,2
2022-12-19T16:24:00Z,12,39 56 7 36 63 44 27 28 21 72 40 73 20 5 51 64 80 23 4 8,heads,regular,3
2022-12-19T16:27:00Z,13,66 56 67 27 18 74 33 68 79 41 15 31 19 25 80 48 21 35 54 55,tails,regular,1
2022-12-19T16:30:00Z,14,36 75 78 52 40 18 5 71 51 50 73 26 8 17 64 65 49 69 27 45,tails,minor,1
2022-12-19T16:33:00Z,15,60 32 47 77 26 48 64 14 42 16 19 66 80 39 67 33 37 50 49 4,tails,regular,3
2022-12-19T16:36:00Z,17,2 17 63 37 38 25 27 62 28 45 53 42 50 3 20 57 55 33 11 78,heads,major,1
2022-12-19T16:39:00Z,18,7 42 12 6 52 36 51 18 16 58 4 76 3 75 30 28 24 47 71 64,heads,regular,3
2022-12-19T16:42:00Z,19,65 9 75 18 40 30 1 78 22 31 10 54 59 60 29 12 48 70 64 37,heads,regular,1
2022-12-19T16:45:00Z,20,42 7 12 47 53 75 44 11 10 71 40 63 32 4 76 15 38 36 43 23,heads,minor,2
2022-12-19T16:48:00Z,21,45 35 1 53 62 67 28 34 30 51 24 17 8 20 29 44 15 68 4 79,heads,regular,2
2022-12-19T16:51:00Z,22,13 6 75 23 37 15 74 56 77 34 58 27 49 68 18 40 29 2 46 5,heads,regular,2
2022-12-19T16:54:00Z,23,20 59 10 43 26 21 34 33 77 27 32 7 18 39 28 54 23 55 74 62,heads,minor,2
2022-12-19T16:57:00Z,24,45 75 52 6 53 29 61 1 72 38 47 78 18 9 56 40 24 77 12 2,evens,regular,2
2022-12-19T17:00:00Z,26,61 66 2 40 63 23 48 29 69 57 44 72 16 76 79 71 53 12 41 5,tails,regular,10
2022-12-19T17:03:00Z,27,61 45 1 77 71 80 57 44 72 20 22 37 46 14 41 23 12 21 2 6,evens,regular,2
2022-12-19T17:06:00Z,28,72 11 43 52 58 70 69 80 41 25 5 9 13 71 26 38 76 14 7 59,tails,regular,2
2022-12-19T17:09:00Z,29,46 49 51 45 55 17 78 79 40 75 48 5 33 44 39 43 30 60 3 70,tails,minor,1
2022-12-19T17:12:00Z,30,71 27 1 62 2 8 60 77 36 42 79 76 6 7 39 51 65 74 12 14,evens,major,3
2022-12-19T17:15:00Z,31,4 79 70 76 47 72 73 39 5 13 31 14 58 45 48 78 40 62 75 3,tails,major,5
2022-12-19T17:18:00Z,32,51 25 45 9 11 78 4 17 18 19 37 74 27 61 47 72 57 24 58 64,evens,regular,2
2022-12-19T17:21:00Z,33,32 48 35 53 78 50 72 8 75 11 25 41 55 77 79 68 37 46 31 67,tails,regular,10
2022-12-19T17:24:00Z,35,34 5 53 72 8 39 77 63 65 22 62 35 38 56 73 30 51 17 9 2,heads,minor,2
2022-12-19T17:27:00Z,36,76 21 79 19 70 25 75 68 39 24 4 58 35 26 23 51 54 69 11 38,heads,minor,2
2022-12-19T17:30:00Z,37,72 61 27 36 51 78 68 9 54 26 74 25 21 37 42 44 80 66 18 34,tails,regular,1
2022-12-19T17:33:00Z,38,32 43 51 34 53 59 70 38 16 19 24 71 66 45 56 69 18 3 9 76,tails,regular,1
2022-12-19T17:36:00Z,39,9 57 23 19 16 40 45 30 65 36 55 78 29 71 11 56 42 43 76 61,tails,regular,4
2022-12-19T17:39:00Z,40,55 70 26 3 23 34 13 11 72 56 66 75 39 73 58 51 68 62 48 52,tails,minor,3
2022-12-19T17:42:00Z,41,41 24 23 19 71 64 22 13 54 34 37 3 38 52 25 29 2 78 75 10,heads,regular,2
2022-12-19T17:45:00Z,42,69 23 12 13 11 50 46 3 1 58 43 38 63 77 29 79 5 71 21 34,heads,major,1
2022-12-19T17:48:00Z,44,48 43 35 62 50 67 59 38 10 78 21 25 46 79 75 11 6 23 69 36,tails,regular,3
2022-12-19T17:51:00Z,45,29 4 45 51 38 33 76 49 63 16 58 9 64 20 37 43 67 53 71 60,tails,minor,3
2022-12-19T17:54:00Z,46,41 5 20 59 63 26 80 11 19 16 35 15 55 29 61 58 44 13 64 22,heads,regular,1
2022-12-19T17:57:00Z,47,3 56 52 62 12 44 58 57 78 10 27 70 76 74 9 23 26 30 59 46,tails,major,3
2022-12-19T18:00:00Z,48,24 1 41 11 38 26 61 56 72 30 43 7 23 66 28 32 47 57 71 80,evens,minor,2
2022-12-19T18:03:00Z,49,54 60 69 74 27 72 39 3 37 56 12 42 57 8 18 53 45 66 4 73,tails,major,1
2022-12-19T18:06:00Z,50,14 19 73 17 62 58 76 7 42 74 40 68 28 53 54 4 41 15 79 69,tails,major,1
2022-12-19T18:09:00Z,51,20 70 72 1 64 44 66 50 9 39 41 45 23 37 28 33 63 68 48 36,tails,regular,3
2022-12-19T18:12:00Z,53,29 47 18 40 58 10 2 25 49 14 73 56 42 11 78 28 70 27 52 69,evens,regular,2
2022-12-19T18:15:00Z,54,20 67 40 62 13 16 29 78 52 77 4 59 37 10 65 14 38 46 26 55,heads,minor,1
2022-12-19T18:18:00Z,55,31 22 62 46 75 36 3 2 13 52 56 68 41 5 67 26 34 69 77 7,evens,regular,1
2022-12-19T18:21:00Z,56,36 41 63 1 18 9 13 12 67 70 11 37 3 7 74 4 75 25 79 65,heads,regular,1
2022-12-19T18:24:00Z,57,18 73 32 31 57 11 41 1 64 28 51 7 58 46 29 50 4 24 14 79,heads,minor,1
2022-12-19T18:27:00Z,58,65 52 40 10 64 15 57 11 79 12 60 25 62 77 59 66 61 50 44 55,tails,regular,1
2022-12-19T18:30:00Z,59,70 25 43 40 65 4 5 19 13 28 66 64 52 10 73 68 7 33 24 3,heads,regular,3
2022-12-19T18:33:00Z,60,46 43 21 42 32 76 34 12 70 2 66 64 78 71 28 15 4 11 26 75,evens,regular,3
2022-12-19T18:36:00Z,62,11 37 15 4 18 23 2 16 42 68 50 75 56 58 9 3 5 53 31 57,heads,regular,1
2022-12-19T18:39:00Z,63,21 54 53 10 72 50 22 64 9 6 66 70 2 34 58 80 38 73 69 26,tails,minor,1
2022-12-19T18:42:00Z,64,54 30 17 33 76 53 52 59 43 42 46 44 1 80 35 37 10 12 19 78,tails,regular,3
2022-12-19T18:45:00Z,65,74 3 73 6 55 79 25 30 64 72 33 24 61 59 21 70 51 16 35 34,evens,regular,2
2022-12-19T18:48:00Z,66,75 35 80 44 31 36 58 69 25 68 10 79 6 23 56 12 14 2 41 54,evens,regular,1
2022-12-19T18:51:00Z,67,45 62 6 33 38 15 53 58 64 68 44 40 60 4 13 36 3 47 18 70,evens,regular,2
2022-12-19T18:54:00Z,68,25 21 36 44 42 77 61 22 32 34 74 78 49 40 46 18 75 64 1 54,tails,major,1
2022-12-19T18:57:00Z,69,3 1 26 68 39 45 31 80 79 25 51 62 59 7 29 42 48 49 15 20,evens,regular,3
2022-12-19T19:00:00Z,71,63 10 26 61 72 34 35 16 8 14 24 47 58 40 28 11 65 37 51 71,heads,regular,2
2022-12-19T19:03:00Z,72,11 54 44 31 42 13 73 67 58 21 43 23 37 14 25 18 53 38 47 26,heads,regular,2
2022-12-19T19:06:00Z,73,45 28 70 51 5 47 39 61 10 15 30 41 59 53 19 37 54 78 21 40,evens,regular,2
2022-12-19T19:09:00Z,74,48 27 52 70 5 4 58 56 67 72 21 78 7 31 11 47 20 32 43 65,tails,minor,2
2022-12-19T19:12:00Z,75,19 12 68 70 27 28 36 37 10 15 22 53 57 3 49 64 46 6 77 65,heads,major,2
2022-12-19T19:15:00Z,76,39 57 40 24 32 16 38 79 15 14 61 48 43 49 30 35 59 51 52 66,evens,major,4
2022-12-19T19:18:00Z,77,29 24 4 43 17 38 67 37 64 16 48 75 68 49 13 39 22 53 63 18,heads,minor,3
2022-12-19T19:21:00Z,78,15 33 29 1 10 57 28 63 75 9 56 55 74 19 24 58 79 62 69 76,tails,minor,1
2022-12-19T19:24:00Z,80,12 13 10 39 32 2 36 74 58 50 59 5 37 31 73 72 9 41 38 14,heads,regular,5
2022-12-19T19:27:00Z,81,9 27 62 47 16 29 78 67 11 79 73 72 56 75 8 41 28 42 35 70,tails,regular,1
2022-12-19T19:30:00Z,82,47 25 79 31 61 65 42 66 76 40 60 73 78 3 69 51 18 1 14 58,tails,regular,2
2022-12-19T19:33:00Z,83,57 38 68 19 26 49 28 48 15 41 67 35 23 33 22 76 20 52 11 60,heads,major,1
2022-12-19T19:36:00Z,84,63 40 11 75 78 34 28 58 33 16 76 65 29 20 25 2 36 72 37 62,heads,regular,2
2022-12-19T19:39:00Z,85,4 19 73 40 39 70 29 33 78 34 32 61 68 50 6 2 18 54 64 37,heads,minor,2
2022-12-19T19:42:00Z,86,10 36 80 75 72 18 21 20 6 70 16 40 31 48 24 38 64 32 58 3,heads,regular,1
2022-12-19T19:45:00Z,87,73 33 16 22 8 23 7 21 31 40 39 27 18 20 11 25 46 44 63 17,heads,regular,1
2022-12-19T19:48:00Z,89,29 75 7 17 15 61 51 18 55 11 77 25 4 54 56 45 9 72 13 53,evens,regular,1
2022-12-19T19:51:00Z,90,45 70 2 7 46 29 17 25 13 12 41 64 76 71 3 30 52 36 39 43,heads,minor,10
2022-12-19T19:54:00Z,91,13 42 26 80 58 18 44 19 21 73 36 69 56 54 43 79 3 12 61 71,tails,regular,2
2022-12-19T19:57:00Z,92,2 65 39 45 20 49 59 69 16 28 64 3 47 41 71 42 9 22 54 35,tails,regular,2
2022-12-19T20:00:00Z,93,47 29 53 37 44 49 24 68 7 12 59 40 26 45 51 10 32 8 54 4,heads,regular,5
2022-12-19T20:03:00Z,94,16 49 55 78 38 14 46 48 8 1 36 34 13 71 35 10 29 62 23 52,heads,minor,1
2022-12-19T20:06:00Z,95,38 58 65 24 46 32 34 66 49 73 59 41 18 62 52 16 3 25 79 74,tails,major,1
2022-12-19T20:09:00Z,96,77 37 57 9 17 76 74 34 7 66 8 25 32 39 3 49 28 75 69 4,heads,regular,1
2022-12-19T20:12:00Z,98,58 12 17 32 80 18 45 72 68 28 26 49 54 42 76 6 59 31 47 23,tails,regular,2
2022-12-19T20:15:00Z,99,78 30 36 67 43 31 34 77 27 5 24 76 7 4 35 54 42 25 49 17,heads,regular,3
2022-12-19T20:18:00Z,100,28 56 30 1 12 8 72 32 64 34 27 16 51 5 38 48 47 74 76 70,heads,regular,1
2022-12-19T20:21:00Z,101,41 59 76 46 24 72 70 16 9 79 37 60 13 67 15 36 10 7 64 33,evens,regular,1
2022-12-19T20:24:00Z,102,13 32 75 7 23 4 76 55 62 22 14 17 53 78 58 1 2 31 44 36,heads,minor,2
2022-12-19T20:27:00Z,103,5 48 66 54 67 51 4 6 78 8 73 21 80 47 64 76 70 24 79 46,tails,regular,1
2022-12-19T20:30:00Z,104,80 66 78 55 27 11 9 47 29 24 74 6 62 54 13 59 58 49 21 52,tails,minor,1
2022-12-19T20:33:00Z,105,29 26 30 69 60 58 34 40 21 47 8 65 67 53 64 5 38 10 20 17,heads,regular,3
2022-12-19T20:36:00Z,107,65 37 48 75 50 34 13 18 42 35 2 49 31 19 71 52 61 8 15 29,heads,regular,5
2022-12-19T20:39:00Z,108,56 72 33 31 11 51 66 58 40 50 17 38 2 30 70 42 12 75 69 59,tails,regular,2
2022-12-19T20:42:00Z,109,5 60 20 51 59 40 53 3 25 16 43 1 72 70 37 32 44 24 61 75,evens,regular,2
2022-12-19T20:45:00Z,110,8 31 30 11 12 36 4 21 47 20 67 77 29 38 19 13 7 10 24 33,heads,regular,1
2022-12-19T20:48:00Z,111,3 51 28 8 77 30 79 9 6 15 50 39 38 22 64 23 32 41 5 66,heads,regular,1
2022-12-19T20:51:00Z,112,13 24 20 78 38 64 32 33 66 77 8 9 76 55 2 10 47 49 42 68,evens,minor,2
2022-12-19T20:54:00Z,113,2 76 41 69 73 48 26 31 50 46 30 61 45 27 79 57 3 37 13 32,tails,regular,2
2022-12-19T20:57:00Z,114,11 15 54 61 9 39 10 53 8 69 70 20 24 18 36 22 68 74 29 6,heads,regular,2
2022-12-19T21:00:00Z,116,61 30 18 40 13 54 68 19 75 29 59 5 11 20 49 57 23 10 60 22,heads,regular,1
2022-12-19T21:03:00Z,117,63 25 4 8 46 40 49 10 3 41 60 2 44 51 31 59 20 24 80 13,heads,regular,1
2022-12-19T21:06:00Z,118,7 47 66 51 35 10 33 32 36 5 29 80 63 55 15 74 67 54 49 20,evens,regular,1
2022-12-19T21:09:00Z,119,26 69 65 55 11 66 76 74 72 25 60 30 43 59 39 48 61 19 40 17,tails,minor,3
2022-12-19T21:12:00Z,120,50 15 70 63 12 46 47 2 5 75 32 60 76 71 37 73 67 51 30 55,tails,minor,2
2022-12-19T21:15:00Z,121,43 21 15 30 44 33 22 1 14 3 6 49 71 52 58 45 5 62 59 28,heads,minor,2
2022-12-19T21:18:00Z,122,7 28 26 10 64 59 32 25 60 68 30 76 45 24 34 23 41 35 62 63,heads,regular,1
2022-12-19T21:21:00Z,123,31 7 46 38 47 75 69 19 76 29 15 8 1 50 20 42 67 80 48 60,tails,regular,1
2022-12-19T21:24:00Z,125,23 52 31 72 36 12 25 8 9 47 13 20 60 80 73 75 51 33 79 21,heads,regular,1
2022-12-19T21:27:00Z,126,54 14 58 37 65 73 15 2 19 27 71 24 61 7 18 74 13 45 48 55,evens,regular,2
2022-12-19T21:30:00Z,127,44 48 7 67 15 68 58 35 27 14 40 46 55 6 41 53 12 79 9 34,evens,regular,4
2022-12-19T21:33:00Z,128,33 52 71 69 73 75 5 11 80 56 57 43 19 18 9 20 39 4 74 26,evens,regular,1
2022-12-19T21:36:00Z,129,73 41 68 1 50 6 62 75 27 17 74 21 60 19 2 69 32 51 80 14,tails,regular,10
2022-12-19T21:39:00Z,130,19 27 58 6 37 60 25 46 45 15 13 23 26 74 63 52 44 76 80 8,evens,regular,1
2022-12-19T21:42:00Z,131,15 47 78 19 41 45 1 12 18 53 33 65 60 17 24 16 6 22 72 40,heads,regular,10
2022-12-19T21:45:00Z,132,79 28 25 65 56 70 51 30 52 11 39 71 6 17 19 29 74 67 48 68,tails,regular,1
2022-12-19T21:48:00Z,134,28 70 50 49 80 74 14 20 29 10 5 15 54 48 56 19 37 23 11 62,heads,regular,5
2022-12-19T21:51:00Z,135,16 22 12 20 59 32 35 64 70 31 8 18 72 23 33 48 49 56 76 6,heads,regular,3
2022-12-19T21:54:00Z,136,80 35 17 72 67 5 1 37 74 62 40 76 71 29 10 8 50 56 39 38,heads,regular,3
2022-12-19T21:57:00Z,137,19 73 68 32 42 53 61 25 80 15 44 31 79 9 74 23 54 8 35 5,evens,major,4
2022-12-19T22:00:00Z,138,48 12 31 4 30 37 13 43 51 33 70 18 44 17 58 68 61 76 54 49,tails,regular,2
2022-12-19T22:03:00Z,139,32 79 47 25 57 19 41 17 45 59 44 11 62 28 15 24 54 42 39 66,tails,major,2
2022-12-19T22:06:00Z,140,76 36 69 34 32 73 53 14 25 30 71 41 54 27 31 4 15 18 52 50,heads,minor,10
2022-12-19T22:09:00Z,141,47 19 59 4 45 32 34 76 30 49 17 15 9 57 40 63 65 31 37 44,heads,regular,1
2022-12-19T22:12:00Z,143,31 50 22 25 54 36 53 52 41 75 10 15 66 28 26 6 47 37 8 27,heads,minor,1
2022-12-19T22:15:00Z,144,48 46 72 14 67 17 77 56 52 37 5 70 61 75 64 23 4 36 58 80,tails,regular,1
2022-12-19T22:18:00Z,145,47 13 41 1 55 32 44 43 17 31 9 45 20 39 72 80 57 70 75 11,tails,minor,1
2022-12-19T22:21:00Z,146,17 13 20 38 11 24 59 15 21 61 16 9 7 69 8 4 12 5 70 41,heads,minor,3
2022-12-19T22:24:00Z,147,4 37 60 24 12 78 19 79 26 58 18 25 69 55 31 7 41 77 9 29,heads,regular,4
2022-12-19T22:27:00Z,148,55 67 32 39 40 2 11 74 13 41 49 28 63 7 72 80 78 33 15 79,evens,regular,2
2022-12-19T22:30:00Z,149,23 15 6 33 34 65 44 3 17 12 75 64 53 19 11 60 39 5 52 48,heads,regular,1
2022-12-19T22:33:00Z,150,14 1 30 25 21 50 4 19 15 55 70 10 72 2 35 23 63 36 66 68,heads,minor,3
2022-12-19T22:36:00Z,152,1 18 68 29 8 17 37 33 5 36 50 71 55 80 28 63 21 78 3 79,heads,regular,2
2022-12-19T22:39:00Z,153,42 77 3 19 4 11 66 54 63 43 33 37 17 32 38 9 35 16 70 20,heads,regular,3
2022-12-19T22:42:00Z,154,20 38 24 73 41 45 44 27 4 79 59 49 60 15 33 7 3 34 21 28,heads,major,3
2022-12-19T22:45:00Z,155,19 22 17 77 79 59 48 10 75 63 69 1 9 53 65 2 54 76 16 56,tails,regular,3
2022-12-19T22:48:00Z,156,77 8 58 13 30 5 33 73 60 18 75 69 37 39 48 10 59 21 27 3,heads,minor,3
2022-12-19T22:51:00Z,157,80 62 67 13 15 64 1 3 54 57 43 42 45 38 8 18 29 20 30 24,heads,regular,1
2022-12-19T22:54:00Z,158,26 16 32 65 34 31 36 71 62 70 8 37 35 23 6 64 73 17 9 5,heads,regular,3
2022-12-19T22:57:00Z,159,41 29 75 55 11 53 42 54 64 60 27 35 30 59 65 22 9 44 49 18,tails,regular,10
2022-12-19T23:00:00Z,161,52 62 24 10 71 67 42 13 16 5 27 7 68 61 46 26 76 32 3 75,evens,regular,1
2022-12-19T23:03:00Z,162,49 71 32 72 57 59 41 77 24 73 34 50 62 21 67 1 48 33 28 45,tails,regular,1
2022-12-19T23:06:00Z,163,40 47 30 44 16 78 52 4 62 37 15 11 67 63 13 76 31 66 42 74,tails,minor,2
2022-12-19T23:09:00Z,164,16 54 34 21 63 59 7 57 53 35 5 67 4 3 50 73 11 49 80 62,tails,regular,2
2022-12-19T23:12:00Z,165,47 74 32 43 7 16 46 25 3 72 31 52 39 62 9 44 36 24 10 13,heads,minor,2
2022-12-19T23:15:00Z,166,77 57 68 27 75 7 17 61 11 53 31 22 12 5 33 28 32 79 40 56,heads,regular,2
2022-12-19T23:18:00Z,167,54 65 31 15 69 2 26 57 22 36 51 24 16 40 76 77 70 13 3 4,heads,minor,1
2022-12-19T23:21:00Z,168,17 35 7 6 41 25 56 14 39 9 8 28 64 10 55 74 46 15 19 47,heads,regular,1
2022-12-19T23:24:00Z,170,70 38 59 28 74 7 52 48 44 46 37 47 71 24 3 72 69 56 78 14,tails,minor,2
2022-12-19T23:27:00Z,171,21 78 28 17 10 74 65 32 25 37 23 22 71 44 52 75 26 42 69 33,heads,minor,2
2022-12-19T23:30:00Z,172,3 41 4 66 78 80 43 50 59 77 69 33 9 29 54 45 15 44 39 14,tails,regular,1
2022-12-19T23:33:00Z,173,24 46 30 59 56 43 25 27 9 36 33 70 69 26 32 14 51 38 2 68,heads,regular,4
2022-12-19T23:36:00Z,174,65 39 31 32 78 61 5 15 10 55 36 18 14 29 52 40 79 71 66 27,heads,minor,10
2022-12-19T23:39:00Z,175,42 65 43 79 8 75 54 6 44 59 63 32 78 28 61 5 51 19 11 12,tails,minor,1
2022-12-19T23:42:00Z,176,30 34 4 46 50 12 42 49 52 28 11 66 75 59 56 35 16 22 1 43,evens,regular,2
2022-12-19T23:45:00Z,177,19 77 2 23 71 49 16 48 46 20 54 61 32 67 10 63 58 40 55 51,tails,regular,4
2022-12-19T23:48:00Z,179,30 37 44 41 56 7 33 62 40 36 35 19 69 3 1 43 65 80 46 16,heads,minor,3
2022-12-19T23:51:00Z,180,61 4 54 18 39 8 11 57 43 51 41 48 67 50 53 80 31 62 34 77,tails,minor,2
2022-12-19T23:54:00Z,181,62 42 58 53 25 68 13 24 10 18 8 51 12 65 57 61 38 5 47 21,evens,regular,2
2022-12-19T23:57:00Z,182,77 27 24 67 52 44 68 79 66 23 32 35 50 62 29 2 12 25 42 59,tails,regular,2
2022-12-20T00:00:00Z,183,65 49 45 15 72 55 79 46 2 19 74 80 13 57 26 52 42 39 38 24,tails,minor,1
2022-12-20T00:03:00Z,184,53 72 1 57 10 19 49 52 9 18 24 12 17 43 40 33 14 65 64 66,heads,minor,1
2022-12-20T00:06:00Z,185,39 70 37 49 21 53 29 52 35 32 51 22 55 60 56 14 48 1 41 45,tails,regular,2
2022-12-20T00:09:00Z,186,68 27 3 44 33 37 51 10 50 19 60 9 53 48 13 11 80 59 29 16,heads,regular,3
2022-12-20T00:12:00Z,188,47 30 76 34 68 17 13 20 73 64 77 27 39 59 33 65 56 6 38 9,heads,major,4
2022-12-20T00:15:00Z,189,46 61 58 48 56 75 77 9 65 11 50 66 23 80 67 45 53 29 14 19,tails,minor,2
2022-12-20T00:18:00Z,190,50 35 39 62 63 38 10 17 2 20 41 73 66 1 78 61 70 64 71 80,tails,regular,2
2022-12-20T00:21:00Z,191,65 7 48 53 44 54 2 40 60 43 15 64 69 38 26 70 76 56 68 36,tails,minor,1
2022-12-20T00:24:00Z,192,24 46 31 8 5 69 79 45 74 22 66 47 35 18 62 55 77 43 80 4,tails,major,1
2022-12-20T00:27:00Z,193,65 74 80 40 64 39 2 26 21 62 6 7 77 31 20 68 15 19 37 3,heads,regular,3
2022-12-20T00:30:00Z,194,55 74 23 38 56 58 78 14 6 1 80 65 20 48 18 52 41 54 2 35,tails,regular,1
2022-12-20T00:33:00Z,195,13 64 67 44 80 9 34 33 55 26 58 22 78 23 5 79 1 42 47 43,tails,minor,10
2022-12-20T00:36:00Z,197,54 16 63 26 73 27 35 40 9 15 72 17 52 79 6 28 4 48 36 20,heads,regular,3
2022-12-20T00:39:00Z,198,46 41 4 32 49 40 3 66 50 44 47 80 63 72 53 17 8 19 21 36,tails,regular,2
2022-12-20T00:42:00Z,199,11 76 67 42 51 32 50 16 58 46 66 47 77 8 74 53 45 65 4 35,tails,regular,1
2022-12-20T00:45:00Z,200,26 59 16 77 56 32 79 8 19 48 31 38 22 73 5 6 55 37 47 11,heads,minor,3
2022-12-20T00:48:00Z,201,79 66 42 58 3 35 67 24 72 4 26 65 15 9 34 23 40 69 19 70,heads,regular,1
2022-12-20T00:51:00Z,202,78 7 63 69 72 42 33 20 61 76 74 39 34 6 32 70 65 44 58 54,tails,minor,1
2022-12-20T00:54:00Z,203,80 18 30 65 33 14 79 62 78 37 15 38 35 6 31 34 74 55 50 25,heads,regular,3
2022-12-20T00:57:00Z,204,33 69 46 57 79 61 76 20 52 19 44 18 70 53 42 45 80 14 12 41,tails,minor,3
2022-12-20T01:00:00Z,206,73 24 57 33 38 15 71 23 69 26 62 63 5 16 44 80 17 56 54 6,evens,minor,1
2022-12-20T01:03:00Z,207,23 71 55 73 34 45 1 3 79 31 15 29 68 19 42 41 76 57 60 13,tails,minor,1
2022-12-20T01:06:00Z,208,66 9 79 16 23 25 52 36 15 40 7 3 8 27 21 46 4 56 14 22,heads,regular,3
2022-12-20T01:09:00Z,209,8 61 58 56 50 37 66 60 22 25 39 19 3 5 67 64 75 41 17 78,tails,major,4
2022-12-20T01:12:00Z,210,20 61 44 28 59 52 45 48 68 55 35 9 30 14 1 2 46 36 75 64,tails,regular,1
2022-12-20T01:15:00Z,211,38 39 79 47 70 29 20 77 45 50 60 1 73 4 74 35 76 42 68 75,tails,regular,1
2022-12-20T01:18:00Z,212,12 34 18 74 14 73 24 44 63 52 35 67 17 29 37 68 41 36 23 53,heads,minor,2
2022-12-20T01:21:00Z,213,55 28 59 77 49 5 71 47 42 75 61 12 65 9 7 16 43 69 15 1,tails,major,2
2022-12-20T01:24:00Z,215,79 74 6 48 20 7 58 38 18 78 65 46 24 9 64 52 35 77 26 11,evens,minor,1
2022-12-20T01:27:00Z,216,30 21 23 44 67 12 63 39 62 7 10 69 17 77 26 29 27 76 40 9,heads,minor,3
2022-12-20T01:30:00Z,217,77 1 34 79 54 17 22 67 6 74 31 13 60 61 42 21 27 36 11 25,heads,regular,4
2022-12-20T01:33:00Z,218,17 68 77 60 65 75 73 62 54 37 33 55 21 34 12 6 23 24 19 63,evens,regular,2
2022-12-20T01:36:00Z,219,35 32 71 74 16 75 11 56 29 46 33 57 18 70 8 66 76 4 17 6,heads,regular,1
2022-12-20T01:39:00Z,220,52 49 11 59 4 20 74 9 34 2 29 65 22 47 79 6 73 1 76 62,evens,regular,3
2022-12-20T01:42:00Z,221,23 7 54 18 19 37 69 73 9 74 63 21 56 28 20 31 16 32 47 58,heads,regular,1
2022-12-20T01:45:00Z,222,7 30 51 69 54 41 5 67 32 36 50 49 19 20 66 70 64 48 6 8,tails,regular,1
2022-12-20T01:48:00Z,224,16 66 29 44 77 64 33 23 5 4 13 65 48 50 51 11 55 43 57 24,tails,regular,1
2022-12-20T01:51:00Z,225,48 13 32 58 62 27 44 45 57 77 38 79 21 30 55 64 17 16 51 6,tails,regular,2
2022-12-20T01:54:00Z,226,30 72 70 50 37 16 1 42 47 43 12 11 41 54 64 40 78 63 13 71,tails,regular,1
2022-12-20T01:57:00Z,227,62 12 60 27 3 32 78 64 24 48 61 74 66 18 31 38 26 37 17 19,heads,regular,1
2022-12-20T02:00:00Z,228,1 20 9 76 48 41 40 55 46 18 28 13 37 4 79 75 16 36 47 3,heads,regular,1
2022-12-20T02:03:00Z,229,11 26 77 12 55 8 15 4 68 48 70 33 23 54 17 13 2 6 36 29,heads,regular,1
2022-12-20T02:06:00Z,230,36 7 26 43 10 78 32 55 66 65 51 63 8 61 69 54 17 44 50 80,tails,regular,5
2022-12-20T02:09:00Z,231,72 30 19 29 70 22 2 7 41 49 1 46 9 44 3 6 55 61 64 24,heads,regular,3
2022-12-20T02:12:00Z,233,29 55 17 52 4 63 58 38 43 47 15 40 54 23 59 67 69 48 50 41,tails,major,3
2022-12-20T02:15:00Z,234,62 41 11 34 48 73 65 18 4 10 47 74 9 38 46 13 66 23 6 26,heads,regular,2
2022-12-20T02:18:00Z,235,57 33 53 23 43 46 28 26 44 17 75 37 30 65 6 47 7 52 14 76,evens,regular,3
2022-12-20T02:21:00Z,236,77 7 64 20 25 51 45 44 36 63 23 58 28 15 65 74 27 54 10 59,tails,regular,2
2022-12-20T02:24:00Z,237,55 47 8 7 64 26 5 72 20 79 50 14 22 75 1 42 21 28 24 44,heads,major,3
2022-12-20T02:27:00Z,238,42 52 17 53 43 67 48 63 13 46 60 11 18 68 10 64 41 38 73 62,tails,minor,2
2022-12-20T02:30:00Z,239,61 49 76 57 59 12 13 54 47 40 64 36 15 52 4 31 48 18 5 35,evens,regular,2
2022-12-20T02:33:00Z,240,75 30 73 38 14 66 48 15 28 29 23 45 58 13 69 24 16 8 20 1,heads,regular,1
2022-12-20T02:36:00Z,242,59 76 38 27 69 73 44 31 60 8 65 6 42 15 23 18 20 47 74 54,tails,regular,2
2022-12-20T02:39:00Z,243,68 50 22 25 74 28 37 12 51 27 56 17 49 80 2 13 32 8 73 39,heads,minor,3
2022-12-20T02:42:00Z,244,57 31 23 25 59 76 15 53 38 72 51 61 28 8 69 65 80 55 37 49,tails,minor,2
2022-12-20T02:45:00Z,245,13 18 37 50 45 47 57 65 75 23 76 30 9 28 53 46 42 2 56 6,tails,regular,1
2022-12-20T02:48:00Z,246,56 43 16 6 22 59 20 24 40 27 28 70 46 78 80 8 19 9 74 36,heads,regular,3
2022-12-20T02:51:00Z,247,39 76 47 79 50 7 64 13 17 25 32 20 4 73 69 51 31 68 8 74,evens,minor,1
2022-12-20T02:54:00Z,248,35 53 67 55 69 64 54 43 22 72 32 16 74 23 6 66 65 34 57 27,tails,minor,1
2022-12-20T02:57:00Z,249,46 47 69 31 65 66 9 59 78 54 22 68 5 24 12 20 28 6 10 32,heads,minor,1
2022-12-20T03:00:00Z,251,76 16 74 50 30 69 34 4 58 2 21 29 20 45 73 39 28 56 77 80,evens,regular,3
2022-12-20T03:03:00Z,252,22 74 49 37 34 12 24 79 40 75 15 43 38 72 19 4 48 8 47 60,heads,regular,1
2022-12-20T03:06:00Z,253,44 56 40 77 69 61 62 33 78 36 9 49 59 14 35 7 23 54 80 15,tails,regular,1
2022-12-20T03:09:00Z,254,38 11 33 37 74 23 16 65 49 8 55 54 68 7 13 60 51 26 70 14,heads,minor,4
2022-12-20T03:12:00Z,255,39 38 71 40 15 61 28 70 6 27 8 77 72 16 80 56 63 79 25 32,heads,regular,1
2022-12-20T03:15:00Z,256,5 59 1 69 40 9 35 63 24 20 71 74 37 70 10 53 4 26 58 80,heads,minor,1
2022-12-20T03:18:00Z,257,30 4 50 29 23 46 80 28 16 54 15 22 37 24 42 10 69 70 64 14,heads,minor,5
2022-12-20T03:21:00Z,258,59 30 15 75 76 48 21 4 60 71 10 17 31 78 14 63 6 23 1 18,heads,regular,3
2022-12-20T03:24:00Z,260,32 26 41 74 23 30 52 50 63 14 25 44 19 13 34 68 27 22 21 9,heads,regular,2
2022-12-20T03:27:00Z,261,52 16 58 72 34 31 71 65 45 15 9 22 61 66 12 17 25 76 33 19,heads,regular,3
2022-12-20T03:30:00Z,262,68 29 15 41 72 74 66 65 26 9 35 7 24 53 8 22 4 47 60 10,heads,regular,2
2022-12-20T03:33:00Z,263,30 51 73 35 58 4 2 63 42 37 8 25 75 11 32 41 64 18 10 40,heads,regular,1
2022-12-20T03:36:00Z,264,32 52 59 6 46 29 69 38 65 31 13 66 80 64 45 21 33 23 27 30,heads,minor,3
2022-12-20T03:39:00Z,265,63 74 41 24 38 27 23 22 65 35 30 59 11 15 37 32 25 7 1 40,heads,regular,1
2022-12-20T03:42:00Z,266,80 10 43 57 48 25 63 1 72 29 40 13 47 39 6 51 7 20 45 71,evens,major,1
2022-12-20T03:45:00Z,267,35 57 55 19 51 76 30 28 36 80 40 21 20 6 79 31 22 63 69 60,heads,regular,2
2022-12-20T03:48:00Z,269,26 33 75 50 7 80 68 52 54 44 19 72 42 48 9 14 12 60 56 24,tails,regular,2
2022-12-20T03:51:00Z,270,43 23 6 13 41 4 69 11 55 72 12 71 35 33 38 32 66 44 39 54,heads,regular,3
2022-12-20T03:54:00Z,271,20 43 62 46 2 24 35 30 68 55 77 63 54 41 42 36 45 23 13 33,tails,regular,1
2022-12-20T03:57:00Z,272,16 42 66 60 36 74 62 45 58 40 27 57 29 17 49 69 43 53 38 67,tails,regular,2
2022-12-20T04:00:00Z,273,46 80 78 65 44 22 39 41 55 76 64 16 32 72 42 26 70 17 8 67,tails,regular,2
2022-12-20T04:03:00Z,274,20 75 22 69 80 50 13 42 49 24 4 63 14 5 62 19 64 57 59 18,tails,major,3
2022-12-20T04:06:00Z,275,40 50 56 7 58 64 47 70 22 32 30 25 80 41 27 33 46 65 45 19,tails,regular,3
2022-12-20T04:09:00Z,276,68 16 62 24 29 37 2 57 4 13 3 15 38 78 26 28 58 30 55 11,heads,regular,3
2022-12-20T04:12:00Z,278,37 15 64 4 40 49 80 60 27 22 19 65 53 30 32 69 31 63 47 20,heads,major,1
2022-12-20T04:15:00Z,279,27 17 65 26 5 15 46 66 30 41 55 35 36 4 76 1 79 33 73 43,heads,regular,1
2022-12-20T04:18:00Z,280,6 41 61 12 39 29 52 27 72 48 57 77 60 45 1 75 35 56 16 47,tails,minor,3
2022-12-20T04:21:00Z,281,39 57 5 17 69 38 6 56 15 74 44 26 21 16 54 68 8 9 36 73,heads,regular,2
2022-12-20T04:24:00Z,282,39 43 65 56 13 25 5 76 16 47 57 10 78 68 52 64 48 32 40 41,tails,regular,2
2022-12-20T04:27:00Z,283,78 16 74 33 75 32 38 10 69 1 31 44 24 9 80 64 71 42 14 47,evens,regular,1
2022-12-20T04:30:00Z,284,12 4 29 68 27 15 36 3 19 80 13 24 41 8 75 33 64 38 58 37,heads,regular,10
2022-12-20T04:33:00Z,285,80 59 14 78 68 54 20 66 29 48 21 76 13 9 3 52 23 8 41 67,tails,minor,3
2022-12-20T04:36:00Z,287,51 43 28 73 16 57 54 31 69 21 18 40 80 78 75 46 42 3 8 76,tails,regular,1
2022-12-20T04:39:00Z,288,47 27 13 56 20 3 42 31 75 57 2 63 45 40 80 50 61 1 64 68,tails,regular,2
2022-12-20T04:42:00Z,289,1 46 45 66 39 2 72 23 25 80 7 13 22 50 32 76 78 43 41 24,evens,major,1
2022-12-20T04:45:00Z,290,36 45 6 16 29 32 55 44 38 52 12 20 4 54 73 31 37 22 33 69,heads,regular,1
2022-12-20T04:48:00Z,291,38 65 72 7 27 18 68 24 52 73 4 70 44 30 41 13 69 79 51 21,tails,regular,1
2022-12-20T04:51:00Z,292,39 24 33 73 1 2 14 64 18 68 29 28 77 57 50 27 75 34 79 26,heads,regular,1
2022-12-20T04:54:00Z,293,44 15 19 51 62 55 10 45 36 67 34 8 1 14 68 20 4 33 74 56,heads,regular,3
2022-12-20T04:57:00Z,294,27 65 70 13 39 41 21 67 4 71 52 55 38 3 76 77 8 61 80 34,tails,regular,1
2022-12-20T05:00:00Z,296,4 21 61 29 64 13 42 36 58 32 5 11 72 63 6 50 23 73 19 38,heads,regular,3
2022-12-20T05:03:00Z,297,50 16 51 7 44 67 20 69 12 27 70 55 58 21 6 49 10 42 38 26,evens,regular,2
2022-12-20T05:06:00Z,298,69 70 9 45 65 56 76 14 39 26 3 30 27 28 66 19 1 72 71 11,heads,regular,1
2022-12-20T05:09:00Z,299,10 43 68 60 19 7 44 80 41 17 8 48 6 56 33 21 74 12 51 36,evens,regular,2
2022-12-20T05:12:00Z,300,25 46 68 72 44 31 47 51 27 22 16 38 3 79 63 37 41 20 55 74,tails,regular,3
2022-12-20T05:15:00Z,301,13 10 23 32 62 79 45 12 42 8 36 31 80 78 34 75 71 27 69 65,evens,minor,1
2022-12-20T05:18:00Z,302,8 10 35 49 48 32 75 54 34 31 56 11 4 24 68 66 36 69 19 22,heads,minor,1
2022-12-20T05:21:00Z,303,71 5 65 62 32 34 73 55 25 42 51 3 22 1 21 46 18 23 75 48,evens,minor,4
2022-12-20T05:24:00Z,305,32 33 62 25 48 11 45 67 49 61 52 31 55 47 66 5 76 15 77 42,tails,regular,1
2022-12-20T05:27:00Z,306,10 40 43 72 21 14 76 9 80 64 49 53 27 1 12 39 55 3 78 32,heads,regular,1
2022-12-20T05:30:00Z,307,65 33 1 76 45 80 44 66 61 12 23 8 63 18 7 25 36 52 39 28,heads,regular,5
2022-12-20T05:33:00Z,308,6 62 22 77 15 10 2 14 8 51 42 80 35 58 71 59 4 48 73 7,evens,regular,3
2022-12-20T05:36:00Z,309,5 37 46 78 20 2 22 13 16 55 38 48 65 21 75 19 45 12 15 74,heads,minor,1
2022-12-20T05:39:00Z,310,48 47 18 66 14 45 57 10 37 52 26 59 55 9 75 69 62 28 34 63,tails,minor,1
2022-12-20T05:42:00Z,311,16 53 30 61 33 39 45 35 31 77 51 76 28 38 14 10 21 41 56 59,heads,minor,2
2022-12-20T05:45:00Z,312,3 58 35 29 74 68 64 28 52 55 77 16 76 5 48 41 27 43 36 51,tails,minor,3
2022-12-20T05:48:00Z,314,39 23 67 26 40 44 53 63 34 1 58 57 9 32 6 48 18 69 10 14,heads,regular,1
2022-12-20T05:51:00Z,315,44 57 70 58 68 6 12 72 4 50 20 27 30 41 51 18 15 31 69 67,tails,regular,2
2022-12-20T05:54:00Z,316,77 24 63 32 78 62 80 8 73 67 51 25 26 75 33 18 22 38 5 55,evens,regular,1
2022-12-20T05:57:00Z,317,20 77 23 37 17 69 8 30 68 38 42 41 16 26 78 72 19 66 80 57,evens,regular,1
2022-12-20T06:00:00Z,318,26 25 79 17 61 37 32 35 16 47 48 52 5 18 46 42 74 15 11 24,heads,regular,1
2022-12-20T06:03:00Z,319,24 36 21 40 34 52 25 4 8 19 2 23 54 55 41 60 22 5 58 75,heads,minor,1
2022-12-20T06:06:00Z,320,32 23 55 30 56 64 19 72 40 14 65 12 11 17 71 25 50 76 63 35,heads,major,4
2022-12-20T06:09:00Z,321,41 19 43 6 70 18 31 54 4 65 79 3 26 72 58 73 35 20 50 57,tails,regular,3
2022-12-20T06:12:00Z,323,12 21 10 50 47 39 58 77 55 4 11 34 1 57 67 80 36 30 19 63,heads,regular,2
2022-12-20T06:15:00Z,324,42 52 24 13 30 28 22 21 50 66 41 27 62 39 45 33 25 68 46 4,heads,regular,2
2022-12-20T06:18:00Z,325,74 11 76 44 9 70 4 21 66 79 19 78 1 40 65 8 29 16 59 71,evens,regular,2
2022-12-20T06:21:00Z,326,38 47 79 2 74 64 21 9 75 15 45 57 62 48 13 3 6 66 52 56,tails,minor,1
2022-12-20T06:24:00Z,327,24 16 37 45 75 9 30 8 56 41 67 38 34 64 70 49 57 74 33 53,tails,regular,2
2022-12-20T06:27:00Z,328,18 28 80 38 43 9 44 31 23 15 68 34 35 71 48 79 53 58 2 69,evens,regular,2
2022-12-20T06:30:00Z,329,51 43 29 46 80 72 60 62 21 12 15 7 65 17 20 44 42 50 68 70,tails,minor,1
2022-12-20T06:33:00Z,330,79 54 69 31 67 3 20 58 78 80 2 57 11 10 23 73 30 37 63 75,tails,regular,3
2022-12-20T06:36:00Z,332,74 1 53 23 26 18 55 9 19 75 68 6 22 7 49 44 80 69 60 30,evens,major,1
2022-12-20T06:39:00Z,333,80 53 11 79 38 5 35 67 70 3 10 46 19 39 63 28 76 44 30 29,heads,regular,2
2022-12-20T06:42:00Z,334,19 60 79 13 2 6 4 71 35 47 52 62 9 39 43 20 33 75 15 77,heads,regular,3
2022-12-20T06:45:00Z,335,3 1 29 57 16 68 31 9 36 51 17 64 80 60 5 27 39 12 35 63,heads,minor,2
2022-12-20T06:48:00Z,336,71 43 40 31 16 56 10 59 15 64 77 33 60 13 19 11 51 22 24 1,heads,regular,3
2022-12-20T06:51:00Z,337,72 35 39 68 1 23 62 42 64 76 46 6 13 80 79 27 19 50 48 41,tails,regular,3
2022-12-20T06:54:00Z,338,50 57 74 2 29 26 52 32 19 62 40 78 49 4 43 22 80 42 23 7,evens,regular,2
2022-12-20T06:57:00Z,339,18 47 43 77 3 58 60 37 76 57 9 52 79 63 4 55 10 70 75 40,tails,regular,2
2022-12-20T07:00:00Z,341,50 59 6 75 55 42 27 56 19 26 78 48 20 80 23 38 68 36 73 71,tails,regular,3
2022-12-20T07:03:00Z,342,57 77 63 34 60 19 56 28 69 20 68 29 13 10 32 15 74 26 39 52,heads,regular,3
2022-12-20T07:06:00Z,343,59 55 79 74 32 20 34 18 35 39 73 57 42 40 6 22 80 2 61 69,evens,regular,1
2022-12-20T07:09:00Z,344,58 79 17 30 12 63 75 8 11 19 66 74 42 23 65 7 56 50 16 62,tails,regular,3
2022-12-20T07:12:00Z,345,77 27 36 54 75 18 78 35 69 49 14 25 62 76 15 12 47 33 3 71,evens,regular,3
2022-12-20T07:15:00Z,346,6 34 16 48 63 52 28 77 79 72 7 18 56 78 51 50 45 61 53 35,tails,regular,1
2022-12-20T07:18:00Z,347,21 35 16 61 20 79 26 50 45 11 43 47 58 44 60 48 62 76 42 67,tails,major,1
2022-12-20T07:21:00Z,348,33 56 29 49 2 66 12 68 39 27 79 22 25 1 45 14 77 19 76 75,heads,minor,2
2022-12-20T07:24:00Z,350,63 72 49 66 44 36 6 61 29 16 57 45 33 55 75 10 12 50 62 7,tails,major,4
2022-12-20T07:27:00Z,351,44 9 30 52 65 67 19 10 48 41 11 27 31 2 34 55 79 43 68 1,evens,regular,1
2022-12-20T07:30:00Z,352,66 42 7 12 34 60 27 41 63 35 73 11 54 51 79 53 72 62 10 21,tails,regular,1
2022-12-20T07:33:00Z,353,26 48 69 30 65 70 68 61 18 55 79 7 49 17 34 64 50 75 21 22,tails,minor,1
2022-12-20T07:36:00Z,354,49 35 5 33 56 59 13 53 63 1 66 3 69 20 67 42 79 26 37 29,evens,minor,10
2022-12-20T07:39:00Z,355,41 31 17 49 39 1 62 48 14 36 29 9 53 60 59 56 70 69 38 35,evens,regular,3
2022-12-20T07:42:00Z,356,66 37 54 69 24 19 77 58 61 71 72 45 49 12 6 70 65 35 56 51,tails,minor,1
2022-12-20T07:45:00Z,357,61 55 56 80 79 43 4 44 26 71 5 58 39 19 64 7 49 76 42 2,tails,regular,2
2022-12-20T07:48:00Z,359,32 20 52 43 28 60 4 2 38 49 61 44 45 15 79 53 27 37 16 25,heads,minor,1
2022-12-20T07:51:00Z,360,13 49 38 43 10 47 3 67 57 35 41 24 72 14 73 55 77 9 4 74,tails,minor,10
2022-12-20T07:54:00Z,361,9 67 42 43 3 10 11 8 16 49 41 25 73 80 13 62 63 50 19 33,evens,regular,1
2022-12-20T07:57:00Z,362,6 76 44 29 1 21 34 53 18 13 22 73 35 12 67 54 66 38 48 45,heads,regular,1
2022-12-20T08:00:00Z,363,24 76 42 40 20 58 33 22 2 21 4 3 65 48 19 49 9 10 75 23,heads,minor,1
2022-12-20T08:03:00Z,364,76 46 17 43 35 68 34 31 25 57 32 45 38 39 37 69 52 16 47 33,heads,regular,2
2022-12-20T08:06:00Z,365,68 54 79 61 25 21 67 56 27 35 10 60 45 80 78 70 66 34 8 62,tails,regular,3
2022-12-20T08:09:00Z,366,3 56 43 71 13 26 14 40 32 16 37 78 2 4 67 66 30 74 15 47,heads,regular,2
2022-12-20T08:12:00Z,368,47 2 8 39 61 13 73 15 37 67 34 42 14 7 53 38 56 62 41 69,evens,regular,1
2022-12-20T08:15:00Z,369,4 32 64 54 76 41 40 25 46 59 71 58 60 12 57 68 15 66 65 49,tails,regular,1
2022-12-20T08:18:00Z,370,41 11 42 20 79 70 68 18 54 34 50 51 5 74 10 43 60 63 57 38,tails,regular,1
2022-12-20T08:21:00Z,371,18 11 6 33 39 57 3 30 24 69 55 2 80 67 14 41 46 1 54 50,heads,minor,2
2022-12-20T08:24:00Z,372,2 41 78 80 60 39 34 35 56 50 33 59 61 73 65 75 11 68 58 66,tails,regular,3
2022-12-20T08:27:00Z,373,23 51 49 41 68 37 79 59 46 36 47 19 1 61 11 2 55 69 14 4,tails,minor,4
2022-12-20T08:30:00Z,374,1 30 22 49 79 70 40 29 4 36 6 16 15 19 54 7 59 62 2 55,heads,minor,1
2022-12-20T08:33:00Z,375,18 10 11 72 51 41 73 35 54 69 49 74 76 22 67 21 38 75 47 53,tails,major,1
2022-12-20T08:36:00Z,377,70 19 35 37 6 67 53 38 4 46 39 80 5 18 68 8 63 23 64 21,heads,major,2
2022-12-20T08:39:00Z,378,76 12 62 50 64 65 57 73 31 24 38 10 27 70 43 77 11 48 42 55,tails,major,2
2022-12-20T08:42:00Z,379,45 79 59 47 46 80 19 20 16 61 33 29 1 48 41 71 49 39 54 11,tails,major,4
2022-12-20T08:45:00Z,380,1 27 73 78 71 75 68 26 65 61 44 22 69 36 67 79 70 17 51 55,tails,regular,3
2022-12-20T08:48:00Z,381,42 75 18 62 74 44 17 25 8 57 38 50 66 34 47 23 55 46 33 10,tails,regular,3
2022-12-20T08:51:00Z,382,7 3 79 60 80 67 53 74 78 27 2 32 77 23 6 16 54 76 52 5,tails,minor,2
2022-12-20T08:54:00Z,383,38 8 20 36 75 39 49 15 65 9 61 12 7 63 67 29 55 54 50 79,evens,regular,1
2022-12-20T08:57:00Z,384,4 37 78 73 14 59 49 20 11 74 23 12 42 35 6 64 10 26 51 71,heads,regular,1
2022-12-20T09:00:00Z,386,18 2 14 41 4 44 31 52 26 19 62 10 63 56 38 66 24 48 3 49,heads,regular,3
2022-12-20T09:03:00Z,387,35 10 48 74 41 71 9 47 6 3 73 60 38 42 15 16 69 70 31 25,evens,regular,1
2022-12-20T09:06:00Z,388,59 35 64 69 11 77 18 58 12 54 40 9 6 39 33 31 45 10 8 68,heads,major,1
2022-12-20T09:09:00Z,389,12 50 54 25 22 13 5 73 59 7 71 40 49 79 26 20 19 4 77 23,heads,regular,1
2022-12-20T09:12:00Z,390,3 67 52 29 62 6 36 50 25 1 30 58 27 31 63 71 7 55 26 72,heads,regular,2
2022-12-20T09:15:00Z,391,5 51 74 41 40 28 79 65 1 73 23 64 26 14 3 12 45 11 32 48,heads,regular,2
2022-12-20T09:18:00Z,392,72 36 54 76 66 3 19 79 39 23 14 41 49 21 44 16 40 61 10 5,heads,regular,1
2022-12-20T09:21:00Z,393,63 48 19 72 71 73 55 68 13 46 4 78 76 58 45 47 34 12 60 5,tails,regular,1
2022-12-20T09:24:00Z,395,5 9 76 21 78 60 36 80 42 49 37 32 46 16 57 43 35 20 15 58,evens,regular,1
2022-12-20T09:27:00Z,396,49 56 3 70 52 36 32 44 50 27 65 28 16 25 45 63 38 20 9 46,evens,regular,3
2022-12-20T09:30:00Z,397,2 68 5 72 25 70 23 41 52 69 10 54 28 17 47 24 66 62 31 59,tails,regular,2
2022-12-20T09:33:00Z,398,10 49 53 64 70 41 1 35 74 44 21 34 38 3 32 15 79 36 31 62,heads,regular,1
2022-12-20T09:36:00Z,399,32 6 3 76 79 64 77 17 2 68 20 58 14 36 57 50 31 18 27 40,heads,regular,2
2022-12-20T09:39:00Z,400,56 44 31 60 50 42 10 64 67 5 70 29 25 79 76 58 52 33 61 32,tails,regular,1
2022-12-20T09:42:00Z,401,34 43 79 52 8 40 39 71 68 80 25 29 78 5 49 46 33 7 2 53,evens,regular,3
2022-12-20T09:45:00Z,402,5 8 56 58 63 67 60 7 17 53 30 77 14 24 62 47 38 65 16 36,evens,regular,2
2022-12-20T09:48:00Z,404,1 78 55 41 14 25 66 58 5 56 36 4 49 21 67 15 40 30 48 13,heads,major,1
2022-12-20T09:51:00Z,405,2 75 16 58 29 10 63 64 79 37 74 19 47 23 31 4 6 68 5 55,heads,regular,1
2022-12-20T09:54:00Z,406,70 42 14 73 16 37 1 3 13 80 7 28 39 63 68 50 5 30 44 33,heads,regular,3
2022-12-20T09:57:00Z,407,4 32 55 25 76 52 18 15 27 29 61 54 43 10 74 69 67 39 51 26,evens,major,1
2022-12-20T10:00:00Z,408,48 78 37 10 65 64 76 35 70 14 31 49 57 20 9 44 39 30 1 40,heads,regular,2
2022-12-20T10:03:00Z,409,5 69 20 13 29 79 71 4 46 77 1 60 7 34 51 38 19 73 17 18,heads,regular,2
2022-12-20T10:06:00Z,410,53 54 60 64 51 58 80 14 13 21 36 16 57 63 48 75 46 38 31 45,tails,regular,1
2022-12-20T10:09:00Z,411,17 80 47 7 23 56 34 45 53 67 75 9 16 72 21 2 66 54 26 28,evens,regular,2
2022-12-20T10:12:00Z,413,7 37 56 22 70 58 51 67 80 11 63 69 3 27 29 33 15 53 57 21,evens,minor,3
2022-12-20T10:15:00Z,414,64 39 53 78 70 67 31 52 61 47 74 36 7 5 13 27 18 69 42 76,tails,regular,1
2022-12-20T10:18:00Z,415,4 8 57 16 61 31 9 15 52 48 5 37 41 53 79 22 78 27 6 58,heads,regular,3
2022-12-20T10:21:00Z,416,63 5 49 39 46 73 45 37 24 14 23 32 8 2 79 75 60 69 11 74,evens,regular,1
2022-12-20T10:24:00Z,417,20 69 38 60 3 57 12 72 18 73 54 51 17 28 13 79 22 48 58 78,tails,regular,3
2022-12-20T10:27:00Z,418,2 38 75 45 67 39 28 29 46 60 43 32 23 66 64 22 15 3 54 79,evens,major,4
2022-12-20T10:30:00Z,419,18 66 77 40 52 43 27 5 60 19 13 44 12 42 41 47 31 37 74 72,tails,regular,1
2022-12-20T10:33:00Z,420,68 14 78 75 38 6 44 11 57 12 56 37 73 31 79 64 41 27 25 3,evens,regular,2
2022-12-20T10:36:00Z,422,54 11 67 57 64 24 27 65 63 23 58 28 39 15 70 18 61 17 44 49,tails,regular,1
2022-12-20T10:39:00Z,423,56 33 20 53 59 23 42 60 76 63 1 11 9 27 25 3 36 72 16 50,heads,regular,2
2022-12-20T10:42:00Z,424,58 11 17 59 53 44 72 27 4 24 1 41 26 38 76 18 34 47 60 61,evens,regular,2
2022-12-20T10:45:00Z,425,17 34 16 48 62 35 63 9 60 44 21 53 25 2 27 61 70 66 75 18,evens,major,2
2022-12-20T10:48:00Z,426,59 35 27 3 9 23 21 56 20 41 4 50 13 1 32 31 7 73 18 76,heads,major,4
2022-12-20T10:51:00Z,427,70 47 24 1 39 25 23 12 60 28 80 54 78 15 33 51 35 62 38 59,heads,regular,1
2022-12-20T10:54:00Z,428,60 22 53 65 62 58 43 63 44 36 3 15 57 55 5 18 2 66 71 52,tails,minor,3
2022-12-20T10:57:00Z,429,77 64 47 50 63 34 17 59 54 72 67 60 24 16 62 73 43 44 27 56,tails,regular,1
