drawingDate,externalId,numbers,headsTails,jackpotLevel,bonusFactor
2026-08-01T00:01:00Z,696,53 61 42 27 51 4 20 77 44 36 45 79 12 37 47 22 65 71 17 80,tails,major,1
2026-08-01T00:03:40Z,697,38 64 31 47 41 49 57 12 66 74 79 48 53 23 3 21 78 6 14 51,tails,regular,1
2026-08-01T00:06:20Z,698,9 78 53 2 15 41 36 59 44 49 70 20 43 76 18 61 27 37 4 71,tails,regular,1
2026-08-01T00:09:00Z,699,32 18 3 39 44 25 78 46 79 77 49 13 38 16 12 63 28 27 80 26,heads,minor,1
2026-08-01T00:11:40Z,700,40 27 14 78 52 70 19 49 38 64 56 44 72 20 28 68 79 80 39 34,tails,regular,10
2026-08-01T00:14:20Z,701,36 75 72 38 39 27 18 6 61 73 21 62 5 59 26 48 29 16 8 1,heads,regular,3
2026-08-01T00:17:00Z,702,53 28 69 45 12 17 65 60 51 68 70 32 36 4 50 47 63 56 20 22,tails,minor,2
2026-08-01T00:19:40Z,703,21 71 2 67 11 17 64 63 36 28 31 75 66 76 44 9 42 77 65 10,tails,regular,2
2026-08-01T00:22:20Z,704,79 76 59 40 52 43 39 50 6 71 3 14 18 53 69 75 65 58 19 27,tails,minor,3
2026-08-01T00:25:00Z,705,48 28 46 11 59 70 15 45 50 72 18 25 39 40 53 71 56 21 34 32,evens,regular,3
2026-08-01T00:27:40Z,706,64 63 69 12 21 70 15 47 31 22 59 54 46 72 26 30 75 28 68 32,tails,regular,3
2026-08-01T00:30:20Z,707,34 8 51 62 40 76 3 36 16 9 79 43 11 42 77 65 33 38 63 46,evens,minor,1
2026-08-01T00:33:00Z,708,10 5 42 13 24 40 6 47 7 27 28 59 33 74 11 19 73 4 39 55,heads,minor,1
2026-08-01T00:35:40Z,709,59 8 21 72 11 57 64 53 63 43 79 49 76 69 24 7 32 61 77 5,tails,regular,2
2026-08-01T00:38:20Z,710,19 29 42 44 73 70 1 56 80 58 27 6 7 41 59 65 30 60 2 9,tails,regular,1
2026-08-01T00:41:00Z,711,24 48 7 25 49 33 13 51 32 15 11 20 52 72 3 42 59 77 80 56,evens,minor,4
2026-08-01T00:43:40Z,712,32 75 13 14 22 66 68 48 52 79 40 4 17 29 54 63 19 2 23 76,heads,regular,3
2026-08-01T00:46:20Z,713,74 23 10 61 70 30 48 59 45 77 2 80 21 32 41 11 9 14 51 69,tails,major,1
2026-08-01T00:49:00Z,714,79 9 29 20 52 78 27 1 40 25 7 45 49 72 43 23 51 54 22 57,evens,regular,1
2026-08-01T00:51:40Z,715,40 26 10 59 52 14 37 76 4 23 18 33 60 80 69 9 35 75 64 11,heads,regular,2
2026-08-01T00:54:20Z,716,69 17 9 57 11 44 39 37 22 78 41 68 10 56 75 35 2 51 72 74,tails,regular,3
2026-08-01T00:57:00Z,717,35 5 70 44 54 16 15 19 50 26 1 43 62 49 53 9 32 58 67 8,evens,regular,3
2026-08-01T00:59:40Z,718,62 66 15 33 2 50 52 5 27 34 78 79 38 68 59 56 4 43 45 3,tails,regular,2
2026-08-01T01:02:20Z,719,9 33 2 59 30 40 69 6 18 7 43 77 1 29 52 44 68 42 37 22,heads,minor,5
2026-08-01T01:05:00Z,720,54 3 46 53 25 13 1 5 77 27 4 69 72 11 38 7 18 44 14 50,heads,regular,3
2026-08-01T01:07:40Z,721,20 13 66 33 6 56 35 43 77 50 15 31 28 34 75 62 17 60 46 58,evens,regular,2
2026-08-01T01:10:20Z,722,53 8 51 78 80 52 31 45 77 25 7 35 2 42 61 50 26 1 62 67,tails,minor,1
2026-08-01T01:13:00Z,723,63 29 11 3 45 77 79 1 70 19 18 2 76 46 15 68 20 17 40 37,heads,regular,1
2026-08-01T01:15:40Z,724,21 80 3 5 8 23 63 47 50 72 7 45 27 74 57 4 29 51 19 43,evens,regular,1
2026-08-01T01:18:20Z,725,40 80 39 71 31 18 14 51 34 68 46 16 8 9 56 77 61 43 49 22,evens,regular,3
2026-08-01T01:21:00Z,726,38 6 3 71 1 19 30 45 16 24 18 33 64 51 67 72 10 65 15 12,heads,regular,3
2026-08-01T01:23:40Z,727,73 40 41 63 34 27 67 10 7 44 46 66 72 15 77 54 78 50 24 31,tails,minor,1
2026-08-01T01:26:20Z,728,64 21 52 43 19 9 61 8 31 34 58 26 3 24 15 35 69 74 63 18,heads,minor,5
2026-08-01T01:29:00Z,729,17 31 35 3 49 64 36 39 8 66 52 34 32 59 38 37 5 61 78 57,heads,regular,2
2026-08-01T01:31:40Z,730,70 77 48 78 79 64 13 51 61 71 9 14 27 11 17 15 19 57 62 47,tails,major,1
2026-08-01T01:34:20Z,731,1 45 2 61 48 67 60 59 22 51 42 16 13 76 30 9 6 46 63 15,tails,regular,1
2026-08-01T01:37:00Z,732,51 30 29 43 54 32 3 60 55 59 31 38 50 64 68 47 36 10 53 19,tails,minor,1
2026-08-01T01:39:40Z,733,58 22 13 34 35 70 51 57 71 4 28 9 46 59 7 32 47 38 60 37,heads,regular,1
2026-08-01T01:42:20Z,734,57 29 36 9 49 31 5 22 12 8 18 60 79 17 47 58 25 20 7 48,heads,minor,3
2026-08-01T01:45:00Z,735,64 23 4 68 53 10 48 73 40 28 15 2 29 5 9 51 25 67 39 80,heads,regular,1
2026-08-01T01:47:40Z,736,19 66 28 1 46 40 23 77 53 55 54 12 18 73 48 45 57 52 24 65,tails,minor,3
2026-08-01T01:50:20Z,737,20 27 10 78 54 32 31 9 67 17 12 59 69 75 65 38 68 16 29 3,heads,regular,3
2026-08-01T01:53:00Z,738,66 26 39 29 18 47 10 44 1 7 11 12 80 46 78 61 69 2 76 41,evens,minor,3
2026-08-01T01:55:40Z,739,23 11 71 46 57 29 80 4 77 38 68 45 73 75 21 64 13 43 31 44,tails,minor,3
2026-08-01T01:58:20Z,740,10 39 13 47 64 33 11 8 73 26 16 5 34 55 59 48 24 31 53 29,heads,regular,1
2026-08-01T02:01:00Z,741,31 53 34 23 70 36 67 77 75 65 16 28 8 25 59 72 18 29 54 45,evens,regular,2
2026-08-01T02:03:40Z,742,21 54 69 49 27 68 4 75 45 32 39 16 38 22 48 24 29 60 42 15,heads,regular,2
2026-08-01T02:06:20Z,743,59 24 13 48 58 21 79 46 69 50 49 35 40 12 66 64 27 74 80 65,tails,minor,2
2026-08-01T02:09:00Z,744,53 54 5 42 63 19 74 25 70 50 65 16 46 11 55 23 39 30 37 31,evens,minor,1
2026-08-01T02:11:40Z,745,75 54 62 59 48 80 13 3 29 68 40 33 52 32 69 49 42 67 72 47,tails,minor,1
2026-08-01T02:14:20Z,746,69 5 7 2 39 51 74 13 56 20 73 67 33 61 66 9 19 26 77 3,heads,regular,3
2026-08-01T02:17:00Z,747,62 57 54 70 35 41 46 17 43 55 5 66 53 59 21 72 22 9 49 36,tails,major,3
2026-08-01T02:19:40Z,748,55 71 65 20 44 74 59 31 78 54 30 50 22 21 61 53 36 72 27 14,tails,minor,2
2026-08-01T02:22:20Z,749,8 54 51 70 45 65 21 55 43 75 77 3 52 27 35 63 26 36 59 31,tails,regular,2
2026-08-01T02:25:00Z,750,53 13 10 29 54 20 31 67 58 68 77 55 9 59 21 66 22 64 30 51,tails,regular,3
2026-08-01T02:27:40Z,751,80 52 35 48 68 10 7 78 26 46 44 56 18 9 58 24 32 11 49 31,evens,regular,5
2026-08-01T02:30:20Z,752,53 13 19 74 42 44 17 63 76 75 31 28 56 37 66 20 21 14 46 16,evens,minor,2
2026-08-01T02:33:00Z,753,17 63 43 77 62 13 45 76 64 47 52 27 38 36 29 1 31 58 57 23,tails,regular,3
2026-08-01T02:35:40Z,754,44 1 12 36 40 53 17 18 79 8 71 2 19 55 73 4 47 28 68 48,heads,regular,1
2026-08-01T02:38:20Z,755,78 21 27 26 18 23 33 74 2 12 13 73 14 10 9 6 56 30 38 64,heads,regular,2
2026-08-01T02:41:00Z,756,67 77 56 22 4 38 13 11 78 17 75 69 25 36 45 74 47 16 2 12,heads,minor,2
2026-08-01T02:43:40Z,757,16 60 74 58 57 42 31 28 38 23 20 70 48 54 6 9 66 53 51 52,tails,minor,3
2026-08-01T02:46:20Z,758,35 20 50 67 56 5 9 13 8 54 19 11 42 39 25 14 55 68 30 62,heads,minor,1
2026-08-01T02:49:00Z,759,14 11 43 10 28 62 79 61 58 42 3 6 44 46 1 51 50 32 30 8,evens,minor,3
2026-08-01T02:51:40Z,760,8 36 62 58 54 61 69 10 11 35 64 6 26 79 15 13 5 3 80 75,heads,regular,3
2026-08-01T02:54:20Z,761,40 12 10 71 54 14 15 73 44 46 2 35 4 29 77 59 47 64 60 58,tails,minor,2
2026-08-01T02:57:00Z,762,45 7 35 41 63 46 10 79 65 76 25 22 71 47 49 16 61 78 51 27,tails,major,1
2026-08-01T02:59:40Z,763,80 5 57 76 42 36 72 29 9 55 18 49 31 41 51 48 67 73 65 1,tails,regular,1
2026-08-01T03:02:20Z,764,77 29 75 63 73 61 58 70 33 68 9 48 69 8 76 50 72 11 40 1,tails,minor,3
2026-08-01T03:05:00Z,765,2 32 41 14 51 22 7 65 66 36 75 54 26 45 23 72 67 64 13 58,tails,regular,3
2026-08-01T03:07:40Z,766,26 54 9 47 35 52 66 41 43 34 25 19 2 3 78 63 12 39 6 70,heads,minor,2
2026-08-01T03:10:20Z,767,73 41 61 79 62 43 58 38 46 69 22 24 42 64 34 16 35 60 6 11,tails,regular,1
2026-08-01T03:13:00Z,768,33 46 49 68 62 23 17 8 31 35 74 79 75 55 14 52 16 78 4 64,tails,regular,1
2026-08-01T03:15:40Z,769,32 73 64 41 46 43 12 68 1 27 33 15 28 14 45 18 70 57 10 37,heads,regular,2
2026-08-01T03:18:20Z,770,29 50 2 56 31 9 19 71 41 47 36 55 79 54 64 28 61 74 15 43,tails,regular,2
2026-08-01T03:21:00Z,771,37 80 64 23 10 44 63 68 19 32 13 48 22 33 50 18 38 7 78 69,heads,regular,3
2026-08-01T03:23:40Z,772,45 3 33 15 60 38 52 58 9 48 50 67 7 57 59 75 4 36 79 46,tails,regular,3
2026-08-01T03:26:20Z,773,33 66 32 80 13 23 39 34 7 29 71 21 51 9 40 58 19 52 69 36,heads,regular,5
2026-08-01T03:29:00Z,774,78 70 13 63 40 50 36 69 67 11 65 44 57 25 14 18 33 62 28 3,evens,regular,2
2026-08-01T03:31:40Z,775,37 63 68 29 39 17 12 51 69 6 48 30 67 49 53 31 76 59 47 44,tails,minor,1
2026-08-01T03:34:20Z,776,45 73 13 58 64 2 53 57 46 3 9 44 32 49 74 27 71 5 42 67,tails,regular,1
2026-08-01T03:37:00Z,777,40 48 21 54 66 46 6 22 63 20 57 67 51 69 76 62 9 37 24 27,tails,minor,2
2026-08-01T03:39:40Z,778,16 61 40 76 13 10 69 39 18 50 22 52 23 21 60 35 4 45 2 11,heads,minor,3
2026-08-01T03:42:20Z,779,12 22 34 58 33 35 26 65 74 48 67 49 4 31 44 62 18 57 76 1,evens,regular,3
2026-08-01T03:45:00Z,780,23 6 45 40 46 66 18 47 36 80 70 16 12 37 56 38 5 53 4 69,heads,major,1
2026-08-01T03:47:40Z,781,75 26 33 29 80 57 28 25 62 20 13 27 39 30 34 18 67 74 9 16,heads,regular,1
2026-08-01T03:50:20Z,782,10 3 54 6 78 32 46 57 73 59 36 12 37 77 15 71 67 41 79 31,tails,regular,1
2026-08-01T03:53:00Z,783,21 58 9 22 20 6 80 1 33 71 59 5 57 26 64 30 15 11 79 41,heads,regular,1
2026-08-01T03:55:40Z,784,72 16 42 19 21 3 4 11 35 39 68 26 51 61 56 2 10 23 69 1,heads,regular,3
2026-08-01T03:58:20Z,785,39 64 56 37 55 32 61 11 43 25 47 33 10 38 75 53 36 71 22 18,heads,minor,3
2026-08-01T04:01:00Z,786,57 29 10 4 64 28 33 21 60 12 16 5 22 44 23 3 67 6 42 52,heads,minor,1
2026-08-01T04:03:40Z,787,77 36 45 21 6 28 74 24 19 8 57 46 34 41 23 47 50 59 78 37,evens,regular,2
2026-08-01T04:06:20Z,788,18 55 75 41 32 71 46 39 50 44 49 68 72 51 77 45 2 24 29 42,tails,regular,2
2026-08-01T04:09:00Z,789,16 33 2 43 27 66 51 77 31 6 49 72 22 34 57 9 3 30 75 19,heads,major,1
2026-08-01T04:11:40Z,790,75 38 41 46 60 35 16 78 62 30 20 22 79 55 57 12 45 42 24 11,tails,major,4
2026-08-01T04:14:20Z,791,73 32 61 17 51 38 45 56 62 68 8 80 30 70 27 22 9 16 37 26,heads,regular,1
2026-08-01T04:17:00Z,792,66 4 32 51 21 44 63 7 73 74 77 45 43 18 54 34 55 67 12 2,tails,regular,10
2026-08-01T04:19:40Z,793,1 49 6 80 13 33 34 59 5 40 36 73 24 8 60 22 42 35 3 30,heads,regular,1
2026-08-01T04:22:20Z,794,29 61 63 56 35 17 50 4 27 18 69 79 12 23 16 71 14 24 28 36,heads,regular,1
2026-08-01T04:25:00Z,795,80 59 19 2 53 44 32 20 42 1 68 46 72 5 23 47 21 22 6 43,evens,regular,5
2026-08-01T04:27:40Z,796,34 2 4 64 17 75 42 22 51 35 13 47 61 3 5 29 66 80 36 19,heads,regular,5
2026-08-01T04:30:20Z,797,70 28 65 73 18 79 35 14 49 8 6 57 11 21 3 53 31 44 37 55,heads,regular,3
2026-08-01T04:33:00Z,798,56 40 75 74 17 37 15 52 47 6 55 25 22 60 26 77 45 1 64 71,tails,minor,2
2026-08-01T04:35:40Z,799,64 20 51 61 66 5 38 63 4 10 80 54 18 25 41 58 78 3 40 13,evens,regular,1
2026-08-01T04:38:20Z,800,24 79 73 22 71 17 45 7 64 52 14 29 69 4 46 33 66 60 34 39,evens,major,4
2026-08-01T04:41:00Z,801,51 69 34 40 33 23 77 60 11 72 65 10 20 32 29 18 44 76 46 79,evens,minor,2
2026-08-01T04:43:40Z,802,79 22 19 30 32 16 35 5 70 46 51 44 65 49 24 28 10 63 64 42,evens,regular,3
2026-08-01T04:46:20Z,803,62 1 41 76 25 56 53 28 61 78 59 24 16 45 77 51 19 29 23 48,tails,major,3
2026-08-01T04:49:00Z,804,66 60 59 38 63 17 26 44 21 39 71 47 51 73 36 40 41 29 24 78,tails,regular,1
2026-08-01T04:51:40Z,805,16 37 39 43 67 42 3 9 58 28 31 47 79 76 8 24 1 33 71 6,heads,minor,1
2026-08-01T04:54:20Z,806,64 49 6 5 71 22 1 67 80 61 72 3 19 9 13 77 48 14 12 24,heads,regular,1
2026-08-01T04:57:00Z,807,74 30 78 28 24 64 59 9 36 73 77 41 68 37 39 34 56 45 67 46,tails,regular,1
2026-08-01T04:59:40Z,808,76 44 39 11 53 40 26 32 42 77 43 71 46 62 56 8 70 80 75 12,tails,regular,1
2026-08-01T05:02:20Z,809,41 61 63 45 46 17 67 75 64 5 49 22 16 38 48 4 19 43 33 60,tails,regular,3
2026-08-01T05:05:00Z,810,12 71 8 43 63 21 14 23 10 22 3 9 26 48 65 46 2 77 1 57,heads,regular,5
2026-08-01T05:07:40Z,811,61 37 65 18 6 74 10 33 1 41 28 79 75 3 32 64 70 14 8 48,heads,major,1
2026-08-01T05:10:20Z,812,67 33 51 50 59 3 62 17 63 61 9 80 46 79 30 47 12 57 25 11,tails,regular,4
2026-08-01T05:13:00Z,813,61 67 46 44 74 53 24 13 60 35 49 64 71 12 56 27 29 43 14 31,tails,regular,1
2026-08-01T05:15:40Z,814,50 61 14 8 41 32 36 16 29 12 30 13 79 17 60 67 22 68 6 57,heads,minor,1
2026-08-01T05:18:20Z,815,2 12 16 48 17 80 18 79 32 38 62 44 5 63 77 6 67 59 1 56,evens,regular,5
2026-08-01T05:21:00Z,816,57 53 41 75 30 60 55 45 66 42 71 65 50 18 68 11 21 46 74 28,tails,minor,2
2026-08-01T05:23:40Z,817,66 69 35 56 14 47 76 19 71 34 64 63 51 39 20 28 9 44 48 26,tails,regular,1
2026-08-01T05:26:20Z,818,59 14 69 26 44 71 78 27 29 2 31 53 30 18 68 48 56 74 63 80,tails,minor,2
2026-08-01T05:29:00Z,819,2 43 24 37 55 35 6 52 65 72 33 38 47 46 42 5 41 44 20 67,tails,regular,3
2026-08-01T05:31:40Z,820,78 36 66 46 37 65 6 25 44 49 14 5 73 72 30 43 68 64 13 9,tails,regular,2
2026-08-01T05:34:20Z,821,42 2 78 61 70 45 64 60 7 73 44 46 72 8 4 32 11 80 14 66,tails,regular,1
2026-08-01T05:37:00Z,822,66 54 23 5 64 16 70 38 13 31 41 4 29 75 30 79 68 36 73 10,heads,regular,2
2026-08-01T05:39:40Z,823,31 61 5 25 57 8 51 36 48 58 10 44 78 62 23 63 72 43 21 49,tails,regular,2
2026-08-01T05:42:20Z,824,7 38 47 28 63 16 3 53 78 6 33 61 22 75 60 50 68 24 48 56,tails,regular,2
2026-08-01T05:45:00Z,825,56 67 20 38 76 35 41 31 62 71 2 53 49 24 48 34 27 44 1 50,tails,minor,3
2026-08-01T05:47:40Z,826,13 58 36 25 71 3 45 18 24 75 17 69 29 38 23 33 64 51 56 26,heads,regular,3
2026-08-01T05:50:20Z,827,1 68 65 46 22 28 47 48 51 35 20 11 41 78 77 55 40 21 25 10,evens,regular,1
2026-08-01T05:53:00Z,828,14 59 71 3 35 9 69 58 48 26 68 37 60 54 12 21 76 80 61 2,tails,regular,3
2026-08-01T05:55:40Z,829,26 4 31 78 65 47 48 13 20 12 14 46 11 3 56 60 39 37 52 51,heads,regular,1
2026-08-01T05:58:20Z,830,21 35 73 75 63 1 28 43 51 7 11 40 45 50 79 72 78 19 62 46,tails,regular,1
2026-08-01T06:01:00Z,831,39 68 28 47 36 30 15 9 54 52 35 33 48 29 76 63 43 40 13 79,heads,regular,1
2026-08-01T06:03:40Z,832,58 2 43 28 68 14 57 41 34 80 45 22 27 52 49 63 60 70 35 9,tails,regular,3
2026-08-01T06:06:20Z,833,3 39 76 78 75 9 52 20 22 4 32 12 14 62 18 33 79 35 51 1,heads,regular,1
2026-08-01T06:09:00Z,834,71 41 51 12 26 2 29 21 80 67 30 66 74 42 17 65 46 11 19 49,tails,regular,2
2026-08-01T06:11:40Z,835,27 26 41 79 63 69 70 61 38 25 13 50 78 37 49 72 19 71 30 35,tails,major,3
2026-08-01T06:14:20Z,836,3 46 5 36 35 69 19 6 44 64 9 75 24 40 61 25 42 56 17 34,heads,regular,1
2026-08-01T06:17:00Z,837,3 46 5 36 54 69 31 40 21 17 50 19 59 8 22 67 53 14 32 79,heads,major,1
2026-08-01T06:19:40Z,838,72 11 17 19 59 64 1 61 79 23 68 14 34 4 75 46 69 65 41 44,tails,regular,1
2026-08-01T06:22:20Z,839,32 53 54 75 78 19 59 62 71 28 6 14 67 56 73 7 72 24 12 9,tails,minor,2
2026-08-01T06:25:00Z,840,34 74 41 20 32 67 61 2 27 21 18 22 37 36 40 47 25 73 68 12,heads,regular,3
2026-08-01T06:27:40Z,841,29 26 43 48 17 56 42 24 19 46 71 36 28 55 60 8 44 78 58 10,tails,regular,2
2026-08-01T06:30:20Z,842,7 67 41 73 54 28 51 49 68 79 76 34 10 14 3 71 30 56 63 38,tails,regular,1
2026-08-01T06:33:00Z,843,38 43 62 73 15 20 25 63 76 41 65 40 44 24 2 49 79 60 18 11,tails,major,4
2026-08-01T06:35:40Z,844,50 67 26 3 9 36 72 60 62 23 2 78 47 30 46 34 45 31 41 11,evens,regular,1
2026-08-01T06:38:20Z,845,12 70 69 66 19 16 23 3 9 5 57 6 8 73 38 67 37 4 35 71,heads,minor,5
2026-08-01T06:41:00Z,846,62 3 79 45 60 30 58 39 74 53 23 51 21 72 61 43 8 42 12 47,tails,regular,1
2026-08-01T06:43:40Z,847,42 61 77 48 6 38 54 67 1 13 11 15 71 2 29 31 25 34 16 64,heads,regular,5
2026-08-01T06:46:20Z,848,31 52 77 10 48 51 22 5 7 67 11 39 66 57 9 42 18 72 35 70,evens,regular,1
2026-08-01T06:49:00Z,849,37 11 25 23 2 67 46 33 39 58 47 64 51 52 5 75 71 70 12 38,evens,minor,3
2026-08-01T06:51:40Z,850,29 15 63 79 51 18 61 73 45 39 76 2 37 34 24 69 80 35 22 43,evens,minor,1
2026-08-01T06:54:20Z,851,71 44 3 14 27 66 38 35 58 30 6 42 73 48 53 64 26 17 74 77,tails,regular,1
2026-08-01T06:57:00Z,852,40 46 47 58 39 66 20 79 6 65 29 43 32 57 25 67 80 10 50 69,tails,minor,1
2026-08-01T06:59:40Z,853,48 41 58 16 22 38 5 61 17 62 6 14 73 44 63 3 27 35 33 77,heads,major,1
2026-08-01T07:02:20Z,854,28 74 68 12 71 14 27 37 57 56 30 13 25 9 49 55 21 1 29 11,heads,regular,2
2026-08-01T07:05:00Z,855,53 35 50 78 77 55 22 47 33 31 56 69 12 30 1 9 67 72 29 24,evens,minor,3
2026-08-01T07:07:40Z,856,76 31 12 46 41 65 8 73 19 16 5 25 43 63 56 44 80 6 64 74,tails,minor,1
2026-08-01T07:10:20Z,857,56 25 29 19 12 10 61 38 35 63 42 28 69 31 18 32 17 3 71 76,heads,regular,2
2026-08-01T07:13:00Z,858,54 20 8 41 75 13 46 28 79 36 45 27 63 49 15 72 2 1 10 21,heads,regular,5
2026-08-01T07:15:40Z,859,19 7 73 43 1 8 38 26 12 29 79 44 50 76 32 51 15 65 36 23,heads,minor,5
2026-08-01T07:18:20Z,860,75 80 47 26 73 69 13 51 29 52 33 53 11 32 4 46 6 7 5 65,evens,regular,2
2026-08-01T07:21:00Z,861,52 24 74 50 5 25 15 19 32 77 44 70 59 9 49 69 75 17 40 20,evens,regular,2
2026-08-01T07:23:40Z,862,7 68 59 4 10 32 70 28 58 66 56 33 14 44 6 42 40 67 27 13,heads,regular,3
2026-08-01T07:26:20Z,863,70 30 52 46 24 10 23 35 32 26 31 74 77 65 7 28 53 33 80 75,heads,minor,2
2026-08-01T07:29:00Z,864,35 51 33 18 55 74 29 73 17 26 13 46 41 79 3 48 31 60 58 19,evens,major,3
2026-08-01T07:31:40Z,865,17 62 40 49 71 67 18 73 64 25 5 1 46 6 37 66 65 75 28 9,evens,regular,3
2026-08-01T07:34:20Z,866,18 41 10 19 17 79 53 24 67 63 4 36 50 30 48 70 5 20 45 31,heads,minor,1
2026-08-01T07:37:00Z,867,38 78 23 58 19 40 21 34 70 67 66 50 65 43 25 37 55 35 61 48,tails,regular,2
2026-08-01T07:39:40Z,868,53 51 78 5 42 31 58 6 37 69 77 75 34 35 55 70 43 16 12 19,tails,regular,1
2026-08-01T07:42:20Z,869,58 15 46 11 54 22 12 41 29 31 80 10 13 48 3 68 35 19 55 49,heads,regular,5
2026-08-01T07:45:00Z,870,53 74 73 13 4 76 12 78 46 14 3 10 15 57 19 22 66 44 72 71,tails,regular,2
2026-08-01T07:47:40Z,871,39 25 52 28 51 29 18 23 12 4 19 75 70 74 20 34 50 49 13 53,heads,regular,2
2026-08-01T07:50:20Z,872,75 60 37 65 35 74 51 20 26 80 5 58 33 21 6 76 45 42 52 25,tails,minor,3
2026-08-01T07:53:00Z,873,69 50 57 9 74 41 55 33 35 60 42 75 32 59 79 18 21 56 80 17,tails,regular,1
2026-08-01T07:55:40Z,874,59 72 34 2 33 5 47 17 29 38 58 26 35 70 6 25 23 77 12 75,heads,major,1
2026-08-01T07:58:20Z,875,27 40 42 28 25 41 24 16 2 14 56 59 58 74 67 9 32 70 18 22,heads,minor,2
2026-08-01T08:01:00Z,876,67 64 68 62 49 29 18 45 76 53 10 11 14 79 15 70 17 47 71 3,tails,minor,2
2026-08-01T08:03:40Z,877,35 20 68 29 74 40 65 46 76 32 57 37 17 7 64 2 8 70 3 59,heads,major,3
2026-08-01T08:06:20Z,878,57 9 52 31 26 49 68 3 41 22 79 21 74 71 48 28 35 60 33 37,evens,minor,2
2026-08-01T08:09:00Z,879,66 45 51 13 50 5 43 15 39 14 69 21 71 64 46 68 32 77 22 1,tails,regular,1
2026-08-01T08:11:40Z,880,6 7 5 51 45 27 15 77 19 12 32 60 36 37 76 64 20 40 49 48,heads,regular,3
2026-08-01T08:14:20Z,881,45 40 61 41 51 5 14 65 38 57 71 55 66 30 10 53 25 46 18 24,tails,regular,1
2026-08-01T08:17:00Z,882,12 14 23 52 44 20 39 61 34 53 35 25 16 76 21 79 2 41 27 56,heads,minor,1
2026-08-01T08:19:40Z,883,19 32 27 10 16 13 4 40 21 69 80 38 41 67 60 6 29 77 46 64,heads,regular,1
2026-08-01T08:22:20Z,884,51 29 16 19 35 22 55 67 64 44 23 20 33 54 7 77 76 80 72 31,evens,regular,2
2026-08-01T08:25:00Z,885,29 48 66 43 61 40 80 17 64 37 36 78 69 22 51 33 13 67 79 77,tails,regular,2
2026-08-01T08:27:40Z,886,28 74 77 31 32 8 43 78 4 55 7 21 61 17 42 46 60 73 35 29,evens,regular,3
2026-08-01T08:30:20Z,887,24 58 51 50 8 80 41 64 31 6 29 2 14 16 77 23 42 25 1 19,heads,minor,2
2026-08-01T08:33:00Z,888,31 33 29 1 34 64 21 79 71 47 28 38 41 3 25 65 10 62 75 60,heads,regular,2
2026-08-01T08:35:40Z,889,11 21 32 60 62 59 48 22 8 56 55 28 72 6 30 34 78 53 35 80,evens,minor,3
2026-08-01T08:38:20Z,890,27 6 18 19 2 36 26 21 34 1 59 72 64 8 10 58 44 73 48 47,heads,regular,1
2026-08-01T08:41:00Z,891,28 50 62 4 78 77 17 41 31 51 45 21 57 5 23 44 14 26 11 71,evens,regular,3
2026-08-01T08:43:40Z,892,9 22 27 33 19 11 17 10 20 5 45 32 7 56 54 65 48 6 57 31,heads,minor,3
2026-08-01T08:46:20Z,893,38 23 29 76 27 35 61 41 65 79 59 3 54 17 60 57 37 63 68 52,tails,regular,1
2026-08-01T08:49:00Z,894,26 48 27 11 6 13 70 57 52 25 47 61 19 51 33 71 30 8 63 41,evens,regular,1
2026-08-01T08:51:40Z,895,8 48 69 64 71 80 38 66 77 27 55 26 25 31 49 9 40 32 60 59,tails,minor,1
2026-08-01T08:54:20Z,896,6 46 4 71 63 19 28 38 23 60 31 55 32 43 27 14 40 72 56 78,heads,major,2
2026-08-01T08:57:00Z,897,38 6 50 68 80 73 8 60 43 25 33 12 63 17 10 65 39 76 13 53,evens,minor,1
2026-08-01T08:59:40Z,898,51 11 22 10 73 79 66 5 18 40 27 14 23 37 41 38 53 32 62 61,heads,minor,3
2026-08-01T09:02:20Z,899,25 49 41 1 63 70 6 50 33 37 67 4 24 52 3 75 2 10 66 77,evens,regular,1
2026-08-01T09:05:00Z,900,30 34 62 63 23 61 6 55 77 48 46 78 13 10 79 25 5 16 9 1,heads,regular,1
2026-08-01T09:07:40Z,901,63 12 20 77 72 34 79 6 49 22 68 38 64 61 69 65 46 2 48 8,tails,regular,1
2026-08-01T09:10:20Z,902,28 41 14 25 77 6 74 29 49 67 38 63 11 30 8 64 42 17 9 53,heads,minor,3
2026-08-01T09:13:00Z,903,22 46 6 21 54 26 49 53 55 70 11 51 58 29 77 19 36 41 72 1,tails,regular,1
2026-08-01T09:15:40Z,904,65 75 23 77 11 38 49 76 30 8 61 26 2 28 6 78 46 63 34 41,evens,regular,1
2026-08-01T09:18:20Z,905,67 46 6 1 8 65 9 72 4 17 51 75 19 3 55 40 34 70 54 42,evens,regular,2
2026-08-01T09:21:00Z,906,60 70 20 71 38 35 66 37 17 74 9 24 14 13 27 25 52 57 54 31,heads,regular,3
2026-08-01T09:23:40Z,907,38 33 57 52 50 71 55 19 37 58 66 30 72 24 76 3 35 8 20 45,evens,regular,2
2026-08-01T09:26:20Z,908,44 62 22 9 30 34 12 36 18 19 13 17 31 77 6 39 7 27 68 69,heads,minor,1
2026-08-01T09:29:00Z,909,48 70 51 3 66 63 72 61 38 47 21 77 62 41 45 42 18 4 15 6,tails,minor,3
2026-08-01T09:31:40Z,910,54 12 42 46 72 71 73 80 68 27 63 38 33 78 16 43 32 65 47 4,tails,regular,1
2026-08-01T09:34:20Z,911,24 74 45 63 44 65 29 50 78 10 80 34 2 31 4 61 6 73 64 46,tails,regular,1
2026-08-01T09:37:00Z,912,54 62 6 41 26 52 12 80 17 71 13 14 67 1 79 39 60 20 4 65,evens,regular,1
2026-08-01T09:39:40Z,913,1 59 25 12 5 20 17 64 40 38 10 63 49 74 39 56 53 15 57 50,heads,regular,1
2026-08-01T09:42:20Z,914,2 47 38 50 1 4 9 27 19 8 43 49 74 14 41 34 12 18 54 76,heads,major,1
2026-08-01T09:45:00Z,915,8 40 32 60 25 79 10 58 1 14 78 55 3 4 33 9 52 5 62 6,heads,minor,2
2026-08-01T09:47:40Z,916,3 47 73 33 58 60 41 37 4 48 2 80 5 68 46 50 36 75 45 70,tails,regular,3
2026-08-01T09:50:20Z,917,19 52 35 68 74 32 54 27 3 31 16 78 12 37 2 13 62 66 9 41,heads,regular,2
2026-08-01T09:53:00Z,918,69 58 22 55 46 68 49 72 14 53 50 45 54 16 41 6 26 36 77 64,tails,regular,5
2026-08-01T09:55:40Z,919,65 70 77 52 37 61 6 60 80 38 11 39 28 47 20 33 27 78 16 32,heads,minor,1
2026-08-01T09:58:20Z,920,63 12 74 78 61 28 35 54 11 65 1 8 9 24 23 79 31 25 3 66,heads,regular,3
2026-08-01T10:01:00Z,921,14 16 49 17 3 23 22 66 13 73 40 80 52 27 72 60 59 68 47 57,tails,regular,1
2026-08-01T10:03:40Z,922,9 72 37 18 30 35 23 76 61 49 34 62 32 41 60 69 10 71 50 78,tails,regular,2
2026-08-01T10:06:20Z,923,80 62 37 17 31 27 67 18 59 38 53 33 66 26 14 32 46 55 36 28,heads,regular,2
2026-08-01T10:09:00Z,924,50 31 62 24 16 53 45 15 69 36 60 17 6 21 39 30 76 42 77 28,heads,regular,1
2026-08-01T10:11:40Z,925,65 17 27 4 33 61 6 44 36 57 12 43 32 69 58 78 63 8 41 2,evens,regular,3
2026-08-01T10:14:20Z,926,3 22 76 7 71 40 23 12 37 43 67 72 47 44 14 35 46 68 38 34,heads,regular,3
2026-08-01T10:17:00Z,927,24 54 38 14 78 34 70 73 25 69 35 45 41 46 40 77 1 51 74 57,tails,regular,1
2026-08-01T10:19:40Z,928,53 19 48 62 12 40 55 49 29 17 21 14 4 70 71 50 57 1 79 37,evens,major,1
2026-08-01T10:22:20Z,929,78 77 66 41 57 17 69 30 40 18 28 46 10 24 25 50 49 52 54 60,tails,regular,3
2026-08-01T10:25:00Z,930,8 54 5 41 71 50 44 13 4 20 22 39 28 30 40 27 21 43 80 19,heads,major,1
2026-08-01T10:27:40Z,931,72 41 8 40 11 28 66 37 19 47 45 34 29 31 73 60 74 59 10 71,evens,regular,1
2026-08-01T10:30:20Z,932,58 63 33 46 9 57 71 16 74 21 49 27 35 19 50 8 69 67 48 14,tails,regular,1
2026-08-01T10:33:00Z,933,78 42 33 71 7 31 43 15 56 11 80 23 3 18 55 21 77 69 75 59,tails,regular,3
2026-08-01T10:35:40Z,934,59 43 9 71 41 56 79 66 75 14 36 30 11 12 49 73 60 58 64 48,tails,regular,1
2026-08-01T10:38:20Z,935,12 6 78 51 5 37 49 31 29 60 14 57 59 54 11 62 38 32 73 17,heads,regular,2
2026-08-01T10:41:00Z,936,27 77 59 57 44 42 78 46 65 8 23 73 76 10 14 34 28 71 67 25,tails,regular,3
2026-08-01T10:43:40Z,937,7 61 80 15 16 3 23 40 26 48 78 50 76 27 44 68 45 37 12 30,heads,regular,1
2026-08-01T10:46:20Z,938,66 78 56 22 60 68 39 47 58 33 51 31 8 23 80 38 20 40 63 52,tails,regular,2
2026-08-01T10:49:00Z,939,76 73 61 70 38 9 25 7 27 68 30 47 44 23 16 45 33 43 58 40,evens,regular,3
2026-08-01T10:51:40Z,940,20 80 78 50 22 61 33 24 34 30 12 56 68 69 27 18 38 2 60 62,heads,minor,2
2026-08-01T10:54:20Z,941,34 9 2 68 53 67 72 48 45 24 11 39 7 40 19 17 33 31 74 23,heads,regular,3
2026-08-01T10:57:00Z,942,45 43 51 50 74 29 1 75 16 11 67 56 41 49 53 25 71 4 8 64,tails,regular,3
2026-08-01T10:59:40Z,943,58 76 39 37 56 19 46 26 2 33 48 12 10 73 30 14 34 23 59 22,heads,regular,1
2026-08-01T11:02:20Z,944,62 52 78 32 31 4 77 13 5 2 1 42 65 75 61 49 79 47 44 22,tails,regular,3
2026-08-01T11:05:00Z,945,57 11 22 60 66 56 64 16 69 10 50 34 37 65 6 18 35 47 54 1,evens,regular,1
2026-08-01T11:07:40Z,946,68 73 14 60 28 9 58 29 53 13 41 4 42 50 48 47 70 32 51 66,tails,minor,3
2026-08-01T11:10:20Z,947,2 76 77 18 28 66 74 44 39 21 68 13 14 57 45 70 15 16 71 12,evens,minor,3
2026-08-01T11:13:00Z,948,40 46 56 30 71 61 77 39 16 75 2 1 42 18 6 66 35 25 76 9,heads,regular,2
2026-08-01T11:15:40Z,949,6 49 50 76 9 40 25 28 36 22 37 8 58 56 75 55 54 17 3 59,heads,minor,3
2026-08-01T11:18:20Z,950,16 28 36 25 21 14 20 61 72 23 7 74 59 51 68 9 63 79 27 43,heads,regular,3
2026-08-01T11:21:00Z,951,40 72 78 39 51 58 9 35 12 50 61 70 57 7 48 49 74 41 56 42,tails,minor,1
2026-08-01T11:23:40Z,952,27 13 58 4 2 36 75 80 62 55 44 66 30 11 5 71 53 35 22 47,evens,regular,3
2026-08-01T11:26:20Z,953,18 42 54 9 60 4 35 16 19 6 30 63 36 74 28 48 76 58 57 46,evens,regular,3
2026-08-01T11:29:00Z,954,62 54 38 68 39 8 50 53 57 69 26 9 65 47 31 16 55 64 77 72,tails,regular,2
2026-08-01T11:31:40Z,955,17 57 66 65 5 6 50 10 74 36 69 27 60 16 52 3 78 49 68 37,tails,regular,2
2026-08-01T11:34:20Z,956,33 5 53 19 46 36 9 45 11 44 38 24 73 70 10 60 13 39 28 31,heads,regular,2
2026-08-01T11:37:00Z,957,25 74 17 44 59 54 49 42 6 15 19 64 78 72 30 22 14 35 80 23,evens,regular,2
2026-08-01T11:39:40Z,958,10 44 56 77 60 40 50 51 69 28 64 39 27 58 76 70 62 66 73 53,tails,regular,1
2026-08-01T11:42:20Z,959,24 31 70 75 77 4 30 16 36 34 69 60 46 76 59 45 25 80 71 2,tails,regular,2
2026-08-01T11:45:00Z,960,34 52 17 20 56 41 67 29 1 18 63 7 4 10 3 33 64 5 77 68,heads,regular,1
2026-08-01T11:47:40Z,961,21 43 2 20 12 59 16 54 55 77 41 52 42 72 66 33 5 27 7 37,evens,regular,1
2026-08-01T11:50:20Z,962,26 74 80 78 61 7 54 48 75 35 33 6 18 32 66 77 34 63 8 44,tails,minor,1
2026-08-01T11:53:00Z,963,1 47 9 53 79 34 45 5 52 54 13 12 32 24 70 68 62 2 42 48,tails,regular,2
2026-08-01T11:55:40Z,964,67 2 35 47 38 8 26 48 11 74 78 34 18 7 43 3 62 27 33 77,heads,regular,2
2026-08-01T11:58:20Z,965,21 31 5 14 58 80 34 57 42 49 30 40 70 25 37 39 72 46 66 33,heads,regular,2
2026-08-01T12:01:00Z,966,18 3 36 74 45 72 51 25 39 49 63 31 11 65 48 34 73 55 26 33,evens,major,4
2026-08-01T12:03:40Z,967,4 76 78 30 63 44 12 57 40 64 25 65 2 21 26 19 6 77 49 71,evens,minor,3
2026-08-01T12:06:20Z,968,80 29 45 32 64 42 38 53 39 11 40 58 63 44 16 78 1 34 59 56,tails,regular,2
2026-08-01T12:09:00Z,969,15 76 33 46 49 53 42 26 27 39 54 34 31 73 7 40 14 28 65 57,heads,major,3
2026-08-01T12:11:40Z,970,46 22 37 5 43 56 62 35 26 69 38 71 53 75 1 42 76 23 67 31,tails,regular,2
2026-08-01T12:14:20Z,971,6 24 30 75 63 45 64 14 12 78 72 80 15 37 33 39 27 48 56 20,heads,regular,4
2026-08-01T12:17:00Z,972,30 18 9 53 36 19 51 52 3 77 5 8 31 57 29 26 49 55 44 35,heads,regular,2
2026-08-01T12:19:40Z,973,26 34 60 4 69 66 67 56 12 28 16 23 31 11 25 8 13 45 79 20,heads,regular,1
2026-08-01T12:22:20Z,974,58 6 54 29 78 67 1 33 23 2 44 38 8 74 30 48 52 3 14 43,heads,regular,5
2026-08-01T12:25:00Z,975,23 44 6 66 3 18 30 77 5 51 63 56 13 58 20 40 11 38 34 41,heads,minor,1
2026-08-01T12:27:40Z,976,11 64 55 57 22 54 67 12 75 63 29 32 39 66 53 18 25 48 6 5,evens,regular,2
2026-08-01T12:30:20Z,977,56 32 8 6 70 63 39 77 41 62 18 20 9 14 25 45 19 51 66 7,heads,regular,1
2026-08-01T12:33:00Z,978,54 30 75 42 23 15 44 34 32 61 50 11 37 69 73 28 10 45 29 36,heads,regular,2
2026-08-01T12:35:40Z,979,16 20 6 7 62 49 76 71 21 47 52 38 58 25 50 79 44 15 60 51,tails,minor,1
2026-08-01T12:38:20Z,980,32 31 80 40 5 9 47 14 25 27 8 30 37 43 50 28 51 72 29 36,heads,regular,1
2026-08-01T12:41:00Z,981,16 67 57 60 66 70 68 3 12 50 43 72 23 37 15 75 19 65 26 55,tails,regular,1
2026-08-01T12:43:40Z,982,53 26 32 12 78 40 34 56 2 35 43 19 42 75 22 49 31 5 61 28,heads,major,1
2026-08-01T12:46:20Z,983,54 49 70 38 59 20 67 79 64 57 5 7 25 34 30 28 75 14 74 52,tails,regular,1
2026-08-01T12:49:00Z,984,69 51 48 33 67 61 63 10 46 72 2 55 17 43 41 30 23 15 26 29,tails,regular,2
2026-08-01T12:51:40Z,985,36 16 56 53 32 3 45 13 58 7 44 31 69 54 52 6 70 40 19 74,evens,regular,1
2026-08-01T12:54:20Z,986,44 77 28 38 59 72 51 15 12 66 18 6 54 46 10 29 23 37 75 14,heads,regular,3
2026-08-01T12:57:00Z,987,41 48 61 72 21 4 75 43 38 28 6 29 18 9 73 59 44 2 30 60,evens,regular,3
2026-08-01T12:59:40Z,988,42 12 58 61 26 39 75 80 16 20 51 74 79 53 38 7 23 46 65 76,tails,regular,2
2026-08-01T13:02:20Z,989,76 12 33 21 18 78 46 55 40 41 50 4 59 5 60 13 52 19 54 73,tails,major,3
2026-08-01T13:05:00Z,990,77 49 56 71 60 3 46 54 63 15 12 7 43 67 39 68 44 18 50 4,tails,regular,2
2026-08-01T13:07:40Z,991,49 69 35 42 14 16 17 70 54 38 75 65 2 18 74 44 41 36 27 24,evens,regular,2
2026-08-01T13:10:20Z,992,27 34 74 26 5 46 19 8 33 80 48 4 41 52 39 78 23 30 12 6,heads,minor,2
2026-08-01T13:13:00Z,993,41 35 21 14 46 57 4 39 42 66 28 49 43 15 10 36 32 71 74 23,heads,major,1
2026-08-01T13:15:40Z,994,50 64 67 56 60 35 11 10 71 65 74 3 49 2 15 59 18 76 69 80,tails,minor,1
2026-08-01T13:18:20Z,995,42 41 67 51 45 26 29 35 31 72 8 75 47 12 49 15 33 7 64 38,evens,minor,3
2026-08-01T13:21:00Z,996,35 64 59 61 34 42 67 54 46 76 38 29 37 62 32 71 26 47 33 15,tails,minor,1
2026-08-01T13:23:40Z,997,25 31 28 61 59 3 38 79 78 66 5 30 74 75 39 47 35 68 7 15,heads,regular,3
2026-08-01T13:26:20Z,998,39 60 27 65 53 31 32 5 72 80 78 11 22 61 76 55 37 54 47 34,tails,regular,1
2026-08-01T13:29:00Z,999,72 4 42 53 77 28 49 62 5 45 1 20 51 44 33 54 2 50 67 21,tails,regular,2
2026-08-01T13:31:40Z,1,14 37 43 4 41 17 16 54 1 18 23 58 68 40 75 47 80 21 22 49,heads,regular,1
2026-08-01T13:34:20Z,2,66 50 64 16 1 9 79 63 31 48 45 37 52 51 75 6 60 12 69 73,tails,minor,1
2026-08-01T13:37:00Z,3,38 3 37 33 74 1 62 20 17 15 76 12 67 70 47 13 44 55 19 45,heads,minor,3
2026-08-01T13:39:40Z,4,21 46 80 42 9 41 8 17 35 16 24 63 75 15 10 48 55 32 14 43,heads,regular,1
2026-08-01T13:42:20Z,5,14 44 50 34 74 33 26 63 9 79 28 1 75 22 23 32 37 16 38 69,heads,major,1
2026-08-01T13:45:00Z,6,52 2 70 19 36 14 66 74 49 15 33 68 18 76 44 60 26 46 21 58,tails,minor,1
2026-08-01T13:47:40Z,7,5 44 57 14 70 51 28 37 56 63 2 60 50 77 54 6 20 71 78 30,tails,regular,1
2026-08-01T13:50:20Z,8,41 7 30 54 31 44 24 35 47 57 53 48 72 46 32 79 3 20 4 66,tails,minor,1
2026-08-01T13:53:00Z,9,38 20 47 36 71 13 29 65 72 22 53 30 7 52 4 18 9 55 44 35,heads,regular,3
2026-08-01T13:55:40Z,10,13 60 19 7 29 22 17 27 62 38 74 16 76 8 52 32 70 33 24 21,heads,minor,2
2026-08-01T13:58:20Z,11,12 18 9 57 39 43 53 27 16 2 13 37 44 74 24 38 30 80 70 67,heads,regular,2
2026-08-01T14:01:00Z,12,49 52 4 75 58 23 48 54 27 1 53 74 36 59 43 39 9 44 79 60,tails,regular,1
2026-08-01T14:03:40Z,13,8 64 77 23 28 65 60 16 69 35 31 40 74 12 27 29 2 71 57 54,heads,regular,10
2026-08-01T14:06:20Z,14,11 50 5 12 22 31 16 4 61 46 27 62 35 19 70 17 74 53 42 78,heads,regular,2
2026-08-01T14:09:00Z,15,30 47 24 43 69 77 56 19 18 45 20 44 16 73 8 50 38 23 48 62,tails,regular,2
2026-08-01T14:11:40Z,16,22 42 30 25 56 35 27 71 67 73 9 19 40 1 77 62 57 51 45 18,evens,major,1
2026-08-01T14:14:20Z,17,34 10 73 54 44 37 35 59 47 61 64 15 2 33 70 68 72 74 12 78,tails,regular,1
2026-08-01T14:17:00Z,18,18 51 23 61 31 20 72 45 64 59 68 75 41 16 46 49 40 48 74 76,tails,major,1
2026-08-01T14:19:40Z,19,26 35 46 3 76 14 53 28 13 59 23 4 31 32 42 67 50 63 47 27,heads,minor,3
2026-08-01T14:22:20Z,20,9 31 8 62 60 58 11 52 7 2 6 12 80 73 4 18 33 46 13 28,heads,minor,1
2026-08-01T14:25:00Z,21,46 77 78 36 10 60 29 49 68 7 37 64 5 9 13 31 56 39 51 27,heads,regular,1
2026-08-01T14:27:40Z,22,71 5 18 37 21 46 13 76 50 22 42 25 47 79 57 56 3 53 17 60,tails,regular,2
2026-08-01T14:30:20Z,23,26 37 41 23 30 40 6 58 11 19 52 21 69 25 75 66 44 53 80 14,heads,minor,4
2026-08-01T14:33:00Z,24,30 1 14 16 11 29 68 64 25 45 72 7 2 73 52 60 74 21 13 79,heads,regular,3
2026-08-01T14:35:40Z,25,3 27 13 39 75 17 45 7 53 9 20 48 65 14 23 42 67 35 51 32,heads,minor,2
2026-08-01T14:38:20Z,26,52 44 46 66 22 7 17 9 23 48 31 65 69 61 14 19 79 41 25 10,evens,minor,3
2026-08-01T14:41:00Z,27,39 76 7 37 43 62 26 29 8 12 53 49 66 20 68 42 58 45 59 41,tails,regular,2
2026-08-01T14:43:40Z,28,66 19 15 55 68 49 45 4 73 12 46 7 64 75 57 63 1 38 80 18,tails,regular,1
2026-08-01T14:46:20Z,29,2 38 55 47 17 33 56 48 30 63 25 75 79 74 50 77 27 37 42 78,tails,major,3
2026-08-01T14:49:00Z,30,55 14 44 31 48 58 50 80 26 24 17 78 1 72 42 51 73 52 36 11,tails,regular,3
2026-08-01T14:51:40Z,31,26 39 40 1 57 74 19 53 56 28 72 13 10 63 7 73 61 23 80 5,heads,regular,1
2026-08-01T14:54:20Z,32,57 66 33 20 46 13 48 70 28 38 14 25 73 72 43 79 63 64 24 32,tails,regular,1
2026-08-01T14:57:00Z,33,27 14 19 30 15 78 60 34 76 39 5 77 28 35 65 1 66 61 4 41,heads,regular,2
2026-08-01T14:59:40Z,34,6 30 47 19 46 58 66 14 28 48 55 38 9 52 80 49 7 12 56 18,evens,regular,2
2026-08-01T15:02:20Z,35,37 56 61 25 63 21 46 29 72 58 73 71 15 48 13 66 35 65 45 19,tails,regular,3
2026-08-01T15:05:00Z,36,66 28 77 48 47 7 19 80 49 74 51 14 8 45 43 29 41 9 79 12,tails,minor,3
2026-08-01T15:07:40Z,37,1 3 10 40 33 63 57 34 67 38 22 11 25 6 4 59 80 8 52 9,heads,minor,4
2026-08-01T15:10:20Z,38,8 7 5 39 53 57 49 19 54 77 64 45 72 35 29 46 3 65 41 20,tails,major,1
2026-08-01T15:13:00Z,39,1 43 2 29 74 30 37 51 71 11 49 61 8 56 48 38 78 9 69 44,tails,major,3
2026-08-01T15:15:40Z,40,8 72 71 38 56 47 21 35 77 66 7 19 55 59 1 4 48 46 10 68,tails,minor,1
2026-08-01T15:18:20Z,41,44 60 1 78 23 33 9 66 55 7 2 72 65 31 12 5 38 69 25 46,heads,regular,1
2026-08-01T15:21:00Z,42,19 58 20 8 10 72 9 30 60 56 16 12 39 5 1 77 40 15 4 67,heads,regular,1
2026-08-01T15:23:40Z,43,24 53 71 66 48 37 11 18 73 26 16 69 62 43 23 9 49 38 67 6,evens,major,3
2026-08-01T15:26:20Z,44,76 54 34 27 42 51 66 21 16 40 8 6 70 52 80 73 56 32 49 14,tails,regular,3
2026-08-01T15:29:00Z,45,75 5 10 54 17 70 21 59 57 15 42 28 19 72 16 6 80 20 67 4,heads,regular,1
2026-08-01T15:31:40Z,46,51 2 7 33 66 62 79 38 10 73 47 26 42 30 6 54 27 74 35 59,evens,regular,3
2026-08-01T15:34:20Z,47,1 43 76 32 30 33 19 28 41 17 4 27 2 12 68 67 6 8 13 74,heads,minor,2
2026-08-01T15:37:00Z,48,30 32 15 42 7 60 24 11 48 27 2 49 44 77 66 29 31 12 33 79,heads,minor,1
2026-08-01T15:39:40Z,49,57 76 50 2 62 53 34 65 20 47 29 19 49 44 37 35 28 12 13 33,heads,regular,1
2026-08-01T15:42:20Z,50,76 18 64 56 69 21 38 50 66 53 5 8 3 49 27 70 11 54 79 4,tails,regular,3
2026-08-01T15:45:00Z,51,51 57 63 54 68 64 35 9 76 1 33 77 15 32 13 31 11 61 8 4,heads,minor,3
2026-08-01T15:47:40Z,52,48 3 18 12 44 46 43 9 68 38 73 36 66 40 14 32 8 62 26 74,heads,minor,2
2026-08-01T15:50:20Z,53,41 67 30 70 25 6 58 28 23 47 3 27 62 61 50 80 26 18 51 72,tails,regular,2
2026-08-01T15:53:00Z,54,69 72 52 1 10 4 14 65 71 22 53 76 47 34 57 78 64 79 74 24,tails,regular,3
2026-08-01T15:55:40Z,55,55 2 43 46 11 40 27 39 44 18 9 71 6 80 25 23 74 29 77 48,heads,major,1
2026-08-01T15:58:20Z,56,61 24 51 67 17 79 13 56 3 65 33 1 36 30 27 52 72 23 21 39,heads,regular,3
2026-08-01T16:01:00Z,57,43 36 13 52 71 55 9 4 63 23 6 28 25 39 42 32 77 11 7 20,heads,regular,1
2026-08-01T16:03:40Z,58,66 2 15 5 37 23 76 49 22 4 62 41 19 48 26 6 69 68 54 78,evens,regular,3
2026-08-01T16:06:20Z,59,27 64 50 66 39 5 20 21 72 47 29 80 56 79 75 14 34 38 30 26,heads,major,3
2026-08-01T16:09:00Z,60,7 15 61 2 46 62 31 26 33 39 6 73 80 41 29 42 77 59 43 22,evens,regular,3
2026-08-01T16:11:40Z,61,20 37 60 64 9 26 1 69 65 47 45 54 16 43 80 72 33 46 8 15,tails,regular,2
2026-08-01T16:14:20Z,62,49 4 61 23 62 73 74 25 20 42 70 72 3 17 80 65 13 14 12 79,tails,regular,1
2026-08-01T16:17:00Z,63,79 23 77 1 34 5 15 16 65 14 46 7 30 27 60 41 57 12 54 45,heads,regular,1
2026-08-01T16:19:40Z,64,3 54 7 29 47 15 58 66 17 41 9 56 42 78 61 44 19 8 26 4,evens,regular,10
2026-08-01T16:22:20Z,65,39 74 48 10 69 44 54 58 8 53 35 47 75 71 20 27 31 63 49 72,tails,regular,1
2026-08-01T16:25:00Z,66,32 79 76 48 40 61 12 55 9 53 7 67 64 69 44 19 56 65 41 37,tails,minor,1
2026-08-01T16:27:40Z,67,50 72 51 31 1 24 36 13 57 39 33 69 80 46 11 59 6 65 3 8,heads,regular,5
2026-08-01T16:30:20Z,68,58 33 11 47 59 62 63 75 78 50 3 1 36 80 13 65 34 74 18 72,tails,major,5
2026-08-01T16:33:00Z,69,39 63 20 75 48 55 42 60 13 72 68 17 21 73 5 18 36 4 10 9,heads,minor,3
2026-08-01T16:35:40Z,70,68 55 15 5 16 31 36 30 80 33 54 62 22 14 42 56 7 51 23 64,heads,major,2
2026-08-01T16:38:20Z,71,67 69 79 70 2 49 32 41 3 8 23 80 44 35 19 18 61 43 45 63,tails,major,4
2026-08-01T16:41:00Z,72,14 24 35 44 74 67 6 56 75 65 71 73 28 18 38 69 43 16 46 61,tails,regular,1
2026-08-01T16:43:40Z,73,22 29 64 35 5 13 59 74 23 33 20 53 18 31 79 19 80 37 54 44,heads,regular,1
2026-08-01T16:46:20Z,74,80 75 51 18 16 31 4 70 5 37 55 2 54 40 14 48 7 66 26 79,heads,regular,1
2026-08-01T16:49:00Z,75,18 56 36 65 74 70 32 16 30 34 31 63 9 60 52 28 27 12 43 10,heads,minor,2
2026-08-01T16:51:40Z,76,31 19 50 25 77 47 11 67 56 59 37 35 5 60 26 72 16 12 44 62,evens,minor,2
2026-08-01T16:54:20Z,77,20 5 53 52 14 77 44 8 32 76 31 70 50 3 7 74 21 54 9 75,evens,regular,2
2026-08-01T16:57:00Z,78,34 58 24 59 46 63 8 3 47 32 12 20 45 67 11 78 30 35 9 69,heads,regular,3
2026-08-01T16:59:40Z,79,36 48 21 67 15 42 51 29 2 27 9 76 11 69 63 32 62 59 28 8,heads,regular,1
2026-08-01T17:02:20Z,80,77 27 70 58 17 16 24 52 61 31 42 65 69 33 55 64 78 68 73 14,tails,minor,1
2026-08-01T17:05:00Z,81,45 13 26 3 27 7 20 44 1 77 41 53 37 24 9 49 19 57 18 66,heads,regular,1
2026-08-01T17:07:40Z,82,11 80 42 30 65 59 66 10 35 43 14 33 31 19 55 28 37 1 53 26,heads,regular,2
2026-08-01T17:10:20Z,83,64 2 30 26 23 25 52 51 28 20 36 24 45 42 22 62 16 46 58 53,heads,major,1
2026-08-01T17:13:00Z,84,40 41 51 4 46 30 32 2 65 22 70 54 13 79 8 42 71 74 24 80,tails,major,4
2026-08-01T17:15:40Z,85,5 60 66 72 45 80 10 35 70 75 77 61 67 41 63 8 29 50 65 49,tails,regular,3
2026-08-01T17:18:20Z,86,56 33 80 35 54 4 15 22 78 65 39 66 30 72 47 34 16 37 44 52,evens,regular,1
2026-08-01T17:21:00Z,87,2 41 67 40 65 49 45 57 69 44 21 43 36 37 51 34 31 64 72 54,tails,regular,1
2026-08-01T17:23:40Z,88,44 53 30 23 3 46 32 29 69 76 39 72 37 40 10 27 43 41 21 24,heads,regular,1
2026-08-01T17:26:20Z,89,21 3 23 34 69 47 19 31 36 12 64 60 61 9 46 65 4 40 77 44,heads,regular,1
2026-08-01T17:29:00Z,90,45 22 5 78 79 21 42 61 31 41 11 52 64 2 38 65 66 39 80 24,tails,regular,1
2026-08-01T17:31:40Z,91,70 43 5 41 11 74 31 37 48 3 44 22 7 57 68 18 1 75 77 65,tails,regular,1
2026-08-01T17:34:20Z,92,6 19 21 37 66 59 43 56 27 64 20 36 44 75 9 23 65 34 50 49,evens,regular,2
2026-08-01T17:37:00Z,93,33 48 71 65 22 63 52 20 21 35 7 10 51 19 73 67 34 53 17 13,heads,regular,3
2026-08-01T17:39:40Z,94,77 2 6 33 53 37 28 22 42 68 29 78 12 1 41 44 75 64 63 17,evens,regular,1
2026-08-01T17:42:20Z,95,52 65 14 40 61 38 74 54 21 11 55 7 23 63 53 79 22 44 26 45,tails,minor,1
2026-08-01T17:45:00Z,96,52 38 68 21 50 41 13 2 4 7 39 80 33 44 73 40 77 47 25 26,heads,regular,2
2026-08-01T17:47:40Z,97,10 57 6 61 68 76 13 52 75 1 29 30 78 53 39 63 18 2 38 8,heads,regular,2
2026-08-01T17:50:20Z,98,60 21 66 18 76 74 53 17 75 8 31 30 65 77 20 64 44 9 13 3,evens,regular,3
2026-08-01T17:53:00Z,99,13 2 59 31 61 74 28 8 56 16 64 6 12 78 21 15 77 58 45 53,evens,regular,2
2026-08-01T17:55:40Z,100,79 49 9 40 22 1 44 3 36 33 64 15 37 72 66 77 51 13 8 53,heads,minor,4
2026-08-01T17:58:20Z,101,26 11 60 30 7 66 8 20 76 55 46 28 57 14 63 18 43 61 75 53,tails,regular,2
2026-08-01T18:01:00Z,102,53 28 66 42 79 9 27 78 48 30 3 64 60 71 61 37 6 39 70 2,tails,regular,1
2026-08-01T18:03:40Z,103,3 22 14 40 9 29 35 17 20 66 43 30 28 21 80 31 18 2 26 41,heads,major,1
2026-08-01T18:06:20Z,104,3 60 42 54 48 58 67 75 6 70 21 23 1 74 4 59 38 50 40 36,tails,minor,3
2026-08-01T18:09:00Z,105,43 76 4 13 50 2 57 33 45 31 16 68 39 40 1 78 63 37 46 59,evens,regular,2
2026-08-01T18:11:40Z,106,33 18 65 58 39 2 7 14 1 20 70 74 66 44 8 47 69 3 41 61,evens,regular,3
2026-08-01T18:14:20Z,107,70 29 52 44 35 13 78 61 12 56 79 22 63 51 9 6 3 28 10 23,heads,regular,3
2026-08-01T18:17:00Z,108,56 29 14 69 50 34 16 26 48 35 47 80 79 70 2 49 78 74 24 30,tails,minor,1
2026-08-01T18:19:40Z,109,13 34 69 22 7 5 16 24 11 30 68 48 6 56 29 19 8 50 10 38,heads,regular,2
2026-08-01T18:22:20Z,110,28 20 66 64 40 69 52 70 37 26 38 2 17 65 55 39 24 18 15 62,heads,regular,1
2026-08-01T18:25:00Z,111,74 68 9 10 21 46 47 15 34 39 62 67 41 17 61 57 51 5 29 73,tails,minor,3
2026-08-01T18:27:40Z,112,18 52 58 7 67 50 79 53 11 76 13 21 33 61 66 54 74 8 55 23,tails,regular,1
2026-08-01T18:30:20Z,113,49 35 77 12 8 60 11 29 44 22 78 13 28 80 48 63 4 45 67 40,evens,regular,1
2026-08-01T18:33:00Z,114,25 1 13 79 39 36 65 53 42 80 78 71 61 55 26 10 76 3 18 44,tails,regular,2
2026-08-01T18:35:40Z,115,78 23 22 52 29 12 14 41 3 57 46 16 38 55 1 58 32 75 48 49,evens,regular,2
2026-08-01T18:38:20Z,116,3 43 71 31 24 25 56 52 10 23 48 54 15 35 7 32 40 16 51 13,heads,regular,1
2026-08-01T18:41:00Z,117,23 51 19 78 80 46 24 69 7 17 18 31 43 4 70 73 22 53 28 58,evens,minor,2
2026-08-01T18:43:40Z,118,40 75 39 71 78 1 65 52 13 62 25 57 17 50 42 53 4 68 8 36,tails,minor,3
2026-08-01T18:46:20Z,119,56 65 14 4 54 25 76 30 28 57 46 63 72 21 15 47 74 64 23 17,tails,major,4
2026-08-01T18:49:00Z,120,13 57 14 72 63 80 71 21 52 59 76 41 69 26 64 34 48 28 5 36,tails,regular,1
2026-08-01T18:51:40Z,121,61 57 74 68 21 58 18 3 22 80 59 78 13 31 73 9 39 35 60 23,evens,regular,2
2026-08-01T18:54:20Z,122,44 25 75 2 32 80 69 66 51 29 65 35 37 19 16 73 59 64 79 3,tails,regular,1
2026-08-01T18:57:00Z,123,31 57 7 70 44 36 43 68 50 54 6 45 10 55 51 13 19 17 72 73,tails,regular,3
2026-08-01T18:59:40Z,124,36 80 76 29 53 20 33 63 27 61 46 9 41 37 32 64 66 28 73 6,evens,regular,2
2026-08-01T19:02:20Z,125,3 48 41 24 28 6 47 54 25 58 44 80 17 42 55 20 9 27 22 30,heads,major,2
2026-08-01T19:05:00Z,126,75 42 63 38 76 79 31 51 18 28 14 58 1 7 36 4 37 73 77 39,heads,minor,1
2026-08-01T19:07:40Z,127,3 35 27 21 74 14 16 49 60 28 33 13 23 66 18 69 78 73 64 51,heads,regular,1
2026-08-01T19:10:20Z,128,7 75 44 6 15 17 57 16 5 28 1 31 45 8 36 65 67 64 58 80,heads,major,1
2026-08-01T19:13:00Z,129,55 47 70 29 45 59 44 6 21 3 66 17 42 5 80 49 64 40 22 1,tails,regular,1
2026-08-01T19:15:40Z,130,35 74 62 61 50 43 33 48 80 39 78 30 57 52 24 20 65 64 23 5,tails,regular,1
2026-08-01T19:18:20Z,131,37 13 68 32 59 30 20 6 56 73 12 10 43 31 66 49 26 60 58 41,evens,minor,4
2026-08-01T19:21:00Z,132,6 40 7 9 41 78 43 48 73 64 55 35 24 12 47 22 69 79 65 72,tails,minor,2
2026-08-01T19:23:40Z,133,77 41 22 47 69 7 44 56 37 2 73 33 59 9 15 38 66 28 4 31,heads,regular,4
2026-08-01T19:26:20Z,134,11 55 38 77 51 28 29 69 53 74 70 12 73 36 47 6 45 31 26 30,evens,regular,1
2026-08-01T19:29:00Z,135,4 49 71 19 43 39 25 34 74 54 5 51 64 73 9 65 78 45 30 28,tails,regular,2
2026-08-01T19:31:40Z,136,56 33 10 18 13 32 48 19 7 8 60 73 70 62 20 11 38 42 44 14,heads,regular,1
2026-08-01T19:34:20Z,137,15 7 44 56 65 21 47 36 52 46 42 4 32 10 51 11 14 69 48 24,evens,regular,1
2026-08-01T19:37:00Z,138,61 8 63 55 7 2 12 37 67 43 42 41 80 53 25 24 58 14 16 27,evens,regular,2
2026-08-01T19:39:40Z,139,24 66 6 29 8 33 27 3 15 62 73 5 16 58 51 7 78 61 75 76,heads,regular,1
2026-08-01T19:42:20Z,140,16 26 21 11 18 36 4 47 38 27 6 59 64 32 19 41 7 15 52 31,heads,regular,1
2026-08-01T19:45:00Z,141,58 4 40 75 60 68 22 65 59 42 36 43 71 72 16 1 29 33 6 74,tails,minor,1
2026-08-01T19:47:40Z,142,17 57 32 48 61 14 39 40 65 73 58 64 37 76 13 18 11 69 79 3,evens,minor,1
2026-08-01T19:50:20Z,143,66 37 13 6 74 28 62 19 46 75 73 14 42 51 43 77 20 18 9 49,tails,regular,2
2026-08-01T19:53:00Z,144,35 11 75 50 3 43 59 28 49 24 6 14 19 67 44 80 32 54 15 76,evens,minor,2
2026-08-01T19:55:40Z,145,22 70 24 29 36 7 76 2 42 78 46 45 26 17 16 20 73 63 33 48,heads,regular,1
2026-08-01T19:58:20Z,146,69 49 1 16 68 4 60 62 22 26 70 57 36 43 52 76 64 61 40 31,tails,minor,1
2026-08-01T20:01:00Z,147,44 5 9 2 54 38 80 51 53 77 37 26 68 60 23 4 70 11 45 39,evens,regular,3
2026-08-01T20:03:40Z,148,53 38 50 52 36 43 2 61 20 60 41 14 26 79 28 70 25 3 27 71,evens,regular,3
2026-08-01T20:06:20Z,149,39 1 30 35 4 41 72 36 60 5 23 46 29 14 21 51 71 6 31 34,heads,regular,1
2026-08-01T20:09:00Z,150,31 25 30 12 75 46 50 28 18 27 20 41 8 44 22 59 57 66 39 62,heads,minor,2
2026-08-01T20:11:40Z,151,40 30 25 17 63 14 68 78 16 61 29 50 79 27 11 47 75 38 32 64,heads,regular,2
2026-08-01T20:14:20Z,152,43 40 1 41 5 65 45 67 79 75 66 71 22 30 77 34 53 78 74 3,tails,regular,1
2026-08-01T20:17:00Z,153,78 62 57 55 50 53 47 51 18 4 54 70 77 12 16 34 42 39 36 52,tails,minor,1
2026-08-01T20:19:40Z,154,12 15 52 56 77 62 80 67 9 39 5 22 37 32 51 21 35 68 1 44,heads,major,1
2026-08-01T20:22:20Z,155,49 66 69 56 32 1 42 28 25 50 16 22 18 63 67 17 43 77 76 41,tails,regular,1
2026-08-01T20:25:00Z,156,61 31 44 34 14 7 1 27 41 77 80 20 64 50 60 68 39 35 54 65,tails,major,3
2026-08-01T20:27:40Z,157,58 52 47 74 27 80 30 63 68 17 13 67 37 11 36 14 15 50 75 43,tails,minor,1
2026-08-01T20:30:20Z,158,65 80 44 60 53 25 31 22 10 55 74 64 42 15 29 41 56 77 6 75,tails,regular,3
2026-08-01T20:33:00Z,159,60 47 30 14 33 52 46 78 44 41 59 55 1 3 20 64 36 66 28 61,tails,regular,4
2026-08-01T20:35:40Z,160,26 31 63 71 55 11 79 37 5 7 61 4 72 62 14 23 66 57 74 51,tails,major,1
2026-08-01T20:38:20Z,161,40 4 45 63 43 74 50 8 23 31 47 76 54 52 7 70 5 32 79 51,tails,regular,1
2026-08-01T20:41:00Z,162,72 44 74 25 41 73 45 63 65 6 68 78 7 11 55 35 24 42 16 15,tails,regular,3
2026-08-01T20:43:40Z,163,52 4 21 67 79 7 69 18 76 29 16 48 36 50 46 51 14 64 37 60,tails,minor,2
2026-08-01T20:46:20Z,164,34 37 24 65 67 31 41 76 77 46 60 80 64 28 39 44 18 30 12 74,tails,regular,1
2026-08-01T20:49:00Z,165,74 66 77 76 13 33 7 11 20 27 56 58 36 49 19 4 8 43 68 10,heads,regular,1
2026-08-01T20:51:40Z,166,58 80 67 6 16 5 63 26 68 51 66 57 32 4 45 38 35 55 50 27,tails,regular,2
2026-08-01T20:54:20Z,167,52 25 48 12 5 22 49 37 76 9 69 59 79 28 20 14 7 36 23 40,heads,regular,1
2026-08-01T20:57:00Z,168,1 55 18 53 21 56 36 45 72 75 16 30 3 10 29 46 51 59 73 24,evens,regular,1
2026-08-01T20:59:40Z,169,50 1 80 63 18 8 59 47 69 4 43 23 54 37 28 78 17 42 24 40,evens,major,1
2026-08-01T21:02:20Z,170,77 74 23 56 12 34 51 39 32 57 63 8 25 47 2 37 69 4 80 26,heads,regular,3
2026-08-01T21:05:00Z,171,14 35 51 62 21 77 71 47 7 57 22 53 43 67 72 10 41 66 56 33,tails,regular,1
2026-08-01T21:07:40Z,172,77 33 9 46 22 64 65 10 24 11 8 34 38 61 17 58 72 48 54 1,heads,regular,2
2026-08-01T21:10:20Z,173,58 63 56 62 6 43 30 70 48 4 42 69 52 28 31 76 77 15 64 55,tails,minor,1
2026-08-01T21:13:00Z,174,12 22 5 69 27 46 34 43 16 67 17 31 78 33 58 35 68 70 25 54,heads,regular,2
2026-08-01T21:15:40Z,175,30 80 23 15 1 22 64 78 56 65 32 34 67 12 75 19 7 25 27 14,heads,major,1
2026-08-01T21:18:20Z,176,63 21 61 3 59 53 27 13 36 34 14 23 72 44 69 75 32 42 7 55,evens,regular,2
2026-08-01T21:21:00Z,177,23 44 10 32 55 65 6 62 68 50 39 19 24 60 73 56 51 40 26 77,tails,regular,2
2026-08-01T21:23:40Z,178,23 73 62 47 40 68 27 8 67 11 49 37 57 5 24 31 3 32 9 20,heads,regular,1
2026-08-01T21:26:20Z,179,74 53 2 78 26 32 69 71 62 52 65 15 68 56 29 11 61 42 8 43,tails,regular,2
2026-08-01T21:29:00Z,180,54 72 48 25 5 74 59 60 35 73 77 24 8 4 44 3 10 52 63 43,tails,regular,3
2026-08-01T21:31:40Z,181,20 47 62 15 38 61 78 69 9 63 5 70 41 50 10 64 22 11 52 8,tails,regular,2
2026-08-01T21:34:20Z,182,25 63 55 39 57 56 23 70 34 10 18 14 29 28 20 48 67 12 37 36,heads,regular,1
2026-08-01T21:37:00Z,183,26 40 55 8 57 46 74 78 13 27 60 63 37 1 70 67 54 5 22 48,tails,major,4
2026-08-01T21:39:40Z,184,73 38 31 11 6 5 54 74 60 52 37 65 33 32 26 80 12 34 57 25,heads,minor,10
2026-08-01T21:42:20Z,185,30 28 69 53 49 18 29 59 48 24 46 60 6 47 41 7 3 20 36 73,evens,major,1
2026-08-01T21:45:00Z,186,36 39 65 74 63 55 33 78 6 9 12 17 32 75 22 68 66 25 49 26,heads,minor,3
2026-08-01T21:47:40Z,187,58 6 73 65 44 35 17 20 55 21 67 1 9 41 79 37 30 63 36 5,heads,regular,1
2026-08-01T21:50:20Z,188,21 17 5 51 55 47 78 31 68 59 10 26 19 34 50 53 40 22 36 7,heads,regular,3
2026-08-01T21:53:00Z,189,1 76 71 34 77 14 43 67 19 31 70 10 25 40 30 48 16 17 20 63,heads,minor,4
2026-08-01T21:55:40Z,190,20 56 21 35 57 33 42 52 38 79 22 68 15 46 13 50 59 66 27 70,tails,major,1
2026-08-01T21:58:20Z,191,25 73 27 11 10 9 57 37 28 20 30 64 52 33 41 68 21 29 2 53,heads,regular,2
2026-08-01T22:01:00Z,192,65 79 78 26 28 31 74 2 1 53 47 76 44 73 70 23 29 8 12 13,evens,minor,1
2026-08-01T22:03:40Z,193,70 11 13 14 23 24 3 52 59 12 56 22 54 51 66 76 46 78 77 6,tails,regular,1
2026-08-01T22:06:20Z,194,33 61 10 67 26 76 64 41 20 30 60 21 37 58 32 8 44 46 53 77,tails,regular,2
2026-08-01T22:09:00Z,195,61 36 11 31 71 8 76 27 57 18 43 12 56 68 77 17 40 79 7 15,heads,regular,2
2026-08-01T22:11:40Z,196,36 40 5 55 37 8 56 49 61 24 12 65 20 50 75 80 14 3 66 4,heads,minor,2
2026-08-01T22:14:20Z,197,52 9 28 78 70 32 25 20 11 14 41 31 13 56 33 71 75 51 44 27,heads,minor,2
2026-08-01T22:17:00Z,198,28 6 68 74 1 56 50 32 37 69 21 53 51 77 39 16 55 66 70 24,tails,major,1
2026-08-01T22:19:40Z,199,60 26 57 7 34 66 1 53 75 35 67 12 30 9 2 49 19 46 33 68,heads,regular,2
2026-08-01T22:22:20Z,200,15 8 2 65 16 50 38 34 21 79 53 42 46 64 66 72 22 5 73 17,evens,major,1
2026-08-01T22:25:00Z,201,25 12 6 52 55 24 50 34 77 23 66 4 13 57 79 61 9 43 65 45,tails,regular,1
2026-08-01T22:27:40Z,202,61 16 67 55 54 27 25 12 14 43 80 48 76 52 10 35 37 24 73 28,evens,regular,1
2026-08-01T22:30:20Z,203,80 35 7 23 59 43 47 66 70 1 39 6 62 77 21 51 28 36 46 11,evens,minor,1
2026-08-01T22:33:00Z,204,76 25 30 7 40 68 24 50 21 13 54 67 41 11 51 45 28 49 26 9,heads,regular,2
2026-08-01T22:35:40Z,205,50 54 78 34 12 48 26 43 10 6 79 69 22 27 31 24 14 33 73 64,heads,regular,1
2026-08-01T22:38:20Z,206,70 58 39 42 29 62 36 64 68 26 24 71 37 11 73 66 79 28 34 9,evens,regular,1
2026-08-01T22:41:00Z,207,16 49 13 8 79 37 60 9 71 64 33 7 75 20 22 48 58 4 72 57,evens,minor,1
2026-08-01T22:43:40Z,208,10 63 34 74 50 7 36 15 56 26 44 4 72 19 28 43 76 9 2 78,heads,major,1
2026-08-01T22:46:20Z,209,64 40 59 10 61 49 72 38 12 71 69 56 67 29 65 54 28 15 9 18,tails,minor,3
2026-08-01T22:49:00Z,210,13 26 30 14 52 38 31 10 1 44 19 59 65 16 50 72 76 33 15 40,heads,major,3
2026-08-01T22:51:40Z,211,2 13 73 37 51 17 8 42 47 65 39 63 41 5 36 9 27 32 4 20,heads,regular,3
2026-08-01T22:54:20Z,212,57 55 79 43 74 42 32 4 59 24 3 33 16 6 45 38 64 10 60 50,tails,regular,3
2026-08-01T22:57:00Z,213,52 1 62 45 74 13 17 67 16 54 55 64 58 63 3 27 57 8 61 47,tails,minor,2
2026-08-01T22:59:40Z,214,32 71 45 51 7 4 79 41 65 57 63 55 24 23 8 52 54 77 28 2,tails,regular,4
2026-08-01T23:02:20Z,215,32 63 36 37 27 41 45 64 77 62 35 78 31 54 51 4 59 7 24 65,tails,minor,1
2026-08-01T23:05:00Z,216,1 74 23 52 5 75 19 49 8 3 18 58 40 11 72 66 64 21 14 16,heads,regular,3
2026-08-01T23:07:40Z,217,39 26 61 11 47 72 69 33 14 24 70 31 38 59 53 20 71 44 49 79,tails,minor,1
2026-08-01T23:10:20Z,218,13 57 71 25 79 19 41 43 76 48 69 67 73 58 77 36 18 51 66 80,tails,regular,3
2026-08-01T23:13:00Z,219,7 6 31 16 47 69 40 54 61 48 68 4 20 27 80 74 70 66 3 43,tails,regular,1
2026-08-01T23:15:40Z,220,47 15 19 69 13 55 39 40 33 44 35 75 30 77 32 11 80 58 51 21,heads,minor,2
2026-08-01T23:18:20Z,221,64 8 16 53 17 32 15 63 25 13 79 59 76 46 44 50 58 28 30 78,tails,regular,1
2026-08-01T23:21:00Z,222,13 69 76 40 72 36 4 64 55 25 14 1 66 21 28 26 48 49 29 79,heads,regular,1
2026-08-01T23:23:40Z,223,12 24 42 15 49 66 1 18 44 55 77 40 71 58 78 52 3 61 32 9,tails,regular,1
2026-08-01T23:26:20Z,224,47 4 11 35 14 22 53 17 64 34 1 23 62 19 7 40 37 36 73 60,heads,major,1
2026-08-01T23:29:00Z,225,45 64 15 24 43 66 77 61 11 38 6 13 33 48 25 56 22 71 50 62,tails,major,4
2026-08-01T23:31:40Z,226,49 52 55 40 12 79 26 38 61 5 64 57 47 22 80 37 73 46 62 72,tails,major,1
2026-08-01T23:34:20Z,227,30 27 74 54 57 25 70 52 73 67 44 35 59 50 7 12 75 37 41 47,tails,regular,10
2026-08-01T23:37:00Z,228,70 19 31 27 57 78 29 63 34 41 13 52 40 22 69 38 80 74 58 77,tails,regular,3
2026-08-01T23:39:40Z,229,17 74 3 42 27 69 62 57 46 18 76 6 9 33 48 64 23 37 63 68,tails,regular,10
2026-08-01T23:42:20Z,230,25 61 6 47 33 38 13 11 74 79 39 76 1 80 68 71 57 65 62 45,tails,regular,1
2026-08-01T23:45:00Z,231,63 58 40 5 64 77 79 50 7 2 47 13 29 76 78 60 69 24 8 36,tails,regular,2
2026-08-01T23:47:40Z,232,42 17 27 65 32 53 76 49 51 59 60 6 22 67 35 5 44 20 63 66,tails,regular,3
2026-08-01T23:50:20Z,233,21 35 20 36 7 66 67 59 77 79 57 47 14 46 38 45 72 6 48 74,tails,major,1
2026-08-01T23:53:00Z,234,30 58 73 42 55 41 68 22 66 18 28 27 36 51 63 25 65 64 54 38,tails,regular,3
2026-08-01T23:55:40Z,235,60 38 42 14 51 37 56 43 64 75 29 79 8 59 33 25 11 28 45 23,evens,regular,1
2026-08-01T23:58:20Z,236,8 22 52 51 69 5 46 15 35 56 47 23 43 20 58 60 11 33 2 76,evens,regular,1
2026-08-02T00:01:00Z,237,25 32 46 62 75 44 41 70 55 10 18 36 7 6 60 11 38 40 76 3,heads,regular,1
2026-08-02T00:03:40Z,238,64 41 66 38 73 43 18 67 69 56 21 45 42 55 15 10 20 60 28 2,tails,regular,3
2026-08-02T00:06:20Z,239,29 68 39 71 69 19 34 59 14 16 42 72 47 64 54 26 43 12 66 33,tails,minor,1
2026-08-02T00:09:00Z,240,62 23 40 26 7 71 21 22 35 37 77 68 46 18 78 13 31 5 66 43,heads,regular,1
2026-08-02T00:11:40Z,241,33 67 76 35 69 43 51 3 39 25 17 66 58 16 41 9 52 80 32 40,evens,regular,1
2026-08-02T00:14:20Z,242,29 7 70 63 43 37 57 53 50 38 56 66 32 28 17 48 26 44 62 77,tails,regular,1
2026-08-02T00:17:00Z,243,34 18 25 79 37 54 61 63 22 27 15 43 17 13 69 56 31 3 12 39,heads,minor,1
2026-08-02T00:19:40Z,244,9 72 30 54 1 74 46 31 28 70 50 13 57 2 41 61 37 43 15 69,tails,regular,2
2026-08-02T00:22:20Z,245,1 4 73 15 50 38 72 23 76 5 19 30 22 13 17 67 69 46 80 31,heads,minor,1
2026-08-02T00:25:00Z,246,44 21 38 23 20 24 17 37 59 10 30 31 74 65 51 8 4 13 45 33,heads,regular,10
2026-08-02T00:27:40Z,247,52 39 49 9 36 20 61 29 80 21 5 45 3 10 6 22 46 12 15 68,heads,regular,1
2026-08-02T00:30:20Z,248,74 8 66 37 45 14 4 65 51 24 25 58 75 54 68 41 57 5 49 1,tails,regular,3
2026-08-02T00:33:00Z,249,35 6 46 24 25 34 20 9 14 60 76 22 16 79 73 36 80 44 13 1,heads,regular,1
2026-08-02T00:35:40Z,250,10 62 76 23 58 75 28 54 45 25 12 67 48 74 70 27 53 42 17 46,tails,regular,1
2026-08-02T00:38:20Z,251,41 26 6 69 40 22 36 16 39 52 60 17 32 61 34 74 10 51 12 29,heads,minor,5
2026-08-02T00:41:00Z,252,27 68 66 37 9 25 69 80 50 58 22 57 31 11 23 36 20 48 1 53,heads,regular,2
2026-08-02T00:43:40Z,253,19 35 62 29 22 2 71 63 24 52 73 21 23 1 15 78 69 65 20 17,heads,regular,3
2026-08-02T00:46:20Z,254,31 30 38 48 35 52 20 59 53 25 62 50 77 40 56 69 42 26 3 32,evens,major,4
2026-08-02T00:49:00Z,255,3 9 22 64 1 19 77 40 42 18 66 25 80 11 33 63 58 13 74 24,heads,minor,2
2026-08-02T00:51:40Z,256,53 18 3 76 30 74 38 65 49 7 51 45 48 77 57 28 20 36 55 41,tails,minor,2
2026-08-02T00:54:20Z,257,80 77 38 69 5 27 54 24 57 30 31 10 52 42 43 73 9 26 63 7,evens,regular,2
2026-08-02T00:57:00Z,258,69 6 35 64 56 76 24 51 40 9 80 60 3 25 62 61 23 21 16 44,evens,regular,2
2026-08-02T00:59:40Z,259,3 17 10 55 38 78 1 16 14 12 50 45 13 24 67 28 72 34 25 6,heads,regular,2
2026-08-02T01:02:20Z,260,61 63 67 11 49 66 7 32 45 8 43 72 35 79 16 9 50 21 56 74,tails,regular,2
2026-08-02T01:05:00Z,261,35 17 36 61 29 33 3 23 21 20 41 19 45 60 42 72 73 9 30 77,heads,major,1
2026-08-02T01:07:40Z,262,61 39 40 15 3 21 19 77 51 65 31 63 8 9 12 57 49 30 29 23,heads,regular,2
2026-08-02T01:10:20Z,263,51 21 40 46 31 50 66 74 76 42 57 80 55 32 15 41 71 1 2 24,tails,regular,2
2026-08-02T01:13:00Z,264,42 64 45 26 60 7 17 52 62 40 11 13 61 41 80 71 25 20 46 58,tails,regular,3
2026-08-02T01:15:40Z,265,72 65 48 40 47 39 66 60 64 56 63 69 33 38 2 70 12 49 59 4,tails,major,1
2026-08-02T01:18:20Z,266,62 23 5 22 55 21 68 63 10 4 60 2 50 19 67 65 41 14 35 58,evens,regular,3
2026-08-02T01:21:00Z,267,22 8 31 33 57 51 56 14 32 79 27 17 58 63 25 9 20 49 23 18,heads,regular,1
2026-08-02T01:23:40Z,268,24 73 78 49 76 3 60 39 53 34 6 12 1 17 71 31 43 30 69 47,evens,regular,3
2026-08-02T01:26:20Z,269,55 10 22 4 33 73 50 35 13 19 27 23 7 12 21 41 74 32 53 79,heads,major,2
2026-08-02T01:29:00Z,270,46 43 20 11 45 7 25 78 16 1 13 76 75 29 33 70 15 74 36 39,heads,regular,2
2026-08-02T01:31:40Z,271,13 32 76 58 65 42 60 55 11 75 63 19 61 9 77 79 62 78 16 17,tails,regular,2
2026-08-02T01:34:20Z,272,63 4 49 36 65 64 32 11 60 75 25 61 73 23 67 19 38 30 78 52,tails,regular,1
2026-08-02T01:37:00Z,273,65 22 32 41 76 3 55 44 19 9 23 6 30 63 16 8 72 62 49 38,heads,regular,1
2026-08-02T01:39:40Z,274,53 73 76 27 4 48 17 23 2 67 20 41 37 18 63 14 21 54 75 61,evens,regular,3
2026-08-02T01:42:20Z,275,44 32 41 20 60 66 67 23 5 64 63 39 3 29 10 1 38 62 43 25,heads,regular,2
2026-08-02T01:45:00Z,276,21 71 76 28 38 70 77 51 35 44 75 2 54 20 40 69 46 7 49 8,tails,regular,3
2026-08-02T01:47:40Z,277,9 6 76 11 26 72 45 64 20 8 29 57 10 39 22 63 58 38 62 44,heads,regular,1
2026-08-02T01:50:20Z,278,78 44 51 35 36 61 54 62 22 67 45 60 15 59 28 80 27 29 38 75,tails,regular,3
2026-08-02T01:53:00Z,279,33 42 48 11 72 43 24 19 13 28 78 36 12 50 38 6 67 59 74 8,heads,regular,3
2026-08-02T01:55:40Z,280,72 75 73 54 49 23 27 34 29 26 31 65 11 21 3 6 78 1 24 71,heads,regular,1
2026-08-02T01:58:20Z,281,79 34 6 64 43 62 59 44 23 10 3 69 37 76 38 21 9 32 61 2,heads,minor,4
2026-08-02T02:01:00Z,282,6 45 50 48 35 40 60 17 54 76 9 29 74 57 64 43 53 3 4 5,tails,minor,4
2026-08-02T02:03:40Z,283,4 38 28 5 27 19 55 70 32 8 20 64 50 29 24 71 39 13 79 35,heads,regular,1
2026-08-02T02:06:20Z,284,1 76 58 22 75 64 48 35 5 3 26 31 65 47 9 2 32 67 17 21,heads,major,3
2026-08-02T02:09:00Z,285,14 54 23 41 67 32 38 42 51 77 40 27 37 79 18 17 43 52 15 70,evens,regular,1
2026-08-02T02:11:40Z,286,60 37 24 27 75 76 77 46 32 9 2 39 59 51 14 20 52 61 19 66,evens,regular,2
2026-08-02T02:14:20Z,287,14 30 51 7 2 47 44 3 48 49 69 41 54 26 22 65 8 56 37 58,tails,regular,2
2026-08-02T02:17:00Z,288,8 1 77 42 60 71 23 62 6 67 68 38 56 18 63 54 78 58 80 26,tails,major,1
2026-08-02T02:19:40Z,289,44 24 29 45 38 4 37 1 48 17 46 3 13 67 76 64 56 58 71 20,evens,regular,3
2026-08-02T02:22:20Z,290,57 7 48 3 58 40 64 60 29 63 43 45 79 49 6 66 56 9 8 52,tails,regular,10
2026-08-02T02:25:00Z,291,16 43 58 18 80 33 75 21 26 52 31 66 9 53 78 64 51 29 23 4,evens,major,4
2026-08-02T02:27:40Z,292,56 51 11 42 2 26 52 58 22 30 38 49 6 69 50 10 37 17 68 12,heads,minor,1
2026-08-02T02:30:20Z,293,72 24 55 79 52 51 57 67 43 5 54 13 45 22 31 73 53 3 21 74,tails,regular,3
2026-08-02T02:33:00Z,294,39 28 61 64 49 36 21 37 41 7 5 23 11 78 71 54 14 60 56 42,evens,regular,1
2026-08-02T02:35:40Z,295,12 77 46 44 61 20 67 11 78 15 76 2 69 57 35 73 48 43 36 56,tails,regular,1
2026-08-02T02:38:20Z,296,22 35 54 26 9 65 5 12 16 46 29 55 58 72 80 8 59 62 11 51,evens,regular,2
2026-08-02T02:41:00Z,297,63 12 15 49 72 16 78 70 4 40 43 3 35 48 41 19 11 69 21 59,evens,regular,1
2026-08-02T02:43:40Z,298,61 11 54 22 62 44 63 4 18 76 29 45 36 73 59 7 60 41 42 53,tails,regular,2
2026-08-02T02:46:20Z,299,38 52 67 10 22 35 50 19 80 34 8 39 28 61 69 41 36 59 79 37,heads,regular,2
2026-08-02T02:49:00Z,300,18 42 17 45 68 36 33 13 79 53 47 1 80 20 15 63 58 71 34 62,tails,regular,1
2026-08-02T02:51:40Z,301,16 61 52 2 69 30 54 8 10 29 22 55 13 67 31 80 47 72 37 15,heads,regular,3
2026-08-02T02:54:20Z,302,75 64 6 8 52 18 51 19 21 71 33 50 14 72 73 48 7 31 2 39,heads,regular,5
2026-08-02T02:57:00Z,303,40 1 28 25 14 7 72 32 42 3 59 23 74 2 63 34 5 20 12 45,heads,minor,2
2026-08-02T02:59:40Z,304,1 64 9 13 7 49 32 42 45 72 26 47 36 52 18 59 58 65 75 63,tails,regular,3
2026-08-02T03:02:20Z,305,4 35 70 76 47 17 53 7 56 37 55 9 49 6 33 27 32 59 54 51,evens,regular,2
2026-08-02T03:05:00Z,306,1 51 71 13 25 59 74 47 67 69 34 68 45 73 17 44 38 42 10 75,tails,regular,1
2026-08-02T03:07:40Z,307,28 3 2 47 80 30 29 36 70 66 40 78 14 67 64 9 57 31 45 79,evens,regular,2
2026-08-02T03:10:20Z,308,24 30 49 3 6 52 23 67 28 14 42 79 25 53 55 5 72 63 77 39,evens,major,2
2026-08-02T03:13:00Z,309,22 52 76 7 29 8 27 67 80 73 66 41 17 40 78 19 18 74 37 26,heads,regular,3
2026-08-02T03:15:40Z,310,61 10 43 33 47 38 14 6 80 65 19 30 24 42 23 37 68 74 59 44,evens,regular,2
2026-08-02T03:18:20Z,311,80 59 40 37 54 23 31 63 24 78 14 12 32 41 42 7 51 55 18 43,evens,regular,3
2026-08-02T03:21:00Z,312,58 51 42 64 11 36 40 47 77 54 2 80 72 68 6 50 70 61 29 62,tails,regular,1
2026-08-02T03:23:40Z,313,58 39 11 42 77 55 3 31 15 32 44 63 21 14 22 75 4 18 6 33,heads,regular,2
2026-08-02T03:26:20Z,314,78 5 32 14 27 61 1 48 21 41 29 34 79 39 20 50 63 13 30 25,heads,regular,1
2026-08-02T03:29:00Z,315,14 60 39 76 74 24 51 75 25 62 68 1 73 66 47 8 22 79 16 21,tails,regular,1
2026-08-02T03:31:40Z,316,26 72 67 35 45 12 14 79 42 64 56 78 25 27 80 76 77 32 63 19,tails,regular,3
2026-08-02T03:34:20Z,317,52 17 33 56 80 57 45 41 8 1 22 62 35 71 37 75 65 21 50 15,tails,regular,2
2026-08-02T03:37:00Z,318,9 69 78 45 49 31 22 68 51 33 1 67 79 50 38 44 40 36 6 47,tails,regular,3
2026-08-02T03:39:40Z,319,64 78 32 19 53 69 47 27 72 10 39 77 16 56 17 73 41 8 1 5,evens,regular,3
2026-08-02T03:42:20Z,320,65 47 28 39 2 19 13 71 63 70 44 27 1 64 32 54 26 4 12 68,heads,regular,2
2026-08-02T03:45:00Z,321,19 36 3 38 37 4 53 49 41 44 76 8 66 56 45 13 74 57 12 65,tails,regular,3
2026-08-02T03:47:40Z,322,77 20 58 68 7 17 79 47 78 52 39 55 18 71 14 54 41 15 74 73,tails,regular,2
2026-08-02T03:50:20Z,323,8 31 40 2 10 13 26 4 35 19 57 64 54 29 39 23 7 41 11 50,heads,regular,2
2026-08-02T03:53:00Z,324,9 75 74 20 65 69 50 49 76 26 45 16 17 18 73 34 51 25 36 28,evens,minor,3
2026-08-02T03:55:40Z,325,65 37 41 67 21 30 70 25 56 61 69 26 17 1 50 66 10 43 15 73,tails,regular,2
2026-08-02T03:58:20Z,326,17 23 67 58 1 51 70 53 41 7 21 26 37 62 43 30 78 27 47 77,tails,regular,2
2026-08-02T04:01:00Z,327,42 52 51 4 47 74 41 75 13 8 57 2 36 31 62 12 7 44 48 63,tails,minor,4
2026-08-02T04:03:40Z,328,67 12 76 20 11 3 6 61 54 69 58 74 36 53 45 19 39 27 77 66,tails,regular,1
2026-08-02T04:06:20Z,329,59 10 62 21 4 70 37 48 55 66 72 1 56 12 29 19 26 49 44 60,tails,regular,1
2026-08-02T04:09:00Z,330,4 72 65 50 61 29 7 38 80 49 28 15 9 53 18 14 25 6 17 42,heads,minor,1
2026-08-02T04:11:40Z,331,12 43 15 21 51 79 36 60 52 40 45 57 11 49 24 80 25 55 66 59,tails,regular,2
2026-08-02T04:14:20Z,332,15 75 16 7 64 58 6 80 11 13 70 23 31 66 38 30 39 59 21 71,heads,minor,1
2026-08-02T04:17:00Z,333,57 78 52 76 19 79 16 65 29 31 5 32 74 11 26 62 46 60 70 28,tails,minor,3
2026-08-02T04:19:40Z,334,51 54 12 14 59 23 71 37 49 40 75 76 41 27 39 31 8 34 80 13,heads,regular,1
2026-08-02T04:22:20Z,335,4 6 66 22 54 80 61 34 44 72 38 67 10 27 32 30 78 75 76 31,evens,minor,1
2026-08-02T04:25:00Z,336,56 62 9 13 19 26 29 74 21 66 3 46 38 72 60 16 1 51 54 52,evens,regular,1
2026-08-02T04:27:40Z,337,28 44 45 27 3 6 68 47 8 49 60 12 78 54 75 51 9 23 17 29,evens,regular,1
2026-08-02T04:30:20Z,338,40 24 42 36 19 61 35 80 68 45 22 6 27 55 38 3 29 74 26 5,heads,regular,2
2026-08-02T04:33:00Z,339,61 46 16 76 8 13 58 21 72 43 4 65 74 33 69 5 63 26 14 80,tails,minor,1
2026-08-02T04:35:40Z,340,53 77 47 49 55 59 2 13 8 60 58 20 16 51 64 42 27 1 15 39,tails,regular,3
2026-08-02T04:38:20Z,341,50 27 34 28 12 70 23 5 4 48 65 20 51 43 38 53 37 26 31 42,heads,regular,3
2026-08-02T04:41:00Z,342,78 71 45 70 56 20 17 19 21 54 1 14 33 59 72 76 63 68 77 16,tails,regular,2
2026-08-02T04:43:40Z,343,62 41 65 78 24 45 1 3 29 55 37 68 79 40 10 8 60 49 39 69,tails,regular,4
2026-08-02T04:46:20Z,344,40 22 10 13 42 43 73 74 20 32 35 58 67 66 17 25 47 54 61 77,tails,regular,3
2026-08-02T04:49:00Z,345,73 74 69 36 51 80 62 45 1 64 67 3 4 35 38 26 54 59 19 20,tails,regular,2
2026-08-02T04:51:40Z,346,52 74 36 73 40 70 3 77 43 22 44 4 16 9 63 51 47 75 30 55,tails,regular,1
2026-08-02T04:54:20Z,347,76 15 62 58 22 16 78 80 39 61 29 9 41 48 10 13 57 67 65 25,tails,minor,2
2026-08-02T04:57:00Z,348,34 40 31 18 42 74 61 52 45 53 16 75 72 78 26 21 5 29 8 69,evens,regular,2
2026-08-02T04:59:40Z,349,64 9 74 69 50 21 68 58 62 32 33 40 26 52 23 79 75 11 46 39,tails,minor,3
2026-08-02T05:02:20Z,350,39 45 9 48 70 18 61 20 19 67 69 80 52 46 55 15 25 76 62 53,tails,regular,1
2026-08-02T05:05:00Z,351,70 53 24 67 63 43 71 61 80 55 68 19 4 23 62 52 38 25 57 59,tails,minor,1
2026-08-02T05:07:40Z,352,62 47 28 74 50 7 72 35 49 80 9 14 13 54 10 21 41 78 42 23,tails,major,3
2026-08-02T05:10:20Z,353,29 42 17 39 4 68 9 16 36 71 65 61 6 77 13 35 48 32 40 57,heads,regular,1
2026-08-02T05:13:00Z,354,25 63 44 6 60 31 51 67 15 59 57 52 35 42 70 2 66 29 10 54,tails,regular,4
2026-08-02T05:15:40Z,355,23 58 39 2 9 15 67 66 7 38 59 21 50 47 48 62 51 78 70 22,tails,minor,1
2026-08-02T05:18:20Z,356,69 62 51 59 77 35 50 52 17 4 71 43 66 6 46 74 80 67 32 63,tails,minor,2
2026-08-02T05:21:00Z,357,61 23 41 76 55 33 6 29 8 44 19 9 56 15 57 35 2 60 69 64,evens,regular,1
2026-08-02T05:23:40Z,358,31 69 57 59 7 65 46 23 15 51 75 76 21 11 19 72 50 26 45 80,tails,minor,2
2026-08-02T05:26:20Z,359,73 57 5 59 12 2 52 28 31 38 56 48 30 22 66 15 27 29 7 44,heads,major,2
2026-08-02T05:29:00Z,360,8 2 4 33 42 72 28 26 50 32 47 59 16 20 17 9 23 3 37 53,heads,regular,10
2026-08-02T05:31:40Z,361,9 56 35 41 14 77 40 79 6 25 27 69 21 45 20 29 19 30 61 46,heads,regular,2
2026-08-02T05:34:20Z,362,78 43 64 33 69 26 23 71 61 20 45 60 9 54 3 38 39 12 79 2,evens,minor,3
2026-08-02T05:37:00Z,363,45 46 41 8 78 7 67 58 63 54 77 70 2 3 48 57 50 59 23 22,tails,regular,2
2026-08-02T05:39:40Z,364,52 66 45 70 28 72 56 51 20 43 58 65 8 15 42 75 80 35 5 77,tails,regular,1
2026-08-02T05:42:20Z,365,77 34 52 17 9 63 53 3 22 76 50 66 23 11 51 37 61 80 79 62,tails,regular,1
2026-08-02T05:45:00Z,366,14 7 48 40 70 51 4 67 15 61 12 43 55 10 32 5 36 24 75 13,heads,minor,1
2026-08-02T05:47:40Z,367,52 79 4 34 57 60 6 46 11 38 37 41 55 69 22 18 80 78 48 62,tails,regular,1
2026-08-02T05:50:20Z,368,21 40 50 5 45 73 44 2 19 72 58 13 36 1 12 62 32 34 24 14,heads,regular,1
2026-08-02T05:53:00Z,369,10 32 65 2 37 42 64 41 48 79 13 24 1 80 46 43 51 38 15 22,evens,regular,2
2026-08-02T05:55:40Z,370,58 12 34 44 71 74 23 76 19 5 18 35 6 10 51 24 68 2 48 15,heads,regular,1
2026-08-02T05:58:20Z,371,49 62 73 21 30 74 4 42 66 38 53 11 18 45 20 76 8 34 60 52,tails,regular,2
2026-08-02T06:01:00Z,372,4 61 17 47 72 51 11 5 19 67 21 63 3 29 75 30 77 52 18 53,evens,regular,2
2026-08-02T06:03:40Z,373,60 46 12 56 7 45 52 80 38 53 43 73 68 40 72 48 18 9 17 33,tails,regular,3
2026-08-02T06:06:20Z,374,33 54 43 9 23 40 32 76 51 57 75 73 65 19 2 63 27 66 46 26,tails,regular,2
2026-08-02T06:09:00Z,375,3 59 63 28 17 13 38 56 46 55 66 73 32 60 79 15 22 42 26 47,tails,regular,2
2026-08-02T06:11:40Z,376,41 76 20 15 68 61 72 80 34 9 26 56 45 52 3 11 49 75 13 4,tails,regular,2
2026-08-02T06:14:20Z,377,3 58 19 65 33 21 12 76 56 80 24 63 62 66 8 15 1 45 68 73,tails,major,4
2026-08-02T06:17:00Z,378,22 62 45 15 24 2 19 39 29 38 1 25 60 16 80 26 30 31 59 68,heads,regular,1
2026-08-02T06:19:40Z,379,64 71 65 26 74 44 50 78 36 49 32 70 3 33 10 46 69 51 6 34,tails,major,1
2026-08-02T06:22:20Z,380,66 28 56 20 60 14 73 48 11 53 18 76 32 34 7 30 43 25 65 54,evens,regular,1
2026-08-02T06:25:00Z,381,6 28 55 80 46 59 48 39 56 4 76 54 53 11 27 12 2 40 32 18,heads,major,1
2026-08-02T06:27:40Z,382,63 28 60 34 8 64 3 66 10 35 47 26 41 14 46 38 51 21 40 45,heads,regular,3
2026-08-02T06:30:20Z,383,71 24 43 6 58 69 74 63 15 5 31 65 47 78 18 23 51 49 60 13,tails,regular,3
2026-08-02T06:33:00Z,384,73 4 42 36 37 79 26 18 72 27 50 65 49 53 46 44 56 29 31 58,tails,minor,1
2026-08-02T06:35:40Z,385,72 48 43 57 16 54 10 60 74 30 31 75 42 37 50 26 27 5 49 22,tails,regular,1
2026-08-02T06:38:20Z,386,76 72 23 10 29 8 15 57 22 58 32 17 47 27 31 49 11 9 56 62,heads,regular,1
2026-08-02T06:41:00Z,387,71 2 10 80 17 42 54 70 3 56 16 48 76 68 45 40 4 55 75 29,tails,regular,1
2026-08-02T06:43:40Z,388,10 5 43 51 22 25 68 57 70 73 29 2 45 78 80 24 66 30 61 55,tails,regular,3
2026-08-02T06:46:20Z,389,13 17 50 71 45 14 70 29 9 44 79 74 54 8 15 48 67 32 76 65,tails,regular,2
2026-08-02T06:49:00Z,390,4 54 11 31 64 76 63 34 9 39 35 13 77 70 65 80 73 16 14 40,heads,minor,2
2026-08-02T06:51:40Z,391,17 56 19 57 74 58 66 68 10 39 2 8 16 33 36 50 30 29 63 37,heads,regular,1
2026-08-02T06:54:20Z,392,11 67 74 18 25 70 38 60 51 36 64 26 75 24 12 54 59 5 44 58,tails,minor,2
2026-08-02T06:57:00Z,393,6 19 72 18 68 12 32 34 35 69 39 60 55 30 40 17 27 64 20 80,heads,regular,1
2026-08-02T06:59:40Z,394,67 13 51 32 25 9 17 36 2 63 57 5 16 11 3 61 21 47 50 60,heads,minor,3
2026-08-02T07:02:20Z,395,34 17 69 32 73 52 78 62 28 67 27 59 49 37 68 5 57 19 35 79,tails,regular,1
2026-08-02T07:05:00Z,396,58 33 71 59 61 44 74 65 14 52 16 64 12 24 8 60 48 66 40 41,tails,minor,1
2026-08-02T07:07:40Z,397,16 63 54 40 9 8 80 65 3 12 39 14 38 15 49 22 61 20 45 4,heads,regular,1
2026-08-02T07:10:20Z,398,56 36 77 72 13 58 1 24 17 49 40 70 68 3 19 46 5 64 15 12,heads,minor,3
2026-08-02T07:13:00Z,399,12 9 1 21 60 4 51 29 7 20 16 63 36 17 10 40 50 75 48 13,heads,regular,3
2026-08-02T07:15:40Z,400,56 58 9 75 36 47 16 77 19 51 76 29 57 4 8 20 28 80 73 37,evens,minor,3
2026-08-02T07:18:20Z,401,77 32 51 22 27 17 35 58 18 63 79 5 12 6 20 36 72 2 43 16,heads,regular,1
2026-08-02T07:21:00Z,402,4 61 20 38 71 8 56 46 69 66 59 7 27 55 63 50 80 36 19 52,tails,regular,1
2026-08-02T07:23:40Z,403,5 37 8 1 47 49 52 62 43 14 42 65 77 16 11 34 61 25 13 27,heads,regular,3
2026-08-02T07:26:20Z,404,48 56 15 11 46 25 63 17 52 39 10 5 31 45 47 57 20 7 61 18,heads,regular,1
2026-08-02T07:29:00Z,405,43 77 45 12 56 80 19 68 3 76 44 34 69 52 47 71 55 38 21 26,tails,regular,10
2026-08-02T07:31:40Z,406,70 59 31 22 53 47 30 20 68 74 37 38 21 36 1 11 2 76 41 10,heads,regular,1
2026-08-02T07:34:20Z,407,23 53 32 58 3 13 11 54 63 7 2 20 50 35 68 62 47 66 74 19,evens,minor,2
2026-08-02T07:37:00Z,408,63 80 68 16 5 33 15 44 26 49 6 79 71 28 76 17 53 3 78 46,tails,minor,3
2026-08-02T07:39:40Z,409,2 31 74 1 37 11 6 56 23 75 46 20 29 77 43 14 35 53 61 34,heads,regular,1
2026-08-02T07:42:20Z,410,65 76 72 68 28 27 31 69 78 47 55 62 25 41 79 46 42 37 61 51,tails,minor,3
2026-08-02T07:45:00Z,411,58 13 67 36 47 3 31 61 79 4 34 57 63 1 9 43 6 25 2 35,heads,regular,1
2026-08-02T07:47:40Z,412,15 68 71 45 52 59 69 22 64 58 8 2 24 28 4 3 54 76 16 44,tails,regular,5
2026-08-02T07:50:20Z,413,73 5 23 71 10 48 72 22 79 70 78 35 75 11 31 80 47 41 32 62,tails,regular,1
2026-08-02T07:53:00Z,414,38 56 42 53 23 24 75 20 5 50 67 79 37 59 31 25 49 66 63 14,tails,regular,3
2026-08-02T07:55:40Z,415,14 19 63 55 9 45 54 49 22 13 43 37 42 73 65 38 31 5 76 30,evens,regular,1
2026-08-02T07:58:20Z,416,30 34 56 72 75 49 6 67 23 70 73 14 28 76 74 60 39 58 10 42,tails,major,1
2026-08-02T08:01:00Z,417,41 1 4 18 16 56 14 26 35 31 39 6 9 10 78 7 42 60 36 20,heads,regular,1
2026-08-02T08:03:40Z,418,20 1 8 41 42 65 17 5 76 25 55 34 64 70 52 37 75 15 79 54,tails,minor,1
2026-08-02T08:06:20Z,419,34 73 47 76 4 55 20 25 11 45 54 66 58 24 31 57 23 60 16 74,tails,minor,1
2026-08-02T08:09:00Z,420,62 55 3 28 35 4 32 41 49 6 23 60 56 80 76 29 39 57 5 33,heads,regular,1
2026-08-02T08:11:40Z,421,12 49 33 22 42 63 13 53 51 56 58 68 54 2 5 67 70 4 9 17,tails,minor,3
2026-08-02T08:14:20Z,422,3 41 18 36 68 35 60 22 4 48 12 47 59 42 72 1 45 44 23 19,evens,regular,5
2026-08-02T08:17:00Z,423,2 1 40 79 61 49 18 68 19 15 38 28 71 67 77 9 55 37 45 31,heads,regular,2
2026-08-02T08:19:40Z,424,78 43 25 37 74 50 71 39 21 6 41 55 75 12 26 48 14 1 23 38,heads,regular,2
2026-08-02T08:22:20Z,425,67 44 50 26 39 41 78 15 54 3 1 13 36 7 37 66 5 72 35 68,heads,regular,3
2026-08-02T08:25:00Z,426,2 22 48 8 64 80 51 61 9 62 15 79 30 17 26 3 28 16 41 59,heads,minor,10
2026-08-02T08:27:40Z,427,10 43 74 29 38 37 68 77 47 4 19 62 14 61 22 60 9 72 67 26,evens,regular,2
2026-08-02T08:30:20Z,428,47 77 22 15 62 72 59 51 76 12 8 17 40 70 7 63 28 48 6 57,tails,regular,1
2026-08-02T08:33:00Z,429,31 4 76 75 8 78 80 42 74 18 67 60 16 52 36 50 63 70 17 47,tails,regular,1
2026-08-02T08:35:40Z,430,44 58 73 31 16 61 36 49 37 69 51 27 57 30 28 11 35 74 64 56,tails,minor,1
2026-08-02T08:38:20Z,431,52 64 24 16 77 37 22 17 78 75 21 41 28 26 40 71 60 10 42 19,heads,regular,1
2026-08-02T08:41:00Z,432,6 53 31 5 68 13 75 71 20 10 62 40 30 56 38 33 42 60 46 44,evens,regular,2
2026-08-02T08:43:40Z,433,78 16 34 74 53 7 41 46 29 77 31 64 50 75 44 21 59 42 25 15,tails,regular,3
2026-08-02T08:46:20Z,434,41 13 77 70 32 9 68 69 64 65 36 52 7 47 45 33 24 8 15 19,evens,regular,3
2026-08-02T08:49:00Z,435,25 44 42 27 34 24 74 7 66 35 3 65 1 41 73 80 61 5 58 64,tails,minor,3
2026-08-02T08:51:40Z,436,51 36 9 16 7 60 31 35 26 54 33 34 46 52 41 62 69 64 25 72,evens,minor,10
2026-08-02T08:54:20Z,437,26 64 76 56 3 35 46 72 65 2 30 41 53 75 47 38 68 12 61 59,tails,regular,1
2026-08-02T08:57:00Z,438,30 41 6 45 37 63 31 36 71 23 61 74 18 3 40 43 64 20 54 11,heads,regular,2
2026-08-02T08:59:40Z,439,12 35 68 19 72 11 22 29 73 6 38 63 43 9 66 42 34 17 3 78,heads,regular,3
2026-08-02T09:02:20Z,440,37 48 58 72 79 10 36 5 25 42 16 65 7 18 69 60 76 21 50 46,tails,regular,2
2026-08-02T09:05:00Z,441,44 25 30 63 72 60 24 7 19 65 79 14 18 42 45 53 16 33 56 9,evens,regular,3
2026-08-02T09:07:40Z,442,61 79 22 46 29 63 55 32 6 7 47 24 45 74 80 1 13 69 4 49,tails,major,2
2026-08-02T09:10:20Z,443,25 64 61 40 6 70 44 31 75 56 10 36 45 8 57 11 52 4 38 3,heads,regular,1
2026-08-02T09:13:00Z,444,21 38 37 55 53 57 65 54 26 44 43 15 33 66 12 69 41 11 10 14,evens,major,2
2026-08-02T09:15:40Z,445,35 17 79 72 62 14 55 70 75 58 3 54 22 73 13 56 67 26 46 78,tails,regular,1
2026-08-02T09:18:20Z,446,50 64 67 21 66 69 34 28 5 27 30 29 52 80 37 63 9 38 23 56,heads,major,4
2026-08-02T09:21:00Z,447,7 20 54 28 39 69 22 70 49 64 12 9 59 35 33 41 31 45 73 62,evens,regular,2
2026-08-02T09:23:40Z,448,21 43 30 14 49 45 47 76 74 75 37 7 64 12 1 17 51 4 27 6,heads,minor,2
2026-08-02T09:26:20Z,449,19 4 42 80 61 31 3 1 58 18 56 79 13 40 27 64 49 72 23 57,evens,regular,1
2026-08-02T09:29:00Z,450,69 5 54 49 12 4 65 46 38 23 74 62 51 68 78 73 29 25 21 61,tails,minor,1
2026-08-02T09:31:40Z,451,29 35 24 3 77 27 43 65 9 10 28 49 80 76 61 54 63 8 56 53,tails,minor,3
2026-08-02T09:34:20Z,452,1 76 34 50 5 51 45 35 2 30 19 74 71 56 72 9 22 17 63 37,heads,minor,4
2026-08-02T09:37:00Z,453,43 59 73 28 71 57 24 51 17 80 19 8 10 4 75 79 60 40 65 42,tails,regular,1
2026-08-02T09:39:40Z,454,3 18 57 2 69 10 67 34 78 1 29 73 14 16 24 8 12 25 80 4,heads,regular,3
2026-08-02T09:42:20Z,455,35 3 21 72 23 67 57 42 20 44 76 24 28 58 62 46 74 16 39 19,evens,minor,3
2026-08-02T09:45:00Z,456,31 78 37 42 49 77 52 51 56 59 69 54 38 9 1 20 50 79 68 17,tails,minor,2
2026-08-02T09:47:40Z,457,23 67 30 74 28 48 35 4 11 51 7 44 39 2 76 20 27 79 53 68,heads,regular,1
2026-08-02T09:50:20Z,458,24 75 62 61 59 39 33 44 53 31 10 9 28 58 55 67 11 26 7 74,evens,minor,3
2026-08-02T09:53:00Z,459,30 23 57 58 4 67 21 14 8 32 18 13 53 75 9 36 11 39 50 45,heads,regular,2
2026-08-02T09:55:40Z,460,76 24 20 59 47 49 41 42 70 15 6 50 28 69 58 78 72 1 12 65,tails,regular,2
2026-08-02T09:58:20Z,461,25 22 66 10 65 9 60 73 12 3 28 62 7 67 79 72 55 33 32 42,evens,regular,2
2026-08-02T10:01:00Z,462,37 10 2 24 43 67 6 34 23 75 8 44 62 45 7 54 13 12 56 15,heads,minor,3
2026-08-02T10:03:40Z,463,68 8 43 66 46 2 1 76 78 23 49 57 47 61 40 54 19 80 17 5,tails,regular,2
2026-08-02T10:06:20Z,464,26 71 4 18 29 65 17 42 10 75 27 59 74 51 7 53 22 80 48 30,evens,minor,1
2026-08-02T10:09:00Z,465,48 32 80 53 72 64 17 1 34 77 78 69 51 18 27 38 40 19 21 24,heads,regular,3
2026-08-02T10:11:40Z,466,1 46 34 5 60 54 37 28 42 14 53 62 56 70 79 45 29 47 61 58,tails,regular,3
2026-08-02T10:14:20Z,467,66 39 32 42 48 29 4 78 72 54 18 64 43 79 53 21 7 74 11 5,tails,regular,2
2026-08-02T10:17:00Z,468,50 4 70 34 47 6 13 32 8 12 58 46 38 20 42 61 74 79 17 52,evens,minor,3
2026-08-02T10:19:40Z,469,51 59 56 57 7 19 41 32 13 47 74 63 31 49 70 65 61 75 15 14,tails,regular,1
2026-08-02T10:22:20Z,470,6 1 23 2 36 31 55 74 34 80 69 4 19 41 61 54 14 67 68 56,evens,regular,2
2026-08-02T10:25:00Z,471,31 6 38 32 50 64 71 23 8 75 79 5 57 80 53 27 67 24 26 35,heads,major,4
2026-08-02T10:27:40Z,472,53 47 34 9 74 22 6 51 80 39 8 19 52 10 46 50 3 55 60 5,evens,regular,1
2026-08-02T10:30:20Z,473,69 63 80 29 71 65 1 48 47 78 9 67 46 4 27 75 41 66 6 62,tails,regular,1
2026-08-02T10:33:00Z,474,33 14 34 56 19 63 55 39 29 40 18 47 30 69 49 76 73 35 10 77,heads,regular,1
2026-08-02T10:35:40Z,475,4 16 8 62 79 67 78 30 36 80 44 75 51 20 63 13 46 50 11 76,tails,regular,1
2026-08-02T10:38:20Z,476,65 38 53 63 28 37 14 26 79 6 42 9 24 32 21 40 39 33 35 50,heads,regular,2
2026-08-02T10:41:00Z,477,65 67 16 11 32 64 20 70 68 58 60 31 72 40 80 35 56 3 8 57,tails,minor,3
2026-08-02T10:43:40Z,478,4 54 24 49 23 41 58 73 75 33 3 17 63 46 70 18 31 34 12 21,heads,regular,2
2026-08-02T10:46:20Z,479,14 20 33 49 55 12 45 2 4 23 31 7 68 28 72 47 29 50 51 78,heads,minor,1
2026-08-02T10:49:00Z,480,27 7 49 63 13 24 36 30 28 5 2 34 76 22 80 74 8 57 37 47,heads,regular,1
2026-08-02T10:51:40Z,481,21 49 69 66 78 34 7 2 71 11 74 60 44 64 25 10 51 40 20 41,tails,regular,1
2026-08-02T10:54:20Z,482,23 5 20 3 68 34 42 71 65 28 4 19 1 67 22 66 44 29 54 46,heads,regular,1
2026-08-02T10:57:00Z,483,33 66 79 4 3 61 25 27 65 74 7 48 17 18 23 47 20 73 24 26,heads,regular,3
2026-08-02T10:59:40Z,484,13 19 64 76 71 11 67 75 32 15 14 62 55 46 51 57 50 10 34 61,tails,regular,1
2026-08-02T11:02:20Z,485,10 61 13 37 63 34 71 74 28 7 35 19 22 46 43 52 11 69 14 16,heads,major,1
2026-08-02T11:05:00Z,486,1 42 45 17 27 54 78 51 2 25 21 40 29 44 31 56 53 69 15 55,evens,regular,1
2026-08-02T11:07:40Z,487,28 55 14 37 13 72 43 26 39 24 53 50 16 48 31 47 46 35 62 44,evens,regular,1
2026-08-02T11:10:20Z,488,49 13 12 73 66 77 50 39 20 11 52 6 42 32 76 21 54 72 47 36,tails,major,4
2026-08-02T11:13:00Z,489,40 5 48 21 56 53 27 65 44 18 70 19 55 9 37 14 25 76 30 13,heads,major,1
2026-08-02T11:15:40Z,490,79 26 18 42 62 40 1 30 67 45 53 63 43 54 19 56 28 27 60 41,tails,regular,1
2026-08-02T11:18:20Z,491,68 11 56 19 10 34 43 6 38 53 14 39 72 27 32 17 33 48 55 52,heads,minor,5
2026-08-02T11:21:00Z,492,64 10 40 67 23 72 78 58 60 32 22 74 4 6 68 34 57 31 70 21,evens,regular,3
2026-08-02T11:23:40Z,493,17 62 16 75 71 44 15 64 10 73 61 48 40 21 5 7 6 34 56 3,heads,regular,1
2026-08-02T11:26:20Z,494,16 8 73 64 52 75 7 31 46 5 41 58 39 44 76 33 74 6 21 78,tails,minor,1
2026-08-02T11:29:00Z,495,2 28 32 44 47 22 38 7 60 45 34 68 21 42 3 16 56 20 57 33,heads,regular,3
2026-08-02T11:31:40Z,496,30 39 59 6 55 62 27 71 29 31 58 12 46 79 70 26 43 44 1 17,evens,minor,10
2026-08-02T11:34:20Z,497,38 23 6 63 21 57 66 26 71 74 47 58 69 17 80 31 45 53 43 30,tails,regular,3
2026-08-02T11:37:00Z,498,53 44 19 27 74 36 11 10 65 6 22 25 26 17 45 2 1 59 78 34,heads,regular,3
2026-08-02T11:39:40Z,499,74 30 23 58 33 69 25 49 18 36 19 63 38 67 32 4 59 2 8 6,heads,regular,1
2026-08-02T11:42:20Z,500,62 28 8 49 43 40 46 57 7 20 47 76 9 73 17 48 27 26 75 60,tails,regular,1
2026-08-02T11:45:00Z,501,78 6 74 13 55 27 26 40 69 68 46 31 18 14 62 77 54 12 52 25,evens,minor,1
2026-08-02T11:47:40Z,502,34 75 12 80 77 65 4 76 44 71 55 22 51 3 25 18 32 27 40 50,evens,regular,1
2026-08-02T11:50:20Z,503,11 69 22 72 42 47 56 27 54 71 19 66 37 59 52 50 12 79 4 23,tails,major,3
2026-08-02T11:53:00Z,504,79 7 35 24 63 29 3 77 64 53 75 52 14 69 66 11 33 61 27 57,tails,regular,1
2026-08-02T11:55:40Z,505,70 77 48 39 36 30 29 56 53 33 76 68 59 12 44 58 1 55 75 28,tails,regular,1
2026-08-02T11:58:20Z,506,75 28 21 47 5 74 14 30 59 49 32 73 58 80 56 38 10 72 64 13,tails,minor,2
2026-08-02T12:01:00Z,507,31 47 9 26 70 63 16 58 20 75 67 77 59 76 50 62 46 64 7 43,tails,regular,3
2026-08-02T12:03:40Z,508,34 63 51 42 62 25 58 28 68 4 7 48 80 27 18 21 67 9 15 69,evens,regular,3
2026-08-02T12:06:20Z,509,12 15 62 31 21 27 77 40 73 78 64 65 19 68 5 43 41 80 55 75,tails,regular,1
2026-08-02T12:09:00Z,510,61 68 63 15 1 2 17 60 45 28 39 56 80 16 18 49 11 41 34 25,heads,regular,3
2026-08-02T12:11:40Z,511,62 20 71 48 21 10 52 14 5 58 75 25 28 42 41 44 59 65 51 17,tails,minor,1
2026-08-02T12:14:20Z,512,70 41 6 67 26 79 61 14 5 16 40 59 48 44 24 2 27 42 25 19,heads,regular,1
2026-08-02T12:17:00Z,513,7 15 61 10 80 1 77 67 5 36 50 11 24 71 34 63 6 44 13 65,heads,regular,3
2026-08-02T12:19:40Z,514,66 76 69 32 53 39 26 3 34 52 6 62 12 25 58 64 78 50 15 51,tails,minor,2
2026-08-02T12:22:20Z,515,65 8 71 45 18 32 39 57 52 20 80 1 6 41 69 66 13 33 34 25,heads,regular,2
2026-08-02T12:25:00Z,516,34 35 30 68 76 40 23 31 56 16 24 15 67 44 42 33 54 20 1 36,heads,minor,3
2026-08-02T12:27:40Z,517,72 33 58 74 38 51 59 20 35 24 66 1 31 64 39 14 42 50 52 36,evens,regular,3
2026-08-02T12:30:20Z,518,10 54 67 77 17 29 2 73 72 62 18 9 48 11 33 74 59 4 71 14,evens,regular,3
2026-08-02T12:33:00Z,519,40 45 80 4 23 51 52 26 20 70 50 71 57 32 65 5 46 56 73 75,tails,regular,2
2026-08-02T12:35:40Z,520,13 12 39 18 70 50 1 71 62 19 78 43 22 25 9 69 66 32 16 63,heads,regular,1
2026-08-02T12:38:20Z,521,22 23 10 8 48 51 50 63 26 66 37 17 47 59 45 67 41 76 53 35,tails,minor,2
2026-08-02T12:41:00Z,522,64 35 22 13 62 26 28 59 52 12 50 45 47 11 18 67 68 1 2 14,heads,regular,2
2026-08-02T12:43:40Z,523,45 33 65 25 10 60 58 42 37 64 26 40 74 69 30 51 32 56 12 57,tails,minor,3
2026-08-02T12:46:20Z,524,66 40 75 78 79 23 36 61 5 73 77 28 44 25 33 3 48 8 42 56,tails,regular,2
2026-08-02T12:49:00Z,525,35 21 54 15 34 60 52 43 9 70 68 3 51 73 4 14 41 58 30 24,evens,regular,1
2026-08-02T12:51:40Z,526,78 35 54 59 7 34 41 49 65 6 17 43 66 79 50 23 14 8 10 76,tails,minor,2
2026-08-02T12:54:20Z,527,60 31 6 56 72 51 73 77 36 17 3 70 47 66 63 11 48 25 67 76,tails,minor,3
2026-08-02T12:57:00Z,528,60 65 69 61 48 58 1 35 67 75 20 24 19 26 37 74 21 11 45 76,tails,minor,1
2026-08-02T12:59:40Z,529,2 10 71 3 56 60 64 66 18 4 48 78 5 52 30 44 34 28 42 32,evens,regular,1
2026-08-02T13:02:20Z,530,60 79 20 18 22 75 4 5 80 39 56 19 16 47 61 37 76 26 12 25,heads,regular,2
2026-08-02T13:05:00Z,531,49 60 64 48 80 50 40 52 26 68 32 45 51 19 22 8 38 44 36 62,tails,regular,3
2026-08-02T13:07:40Z,532,28 52 17 63 33 72 64 19 78 49 77 22 16 43 29 32 5 74 66 39,evens,regular,2
2026-08-02T13:10:20Z,533,76 50 49 52 7 1 79 56 78 74 9 16 67 31 17 10 47 32 60 72,tails,regular,1
2026-08-02T13:13:00Z,534,7 75 52 25 33 38 17 43 31 67 69 19 34 57 3 77 24 9 44 79,heads,regular,2
2026-08-02T13:15:40Z,535,51 8 4 28 67 47 9 62 55 27 36 24 69 22 38 53 71 32 54 63,evens,regular,1
2026-08-02T13:18:20Z,536,31 53 5 67 77 34 28 3 41 30 44 56 50 27 46 49 19 15 14 18,heads,regular,3
2026-08-02T13:21:00Z,537,56 27 39 60 69 40 35 23 8 2 24 72 49 12 46 54 44 30 68 37,heads,regular,2
2026-08-02T13:23:40Z,538,8 48 43 76 52 41 3 72 2 42 25 14 38 54 77 16 24 63 4 50,tails,regular,2
2026-08-02T13:26:20Z,539,38 8 31 22 18 13 39 69 78 24 70 75 63 28 49 41 14 1 50 20,heads,minor,1
2026-08-02T13:29:00Z,540,25 70 1 75 31 38 61 46 53 78 40 72 12 26 15 8 67 14 80 41,evens,minor,1
2026-08-02T13:31:40Z,541,50 6 77 20 44 58 45 35 71 7 61 70 59 24 62 43 47 5 36 64,tails,regular,1
2026-08-02T13:34:20Z,542,59 39 60 1 49 71 52 54 66 42 3 44 62 47 19 38 17 35 68 22,tails,major,4
2026-08-02T13:37:00Z,543,55 74 23 66 52 2 30 63 27 26 3 35 77 42 33 31 1 32 53 36,heads,regular,3
2026-08-02T13:39:40Z,544,50 68 54 35 65 17 31 27 29 14 48 71 33 64 16 45 34 49 42 73,tails,minor,2
2026-08-02T13:42:20Z,545,35 8 10 36 23 45 54 48 39 59 68 31 27 57 58 30 65 46 2 25,heads,minor,2
2026-08-02T13:45:00Z,546,32 34 47 58 74 4 46 7 42 57 6 61 33 14 22 3 76 35 30 65,heads,major,1
2026-08-02T13:47:40Z,547,66 31 78 3 45 23 38 46 15 5 25 70 55 22 59 80 20 13 60 47,evens,regular,2
2026-08-02T13:50:20Z,548,12 19 37 24 20 62 4 29 50 16 7 27 52 1 67 47 59 76 77 72,heads,regular,4
2026-08-02T13:53:00Z,549,18 54 33 58 63 8 57 30 6 44 36 69 27 72 20 70 16 43 19 14,heads,regular,3
2026-08-02T13:55:40Z,550,3 38 41 6 47 16 42 54 79 24 55 61 26 62 60 2 44 22 48 69,tails,regular,3
2026-08-02T13:58:20Z,551,13 66 3 59 56 25 47 1 18 31 60 75 48 41 58 73 10 29 19 50,tails,regular,5
2026-08-02T14:01:00Z,552,19 50 22 17 14 26 57 42 4 23 39 29 13 60 36 67 43 59 44 7,heads,regular,1
2026-08-02T14:03:40Z,553,27 22 45 65 12 36 9 77 7 15 18 26 80 6 56 52 29 75 21 8,heads,regular,1
2026-08-02T14:06:20Z,554,58 14 16 33 49 36 80 79 59 17 21 77 23 3 57 75 46 69 64 72,tails,regular,2
2026-08-02T14:09:00Z,555,60 32 45 72 79 63 59 28 23 50 16 24 19 31 64 73 55 13 48 22,tails,regular,3
2026-08-02T14:11:40Z,556,59 1 23 73 32 35 74 2 27 33 71 64 30 9 50 60 61 34 46 39,heads,minor,10
2026-08-02T14:14:20Z,557,53 2 50 52 80 17 62 74 35 57 37 41 28 46 9 61 32 79 64 60,tails,regular,1
2026-08-02T14:17:00Z,558,60 35 77 11 69 21 53 34 49 47 20 31 18 66 13 27 19 75 9 73,heads,regular,1
2026-08-02T14:19:40Z,559,80 69 48 29 6 76 36 68 54 14 51 55 52 47 16 25 50 66 33 32,tails,minor,1
2026-08-02T14:22:20Z,560,53 73 10 69 65 67 64 16 79 12 32 9 51 66 33 59 21 63 17 71,tails,regular,2
2026-08-02T14:25:00Z,561,36 66 45 63 58 14 7 59 46 33 79 62 43 64 32 2 52 73 72 27,tails,regular,2
2026-08-02T14:27:40Z,562,65 69 18 5 14 31 57 67 48 40 16 3 28 39 34 44 58 70 25 15,heads,major,1
2026-08-02T14:30:20Z,563,76 11 61 69 55 12 62 39 79 68 15 5 70 29 10 16 77 24 14 27,heads,regular,2
2026-08-02T14:33:00Z,564,41 50 22 51 59 14 29 12 63 30 2 3 53 60 40 77 54 42 36 56,tails,regular,3
2026-08-02T14:35:40Z,565,13 25 37 44 30 67 60 42 21 59 3 70 53 10 2 36 9 5 77 26,heads,regular,3
2026-08-02T14:38:20Z,566,13 3 53 7 42 2 38 24 43 65 5 8 21 61 1 79 11 78 34 59,heads,regular,10
2026-08-02T14:41:00Z,567,27 50 8 34 38 64 43 77 19 56 10 3 42 79 16 9 24 6 65 66,heads,regular,1
2026-08-02T14:43:40Z,568,67 80 76 72 17 10 6 37 27 35 40 4 59 38 7 64 74 48 1 41,heads,regular,2
2026-08-02T14:46:20Z,569,29 39 12 24 75 11 1 70 76 77 20 8 17 64 26 22 19 49 54 71,heads,major,2
2026-08-02T14:49:00Z,570,25 43 12 44 30 10 42 32 11 72 19 51 28 68 74 45 18 9 14 15,heads,major,3
2026-08-02T14:51:40Z,571,26 32 76 65 58 49 11 14 73 24 42 53 72 31 36 18 50 4 66 23,evens,minor,10
2026-08-02T14:54:20Z,572,73 12 72 64 17 67 22 1 30 27 15 74 63 53 75 60 42 45 28 71,tails,major,1
2026-08-02T14:57:00Z,573,57 3 50 4 20 59 10 35 63 45 78 8 79 41 32 27 69 22 55 66,tails,minor,10
2026-08-02T14:59:40Z,574,43 13 25 22 14 11 49 50 17 76 66 53 9 38 1 5 10 33 71 63,heads,regular,1
2026-08-02T15:02:20Z,575,49 59 60 21 32 10 34 74 36 6 30 65 52 28 66 12 16 72 79 39,heads,regular,2
2026-08-02T15:05:00Z,576,21 23 50 65 72 24 36 42 10 3 37 33 61 25 74 66 13 28 69 35,heads,minor,3
2026-08-02T15:07:40Z,577,5 73 34 19 67 53 39 55 40 38 72 51 37 35 69 4 75 6 56 76,evens,regular,3
2026-08-02T15:10:20Z,578,49 62 69 57 6 15 72 47 50 12 37 41 27 23 53 45 8 66 9 5,tails,regular,2
2026-08-02T15:13:00Z,579,64 9 70 77 17 12 47 59 46 25 30 19 67 74 79 16 1 28 78 31,evens,regular,2
2026-08-02T15:15:40Z,580,24 20 62 51 29 47 9 66 56 44 10 69 60 4 34 53 72 75 54 43,tails,regular,2
2026-08-02T15:18:20Z,581,18 52 33 66 51 65 45 34 10 56 30 14 3 44 43 28 67 58 69 70,tails,minor,3
2026-08-02T15:21:00Z,582,10 15 60 19 69 29 25 66 64 32 76 77 48 63 20 53 17 27 22 38,heads,major,4
2026-08-02T15:23:40Z,583,19 51 74 6 8 28 56 43 70 68 3 35 41 18 38 44 54 30 46 55,tails,minor,3
2026-08-02T15:26:20Z,584,35 50 29 10 36 31 3 62 14 58 18 21 61 60 5 44 23 39 13 1,heads,minor,1
2026-08-02T15:29:00Z,585,49 9 20 7 39 21 19 8 77 46 74 50 65 13 5 43 55 51 66 57,tails,regular,3
2026-08-02T15:31:40Z,586,73 37 10 71 34 50 7 22 4 26 14 36 54 48 20 59 45 40 23 39,heads,regular,3
2026-08-02T15:34:20Z,587,4 16 52 62 25 26 73 50 28 18 36 14 1 76 42 80 11 33 41 24,heads,regular,3
2026-08-02T15:37:00Z,588,20 26 59 43 10 46 48 71 60 69 58 28 44 14 41 79 75 3 34 31,tails,regular,3
2026-08-02T15:39:40Z,589,80 76 22 60 4 29 26 65 7 43 1 62 24 66 30 42 47 5 28 20,heads,regular,1
2026-08-02T15:42:20Z,590,2 29 63 59 3 53 30 13 39 71 44 48 22 18 32 19 62 41 79 7,heads,regular,2
2026-08-02T15:45:00Z,591,13 23 12 5 6 30 35 60 4 49 19 79 65 46 8 10 77 39 55 14,heads,regular,1
2026-08-02T15:47:40Z,592,1 74 73 79 71 65 44 30 19 56 46 15 40 62 8 26 50 54 12 80,tails,regular,1
2026-08-02T15:50:20Z,593,59 15 63 11 52 37 58 12 8 18 47 14 48 45 69 28 75 70 22 42,tails,minor,1
2026-08-02T15:53:00Z,594,32 45 43 13 71 14 8 20 47 30 35 69 3 54 73 72 6 11 74 77,evens,regular,1
2026-08-02T15:55:40Z,595,34 62 80 43 24 31 47 9 68 27 33 11 25 12 45 41 5 3 64 75,heads,minor,3
2026-08-02T15:58:20Z,596,39 64 23 27 45 76 70 20 29 2 52 51 42 6 38 66 35 63 56 32,evens,regular,2
2026-08-02T16:01:00Z,597,37 64 40 28 35 69 56 52 1 78 8 77 30 55 24 67 62 59 23 44,tails,regular,1
2026-08-02T16:03:40Z,598,21 76 62 74 58 63 75 29 20 33 80 66 42 51 4 18 16 27 57 19,tails,regular,3
2026-08-02T16:06:20Z,599,69 74 25 50 67 6 42 54 61 11 72 27 16 73 24 75 31 17 44 49,tails,regular,1
2026-08-02T16:09:00Z,600,23 43 32 29 20 15 1 8 2 19 28 33 79 42 56 11 17 65 67 48,heads,major,3
2026-08-02T16:11:40Z,601,13 27 22 43 18 6 65 60 7 24 56 5 14 58 78 46 23 66 53 71,evens,regular,1
2026-08-02T16:14:20Z,602,33 22 78 18 14 23 52 58 10 68 59 9 57 1 42 24 7 31 76 50,heads,regular,1
2026-08-02T16:17:00Z,603,41 37 54 52 47 22 5 1 20 57 33 18 4 8 74 16 23 76 59 80,heads,minor,5
2026-08-02T16:19:40Z,604,38 24 70 46 35 6 62 16 3 11 75 66 5 44 31 14 28 65 32 78,heads,regular,2
2026-08-02T16:22:20Z,605,9 61 72 15 40 17 36 20 77 63 70 1 54 6 67 80 2 64 34 3,heads,regular,2
2026-08-02T16:25:00Z,606,27 57 56 32 59 33 5 28 7 44 22 74 76 49 9 3 70 77 19 29,heads,regular,2
2026-08-02T16:27:40Z,607,6 31 14 69 72 25 12 30 63 54 40 58 64 55 33 5 21 17 50 24,heads,major,1
2026-08-02T16:30:20Z,608,27 55 68 6 77 37 63 26 59 5 50 30 49 53 46 58 69 76 31 32,tails,regular,2
2026-08-02T16:33:00Z,609,19 80 61 59 58 1 71 28 70 79 57 25 51 10 14 16 73 53 34 65,tails,regular,3
2026-08-02T16:35:40Z,610,13 46 26 30 17 23 3 52 67 12 32 10 21 70 36 11 20 61 4 74,heads,regular,1
2026-08-02T16:38:20Z,611,54 30 63 79 46 45 40 42 15 9 7 77 21 8 70 29 61 14 1 76,evens,minor,3
2026-08-02T16:41:00Z,612,22 55 66 48 42 14 12 9 43 50 68 37 30 49 24 51 47 25 56 17,tails,regular,1
2026-08-02T16:43:40Z,613,52 25 57 59 19 34 53 9 43 4 72 28 12 23 42 17 51 22 68 73,evens,minor,3
2026-08-02T16:46:20Z,614,22 12 60 79 6 4 1 51 55 62 47 71 73 68 11 28 64 35 31 39,evens,regular,2
2026-08-02T16:49:00Z,615,50 54 38 63 4 15 58 61 52 66 19 28 77 25 72 70 64 80 17 60,tails,minor,1
2026-08-02T16:51:40Z,616,63 42 36 11 26 19 46 72 59 8 33 30 23 6 9 21 78 39 58 48,heads,minor,5
2026-08-02T16:54:20Z,617,64 52 67 18 40 55 10 35 80 61 46 11 32 68 39 28 34 17 14 31,heads,minor,1
2026-08-02T16:57:00Z,618,44 20 74 8 55 21 1 31 53 7 40 64 71 4 52 63 49 9 15 26,heads,regular,3
2026-08-02T16:59:40Z,619,25 73 41 52 50 67 5 43 21 80 27 78 29 23 48 40 71 72 32 64,tails,regular,2
2026-08-02T17:02:20Z,620,72 75 47 44 43 53 71 68 65 29 34 17 62 48 31 37 25 14 66 5,tails,regular,2
2026-08-02T17:05:00Z,621,71 34 41 35 45 21 54 62 4 58 56 79 76 74 18 59 48 67 20 46,tails,regular,2
2026-08-02T17:07:40Z,622,31 76 49 63 24 54 37 58 2 64 6 17 45 41 29 74 7 12 56 75,tails,regular,1
2026-08-02T17:10:20Z,623,74 27 59 24 39 29 65 31 61 36 32 20 35 77 56 12 57 45 62 16,heads,regular,3
2026-08-02T17:13:00Z,624,71 24 30 22 29 36 61 50 49 6 13 37 55 51 70 80 23 74 47 10,evens,regular,4
2026-08-02T17:15:40Z,625,76 14 20 5 29 44 77 48 63 79 22 32 2 13 69 68 15 65 54 51,tails,regular,2
2026-08-02T17:18:20Z,626,55 38 56 21 45 67 78 77 61 58 49 25 30 11 80 43 2 60 46 32,tails,minor,1
2026-08-02T17:21:00Z,627,39 1 17 47 19 79 66 11 7 27 24 14 55 33 9 60 65 74 67 58,heads,minor,4
2026-08-02T17:23:40Z,628,76 78 64 72 57 54 5 35 75 77 48 21 34 62 31 49 22 10 29 25,tails,regular,3
2026-08-02T17:26:20Z,629,52 27 38 19 10 55 44 21 56 2 49 57 71 66 14 5 29 3 9 23,heads,regular,3
2026-08-02T17:29:00Z,630,11 3 62 4 39 56 15 36 48 73 26 76 21 7 34 40 50 60 55 41,heads,regular,3
2026-08-02T17:31:40Z,631,60 52 3 26 11 24 40 14 33 48 70 47 13 39 42 51 80 6 71 61,evens,regular,2
2026-08-02T17:34:20Z,632,49 51 52 7 4 43 32 10 66 62 74 54 64 11 45 61 55 20 59 25,tails,minor,2
2026-08-02T17:37:00Z,633,24 2 76 30 21 61 57 28 11 42 33 29 72 78 65 54 50 18 67 34,evens,regular,1
2026-08-02T17:39:40Z,634,30 27 77 58 28 80 12 19 56 24 41 79 69 59 76 57 31 37 43 15,tails,regular,3
2026-08-02T17:42:20Z,635,9 71 12 73 10 54 80 5 22 42 30 45 64 62 40 49 68 66 21 57,tails,regular,2
2026-08-02T17:45:00Z,636,26 43 25 29 72 49 74 34 59 28 47 58 2 30 21 36 22 48 78 10,heads,regular,2
2026-08-02T17:47:40Z,637,50 2 19 52 76 34 74 13 75 55 73 63 22 21 32 4 49 46 45 53,tails,regular,1
2026-08-02T17:50:20Z,638,75 32 34 45 48 35 51 14 39 78 29 8 44 79 33 28 80 31 61 55,evens,regular,1
2026-08-02T17:53:00Z,639,4 28 68 65 60 9 69 26 80 40 61 53 46 50 41 39 73 27 5 6,tails,minor,3
2026-08-02T17:55:40Z,640,56 59 74 71 63 2 8 26 68 53 16 70 62 14 23 25 54 28 35 17,evens,regular,3
2026-08-02T17:58:20Z,641,19 60 31 27 12 44 50 32 10 42 54 45 43 13 53 29 64 46 58 65,tails,regular,1
2026-08-02T18:01:00Z,642,2 46 41 13 35 61 16 29 68 62 78 38 20 1 8 37 70 27 63 28,heads,major,1
2026-08-02T18:03:40Z,643,52 22 38 67 63 50 26 35 23 29 56 14 12 46 21 65 17 13 59 43,heads,minor,1
2026-08-02T18:06:20Z,644,70 69 66 54 21 53 14 61 57 5 67 6 28 15 77 13 20 37 79 56,tails,minor,2
2026-08-02T18:09:00Z,645,9 80 23 10 62 71 49 17 59 48 33 75 31 4 60 28 1 38 21 63,heads,regular,5
2026-08-02T18:11:40Z,646,52 30 34 44 21 36 40 47 11 77 41 80 6 24 58 68 23 15 32 73,heads,regular,1
2026-08-02T18:14:20Z,647,11 78 57 65 45 71 3 49 39 10 2 29 33 66 42 5 18 20 79 28,heads,regular,3
2026-08-02T18:17:00Z,648,33 48 37 53 50 19 10 58 63 35 77 22 17 46 55 5 14 13 21 44,heads,regular,3
2026-08-02T18:19:40Z,649,54 34 45 35 40 28 65 20 5 72 51 69 12 4 42 19 24 29 60 32,heads,regular,3
2026-08-02T18:22:20Z,650,45 43 46 78 38 22 29 19 23 66 58 24 11 51 14 8 27 64 53 50,evens,minor,4
2026-08-02T18:25:00Z,651,63 11 76 14 66 12 43 71 78 29 17 22 27 10 19 30 39 38 31 65,heads,regular,3
2026-08-02T18:27:40Z,652,49 78 67 45 32 68 70 25 7 21 66 18 55 57 72 56 74 16 53 14,tails,regular,1
2026-08-02T18:30:20Z,653,27 73 41 54 59 42 13 8 53 38 7 20 31 25 2 36 58 67 22 4,heads,major,2
2026-08-02T18:33:00Z,654,18 31 32 60 49 64 62 20 24 74 36 5 50 40 41 52 53 55 33 10,evens,major,3
2026-08-02T18:35:40Z,655,20 79 72 15 77 14 69 18 66 39 50 21 3 8 26 67 62 24 49 5,heads,minor,2
2026-08-02T18:38:20Z,656,46 71 25 79 51 26 68 49 32 66 72 2 44 57 18 19 78 12 15 52,tails,regular,2
2026-08-02T18:41:00Z,657,71 28 22 10 40 29 46 59 78 30 60 58 35 38 33 50 21 63 8 36,heads,regular,1
2026-08-02T18:43:40Z,658,7 14 56 49 35 44 27 29 12 63 6 43 45 2 76 58 25 30 24 53,heads,regular,1
2026-08-02T18:46:20Z,659,3 27 66 16 9 48 5 77 23 65 57 69 60 38 18 14 15 12 55 41,heads,minor,1
2026-08-02T18:49:00Z,660,9 32 28 12 57 43 30 6 35 44 41 69 27 14 31 65 5 22 26 37,heads,regular,1
2026-08-02T18:51:40Z,661,80 55 58 29 38 62 76 25 68 19 33 21 18 28 57 17 5 56 59 73,evens,minor,1
2026-08-02T18:54:20Z,662,27 42 52 6 10 44 58 68 66 33 78 3 2 60 80 35 39 9 64 37,evens,regular,1
2026-08-02T18:57:00Z,663,67 73 25 2 46 26 77 43 34 4 63 70 51 24 57 44 16 7 11 13,evens,regular,2
2026-08-02T18:59:40Z,664,59 9 22 26 69 64 54 56 29 55 71 50 70 24 20 4 47 75 39 7,tails,minor,3
2026-08-02T19:02:20Z,665,5 29 59 63 30 65 78 72 8 68 3 60 28 53 48 11 42 43 79 35,tails,regular,1
2026-08-02T19:05:00Z,666,17 50 79 45 24 44 11 72 61 22 59 39 7 68 67 3 75 49 66 6,tails,regular,2
2026-08-02T19:07:40Z,667,20 77 55 12 38 51 59 7 10 47 79 43 2 8 14 22 44 71 25 66,evens,regular,3
2026-08-02T19:10:20Z,668,46 23 78 71 61 15 3 66 38 24 51 40 33 11 53 41 72 34 19 27,heads,major,2
2026-08-02T19:13:00Z,669,5 13 51 42 68 54 7 2 9 57 22 23 12 77 75 72 79 55 28 37,evens,major,1
2026-08-02T19:15:40Z,670,28 47 29 54 67 58 18 30 46 23 33 60 35 10 79 62 20 9 7 27,heads,minor,2
2026-08-02T19:18:20Z,671,44 76 72 22 71 54 33 24 36 1 59 56 40 78 64 49 46 47 2 13,tails,regular,1
2026-08-02T19:21:00Z,672,72 3 56 14 65 34 70 46 1 80 18 5 64 37 10 54 48 58 41 21,tails,regular,1
2026-08-02T19:23:40Z,673,35 23 67 15 42 14 31 56 30 46 52 48 60 22 61 9 13 8 41 11,heads,regular,10
2026-08-02T19:26:20Z,674,70 62 22 13 42 75 71 64 39 73 10 24 7 78 76 69 63 38 50 12,tails,minor,3
2026-08-02T19:29:00Z,675,13 8 34 79 6 36 14 32 20 67 11 64 75 49 12 68 31 38 23 76,heads,regular,3
2026-08-02T19:31:40Z,676,31 29 41 6 35 56 15 36 62 75 54 71 37 64 66 79 7 45 13 44,tails,regular,1
2026-08-02T19:34:20Z,677,73 69 23 22 59 47 41 54 63 79 14 28 6 75 68 13 57 40 25 16,tails,major,3
2026-08-02T19:37:00Z,678,66 10 34 79 48 57 28 64 5 14 45 73 63 30 54 60 31 40 37 49,tails,regular,1
2026-08-02T19:39:40Z,679,47 35 63 55 45 64 8 43 14 16 67 27 40 6 48 15 37 30 44 38,heads,minor,2
2026-08-02T19:42:20Z,680,3 80 62 45 58 53 66 38 79 59 69 44 68 6 4 35 19 73 43 16,tails,regular,3
2026-08-02T19:45:00Z,681,29 79 10 38 40 11 57 21 25 66 34 8 80 41 18 76 78 55 56 48,evens,regular,3
2026-08-02T19:47:40Z,682,59 25 5 32 75 31 62 7 66 26 65 46 37 43 63 17 73 29 60 47,tails,minor,2
2026-08-02T19:50:20Z,683,2 17 25 16 57 5 70 41 35 51 74 69 12 14 75 4 45 27 28 39,heads,minor,1
2026-08-02T19:53:00Z,684,62 10 20 60 47 54 40 56 26 53 67 15 43 55 66 73 45 69 52 21,tails,minor,1
2026-08-02T19:55:40Z,685,23 67 57 7 19 3 24 15 31 18 75 4 20 35 59 45 73 25 1 11,heads,regular,3
2026-08-02T19:58:20Z,686,34 39 30 72 77 27 59 73 32 52 18 51 65 54 64 55 46 74 62 44,tails,regular,3
2026-08-02T20:01:00Z,687,75 1 10 38 63 12 71 14 62 49 16 77 24 17 65 18 47 50 36 46,evens,regular,2
2026-08-02T20:03:40Z,688,7 19 66 44 61 71 18 22 64 70 40 37 3 31 75 39 78 45 17 59,evens,regular,1
2026-08-02T20:06:20Z,689,27 47 74 57 12 63 59 65 35 32 29 22 19 17 28 71 8 73 14 67,heads,regular,2
2026-08-02T20:09:00Z,690,32 23 13 40 48 79 38 7 56 69 65 47 34 43 67 8 31 71 20 46,evens,regular,1
2026-08-02T20:11:40Z,691,78 2 44 65 8 32 41 14 67 26 79 19 20 76 52 7 63 10 71 77,tails,major,4
2026-08-02T20:14:20Z,692,40 10 2 76 64 21 51 29 33 57 18 56 43 38 12 26 74 71 50 78,evens,regular,2
2026-08-02T20:17:00Z,693,28 73 41 27 68 29 7 43 21 66 58 5 57 9 24 50 1 17 36 56,heads,regular,3
2026-08-02T20:19:40Z,694,65 41 8 62 28 10 77 42 13 29 79 52 66 58 54 5 60 9 1 36,tails,regular,2
2026-08-02T20:22:20Z,695,60 40 24 55 25 74 76 68 45 13 57 30 44 12 80 19 6 7 22 29,heads,regular,1
2026-08-02T20:25:00Z,696,6 65 58 1 11 49 35 74 68 71 16 8 19 54 14 20 50 34 43 46,evens,minor,2
2026-08-02T20:27:40Z,697,39 10 38 64 49 17 53 2 28 71 16 25 23 66 57 7 43 68 80 8,heads,major,2
2026-08-02T20:30:20Z,698,57 54 59 25 24 73 66 75 28 9 77 60 42 55 16 41 31 18 38 67,tails,regular,5
2026-08-02T20:33:00Z,699,5 79 43 48 22 78 44 62 72 7 76 53 56 10 21 9 26 35 57 65,tails,minor,2
2026-08-02T20:35:40Z,700,38 69 39 31 1 57 2 34 63 13 9 29 27 64 6 68 51 12 45 48,heads,minor,1
2026-08-02T20:38:20Z,701,5 4 79 8 57 21 65 18 39 10 69 37 55 19 43 74 45 13 64 61,evens,regular,1
2026-08-02T20:41:00Z,702,52 40 26 45 8 72 44 27 14 63 62 60 24 18 41 51 59 69 53 71,tails,regular,1
2026-08-02T20:43:40Z,703,40 10 27 14 52 54 6 39 33 72 77 50 73 48 59 12 37 53 32 34,heads,regular,2
2026-08-02T20:46:20Z,704,40 76 29 37 60 70 73 32 15 11 5 12 16 10 8 58 28 20 51 44,heads,regular,1
2026-08-02T20:49:00Z,705,35 55 75 27 13 47 62 52 29 9 66 65 60 68 71 79 39 44 16 17,tails,regular,1
2026-08-02T20:51:40Z,706,56 25 11 8 55 27 9 12 35 73 3 76 49 46 38 51 34 37 21 75,heads,regular,1
2026-08-02T20:54:20Z,707,29 33 16 63 69 19 80 10 40 36 2 75 5 1 54 57 39 43 50 46,heads,major,1
2026-08-02T20:57:00Z,708,68 76 73 18 55 41 21 63 53 70 1 29 39 80 72 62 78 3 36 35,tails,minor,1
2026-08-02T20:59:40Z,709,36 59 13 12 56 9 50 14 64 77 38 40 30 31 47 62 45 76 51 67,tails,minor,1
2026-08-02T21:02:20Z,710,38 65 40 53 77 2 41 42 16 28 9 14 50 19 71 17 39 44 46 11,heads,major,1
2026-08-02T21:05:00Z,711,1 68 55 67 8 33 79 14 50 74 73 47 43 53 32 60 57 48 61 80,tails,minor,3
2026-08-02T21:07:40Z,712,70 12 28 61 1 43 63 7 6 36 29 4 5 18 68 64 67 23 54 79,heads,regular,2
2026-08-02T21:10:20Z,713,56 70 29 76 40 59 23 3 12 57 55 54 63 24 15 52 58 61 19 21,tails,minor,1
2026-08-02T21:13:00Z,714,66 40 37 28 13 79 70 14 72 45 20 67 17 4 7 60 6 3 19 42,heads,minor,1
2026-08-02T21:15:40Z,715,53 3 65 77 78 35 68 51 60 5 29 75 9 21 32 17 41 52 58 40,tails,major,1
2026-08-02T21:18:20Z,716,55 18 62 53 75 19 31 66 16 15 6 47 23 43 69 29 27 37 25 42,heads,regular,4
2026-08-02T21:21:00Z,717,45 15 52 6 68 41 2 56 29 17 57 70 11 18 31 61 4 7 42 10,heads,regular,10
2026-08-02T21:23:40Z,718,39 76 18 38 64 36 37 34 26 69 61 25 9 2 35 45 59 28 78 46,heads,regular,2
2026-08-02T21:26:20Z,719,4 57 58 36 78 74 42 79 67 3 54 11 31 16 68 29 19 37 26 35,heads,regular,3
2026-08-02T21:29:00Z,720,13 19 40 77 29 34 4 35 55 21 53 16 2 59 33 63 20 28 75 50,heads,regular,3
2026-08-02T21:31:40Z,721,7 15 24 3 11 41 38 65 66 47 43 26 9 69 21 62 78 63 77 42,tails,regular,1
2026-08-02T21:34:20Z,722,40 26 43 50 29 13 19 78 6 15 16 61 33 53 25 71 28 7 74 75,heads,regular,1
2026-08-02T21:37:00Z,723,71 65 52 35 49 32 1 30 57 4 19 2 11 18 6 5 42 70 45 54,heads,regular,2
2026-08-02T21:39:40Z,724,47 26 56 28 62 41 64 9 4 8 20 74 35 53 54 76 32 60 6 65,tails,regular,1
2026-08-02T21:42:20Z,725,13 77 4 58 27 34 14 18 42 9 40 25 59 12 11 63 49 57 73 65,heads,regular,3
2026-08-02T21:45:00Z,726,73 77 71 46 52 70 59 60 19 65 26 49 63 22 1 45 72 79 75 62,tails,regular,1
2026-08-02T21:47:40Z,727,44 77 51 33 79 2 14 59 56 62 28 52 3 40 36 22 63 43 41 65,tails,regular,3
2026-08-02T21:50:20Z,728,18 71 29 51 32 74 10 41 75 5 3 50 4 24 66 69 76 52 2 43,tails,regular,2
2026-08-02T21:53:00Z,729,15 44 12 70 76 10 22 14 73 24 38 67 13 26 32 57 65 46 63 36,heads,regular,2
2026-08-02T21:55:40Z,730,15 18 44 62 8 65 20 1 75 19 3 17 55 61 68 49 37 69 57 39,evens,regular,5
2026-08-02T21:58:20Z,731,44 58 40 1 55 30 45 72 67 68 56 7 48 17 61 11 3 8 70 29,tails,minor,4
2026-08-02T22:01:00Z,732,22 75 12 56 19 4 21 41 73 76 17 70 7 6 50 49 23 65 2 59,evens,regular,1
2026-08-02T22:03:40Z,733,12 45 25 57 46 15 21 22 14 10 52 23 58 47 28 67 34 19 27 16,heads,major,3
2026-08-02T22:06:20Z,734,41 39 55 63 16 68 57 36 29 8 7 62 18 64 14 25 9 4 32 71,heads,minor,1
2026-08-02T22:09:00Z,735,14 75 52 21 61 11 50 76 42 65 45 12 8 24 69 4 60 36 20 26,evens,regular,2
2026-08-02T22:11:40Z,736,28 66 64 78 24 42 10 5 35 29 2 40 18 32 58 38 27 7 77 54,heads,regular,2
2026-08-02T22:14:20Z,737,28 16 9 27 29 54 37 42 68 53 80 3 36 11 72 61 59 66 75 60,tails,minor,3
2026-08-02T22:17:00Z,738,54 11 30 64 2 71 15 66 6 9 13 1 41 62 10 59 40 31 57 45,heads,regular,2
2026-08-02T22:19:40Z,739,12 28 42 68 45 11 65 61 51 7 77 16 49 40 48 17 41 2 21 19,evens,regular,3
2026-08-02T22:22:20Z,740,60 34 33 32 30 43 22 7 14 11 24 10 19 69 63 74 13 41 20 46,heads,regular,3
2026-08-02T22:25:00Z,741,37 2 56 12 80 74 40 60 50 67 75 4 1 57 26 9 77 21 48 58,tails,regular,1
2026-08-02T22:27:40Z,742,66 75 50 2 29 6 44 77 24 28 70 15 60 64 74 67 55 26 37 25,tails,regular,3
2026-08-02T22:30:20Z,743,56 75 60 12 41 70 68 67 39 4 15 47 24 53 31 26 51 74 33 23,tails,major,1
2026-08-02T22:33:00Z,744,20 28 49 18 63 60 71 36 15 27 9 44 38 62 66 57 40 11 8 42,heads,major,2
2026-08-02T22:35:40Z,745,44 50 32 2 47 61 69 43 65 18 46 62 30 39 19 55 76 54 59 42,tails,minor,3
2026-08-02T22:38:20Z,746,37 70 56 18 50 59 49 66 75 32 45 55 21 80 47 14 19 46 58 5,tails,regular,1
2026-08-02T22:41:00Z,747,40 8 68 36 80 2 9 66 41 23 75 6 30 76 39 53 31 12 79 33,heads,regular,1
2026-08-02T22:43:40Z,748,20 41 39 54 45 16 6 71 52 32 66 34 74 72 47 26 51 76 13 48,tails,regular,1
2026-08-02T22:46:20Z,749,43 79 41 58 42 16 4 24 67 60 65 66 11 51 52 59 29 14 23 62,tails,regular,1
2026-08-02T22:49:00Z,750,63 52 60 4 43 41 55 57 3 22 35 80 44 56 33 76 36 47 23 9,tails,regular,2
2026-08-02T22:51:40Z,751,64 16 58 76 51 73 14 47 18 80 10 37 38 21 70 28 45 53 68 15,tails,regular,2
2026-08-02T22:54:20Z,752,70 1 44 55 6 8 52 73 79 56 25 62 42 28 51 30 48 26 49 76,tails,regular,3
2026-08-02T22:57:00Z,753,53 39 41 47 56 80 18 71 30 1 24 6 60 9 22 4 77 35 27 66,heads,minor,2
2026-08-02T22:59:40Z,754,5 73 58 78 45 27 40 26 28 20 19 9 8 38 69 42 80 65 6 37,heads,regular,1
2026-08-02T23:02:20Z,755,6 37 16 2 33 18 39 20 73 45 71 36 58 15 30 27 67 32 29 43,heads,minor,1
2026-08-02T23:05:00Z,756,64 35 71 69 66 45 24 25 23 65 42 46 29 37 39 4 43 80 18 57,tails,regular,2
2026-08-02T23:07:40Z,757,80 68 19 61 46 64 33 11 3 30 54 71 8 51 69 67 10 65 18 24,tails,regular,1
2026-08-02T23:10:20Z,758,2 62 56 26 3 23 53 70 47 9 80 42 50 66 29 7 39 71 76 68,tails,regular,1
2026-08-02T23:13:00Z,759,2 37 5 52 57 54 61 80 45 72 71 22 78 40 32 36 4 19 51 79,tails,regular,1
2026-08-02T23:15:40Z,760,40 32 68 64 35 3 79 21 54 57 28 50 30 62 39 20 19 1 73 80,heads,regular,1
2026-08-02T23:18:20Z,761,31 30 24 46 61 57 6 8 75 43 36 27 18 56 68 51 22 29 69 28,heads,major,1
2026-08-02T23:21:00Z,762,39 40 24 14 5 45 27 57 51 19 20 28 36 54 77 30 56 48 32 46,heads,minor,3
2026-08-02T23:23:40Z,763,19 47 18 48 26 62 33 7 55 52 70 61 38 64 65 50 28 59 75 27,tails,regular,3
2026-08-02T23:26:20Z,764,20 27 9 32 46 25 23 79 11 69 64 19 12 34 36 30 44 58 42 24,heads,major,3
2026-08-02T23:29:00Z,765,4 40 69 60 8 59 2 77 80 70 31 34 65 25 78 67 50 20 32 51,tails,regular,1
2026-08-02T23:31:40Z,766,24 21 34 5 60 69 79 14 58 72 13 40 56 4 70 28 27 7 25 29,heads,regular,2
2026-08-02T23:34:20Z,767,9 32 56 43 33 70 31 60 20 13 15 77 1 64 6 55 50 11 45 57,evens,minor,3
2026-08-02T23:37:00Z,768,77 33 65 40 11 45 6 19 21 59 73 3 55 69 80 76 58 37 27 44,tails,minor,2
2026-08-02T23:39:40Z,769,49 10 44 32 7 6 73 72 23 57 5 27 41 40 4 80 64 46 75 50,tails,minor,10
2026-08-02T23:42:20Z,770,14 40 19 25 74 22 3 20 15 29 61 51 44 63 55 50 9 58 37 53,heads,minor,2
2026-08-02T23:45:00Z,771,40 41 33 26 29 18 47 13 39 42 14 53 70 7 62 16 43 72 48 69,evens,regular,5
2026-08-02T23:47:40Z,772,62 28 80 16 26 30 29 49 34 72 38 21 22 39 50 33 76 44 78 55,heads,regular,2
2026-08-02T23:50:20Z,773,35 80 69 28 43 75 13 16 40 66 37 52 49 65 17 2 70 9 63 3,evens,minor,1
2026-08-02T23:53:00Z,774,53 14 33 78 20 43 40 36 61 52 74 32 30 25 76 2 31 13 49 65,heads,major,1
2026-08-02T23:55:40Z,775,70 35 17 12 50 57 78 37 44 43 53 16 11 68 69 79 65 24 61 56,tails,regular,3
2026-08-02T23:58:20Z,776,40 28 11 44 71 10 27 19 38 51 58 31 45 52 4 36 59 12 37 80,heads,regular,2
2026-08-03T00:01:00Z,777,34 75 54 68 52 32 20 61 41 9 70 13 57 14 60 15 80 30 63 46,tails,regular,3
2026-08-03T00:03:40Z,778,53 18 6 42 71 11 8 46 16 74 73 12 62 50 38 72 77 76 15 78,tails,minor,2
2026-08-03T00:06:20Z,779,64 74 67 10 3 52 57 66 76 75 56 1 40 48 41 80 20 63 50 72,tails,minor,2
2026-08-03T00:09:00Z,780,79 43 12 17 58 1 16 13 28 36 37 72 60 53 56 14 4 3 46 6,heads,regular,3
2026-08-03T00:11:40Z,781,64 4 14 3 31 18 42 75 44 16 52 35 43 32 70 56 9 60 23 40,heads,regular,2
2026-08-03T00:14:20Z,782,63 17 27 61 55 21 73 68 44 29 38 26 57 18 69 33 39 74 5 7,heads,regular,3
2026-08-03T00:17:00Z,783,74 77 78 1 45 75 37 9 44 46 13 34 62 73 57 30 28 16 64 29,tails,minor,1
2026-08-03T00:19:40Z,784,62 61 50 49 23 34 70 7 64 67 73 1 76 55 30 42 79 24 68 25,tails,regular,2
2026-08-03T00:22:20Z,785,76 55 10 57 51 24 6 3 43 8 11 62 5 16 60 74 61 54 78 48,tails,minor,1
2026-08-03T00:25:00Z,786,8 14 74 60 78 41 47 67 17 27 76 33 21 2 43 58 75 64 31 16,tails,regular,1
2026-08-03T00:27:40Z,787,47 3 74 14 46 57 10 37 31 55 8 15 64 39 51 28 71 12 32 23,heads,regular,1
2026-08-03T00:30:20Z,788,32 25 79 6 73 20 24 1 38 4 76 66 3 50 28 67 54 9 52 42,heads,regular,2
2026-08-03T00:33:00Z,789,46 28 36 76 31 17 79 71 38 30 67 12 41 50 26 52 15 57 4 32,heads,minor,1
2026-08-03T00:35:40Z,790,68 77 72 71 67 75 56 43 36 60 51 16 53 14 78 32 26 64 21 38,tails,minor,3
2026-08-03T00:38:20Z,791,5 56 64 39 40 50 47 52 16 10 3 13 36 76 78 49 80 29 46 23,evens,regular,1
2026-08-03T00:41:00Z,792,46 8 39 60 55 69 12 72 78 50 16 47 52 27 49 76 25 57 22 54,tails,major,1
2026-08-03T00:43:40Z,793,54 78 80 71 44 1 8 43 30 45 72 33 67 5 14 61 6 15 40 75,tails,regular,10
2026-08-03T00:46:20Z,794,68 27 2 18 29 25 6 37 66 71 75 21 44 22 64 7 58 47 15 55,heads,regular,3
2026-08-03T00:49:00Z,795,37 10 58 28 47 3 69 71 25 36 66 15 59 65 41 14 64 23 13 9,heads,regular,2
2026-08-03T00:51:40Z,796,39 60 62 68 21 47 32 8 27 45 42 40 79 22 10 69 26 1 72 75,evens,regular,2
2026-08-03T00:54:20Z,797,60 56 39 64 42 77 58 59 65 10 29 14 41 43 49 21 19 32 12 5,tails,regular,2
2026-08-03T00:57:00Z,798,14 71 17 63 75 24 59 68 65 49 53 43 21 44 23 5 67 52 57 45,tails,regular,5
2026-08-03T00:59:40Z,799,61 23 31 26 32 57 19 72 12 63 46 3 60 66 70 48 42 64 58 59,tails,regular,1
2026-08-03T01:02:20Z,800,65 43 33 41 75 1 49 71 32 69 62 42 72 34 30 58 76 22 63 66,tails,regular,1
2026-08-03T01:05:00Z,801,34 80 43 76 40 42 49 54 19 11 60 68 48 31 12 73 35 28 2 71,tails,regular,3
2026-08-03T01:07:40Z,802,64 36 79 75 45 1 47 52 28 37 30 74 54 56 57 2 23 43 6 15,tails,regular,3
2026-08-03T01:10:20Z,803,67 28 11 7 19 35 63 75 56 60 33 52 59 73 42 31 54 22 45 26,tails,regular,1
2026-08-03T01:13:00Z,804,31 67 7 30 52 20 61 44 25 24 55 68 77 1 45 27 29 4 62 10,heads,minor,3
2026-08-03T01:15:40Z,805,57 27 68 54 50 80 21 25 10 33 15 42 77 44 22 39 14 67 48 41,tails,regular,1
2026-08-03T01:18:20Z,806,60 15 29 12 11 31 70 7 59 73 27 32 63 13 17 1 45 28 24 26,heads,minor,1
2026-08-03T01:21:00Z,807,9 14 5 55 40 33 65 41 75 74 35 72 73 8 53 31 12 7 29 26,heads,regular,3
2026-08-03T01:23:40Z,808,13 25 7 3 69 31 79 70 43 12 2 53 57 63 33 14 21 10 46 37,heads,minor,5
2026-08-03T01:26:20Z,809,57 78 52 80 7 4 30 42 39 27 77 13 15 54 66 49 22 69 40 46,tails,regular,3
2026-08-03T01:29:00Z,810,53 49 42 28 33 44 6 60 67 34 18 27 71 38 16 45 29 48 8 75,evens,regular,2
2026-08-03T01:31:40Z,811,25 73 54 66 1 57 22 77 3 53 47 33 56 24 43 75 31 70 48 63,tails,regular,5
2026-08-03T01:34:20Z,812,22 29 23 49 5 78 2 8 73 7 52 6 76 74 12 43 47 60 61 44,tails,regular,2
2026-08-03T01:37:00Z,813,64 44 18 31 61 51 37 75 5 47 30 42 35 8 36 60 24 25 57 14,heads,major,2
2026-08-03T01:39:40Z,814,33 77 42 50 40 18 66 19 62 24 12 72 20 44 25 67 21 45 38 17,heads,regular,1
2026-08-03T01:42:20Z,815,35 16 73 9 27 72 30 80 65 33 76 66 22 36 74 63 21 18 23 38,heads,minor,1
2026-08-03T01:45:00Z,816,78 10 42 26 64 69 40 77 3 53 73 74 19 31 37 56 48 71 8 34,tails,minor,3
2026-08-03T01:47:40Z,817,31 12 40 24 3 71 46 35 16 29 2 17 58 28 50 21 60 79 1 5,heads,regular,1
2026-08-03T01:50:20Z,818,43 68 65 61 70 18 52 63 25 31 7 38 76 72 44 48 39 55 8 23,tails,regular,2
2026-08-03T01:53:00Z,819,65 25 16 46 24 26 29 51 28 6 41 67 44 2 35 79 74 60 75 5,evens,regular,2
2026-08-03T01:55:40Z,820,13 30 46 19 26 57 34 29 42 25 10 32 40 55 36 60 48 51 1 31,heads,minor,2
2026-08-03T01:58:20Z,821,24 71 58 39 53 36 1 37 49 66 7 23 28 72 78 69 8 34 65 61,evens,regular,1
2026-08-03T02:01:00Z,822,76 43 27 78 14 79 73 75 41 9 47 64 72 44 28 55 2 22 8 24,tails,regular,3
2026-08-03T02:03:40Z,823,29 71 70 58 13 78 44 69 19 49 43 55 59 76 33 66 2 77 38 80,tails,regular,1
2026-08-03T02:06:20Z,824,44 80 23 55 43 77 34 36 69 10 58 22 18 56 71 29 53 76 54 33,tails,regular,2
2026-08-03T02:09:00Z,825,10 48 25 51 32 19 77 55 22 72 46 57 3 36 24 68 52 39 80 34,evens,minor,3
2026-08-03T02:11:40Z,826,26 12 69 80 63 76 58 52 36 56 66 7 32 20 43 8 15 48 28 25,evens,regular,1
2026-08-03T02:14:20Z,827,76 73 47 52 37 13 5 49 24 66 56 16 77 57 14 21 38 60 58 42,tails,regular,3
2026-08-03T02:17:00Z,828,34 3 8 37 18 40 13 47 4 71 70 36 21 44 12 49 46 61 23 64,heads,major,2
2026-08-03T02:19:40Z,829,9 76 43 12 28 61 31 56 74 13 33 22 78 23 5 14 19 45 62 20,heads,minor,2
2026-08-03T02:22:20Z,830,2 8 12 35 39 64 65 37 17 57 62 11 59 36 4 38 3 58 73 66,heads,major,1
2026-08-03T02:25:00Z,831,28 74 34 24 26 15 40 1 3 44 65 63 43 80 59 5 37 41 77 71,evens,major,4
2026-08-03T02:27:40Z,832,6 9 16 42 50 30 12 62 46 28 43 77 22 47 7 17 54 29 21 11,heads,regular,3
2026-08-03T02:30:20Z,833,57 25 48 65 30 55 49 14 59 56 66 80 37 8 50 52 20 35 71 22,tails,regular,1
2026-08-03T02:33:00Z,834,12 65 46 26 37 24 66 59 15 19 72 39 68 80 77 38 53 2 67 21,evens,minor,3
2026-08-03T02:35:40Z,835,68 43 16 35 14 70 42 11 67 48 63 71 34 29 75 69 78 18 5 9,tails,minor,2
2026-08-03T02:38:20Z,836,30 77 47 29 31 69 52 60 20 22 50 3 66 74 75 2 10 7 28 45,evens,regular,1
2026-08-03T02:41:00Z,837,8 36 38 41 3 42 5 29 58 31 73 67 27 20 4 32 69 14 1 50,heads,regular,3
2026-08-03T02:43:40Z,838,70 72 35 47 11 33 25 1 43 40 7 31 64 39 17 80 73 22 8 37,heads,regular,1
2026-08-03T02:46:20Z,839,63 14 57 23 10 69 42 51 35 30 44 16 61 31 58 49 3 12 38 60,evens,minor,2
2026-08-03T02:49:00Z,840,38 25 43 28 24 58 52 26 18 19 45 6 10 77 46 54 66 15 49 22,heads,minor,10
2026-08-03T02:51:40Z,841,28 47 50 43 56 68 1 35 80 54 72 79 36 57 51 5 2 44 45 27,tails,regular,2
2026-08-03T02:54:20Z,842,6 59 61 57 66 29 58 78 56 50 53 75 23 43 49 62 69 73 35 47,tails,regular,2
2026-08-03T02:57:00Z,843,70 4 79 35 25 20 73 53 74 30 75 78 18 3 32 57 41 2 77 46,tails,minor,1
2026-08-03T02:59:40Z,844,47 19 45 9 50 31 64 1 68 39 23 29 30 44 6 10 16 43 56 17,heads,regular,10
2026-08-03T03:02:20Z,845,79 19 70 4 72 12 21 1 80 64 47 77 40 60 56 63 23 11 51 32,tails,regular,2
2026-08-03T03:05:00Z,846,4 79 66 77 59 74 34 10 58 62 43 11 33 24 75 73 63 28 21 36,tails,regular,2
2026-08-03T03:07:40Z,847,31 6 70 52 61 22 63 60 80 26 68 65 74 47 41 78 15 25 49 24,tails,regular,2
2026-08-03T03:10:20Z,848,28 26 33 72 76 63 22 29 71 8 9 13 35 5 77 4 57 51 46 78,heads,regular,2
2026-08-03T03:13:00Z,849,4 14 12 60 49 8 1 55 59 20 32 50 24 54 74 42 15 46 80 36,evens,regular,2
2026-08-03T03:15:40Z,850,5 52 38 62 27 37 74 36 24 33 26 4 61 43 69 63 49 21 73 53,evens,minor,3
2026-08-03T03:18:20Z,851,2 58 19 47 44 73 41 59 11 31 27 29 35 42 32 80 40 15 70 26,heads,minor,2
2026-08-03T03:21:00Z,852,51 60 30 56 73 59 54 62 14 61 1 47 35 66 26 76 70 79 64 53,tails,major,1
2026-08-03T03:23:40Z,853,64 69 30 73 26 66 54 38 23 27 49 63 33 42 55 72 76 37 68 44,tails,regular,1
2026-08-03T03:26:20Z,854,54 28 2 6 1 75 11 19 49 57 67 76 80 79 39 44 58 13 47 14,tails,regular,2
2026-08-03T03:29:00Z,855,22 24 56 65 64 21 36 76 62 69 15 67 71 31 68 47 55 61 75 57,tails,minor,3
2026-08-03T03:31:40Z,856,41 6 28 2 24 22 50 76 27 48 7 69 25 72 45 80 73 57 10 64,tails,minor,3
2026-08-03T03:34:20Z,857,65 55 67 17 60 31 58 39 73 51 14 56 44 18 76 79 28 75 6 29,tails,regular,2
2026-08-03T03:37:00Z,858,47 42 31 9 29 46 78 70 77 37 39 44 34 25 28 20 72 69 4 56,evens,regular,3
2026-08-03T03:39:40Z,859,12 69 59 6 53 21 61 40 14 56 51 17 45 33 10 4 26 57 54 43,evens,regular,2
2026-08-03T03:42:20Z,860,31 39 42 77 14 58 11 66 67 62 48 23 37 73 2 54 52 26 59 13,tails,regular,1
2026-08-03T03:45:00Z,861,30 49 48 58 7 75 65 13 26 21 9 2 73 52 69 68 31 12 19 18,heads,minor,3
2026-08-03T03:47:40Z,862,1 21 17 3 27 12 26 78 34 58 54 43 59 73 72 50 6 65 20 36,heads,regular,1
2026-08-03T03:50:20Z,863,26 53 14 39 59 48 23 45 1 74 30 19 36 33 80 66 56 43 37 64,evens,regular,2
2026-08-03T03:53:00Z,864,75 23 38 53 69 36 19 80 73 66 48 35 34 59 26 7 50 63 16 67,tails,minor,2
2026-08-03T03:55:40Z,865,54 35 29 46 43 32 49 22 75 18 39 17 10 57 67 62 64 36 19 56,evens,major,4
2026-08-03T03:58:20Z,866,44 76 8 72 74 19 32 46 1 38 49 16 21 63 58 48 37 66 79 26,tails,regular,1
2026-08-03T04:01:00Z,867,35 25 20 31 1 66 28 48 70 3 58 21 13 18 14 46 2 8 63 4,heads,minor,3
2026-08-03T04:03:40Z,868,75 13 39 40 31 24 25 29 36 65 5 16 41 59 72 66 79 76 19 61,heads,minor,2
2026-08-03T04:06:20Z,869,67 13 56 62 15 37 53 66 42 46 35 71 47 29 50 60 30 33 26 68,tails,regular,2
2026-08-03T04:09:00Z,870,9 36 66 18 22 30 57 4 49 14 43 31 12 17 26 5 72 41 55 69,heads,minor,1
2026-08-03T04:11:40Z,871,43 4 11 53 47 15 50 69 60 14 39 61 38 29 46 71 58 2 8 51,tails,minor,4
2026-08-03T04:14:20Z,872,44 23 19 42 18 30 74 53 45 3 67 63 47 43 77 39 71 25 56 34,tails,regular,1
2026-08-03T04:17:00Z,873,80 52 63 44 39 77 21 8 18 73 53 33 37 76 62 13 1 3 23 49,evens,regular,2
2026-08-03T04:19:40Z,874,21 69 57 77 75 8 23 56 10 36 46 11 37 42 73 49 74 38 44 33,tails,regular,1
2026-08-03T04:22:20Z,875,1 4 51 25 35 31 53 30 9 61 15 41 56 44 37 70 47 14 79 22,heads,major,1
2026-08-03T04:25:00Z,876,57 68 4 77 32 74 63 11 76 61 15 37 36 49 27 72 40 19 62 10,evens,major,1
2026-08-03T04:27:40Z,877,47 18 39 48 54 36 11 33 26 46 16 71 79 69 15 24 70 65 50 9,evens,minor,3
2026-08-03T04:30:20Z,878,18 45 32 41 80 53 27 1 5 79 51 6 7 42 74 36 15 55 11 76,evens,regular,5
2026-08-03T04:33:00Z,879,61 22 33 80 41 3 78 59 65 12 9 57 69 39 70 71 74 66 77 40,tails,regular,3
2026-08-03T04:35:40Z,880,59 18 51 17 21 49 64 24 8 42 61 56 52 20 68 32 66 45 31 38,tails,regular,2
2026-08-03T04:38:20Z,881,29 75 72 35 56 9 2 39 42 25 13 76 77 11 8 22 52 62 80 24,heads,major,3
2026-08-03T04:41:00Z,882,7 9 43 39 48 56 53 65 27 42 33 46 67 74 23 44 24 76 68 15,tails,regular,3
2026-08-03T04:43:40Z,883,12 21 68 74 78 49 38 13 40 27 76 53 6 50 52 48 25 32 11 63,evens,regular,2
2026-08-03T04:46:20Z,884,31 17 18 50 69 1 49 27 3 35 14 73 71 5 30 24 29 58 61 36,heads,major,2
2026-08-03T04:49:00Z,885,64 60 78 56 32 49 24 52 67 41 8 65 55 39 12 16 11 23 51 37,tails,regular,2
2026-08-03T04:51:40Z,886,20 42 49 33 9 71 17 37 6 38 7 60 36 75 53 76 22 46 52 72,evens,regular,3
2026-08-03T04:54:20Z,887,76 39 19 62 38 31 70 68 45 33 80 71 69 2 10 12 27 58 50 75,tails,major,2
2026-08-03T04:57:00Z,888,43 32 76 2 68 57 34 78 70 6 46 3 62 67 15 9 69 44 58 63,tails,regular,1
2026-08-03T04:59:40Z,889,58 47 21 18 79 6 31 26 15 48 29 1 80 12 19 51 49 63 2 32,heads,regular,2
2026-08-03T05:02:20Z,890,46 74 44 3 80 53 71 17 14 12 40 59 16 45 26 41 70 78 67 28,tails,regular,1
2026-08-03T05:05:00Z,891,60 59 11 69 3 44 77 23 73 79 5 54 76 47 10 74 25 51 45 68,tails,major,3
2026-08-03T05:07:40Z,892,51 79 33 37 17 16 44 8 13 5 14 49 55 64 35 75 48 61 10 76,evens,minor,4
2026-08-03T05:10:20Z,893,45 59 13 28 39 9 34 64 42 10 40 79 72 61 55 57 22 6 62 76,tails,regular,1
2026-08-03T05:13:00Z,894,47 43 11 61 30 51 1 44 71 79 50 4 67 31 62 10 39 42 13 63,tails,regular,2
2026-08-03T05:15:40Z,895,2 25 56 7 35 18 76 78 74 14 72 37 58 51 49 64 11 28 55 41,tails,major,4
2026-08-03T05:18:20Z,896,77 27 30 53 11 16 32 15 47 72 3 65 52 14 22 17 25 1 80 8,heads,minor,3
2026-08-03T05:21:00Z,897,64 56 55 35 77 21 49 11 15 76 34 54 45 38 18 20 52 25 65 28,evens,regular,4
2026-08-03T05:23:40Z,898,48 37 13 26 63 45 56 42 15 22 66 19 1 76 75 54 68 18 59 32,tails,minor,1
2026-08-03T05:26:20Z,899,47 13 28 46 66 49 41 76 77 73 55 33 75 9 5 19 58 70 64 35,tails,regular,1
2026-08-03T05:29:00Z,900,15 36 8 17 47 14 73 34 59 31 28 45 69 29 46 55 51 23 22 68,heads,regular,3
2026-08-03T05:31:40Z,901,46 17 26 77 24 79 25 50 69 22 36 66 55 76 73 43 33 3 68 1,tails,minor,2
2026-08-03T05:34:20Z,902,30 16 21 10 70 58 75 63 28 68 72 45 9 78 13 20 79 65 37 60,tails,regular,2
2026-08-03T05:37:00Z,903,15 30 1 63 23 2 47 32 55 46 26 73 60 7 10 79 16 27 51 4,heads,minor,3
2026-08-03T05:39:40Z,904,11 78 51 32 62 18 38 29 55 26 5 37 21 76 25 70 2 68 54 49,heads,regular,1
2026-08-03T05:42:20Z,905,46 71 74 48 51 72 29 30 55 27 76 10 41 56 34 65 24 21 17 3,tails,minor,3
2026-08-03T05:45:00Z,906,24 77 27 10 32 36 11 15 61 46 43 78 25 42 33 18 44 9 56 67,heads,regular,5
2026-08-03T05:47:40Z,907,19 39 26 1 22 16 20 40 50 29 63 18 74 72 7 64 51 11 60 25,heads,regular,3
2026-08-03T05:50:20Z,908,68 41 71 54 27 14 6 56 77 42 17 63 60 20 38 8 73 52 55 59,tails,regular,1
2026-08-03T05:53:00Z,909,26 40 35 77 58 12 51 4 39 59 75 28 45 73 2 70 80 36 47 57,tails,major,1
2026-08-03T05:55:40Z,910,30 50 27 56 32 76 24 33 44 14 37 58 19 15 41 62 10 39 18 20,heads,regular,5
2026-08-03T05:58:20Z,911,46 47 33 69 71 2 3 68 54 5 19 6 16 26 24 55 49 66 25 77,evens,regular,3
2026-08-03T06:01:00Z,912,36 27 74 32 8 62 14 70 39 49 80 61 6 43 58 15 2 54 45 65,tails,regular,2
2026-08-03T06:03:40Z,913,62 9 34 23 70 18 66 58 46 32 33 79 69 51 31 41 73 72 57 78,tails,regular,1
2026-08-03T06:06:20Z,914,55 57 56 74 21 26 45 73 80 9 12 22 6 77 48 75 42 53 14 38,tails,regular,1
2026-08-03T06:09:00Z,915,53 12 23 30 20 46 62 34 36 80 74 29 15 10 75 16 3 72 71 13,heads,regular,3
2026-08-03T06:11:40Z,916,25 55 65 43 51 31 44 23 18 24 10 13 11 45 62 79 77 63 70 74,tails,regular,1
2026-08-03T06:14:20Z,917,38 4 74 43 18 73 59 29 76 26 37 77 50 11 2 51 39 33 48 67,evens,regular,1
2026-08-03T06:17:00Z,918,6 76 28 75 25 33 53 80 63 55 41 27 56 16 51 57 35 68 4 3,tails,regular,1
2026-08-03T06:19:40Z,919,72 22 76 12 11 1 4 74 45 44 46 38 42 43 79 51 29 3 34 27,evens,regular,2
2026-08-03T06:22:20Z,920,43 39 47 56 59 52 80 19 69 40 73 25 28 11 24 33 42 67 37 21,evens,minor,2
2026-08-03T06:25:00Z,921,23 61 17 38 28 29 12 37 35 73 5 80 51 33 2 1 7 69 25 43,heads,regular,1
2026-08-03T06:27:40Z,922,80 18 11 71 22 28 3 24 74 30 25 13 54 31 40 29 78 60 67 43,heads,regular,2
2026-08-03T06:30:20Z,923,5 60 71 45 28 13 80 8 53 56 63 38 75 48 72 70 65 57 24 68,tails,regular,5
2026-08-03T06:33:00Z,924,29 3 8 7 55 47 72 45 64 37 19 58 69 51 71 67 27 79 34 35,tails,minor,1
2026-08-03T06:35:40Z,925,79 19 38 48 66 56 50 74 28 59 9 62 12 24 53 71 72 54 65 63,tails,regular,1
2026-08-03T06:38:20Z,926,78 36 11 35 37 14 5 69 22 47 12 42 73 59 4 28 10 72 13 57,heads,minor,2
2026-08-03T06:41:00Z,927,73 21 74 3 24 51 42 67 37 25 12 32 35 11 31 52 60 27 19 56,heads,regular,2
2026-08-03T06:43:40Z,928,68 28 30 5 21 39 75 70 22 15 7 43 23 76 49 62 27 8 66 9,heads,major,1
2026-08-03T06:46:20Z,929,9 14 15 78 11 46 30 1 77 74 48 54 49 10 66 59 31 52 80 38,tails,regular,10
2026-08-03T06:49:00Z,930,55 67 34 38 45 56 27 63 70 72 31 76 37 17 22 68 78 4 2 74,tails,regular,10
2026-08-03T06:51:40Z,931,10 73 61 47 17 13 37 3 22 24 5 23 63 41 64 43 79 38 31 45,heads,minor,3
2026-08-03T06:54:20Z,932,13 49 26 55 30 64 35 21 11 38 42 32 22 61 34 45 66 50 4 33,heads,regular,2
2026-08-03T06:57:00Z,933,73 43 14 57 29 35 41 54 22 28 11 2 31 79 53 49 21 19 56 24,heads,regular,1
2026-08-03T06:59:40Z,934,12 57 72 8 5 68 61 30 23 26 14 65 49 13 47 78 34 25 37 69,heads,minor,1
2026-08-03T07:02:20Z,935,27 38 43 21 41 64 25 72 49 26 65 57 20 29 34 53 51 2 46 23,evens,regular,1
2026-08-03T07:05:00Z,936,32 5 17 37 59 48 62 7 8 63 76 71 74 68 50 4 72 46 30 67,tails,regular,2
2026-08-03T07:07:40Z,937,76 59 75 31 36 9 77 51 68 17 58 50 65 73 67 74 47 48 20 14,tails,minor,2
2026-08-03T07:10:20Z,938,14 9 23 47 41 68 62 16 76 4 17 61 44 40 64 5 35 42 53 36,evens,regular,3
2026-08-03T07:13:00Z,939,69 15 68 36 55 57 49 63 9 25 59 45 24 19 28 16 72 4 52 21,evens,regular,1
2026-08-03T07:15:40Z,940,20 21 4 17 63 47 15 66 24 27 50 70 45 75 23 51 39 60 61 59,tails,regular,1
2026-08-03T07:18:20Z,941,24 7 27 12 70 46 3 59 64 13 4 68 50 16 1 44 25 33 39 53,heads,minor,1
2026-08-03T07:21:00Z,942,23 30 47 66 69 19 73 24 2 6 31 50 58 9 45 16 44 25 14 49,heads,minor,2
2026-08-03T07:23:40Z,943,14 15 43 36 52 72 19 49 62 53 76 74 61 13 50 9 10 38 69 22,tails,regular,1
2026-08-03T07:26:20Z,944,21 25 56 54 52 48 78 68 31 63 80 17 26 8 46 35 3 74 53 28,tails,regular,1
2026-08-03T07:29:00Z,945,6 41 24 50 77 12 80 32 56 71 2 43 40 27 25 26 18 78 22 15,heads,minor,3
2026-08-03T07:31:40Z,946,79 9 49 40 20 61 27 62 6 19 57 13 15 45 35 14 39 63 76 33,heads,regular,1
2026-08-03T07:34:20Z,947,57 36 18 4 23 49 7 37 32 34 17 66 40 53 38 61 75 55 2 79,heads,regular,1
2026-08-03T07:37:00Z,948,80 3 34 37 72 18 74 31 9 58 65 12 76 44 6 52 70 61 43 19,tails,regular,2
2026-08-03T07:39:40Z,949,9 44 5 23 10 60 2 28 63 57 41 29 37 52 68 73 24 13 16 20,heads,regular,1
2026-08-03T07:42:20Z,950,69 11 37 25 42 6 34 20 35 28 13 14 26 40 59 77 73 2 58 19,heads,minor,5
2026-08-03T07:45:00Z,951,18 51 43 22 50 60 1 32 71 31 55 37 63 4 8 25 3 48 30 64,heads,regular,3
2026-08-03T07:47:40Z,952,15 47 29 72 32 74 63 16 1 44 2 24 33 27 56 67 4 73 13 64,heads,regular,3
2026-08-03T07:50:20Z,953,9 1 17 73 49 23 11 10 52 79 78 44 8 29 63 41 14 67 32 30,heads,minor,1
2026-08-03T07:53:00Z,954,66 31 78 54 49 63 1 19 48 71 44 26 20 58 38 50 57 59 28 29,tails,minor,2
2026-08-03T07:55:40Z,955,27 58 44 60 8 73 48 47 12 62 31 55 78 45 65 77 25 69 15 34,tails,regular,2
2026-08-03T07:58:20Z,956,41 14 23 33 54 80 24 68 5 50 60 34 19 8 20 26 78 11 70 53,heads,regular,2
2026-08-03T08:01:00Z,957,64 53 54 37 35 44 4 1 58 12 17 19 62 63 31 9 80 49 73 23,evens,major,1
2026-08-03T08:03:40Z,958,62 31 33 61 8 70 69 19 74 55 23 11 24 47 54 35 9 63 79 10,evens,regular,1
2026-08-03T08:06:20Z,959,55 15 64 72 30 70 45 9 63 12 5 65 67 50 24 1 16 26 60 17,evens,minor,2
2026-08-03T08:09:00Z,960,68 41 34 60 2 71 13 12 72 28 67 4 35 7 5 40 52 3 61 63,heads,regular,2
2026-08-03T08:11:40Z,961,73 19 23 22 43 17 47 53 78 33 29 56 32 66 12 76 50 7 38 54,evens,regular,1
2026-08-03T08:14:20Z,962,6 47 38 44 31 40 74 48 46 70 57 27 5 65 12 68 21 32 3 29,heads,minor,3
2026-08-03T08:17:00Z,963,60 33 80 54 71 26 4 64 59 78 21 16 75 50 44 3 70 66 29 27,tails,regular,2
2026-08-03T08:19:40Z,964,76 70 55 20 36 42 8 2 49 33 6 57 26 58 60 32 5 77 9 12,heads,regular,1
2026-08-03T08:22:20Z,965,41 19 43 56 71 44 70 21 59 49 53 64 75 22 51 38 24 40 65 61,tails,regular,3
2026-08-03T08:25:00Z,966,68 49 50 6 47 17 41 5 80 19 65 60 71 45 55 58 46 35 72 13,tails,regular,1
2026-08-03T08:27:40Z,967,50 51 30 26 52 80 22 9 40 58 11 59 12 73 72 48 2 3 4 23,heads,major,1
2026-08-03T08:30:20Z,968,10 35 77 20 7 18 47 44 48 75 36 54 34 76 31 70 1 30 57 79,evens,regular,2
2026-08-03T08:33:00Z,969,33 74 1 9 47 22 16 43 32 68 56 49 18 6 75 5 41 37 66 12,heads,regular,1
2026-08-03T08:35:40Z,970,41 38 48 4 80 32 20 75 19 59 6 16 15 1 76 5 8 11 74 18,heads,minor,3
2026-08-03T08:38:20Z,971,36 56 53 6 58 51 8 41 33 30 78 42 4 54 15 60 49 12 63 38,tails,minor,3
2026-08-03T08:41:00Z,972,16 29 24 66 36 15 59 52 77 76 28 23 55 17 10 72 69 53 43 26,evens,regular,2
2026-08-03T08:43:40Z,973,26 10 6 62 19 40 52 77 56 33 4 35 29 31 37 36 79 80 51 14,heads,regular,2
2026-08-03T08:46:20Z,974,57 25 10 23 66 63 51 2 28 27 34 32 43 39 55 40 54 45 12 67,heads,regular,1
2026-08-03T08:49:00Z,975,6 75 19 20 74 29 49 12 30 17 38 5 31 78 69 39 68 53 73 18,heads,regular,2
2026-08-03T08:51:40Z,976,31 33 18 9 63 54 43 80 72 19 59 7 64 38 25 32 42 68 36 10,heads,regular,2
2026-08-03T08:54:20Z,977,5 56 35 66 40 76 12 6 42 23 8 26 52 80 10 39 72 3 2 32,heads,minor,2
2026-08-03T08:57:00Z,978,47 32 74 72 46 51 76 53 40 35 62 26 54 80 61 75 22 60 6 68,tails,major,2
2026-08-03T08:59:40Z,979,38 54 5 24 4 17 45 23 59 48 73 57 75 25 67 47 35 26 70 78,tails,regular,3
2026-08-03T09:02:20Z,980,54 33 10 20 70 2 67 39 12 71 64 8 30 49 61 7 75 69 29 18,heads,major,1
2026-08-03T09:05:00Z,981,47 62 22 67 69 60 45 31 15 73 61 20 63 68 49 25 12 23 58 41,tails,major,1
2026-08-03T09:07:40Z,982,33 14 18 37 12 46 10 77 6 52 23 39 58 59 60 47 26 79 25 1,heads,major,1
2026-08-03T09:10:20Z,983,43 4 49 70 6 33 11 77 79 38 61 72 27 17 26 14 60 46 2 58,evens,minor,1
2026-08-03T09:13:00Z,984,6 24 21 3 19 71 2 65 35 37 32 48 43 53 1 70 68 67 42 11,heads,minor,1
2026-08-03T09:15:40Z,985,35 9 33 22 65 61 44 28 73 1 52 14 34 18 64 31 6 2 15 25,heads,regular,1
2026-08-03T09:18:20Z,986,46 25 8 54 76 21 11 1 36 69 26 45 35 74 61 77 80 73 64 6,tails,regular,1
2026-08-03T09:21:00Z,987,51 3 56 64 20 48 55 60 35 16 30 31 2 39 67 29 34 32 66 70,heads,minor,1
2026-08-03T09:23:40Z,988,48 6 27 64 47 60 12 5 43 75 59 3 50 36 77 44 80 21 31 62,tails,minor,3
2026-08-03T09:26:20Z,989,31 9 35 43 54 30 39 8 37 34 53 14 5 7 2 65 19 36 80 1,heads,regular,3
2026-08-03T09:29:00Z,990,47 2 42 35 78 77 37 29 23 10 12 34 3 45 71 73 56 7 52 67,evens,regular,1
2026-08-03T09:31:40Z,991,34 35 3 14 8 63 30 39 7 58 79 57 78 6 37 62 28 41 48 73,heads,regular,1
2026-08-03T09:34:20Z,992,44 31 76 34 10 2 16 25 74 53 20 71 69 4 39 46 67 58 38 30,heads,regular,1
2026-08-03T09:37:00Z,993,28 19 12 60 57 47 71 36 43 50 74 18 40 17 29 27 38 16 59 13,heads,regular,5
2026-08-03T09:39:40Z,994,49 57 35 76 80 77 64 73 8 61 12 67 34 66 74 13 45 27 18 33,tails,regular,1
2026-08-03T09:42:20Z,995,78 42 62 69 25 27 59 79 12 73 66 11 5 38 63 1 34 77 31 10,evens,regular,4
2026-08-03T09:45:00Z,996,67 11 32 76 27 63 69 37 75 71 57 31 24 12 18 79 17 62 44 41,tails,minor,3
2026-08-03T09:47:40Z,997,45 74 48 55 8 29 17 70 68 4 11 51 10 77 80 66 27 22 12 65,tails,regular,2
2026-08-03T09:50:20Z,998,67 37 49 56 32 21 64 41 52 57 20 30 42 51 47 15 25 78 65 34,tails,regular,1
2026-08-03T09:53:00Z,999,7 18 45 49 71 4 80 25 64 16 10 27 36 13 17 43 73 75 21 62,heads,regular,3
2026-08-03T09:55:40Z,1,52 29 46 41 4 18 66 77 59 79 27 47 42 63 24 17 14 12 73 36,tails,minor,3
2026-08-03T09:58:20Z,2,28 48 33 4 25 20 36 55 29 72 2 50 71 76 10 13 70 63 59 1,heads,regular,1
2026-08-03T10:01:00Z,3,13 45 51 40 77 10 52 30 71 70 34 47 76 60 24 62 79 39 38 11,tails,regular,1
2026-08-03T10:03:40Z,4,2 18 68 23 37 41 6 60 11 74 53 78 77 79 14 45 21 54 12 48,tails,regular,3
2026-08-03T10:06:20Z,5,43 20 9 28 72 41 7 33 8 46 25 79 35 50 68 11 23 4 77 2,heads,regular,1
2026-08-03T10:09:00Z,6,23 12 9 3 7 13 19 11 39 51 32 45 69 40 76 78 27 70 47 34,heads,regular,5
2026-08-03T10:11:40Z,7,36 43 66 37 54 52 4 64 31 77 48 53 76 41 59 5 19 34 69 2,tails,regular,3
2026-08-03T10:14:20Z,8,47 15 5 55 64 18 62 48 52 17 2 68 49 36 31 79 71 32 13 33,evens,regular,1
2026-08-03T10:17:00Z,9,12 4 9 66 13 65 36 18 1 35 54 34 77 62 73 27 16 45 5 2,heads,regular,3
2026-08-03T10:19:40Z,10,5 65 68 44 70 58 45 43 4 2 28 15 22 48 56 80 12 76 29 66,tails,regular,2
2026-08-03T10:22:20Z,11,25 66 19 64 37 6 80 45 34 2 38 11 36 12 56 47 41 32 72 7,heads,minor,1
2026-08-03T10:25:00Z,12,27 59 13 20 54 1 71 79 49 4 46 48 55 24 18 33 80 77 34 74,tails,regular,1
2026-08-03T10:27:40Z,13,14 12 33 73 53 80 78 55 46 38 2 59 18 34 31 76 16 11 9 17,heads,regular,1
2026-08-03T10:30:20Z,14,61 65 64 1 7 79 4 36 80 26 50 56 33 45 48 23 70 71 42 14,tails,regular,2
2026-08-03T10:33:00Z,15,39 41 25 44 37 5 30 18 74 42 15 12 57 68 10 24 3 72 7 6,heads,regular,3
2026-08-03T10:35:40Z,16,53 27 65 44 80 60 17 28 13 15 67 79 39 54 72 62 66 12 64 9,tails,regular,1
2026-08-03T10:38:20Z,17,9 32 47 21 64 40 74 33 38 76 14 57 22 10 58 65 28 30 78 12,heads,minor,1
2026-08-03T10:41:00Z,18,11 62 4 28 6 45 57 1 40 50 54 16 80 34 24 68 10 79 14 66,heads,regular,2
2026-08-03T10:43:40Z,19,57 30 28 68 71 50 2 7 53 27 51 75 10 11 6 22 40 73 18 12,heads,regular,1
2026-08-03T10:46:20Z,20,28 22 36 54 77 2 71 69 10 31 3 11 26 13 73 23 64 24 44 29,heads,regular,1
2026-08-03T10:49:00Z,21,39 69 26 23 42 22 33 29 34 8 62 74 52 63 27 50 75 60 40 67,evens,minor,1
2026-08-03T10:51:40Z,22,27 60 14 5 54 18 48 10 72 23 40 19 33 3 69 20 44 71 68 53,heads,minor,1
2026-08-03T10:54:20Z,23,29 18 37 17 13 23 16 47 43 54 61 63 6 9 72 8 73 51 70 66,evens,regular,2
2026-08-03T10:57:00Z,24,14 62 9 30 36 5 79 60 25 49 43 77 29 26 2 19 57 41 28 24,heads,regular,1
2026-08-03T10:59:40Z,25,74 34 45 29 58 54 52 75 67 53 11 10 6 27 36 38 35 23 70 41,evens,regular,4
2026-08-03T11:02:20Z,26,45 76 65 15 68 27 43 22 25 3 19 5 66 40 51 10 38 8 6 23,heads,minor,1
2026-08-03T11:05:00Z,27,25 46 49 35 23 65 7 60 13 29 8 27 26 42 61 33 40 52 48 74,heads,minor,3
2026-08-03T11:07:40Z,28,48 69 43 36 35 13 8 32 68 59 66 40 70 67 61 74 51 12 47 78,tails,major,1
2026-08-03T11:10:20Z,29,38 40 33 72 67 49 37 75 35 62 60 41 63 76 16 69 31 32 73 20,tails,regular,3
2026-08-03T11:13:00Z,30,18 9 27 4 3 10 58 41 17 30 12 2 72 61 47 40 77 54 80 16,heads,regular,1
2026-08-03T11:15:40Z,31,58 53 72 49 13 1 46 24 8 70 33 64 3 34 71 57 59 18 68 6,tails,regular,1
2026-08-03T11:18:20Z,32,64 33 53 23 22 26 17 13 75 18 10 73 46 68 49 25 45 2 48 15,heads,major,1
2026-08-03T11:21:00Z,33,51 12 24 5 55 66 20 33 19 25 23 78 29 79 70 16 69 39 73 47,heads,regular,3
2026-08-03T11:23:40Z,34,3 46 32 60 52 18 63 76 47 44 19 30 8 28 23 25 38 11 67 75,heads,regular,1
2026-08-03T11:26:20Z,35,73 15 80 64 60 61 24 54 62 1 38 35 10 58 65 18 37 77 53 31,tails,minor,3
2026-08-03T11:29:00Z,36,79 50 31 74 48 49 36 63 13 68 53 70 56 80 66 42 78 43 54 75,tails,regular,2
2026-08-03T11:31:40Z,37,54 13 64 5 57 47 16 36 79 35 6 42 41 66 71 68 19 39 18 53,tails,minor,3
2026-08-03T11:34:20Z,38,26 46 77 35 2 50 72 42 9 19 38 36 33 32 23 6 25 15 67 80,heads,regular,1
2026-08-03T11:37:00Z,39,43 70 2 63 77 11 73 45 38 3 14 24 40 72 48 35 60 41 19 12,evens,minor,4
2026-08-03T11:39:40Z,40,24 29 31 17 26 45 74 61 57 3 40 65 39 51 66 38 48 79 2 54,evens,regular,2
2026-08-03T11:42:20Z,41,31 6 59 44 45 38 37 73 78 62 18 30 36 3 72 67 13 35 2 5,heads,regular,5
2026-08-03T11:45:00Z,42,79 31 78 6 65 57 71 40 9 27 17 18 73 48 47 39 61 38 60 77,tails,regular,2
2026-08-03T11:47:40Z,43,51 80 33 77 44 57 76 35 74 6 37 59 18 31 50 24 64 1 16 72,tails,regular,1
2026-08-03T11:50:20Z,44,53 70 19 7 64 57 5 12 76 60 37 44 15 33 13 18 63 24 43 27,heads,regular,3
2026-08-03T11:53:00Z,45,76 60 15 61 1 28 54 71 36 42 74 65 22 49 29 46 2 72 11 55,tails,major,1
2026-08-03T11:55:40Z,46,49 10 8 71 31 2 64 41 79 52 35 33 5 26 20 69 44 66 59 4,evens,regular,1
2026-08-03T11:58:20Z,47,18 59 27 54 38 3 45 66 16 9 75 25 23 33 65 20 57 48 46 35,heads,regular,1
2026-08-03T12:01:00Z,48,18 49 7 69 20 5 47 59 11 40 70 28 74 72 36 22 1 17 3 44,heads,regular,1
2026-08-03T12:03:40Z,49,48 77 57 27 9 58 19 80 39 16 1 50 74 44 70 43 28 4 66 18,tails,regular,1
2026-08-03T12:06:20Z,50,11 1 74 40 54 66 69 65 6 13 43 30 28 36 49 48 56 24 31 18,heads,regular,1
2026-08-03T12:09:00Z,51,27 14 76 20 48 80 68 59 8 38 26 13 29 33 78 77 21 45 15 65,heads,regular,2
2026-08-03T12:11:40Z,52,42 71 28 46 38 17 15 14 13 31 79 45 61 35 72 57 29 1 16 39,heads,regular,2
2026-08-03T12:14:20Z,53,11 56 30 70 72 19 26 41 34 7 6 47 29 60 67 22 27 76 61 37,heads,regular,2
2026-08-03T12:17:00Z,54,32 31 61 18 57 80 35 77 2 79 34 44 62 21 20 11 38 60 75 55,evens,minor,1
2026-08-03T12:19:40Z,55,68 34 41 61 44 18 53 71 23 66 6 76 1 38 65 29 25 17 22 27,heads,major,1
2026-08-03T12:22:20Z,56,64 48 54 9 77 71 18 29 74 15 76 23 5 51 21 41 22 80 36 75,tails,minor,2
2026-08-03T12:25:00Z,57,20 24 32 59 33 19 42 73 51 34 8 12 37 3 17 58 49 23 76 57,heads,minor,5
2026-08-03T12:27:40Z,58,16 10 47 40 41 20 69 54 3 70 53 58 38 30 48 27 13 24 63 64,evens,major,1
2026-08-03T12:30:20Z,59,61 22 51 34 45 71 53 78 67 48 2 52 46 43 80 77 49 62 68 7,tails,major,2
2026-08-03T12:33:00Z,60,72 30 11 67 28 5 57 25 69 59 46 19 16 50 37 56 38 48 77 27,evens,regular,1
2026-08-03T12:35:40Z,61,12 21 60 67 53 8 28 13 57 33 66 44 49 74 75 22 48 78 62 59,tails,regular,1
2026-08-03T12:38:20Z,62,55 37 61 57 11 78 79 65 23 42 27 34 29 60 76 41 73 45 59 38,tails,regular,1
2026-08-03T12:41:00Z,63,49 66 19 73 20 10 40 72 78 17 76 34 59 54 5 43 74 4 22 75,tails,major,1
2026-08-03T12:43:40Z,64,73 14 55 75 60 36 58 26 22 61 53 72 28 46 17 5 10 57 20 24,evens,regular,1
2026-08-03T12:46:20Z,65,17 40 15 12 71 38 63 78 32 20 34 41 76 28 27 64 11 57 62 7,heads,minor,1
2026-08-03T12:49:00Z,66,79 26 40 75 27 68 49 3 8 28 80 73 46 76 44 36 74 50 34 58,tails,major,3
2026-08-03T12:51:40Z,67,73 56 36 57 6 60 66 34 9 79 61 45 70 42 80 3 2 48 32 4,tails,regular,3
2026-08-03T12:54:20Z,68,73 55 22 62 58 43 10 12 78 19 25 70 35 7 14 77 23 32 79 56,evens,minor,3
2026-08-03T12:57:00Z,69,69 33 43 20 9 76 68 25 53 32 35 65 21 1 5 67 38 30 64 29,heads,regular,1
2026-08-03T12:59:40Z,70,26 62 54 57 4 2 39 80 70 71 8 50 65 22 48 15 75 13 37 53,tails,major,4
2026-08-03T13:02:20Z,71,77 25 31 60 1 57 6 17 32 12 14 71 37 54 20 24 2 41 42 58,heads,regular,1
2026-08-03T13:05:00Z,72,34 4 69 19 3 74 40 6 30 45 16 13 29 43 54 32 64 48 12 59,heads,regular,1
2026-08-03T13:07:40Z,73,36 37 14 17 8 66 79 16 47 62 63 56 65 32 71 28 52 67 2 58,tails,regular,3
2026-08-03T13:10:20Z,74,75 19 20 76 52 16 34 26 77 72 6 50 5 65 38 43 21 10 30 49,heads,minor,2
2026-08-03T13:13:00Z,75,31 30 80 74 3 41 70 26 55 77 25 4 6 44 22 53 42 71 59 15,tails,regular,1
2026-08-03T13:15:40Z,76,3 44 28 20 16 12 35 66 5 52 67 36 14 19 75 59 40 64 47 29,heads,regular,2
2026-08-03T13:18:20Z,77,22 50 6 72 15 47 71 43 34 56 69 59 79 51 70 41 25 76 63 75,tails,minor,2
2026-08-03T13:21:00Z,78,76 55 7 18 16 78 22 37 45 6 21 15 11 36 40 38 10 67 24 12,heads,minor,2
2026-08-03T13:23:40Z,79,51 33 3 75 43 9 49 42 78 66 6 62 45 63 10 13 16 57 79 35,tails,minor,1
2026-08-03T13:26:20Z,80,26 14 76 51 12 37 18 62 67 15 11 28 22 74 57 64 20 6 27 58,heads,minor,3
2026-08-03T13:29:00Z,81,51 26 80 34 78 56 69 16 74 8 67 15 57 42 60 71 20 19 18 36,tails,regular,1
2026-08-03T13:31:40Z,82,30 67 27 8 14 78 57 64 2 65 29 59 26 32 61 73 35 22 66 36,heads,major,4
2026-08-03T13:34:20Z,83,23 34 59 36 21 51 17 72 24 20 28 58 6 46 65 16 11 62 1 44,heads,regular,1
2026-08-03T13:37:00Z,84,26 29 44 50 66 39 43 19 73 74 49 18 14 16 17 69 12 35 22 47,heads,regular,1
2026-08-03T13:39:40Z,85,68 40 1 27 2 3 19 4 44 13 34 12 8 39 48 58 64 30 70 29,heads,minor,1
2026-08-03T13:42:20Z,86,75 12 66 62 43 44 6 50 79 26 54 41 11 64 45 53 18 36 61 48,tails,regular,3
2026-08-03T13:45:00Z,87,5 33 12 4 63 22 35 50 18 67 20 58 54 76 8 11 23 80 7 68,heads,regular,2
2026-08-03T13:47:40Z,88,3 39 40 77 21 33 51 31 52 23 50 6 5 73 62 48 1 36 35 78,heads,major,2
2026-08-03T13:50:20Z,89,8 61 64 32 16 37 57 58 19 30 14 35 9 10 3 20 4 63 68 45,heads,regular,1
2026-08-03T13:53:00Z,90,55 27 1 37 23 15 5 34 79 12 33 17 38 21 62 48 2 68 46 39,heads,major,3
2026-08-03T13:55:40Z,91,38 42 4 26 49 69 44 70 52 80 57 1 19 40 35 8 55 15 22 21,heads,regular,1
2026-08-03T13:58:20Z,92,39 60 36 18 57 23 51 6 38 34 61 41 11 15 68 1 33 13 75 3,heads,major,2
2026-08-03T14:01:00Z,93,78 43 56 39 48 27 73 71 80 2 69 76 49 20 35 9 61 26 1 67,tails,regular,2
2026-08-03T14:03:40Z,94,46 7 24 71 58 28 18 57 21 62 44 52 66 31 3 72 6 13 56 1,evens,regular,1
2026-08-03T14:06:20Z,95,18 35 39 33 25 3 28 56 38 20 11 42 2 46 15 29 44 43 30 69,heads,regular,1
2026-08-03T14:09:00Z,96,61 80 16 64 38 52 51 35 77 54 33 49 18 6 26 74 22 40 9 3,heads,minor,1
2026-08-03T14:11:40Z,97,24 13 47 66 54 3 76 43 6 9 57 5 72 58 7 78 17 32 38 20,heads,major,1
2026-08-03T14:14:20Z,98,11 13 33 21 18 62 60 10 46 57 71 67 40 9 5 65 36 31 4 53,heads,regular,3
2026-08-03T14:17:00Z,99,74 13 48 24 8 15 76 3 7 39 60 65 40 21 73 2 59 32 20 75,heads,regular,5
2026-08-03T14:19:40Z,100,10 6 48 20 55 18 77 66 53 70 31 79 15 80 28 74 50 57 40 43,tails,regular,3
2026-08-03T14:22:20Z,101,3 61 69 53 34 27 62 20 60 46 36 14 51 75 1 25 49 22 50 39,evens,regular,1
2026-08-03T14:25:00Z,102,74 51 2 14 17 8 11 68 63 5 1 36 37 20 33 13 52 22 18 73,heads,regular,1
2026-08-03T14:27:40Z,103,53 73 8 18 2 26 45 3 40 5 25 56 74 36 69 43 68 67 24 78,evens,regular,1
2026-08-03T14:30:20Z,104,2 69 6 27 67 66 31 20 76 75 49 73 47 39 33 16 25 59 34 42,evens,minor,3
2026-08-03T14:33:00Z,105,50 25 63 31 77 24 30 34 9 32 13 15 52 39 12 18 61 40 10 48,heads,major,2
2026-08-03T14:35:40Z,106,59 28 27 57 46 73 10 11 20 19 38 67 26 45 22 49 62 51 80 52,tails,regular,10
2026-08-03T14:38:20Z,107,2 78 43 36 52 13 63 61 29 18 21 77 6 80 12 4 1 25 62 45,heads,regular,1
2026-08-03T14:41:00Z,108,49 15 31 54 78 13 19 56 69 39 3 22 35 24 4 70 33 44 73 14,heads,minor,3
2026-08-03T14:43:40Z,109,58 22 12 69 74 42 9 78 11 30 60 56 71 45 8 73 75 72 65 49,tails,minor,2
2026-08-03T14:46:20Z,110,31 17 7 68 18 4 3 53 76 58 46 51 13 79 60 71 27 56 32 11,evens,minor,2
2026-08-03T14:49:00Z,111,46 52 42 13 25 35 5 27 62 60 73 12 37 9 41 4 80 76 44 33,evens,regular,2
2026-08-03T14:51:40Z,112,28 5 67 3 7 56 65 19 9 70 41 72 36 75 54 68 48 80 44 31,tails,regular,2
2026-08-03T14:54:20Z,113,55 14 39 15 27 62 57 3 25 40 64 21 75 61 60 20 71 42 52 18,evens,regular,3
2026-08-03T14:57:00Z,114,21 24 35 52 31 63 34 7 32 2 26 79 14 69 16 4 42 49 54 39,heads,regular,1
2026-08-03T14:59:40Z,115,67 44 77 29 54 49 38 20 40 4 69 79 3 70 17 73 28 72 52 51,tails,regular,10
2026-08-03T15:02:20Z,116,73 1 76 27 59 43 3 2 48 30 22 10 8 69 71 44 54 42 19 14,evens,regular,1
2026-08-03T15:05:00Z,117,32 47 68 15 41 25 79 51 61 74 30 34 58 73 8 22 62 39 64 76,tails,regular,2
2026-08-03T15:07:40Z,118,16 62 63 27 3 24 76 47 40 75 2 61 18 11 30 19 26 31 15 71,heads,regular,1
2026-08-03T15:10:20Z,119,15 6 22 44 7 76 66 32 38 19 74 64 62 35 56 3 18 29 12 61,heads,minor,3
2026-08-03T15:13:00Z,120,28 49 73 14 62 51 52 43 9 11 59 26 20 30 33 57 44 61 13 25,evens,minor,2
2026-08-03T15:15:40Z,121,74 8 29 41 68 63 66 11 33 4 22 53 50 35 44 37 24 64 16 28,heads,regular,3
2026-08-03T15:18:20Z,122,25 31 40 76 55 73 54 17 45 41 20 3 8 29 75 18 26 44 60 30,heads,regular,3
2026-08-03T15:21:00Z,123,27 79 57 23 64 34 26 42 38 70 62 58 9 30 40 55 2 6 56 47,evens,regular,2
2026-08-03T15:23:40Z,124,40 29 1 42 30 6 54 55 50 51 45 58 28 59 78 77 74 2 70 53,tails,regular,1
2026-08-03T15:26:20Z,125,22 32 31 28 41 15 46 55 52 67 61 48 7 16 36 17 65 4 38 12,heads,regular,1
2026-08-03T15:29:00Z,126,27 51 77 26 49 79 31 28 63 34 16 48 78 41 76 15 17 54 52 75,tails,minor,2
2026-08-03T15:31:40Z,127,3 31 36 2 15 43 5 79 33 28 17 64 18 44 61 76 50 27 58 41,heads,regular,2
2026-08-03T15:34:20Z,128,45 35 21 11 23 66 61 52 68 8 54 78 64 53 47 22 29 67 30 77,tails,major,1
2026-08-03T15:37:00Z,129,14 64 70 49 3 53 34 57 48 47 55 8 50 4 63 11 44 33 5 75,tails,minor,3
2026-08-03T15:39:40Z,130,44 15 72 12 34 66 79 36 20 67 19 70 26 46 28 25 69 22 55 37,heads,regular,10
2026-08-03T15:42:20Z,131,37 74 19 38 71 16 58 47 42 27 52 35 66 8 3 29 7 18 14 62,heads,regular,1
2026-08-03T15:45:00Z,132,24 57 9 30 51 71 31 39 7 5 60 44 66 33 76 59 11 4 1 13,heads,regular,1
2026-08-03T15:47:40Z,133,68 74 5 46 52 8 12 22 43 58 70 42 72 11 56 54 24 67 65 41,tails,major,1
2026-08-03T15:50:20Z,134,8 55 65 52 63 68 37 71 46 25 76 17 21 33 48 29 5 22 27 20,heads,major,1
2026-08-03T15:53:00Z,135,40 73 20 67 44 35 75 16 30 45 29 50 18 59 54 55 71 11 76 12,tails,regular,2
2026-08-03T15:55:40Z,136,48 20 67 35 37 26 57 13 51 40 22 33 56 46 6 49 64 12 31 72,heads,major,1
2026-08-03T15:58:20Z,137,19 16 53 56 37 30 49 48 5 12 31 36 43 68 60 58 28 42 51 18,evens,minor,2
2026-08-03T16:01:00Z,138,25 63 65 32 12 79 27 53 57 80 40 19 16 75 74 38 28 1 67 52,evens,regular,1
2026-08-03T16:03:40Z,139,51 56 14 76 32 16 74 57 54 39 79 68 10 72 21 62 35 8 43 44,tails,major,1
2026-08-03T16:06:20Z,140,8 21 3 41 28 70 76 63 75 6 7 11 16 51 34 26 69 38 14 61,heads,minor,1
2026-08-03T16:09:00Z,141,72 79 17 47 67 45 26 31 30 25 4 37 22 34 19 39 38 77 43 69,heads,regular,3
2026-08-03T16:11:40Z,142,10 49 60 41 69 35 23 78 63 64 15 53 52 14 61 11 17 32 72 77,tails,regular,2
2026-08-03T16:14:20Z,143,66 31 37 38 4 54 44 42 51 60 62 23 2 53 25 16 6 19 76 75,evens,minor,2
2026-08-03T16:17:00Z,144,33 17 1 43 80 18 67 27 52 16 77 29 44 45 49 58 65 72 53 25,tails,minor,2
2026-08-03T16:19:40Z,145,13 52 9 24 21 74 69 6 26 8 80 71 19 30 73 32 1 43 61 25,heads,regular,1
2026-08-03T16:22:20Z,146,78 64 56 12 1 61 6 14 63 23 68 44 42 20 53 77 60 35 73 15,tails,minor,2
2026-08-03T16:25:00Z,147,20 1 72 49 69 64 26 30 58 71 17 31 46 59 34 55 68 38 8 63,tails,regular,1
2026-08-03T16:27:40Z,148,37 10 74 44 13 8 4 55 71 18 62 19 49 1 67 12 40 52 36 75,heads,regular,1
2026-08-03T16:30:20Z,149,5 76 63 12 59 24 14 52 1 23 8 72 9 51 39 75 47 42 73 20,evens,regular,1
2026-08-03T16:33:00Z,150,72 62 12 21 11 60 37 58 57 8 3 54 27 56 70 68 63 38 31 9,evens,regular,2
2026-08-03T16:35:40Z,151,69 74 4 80 17 24 38 32 26 72 36 70 55 57 23 13 41 28 44 7,heads,regular,2
2026-08-03T16:38:20Z,152,12 27 32 18 30 56 17 5 23 28 11 41 49 60 67 71 22 54 39 51,heads,regular,1
2026-08-03T16:41:00Z,153,22 75 31 14 70 78 69 5 62 76 12 54 19 68 64 39 77 4 52 47,tails,regular,1
2026-08-03T16:43:40Z,154,11 76 70 15 80 25 57 4 75 2 18 50 21 5 16 55 45 46 61 53,tails,major,1
2026-08-03T16:46:20Z,155,12 14 24 18 61 68 70 26 51 49 62 35 22 39 74 37 3 78 32 72,heads,minor,1
2026-08-03T16:49:00Z,156,70 9 4 22 71 14 45 36 60 33 32 37 78 3 54 67 17 52 50 21,heads,regular,2
2026-08-03T16:51:40Z,157,38 77 51 53 17 62 40 44 41 50 60 10 55 79 6 68 67 8 24 32,tails,regular,2
2026-08-03T16:54:20Z,158,78 53 6 36 72 2 8 12 58 24 73 31 34 37 64 21 39 75 49 38,heads,regular,2
2026-08-03T16:57:00Z,159,76 42 23 69 74 25 70 34 52 57 9 11 13 33 43 5 10 18 59 1,heads,minor,2
2026-08-03T16:59:40Z,160,39 72 29 78 69 79 80 10 77 30 25 24 51 54 35 15 32 68 12 58,evens,minor,2
2026-08-03T17:02:20Z,161,64 76 53 63 31 52 17 16 22 10 38 20 71 80 7 44 13 61 5 14,heads,regular,3
2026-08-03T17:05:00Z,162,33 38 1 59 10 20 49 19 55 24 53 35 26 6 71 78 45 54 4 7,heads,regular,2
2026-08-03T17:07:40Z,163,22 77 9 27 3 16 58 56 31 29 54 43 12 69 76 23 4 18 45 21,heads,regular,1
2026-08-03T17:10:20Z,164,11 58 27 34 2 26 14 48 59 24 66 50 43 35 61 3 53 4 8 36,heads,major,3
2026-08-03T17:13:00Z,165,10 79 47 65 74 35 54 13 28 5 4 70 8 42 2 64 11 80 36 62,evens,regular,1
2026-08-03T17:15:40Z,166,32 51 26 67 6 7 42 13 45 28 62 35 3 79 75 16 53 60 71 41,tails,regular,1
2026-08-03T17:18:20Z,167,80 33 72 35 74 77 66 42 46 38 2 73 30 34 79 16 8 59 62 15,tails,regular,2
2026-08-03T17:21:00Z,168,73 74 25 33 53 76 8 28 77 1 11 2 68 69 23 51 14 80 9 48,evens,minor,10
2026-08-03T17:23:40Z,169,13 53 71 77 34 25 47 78 54 41 5 55 60 33 50 3 37 14 70 44,tails,regular,2
2026-08-03T17:26:20Z,170,76 25 19 71 9 14 3 39 28 53 75 68 46 36 38 55 56 62 30 22,heads,regular,2
2026-08-03T17:29:00Z,171,79 38 26 11 27 56 41 22 48 77 67 60 32 45 69 44 49 64 75 14,tails,regular,1
2026-08-03T17:31:40Z,172,70 24 28 40 32 4 80 21 49 39 68 15 73 17 60 67 20 41 74 33,heads,regular,1
2026-08-03T17:34:20Z,173,10 25 47 5 8 58 80 64 76 20 71 41 19 70 28 74 79 60 51 12,tails,minor,2
2026-08-03T17:37:00Z,174,71 21 50 67 25 3 44 76 49 18 23 34 48 78 68 55 52 45 38 60,tails,regular,1
2026-08-03T17:39:40Z,175,12 56 48 70 31 37 17 29 10 76 25 55 61 20 30 21 75 14 50 52,heads,regular,1
2026-08-03T17:42:20Z,176,52 75 54 80 27 36 44 42 2 69 12 66 62 40 29 13 4 53 9 71,tails,regular,2
2026-08-03T17:45:00Z,177,67 1 51 32 25 39 75 23 59 46 68 58 49 55 50 17 12 72 38 30,tails,regular,3
2026-08-03T17:47:40Z,178,70 47 78 31 46 29 69 62 45 66 63 71 58 8 53 40 21 4 39 55,tails,minor,3
2026-08-03T17:50:20Z,179,24 50 35 14 63 29 26 30 12 38 28 77 47 11 41 36 5 67 66 70,heads,minor,4
2026-08-03T17:53:00Z,180,59 48 4 53 29 22 25 20 49 80 11 28 8 55 60 26 61 14 51 2,heads,regular,5
2026-08-03T17:55:40Z,181,5 20 50 46 51 37 17 60 13 1 6 7 71 72 56 44 69 36 78 26,evens,regular,1
2026-08-03T17:58:20Z,182,21 19 23 24 5 36 28 77 60 1 4 35 31 42 6 9 67 10 12 33,heads,regular,1
2026-08-03T18:01:00Z,183,64 9 19 43 17 54 21 10 34 72 22 25 78 70 42 27 4 13 56 20,heads,minor,2
2026-08-03T18:03:40Z,184,39 72 66 67 27 20 18 77 48 5 46 26 35 15 32 57 79 1 42 68,evens,regular,2
2026-08-03T18:06:20Z,185,56 29 58 66 51 46 21 2 55 77 41 60 49 44 10 69 14 63 17 47,tails,regular,2
2026-08-03T18:09:00Z,186,67 21 26 50 43 80 49 76 4 9 23 29 14 1 63 77 68 25 60 38,evens,minor,10
2026-08-03T18:11:40Z,187,7 61 53 78 58 75 43 50 20 28 56 5 76 42 68 49 37 66 22 38,tails,major,5
2026-08-03T18:14:20Z,188,10 41 58 60 22 20 66 39 65 73 14 15 76 72 59 70 25 31 67 49,tails,major,5
2026-08-03T18:17:00Z,189,51 80 17 63 70 36 78 48 10 64 24 23 75 79 54 12 68 33 46 27,tails,minor,3
2026-08-03T18:19:40Z,190,34 48 79 27 66 44 75 9 78 28 19 24 29 4 45 58 59 60 31 16,evens,regular,3
2026-08-03T18:22:20Z,191,53 18 36 47 55 19 62 33 48 35 51 65 46 6 49 16 11 14 31 30,heads,major,1
2026-08-03T18:25:00Z,192,76 38 6 45 52 67 73 22 72 49 2 3 33 66 40 56 10 77 62 28,tails,minor,1
2026-08-03T18:27:40Z,193,58 9 11 55 17 57 25 53 15 80 14 26 30 49 44 3 65 20 74 23,heads,regular,1
2026-08-03T18:30:20Z,194,5 48 47 42 53 17 51 57 61 23 8 63 2 6 24 55 30 3 66 28,evens,regular,3
2026-08-03T18:33:00Z,195,46 58 35 60 18 29 41 52 51 17 39 7 78 28 73 50 75 67 76 31,tails,minor,3
2026-08-03T18:35:40Z,196,1 19 66 65 34 57 27 6 45 17 72 76 54 42 48 35 25 36 40 47,evens,regular,1
2026-08-03T18:38:20Z,197,77 50 57 45 55 63 58 44 52 6 34 68 1 13 70 14 37 22 79 67,tails,regular,1
2026-08-03T18:41:00Z,198,7 74 75 26 47 10 50 9 27 80 44 41 28 59 60 43 78 24 51 4,tails,regular,1
2026-08-03T18:43:40Z,199,72 38 28 19 69 48 7 43 11 24 34 18 30 63 8 80 74 52 33 6,heads,regular,3
2026-08-03T18:46:20Z,200,40 66 58 29 72 13 61 68 3 39 62 63 26 16 49 80 21 14 43 10,evens,regular,3
2026-08-03T18:49:00Z,201,26 44 49 9 56 74 73 4 34 38 8 33 12 1 41 14 19 55 2 72,heads,minor,1
2026-08-03T18:51:40Z,202,65 55 16 11 24 69 30 75 60 73 45 13 41 47 74 37 15 59 62 66,tails,minor,2
2026-08-03T18:54:20Z,203,54 27 8 33 49 28 79 59 78 39 4 55 56 73 75 45 77 46 44 37,tails,regular,3
2026-08-03T18:57:00Z,204,3 66 31 9 18 49 69 58 33 78 15 75 22 24 62 43 77 26 51 27,evens,regular,2
2026-08-03T18:59:40Z,205,42 62 10 36 9 25 71 32 26 80 47 21 24 63 56 17 52 55 40 28,heads,regular,3
2026-08-03T19:02:20Z,206,29 45 38 69 76 46 73 2 80 57 59 44 60 12 9 67 62 26 72 30,tails,major,1
2026-08-03T19:05:00Z,207,37 49 55 18 7 63 47 68 52 64 67 28 6 48 16 1 60 66 46 76,tails,minor,1
2026-08-03T19:07:40Z,208,63 58 80 1 55 66 12 77 19 23 51 16 7 52 46 62 8 42 17 14,tails,minor,4
2026-08-03T19:10:20Z,209,2 24 30 6 12 34 10 11 44 32 31 49 59 22 73 58 54 37 15 50,heads,regular,1
2026-08-03T19:13:00Z,210,24 9 13 30 70 77 62 53 33 56 59 17 2 52 37 71 31 12 61 45,evens,minor,2
2026-08-03T19:15:40Z,211,57 39 26 17 55 62 77 64 53 23 10 7 22 5 79 76 47 12 66 27,evens,regular,3
2026-08-03T19:18:20Z,212,3 34 16 58 70 9 39 4 62 80 25 79 74 29 8 40 17 53 46 33,heads,regular,3
2026-08-03T19:21:00Z,213,61 12 38 49 35 21 2 11 19 59 69 33 46 42 3 14 67 75 63 56,evens,regular,2
2026-08-03T19:23:40Z,214,26 1 7 63 34 51 4 47 16 15 32 25 50 20 18 35 31 10 22 62,heads,regular,3
2026-08-03T19:26:20Z,215,6 18 34 59 17 63 79 36 10 55 37 78 24 7 25 74 46 38 77 3,heads,regular,1
2026-08-03T19:29:00Z,216,68 5 25 73 29 19 32 3 39 75 55 18 9 8 67 27 16 4 64 70,heads,minor,1
2026-08-03T19:31:40Z,217,55 42 7 63 68 70 64 74 34 61 37 57 5 18 59 25 4 52 72 12,tails,regular,1
2026-08-03T19:34:20Z,218,7 14 39 57 27 20 69 8 11 65 44 55 67 28 46 48 33 35 75 79,evens,major,1
2026-08-03T19:37:00Z,219,54 12 7 26 66 27 55 57 29 9 49 63 3 11 41 25 28 71 32 80,heads,minor,3
2026-08-03T19:39:40Z,220,16 36 80 52 47 1 55 68 5 31 18 28 78 39 22 4 54 56 40 64,heads,regular,3
2026-08-03T19:42:20Z,221,4 79 17 43 60 16 1 34 26 24 68 54 38 80 46 2 30 55 56 41,evens,regular,3
2026-08-03T19:45:00Z,222,61 28 63 6 80 8 39 65 36 50 43 74 24 73 37 45 13 1 46 52,tails,minor,2
2026-08-03T19:47:40Z,223,22 80 15 62 48 29 31 16 17 4 42 55 64 19 75 39 20 52 66 27,heads,regular,1
2026-08-03T19:50:20Z,224,69 29 19 43 38 17 72 67 3 20 30 2 77 79 41 76 66 55 75 44,tails,regular,1
2026-08-03T19:53:00Z,225,23 58 60 46 6 2 28 34 7 22 32 17 74 10 37 55 25 11 29 30,heads,regular,3
2026-08-03T19:55:40Z,226,10 49 29 47 60 54 42 24 38 64 71 5 61 78 76 45 50 69 79 72,tails,regular,3
2026-08-03T19:58:20Z,227,42 4 3 72 64 69 35 25 31 30 24 40 79 54 2 27 58 39 78 28,heads,regular,3
2026-08-03T20:01:00Z,228,71 42 72 34 78 37 30 4 53 11 24 59 3 17 12 79 51 55 18 23,heads,regular,1
2026-08-03T20:03:40Z,229,16 60 30 75 29 40 68 50 71 65 47 72 37 70 52 6 11 54 21 26,tails,regular,2
2026-08-03T20:06:20Z,230,61 41 37 33 32 11 54 53 6 8 59 78 1 40 60 66 44 31 68 58,tails,regular,3
2026-08-03T20:09:00Z,231,36 51 80 14 58 59 21 46 6 61 12 24 55 50 74 28 1 53 3 68,tails,regular,1
2026-08-03T20:11:40Z,232,29 64 57 14 1 75 13 37 79 72 30 70 19 2 17 46 39 28 78 69,heads,regular,2
2026-08-03T20:14:20Z,233,79 72 13 27 15 18 7 43 77 35 42 9 29 30 11 65 70 24 22 14,heads,regular,2
2026-08-03T20:17:00Z,234,52 18 37 10 21 66 47 35 19 61 30 74 60 54 48 43 62 15 50 79,tails,regular,3
2026-08-03T20:19:40Z,235,21 12 69 28 11 31 9 33 25 58 50 51 64 49 39 76 10 77 13 29,heads,regular,1
2026-08-03T20:22:20Z,236,42 26 70 5 22 7 45 55 49 38 41 24 80 13 14 63 57 64 68 59,tails,regular,10
2026-08-03T20:25:00Z,237,12 26 10 69 76 47 62 79 7 48 8 61 50 51 21 55 45 72 13 77,tails,minor,2
2026-08-03T20:27:40Z,238,74 11 43 24 17 45 50 77 57 48 32 31 47 68 18 15 33 76 60 70,tails,regular,2
2026-08-03T20:30:20Z,239,20 9 18 79 55 29 70 57 42 73 22 80 25 36 14 60 23 12 40 10,heads,regular,3
2026-08-03T20:33:00Z,240,59 34 52 43 72 28 21 39 30 17 44 60 65 64 62 1 18 23 27 55,evens,minor,2
2026-08-03T20:35:40Z,241,30 38 49 75 2 46 78 58 15 53 39 55 11 33 79 74 43 4 10 14,evens,major,2
2026-08-03T20:38:20Z,242,30 25 44 13 23 22 5 34 71 28 9 74 78 35 7 4 45 50 27 32,heads,regular,1
2026-08-03T20:41:00Z,243,46 55 12 49 19 26 64 20 53 13 1 63 72 66 4 56 45 30 43 78,tails,regular,1
2026-08-03T20:43:40Z,244,29 63 64 41 66 65 61 15 16 42 46 57 74 47 19 10 54 9 40 30,tails,major,4
2026-08-03T20:46:20Z,245,38 56 49 10 9 20 13 32 23 7 31 29 52 43 70 5 77 62 71 28,heads,major,1
2026-08-03T20:49:00Z,246,27 53 67 2 28 77 57 50 71 54 16 63 61 21 10 66 60 37 19 5,tails,minor,2
2026-08-03T20:51:40Z,247,19 54 74 7 75 34 31 18 53 15 6 39 11 55 69 38 21 35 47 77,heads,regular,1
2026-08-03T20:54:20Z,248,12 6 21 43 5 64 72 14 58 8 75 11 52 27 49 9 53 32 36 40,heads,regular,2
2026-08-03T20:57:00Z,249,3 19 5 59 70 43 42 36 54 72 21 14 51 77 35 60 27 31 9 39,heads,major,1
2026-08-03T20:59:40Z,250,3 51 14 80 38 19 59 45 21 42 49 8 6 25 44 79 28 33 60 35,heads,minor,3
2026-08-03T21:02:20Z,251,52 29 14 77 12 54 9 38 33 31 25 74 7 61 11 46 6 36 71 55,heads,regular,1
2026-08-03T21:05:00Z,252,4 36 45 79 34 14 21 67 52 66 55 12 25 27 24 11 38 29 48 43,heads,minor,1
2026-08-03T21:07:40Z,253,18 64 23 80 42 77 51 27 5 40 60 44 62 73 35 16 57 70 68 9,tails,regular,5
2026-08-03T21:10:20Z,254,77 42 20 44 11 13 33 52 28 8 24 6 45 22 68 2 14 16 36 73,heads,minor,2
2026-08-03T21:13:00Z,255,51 1 64 28 58 61 72 59 79 15 71 31 55 69 9 53 5 16 56 54,tails,minor,1
2026-08-03T21:15:40Z,256,49 60 33 6 14 35 67 10 74 39 47 59 29 78 4 76 8 5 70 15,heads,regular,1
2026-08-03T21:18:20Z,257,47 78 16 39 55 66 29 2 3 71 69 40 77 5 49 25 58 45 65 48,tails,regular,1
2026-08-03T21:21:00Z,258,36 35 18 23 54 47 57 39 12 67 42 14 15 11 7 29 45 65 70 69,heads,regular,1
2026-08-03T21:23:40Z,259,42 3 43 14 78 34 37 24 69 39 57 25 17 30 10 77 59 32 44 6,heads,regular,3
2026-08-03T21:26:20Z,260,79 75 35 71 39 21 33 31 54 67 44 56 52 5 74 42 10 62 50 20,tails,regular,3
2026-08-03T21:29:00Z,261,29 30 31 34 51 5 28 33 56 16 42 3 24 38 76 15 66 20 1 61,heads,major,1
2026-08-03T21:31:40Z,262,6 38 25 54 71 22 19 14 52 76 65 56 15 73 20 5 17 66 18 61,heads,regular,1
2026-08-03T21:34:20Z,263,4 17 27 56 62 18 54 70 45 33 10 21 7 73 60 13 65 40 34 29,heads,regular,2
2026-08-03T21:37:00Z,264,6 38 43 45 39 10 42 2 68 44 17 64 40 31 30 37 53 78 72 66,evens,regular,2
2026-08-03T21:39:40Z,265,73 64 20 36 27 61 14 8 48 52 65 9 30 33 59 25 58 21 5 78,heads,regular,1
2026-08-03T21:42:20Z,266,28 70 54 5 65 37 31 32 76 22 42 33 79 59 7 3 62 44 40 4,heads,minor,1
2026-08-03T21:45:00Z,267,47 14 22 71 10 40 31 75 68 64 61 77 2 34 3 43 7 6 60 33,heads,regular,1
2026-08-03T21:47:40Z,268,28 26 58 20 67 37 59 42 72 52 54 27 18 55 70 56 73 3 13 41,tails,minor,2
2026-08-03T21:50:20Z,269,78 22 17 35 37 56 5 2 47 77 41 65 48 70 30 7 62 71 66 20,tails,minor,3
2026-08-03T21:53:00Z,270,77 39 11 56 35 76 17 34 59 23 52 71 12 27 10 73 5 64 38 29,heads,minor,1
2026-08-03T21:55:40Z,271,11 80 79 78 20 49 25 48 29 38 46 51 66 63 53 31 32 28 26 68,tails,regular,5
2026-08-03T21:58:20Z,272,15 2 6 62 3 58 5 27 79 7 53 61 46 69 24 41 49 32 75 43,tails,regular,3
2026-08-03T22:01:00Z,273,17 25 22 45 47 59 44 36 62 16 71 74 21 14 5 30 13 75 50 40,heads,minor,2
2026-08-03T22:03:40Z,274,57 69 30 17 55 8 2 41 31 1 42 75 21 66 72 51 67 33 79 36,tails,minor,1
2026-08-03T22:06:20Z,275,72 69 41 46 51 53 55 7 20 76 59 8 43 49 77 5 71 57 67 23,tails,minor,1
2026-08-03T22:09:00Z,276,58 39 26 49 28 19 22 59 17 13 10 7 65 75 77 16 78 25 35 64,heads,regular,5
2026-08-03T22:11:40Z,277,5 23 39 43 2 37 15 13 46 28 3 31 24 55 34 8 17 74 56 33,heads,regular,3
2026-08-03T22:14:20Z,278,68 32 34 16 7 71 78 15 40 70 79 10 23 47 38 41 49 60 27 22,heads,major,1
2026-08-03T22:17:00Z,279,56 18 67 72 78 16 9 59 3 50 25 24 69 68 32 41 54 52 31 30,tails,regular,1
2026-08-03T22:19:40Z,280,72 37 35 77 44 24 62 41 57 48 39 42 76 17 71 11 23 69 74 31,tails,regular,3
2026-08-03T22:22:20Z,281,51 56 18 71 44 35 59 24 9 70 48 63 37 4 47 40 80 38 41 28,tails,regular,3
2026-08-03T22:25:00Z,282,10 25 8 12 3 5 33 54 17 66 46 48 62 6 44 9 56 23 13 70,heads,regular,2
2026-08-03T22:27:40Z,283,54 25 1 77 47 15 34 21 55 80 36 76 14 20 64 59 44 69 65 3,tails,regular,3
2026-08-03T22:30:20Z,284,8 16 18 2 46 4 58 62 52 65 77 42 24 19 39 80 60 25 53 50,tails,regular,1
2026-08-03T22:33:00Z,285,64 39 61 5 28 1 74 44 66 54 70 56 27 38 65 67 58 43 35 42,tails,minor,2
2026-08-03T22:35:40Z,286,16 41 79 65 13 59 74 22 40 47 36 12 43 63 44 75 42 80 46 17,tails,major,1
2026-08-03T22:38:20Z,287,72 53 57 79 40 61 38 75 41 33 3 14 34 58 19 42 8 47 2 20,evens,regular,3
2026-08-03T22:41:00Z,288,51 10 63 56 29 2 75 52 41 11 45 47 7 17 62 34 53 60 78 30,tails,minor,10
2026-08-03T22:43:40Z,289,31 6 69 13 34 41 40 52 64 17 22 3 70 8 72 80 18 78 54 50,evens,regular,2
2026-08-03T22:46:20Z,290,80 17 27 69 47 55 78 7 61 76 38 64 41 12 2 36 29 52 37 53,tails,regular,3
2026-08-03T22:49:00Z,291,40 44 11 65 8 5 33 24 54 46 16 4 6 13 77 43 29 55 9 80,heads,major,3
2026-08-03T22:51:40Z,292,8 2 14 41 35 13 29 24 76 79 75 58 54 62 60 11 80 7 44 69,tails,regular,3
2026-08-03T22:54:20Z,293,10 27 58 26 77 72 17 35 40 7 65 53 32 13 22 30 2 15 46 69,heads,regular,3
2026-08-03T22:57:00Z,294,53 42 14 1 4 39 70 40 11 61 74 69 35 21 10 43 28 8 26 19,heads,regular,2
2026-08-03T22:59:40Z,295,26 71 32 20 65 60 42 45 62 47 76 68 3 31 53 73 55 21 40 63,tails,major,3
2026-08-03T23:02:20Z,296,65 75 39 67 25 58 59 37 7 35 47 49 11 30 21 54 19 38 71 3,heads,regular,2
2026-08-03T23:05:00Z,297,33 47 40 39 32 8 5 7 29 43 26 9 44 72 24 68 49 12 57 23,heads,minor,3
2026-08-03T23:07:40Z,298,43 29 8 9 11 71 56 19 26 20 74 78 2 55 41 48 76 4 53 40,evens,minor,3
2026-08-03T23:10:20Z,299,71 66 6 7 38 46 1 77 2 13 47 51 12 67 27 10 5 70 48 25,heads,regular,3
2026-08-03T23:13:00Z,300,44 41 26 69 79 52 37 76 49 47 59 6 60 46 48 45 39 5 68 72,tails,regular,2
2026-08-03T23:15:40Z,301,34 26 49 60 56 21 44 73 36 39 50 41 40 45 58 37 55 46 15 7,tails,minor,1
2026-08-03T23:18:20Z,302,25 54 31 72 10 47 67 28 1 64 6 30 7 58 53 75 63 36 20 11,heads,regular,4
2026-08-03T23:21:00Z,303,79 48 8 50 16 65 58 45 20 28 39 35 61 22 62 1 64 4 21 7,heads,regular,1
2026-08-03T23:23:40Z,304,64 66 23 56 60 37 58 17 20 6 14 39 78 44 29 67 49 80 4 21,evens,minor,1
2026-08-03T23:26:20Z,305,38 16 60 26 14 30 65 11 28 21 20 3 59 78 34 44 18 73 72 27,heads,regular,1
2026-08-03T23:29:00Z,306,18 22 63 23 30 10 2 7 28 12 66 61 21 20 72 41 57 39 13 50,heads,minor,1
2026-08-03T23:31:40Z,307,57 8 70 65 14 66 67 34 35 39 29 46 77 47 11 48 78 79 33 55,tails,minor,3
2026-08-03T23:34:20Z,308,59 74 43 17 14 60 18 13 70 48 49 40 44 77 54 45 80 73 50 72,tails,minor,5
2026-08-03T23:37:00Z,309,71 58 10 46 18 78 15 24 47 13 79 69 32 53 40 21 36 50 7 73,evens,regular,2
2026-08-03T23:39:40Z,310,9 80 45 24 62 1 22 16 53 15 2 74 49 31 26 40 3 4 63 68,heads,regular,2
2026-08-03T23:42:20Z,311,74 22 14 21 45 19 79 20 34 42 61 57 65 35 71 75 17 73 80 40,tails,regular,1
2026-08-03T23:45:00Z,312,47 50 60 79 42 49 41 52 43 5 21 66 32 27 69 13 29 18 57 10,tails,regular,2
2026-08-03T23:47:40Z,313,1 79 80 4 3 75 55 30 48 29 53 50 23 76 26 70 6 25 20 47,evens,regular,1
2026-08-03T23:50:20Z,314,21 28 9 35 46 69 65 75 77 44 29 43 18 52 4 2 45 54 12 73,tails,regular,2
2026-08-03T23:53:00Z,315,13 5 39 51 10 16 27 78 3 30 55 67 50 53 15 54 43 18 34 74,heads,regular,2
2026-08-03T23:55:40Z,316,30 7 21 27 1 66 26 20 32 48 41 12 64 42 49 39 52 51 16 75,heads,regular,1
2026-08-03T23:58:20Z,317,79 8 2 24 70 66 46 64 59 53 5 51 37 40 50 72 69 41 32 61,tails,regular,1
2026-08-04T00:01:00Z,318,10 52 21 11 44 73 70 48 9 3 56 61 53 18 1 38 42 32 63 13,evens,minor,1
2026-08-04T00:03:40Z,319,43 15 45 58 29 54 38 13 8 47 50 46 37 61 24 17 51 26 10 39,heads,regular,1
2026-08-04T00:06:20Z,320,23 78 7 16 47 9 73 18 35 52 60 11 58 29 40 74 63 15 71 1,heads,regular,2
2026-08-04T00:09:00Z,321,64 14 30 63 17 72 34 43 77 10 38 22 66 15 28 3 44 46 49 8,heads,major,1
2026-08-04T00:11:40Z,322,67 73 47 1 72 75 11 62 60 69 64 13 53 54 51 55 5 39 80 61,tails,minor,3
2026-08-04T00:14:20Z,323,58 18 20 74 27 41 15 16 72 55 67 53 68 61 78 23 43 32 44 9,tails,minor,1
2026-08-04T00:17:00Z,324,33 36 21 38 50 25 63 17 66 75 31 58 29 73 79 68 20 23 7 9,heads,regular,3
2026-08-04T00:19:40Z,325,27 19 74 70 14 78 21 76 42 57 23 55 29 18 28 6 61 31 77 17,heads,minor,10
2026-08-04T00:22:20Z,326,72 23 22 7 67 57 80 69 37 11 1 3 16 31 27 74 38 51 39 65,heads,minor,4
2026-08-04T00:25:00Z,327,46 70 41 79 64 48 57 26 16 68 49 52 38 61 30 4 80 55 3 22,tails,regular,1
2026-08-04T00:27:40Z,328,43 10 24 79 11 65 5 33 34 32 1 26 21 12 54 38 9 72 2 22,heads,regular,1
2026-08-04T00:30:20Z,329,22 55 32 6 49 7 69 64 60 54 37 35 70 71 10 77 30 62 25 31,evens,regular,1
2026-08-04T00:33:00Z,330,68 57 71 23 54 69 58 78 63 53 4 12 59 61 47 49 31 28 55 38,tails,regular,1
2026-08-04T00:35:40Z,331,37 7 8 66 51 17 21 13 9 22 18 4 75 25 46 23 69 2 15 6,heads,regular,1
2026-08-04T00:38:20Z,332,18 78 36 70 73 7 12 21 76 11 79 13 59 74 32 43 65 37 57 51,tails,regular,1
2026-08-04T00:41:00Z,333,3 73 52 42 22 70 38 35 49 18 12 69 2 55 46 60 79 26 59 75,tails,regular,2
2026-08-04T00:43:40Z,334,51 1 60 32 31 63 20 73 48 28 69 36 9 43 29 22 33 41 24 15,heads,regular,1
2026-08-04T00:46:20Z,335,45 66 48 27 1 70 30 78 6 51 14 16 23 32 36 56 22 60 24 61,heads,minor,2
2026-08-04T00:49:00Z,336,4 34 17 25 55 6 15 49 57 74 22 54 1 20 76 52 29 41 71 32,heads,regular,2
2026-08-04T00:51:40Z,337,71 5 14 38 32 46 48 80 6 50 21 8 36 31 34 47 43 57 4 26,heads,minor,1
2026-08-04T00:54:20Z,338,6 10 8 56 31 79 32 63 70 61 23 1 48 42 58 26 44 51 21 28,evens,regular,4
2026-08-04T00:57:00Z,339,20 71 52 68 30 22 25 7 33 39 21 15 60 23 9 31 65 45 17 46,heads,regular,5
2026-08-04T00:59:40Z,340,64 4 7 57 34 53 41 15 49 37 16 72 79 74 32 59 73 65 80 10,tails,regular,5
2026-08-04T01:02:20Z,341,9 24 40 61 17 80 3 33 8 31 57 53 56 46 63 70 67 59 60 74,tails,major,1
2026-08-04T01:05:00Z,342,4 34 7 79 11 10 1 43 47 15 35 16 17 71 41 12 62 6 27 52,heads,regular,2
2026-08-04T01:07:40Z,343,33 58 47 71 10 17 49 39 52 35 21 32 6 25 62 26 13 31 41 54,heads,major,1
2026-08-04T01:10:20Z,344,43 70 46 56 63 47 14 68 71 7 27 4 1 69 72 80 62 34 60 30,tails,regular,3
2026-08-04T01:13:00Z,345,80 9 41 52 33 28 37 36 72 40 56 43 50 18 3 29 32 17 79 59,heads,minor,2
2026-08-04T01:15:40Z,346,19 34 66 1 9 44 61 63 23 49 52 72 47 24 65 73 14 29 77 5,tails,major,1
2026-08-04T01:18:20Z,347,37 14 77 73 26 31 6 80 33 79 28 53 21 15 1 22 54 69 59 71,heads,regular,2
2026-08-04T01:21:00Z,348,48 72 66 40 44 15 28 21 57 62 54 78 25 69 17 58 59 60 24 34,tails,minor,3
2026-08-04T01:23:40Z,349,48 75 27 26 70 4 46 18 57 74 50 38 66 71 10 79 42 25 52 5,tails,regular,1
2026-08-04T01:26:20Z,350,26 18 29 14 68 9 73 19 46 76 42 60 12 34 62 39 15 25 52 1,heads,regular,3
2026-08-04T01:29:00Z,351,36 7 73 70 51 15 61 12 17 28 75 16 38 57 56 6 32 30 11 26,heads,regular,1
2026-08-04T01:31:40Z,352,68 54 24 3 27 8 14 5 4 69 56 48 31 35 1 28 65 18 23 62,heads,minor,1
2026-08-04T01:34:20Z,353,10 42 74 54 14 18 70 27 52 39 49 73 67 50 16 22 40 60 6 65,tails,major,4
2026-08-04T01:37:00Z,354,52 51 31 37 14 5 39 40 71 4 21 67 68 77 18 25 61 46 75 79,evens,regular,3
2026-08-04T01:39:40Z,355,29 14 26 35 42 71 62 27 19 57 48 13 59 44 20 31 70 32 11 9,heads,regular,1
2026-08-04T01:42:20Z,356,69 9 58 6 77 61 17 64 26 70 23 11 38 43 46 31 20 75 54 50,tails,major,4
2026-08-04T01:45:00Z,357,35 65 20 1 59 50 51 4 54 31 9 43 44 30 8 72 3 10 71 39,heads,regular,5
2026-08-04T01:47:40Z,358,54 68 6 29 38 60 43 49 36 46 67 23 44 58 42 22 2 64 53 69,tails,regular,1
2026-08-04T01:50:20Z,359,65 20 4 46 8 19 48 74 1 29 27 43 26 59 41 77 71 44 38 49,tails,regular,1
2026-08-04T01:53:00Z,360,47 39 41 35 73 25 32 31 72 28 50 8 66 59 76 65 54 10 4 69,tails,regular,1
2026-08-04T01:55:40Z,361,4 11 53 64 29 65 25 74 38 47 67 41 5 45 22 54 26 44 10 76,tails,regular,1
2026-08-04T01:58:20Z,362,30 29 71 51 2 61 75 56 69 50 19 46 9 44 27 18 52 24 60 10,tails,regular,2
2026-08-04T02:01:00Z,363,27 20 65 55 63 60 71 14 13 31 23 17 47 39 22 16 12 51 1 7,heads,regular,3
2026-08-04T02:03:40Z,364,10 62 20 33 41 2 70 64 32 38 55 68 12 80 9 76 19 8 52 74,evens,regular,2
2026-08-04T02:06:20Z,365,47 34 12 30 18 78 80 55 37 7 76 77 52 53 56 67 64 2 39 3,tails,regular,1
2026-08-04T02:09:00Z,366,24 49 31 46 27 22 26 58 2 10 34 73 13 32 17 55 43 12 18 3,heads,minor,1
2026-08-04T02:11:40Z,367,17 19 58 32 13 64 12 56 43 24 11 4 67 53 36 52 51 28 74 46,evens,minor,2
2026-08-04T02:14:20Z,368,64 80 29 66 58 76 19 62 30 31 1 27 38 77 25 42 35 65 34 78,evens,minor,2
2026-08-04T02:17:00Z,369,60 6 65 32 79 64 67 40 38 73 26 23 58 35 8 77 44 33 74 63,tails,regular,1
2026-08-04T02:19:40Z,370,38 45 55 57 66 71 39 69 61 25 74 11 52 68 63 1 46 31 47 48,tails,regular,1
2026-08-04T02:22:20Z,371,34 1 48 77 41 11 28 78 62 14 56 9 17 54 16 39 70 67 18 45,evens,major,1
2026-08-04T02:25:00Z,372,64 63 4 12 19 32 55 37 16 18 23 49 15 38 9 14 20 44 59 65,heads,regular,1
2026-08-04T02:27:40Z,373,48 65 42 51 59 43 7 37 20 72 46 45 35 36 2 18 77 1 60 12,tails,regular,2
2026-08-04T02:30:20Z,374,48 13 60 71 62 56 39 64 24 41 72 4 47 44 57 66 27 77 37 19,tails,minor,1
2026-08-04T02:33:00Z,375,60 8 73 77 64 52 46 71 9 45 51 67 54 50 12 31 15 78 24 55,tails,regular,1
2026-08-04T02:35:40Z,376,5 80 26 56 19 23 59 2 71 60 50 79 61 51 13 41 11 39 70 22,tails,regular,4
2026-08-04T02:38:20Z,377,17 4 11 30 37 56 39 2 23 73 52 14 19 24 36 7 32 51 61 25,heads,minor,1
2026-08-04T02:41:00Z,378,33 64 31 5 62 18 35 8 72 43 61 19 70 77 12 13 63 21 20 3,heads,minor,1
2026-08-04T02:43:40Z,379,22 11 47 66 60 36 38 8 44 39 34 69 62 52 68 14 6 35 20 19,heads,regular,3
2026-08-04T02:46:20Z,380,71 16 1 27 40 41 5 21 19 26 32 45 20 68 37 80 59 13 18 72,heads,regular,1
2026-08-04T02:49:00Z,381,34 57 78 36 74 13 40 5 72 75 31 14 55 73 70 41 48 39 16 53,tails,regular,3
2026-08-04T02:51:40Z,382,31 74 7 36 73 80 8 4 70 9 33 48 45 63 18 2 75 47 38 40,heads,regular,2
2026-08-04T02:54:20Z,383,9 8 19 2 27 44 43 74 40 21 47 17 61 60 56 24 4 73 77 50,evens,regular,3
2026-08-04T02:57:00Z,384,75 7 37 80 38 39 14 11 42 18 49 5 31 57 59 44 12 26 60 8,heads,regular,3
2026-08-04T02:59:40Z,385,14 32 53 13 48 70 35 63 10 7 55 45 15 60 36 26 2 24 42 49,heads,regular,5
2026-08-04T03:02:20Z,386,13 18 26 38 11 4 34 41 29 39 10 60 47 7 1 77 21 68 57 36,heads,minor,3
2026-08-04T03:05:00Z,387,55 13 71 36 37 4 79 41 52 68 77 58 32 34 60 69 47 75 50 78,tails,minor,1
2026-08-04T03:07:40Z,388,63 44 12 14 8 6 1 46 11 79 67 30 50 74 37 80 55 66 51 53,tails,minor,1
2026-08-04T03:10:20Z,389,68 10 22 26 80 41 49 59 6 39 37 61 30 52 47 25 56 38 27 2,heads,regular,2
2026-08-04T03:13:00Z,390,8 45 22 80 18 30 15 48 36 21 17 2 38 28 41 31 74 34 76 65,heads,regular,3
2026-08-04T03:15:40Z,391,56 69 26 37 7 53 62 59 44 66 80 36 28 25 10 8 12 47 19 11,heads,regular,1
2026-08-04T03:18:20Z,392,26 74 32 59 54 9 8 47 21 7 60 64 13 51 67 31 39 40 20 25,heads,regular,1
2026-08-04T03:21:00Z,393,14 2 76 5 15 63 30 45 24 20 57 11 66 65 39 21 79 40 13 47,heads,regular,1
2026-08-04T03:23:40Z,394,22 25 58 61 60 70 21 15 27 65 13 67 10 18 19 53 64 5 75 77,evens,regular,2
2026-08-04T03:26:20Z,395,34 56 77 30 50 63 67 71 47 22 43 17 8 4 27 60 37 40 7 25,heads,major,1
2026-08-04T03:29:00Z,396,22 47 73 67 71 77 42 34 50 30 62 2 49 45 68 65 54 57 55 53,tails,regular,3
2026-08-04T03:31:40Z,397,44 68 11 69 71 45 65 5 55 16 51 6 10 56 66 75 28 34 54 42,tails,minor,2
2026-08-04T03:34:20Z,398,74 53 76 34 66 24 23 12 15 41 75 10 9 38 61 72 63 39 73 21,evens,regular,1
2026-08-04T03:37:00Z,399,47 80 21 42 61 34 76 74 6 58 20 11 7 52 77 50 3 71 5 8,tails,regular,2
2026-08-04T03:39:40Z,400,61 59 8 32 18 14 57 28 19 68 72 9 70 25 17 26 40 42 45 35,heads,minor,3
2026-08-04T03:42:20Z,401,15 69 56 77 9 34 76 35 54 60 31 13 10 30 68 33 61 14 52 22,heads,regular,2
2026-08-04T03:45:00Z,402,59 49 43 66 3 47 78 73 13 38 29 53 12 2 6 62 34 56 80 48,tails,major,4
2026-08-04T03:47:40Z,403,2 23 16 29 21 14 37 52 22 44 64 80 59 6 69 51 7 1 42 54,heads,regular,1
2026-08-04T03:50:20Z,404,35 45 77 72 66 28 40 47 63 18 49 24 74 19 67 5 68 60 42 16,tails,regular,5
2026-08-04T03:53:00Z,405,10 67 38 45 13 57 8 6 32 71 53 12 17 76 61 25 42 20 62 69,evens,minor,2
2026-08-04T03:55:40Z,406,69 52 32 53 44 25 4 30 79 80 33 36 42 71 29 57 12 34 7 78,evens,regular,3
2026-08-04T03:58:20Z,407,5 66 77 65 29 11 18 36 19 80 4 71 21 67 35 45 6 31 62 9,heads,regular,3
2026-08-04T04:01:00Z,408,20 29 41 56 1 16 5 28 73 23 27 74 39 50 79 47 59 55 43 40,evens,minor,10
2026-08-04T04:03:40Z,409,43 67 36 31 75 61 56 29 34 6 50 8 1 68 35 4 11 66 44 39,heads,major,2
2026-08-04T04:06:20Z,410,1 62 50 80 39 2 54 22 29 70 33 69 5 52 43 55 26 19 8 3,heads,major,1
2026-08-04T04:09:00Z,411,57 46 71 78 44 20 21 7 10 26 38 80 40 67 1 69 41 31 76 77,tails,regular,2
2026-08-04T04:11:40Z,412,29 24 39 68 16 38 47 50 61 23 75 51 80 67 14 34 33 45 12 52,evens,regular,1
2026-08-04T04:14:20Z,413,62 45 20 22 11 67 77 7 34 13 35 66 2 32 76 4 3 73 53 19,heads,minor,10
2026-08-04T04:17:00Z,414,29 65 22 42 6 72 25 68 69 23 79 41 70 12 3 53 2 80 61 7,tails,minor,3
2026-08-04T04:19:40Z,415,9 40 41 50 39 42 45 16 80 5 1 43 61 49 10 56 23 75 33 17,evens,regular,2
2026-08-04T04:22:20Z,416,70 61 25 5 21 34 62 51 32 24 60 33 23 37 20 80 10 56 35 59,heads,regular,2
2026-08-04T04:25:00Z,417,64 27 35 32 56 48 9 39 31 24 23 67 74 21 46 63 71 72 25 15,heads,regular,10
2026-08-04T04:27:40Z,418,17 58 46 61 39 2 7 27 54 60 79 28 37 45 74 53 62 49 75 13,tails,minor,3
2026-08-04T04:30:20Z,419,78 19 62 30 79 24 50 43 25 48 36 47 23 58 60 33 26 8 3 71,evens,minor,10
2026-08-04T04:33:00Z,420,65 30 66 43 15 79 28 37 11 62 52 19 16 29 26 76 72 44 57 75,tails,regular,1
2026-08-04T04:35:40Z,421,64 3 23 14 39 37 12 44 51 1 40 42 45 66 68 43 63 27 71 18,evens,regular,2
2026-08-04T04:38:20Z,422,43 63 73 19 54 28 17 79 41 57 77 4 48 49 15 33 36 34 70 44,tails,regular,1
2026-08-04T04:41:00Z,423,75 80 42 22 64 78 33 54 32 18 76 52 2 65 29 77 21 49 74 14,tails,regular,2
2026-08-04T04:43:40Z,424,79 48 67 57 46 8 37 45 69 22 17 43 62 64 34 26 59 68 47 77,tails,regular,1
2026-08-04T04:46:20Z,425,74 31 19 10 25 71 29 11 36 40 34 23 20 46 63 51 9 12 15 72,heads,regular,1
2026-08-04T04:49:00Z,426,48 7 11 65 28 73 72 26 17 36 55 16 42 1 18 45 62 41 44 22,evens,regular,3
2026-08-04T04:51:40Z,427,34 31 74 45 60 54 3 35 27 66 15 52 56 80 39 46 8 21 64 75,tails,regular,2
2026-08-04T04:54:20Z,428,49 31 52 12 80 30 63 20 23 35 11 66 14 68 71 13 54 79 69 1,evens,regular,3
2026-08-04T04:57:00Z,429,25 49 4 11 71 15 74 16 76 59 20 34 32 73 37 10 78 36 69 47,heads,regular,2
2026-08-04T04:59:40Z,430,1 62 66 15 73 29 53 27 42 5 6 39 55 2 49 48 41 47 46 19,tails,major,1
2026-08-04T05:02:20Z,431,75 36 57 69 20 56 25 26 2 33 66 40 64 38 3 62 13 23 14 46,heads,regular,1
2026-08-04T05:05:00Z,432,72 55 33 36 59 56 32 4 29 22 25 7 60 69 49 28 37 21 26 75,heads,regular,2
2026-08-04T05:07:40Z,433,62 64 59 19 17 78 57 41 54 6 74 76 10 68 77 40 53 71 73 60,tails,regular,1
2026-08-04T05:10:20Z,434,71 43 64 74 63 24 28 50 35 78 75 18 27 38 47 41 13 77 3 76,tails,regular,3
2026-08-04T05:13:00Z,435,69 60 14 44 29 40 64 56 50 76 70 49 25 28 55 78 43 5 77 26,tails,minor,3
2026-08-04T05:15:40Z,436,22 25 9 34 70 30 76 59 14 4 43 20 23 11 80 79 41 68 69 77,evens,regular,1
2026-08-04T05:18:20Z,437,43 69 1 40 71 49 10 51 36 9 13 60 37 24 3 78 77 47 80 25,evens,minor,10
2026-08-04T05:21:00Z,438,38 36 27 48 40 58 14 59 20 25 24 60 13 47 8 18 78 28 51 74,heads,minor,2
2026-08-04T05:23:40Z,439,79 35 68 57 37 25 59 17 7 23 28 71 54 70 48 19 42 4 8 34,heads,major,1
2026-08-04T05:26:20Z,440,58 54 42 71 28 79 36 3 67 35 45 8 19 49 48 80 50 37 24 16,tails,regular,2
2026-08-04T05:29:00Z,441,34 40 8 61 33 59 66 11 1 79 42 54 62 38 57 64 22 19 60 63,tails,regular,1
2026-08-04T05:31:40Z,442,46 80 79 14 12 39 31 74 72 48 58 61 44 1 15 17 32 10 13 23,heads,minor,4
2026-08-04T05:34:20Z,443,13 51 52 37 33 35 77 21 40 25 27 80 38 11 9 8 72 17 4 3,heads,regular,1
2026-08-04T05:37:00Z,444,44 34 76 71 38 37 29 43 54 35 67 50 66 22 78 49 40 55 56 1,tails,regular,3
2026-08-04T05:39:40Z,445,61 33 28 13 11 74 52 68 72 3 39 51 62 21 35 31 67 40 37 1,heads,regular,3
2026-08-04T05:42:20Z,446,51 32 59 66 44 25 2 3 1 38 67 4 12 49 65 16 60 9 27 55,heads,minor,2
2026-08-04T05:45:00Z,447,13 23 70 51 47 27 36 73 76 5 80 68 63 20 16 39 57 56 64 22,tails,regular,2
2026-08-04T05:47:40Z,448,60 26 23 62 73 15 33 49 7 78 74 76 42 28 20 71 27 45 44 48,tails,regular,1
2026-08-04T05:50:20Z,449,63 27 12 61 50 23 35 22 20 39 33 25 76 74 77 43 58 80 15 29,heads,regular,4
2026-08-04T05:53:00Z,450,60 32 20 4 79 36 2 3 53 9 62 76 19 11 7 56 22 10 58 57,heads,minor,1
2026-08-04T05:55:40Z,451,42 10 80 57 50 56 64 16 51 45 25 61 38 47 11 36 70 46 19 73,tails,regular,1
2026-08-04T05:58:20Z,452,76 68 80 11 2 33 59 48 34 20 43 7 78 1 73 51 36 60 50 23,tails,minor,1
2026-08-04T06:01:00Z,453,41 79 15 68 1 60 36 29 35 78 27 20 5 48 21 67 66 30 45 42,evens,regular,1
2026-08-04T06:03:40Z,454,25 65 42 2 46 55 72 4 80 33 23 69 60 32 35 49 66 54 30 50,tails,minor,1
2026-08-04T06:06:20Z,455,25 60 18 58 44 69 45 8 29 40 36 30 20 19 9 26 48 68 64 32,heads,minor,3
2026-08-04T06:09:00Z,456,78 19 32 37 10 26 12 63 21 42 2 31 18 67 55 46 52 8 30 72,heads,minor,10
2026-08-04T06:11:40Z,457,4 1 3 35 73 51 17 78 11 12 9 40 72 28 61 50 30 58 26 23,heads,minor,1
2026-08-04T06:14:20Z,458,61 54 41 26 35 73 47 49 72 66 75 19 7 13 16 65 43 6 1 71,tails,regular,2
2026-08-04T06:17:00Z,459,18 28 2 51 19 27 14 44 54 66 30 4 52 59 1 11 29 47 34 24,heads,regular,3
2026-08-04T06:19:40Z,460,71 26 7 5 38 62 74 14 15 75 65 34 53 16 56 54 79 30 28 47,evens,regular,2
2026-08-04T06:22:20Z,461,80 75 41 66 69 52 44 21 46 55 61 43 32 13 22 24 3 40 31 19,tails,regular,1
2026-08-04T06:25:00Z,462,6 51 52 65 68 48 4 57 74 20 26 14 23 16 42 35 10 77 54 40,evens,regular,5
2026-08-04T06:27:40Z,463,54 3 23 55 12 78 27 5 39 35 13 30 80 40 33 26 20 29 7 17,heads,regular,1
2026-08-04T06:30:20Z,464,7 72 6 32 26 13 56 49 69 59 73 21 1 65 55 14 66 43 61 2,tails,minor,4
2026-08-04T06:33:00Z,465,77 24 26 59 5 37 11 48 22 42 66 51 65 34 75 69 44 73 47 54,tails,regular,1
2026-08-04T06:35:40Z,466,29 43 24 25 11 16 31 50 28 38 48 34 47 23 13 76 53 51 79 27,heads,major,1
2026-08-04T06:38:20Z,467,32 45 63 25 10 21 58 67 22 73 28 66 30 36 9 74 65 15 56 47,evens,regular,10
2026-08-04T06:41:00Z,468,26 59 64 56 37 35 13 46 5 15 32 27 19 9 4 44 30 11 69 22,heads,regular,1
2026-08-04T06:43:40Z,469,59 73 51 27 50 14 11 41 62 8 1 69 47 19 22 9 13 40 35 78,heads,regular,3
2026-08-04T06:46:20Z,470,16 7 50 80 26 24 56 32 67 76 25 59 35 72 53 46 47 34 69 66,tails,minor,2
2026-08-04T06:49:00Z,471,73 7 66 11 28 2 42 60 40 44 70 80 10 72 26 55 12 54 34 6,evens,regular,1
2026-08-04T06:51:40Z,472,33 48 62 4 57 75 28 79 26 53 41 21 32 66 58 19 49 17 22 67,tails,regular,3
2026-08-04T06:54:20Z,473,44 16 7 8 24 65 21 22 19 75 26 61 54 3 53 33 10 74 79 46,heads,regular,3
2026-08-04T06:57:00Z,474,7 23 29 35 1 4 17 56 37 65 79 50 10 33 15 39 61 43 76 54,heads,regular,2
2026-08-04T06:59:40Z,475,52 27 47 60 36 10 2 8 12 5 40 25 73 70 6 43 71 64 62 35,heads,minor,3
2026-08-04T07:02:20Z,476,20 13 77 16 38 44 27 22 71 48 7 35 60 8 42 3 39 80 53 69,heads,minor,4
2026-08-04T07:05:00Z,477,80 43 53 34 38 28 56 36 46 64 29 45 55 78 16 2 11 63 61 18,tails,minor,3
2026-08-04T07:07:40Z,478,62 51 65 80 27 48 41 16 38 60 3 17 8 71 26 66 9 7 54 69,tails,regular,1
2026-08-04T07:10:20Z,479,80 2 50 48 12 28 68 79 61 29 60 1 15 31 19 70 23 54 10 43,evens,regular,1
2026-08-04T07:13:00Z,480,27 14 31 55 59 8 43 15 47 54 24 16 61 19 10 28 38 58 71 45,heads,regular,1
2026-08-04T07:15:40Z,481,53 34 71 47 14 26 46 56 35 60 58 37 36 11 32 43 10 33 15 72,heads,regular,1
2026-08-04T07:18:20Z,482,56 19 2 79 4 13 22 70 50 62 30 16 51 32 47 36 38 45 58 43,evens,regular,1
2026-08-04T07:21:00Z,483,58 76 64 4 78 39 1 61 9 62 3 30 36 42 27 2 59 70 49 53,tails,minor,10
2026-08-04T07:23:40Z,484,18 11 1 52 66 65 4 61 23 67 51 45 48 10 76 19 43 62 24 42,tails,major,1
2026-08-04T07:26:20Z,485,71 36 61 6 19 10 7 50 68 39 53 44 79 14 43 70 38 56 67 66,tails,regular,1
2026-08-04T07:29:00Z,486,73 27 9 24 54 14 8 32 25 65 62 70 77 15 39 79 6 33 4 5,heads,minor,10
2026-08-04T07:31:40Z,487,53 14 60 78 20 55 2 75 17 71 42 49 13 12 50 68 30 3 41 63,tails,regular,3
2026-08-04T07:34:20Z,488,70 8 40 76 60 37 59 4 47 73 74 36 33 42 17 72 22 67 5 3,evens,regular,2
2026-08-04T07:37:00Z,489,73 21 14 53 40 52 44 55 77 1 43 23 59 70 8 56 62 36 19 41,tails,minor,1
2026-08-04T07:39:40Z,490,52 55 67 25 69 58 42 76 78 15 73 11 71 31 63 65 36 30 32 16,tails,regular,1
2026-08-04T07:42:20Z,491,71 33 13 10 53 28 70 57 44 4 38 21 40 30 61 80 49 43 6 78,evens,minor,3
2026-08-04T07:45:00Z,492,36 10 76 25 59 4 22 17 63 11 61 28 71 52 38 23 2 19 18 78,heads,regular,1
2026-08-04T07:47:40Z,493,74 41 28 32 57 36 51 42 17 66 9 49 11 61 69 76 60 34 45 62,tails,regular,3
2026-08-04T07:50:20Z,494,5 39 8 71 14 26 77 75 17 19 54 28 33 9 50 44 25 12 6 21,heads,regular,1
2026-08-04T07:53:00Z,495,45 47 66 58 73 17 54 61 23 40 3 38 64 49 18 43 22 48 62 7,tails,regular,4
2026-08-04T07:55:40Z,496,50 71 15 53 10 30 28 75 21 59 77 45 9 6 55 80 14 46 12 1,evens,regular,3
2026-08-04T07:58:20Z,497,3 47 80 65 51 31 45 72 23 24 35 58 62 30 42 63 10 8 14 7,evens,regular,3
2026-08-04T08:01:00Z,498,70 73 27 19 54 44 53 45 40 31 15 77 74 63 26 61 16 47 41 18,tails,regular,3
2026-08-04T08:03:40Z,499,49 15 78 5 57 18 20 73 68 70 80 59 36 41 65 75 22 11 27 38,tails,minor,1
2026-08-04T08:06:20Z,500,76 26 43 55 38 5 48 51 29 27 36 69 28 75 63 16 32 35 10 33,heads,regular,2
2026-08-04T08:09:00Z,501,3 62 75 53 68 77 64 27 43 74 45 20 56 19 51 8 23 52 59 37,tails,minor,3
2026-08-04T08:11:40Z,502,50 22 65 36 27 41 38 30 58 45 47 10 79 39 51 14 75 69 56 28,tails,regular,2
2026-08-04T08:14:20Z,503,16 64 30 57 38 2 51 7 70 66 68 60 46 11 32 42 9 65 43 47,tails,regular,3
2026-08-04T08:17:00Z,504,15 9 73 27 44 47 7 45 60 79 65 37 22 12 11 3 39 32 18 26,heads,regular,1
2026-08-04T08:19:40Z,505,70 74 32 10 45 59 47 60 53 27 49 30 18 51 1 15 44 66 28 11,tails,minor,4
2026-08-04T08:22:20Z,506,25 22 14 36 77 45 63 71 16 6 52 30 51 50 49 73 76 10 69 2,tails,regular,1
2026-08-04T08:25:00Z,507,74 8 63 75 44 5 11 78 50 76 79 17 48 14 16 7 49 31 10 52,tails,regular,1
2026-08-04T08:27:40Z,508,41 31 11 42 14 26 58 53 25 13 80 67 16 37 36 48 12 45 44 30,heads,regular,3
2026-08-04T08:30:20Z,509,3 14 26 6 66 18 50 4 34 28 16 79 77 19 12 73 72 33 27 42,heads,regular,5
2026-08-04T08:33:00Z,510,8 66 29 73 15 50 74 6 53 60 20 30 65 43 34 32 13 18 71 14,heads,regular,3
2026-08-04T08:35:40Z,511,4 75 18 62 68 37 59 32 66 11 58 57 74 1 38 29 10 24 46 72,evens,regular,3
2026-08-04T08:38:20Z,512,76 35 39 32 4 5 8 75 26 25 66 6 55 43 24 14 51 27 80 69,heads,minor,2
2026-08-04T08:41:00Z,513,23 10 56 58 1 18 35 47 55 24 4 29 76 68 15 2 13 51 65 42,heads,regular,1
2026-08-04T08:43:40Z,514,63 71 28 5 41 9 1 74 72 14 31 6 58 55 18 80 36 43 11 66,evens,regular,5
2026-08-04T08:46:20Z,515,74 60 75 50 28 35 49 77 7 79 70 11 5 61 78 32 36 16 17 55,tails,regular,5
2026-08-04T08:49:00Z,516,44 28 79 71 78 55 12 35 45 47 42 30 60 74 37 36 68 39 29 14,tails,regular,1
2026-08-04T08:51:40Z,517,65 30 18 72 27 10 48 44 69 23 68 22 21 12 19 51 59 64 45 57,tails,regular,3
2026-08-04T08:54:20Z,518,80 8 62 73 47 3 32 21 31 68 52 40 61 56 71 48 43 10 60 66,tails,major,5
2026-08-04T08:57:00Z,519,15 19 76 32 13 71 67 17 1 35 24 48 60 69 43 47 54 14 53 65,tails,minor,10
2026-08-04T08:59:40Z,520,34 57 79 2 65 54 16 26 50 46 23 40 24 30 18 77 19 1 11 47,heads,regular,1
2026-08-04T09:02:20Z,521,17 51 76 12 56 57 14 11 23 15 29 54 63 75 24 58 49 7 42 69,tails,minor,1
2026-08-04T09:05:00Z,522,39 17 62 36 53 31 44 37 49 27 43 29 63 11 22 59 19 23 38 4,heads,minor,1
2026-08-04T09:07:40Z,523,28 10 57 58 67 63 16 49 34 64 32 71 36 15 76 4 48 31 3 53,evens,regular,1
2026-08-04T09:10:20Z,524,19 24 36 61 32 50 6 26 10 49 71 11 66 40 34 73 53 4 52 67,heads,minor,2
2026-08-04T09:13:00Z,525,80 6 60 73 42 7 10 54 16 35 63 36 2 39 28 25 14 70 24 56,heads,regular,3
2026-08-04T09:15:40Z,526,33 71 16 56 41 36 70 27 42 47 15 49 39 35 37 59 60 22 80 63,tails,minor,2
2026-08-04T09:18:20Z,527,69 38 57 25 43 72 67 53 45 17 37 79 34 1 42 16 28 64 9 50,tails,regular,2
2026-08-04T09:21:00Z,528,63 39 40 65 41 12 78 59 32 73 26 4 27 19 55 47 51 7 58 24,evens,regular,1
2026-08-04T09:23:40Z,529,40 60 75 64 56 17 47 23 29 28 45 79 48 63 3 73 9 37 50 13,tails,regular,3
2026-08-04T09:26:20Z,530,57 43 78 71 30 26 42 39 68 33 59 34 13 70 20 36 44 52 10 80,tails,regular,1
2026-08-04T09:29:00Z,531,61 51 29 57 26 38 24 22 72 27 66 53 41 13 64 7 73 19 62 16,evens,regular,3
2026-08-04T09:31:40Z,532,49 45 11 27 59 40 76 24 50 47 9 4 26 43 5 33 16 41 71 21,heads,minor,1
2026-08-04T09:34:20Z,533,61 75 52 9 31 56 12 60 27 43 70 66 64 69 10 39 34 2 4 16,evens,regular,1
2026-08-04T09:37:00Z,534,8 3 32 74 47 9 14 39 16 71 12 43 50 33 6 40 26 48 38 59,heads,regular,2
2026-08-04T09:39:40Z,535,70 41 46 3 42 15 11 53 66 18 74 5 7 40 16 56 73 22 4 64,evens,regular,3
2026-08-04T09:42:20Z,536,76 2 3 27 20 58 38 57 80 22 6 8 47 15 51 69 31 64 17 14,heads,regular,5
2026-08-04T09:45:00Z,537,63 1 78 61 28 76 40 56 53 42 66 50 37 12 51 80 16 45 22 58,tails,major,2
2026-08-04T09:47:40Z,538,64 11 59 50 77 37 78 74 3 26 36 51 73 25 15 66 13 53 55 22,tails,regular,1
2026-08-04T09:50:20Z,539,65 20 72 66 61 42 57 74 25 50 13 46 9 43 4 36 29 70 22 56,tails,regular,2
2026-08-04T09:53:00Z,540,12 52 34 64 21 69 77 19 39 68 24 10 33 73 42 46 80 20 25 51,evens,regular,3
2026-08-04T09:55:40Z,541,29 37 21 15 3 50 51 36 58 4 24 30 80 79 54 18 10 34 43 66,heads,minor,2
2026-08-04T09:58:20Z,542,35 72 30 14 39 66 9 69 43 21 15 75 25 61 12 1 50 67 46 51,evens,regular,2
2026-08-04T10:01:00Z,543,27 13 23 3 46 24 34 7 57 58 25 61 19 28 51 75 1 42 26 68,heads,minor,5
2026-08-04T10:03:40Z,544,7 6 69 63 34 76 43 62 80 23 52 2 14 21 28 20 51 75 17 56,evens,regular,3
2026-08-04T10:06:20Z,545,56 9 48 1 66 11 30 53 41 60 54 68 5 33 37 67 71 43 79 46,tails,regular,2
2026-08-04T10:09:00Z,546,48 10 25 44 63 27 19 38 22 52 7 49 71 16 50 41 53 46 24 43,tails,minor,3
2026-08-04T10:11:40Z,547,49 2 15 54 20 35 6 60 10 34 48 41 72 74 50 24 62 75 45 61,tails,regular,1
2026-08-04T10:14:20Z,548,55 36 64 27 11 62 76 80 56 65 25 70 66 16 20 44 79 48 10 54,tails,regular,1
2026-08-04T10:17:00Z,549,24 40 5 27 46 8 21 72 32 39 25 35 62 76 9 37 52 44 20 15,heads,regular,3
2026-08-04T10:19:40Z,550,19 42 40 7 49 10 2 59 12 41 9 20 43 79 54 21 73 56 45 78,tails,regular,1
2026-08-04T10:22:20Z,551,80 12 21 47 33 41 2 8 3 79 53 55 69 5 44 51 49 34 73 38,tails,regular,1
2026-08-04T10:25:00Z,552,22 23 7 57 12 24 1 25 32 64 47 54 52 28 17 16 68 66 56 49,heads,regular,3
2026-08-04T10:27:40Z,553,21 41 58 31 40 7 54 16 71 48 33 45 35 3 78 80 57 6 77 50,tails,major,4
2026-08-04T10:30:20Z,554,47 10 69 68 48 57 54 3 65 56 60 2 71 45 27 63 19 34 51 16,tails,minor,2
2026-08-04T10:33:00Z,555,17 20 11 25 31 75 12 64 69 66 7 21 54 28 79 30 35 34 37 26,heads,regular,1
2026-08-04T10:35:40Z,556,5 76 71 37 64 72 70 21 19 4 11 18 79 42 30 17 13 39 27 63,heads,regular,1
2026-08-04T10:38:20Z,557,47 74 77 53 42 57 22 29 14 73 37 16 32 15 36 78 23 44 79 33,evens,regular,3
2026-08-04T10:41:00Z,558,15 60 19 3 68 59 29 42 16 21 4 49 63 73 71 23 6 39 28 7,heads,regular,1
2026-08-04T10:43:40Z,559,64 59 67 47 10 17 44 52 74 18 72 63 70 49 14 30 76 5 8 26,tails,minor,2
2026-08-04T10:46:20Z,560,53 27 69 30 26 66 10 50 52 17 74 55 1 70 39 73 28 3 22 21,heads,regular,1
2026-08-04T10:49:00Z,561,79 17 40 66 16 58 63 38 56 26 22 69 71 74 12 19 78 41 33 25,evens,regular,1
2026-08-04T10:51:40Z,562,63 6 50 54 68 4 35 32 44 2 22 21 47 30 74 73 80 79 23 58,tails,minor,2
2026-08-04T10:54:20Z,563,33 11 46 62 38 53 4 70 20 26 63 47 76 3 56 5 49 28 19 37,heads,major,1
2026-08-04T10:57:00Z,564,46 22 60 19 10 1 63 8 17 67 7 4 71 49 14 61 36 70 12 40,heads,regular,1
2026-08-04T10:59:40Z,565,60 15 70 47 45 17 48 25 39 76 33 65 21 31 2 71 26 36 67 4,heads,regular,2
2026-08-04T11:02:20Z,566,7 32 58 39 47 72 73 43 61 1 62 55 38 80 46 56 74 16 26 18,tails,regular,3
2026-08-04T11:05:00Z,567,69 5 2 17 66 77 29 71 15 43 21 65 6 4 76 32 30 26 40 8,heads,regular,2
2026-08-04T11:07:40Z,568,52 9 66 45 53 7 76 78 28 37 73 6 31 36 12 39 14 8 67 43,heads,regular,2
2026-08-04T11:10:20Z,569,25 36 42 37 56 35 52 48 16 26 21 15 80 43 1 77 3 6 14 53,heads,regular,1
2026-08-04T11:13:00Z,570,69 48 32 55 22 13 72 42 65 3 9 67 37 33 34 76 4 56 79 78,tails,regular,3
2026-08-04T11:15:40Z,571,63 23 14 49 58 67 2 32 28 56 48 36 79 72 61 9 5 39 8 70,evens,regular,2
2026-08-04T11:18:20Z,572,34 17 42 53 72 24 27 14 59 63 69 79 28 76 77 37 15 60 25 67,tails,regular,1
2026-08-04T11:21:00Z,573,19 18 22 27 9 77 24 71 73 30 35 54 75 61 45 62 40 11 58 76,evens,regular,1
2026-08-04T11:23:40Z,574,70 44 74 30 34 53 42 5 49 10 32 14 75 65 22 13 8 80 55 57,tails,minor,1
2026-08-04T11:26:20Z,575,77 56 75 43 50 25 71 48 14 33 24 32 5 1 47 10 79 46 13 36,evens,major,1
2026-08-04T11:29:00Z,576,29 64 74 53 3 75 36 40 10 45 57 23 77 56 2 33 52 46 12 28,evens,regular,1
2026-08-04T11:31:40Z,577,67 21 78 47 45 72 39 53 19 64 33 10 16 74 60 76 14 69 11 8,tails,regular,3
2026-08-04T11:34:20Z,578,25 76 45 14 56 32 71 65 22 41 31 48 38 39 11 49 79 64 7 16,evens,minor,3
2026-08-04T11:37:00Z,579,13 67 11 49 26 29 76 65 55 35 8 74 1 6 15 22 17 64 58 7,heads,regular,1
2026-08-04T11:39:40Z,580,71 25 72 66 39 8 36 50 23 61 41 24 20 47 18 43 46 73 28 26,evens,regular,2
2026-08-04T11:42:20Z,581,13 23 24 36 31 44 18 39 66 69 60 35 40 65 16 52 42 9 8 63,heads,regular,2
2026-08-04T11:45:00Z,582,58 57 51 26 9 60 6 27 23 18 72 67 77 2 7 56 70 21 32 4,heads,major,1
2026-08-04T11:47:40Z,583,41 56 3 72 68 57 42 4 60 35 14 62 66 10 33 17 47 53 43 50,tails,regular,3
2026-08-04T11:50:20Z,584,35 70 1 31 37 55 52 27 21 42 50 14 76 53 45 59 49 15 17 7,evens,regular,3
2026-08-04T11:53:00Z,585,48 2 57 62 51 11 19 32 40 75 34 55 4 76 38 30 3 66 8 47,heads,regular,4
2026-08-04T11:55:40Z,586,51 10 72 66 3 74 70 28 68 4 22 1 69 43 62 75 17 32 14 27,evens,minor,1
2026-08-04T11:58:20Z,587,17 41 11 21 38 16 14 67 49 28 65 12 26 7 69 30 52 80 66 72,heads,minor,2
2026-08-04T12:01:00Z,588,18 52 78 80 30 77 27 23 65 63 58 57 1 49 55 70 75 17 4 41,tails,minor,2
2026-08-04T12:03:40Z,589,70 67 12 32 19 5 61 47 59 52 66 75 31 51 79 24 76 62 71 78,tails,major,1
2026-08-04T12:06:20Z,590,39 50 58 28 62 69 40 32 64 76 9 11 34 29 78 20 41 49 44 53,tails,minor,3
2026-08-04T12:09:00Z,591,29 42 48 52 12 51 70 54 24 37 19 59 45 60 49 6 31 65 34 38,tails,regular,2
2026-08-04T12:11:40Z,592,9 30 64 53 59 35 1 46 68 57 61 34 16 49 42 67 36 26 56 80,tails,minor,2
2026-08-04T12:14:20Z,593,15 73 36 59 41 66 24 37 80 27 33 76 2 44 75 29 8 45 12 4,heads,regular,1
2026-08-04T12:17:00Z,594,65 76 62 13 64 6 3 16 30 38 80 43 61 57 44 66 8 55 21 18,tails,minor,3
2026-08-04T12:19:40Z,595,73 43 51 80 72 36 10 47 4 49 58 30 44 29 9 52 6 41 37 60,tails,regular,1
2026-08-04T12:22:20Z,596,28 29 8 35 22 46 74 67 13 18 27 15 36 64 10 2 61 59 4 76,heads,regular,1
2026-08-04T12:25:00Z,597,61 31 24 23 57 69 19 36 75 13 67 52 8 21 33 60 7 65 22 72,heads,regular,1
2026-08-04T12:27:40Z,598,75 20 3 46 33 5 58 32 56 8 22 13 68 41 31 16 71 24 73 60,heads,regular,1
2026-08-04T12:30:20Z,599,44 18 10 55 8 57 52 38 76 51 43 74 3 32 23 65 33 27 6 47,evens,regular,1
2026-08-04T12:33:00Z,600,10 18 62 37 36 79 40 1 80 22 72 31 33 58 56 50 17 52 26 47,heads,major,1
2026-08-04T12:35:40Z,601,42 66 71 74 11 24 43 62 46 51 47 53 36 30 15 22 60 40 44 39,tails,regular,3
2026-08-04T12:38:20Z,602,15 71 27 63 7 37 16 18 68 28 78 77 50 66 64 4 23 76 3 80,evens,minor,2
2026-08-04T12:41:00Z,603,72 21 16 73 70 66 22 6 2 49 9 62 15 53 19 14 33 58 12 55,heads,minor,5
2026-08-04T12:43:40Z,604,37 75 22 46 14 40 33 12 72 16 73 64 67 59 31 9 32 50 74 38,heads,regular,2
2026-08-04T12:46:20Z,605,29 35 39 44 33 38 5 66 50 9 63 42 46 64 16 61 31 14 72 80,evens,regular,1
2026-08-04T12:49:00Z,606,25 12 76 35 48 18 4 1 77 21 72 16 11 74 65 30 61 51 80 15,heads,regular,1
2026-08-04T12:51:40Z,607,67 46 70 44 13 62 1 32 65 58 77 16 74 60 20 12 76 48 59 56,tails,major,1
2026-08-04T12:54:20Z,608,26 6 24 34 4 53 11 5 62 10 63 43 46 64 25 2 55 79 57 19,heads,minor,5
2026-08-04T12:57:00Z,609,40 75 11 62 72 54 3 15 46 70 18 6 30 31 66 19 78 67 64 69,tails,regular,2
2026-08-04T12:59:40Z,610,7 18 37 35 14 75 2 55 40 47 59 4 46 25 68 27 16 69 63 26,heads,regular,1
2026-08-04T13:02:20Z,611,46 32 31 3 57 77 26 30 17 36 54 29 5 37 65 51 52 68 4 75,heads,regular,2
2026-08-04T13:05:00Z,612,49 11 50 12 68 23 45 29 2 3 14 44 48 46 22 24 72 41 77 60,tails,regular,3
2026-08-04T13:07:40Z,613,68 50 18 71 28 53 37 10 52 8 32 44 2 63 80 66 4 35 58 49,tails,regular,1
2026-08-04T13:10:20Z,614,53 58 43 24 33 6 7 17 80 45 65 27 71 46 19 21 57 63 26 59,tails,regular,1
2026-08-04T13:13:00Z,615,45 61 37 12 17 55 14 48 38 2 18 43 15 62 30 26 9 1 80 42,heads,minor,1
2026-08-04T13:15:40Z,616,15 35 69 6 26 74 50 21 3 80 77 17 61 47 33 70 28 57 20 59,evens,major,4
2026-08-04T13:18:20Z,617,8 16 15 54 45 34 44 59 53 23 21 51 49 33 63 18 28 74 66 12,evens,minor,2
2026-08-04T13:21:00Z,618,72 26 53 28 11 14 61 36 48 34 7 18 16 75 37 69 74 55 71 9,heads,minor,2
2026-08-04T13:23:40Z,619,44 29 79 3 73 80 2 21 49 62 72 26 35 47 61 55 48 34 42 71,tails,regular,2
2026-08-04T13:26:20Z,620,68 63 23 51 50 34 66 31 41 35 18 64 8 61 6 70 79 48 62 28,tails,regular,2
2026-08-04T13:29:00Z,621,5 39 27 31 65 45 56 71 47 54 17 76 20 12 78 30 77 38 52 36,evens,regular,3
2026-08-04T13:31:40Z,622,17 70 2 76 46 73 5 41 3 80 54 69 4 7 39 59 66 63 65 50,tails,minor,2
2026-08-04T13:34:20Z,623,57 9 29 75 7 33 17 77 37 46 13 50 63 34 58 68 5 49 74 40,evens,regular,3
2026-08-04T13:37:00Z,624,63 11 47 36 70 41 26 14 19 44 22 16 58 53 65 25 30 45 78 21,evens,minor,2
2026-08-04T13:39:40Z,625,51 11 73 61 5 29 80 40 55 76 3 58 10 12 77 65 66 71 15 31,tails,minor,2
2026-08-04T13:42:20Z,626,20 27 51 36 58 59 60 21 26 8 15 24 45 71 62 42 61 75 7 35,evens,regular,2
2026-08-04T13:45:00Z,627,36 8 61 58 62 21 54 53 26 50 12 2 6 57 42 67 22 10 71 44,tails,regular,1
2026-08-04T13:47:40Z,628,1 66 11 31 19 78 10 57 60 53 72 43 67 63 71 69 28 34 38 4,tails,regular,2
2026-08-04T13:50:20Z,629,72 34 10 77 3 78 17 23 4 46 36 1 8 20 71 75 12 51 29 52,heads,regular,1
2026-08-04T13:53:00Z,630,6 61 39 59 31 8 22 79 9 34 51 3 67 72 41 35 56 44 36 77,evens,major,4
2026-08-04T13:55:40Z,631,66 55 65 14 27 39 50 67 23 15 69 72 13 20 32 78 79 75 62 40,tails,minor,2
2026-08-04T13:58:20Z,632,49 2 18 48 4 25 27 30 10 51 67 58 64 3 26 20 28 1 13 69,heads,minor,1
2026-08-04T14:01:00Z,633,30 51 4 43 16 18 75 50 22 72 53 65 13 6 64 54 31 7 48 25,evens,regular,1
2026-08-04T14:03:40Z,634,41 7 33 10 35 67 24 42 5 37 26 58 51 53 36 13 38 29 19 72,heads,regular,2
2026-08-04T14:06:20Z,635,2 61 5 65 37 52 14 8 30 12 9 42 79 63 77 53 20 80 21 55,evens,major,1
2026-08-04T14:09:00Z,636,26 41 7 38 78 73 74 9 28 19 12 36 4 70 31 80 48 55 37 8,heads,regular,3
2026-08-04T14:11:40Z,637,10 38 25 31 77 55 1 3 13 61 48 44 37 14 71 79 80 73 22 60,evens,regular,10
2026-08-04T14:14:20Z,638,4 60 18 41 12 29 61 36 32 62 39 63 20 71 45 13 42 55 10 76,evens,regular,1
2026-08-04T14:17:00Z,639,8 2 30 5 33 80 61 64 68 41 21 50 79 24 4 10 14 48 57 47,evens,major,1
2026-08-04T14:19:40Z,640,16 77 54 5 65 35 60 70 55 66 34 31 18 71 23 51 62 78 20 57,tails,regular,2
2026-08-04T14:22:20Z,641,65 1 52 58 38 60 6 34 8 48 45 74 50 62 71 51 17 37 4 36,tails,regular,2
2026-08-04T14:25:00Z,642,29 23 79 26 54 19 62 17 75 49 33 53 13 39 73 60 18 56 72 7,evens,regular,3
2026-08-04T14:27:40Z,643,30 17 70 29 36 60 1 14 8 62 74 45 33 76 55 42 39 4 73 56,evens,regular,3
2026-08-04T14:30:20Z,644,53 49 3 40 8 71 48 44 74 37 54 27 23 51 35 2 21 18 59 17,heads,regular,2
2026-08-04T14:33:00Z,645,29 33 53 24 50 77 1 78 54 48 26 14 69 64 60 28 38 40 73 36,evens,minor,1
2026-08-04T14:35:40Z,646,49 59 13 68 58 63 78 35 7 3 24 45 33 9 38 18 11 73 32 39,heads,regular,1
2026-08-04T14:38:20Z,647,70 53 39 68 26 79 13 32 56 55 17 4 61 51 14 59 12 2 28 66,evens,minor,10
2026-08-04T14:41:00Z,648,60 29 44 69 76 26 61 78 9 18 11 17 43 1 14 3 74 27 35 30,heads,major,1
2026-08-04T14:43:40Z,649,76 53 23 11 32 27 54 6 63 61 48 17 12 41 62 70 49 20 33 51,tails,major,3
2026-08-04T14:46:20Z,650,57 56 43 44 63 70 11 8 64 26 47 16 79 48 17 52 62 15 33 27,tails,regular,4
2026-08-04T14:49:00Z,651,6 10 30 75 76 78 23 28 56 65 59 74 48 20 46 73 24 53 36 14,tails,regular,3
2026-08-04T14:51:40Z,652,41 65 45 63 28 70 58 40 64 20 24 35 14 1 23 9 47 76 50 18,evens,regular,2
2026-08-04T14:54:20Z,653,27 10 7 11 63 8 51 67 61 12 41 45 32 3 13 75 78 71 2 36,heads,regular,1
2026-08-04T14:57:00Z,654,4 66 22 1 75 11 54 71 53 80 8 76 42 65 32 68 7 27 50 36,tails,major,4
2026-08-04T14:59:40Z,655,76 34 40 6 17 9 49 52 37 31 11 48 21 66 4 68 60 8 71 65,heads,regular,1
2026-08-04T15:02:20Z,656,56 16 65 61 28 10 48 66 22 13 72 69 80 67 53 37 75 25 1 60,tails,regular,3
2026-08-04T15:05:00Z,657,48 75 9 72 39 68 17 40 21 3 22 46 10 71 60 5 8 57 18 73,heads,regular,1
2026-08-04T15:07:40Z,658,46 72 24 33 53 12 5 26 57 43 37 45 78 23 14 1 3 75 69 73,evens,regular,1
2026-08-04T15:10:20Z,659,37 63 32 58 45 22 75 3 60 36 28 76 67 50 48 47 78 64 21 49,tails,regular,2
2026-08-04T15:13:00Z,660,62 38 69 2 65 72 58 41 71 35 18 25 80 19 16 31 60 73 27 45,tails,minor,1
2026-08-04T15:15:40Z,661,71 61 9 57 64 51 42 54 12 6 79 32 41 20 10 56 43 59 63 8,tails,regular,4
2026-08-04T15:18:20Z,662,7 10 69 72 75 16 24 61 11 56 34 78 21 18 31 44 45 23 54 19,heads,regular,1
2026-08-04T15:21:00Z,663,14 71 40 58 47 69 79 18 23 37 78 2 52 33 63 4 64 27 20 35,heads,regular,1
2026-08-04T15:23:40Z,664,17 8 1 68 78 77 12 54 4 36 34 33 69 3 37 14 50 15 56 27,heads,regular,1
2026-08-04T15:26:20Z,665,65 25 23 73 13 55 8 30 44 12 2 60 4 77 42 14 27 68 16 38,heads,regular,2
2026-08-04T15:29:00Z,666,75 54 14 58 3 51 28 36 10 5 18 56 1 19 35 4 50 78 8 32,heads,regular,1
2026-08-04T15:31:40Z,667,27 80 24 37 68 49 38 62 26 59 33 73 74 15 35 51 54 8 46 69,tails,minor,1
2026-08-04T15:34:20Z,668,31 3 6 46 35 53 14 29 23 30 1 73 54 15 20 43 19 44 79 48,heads,regular,1
2026-08-04T15:37:00Z,669,45 60 77 6 67 75 5 44 53 18 40 37 51 56 13 43 59 24 7 42,tails,regular,2
2026-08-04T15:39:40Z,670,12 71 11 70 32 69 16 35 43 21 27 44 22 45 80 39 53 49 57 54,tails,minor,3
2026-08-04T15:42:20Z,671,66 12 49 71 75 2 77 69 79 78 47 31 16 23 28 38 54 18 14 9,evens,minor,3
2026-08-04T15:45:00Z,672,56 53 66 12 49 8 26 29 15 22 54 18 16 55 50 42 64 45 6 23,evens,minor,1
2026-08-04T15:47:40Z,673,58 56 49 7 20 51 46 65 48 16 66 64 42 52 8 77 76 18 30 2,tails,major,4
2026-08-04T15:50:20Z,674,44 55 32 47 57 15 65 45 27 19 16 7 54 43 34 53 71 18 25 20,evens,regular,1
2026-08-04T15:53:00Z,675,3 80 65 21 19 70 31 26 47 32 45 15 68 74 29 51 24 46 27 43,evens,regular,3
2026-08-04T15:55:40Z,676,3 70 34 24 77 25 50 14 68 59 9 79 58 36 29 51 38 39 2 66,heads,regular,1
2026-08-04T15:58:20Z,677,26 68 62 20 61 37 15 25 54 18 31 66 19 65 23 33 5 39 21 55,heads,major,1
2026-08-04T16:01:00Z,678,7 32 80 73 76 4 45 6 27 72 59 34 18 13 17 35 28 20 31 53,heads,minor,1
2026-08-04T16:03:40Z,679,66 76 55 67 53 41 79 74 27 78 40 49 33 2 34 16 54 23 4 70,tails,regular,2
2026-08-04T16:06:20Z,680,72 34 50 9 21 52 20 61 41 79 49 73 56 24 14 17 60 43 46 26,tails,minor,1
2026-08-04T16:09:00Z,681,1 40 71 80 63 69 47 53 64 15 72 24 48 39 33 70 13 14 51 44,tails,major,1
2026-08-04T16:11:40Z,682,79 33 80 35 49 47 43 25 74 24 71 32 66 56 68 23 54 48 67 76,tails,regular,1
2026-08-04T16:14:20Z,683,59 43 17 36 23 56 44 10 48 73 74 27 8 9 39 21 42 80 12 70,evens,regular,2
2026-08-04T16:17:00Z,684,22 19 16 78 51 67 31 79 15 60 8 53 30 77 63 41 68 3 71 25,tails,minor,1
2026-08-04T16:19:40Z,685,20 75 52 62 16 47 31 61 19 45 51 33 23 1 25 60 17 50 43 29,evens,minor,2
2026-08-04T16:22:20Z,686,71 60 34 46 59 63 39 50 41 69 13 76 56 49 45 44 77 70 80 27,tails,regular,3
2026-08-04T16:25:00Z,687,28 73 8 34 52 33 18 77 71 72 38 36 67 62 3 29 64 44 9 40,heads,regular,1
2026-08-04T16:27:40Z,688,53 40 32 76 62 2 26 16 4 74 44 31 64 24 38 77 19 73 49 25,heads,minor,3
2026-08-04T16:30:20Z,689,30 27 67 69 74 51 47 41 55 60 13 62 25 2 35 75 12 56 6 66,tails,regular,1
2026-08-04T16:33:00Z,690,54 46 80 49 73 60 55 5 26 42 58 44 72 6 56 67 9 3 70 11,tails,minor,3
2026-08-04T16:35:40Z,691,38 46 44 27 42 72 26 1 68 39 60 50 78 56 49 43 15 21 22 70,tails,regular,3
2026-08-04T16:38:20Z,692,26 57 61 19 20 43 55 62 52 70 23 27 1 18 28 24 33 14 37 2,heads,regular,2
2026-08-04T16:41:00Z,693,76 23 2 9 29 39 59 38 28 13 80 50 71 37 60 24 27 26 14 55,heads,minor,2
2026-08-04T16:43:40Z,694,61 26 18 76 19 6 66 27 60 28 46 62 20 12 67 63 2 48 39 3,heads,regular,2
2026-08-04T16:46:20Z,695,28 63 29 17 20 31 52 6 72 68 10 60 75 13 36 62 54 59 53 15,evens,minor,10
2026-08-04T16:49:00Z,696,6 67 27 13 4 29 65 45 43 34 31 38 78 71 46 59 24 3 9 18,heads,regular,1
2026-08-04T16:51:40Z,697,15 25 3 20 56 35 26 14 42 59 69 22 77 72 76 33 43 2 4 18,heads,regular,1
2026-08-04T16:54:20Z,698,62 65 15 67 23 73 60 54 29 43 80 57 64 7 1 38 49 77 32 78,tails,major,3
2026-08-04T16:57:00Z,699,54 25 62 48 24 59 3 6 70 35 49 8 47 78 5 71 16 42 52 45,tails,regular,3
2026-08-04T16:59:40Z,700,8 22 61 34 80 78 55 27 35 72 16 9 77 6 74 33 54 52 20 31,heads,minor,2
2026-08-04T17:02:20Z,701,10 70 67 51 66 63 61 17 16 59 12 20 11 44 71 35 78 2 75 28,tails,minor,3
2026-08-04T17:05:00Z,702,3 73 31 2 65 43 51 16 71 54 63 66 38 80 79 68 30 77 76 46,tails,regular,2
2026-08-04T17:07:40Z,703,59 54 77 15 70 47 9 26 64 57 66 13 27 6 12 34 18 38 67 73,evens,minor,1
2026-08-04T17:10:20Z,704,38 2 70 34 68 53 20 78 41 46 69 30 19 27 77 35 21 73 57 37,evens,minor,1
2026-08-04T17:13:00Z,705,51 25 7 61 5 64 22 59 10 44 21 58 55 60 80 65 32 75 42 40,tails,regular,3
2026-08-04T17:15:40Z,706,21 34 51 63 73 52 72 69 74 11 53 57 30 33 78 16 49 43 27 6,tails,regular,1
2026-08-04T17:18:20Z,707,65 77 14 32 3 6 72 2 45 70 48 59 25 24 73 31 4 15 16 13,heads,regular,1
2026-08-04T17:21:00Z,708,8 71 5 19 42 31 11 2 66 36 29 52 38 80 20 45 68 43 67 23,heads,regular,3
2026-08-04T17:23:40Z,709,56 48 6 4 34 68 62 63 79 32 22 52 8 80 35 60 1 69 44 51,tails,minor,1
2026-08-04T17:26:20Z,710,38 17 6 20 60 2 53 78 30 70 59 43 9 61 32 37 3 16 77 50,heads,regular,3
2026-08-04T17:29:00Z,711,17 1 36 19 55 67 3 8 58 45 54 52 64 76 37 70 31 73 48 35,tails,regular,2
2026-08-04T17:31:40Z,712,37 40 79 64 24 10 34 21 31 39 77 45 80 73 48 44 13 42 58 36,evens,minor,1
2026-08-04T17:34:20Z,713,44 42 8 37 3 75 2 70 66 14 25 47 72 40 50 22 69 13 11 80,evens,minor,4
2026-08-04T17:37:00Z,714,69 71 49 38 50 8 6 31 3 11 33 36 48 22 2 34 64 47 73 43,heads,regular,2
2026-08-04T17:39:40Z,715,38 43 36 29 1 55 50 30 65 56 39 62 59 27 33 11 25 64 40 71,heads,regular,1
2026-08-04T17:42:20Z,716,78 56 66 18 73 42 64 8 38 32 80 63 9 54 74 35 16 4 24 48,tails,regular,2
2026-08-04T17:45:00Z,717,11 68 33 44 58 8 53 9 19 80 2 71 36 76 47 20 41 26 75 55,tails,minor,1
2026-08-04T17:47:40Z,718,3 73 33 66 19 18 30 10 24 54 67 7 64 6 40 29 48 28 62 25,heads,minor,1
2026-08-04T17:50:20Z,719,64 27 55 13 23 80 69 16 11 72 44 19 53 17 34 47 75 39 74 7,evens,regular,2
2026-08-04T17:53:00Z,720,17 39 44 38 40 22 30 61 62 58 74 57 35 12 13 70 55 79 32 36,heads,minor,1
2026-08-04T17:55:40Z,721,12 41 4 23 74 8 34 14 57 75 49 22 30 18 76 25 64 39 3 68,heads,regular,1
2026-08-04T17:58:20Z,722,10 48 37 66 59 65 15 25 12 60 32 45 56 27 18 34 13 6 30 76,heads,regular,2
2026-08-04T18:01:00Z,723,46 13 75 47 10 65 7 44 25 14 36 80 49 34 78 57 38 24 18 54,evens,minor,2
2026-08-04T18:03:40Z,724,32 37 43 38 27 35 60 52 9 39 2 48 29 77 22 74 11 59 17 18,heads,regular,3
2026-08-04T18:06:20Z,725,38 76 71 11 21 75 68 41 78 12 17 26 24 19 57 34 32 65 28 63,heads,minor,3
2026-08-04T18:09:00Z,726,63 58 21 4 26 61 51 64 8 16 42 17 54 74 71 76 36 53 75 69,tails,regular,1
2026-08-04T18:11:40Z,727,70 53 67 78 41 47 1 3 77 49 36 55 16 18 75 61 23 7 20 22,tails,regular,2
2026-08-04T18:14:20Z,728,60 49 37 1 3 42 2 4 51 54 26 25 10 63 52 29 28 50 72 19,heads,regular,1
2026-08-04T18:17:00Z,729,48 61 59 60 8 66 5 19 9 38 31 24 68 53 30 33 14 10 49 42,heads,minor,5
2026-08-04T18:19:40Z,730,33 14 64 24 69 74 79 11 12 36 65 2 6 58 38 72 27 21 46 61,heads,regular,1
2026-08-04T18:22:20Z,731,14 31 45 71 23 9 47 3 49 10 13 59 41 73 61 56 26 67 80 12,tails,minor,4
2026-08-04T18:25:00Z,732,39 2 22 21 25 1 12 53 32 24 72 61 52 56 70 69 46 44 3 19,heads,regular,1
2026-08-04T18:27:40Z,733,67 18 23 55 34 38 58 8 51 56 30 63 41 40 9 17 27 52 76 4,heads,major,1
2026-08-04T18:30:20Z,734,33 22 68 8 23 29 1 61 50 2 54 40 63 71 30 59 64 37 36 77,heads,regular,1
2026-08-04T18:33:00Z,735,56 46 12 38 57 76 9 68 18 71 4 39 3 30 78 16 20 10 66 61,heads,regular,1
2026-08-04T18:35:40Z,736,21 40 32 79 55 65 50 19 44 5 51 58 1 12 45 75 29 46 37 59,tails,minor,10
2026-08-04T18:38:20Z,737,27 65 16 74 66 52 3 45 25 73 17 47 7 11 78 21 71 15 41 53,tails,regular,1
2026-08-04T18:41:00Z,738,12 56 15 8 70 21 44 66 10 40 42 55 54 18 62 35 47 80 2 16,evens,regular,2
2026-08-04T18:43:40Z,739,12 47 74 38 65 60 20 1 4 9 49 42 14 76 62 51 44 31 67 69,tails,minor,1
2026-08-04T18:46:20Z,740,62 67 47 21 63 74 34 18 40 3 42 24 27 25 52 22 70 55 69 75,tails,major,1
2026-08-04T18:49:00Z,741,30 43 71 8 59 14 50 79 64 52 60 55 11 32 38 44 42 68 62 69,tails,regular,1
2026-08-04T18:51:40Z,742,41 35 48 15 31 49 60 25 18 4 46 32 52 58 74 26 30 42 39 43,evens,regular,1
2026-08-04T18:54:20Z,743,52 42 44 37 64 47 1 76 25 36 73 29 60 39 28 77 32 46 41 75,tails,regular,3
2026-08-04T18:57:00Z,744,79 71 58 59 16 12 74 19 50 68 9 62 49 27 36 60 44 23 25 69,tails,minor,1
2026-08-04T18:59:40Z,745,76 41 17 26 3 16 54 48 66 13 64 65 51 45 57 30 52 38 72 33,tails,regular,3
2026-08-04T19:02:20Z,746,47 32 35 67 78 70 69 42 15 23 63 37 50 4 52 45 60 39 16 75,tails,minor,1
2026-08-04T19:05:00Z,747,75 77 39 48 30 62 36 47 4 12 23 13 14 43 8 1 46 38 34 10,heads,regular,3
2026-08-04T19:07:40Z,748,42 45 37 58 71 70 60 17 54 15 25 80 44 51 13 68 56 30 50 62,tails,regular,2
2026-08-04T19:10:20Z,749,71 26 72 66 13 44 43 62 63 35 46 31 59 23 17 21 79 64 19 55,tails,regular,1
2026-08-04T19:13:00Z,750,70 73 78 67 40 80 13 1 4 15 62 21 79 26 17 48 7 63 36 16,heads,regular,3
2026-08-04T19:15:40Z,751,4 46 9 6 49 40 67 22 45 5 66 12 8 32 36 56 65 72 34 44,heads,minor,1
2026-08-04T19:18:20Z,752,5 8 40 49 22 3 50 76 6 73 31 66 57 45 52 55 43 26 7 28,evens,minor,2
2026-08-04T19:21:00Z,753,48 76 69 51 75 56 1 42 58 27 41 23 64 6 11 79 25 29 77 15,tails,regular,1
2026-08-04T19:23:40Z,754,78 62 67 63 6 21 12 15 59 4 38 74 20 17 66 79 77 22 42 5,evens,major,1
2026-08-04T19:26:20Z,755,61 33 56 4 80 54 39 64 15 28 60 43 51 17 24 73 36 29 71 52,tails,major,1
2026-08-04T19:29:00Z,756,68 58 8 24 46 65 72 56 9 6 76 41 11 52 57 31 73 35 14 28,tails,major,4
2026-08-04T19:31:40Z,757,1 28 15 71 7 23 34 69 18 55 27 22 38 25 42 72 50 80 2 11,heads,regular,2
2026-08-04T19:34:20Z,758,33 76 9 64 36 5 21 38 2 26 24 3 37 31 46 49 25 56 47 39,heads,minor,3
2026-08-04T19:37:00Z,759,17 63 12 35 58 54 27 38 62 46 74 13 42 24 5 78 51 44 55 73,tails,minor,2
2026-08-04T19:39:40Z,760,79 43 41 75 16 35 45 40 52 76 28 1 31 63 39 24 72 36 23 21,heads,regular,2
2026-08-04T19:42:20Z,761,74 77 33 26 63 15 36 66 39 44 69 67 19 72 55 27 60 20 48 61,tails,regular,10
2026-08-04T19:45:00Z,762,75 80 48 47 21 59 54 78 49 62 50 31 65 69 66 39 16 46 17 36,tails,regular,3
2026-08-04T19:47:40Z,763,4 79 54 40 80 75 18 59 30 70 37 72 31 36 22 78 28 64 68 48,tails,regular,3
2026-08-04T19:50:20Z,764,49 15 39 32 20 37 14 79 23 50 41 42 80 62 17 2 67 57 7 68,evens,regular,2
2026-08-04T19:53:00Z,765,23 3 52 21 50 5 69 54 71 2 30 7 51 80 60 33 8 1 65 4,heads,regular,3
2026-08-04T19:55:40Z,766,58 77 24 33 30 27 39 57 75 70 55 20 59 37 43 69 62 68 65 35,tails,minor,3
2026-08-04T19:58:20Z,767,16 75 55 26 57 15 41 6 79 13 18 53 45 12 73 47 63 1 66 58,tails,regular,2
2026-08-04T20:01:00Z,768,64 3 65 21 47 4 23 75 18 36 20 31 54 39 70 28 62 5 66 61,heads,regular,1
2026-08-04T20:03:40Z,769,53 56 12 65 30 28 77 67 16 22 10 63 6 31 39 61 50 74 29 51,evens,regular,2
2026-08-04T20:06:20Z,770,77 37 24 45 10 72 35 64 79 21 70 23 62 31 75 65 52 20 8 17,evens,regular,1
2026-08-04T20:09:00Z,771,5 9 16 22 74 63 31 77 71 12 58 62 76 7 13 57 42 43 52 34,tails,regular,3
2026-08-04T20:11:40Z,772,6 51 72 67 73 30 4 58 11 45 32 56 61 1 80 66 60 9 14 37,tails,regular,3
2026-08-04T20:14:20Z,773,35 73 65 62 15 56 24 46 39 60 64 45 14 4 48 49 69 27 75 19,tails,minor,2
2026-08-04T20:17:00Z,774,43 46 55 73 5 27 16 64 37 79 12 53 28 35 25 17 58 8 44 78,evens,regular,2
2026-08-04T20:19:40Z,775,11 12 20 50 34 38 8 22 19 72 62 56 39 23 24 43 55 60 51 15,heads,regular,2
2026-08-04T20:22:20Z,776,14 67 78 50 3 75 23 24 70 73 8 72 42 48 49 27 64 62 77 47,tails,minor,1
2026-08-04T20:25:00Z,777,69 6 73 48 29 26 71 61 46 68 40 43 65 51 39 60 16 42 36 5,tails,regular,3
2026-08-04T20:27:40Z,778,4 27 44 66 15 51 43 36 59 33 30 56 25 11 16 62 23 52 3 18,heads,regular,1
2026-08-04T20:30:20Z,779,53 46 3 31 51 29 74 78 64 69 34 39 2 62 26 63 71 32 41 59,tails,regular,10
2026-08-04T20:33:00Z,780,49 74 70 58 26 44 28 3 57 9 72 32 33 42 36 79 23 16 29 68,evens,major,4
2026-08-04T20:35:40Z,781,27 67 40 1 7 38 15 66 73 54 79 36 24 18 39 43 61 30 80 47,heads,regular,2
2026-08-04T20:38:20Z,782,57 72 69 16 75 51 6 32 52 29 70 73 63 68 34 10 41 64 60 66,tails,regular,3
2026-08-04T20:41:00Z,783,25 1 13 12 6 11 37 46 7 15 26 32 27 34 30 47 24 53 36 20,heads,regular,2
2026-08-04T20:43:40Z,784,5 54 13 75 60 45 66 14 20 71 76 17 46 64 15 7 18 1 73 12,evens,regular,2
2026-08-04T20:46:20Z,785,62 6 61 51 17 20 75 43 8 23 77 52 32 45 28 39 3 21 47 22,heads,regular,1
2026-08-04T20:49:00Z,786,28 79 68 67 80 63 12 39 4 3 37 57 14 32 9 24 64 47 6 26,heads,regular,1
2026-08-04T20:51:40Z,787,47 59 22 35 52 14 80 24 17 69 10 60 26 13 33 42 49 4 50 39,heads,minor,3
2026-08-04T20:54:20Z,788,57 32 25 47 71 11 14 79 44 65 42 45 1 31 5 68 36 23 56 22,evens,regular,3
2026-08-04T20:57:00Z,789,8 22 30 59 41 47 64 49 61 21 17 45 12 79 28 43 26 35 54 73,tails,minor,2
2026-08-04T20:59:40Z,790,29 50 4 6 12 57 14 51 24 78 7 64 23 60 45 21 58 13 2 31,heads,regular,1
2026-08-04T21:02:20Z,791,60 53 21 50 76 75 67 64 12 30 59 22 48 46 41 45 16 42 29 57,tails,minor,3
2026-08-04T21:05:00Z,792,21 64 41 5 45 54 50 42 49 29 35 65 3 63 1 10 48 31 80 30,tails,minor,2
2026-08-04T21:07:40Z,793,3 78 76 66 80 26 74 34 73 43 6 64 25 31 46 40 9 55 59 77,tails,regular,1
2026-08-04T21:10:20Z,794,3 76 35 55 8 46 7 75 72 14 15 25 41 47 77 28 1 33 16 60,heads,regular,2
2026-08-04T21:13:00Z,795,70 63 4 77 43 54 7 62 60 68 35 33 52 56 65 48 24 71 49 57,tails,major,4
2026-08-04T21:15:40Z,796,58 60 45 19 78 52 20 43 33 56 69 64 39 27 29 57 34 15 13 67,tails,regular,2
2026-08-04T21:18:20Z,797,49 80 31 74 70 73 55 16 17 9 61 58 48 18 32 6 43 3 8 59,tails,regular,2
2026-08-04T21:21:00Z,798,19 37 69 68 43 67 72 57 49 18 62 25 50 6 44 33 8 1 54 47,tails,minor,3
2026-08-04T21:23:40Z,799,75 65 6 10 13 22 24 76 43 34 35 57 44 55 16 46 79 31 53 33,evens,regular,2
2026-08-04T21:26:20Z,800,76 29 24 41 53 59 20 39 44 47 30 54 42 68 22 65 6 75 74 77,tails,regular,3
2026-08-04T21:29:00Z,801,51 63 77 26 71 25 18 69 45 39 61 1 62 15 38 24 2 34 72 30,heads,minor,10
2026-08-04T21:31:40Z,802,55 80 65 17 23 28 56 60 47 42 13 72 73 2 1 24 39 58 67 37,tails,regular,3
2026-08-04T21:34:20Z,803,39 14 8 17 16 55 40 42 23 7 12 51 76 73 66 68 26 38 54 24,heads,regular,2
2026-08-04T21:37:00Z,804,58 51 75 53 33 26 1 56 60 70 65 4 61 48 79 80 64 2 68 63,tails,regular,3
2026-08-04T21:39:40Z,805,65 17 64 77 74 31 48 41 24 33 42 80 4 14 61 39 28 34 32 18,heads,minor,3
2026-08-04T21:42:20Z,806,54 49 35 45 38 78 28 65 17 33 12 11 8 2 32 22 57 62 63 71,heads,regular,5
2026-08-04T21:45:00Z,807,25 19 41 51 56 13 23 4 69 78 38 1 21 48 76 17 45 72 6 30,heads,regular,1
2026-08-04T21:47:40Z,808,8 42 24 32 38 51 21 45 25 13 61 78 49 26 70 39 67 6 60 10,heads,regular,1
2026-08-04T21:50:20Z,809,32 24 60 40 76 64 16 69 37 56 47 48 14 31 2 15 78 10 23 6,heads,minor,3
2026-08-04T21:53:00Z,810,60 14 11 29 68 3 43 4 2 30 13 41 63 62 53 70 69 44 34 49,tails,regular,1
2026-08-04T21:55:40Z,811,40 54 50 46 22 36 11 18 59 57 23 38 62 6 79 48 60 37 44 8,evens,regular,2
2026-08-04T21:58:20Z,812,52 47 66 12 73 20 59 7 41 40 71 19 9 5 58 55 48 13 57 68,tails,regular,1
2026-08-04T22:01:00Z,813,12 46 72 17 76 26 6 65 19 44 55 16 32 18 59 79 8 1 61 39,heads,minor,1
2026-08-04T22:03:40Z,814,28 8 20 24 1 27 44 45 56 72 43 23 31 30 14 13 32 12 68 60,heads,regular,1
2026-08-04T22:06:20Z,815,13 45 69 74 50 55 8 51 73 9 25 57 21 78 17 44 5 37 18 59,tails,minor,1
2026-08-04T22:09:00Z,816,6 77 64 63 32 47 71 2 41 43 45 52 46 78 29 76 14 20 54 44,tails,regular,3
2026-08-04T22:11:40Z,817,66 38 52 63 9 29 72 47 75 79 42 36 11 4 64 78 16 56 58 61,tails,major,1
2026-08-04T22:14:20Z,818,12 56 36 32 3 16 78 58 24 4 13 23 22 33 49 37 40 75 42 76,heads,regular,3
2026-08-04T22:17:00Z,819,56 61 48 68 18 34 58 6 3 32 60 8 10 44 63 2 64 41 42 15,tails,regular,1
2026-08-04T22:19:40Z,820,18 55 6 23 44 5 64 48 19 78 2 43 13 63 22 47 20 40 45 52,evens,regular,3
2026-08-04T22:22:20Z,821,29 78 40 64 25 28 50 1 61 38 52 2 14 42 47 69 58 54 74 35,tails,regular,1
2026-08-04T22:25:00Z,822,20 76 72 53 11 15 34 55 41 69 56 1 78 74 25 23 40 71 67 13,tails,regular,3
2026-08-04T22:27:40Z,823,57 29 74 54 64 48 55 43 62 13 21 73 69 27 75 56 40 2 72 39,tails,minor,1
2026-08-04T22:30:20Z,824,66 73 62 59 63 47 31 6 37 18 20 10 38 42 69 77 7 56 33 67,tails,regular,3
2026-08-04T22:33:00Z,825,59 49 24 46 39 38 29 67 43 64 23 10 78 3 54 30 20 5 76 1,heads,regular,4
2026-08-04T22:35:40Z,826,77 44 9 8 60 29 47 38 50 72 15 64 39 19 43 12 6 42 80 14,evens,regular,1
2026-08-04T22:38:20Z,827,57 27 66 72 80 64 61 9 12 19 25 18 52 44 74 50 45 26 70 60,tails,minor,3
2026-08-04T22:41:00Z,828,44 51 39 12 47 45 11 31 50 55 62 78 60 63 76 7 68 74 70 72,tails,minor,2
2026-08-04T22:43:40Z,829,18 29 80 2 68 56 51 31 62 53 78 11 48 3 27 35 12 16 57 24,heads,regular,3
2026-08-04T22:46:20Z,830,71 32 54 39 48 70 34 10 59 35 64 76 57 16 36 74 53 11 68 4,tails,major,1
2026-08-04T22:49:00Z,831,45 65 60 8 49 72 6 28 4 56 58 5 24 61 33 1 27 66 46 20,evens,regular,2
2026-08-04T22:51:40Z,832,10 37 2 66 14 68 65 22 60 46 32 50 12 58 79 21 80 15 73 74,tails,regular,1
2026-08-04T22:54:20Z,833,21 63 55 70 26 59 27 19 69 60 29 48 4 68 36 2 16 5 75 71,evens,minor,10
2026-08-04T22:57:00Z,834,44 9 60 62 33 70 68 56 24 51 48 29 1 17 15 8 45 35 65 18,evens,regular,4
2026-08-04T22:59:40Z,835,56 30 17 65 31 3 63 78 10 73 24 64 72 33 12 23 21 74 42 61,evens,regular,1
2026-08-04T23:02:20Z,836,3 17 16 68 72 66 19 65 35 78 50 74 45 31 79 7 5 61 10 32,evens,regular,3
2026-08-04T23:05:00Z,837,59 77 73 5 54 23 49 8 10 14 55 69 6 4 30 25 35 71 57 31,heads,regular,1
2026-08-04T23:07:40Z,838,77 32 43 58 67 2 17 75 14 25 40 53 5 66 23 19 59 39 4 64,heads,regular,5
2026-08-04T23:10:20Z,839,38 72 55 21 16 45 59 60 11 62 66 2 22 51 10 37 14 20 25 29,heads,regular,1
2026-08-04T23:13:00Z,840,19 5 63 42 41 24 51 13 74 28 60 6 29 56 3 80 34 9 23 17,heads,regular,1
2026-08-04T23:15:40Z,841,12 57 36 28 65 77 16 60 41 38 3 30 21 1 67 75 58 5 29 62,heads,minor,2
2026-08-04T23:18:20Z,842,67 48 78 23 76 68 30 37 71 21 72 43 18 42 55 70 75 29 50 63,tails,minor,1
2026-08-04T23:21:00Z,843,61 8 47 26 59 53 54 13 67 25 15 51 66 75 27 33 80 6 5 37,evens,minor,1
2026-08-04T23:23:40Z,844,35 53 78 49 59 6 9 69 16 65 80 54 75 7 22 11 15 12 32 74,evens,regular,3
2026-08-04T23:26:20Z,845,22 12 1 24 7 69 73 11 67 68 79 55 56 42 36 30 14 44 31 20,heads,regular,3
2026-08-04T23:29:00Z,846,62 58 50 48 45 36 19 1 4 70 18 49 13 27 57 7 5 59 37 23,heads,minor,5
2026-08-04T23:31:40Z,847,41 62 65 19 4 25 55 28 45 51 44 57 33 42 14 77 6 10 8 76,tails,regular,1
2026-08-04T23:34:20Z,848,78 77 32 48 52 27 57 1 31 12 34 11 14 41 65 42 16 36 45 61,evens,regular,2
2026-08-04T23:37:00Z,849,9 69 77 11 14 1 3 28 38 40 48 70 68 39 65 76 54 23 21 16,heads,regular,3
2026-08-04T23:39:40Z,850,34 36 74 68 2 1 63 47 77 3 10 62 17 76 25 61 30 44 71 11,evens,regular,1
2026-08-04T23:42:20Z,851,79 57 20 18 51 27 1 34 72 50 76 54 22 43 41 32 24 55 39 56,tails,major,4
2026-08-04T23:45:00Z,852,8 48 56 5 23 13 4 41 16 67 42 21 53 14 64 30 71 32 50 61,evens,regular,1
2026-08-04T23:47:40Z,853,28 51 36 75 5 17 29 56 31 80 47 14 1 43 3 26 16 72 6 78,heads,regular,2
2026-08-04T23:50:20Z,854,27 9 28 6 58 71 46 79 8 47 77 52 34 19 54 62 68 78 72 45,tails,minor,2
2026-08-04T23:53:00Z,855,10 56 70 20 9 16 68 7 61 63 23 79 18 19 57 43 32 6 8 42,heads,regular,3
2026-08-04T23:55:40Z,856,23 39 1 43 40 13 60 27 25 72 61 48 46 62 32 80 19 5 69 73,evens,regular,4
2026-08-04T23:58:20Z,857,40 6 54 78 19 35 9 20 15 59 29 38 14 33 69 50 26 37 75 67,heads,regular,1
2026-08-05T00:01:00Z,858,59 11 76 72 55 20 69 66 51 39 7 75 58 9 73 17 63 2 78 22,tails,regular,1
2026-08-05T00:03:40Z,859,29 75 28 32 37 6 1 26 11 39 21 66 79 3 62 20 36 24 12 71,heads,regular,1
2026-08-05T00:06:20Z,860,21 56 36 51 62 20 27 73 6 22 18 19 66 57 71 53 31 72 40 41,evens,regular,10
2026-08-05T00:09:00Z,861,51 80 41 3 8 76 75 56 26 45 38 5 59 60 28 61 47 49 29 35,tails,major,3
2026-08-05T00:11:40Z,862,7 57 25 67 56 59 35 1 13 21 68 63 19 34 24 31 42 53 55 47,evens,regular,2
2026-08-05T00:14:20Z,863,45 43 21 48 39 58 70 72 29 15 74 12 24 18 17 63 36 25 50 38,heads,regular,1
2026-08-05T00:17:00Z,864,77 61 74 24 75 5 11 6 8 1 14 66 51 16 45 43 69 71 39 52,tails,minor,1
2026-08-05T00:19:40Z,865,74 76 51 79 3 55 10 66 6 72 5 68 46 11 31 40 4 71 23 69,tails,regular,2
2026-08-05T00:22:20Z,866,14 43 15 52 19 53 23 42 71 56 57 21 38 17 59 60 66 62 4 37,tails,major,3
2026-08-05T00:25:00Z,867,23 8 32 66 26 75 38 40 53 35 4 63 60 20 21 59 77 65 34 5,heads,regular,3
2026-08-05T00:27:40Z,868,19 17 8 29 2 74 61 25 37 75 65 11 27 3 21 35 7 5 43 73,heads,minor,3
2026-08-05T00:30:20Z,869,25 36 76 65 3 53 45 9 17 41 43 52 23 29 78 6 64 74 61 2,tails,minor,1
2026-08-05T00:33:00Z,870,17 75 46 30 25 73 48 53 6 72 41 57 22 56 28 12 4 74 61 55,tails,regular,1
2026-08-05T00:35:40Z,871,66 58 57 18 41 54 23 19 59 79 48 55 14 72 63 10 37 51 13 11,tails,major,4
2026-08-05T00:38:20Z,872,36 43 49 44 18 45 47 42 16 76 11 24 2 65 62 50 3 4 54 25,tails,regular,3
2026-08-05T00:41:00Z,873,16 3 45 21 22 4 65 46 58 70 8 56 62 6 67 32 47 9 1 57,evens,regular,1
2026-08-05T00:43:40Z,874,58 51 19 30 6 45 61 20 63 72 69 10 21 49 34 26 74 67 60 18,tails,minor,1
2026-08-05T00:46:20Z,875,61 28 78 7 29 37 11 59 25 53 6 33 5 60 21 4 8 49 20 30,heads,regular,3
2026-08-05T00:49:00Z,876,50 3 28 4 57 17 36 2 8 15 12 39 35 70 5 32 23 73 80 21,heads,regular,2
2026-08-05T00:51:40Z,877,19 55 34 40 38 30 41 51 54 77 63 4 36 26 69 72 14 29 73 59,evens,regular,1
2026-08-05T00:54:20Z,878,44 58 48 68 14 56 63 32 71 38 47 39 23 55 62 45 72 1 74 9,tails,minor,1
2026-08-05T00:57:00Z,879,45 15 19 33 20 48 22 58 11 8 17 77 80 63 44 18 68 76 16 72,evens,regular,2
2026-08-05T00:59:40Z,880,45 70 24 12 6 2 54 29 37 14 7 3 39 28 50 11 55 66 1 32,heads,regular,2
2026-08-05T01:02:20Z,881,18 40 65 26 8 9 12 67 24 80 23 25 19 71 50 45 78 57 38 37,heads,regular,1
2026-08-05T01:05:00Z,882,77 63 33 61 8 54 31 6 34 62 53 49 73 5 70 80 72 36 10 12,tails,minor,2
2026-08-05T01:07:40Z,883,68 73 74 18 76 79 36 30 53 64 1 49 20 62 33 52 26 24 3 51,tails,minor,1
2026-08-05T01:10:20Z,884,15 46 60 26 43 9 50 7 66 55 75 28 76 38 30 52 36 59 23 3,evens,regular,1
2026-08-05T01:13:00Z,885,19 7 35 23 75 30 13 59 4 78 80 56 45 15 58 42 20 33 5 18,heads,regular,1
2026-08-05T01:15:40Z,886,5 59 57 24 9 53 74 22 55 38 30 31 21 62 25 35 20 56 44 80,heads,regular,1
2026-08-05T01:18:20Z,887,68 41 18 12 45 13 16 69 48 42 3 25 54 49 76 60 34 31 63 65,tails,minor,1
2026-08-05T01:21:00Z,888,75 65 13 18 61 25 21 20 5 26 11 63 3 8 15 62 28 2 58 33,heads,regular,3
2026-08-05T01:23:40Z,889,66 19 44 42 13 30 4 35 39 15 63 38 58 80 8 67 61 6 48 74,evens,regular,2
2026-08-05T01:26:20Z,890,78 75 11 79 28 22 7 33 74 31 24 58 29 47 80 40 34 46 12 20,heads,regular,1
2026-08-05T01:29:00Z,891,55 22 56 23 1 16 18 5 34 45 72 77 17 64 60 30 74 7 36 26,heads,regular,2
2026-08-05T01:31:40Z,892,75 41 34 73 71 20 15 58 72 51 38 1 10 47 25 18 36 16 78 74,evens,minor,1
2026-08-05T01:34:20Z,893,37 36 66 28 34 42 80 63 5 14 31 6 22 48 55 53 43 25 74 4,heads,minor,2
2026-08-05T01:37:00Z,894,61 41 72 59 47 80 5 37 33 68 69 18 16 28 22 15 51 10 63 24,evens,regular,2
2026-08-05T01:39:40Z,895,27 74 25 53 66 31 23 47 59 68 77 63 9 60 37 14 54 38 64 5,tails,regular,3
2026-08-05T01:42:20Z,896,9 23 24 75 53 72 76 62 46 36 33 79 29 11 78 47 7 77 20 73,tails,regular,2
2026-08-05T01:45:00Z,897,54 44 59 76 64 46 37 23 79 8 75 66 45 9 73 74 20 21 39 42,tails,regular,1
2026-08-05T01:47:40Z,898,11 20 79 4 16 34 21 12 53 67 45 58 19 28 47 3 7 36 23 56,heads,regular,3
2026-08-05T01:50:20Z,899,35 29 6 32 28 78 13 49 15 67 72 66 59 48 41 33 57 10 2 62,evens,minor,1
2026-08-05T01:53:00Z,900,71 55 19 49 8 11 57 32 79 36 46 44 30 60 16 6 10 29 67 20,heads,minor,3
2026-08-05T01:55:40Z,901,24 44 80 19 76 55 12 20 9 40 51 65 23 6 37 69 75 60 46 5,evens,regular,3
2026-08-05T01:58:20Z,902,51 58 55 78 28 40 79 22 46 69 26 59 39 7 77 44 11 30 37 18,evens,minor,1
2026-08-05T02:01:00Z,903,50 52 76 74 43 73 19 17 78 59 75 23 71 30 33 24 22 16 7 2,evens,minor,2
2026-08-05T02:03:40Z,904,74 45 11 29 43 59 73 48 70 22 24 13 60 23 52 34 33 26 71 35,evens,regular,2
2026-08-05T02:06:20Z,905,59 18 7 68 5 66 67 54 11 12 9 14 62 56 23 3 24 33 22 75,heads,minor,5
2026-08-05T02:09:00Z,906,4 75 2 73 76 13 9 37 35 30 67 3 52 46 58 64 44 5 53 62,tails,minor,1
2026-08-05T02:11:40Z,907,45 40 36 69 44 53 59 51 60 68 63 37 29 9 23 39 72 33 32 14,evens,regular,3
2026-08-05T02:14:20Z,908,41 59 56 53 36 49 34 48 55 60 30 77 58 43 3 70 73 69 1 54,tails,regular,1
2026-08-05T02:17:00Z,909,39 22 7 70 42 69 3 9 61 60 56 68 77 10 12 18 50 71 58 4,tails,major,2
2026-08-05T02:19:40Z,910,58 37 49 23 68 50 44 24 59 39 69 80 9 42 19 15 51 13 75 34,tails,regular,1
2026-08-05T02:22:20Z,911,62 22 30 15 48 12 64 80 60 53 24 56 11 68 70 29 20 50 51 8,tails,regular,3
2026-08-05T02:25:00Z,912,49 44 61 15 1 32 53 77 69 19 3 29 78 41 34 21 75 51 55 33,tails,regular,2
2026-08-05T02:27:40Z,913,53 80 1 15 42 66 45 60 63 2 61 72 65 41 28 11 9 13 43 64,tails,regular,1
2026-08-05T02:30:20Z,914,37 6 17 14 2 15 48 63 80 66 32 38 34 30 5 62 25 16 61 12,heads,regular,2
2026-08-05T02:33:00Z,915,11 45 66 31 19 42 78 44 32 14 21 51 33 58 80 35 10 34 65 62,evens,regular,1
2026-08-05T02:35:40Z,916,7 68 55 78 32 11 49 9 52 13 59 41 50 39 15 28 17 25 76 27,heads,minor,1
2026-08-05T02:38:20Z,917,43 73 40 63 62 13 76 12 68 56 64 48 58 78 5 72 17 44 69 34,tails,major,3
2026-08-05T02:41:00Z,918,35 69 39 3 78 28 61 11 48 57 67 62 1 31 20 36 80 27 46 53,evens,regular,1
2026-08-05T02:43:40Z,919,58 39 37 77 70 48 34 60 76 24 7 44 17 38 5 26 59 21 49 22,heads,minor,2
2026-08-05T02:46:20Z,920,57 5 16 65 79 6 53 73 68 15 69 33 41 42 36 61 59 52 31 78,tails,regular,1
2026-08-05T02:49:00Z,921,1 54 5 77 32 10 78 19 38 53 59 51 74 47 65 60 55 57 79 26,tails,minor,2
2026-08-05T02:51:40Z,922,23 1 78 12 9 46 73 42 48 25 29 52 79 21 50 76 63 17 15 72,tails,regular,1
2026-08-05T02:54:20Z,923,71 69 5 2 41 66 43 36 80 6 34 77 28 25 32 29 17 45 47 78,evens,regular,1
2026-08-05T02:57:00Z,924,67 60 35 65 34 37 71 76 27 54 8 78 52 12 36 74 5 23 57 53,tails,regular,3
2026-08-05T02:59:40Z,925,69 34 63 11 3 67 68 49 25 47 14 77 31 66 42 18 71 61 24 16,tails,minor,3
2026-08-05T03:02:20Z,926,6 80 48 33 79 32 3 73 51 40 67 57 1 66 59 30 12 27 24 63,evens,major,4
2026-08-05T03:05:00Z,927,43 66 48 28 71 3 17 77 72 10 60 33 75 42 11 49 52 51 35 63,tails,regular,2
2026-08-05T03:07:40Z,928,46 33 64 5 25 45 13 4 72 11 78 2 15 26 37 59 67 44 35 57,heads,regular,2
2026-08-05T03:10:20Z,929,17 20 50 24 11 2 35 53 75 8 30 73 9 68 38 52 19 36 55 67,heads,minor,2
2026-08-05T03:13:00Z,930,54 60 78 32 6 13 63 36 79 24 7 17 75 72 56 10 80 5 37 61,evens,minor,2
2026-08-05T03:15:40Z,931,48 32 21 63 50 36 12 39 77 19 68 24 26 75 78 69 30 3 43 67,evens,regular,2
2026-08-05T03:18:20Z,932,30 21 67 11 34 6 63 20 52 39 14 72 80 56 47 45 33 73 19 8,heads,minor,4
2026-08-05T03:21:00Z,933,63 42 25 29 48 77 37 7 23 79 36 27 9 5 51 2 16 53 68 54,heads,minor,1
2026-08-05T03:23:40Z,934,4 55 17 20 21 56 18 72 13 39 2 68 58 25 71 33 26 27 78 70,heads,regular,1
2026-08-05T03:26:20Z,935,4 11 6 72 47 60 49 15 34 75 13 40 50 32 31 41 8 71 69 36,heads,major,2
2026-08-05T03:29:00Z,936,45 33 11 10 74 26 13 35 28 39 22 46 41 78 29 30 7 48 58 55,heads,regular,1
2026-08-05T03:31:40Z,937,64 8 16 51 31 21 78 53 34 49 65 58 75 20 3 13 66 11 69 74,tails,regular,3
2026-08-05T03:34:20Z,938,13 23 71 1 22 12 77 73 35 53 34 5 26 6 52 4 56 69 50 70,heads,regular,2
2026-08-05T03:37:00Z,939,35 30 34 19 71 29 24 67 62 50 72 51 60 75 31 33 59 13 54 11,evens,regular,2
2026-08-05T03:39:40Z,940,65 56 19 20 22 34 1 6 66 23 69 75 68 49 79 25 27 10 71 48,evens,regular,3
2026-08-05T03:42:20Z,941,11 41 44 6 21 65 68 55 74 32 57 69 61 50 53 31 59 78 13 18,tails,regular,2
2026-08-05T03:45:00Z,942,79 39 6 73 32 31 36 45 10 26 33 18 62 49 52 50 61 78 25 5,heads,regular,2
2026-08-05T03:47:40Z,943,55 13 6 49 50 17 14 51 44 42 25 2 19 73 1 4 22 57 76 58,evens,regular,1
2026-08-05T03:50:20Z,944,46 6 54 78 77 79 35 66 23 15 52 70 61 11 36 51 33 37 9 76,tails,regular,5
2026-08-05T03:53:00Z,945,17 53 70 28 48 30 2 61 13 44 40 45 52 29 9 27 18 71 60 58,evens,regular,2
2026-08-05T03:55:40Z,946,66 23 4 34 45 12 28 61 62 38 30 21 27 52 51 39 49 19 22 46,heads,regular,3
2026-08-05T03:58:20Z,947,59 65 49 24 3 26 14 74 28 9 45 5 34 79 75 76 16 52 48 66,tails,minor,1
2026-08-05T04:01:00Z,948,29 65 49 68 63 57 55 43 53 75 14 9 46 31 23 36 35 7 58 6,tails,regular,2
2026-08-05T04:03:40Z,949,42 74 45 28 34 70 55 21 63 62 38 22 47 56 49 31 77 64 16 37,tails,minor,3
2026-08-05T04:06:20Z,950,46 11 45 65 59 56 32 38 40 50 28 9 47 66 2 69 26 68 67 22,tails,regular,2
2026-08-05T04:09:00Z,951,76 4 63 1 77 40 17 36 39 58 38 35 59 27 8 28 75 5 21 6,heads,regular,1
2026-08-05T04:11:40Z,952,34 35 45 12 80 55 40 44 42 5 19 48 63 78 43 2 32 79 26 66,tails,major,4
2026-08-05T04:14:20Z,953,71 76 13 56 78 74 3 58 77 40 2 28 51 42 80 5 31 47 63 55,tails,regular,3
2026-08-05T04:17:00Z,954,17 80 67 8 22 35 50 27 15 7 64 40 30 71 48 68 45 18 6 54,heads,minor,4
2026-08-05T04:19:40Z,955,7 14 30 71 47 54 37 23 43 58 70 78 21 5 76 18 60 35 75 34,evens,minor,3
2026-08-05T04:22:20Z,956,51 38 31 39 57 34 75 53 33 22 48 9 19 11 63 21 80 71 6 58,heads,regular,2
2026-08-05T04:25:00Z,957,32 33 1 71 5 59 23 46 30 24 64 60 38 78 7 18 63 53 9 69,heads,regular,1
2026-08-05T04:27:40Z,958,78 58 75 9 21 11 3 12 79 24 74 17 6 57 73 29 71 48 36 16,heads,regular,1
2026-08-05T04:30:20Z,959,75 8 77 74 28 49 45 2 53 22 72 55 4 43 46 27 59 37 44 31,tails,major,4
2026-08-05T04:33:00Z,960,56 28 33 47 23 62 74 35 7 29 78 17 39 1 15 72 45 55 5 79,heads,regular,1
2026-08-05T04:35:40Z,961,76 64 47 19 59 23 48 51 50 31 24 12 63 3 75 65 49 26 8 57,tails,minor,3
2026-08-05T04:38:20Z,962,1 10 25 22 54 17 71 15 73 63 72 7 40 29 8 51 9 34 16 55,heads,regular,2
2026-08-05T04:41:00Z,963,7 40 31 14 49 72 68 21 42 80 74 27 33 66 71 70 67 9 28 60,tails,regular,1
2026-08-05T04:43:40Z,964,67 22 70 39 49 63 20 33 43 78 80 59 3 34 52 36 12 40 76 30,evens,regular,2
2026-08-05T04:46:20Z,965,51 49 24 70 4 26 67 36 25 27 29 1 3 75 17 46 52 73 2 78,heads,regular,1
2026-08-05T04:49:00Z,966,71 31 39 23 53 72 50 55 47 76 20 75 59 58 9 40 80 33 29 78,tails,major,4
2026-08-05T04:51:40Z,967,26 35 3 21 57 17 30 67 42 31 76 78 66 64 79 38 5 39 75 1,heads,minor,3
2026-08-05T04:54:20Z,968,31 26 13 20 27 3 8 41 6 68 38 64 46 19 7 40 15 51 17 59,heads,major,4
2026-08-05T04:57:00Z,969,46 72 76 30 71 37 26 58 57 68 38 28 61 5 40 6 27 8 74 47,evens,regular,2
2026-08-05T04:59:40Z,970,12 59 39 46 66 63 74 62 7 30 64 25 13 71 58 10 80 4 37 70,tails,major,1
2026-08-05T05:02:20Z,971,9 12 14 72 48 71 69 70 56 22 77 5 68 13 47 80 30 10 23 31,evens,major,1
2026-08-05T05:05:00Z,972,61 27 53 31 52 71 19 50 41 59 12 6 75 3 54 76 51 25 77 68,tails,major,1
2026-08-05T05:07:40Z,973,78 8 25 10 21 69 75 38 65 53 58 45 41 77 15 67 24 44 6 54,tails,regular,1
2026-08-05T05:10:20Z,974,27 48 74 14 59 58 34 23 13 32 18 37 55 12 44 65 33 49 63 3,heads,regular,3
2026-08-05T05:13:00Z,975,13 28 43 42 30 66 16 4 56 34 27 20 44 8 26 68 38 22 2 63,heads,regular,3
2026-08-05T05:15:40Z,976,56 46 64 53 60 23 15 70 18 61 45 11 50 77 33 27 75 78 80 8,tails,regular,3
2026-08-05T05:18:20Z,977,24 25 68 17 31 66 50 44 4 56 51 48 32 10 55 19 63 2 53 60,tails,regular,1
2026-08-05T05:21:00Z,978,44 48 12 77 59 13 41 35 21 24 47 72 54 6 27 10 5 73 26 4,heads,regular,1
2026-08-05T05:23:40Z,979,37 34 66 41 33 30 11 46 69 16 44 70 57 3 39 1 58 23 68 80,evens,minor,3
2026-08-05T05:26:20Z,980,40 46 18 21 31 16 52 45 3 80 71 48 65 41 6 27 9 49 75 26,evens,minor,4
2026-08-05T05:29:00Z,981,78 16 2 22 61 21 24 63 23 54 33 36 41 26 62 69 25 58 46 35,heads,regular,2
2026-08-05T05:31:40Z,982,49 65 64 61 77 41 31 30 8 3 55 57 70 48 52 1 13 43 14 20,tails,minor,1
2026-08-05T05:34:20Z,983,77 46 59 29 64 65 43 30 26 16 60 9 45 47 12 71 52 6 63 31,tails,major,4
2026-08-05T05:37:00Z,984,60 1 62 56 53 55 37 15 72 69 41 21 78 3 4 68 10 48 32 45,tails,major,4
2026-08-05T05:39:40Z,985,51 61 70 68 5 43 54 80 21 19 41 3 38 79 36 45 24 37 64 66,tails,regular,1
2026-08-05T05:42:20Z,986,31 47 20 30 74 71 26 5 44 36 7 15 68 59 19 3 4 22 25 8,heads,regular,3
2026-08-05T05:45:00Z,987,45 80 34 19 44 39 71 9 12 75 51 14 10 40 27 70 62 73 74 76,tails,regular,1
2026-08-05T05:47:40Z,988,41 24 64 32 18 37 8 57 67 3 54 4 51 2 27 25 73 46 72 74,evens,regular,3
2026-08-05T05:50:20Z,989,65 53 29 61 70 55 57 80 16 71 22 24 69 30 34 64 35 21 6 50,tails,regular,1
2026-08-05T05:53:00Z,990,47 4 17 76 69 66 20 8 80 70 15 34 36 12 50 42 7 65 39 23,heads,regular,2
2026-08-05T05:55:40Z,991,25 38 32 16 52 62 9 69 41 17 36 21 49 74 8 14 4 35 53 75,heads,minor,1
2026-08-05T05:58:20Z,992,52 25 60 1 35 40 78 61 72 68 31 34 7 4 15 45 42 16 55 79,evens,regular,1
2026-08-05T06:01:00Z,993,19 41 5 20 53 43 12 7 6 70 2 80 37 34 54 11 57 32 65 46,heads,regular,1
2026-08-05T06:03:40Z,994,24 10 59 70 75 3 68 4 30 29 56 21 62 27 7 18 32 54 64 49,heads,regular,1
2026-08-05T06:06:20Z,995,73 6 1 37 14 55 26 76 18 23 9 31 11 3 35 44 2 50 32 72,heads,regular,1
2026-08-05T06:09:00Z,996,58 15 6 71 68 53 14 21 17 55 76 64 1 79 70 13 12 23 39 35,heads,minor,4
2026-08-05T06:11:40Z,997,64 56 66 75 14 70 63 6 61 62 30 50 12 11 1 72 41 79 31 17,tails,regular,3
2026-08-05T06:14:20Z,998,71 29 2 77 73 70 16 60 9 30 7 15 66 32 45 68 58 5 42 64,tails,regular,2
2026-08-05T06:17:00Z,999,34 63 59 38 24 80 2 54 39 10 35 25 8 14 15 72 65 37 31 41,heads,major,1
2026-08-05T06:19:40Z,1,37 48 65 67 5 21 45 32 16 4 39 46 25 76 6 10 51 55 77 19,heads,regular,3
2026-08-05T06:22:20Z,2,59 47 77 50 21 14 64 29 23 38 20 13 48 33 55 56 43 63 45 58,tails,minor,3
2026-08-05T06:25:00Z,3,19 79 22 18 52 9 30 35 50 69 49 11 78 64 16 55 21 41 31 57,evens,major,2
2026-08-05T06:27:40Z,4,75 25 37 21 18 52 61 2 62 30 5 20 8 27 38 28 31 65 58 53,heads,regular,3
2026-08-05T06:30:20Z,5,5 31 47 13 80 60 10 33 20 70 63 55 23 79 25 35 41 28 7 14,heads,minor,3
2026-08-05T06:33:00Z,6,5 18 8 64 53 68 6 69 72 19 35 47 30 7 67 56 46 60 33 2,evens,regular,1
2026-08-05T06:35:40Z,7,78 36 32 26 40 24 59 49 37 60 1 7 16 73 6 29 69 80 65 66,heads,minor,1
2026-08-05T06:38:20Z,8,80 41 24 51 49 39 14 1 18 37 76 15 6 73 66 31 36 7 30 62,heads,regular,3
2026-08-05T06:41:00Z,9,4 79 38 74 61 22 23 25 72 70 51 50 39 7 55 46 78 73 48 44,tails,regular,2
2026-08-05T06:43:40Z,10,35 77 46 63 12 21 24 25 65 41 64 67 31 50 22 19 5 15 4 8,heads,regular,1
2026-08-05T06:46:20Z,11,20 6 25 31 32 47 45 4 79 43 2 24 3 56 14 50 5 55 48 66,heads,minor,1
2026-08-05T06:49:00Z,12,21 29 56 41 4 27 72 24 20 57 40 65 33 11 38 64 55 15 13 77,heads,regular,1
2026-08-05T06:51:40Z,13,25 71 44 68 45 58 18 46 34 37 27 74 67 7 57 31 28 36 26 65,evens,regular,2
2026-08-05T06:54:20Z,14,57 67 39 2 33 5 55 63 61 11 30 45 73 9 69 20 18 31 27 76,heads,regular,2
2026-08-05T06:57:00Z,15,45 37 28 24 65 73 70 78 52 15 56 12 64 14 40 7 72 80 5 51,tails,regular,1
2026-08-05T06:59:40Z,16,71 17 50 77 64 63 25 2 15 9 67 49 24 6 40 47 80 72 35 70,tails,regular,1
2026-08-05T07:02:20Z,17,38 35 62 52 51 27 48 67 75 72 30 55 45 69 24 32 59 6 8 66,tails,regular,5
2026-08-05T07:05:00Z,18,49 25 15 56 20 26 44 51 60 12 61 53 32 17 22 11 78 66 45 69,tails,regular,1
2026-08-05T07:07:40Z,19,13 51 32 75 79 56 47 26 45 33 50 48 28 7 3 35 62 59 42 66,tails,regular,3
2026-08-05T07:10:20Z,20,58 51 24 1 32 63 31 70 79 18 7 4 39 60 77 34 75 46 67 72,tails,regular,1
2026-08-05T07:13:00Z,21,79 41 46 15 24 18 48 51 67 19 65 5 37 72 16 70 36 63 22 26,evens,regular,1
2026-08-05T07:15:40Z,22,21 64 75 3 10 62 36 20 41 22 57 16 37 66 45 2 63 59 7 28,heads,regular,2
2026-08-05T07:18:20Z,23,1 76 15 44 71 40 36 68 31 11 37 62 49 78 14 67 7 6 30 20,heads,minor,3
2026-08-05T07:21:00Z,24,26 53 29 33 64 30 56 15 47 69 19 14 52 18 11 75 62 38 60 80,evens,major,4
2026-08-05T07:23:40Z,25,19 45 66 9 12 18 71 20 41 70 33 28 79 61 13 62 43 55 21 14,evens,regular,2
2026-08-05T07:26:20Z,26,50 30 45 10 54 46 21 8 22 55 7 61 3 47 79 18 73 31 51 80,tails,regular,2
2026-08-05T07:29:00Z,27,67 39 64 54 13 74 20 10 26 7 30 66 57 52 60 16 22 38 72 80,evens,regular,3
2026-08-05T07:31:40Z,28,8 34 55 50 69 16 68 23 39 70 54 46 5 44 4 51 65 76 21 73,tails,minor,2
2026-08-05T07:34:20Z,29,74 67 30 63 33 32 48 53 18 39 71 40 69 75 26 44 1 62 57 9,tails,major,1
2026-08-05T07:37:00Z,30,1 26 57 67 32 75 59 3 65 73 18 52 62 2 70 16 36 63 45 37,tails,regular,3
2026-08-05T07:39:40Z,31,22 36 24 66 9 77 13 75 41 42 76 11 3 8 54 33 67 74 34 19,heads,minor,2
2026-08-05T07:42:20Z,32,44 11 5 26 42 56 47 75 30 50 20 68 71 24 72 78 46 34 22 32,tails,minor,1
2026-08-05T07:45:00Z,33,80 38 71 34 13 51 55 64 53 69 48 9 46 24 57 15 20 75 72 67,tails,minor,2
2026-08-05T07:47:40Z,34,5 73 41 14 2 40 58 19 28 70 50 80 64 18 49 55 29 37 51 69,tails,regular,1
2026-08-05T07:50:20Z,35,25 9 36 18 40 62 33 20 66 59 27 42 46 56 64 26 48 39 10 76,heads,minor,1
2026-08-05T07:53:00Z,36,20 70 71 77 41 55 14 4 17 80 66 59 25 78 61 22 13 73 65 63,tails,major,3
2026-08-05T07:55:40Z,37,42 31 18 60 59 66 73 52 75 44 62 11 33 77 2 64 72 39 4 69,tails,major,3
2026-08-05T07:58:20Z,38,49 34 57 35 14 50 31 78 71 17 66 32 2 60 54 20 28 75 69 24,evens,regular,1
2026-08-05T08:01:00Z,39,77 12 50 35 69 68 27 59 32 52 67 78 36 37 57 7 74 20 64 5,tails,regular,1
2026-08-05T08:03:40Z,40,62 21 45 5 63 8 14 38 4 57 72 79 65 23 42 7 39 10 51 52,evens,regular,3
2026-08-05T08:06:20Z,41,77 2 8 3 37 54 70 50 18 43 15 28 73 4 60 59 40 51 52 46,tails,minor,4
2026-08-05T08:09:00Z,42,16 46 50 10 29 19 67 3 57 22 54 79 4 41 27 78 76 56 55 33,tails,regular,2
2026-08-05T08:11:40Z,43,18 17 74 69 34 36 31 55 3 21 73 20 1 42 64 33 10 66 46 8,heads,minor,10
2026-08-05T08:14:20Z,44,54 28 45 30 42 20 16 5 58 8 14 41 26 1 63 72 67 6 66 77,evens,minor,3
2026-08-05T08:17:00Z,45,29 20 79 21 48 8 10 5 23 11 17 68 63 15 77 18 74 9 40 51,heads,regular,1
2026-08-05T08:19:40Z,46,21 41 9 12 28 39 64 3 59 52 15 35 47 57 44 29 1 76 14 33,heads,minor,3
2026-08-05T08:22:20Z,47,19 66 29 37 53 36 79 52 65 59 38 5 32 13 34 80 9 70 21 20,heads,regular,2
2026-08-05T08:25:00Z,48,71 25 15 35 44 28 68 23 33 52 39 45 66 48 49 70 65 78 31 38,tails,regular,1
2026-08-05T08:27:40Z,49,1 17 49 39 77 66 2 16 46 30 34 62 27 65 33 19 25 71 41 20,heads,regular,3
2026-08-05T08:30:20Z,50,52 23 33 34 27 2 42 11 65 37 40 61 10 44 45 66 60 24 26 5,heads,regular,3
2026-08-05T08:33:00Z,51,58 33 22 75 29 44 37 9 10 76 55 80 6 19 14 61 57 74 34 11,heads,regular,3
2026-08-05T08:35:40Z,52,16 19 38 58 30 4 45 54 36 49 10 57 42 39 35 69 74 34 8 63,heads,regular,2
2026-08-05T08:38:20Z,53,62 56 4 44 69 2 76 39 53 33 8 48 18 11 22 57 7 17 47 63,evens,regular,1
2026-08-05T08:41:00Z,54,27 38 18 4 68 48 70 41 26 40 50 37 25 16 80 79 31 69 61 67,evens,minor,1
2026-08-05T08:43:40Z,55,50 34 54 52 9 72 30 41 23 11 65 2 79 13 25 61 76 68 8 18,evens,regular,2
2026-08-05T08:46:20Z,56,24 73 39 70 27 47 6 41 67 21 14 59 65 58 36 25 35 38 2 34,heads,minor,2
2026-08-05T08:49:00Z,57,35 16 61 41 38 13 48 9 45 12 74 72 5 54 75 18 15 58 65 64,tails,regular,1
2026-08-05T08:51:40Z,58,45 18 1 26 79 30 34 59 31 65 24 9 5 61 76 36 54 4 23 68,heads,minor,3
2026-08-05T08:54:20Z,59,16 28 39 22 48 54 55 45 75 41 35 61 3 6 73 79 63 12 44 24,tails,minor,10
2026-08-05T08:57:00Z,60,22 16 38 14 7 58 44 39 46 1 73 8 28 69 53 54 18 78 40 65,heads,regular,2
2026-08-05T08:59:40Z,61,40 33 22 3 70 21 77 28 13 69 11 25 36 17 44 41 59 67 37 14,heads,minor,5
2026-08-05T09:02:20Z,62,26 29 57 72 78 25 53 67 65 50 19 61 13 2 27 6 41 59 42 20,tails,regular,1
2026-08-05T09:05:00Z,63,68 54 49 79 58 15 74 76 40 64 63 44 28 21 6 1 14 36 23 38,evens,major,4
2026-08-05T09:07:40Z,64,43 24 28 44 54 72 25 14 1 64 26 51 55 53 37 66 31 22 48 73,tails,regular,1
2026-08-05T09:10:20Z,65,44 63 67 15 35 50 24 68 23 53 47 18 70 43 20 79 22 39 25 19,evens,regular,3
2026-08-05T09:13:00Z,66,7 21 66 16 38 9 6 25 33 70 45 42 12 44 41 65 74 5 80 17,heads,regular,3
2026-08-05T09:15:40Z,67,34 65 59 52 36 80 73 58 63 61 67 8 28 18 9 55 51 1 57 12,tails,regular,1
2026-08-05T09:18:20Z,68,22 33 56 78 44 43 15 60 38 73 49 8 37 80 67 23 17 61 57 79,tails,minor,2
2026-08-05T09:21:00Z,69,65 61 51 57 55 75 19 72 6 48 32 5 22 2 41 24 68 54 47 36,tails,regular,2
2026-08-05T09:23:40Z,70,35 52 4 42 12 56 78 26 43 49 29 11 55 21 25 28 61 5 40 24,heads,regular,2
2026-08-05T09:26:20Z,71,26 61 4 15 79 30 65 29 12 69 38 67 2 14 36 71 58 72 3 66,heads,regular,2
2026-08-05T09:29:00Z,72,13 41 42 53 14 48 78 21 6 62 59 52 19 50 37 23 38 18 54 51,tails,regular,3
2026-08-05T09:31:40Z,73,32 45 69 36 7 8 43 75 80 30 20 67 46 40 61 74 24 53 14 51,tails,regular,2
2026-08-05T09:34:20Z,74,38 62 20 29 27 4 14 11 76 40 31 55 63 46 18 13 16 8 79 69,heads,regular,1
2026-08-05T09:37:00Z,75,13 17 34 52 60 1 4 45 23 77 40 10 8 43 47 72 39 15 50 55,heads,regular,5
2026-08-05T09:39:40Z,76,34 5 40 25 61 21 58 33 11 53 62 18 6 57 80 64 26 35 74 10,heads,regular,1
2026-08-05T09:42:20Z,77,27 70 47 69 17 64 10 73 58 75 24 20 11 8 31 28 23 78 50 13,heads,regular,3
2026-08-05T09:45:00Z,78,49 43 19 71 47 15 41 17 79 59 58 8 80 38 50 9 34 14 74 30,tails,minor,1
2026-08-05T09:47:40Z,79,21 6 9 13 51 7 27 30 80 61 5 38 57 63 48 72 75 49 45 15,evens,minor,4
2026-08-05T09:50:20Z,80,59 29 55 12 73 57 43 37 36 58 4 66 76 26 51 60 41 63 20 46,tails,regular,1
2026-08-05T09:53:00Z,81,66 71 48 7 26 53 3 35 27 21 18 61 72 69 40 42 57 28 30 74,evens,major,4
2026-08-05T09:55:40Z,82,78 77 17 63 65 53 11 9 19 24 23 25 64 34 44 54 80 73 26 6,evens,regular,2
2026-08-05T09:58:20Z,83,36 76 38 5 12 41 28 51 44 15 46 27 69 58 40 79 20 24 63 75,evens,minor,1
2026-08-05T10:01:00Z,84,14 69 72 53 60 20 2 63 77 76 15 25 40 49 79 67 46 24 47 75,tails,minor,1
2026-08-05T10:03:40Z,85,12 74 13 56 68 52 48 28 53 57 17 18 36 10 37 34 59 79 3 7,heads,regular,3
2026-08-05T10:06:20Z,86,65 23 56 64 14 32 22 49 63 25 18 39 27 52 59 37 70 5 24 33,heads,regular,2
2026-08-05T10:09:00Z,87,19 78 80 77 2 57 18 1 4 56 60 14 68 40 47 26 44 42 62 39,tails,regular,1
2026-08-05T10:11:40Z,88,69 24 14 34 16 49 68 58 20 30 76 5 70 61 29 78 44 43 59 4,tails,major,4
2026-08-05T10:14:20Z,89,7 78 24 32 9 74 66 28 13 40 17 15 67 10 54 12 49 69 5 63,heads,regular,1
2026-08-05T10:17:00Z,90,16 3 23 74 49 45 80 30 64 60 7 5 59 62 9 27 51 28 24 10,heads,regular,3
2026-08-05T10:19:40Z,91,12 67 47 5 59 29 27 3 50 70 40 46 6 2 62 58 10 15 35 38,heads,regular,1
2026-08-05T10:22:20Z,92,42 1 44 33 17 56 52 28 72 20 49 14 5 37 45 67 10 62 48 79,tails,minor,2
2026-08-05T10:25:00Z,93,73 4 10 52 42 13 34 47 17 38 15 22 16 35 6 79 68 3 58 45,heads,regular,1
2026-08-05T10:27:40Z,94,49 10 23 56 61 76 65 24 31 60 50 46 80 66 30 36 44 22 17 51,tails,regular,1
2026-08-05T10:30:20Z,95,28 27 55 29 76 10 58 61 4 50 8 32 66 18 53 42 37 48 1 65,evens,regular,1
2026-08-05T10:33:00Z,96,45 8 10 73 29 61 78 7 71 9 20 62 32 30 16 38 37 49 76 14,heads,regular,1
2026-08-05T10:35:40Z,97,17 51 31 39 33 12 21 72 3 2 68 6 37 61 40 18 49 8 42 78,heads,minor,5
2026-08-05T10:38:20Z,98,73 42 36 45 53 63 19 22 20 17 31 77 30 23 11 13 15 50 60 21,heads,minor,10
2026-08-05T10:41:00Z,99,5 54 59 14 4 15 13 73 25 65 12 11 19 69 29 62 61 57 58 47,evens,regular,2
2026-08-05T10:43:40Z,100,24 2 51 29 69 23 45 1 56 33 6 53 46 26 75 52 71 17 28 49,evens,regular,3
2026-08-05T10:46:20Z,101,75 3 22 26 73 7 4 79 70 66 54 67 14 71 59 80 40 58 45 76,tails,regular,3
2026-08-05T10:49:00Z,102,35 16 30 13 43 23 79 60 70 27 58 9 49 7 72 6 3 42 78 17,heads,regular,1
2026-08-05T10:51:40Z,103,53 28 47 10 7 71 72 29 55 36 80 21 15 74 31 1 14 63 56 50,evens,regular,1
2026-08-05T10:54:20Z,104,5 50 7 73 49 47 8 17 26 37 70 10 67 56 1 72 65 77 52 2,tails,regular,2
2026-08-05T10:57:00Z,105,78 14 19 28 40 65 44 7 52 31 9 73 23 12 26 22 4 30 18 29,heads,regular,3
2026-08-05T10:59:40Z,106,69 12 48 56 64 29 6 60 53 10 38 71 51 77 33 46 74 68 80 41,tails,regular,2
2026-08-05T11:02:20Z,107,55 66 77 8 30 27 31 73 28 1 37 35 22 42 51 63 41 48 80 23,evens,regular,4
2026-08-05T11:05:00Z,108,3 26 6 31 28 22 2 43 40 34 69 17 29 78 76 55 44 37 4 51,heads,regular,1
2026-08-05T11:07:40Z,109,73 72 52 25 36 17 78 74 75 9 30 22 76 64 7 77 8 33 45 60,tails,regular,2
2026-08-05T11:10:20Z,110,32 26 33 66 34 14 43 57 2 79 20 55 51 47 15 27 40 49 80 50,evens,regular,1
2026-08-05T11:13:00Z,111,38 5 36 31 43 30 48 59 68 47 7 15 33 40 54 29 69 80 71 16,heads,regular,2
2026-08-05T11:15:40Z,112,59 73 7 6 28 16 76 63 33 31 11 57 54 51 14 4 62 42 74 24,evens,major,1
2026-08-05T11:18:20Z,113,17 67 68 52 36 26 11 40 78 73 72 35 62 63 30 61 44 33 24 32,evens,regular,3
2026-08-05T11:21:00Z,114,44 76 9 11 73 77 25 27 49 7 6 4 8 63 41 12 74 13 46 50,evens,regular,1
2026-08-05T11:23:40Z,115,48 67 17 60 75 18 66 29 10 25 14 73 38 80 6 61 39 51 34 40,heads,major,4
2026-08-05T11:26:20Z,116,43 47 69 63 18 51 4 62 45 8 22 19 10 36 61 30 71 32 49 3,evens,major,1
2026-08-05T11:29:00Z,117,8 1 66 26 5 74 38 61 43 24 42 34 20 39 35 65 40 67 44 36,heads,regular,1
2026-08-05T11:31:40Z,118,78 4 57 54 33 51 56 2 52 49 35 47 61 58 38 72 14 44 69 30,tails,regular,3
2026-08-05T11:34:20Z,119,77 13 16 24 65 58 11 48 54 59 36 9 37 70 29 6 2 21 3 53,heads,regular,1
2026-08-05T11:37:00Z,120,63 29 14 54 9 75 33 10 71 6 26 77 30 79 23 74 2 66 16 25,heads,regular,5
2026-08-05T11:39:40Z,121,40 4 15 42 43 35 51 72 23 6 24 64 3 66 47 73 29 9 17 39,heads,regular,2
2026-08-05T11:42:20Z,122,74 49 55 62 50 33 43 9 6 21 14 39 63 16 23 66 1 65 78 31,evens,regular,2
2026-08-05T11:45:00Z,123,40 41 79 76 58 14 38 39 15 72 37 44 61 30 45 13 10 4 8 50,heads,regular,3
2026-08-05T11:47:40Z,124,80 27 5 42 33 54 9 67 53 8 56 31 23 25 59 18 71 21 55 44,evens,minor,2
2026-08-05T11:50:20Z,125,53 64 59 38 63 67 55 79 72 30 51 3 2 44 74 43 4 27 37 75,tails,minor,2
2026-08-05T11:53:00Z,126,50 30 47 8 59 46 58 48 71 15 25 65 44 63 60 64 78 45 24 27,tails,regular,10
2026-08-05T11:55:40Z,127,41 69 73 66 19 23 15 35 48 9 42 22 64 39 26 44 53 47 29 13,evens,regular,2
2026-08-05T11:58:20Z,128,23 69 51 4 57 30 29 20 25 7 63 73 15 60 56 48 72 13 17 55,evens,minor,3
2026-08-05T12:01:00Z,129,41 65 59 71 50 3 6 45 17 37 26 80 19 7 56 51 24 14 57 54,tails,regular,5
2026-08-05T12:03:40Z,130,33 26 9 56 1 5 54 44 19 34 75 10 16 15 22 65 39 74 40 38,heads,regular,3
2026-08-05T12:06:20Z,131,45 74 50 33 29 46 37 76 79 56 5 25 32 49 73 57 65 26 80 75,tails,minor,3
2026-08-05T12:09:00Z,132,11 23 37 64 29 25 76 48 71 36 39 6 51 27 9 13 1 16 60 59,heads,major,2
2026-08-05T12:11:40Z,133,35 66 42 18 37 8 3 2 46 77 59 41 13 63 74 54 16 79 47 23,tails,regular,2
2026-08-05T12:14:20Z,134,8 80 21 67 47 76 57 20 74 71 45 13 19 15 37 60 68 66 28 17,tails,minor,2
2026-08-05T12:17:00Z,135,63 71 66 37 77 65 19 32 75 13 67 42 23 53 50 56 76 16 10 39,tails,regular,3
2026-08-05T12:19:40Z,136,26 6 18 79 1 31 19 25 9 24 53 72 67 54 29 11 62 55 27 8,heads,minor,1
2026-08-05T12:22:20Z,137,2 1 45 55 75 58 39 37 6 49 41 23 28 60 25 59 44 51 73 72,tails,regular,2
2026-08-05T12:25:00Z,138,18 40 80 31 58 79 21 20 78 66 4 60 69 46 63 70 47 42 29 32,tails,major,3
2026-08-05T12:27:40Z,139,45 69 42 57 36 2 33 75 38 12 24 10 8 16 34 46 3 66 56 13,heads,minor,2
2026-08-05T12:30:20Z,140,65 70 39 47 37 64 69 80 31 32 8 14 20 57 79 3 30 10 21 34,heads,regular,2
2026-08-05T12:33:00Z,141,77 6 42 17 23 40 16 2 54 21 26 33 67 74 75 29 30 66 68 71,heads,regular,1
2026-08-05T12:35:40Z,142,4 73 60 57 25 31 10 34 67 30 38 58 49 6 74 8 23 53 51 70,evens,regular,3
2026-08-05T12:38:20Z,143,62 55 59 19 11 41 28 80 21 33 1 18 49 23 47 17 56 69 77 70,tails,regular,2
2026-08-05T12:41:00Z,144,63 16 7 71 49 72 1 25 78 53 65 38 76 28 54 26 13 74 15 62,tails,minor,3
2026-08-05T12:43:40Z,145,54 49 21 61 31 14 37 60 32 39 48 76 25 71 13 36 46 11 4 38,heads,minor,2
2026-08-05T12:46:20Z,146,56 64 16 8 20 21 18 30 11 14 9 39 5 61 74 22 54 7 41 52,heads,minor,4
2026-08-05T12:49:00Z,147,59 66 40 14 39 7 33 76 49 54 47 70 5 46 24 37 42 17 30 58,evens,regular,1
2026-08-05T12:51:40Z,148,51 53 13 11 9 45 39 17 8 21 80 70 61 56 7 15 72 5 30 73,heads,regular,1
2026-08-05T12:54:20Z,149,22 14 66 37 23 50 60 10 27 8 41 9 56 57 6 18 26 20 21 32,heads,regular,10
2026-08-05T12:57:00Z,150,55 34 54 61 66 62 60 23 45 5 51 32 63 73 56 22 41 52 78 44,tails,major,1
2026-08-05T12:59:40Z,151,25 53 32 12 29 54 73 63 51 22 47 45 9 76 13 66 3 46 59 38,tails,regular,3
2026-08-05T13:02:20Z,152,23 32 1 61 67 76 25 9 48 17 49 16 26 21 33 69 14 18 36 35,heads,minor,1
2026-08-05T13:05:00Z,153,55 43 19 52 59 41 39 69 21 63 58 72 5 71 78 36 56 70 32 44,tails,regular,2
2026-08-05T13:07:40Z,154,52 59 15 24 28 79 33 48 30 62 69 9 25 76 75 10 8 66 1 35,heads,regular,3
2026-08-05T13:10:20Z,155,1 48 53 30 39 20 8 56 60 41 42 69 36 61 71 44 5 50 55 65,tails,regular,1
2026-08-05T13:13:00Z,156,33 24 50 53 70 60 68 38 35 42 48 78 49 19 58 2 7 23 17 40,evens,minor,2
2026-08-05T13:15:40Z,157,32 58 47 64 55 26 59 19 62 17 60 78 5 12 14 67 69 36 45 9,tails,regular,1
2026-08-05T13:18:20Z,158,25 23 49 9 31 47 59 56 64 34 13 26 51 11 22 42 41 65 78 55,tails,regular,2
2026-08-05T13:21:00Z,159,37 46 42 78 51 35 7 2 26 39 34 15 9 66 47 27 79 28 67 29,heads,major,2
2026-08-05T13:23:40Z,160,32 10 70 31 23 67 77 49 68 8 69 15 60 26 65 71 59 12 18 79,tails,regular,1
2026-08-05T13:26:20Z,161,30 52 35 39 56 12 16 79 65 60 25 69 66 15 63 64 7 22 76 37,evens,regular,1
2026-08-05T13:29:00Z,162,61 71 14 50 41 40 1 2 24 42 15 9 20 56 70 22 44 17 18 23,heads,minor,1
2026-08-05T13:31:40Z,163,9 5 55 75 20 67 24 53 25 56 58 4 35 34 30 76 10 57 37 2,heads,regular,1
2026-08-05T13:34:20Z,164,23 6 10 70 66 64 57 26 72 42 14 7 65 74 58 31 79 25 51 1,tails,regular,3
2026-08-05T13:37:00Z,165,28 78 68 67 35 16 20 33 64 22 51 76 37 71 66 73 26 46 8 58,tails,regular,1
2026-08-05T13:39:40Z,166,18 38 1 59 36 48 28 21 4 39 55 52 12 26 44 65 50 9 46 37,heads,minor,5
2026-08-05T13:42:20Z,167,55 23 26 71 22 62 19 11 43 64 10 13 44 45 34 18 67 58 42 38,evens,regular,1
2026-08-05T13:45:00Z,168,54 22 36 70 23 49 79 18 67 50 57 25 55 29 65 73 78 27 19 61,tails,regular,2
2026-08-05T13:47:40Z,169,61 31 47 21 22 16 71 70 41 66 51 30 53 20 60 18 36 64 32 79,tails,minor,2
2026-08-05T13:50:20Z,170,31 52 68 23 75 61 38 8 74 5 79 76 2 18 58 49 21 6 55 46,tails,regular,2
2026-08-05T13:53:00Z,171,62 38 69 25 20 74 77 71 75 72 48 55 40 27 65 1 53 79 24 42,tails,regular,3
2026-08-05T13:55:40Z,172,73 25 21 26 46 64 59 36 74 38 62 10 50 29 33 8 28 23 47 12,heads,major,2
2026-08-05T13:58:20Z,173,52 27 60 37 50 13 30 72 57 10 78 5 41 34 24 22 59 6 66 9,heads,regular,2
2026-08-05T14:01:00Z,174,31 48 79 63 24 74 46 7 70 16 61 55 43 14 60 80 47 33 6 57,tails,major,1
2026-08-05T14:03:40Z,175,53 11 52 38 54 73 50 24 65 42 1 35 70 76 47 64 51 37 9 48,tails,regular,2
2026-08-05T14:06:20Z,176,31 25 78 16 13 11 38 41 65 35 66 44 55 7 56 23 17 32 39 9,heads,major,2
2026-08-05T14:09:00Z,177,43 41 69 80 65 47 15 62 63 20 73 22 32 5 74 37 35 28 30 17,evens,regular,1
2026-08-05T14:11:40Z,178,20 59 50 47 69 80 63 40 27 61 72 11 15 66 41 79 57 42 46 4,tails,minor,1
2026-08-05T14:14:20Z,179,56 19 54 46 51 16 49 7 13 78 26 43 69 39 42 77 50 29 41 55,tails,regular,2
2026-08-05T14:17:00Z,180,35 30 28 65 52 54 46 66 51 21 11 27 58 37 13 4 55 75 43 56,tails,major,1
2026-08-05T14:19:40Z,181,69 66 14 72 57 43 3 78 24 42 80 51 73 33 29 68 74 10 19 44,tails,minor,1
2026-08-05T14:22:20Z,182,45 50 18 44 33 27 9 35 12 57 7 38 71 62 29 16 47 21 41 64,heads,regular,3
2026-08-05T14:25:00Z,183,29 20 3 64 23 16 17 8 4 58 7 61 27 75 66 12 51 24 6 30,heads,minor,2
2026-08-05T14:27:40Z,184,61 75 47 27 42 20 38 8 80 41 48 77 13 7 74 12 15 70 52 9,tails,regular,3
2026-08-05T14:30:20Z,185,7 76 5 60 13 4 73 46 31 12 11 75 16 38 40 53 23 66 24 50,heads,regular,1
2026-08-05T14:33:00Z,186,18 36 74 34 65 61 13 7 37 19 4 31 5 62 56 21 17 16 39 8,heads,regular,1
2026-08-05T14:35:40Z,187,70 59 73 34 27 24 8 22 54 31 25 72 33 6 62 67 21 50 49 40,heads,major,1
2026-08-05T14:38:20Z,188,22 47 38 67 1 11 17 41 16 54 59 71 15 26 12 52 31 9 76 65,heads,minor,1
2026-08-05T14:41:00Z,189,9 37 44 30 35 39 26 8 14 13 42 15 59 56 48 45 70 77 6 29,heads,regular,2
2026-08-05T14:43:40Z,190,44 28 55 18 60 15 21 12 34 59 36 77 52 27 41 50 67 78 46 79,tails,regular,1
2026-08-05T14:46:20Z,191,65 12 74 2 62 48 25 47 45 68 40 79 57 5 50 30 43 54 52 56,tails,major,1
2026-08-05T14:49:00Z,192,71 9 64 54 44 70 21 72 23 39 14 58 68 48 57 50 13 8 29 53,tails,minor,2
2026-08-05T14:51:40Z,193,45 20 22 63 69 57 50 49 30 65 27 39 43 6 9 80 52 28 61 78,tails,major,1
2026-08-05T14:54:20Z,194,5 60 46 74 23 68 35 49 52 25 67 14 7 6 70 47 55 51 24 42,tails,regular,1
2026-08-05T14:57:00Z,195,32 16 15 68 18 36 7 51 80 72 58 2 35 75 10 43 46 69 62 4,evens,regular,3
2026-08-05T14:59:40Z,196,18 35 49 10 17 62 32 26 70 29 75 56 48 23 46 79 54 50 47 58,tails,regular,1
2026-08-05T15:02:20Z,197,51 13 7 55 78 43 75 21 35 18 50 14 46 5 60 52 69 6 3 27,evens,regular,1
2026-08-05T15:05:00Z,198,43 61 55 53 33 2 27 45 63 34 74 20 24 42 4 66 58 12 38 56,tails,regular,2
2026-08-05T15:07:40Z,199,5 2 56 44 1 25 26 47 78 51 59 60 4 63 64 74 31 7 48 52,tails,regular,1
2026-08-05T15:10:20Z,200,52 29 22 13 65 7 46 66 57 63 30 43 25 80 16 32 5 76 10 71,evens,minor,1
2026-08-05T15:13:00Z,201,80 7 64 33 46 31 74 38 59 4 32 78 53 56 40 23 57 49 75 22,tails,regular,5
2026-08-05T15:15:40Z,202,73 27 72 32 79 69 41 47 23 3 4 39 34 78 70 21 80 36 25 19,heads,major,3
2026-08-05T15:18:20Z,203,7 69 26 75 48 19 34 15 25 60 64 55 2 51 71 38 14 63 8 78,evens,regular,2
2026-08-05T15:21:00Z,204,73 72 45 14 15 54 7 31 43 49 48 47 12 75 79 1 69 9 33 36,tails,regular,1
2026-08-05T15:23:40Z,205,23 15 69 36 18 45 71 20 30 55 58 48 3 42 37 44 10 73 1 65,evens,minor,3
2026-08-05T15:26:20Z,206,19 59 68 63 67 33 14 23 18 10 20 75 49 53 27 30 65 31 34 51,heads,major,3
2026-08-05T15:29:00Z,207,30 79 75 31 67 12 62 58 50 63 64 25 77 61 20 23 1 52 16 4,tails,regular,3
2026-08-05T15:31:40Z,208,21 41 60 6 80 58 27 44 17 51 29 63 77 45 40 25 18 19 16 76,evens,regular,1
2026-08-05T15:34:20Z,209,56 45 12 10 43 13 59 15 32 8 79 71 5 21 52 62 35 18 20 50,heads,minor,1
2026-08-05T15:37:00Z,210,37 50 29 21 36 14 65 67 80 75 61 13 54 7 44 43 5 53 42 4,tails,regular,1
2026-08-05T15:39:40Z,211,25 62 7 20 50 6 71 47 75 38 36 58 56 63 21 54 32 80 74 53,tails,minor,1
2026-08-05T15:42:20Z,212,54 77 27 69 13 7 18 76 30 47 10 15 64 41 65 1 72 5 16 63,evens,regular,3
2026-08-05T15:45:00Z,213,35 57 33 51 36 77 73 31 10 56 18 4 59 38 37 80 69 62 39 12,heads,minor,1
2026-08-05T15:47:40Z,214,55 54 31 48 44 56 76 6 39 68 63 40 57 46 12 70 66 11 30 32,tails,regular,3
2026-08-05T15:50:20Z,215,61 47 33 21 67 36 44 31 64 14 60 52 5 45 56 17 76 13 24 4,evens,regular,3
2026-08-05T15:53:00Z,216,16 61 59 27 62 78 21 29 41 67 44 25 9 49 2 10 50 66 58 18,tails,regular,1
2026-08-05T15:55:40Z,217,46 57 66 8 77 31 19 3 22 80 73 26 1 44 70 34 43 41 16 39,evens,regular,3
2026-08-05T15:58:20Z,218,27 64 23 4 30 20 29 43 3 24 67 21 18 63 70 39 59 49 45 13,heads,regular,1
2026-08-05T16:01:00Z,219,73 21 29 78 76 24 17 50 19 8 18 40 54 1 75 56 51 37 36 20,heads,regular,1
2026-08-05T16:03:40Z,220,60 55 5 22 12 29 66 77 38 26 19 18 25 71 61 48 14 46 9 43,heads,regular,3
2026-08-05T16:06:20Z,221,37 77 13 49 76 47 9 32 58 39 55 67 53 31 1 4 43 78 62 68,tails,regular,1
2026-08-05T16:09:00Z,222,74 27 59 69 28 10 13 30 36 23 62 77 39 5 61 21 16 19 6 65,heads,regular,3
2026-08-05T16:11:40Z,223,58 7 55 16 43 38 17 52 21 11 42 74 39 69 47 67 29 37 75 44,tails,regular,3
2026-08-05T16:14:20Z,224,40 71 7 31 64 22 26 70 4 58 18 14 44 51 38 42 30 6 5 15,heads,regular,1
2026-08-05T16:17:00Z,225,26 64 56 3 22 77 16 74 67 76 37 5 51 62 58 33 9 17 36 34,heads,minor,10
2026-08-05T16:19:40Z,226,11 13 8 22 19 38 34 14 67 60 2 75 40 24 47 56 62 26 30 4,heads,regular,2
2026-08-05T16:22:20Z,227,80 65 33 77 13 11 67 22 47 36 44 55 8 59 30 4 12 19 48 42,evens,minor,4
2026-08-05T16:25:00Z,228,67 21 76 9 65 15 26 31 43 6 46 61 64 58 29 19 30 25 4 7,heads,regular,2
2026-08-05T16:27:40Z,229,68 60 14 28 26 12 41 17 78 42 43 56 53 3 48 30 50 21 1 44,tails,regular,2
2026-08-05T16:30:20Z,230,69 46 64 25 48 51 35 29 60 79 65 76 10 80 17 55 45 32 74 40,tails,minor,5
2026-08-05T16:33:00Z,231,14 49 28 9 80 12 6 54 26 38 1 71 77 63 29 15 56 62 79 70,evens,regular,2
2026-08-05T16:35:40Z,232,20 53 79 24 59 35 60 71 55 40 28 46 27 32 1 76 25 41 74 34,evens,regular,2
2026-08-05T16:38:20Z,233,31 44 78 77 59 54 80 4 53 61 8 28 37 24 38 58 2 26 67 65,tails,regular,3
2026-08-05T16:41:00Z,234,66 47 1 41 79 73 32 7 60 12 65 43 34 52 14 54 55 48 46 68,tails,regular,1
2026-08-05T16:43:40Z,235,44 78 60 59 36 10 66 22 27 38 4 45 14 61 55 19 35 37 7 50,heads,major,1
2026-08-05T16:46:20Z,236,44 20 49 26 50 32 4 24 5 19 3 36 52 13 16 27 69 48 65 68,heads,regular,3
2026-08-05T16:49:00Z,237,9 66 46 62 38 27 45 48 28 43 18 56 69 11 25 3 59 24 47 60,tails,minor,2
2026-08-05T16:51:40Z,238,33 73 6 4 38 1 17 30 61 77 13 35 78 23 11 19 80 25 74 9,heads,regular,3
2026-08-05T16:54:20Z,239,53 67 74 41 38 10 19 52 11 79 3 78 15 54 37 72 75 24 63 1,tails,regular,1
2026-08-05T16:57:00Z,240,79 27 60 68 23 72 5 32 16 13 6 43 48 52 41 74 15 61 28 3,evens,minor,2
2026-08-05T16:59:40Z,241,63 7 54 14 64 80 9 57 2 28 17 50 5 3 66 12 4 37 55 27,heads,regular,3
2026-08-05T17:02:20Z,242,48 44 34 74 67 2 56 63 61 19 79 25 65 16 5 30 11 78 41 70,tails,regular,1
2026-08-05T17:05:00Z,243,62 23 32 4 70 49 3 42 8 6 30 45 48 27 37 50 5 57 40 65,heads,minor,2
2026-08-05T17:07:40Z,244,58 3 26 74 49 20 68 13 29 42 75 65 17 79 41 55 73 60 25 23,tails,minor,1
2026-08-05T17:10:20Z,245,43 55 37 63 22 80 76 33 6 46 64 60 26 16 78 28 47 31 71 32,tails,major,1
2026-08-05T17:13:00Z,246,50 18 66 67 5 58 40 42 60 8 37 22 56 17 15 21 46 47 53 73,tails,regular,2
2026-08-05T17:15:40Z,247,79 23 54 76 39 21 25 80 71 73 46 17 55 40 43 53 4 5 33 70,tails,minor,1
2026-08-05T17:18:20Z,248,9 16 68 30 25 62 58 59 34 38 45 29 50 66 4 77 44 24 57 71,tails,regular,1
2026-08-05T17:21:00Z,249,53 34 77 46 45 73 22 26 25 76 65 40 37 27 11 19 62 29 61 24,heads,regular,1
2026-08-05T17:23:40Z,250,14 36 41 55 78 21 22 2 74 42 23 75 58 30 6 4 37 17 69 49,heads,regular,2
2026-08-05T17:26:20Z,251,6 26 61 46 73 9 33 48 52 75 37 51 70 15 79 30 78 67 41 21,tails,regular,3
2026-08-05T17:29:00Z,252,79 21 44 42 75 23 12 50 47 43 64 37 30 25 26 40 69 20 6 28,heads,minor,2
2026-08-05T17:31:40Z,253,55 68 4 13 60 47 45 38 33 6 34 51 19 17 78 66 57 25 70 53,tails,regular,2
2026-08-05T17:34:20Z,254,28 48 19 71 30 58 57 55 62 52 77 70 18 37 4 35 11 67 60 2,tails,regular,1
2026-08-05T17:37:00Z,255,32 28 19 76 4 25 47 9 10 69 63 42 74 44 17 60 57 46 30 35,evens,minor,3
2026-08-05T17:39:40Z,256,30 29 38 42 70 33 69 25 10 80 37 54 13 47 62 3 21 16 67 63,heads,major,3
2026-08-05T17:42:20Z,257,50 61 39 29 58 73 13 38 75 45 46 37 18 24 36 66 53 47 22 15,evens,regular,2
2026-08-05T17:45:00Z,258,76 70 25 38 13 57 20 80 1 7 64 61 50 62 71 8 34 53 26 66,tails,regular,2
2026-08-05T17:47:40Z,259,55 6 35 20 34 27 32 7 80 49 69 47 26 42 44 43 5 62 14 39,heads,regular,1
2026-08-05T17:50:20Z,260,6 5 71 51 63 79 43 42 56 9 70 13 72 41 66 12 47 26 78 35,tails,regular,2
2026-08-05T17:53:00Z,261,5 45 75 62 18 14 34 40 36 37 68 6 46 28 27 1 50 29 49 56,heads,regular,3
2026-08-05T17:55:40Z,262,17 60 22 48 43 50 51 45 68 42 19 35 29 6 39 59 49 77 20 4,tails,regular,1
2026-08-05T17:58:20Z,263,42 28 45 73 4 53 10 59 32 36 54 64 51 24 49 25 17 16 46 7,evens,regular,2
2026-08-05T18:01:00Z,264,68 75 80 77 40 62 16 25 34 22 24 51 38 61 74 23 55 59 8 17,evens,regular,1
2026-08-05T18:03:40Z,265,65 57 17 14 19 2 22 38 63 58 75 64 73 40 36 4 23 3 31 32,heads,regular,1
2026-08-05T18:06:20Z,266,47 30 80 74 51 57 17 18 75 64 69 66 71 23 6 35 68 61 1 28,tails,regular,2
2026-08-05T18:09:00Z,267,68 3 2 39 59 80 8 54 78 21 71 69 40 61 58 48 29 20 33 66,tails,minor,1
2026-08-05T18:11:40Z,268,4 43 9 25 31 73 17 10 70 38 47 50 62 26 3 15 7 58 56 64,heads,regular,1
2026-08-05T18:14:20Z,269,20 76 31 41 17 46 80 77 43 65 6 33 78 23 57 59 36 66 14 75,tails,regular,1
2026-08-05T18:17:00Z,270,47 56 41 1 64 22 12 35 18 59 20 68 46 36 49 63 65 24 78 57,tails,regular,1
2026-08-05T18:19:40Z,271,13 23 6 21 48 79 65 59 35 39 77 32 4 80 1 43 55 56 34 40,heads,regular,2
2026-08-05T18:22:20Z,272,10 1 71 49 75 51 2 3 36 43 39 28 59 19 21 47 74 70 53 44,tails,regular,2
2026-08-05T18:25:00Z,273,55 67 27 50 58 68 14 79 65 61 80 56 35 53 25 39 3 37 72 44,tails,regular,10
2026-08-05T18:27:40Z,274,62 14 66 55 26 57 18 78 75 22 11 1 74 37 49 69 45 25 73 23,tails,regular,2
2026-08-05T18:30:20Z,275,18 4 60 61 66 10 11 73 27 77 15 9 55 75 49 40 79 26 37 56,evens,major,4
2026-08-05T18:33:00Z,276,29 35 28 16 58 52 60 1 55 12 31 11 5 20 62 69 53 26 41 14,heads,regular,1
2026-08-05T18:35:40Z,277,51 14 55 31 53 76 26 79 43 66 44 10 45 19 41 71 48 25 56 40,tails,major,1
2026-08-05T18:38:20Z,278,47 35 67 78 71 50 30 80 22 65 17 55 79 72 56 20 2 8 13 7,tails,minor,1
2026-08-05T18:41:00Z,279,4 44 55 19 10 74 18 45 69 47 40 46 6 15 41 30 39 35 58 60,evens,regular,1
2026-08-05T18:43:40Z,280,10 43 72 13 80 65 47 7 70 45 21 56 60 19 74 32 9 76 1 33,tails,regular,3
2026-08-05T18:46:20Z,281,20 46 67 77 17 62 18 52 69 65 38 14 57 61 41 72 40 45 13 6,tails,regular,2
2026-08-05T18:49:00Z,282,80 63 27 8 18 67 26 28 11 53 6 7 25 33 2 62 24 79 59 15,heads,regular,1
2026-08-05T18:51:40Z,283,32 13 70 59 36 16 38 39 75 10 41 54 58 74 12 4 1 78 27 56,heads,minor,1
2026-08-05T18:54:20Z,284,63 26 80 45 13 79 40 8 39 66 41 14 52 17 54 7 21 1 10 68,heads,regular,3
2026-08-05T18:57:00Z,285,56 58 47 77 14 55 76 36 17 78 16 44 29 2 59 51 31 67 40 33,tails,minor,3
2026-08-05T18:59:40Z,286,65 59 20 38 79 62 63 26 68 53 45 47 48 71 33 27 55 72 15 44,tails,regular,1
2026-08-05T19:02:20Z,287,12 64 16 70 23 46 45 31 75 80 8 50 36 21 28 25 57 74 18 20,heads,regular,3
2026-08-05T19:05:00Z,288,17 79 80 14 15 64 42 62 44 32 56 75 53 22 8 78 9 66 13 71,tails,regular,2
2026-08-05T19:07:40Z,289,60 31 16 1 20 45 79 33 72 28 48 14 9 40 62 59 80 29 35 43,heads,regular,3
2026-08-05T19:10:20Z,290,35 70 21 47 53 72 76 7 77 11 33 25 51 31 48 66 17 24 43 63,tails,regular,3
2026-08-05T19:13:00Z,291,30 60 6 49 26 78 18 57 4 67 21 42 37 48 62 13 2 12 75 55,evens,regular,1
2026-08-05T19:15:40Z,292,50 18 17 19 77 25 60 34 35 40 38 51 28 30 49 8 5 23 39 13,heads,major,1
2026-08-05T19:18:20Z,293,21 68 24 50 52 75 19 56 65 20 12 40 5 29 79 8 35 14 2 46,heads,regular,3
2026-08-05T19:21:00Z,294,69 12 66 43 20 5 59 53 26 68 27 38 6 42 4 75 25 44 10 79,evens,regular,2
2026-08-05T19:23:40Z,295,71 42 7 65 41 77 43 20 49 50 79 29 32 10 39 25 4 31 18 52,evens,minor,2
2026-08-05T19:26:20Z,296,47 68 53 26 61 4 73 32 27 75 57 80 35 48 50 40 54 66 41 21,tails,minor,3
2026-08-05T19:29:00Z,297,69 13 70 64 46 20 23 33 16 55 66 12 58 3 40 71 5 77 79 59,tails,regular,1
2026-08-05T19:31:40Z,298,73 74 20 70 2 24 39 59 53 54 28 52 49 1 68 72 50 33 34 13,tails,minor,2
2026-08-05T19:34:20Z,299,62 55 46 45 13 31 54 73 59 80 68 24 10 77 42 25 57 15 76 38,tails,regular,3
2026-08-05T19:37:00Z,300,24 61 20 52 57 39 71 36 19 64 43 40 65 70 44 9 45 59 69 28,tails,regular,5
2026-08-05T19:39:40Z,301,40 80 14 46 12 48 33 74 23 37 51 38 62 25 35 58 4 1 9 52,heads,minor,2
2026-08-05T19:42:20Z,302,24 19 34 52 1 17 14 40 50 8 29 21 64 22 16 51 11 54 12 62,heads,minor,2
2026-08-05T19:45:00Z,303,8 49 56 71 4 26 77 13 2 53 15 59 24 12 32 10 22 21 34 36,heads,regular,3
2026-08-05T19:47:40Z,304,61 60 49 20 62 8 45 36 9 37 18 59 64 33 67 77 48 27 78 44,tails,regular,1
2026-08-05T19:50:20Z,305,12 25 80 69 2 35 14 29 63 51 21 57 1 76 28 20 3 4 33 48,heads,regular,1
2026-08-05T19:53:00Z,306,53 11 46 72 24 18 8 10 45 29 57 6 1 36 44 52 22 51 16 27,heads,regular,1
2026-08-05T19:55:40Z,307,14 75 27 78 70 37 29 67 80 47 46 31 62 32 28 44 69 52 22 25,tails,major,2
2026-08-05T19:58:20Z,308,52 30 32 11 39 9 29 6 73 22 75 38 68 41 19 70 27 16 51 25,heads,regular,1
2026-08-05T20:01:00Z,309,20 24 33 71 74 51 64 12 49 2 65 8 34 53 66 25 69 26 79 45,tails,regular,3
2026-08-05T20:03:40Z,310,20 69 1 47 79 11 65 43 61 40 5 33 51 31 64 23 27 19 50 46,evens,major,1
2026-08-05T20:06:20Z,311,69 47 30 5 26 56 77 52 60 15 31 62 33 50 9 2 1 28 75 22,heads,regular,3
2026-08-05T20:09:00Z,312,79 31 22 26 45 78 43 40 1 16 48 62 75 41 23 65 61 28 8 52,tails,minor,2
2026-08-05T20:11:40Z,313,49 34 9 39 17 62 53 18 6 65 2 47 54 3 67 76 16 40 51 26,heads,regular,2
2026-08-05T20:14:20Z,314,69 2 34 23 16 5 41 29 35 31 54 48 37 57 28 43 26 12 50 75,heads,regular,1
2026-08-05T20:17:00Z,315,3 30 56 42 25 29 70 26 74 40 23 49 72 75 9 43 8 67 10 33,heads,minor,2
2026-08-05T20:19:40Z,316,27 42 17 55 9 77 38 59 64 45 47 21 15 14 68 12 80 22 19 20,heads,minor,1
2026-08-05T20:22:20Z,317,42 12 77 68 15 75 16 52 66 10 24 50 73 4 27 40 1 64 2 43,evens,regular,3
2026-08-05T20:25:00Z,318,19 14 7 4 26 20 32 39 50 56 11 58 3 53 13 18 30 27 80 5,heads,regular,3
2026-08-05T20:27:40Z,319,32 67 19 27 61 10 46 60 44 58 68 79 35 8 80 1 21 77 78 36,tails,minor,1
2026-08-05T20:30:20Z,320,42 66 69 1 28 8 53 47 24 4 7 11 51 6 31 18 61 29 75 50,heads,regular,1
2026-08-05T20:33:00Z,321,34 53 62 60 73 8 61 47 22 68 36 31 50 59 79 16 75 39 4 43,tails,regular,3
2026-08-05T20:35:40Z,322,4 50 53 48 77 60 15 72 47 75 17 45 46 27 69 44 54 3 7 16,tails,minor,3
2026-08-05T20:38:20Z,323,57 46 49 47 38 73 18 7 21 71 59 50 58 9 54 29 31 28 17 20,evens,regular,5
2026-08-05T20:41:00Z,324,28 59 49 58 30 5 54 26 17 12 36 38 61 80 34 44 68 48 52 71,tails,regular,3
2026-08-05T20:43:40Z,325,62 25 38 34 7 40 68 9 74 37 53 16 61 5 15 48 65 63 31 70,heads,regular,3
2026-08-05T20:46:20Z,326,56 44 51 57 58 14 15 19 16 6 74 33 13 69 64 60 30 76 71 4,tails,major,4
2026-08-05T20:49:00Z,327,1 17 9 40 62 15 19 73 38 53 36 44 16 76 56 67 29 47 75 3,heads,regular,2
2026-08-05T20:51:40Z,328,36 58 42 43 79 56 55 24 70 76 32 65 27 59 26 22 1 3 39 67,tails,regular,2
2026-08-05T20:54:20Z,329,8 12 28 68 64 41 29 21 63 44 30 19 3 11 22 17 35 27 31 13,heads,regular,3
2026-08-05T20:57:00Z,330,8 58 33 60 26 3 47 67 48 57 62 77 75 15 39 28 43 42 70 10,tails,minor,2
2026-08-05T20:59:40Z,331,33 54 68 60 12 4 13 7 21 61 3 28 30 25 22 50 1 65 58 10,heads,minor,3
2026-08-05T21:02:20Z,332,69 68 53 66 12 50 70 55 33 44 80 35 48 11 72 38 58 78 46 25,tails,regular,1
2026-08-05T21:05:00Z,333,80 15 12 5 24 18 61 7 70 30 25 20 43 36 42 28 13 75 14 64,heads,minor,1
2026-08-05T21:07:40Z,334,57 76 2 73 55 36 61 16 75 77 71 80 42 17 8 31 63 72 47 78,tails,major,1
2026-08-05T21:10:20Z,335,17 25 70 76 74 24 32 45 14 20 58 5 38 65 35 43 73 51 28 30,heads,minor,10
2026-08-05T21:13:00Z,336,24 1 56 62 30 72 2 47 31 69 41 39 3 58 20 8 49 55 27 18,heads,regular,3
2026-08-05T21:15:40Z,337,56 29 77 78 51 21 53 35 71 67 76 58 14 60 20 75 2 17 33 12,tails,regular,1
2026-08-05T21:18:20Z,338,61 80 17 60 35 37 67 75 62 43 66 74 52 65 33 25 5 54 72 58,tails,regular,1
2026-08-05T21:21:00Z,339,40 46 12 32 26 75 20 65 77 18 54 10 61 22 59 62 8 51 57 4,evens,regular,3
2026-08-05T21:23:40Z,340,54 20 76 74 25 66 33 6 59 68 14 23 64 61 69 78 34 53 26 51,tails,regular,1
2026-08-05T21:26:20Z,341,5 49 61 17 32 42 3 38 6 63 11 13 40 69 4 62 51 26 28 44,heads,minor,1
2026-08-05T21:29:00Z,342,31 22 15 35 62 43 14 57 44 10 41 11 64 7 17 63 65 55 68 32,evens,regular,3
2026-08-05T21:31:40Z,343,80 65 33 15 31 53 12 64 74 57 42 7 47 25 1 18 63 38 36 77,evens,regular,4
2026-08-05T21:34:20Z,344,32 30 42 24 6 33 51 52 46 56 79 41 27 4 48 8 43 62 70 19,tails,regular,1
2026-08-05T21:37:00Z,345,30 27 46 53 16 56 11 23 26 70 45 14 21 61 35 13 57 10 76 9,heads,regular,5
2026-08-05T21:39:40Z,346,37 62 78 41 75 6 43 7 79 39 69 28 3 31 56 46 61 48 4 25,tails,regular,4
2026-08-05T21:42:20Z,347,80 19 1 69 29 79 30 41 25 74 22 15 52 77 53 65 67 44 18 70,tails,regular,2
2026-08-05T21:45:00Z,348,30 25 40 24 13 64 34 16 7 23 71 68 80 49 61 75 48 74 67 79,tails,regular,2
2026-08-05T21:47:40Z,349,16 13 12 4 65 1 28 51 7 8 60 44 38 11 25 34 45 67 21 35,heads,regular,2
2026-08-05T21:50:20Z,350,58 45 1 8 13 26 20 14 79 43 68 3 9 75 41 32 19 23 18 65,heads,regular,3
2026-08-05T21:53:00Z,351,24 52 10 46 42 3 35 61 43 34 59 17 33 37 2 31 56 68 41 74,evens,regular,1
2026-08-05T21:55:40Z,352,66 55 20 14 7 79 25 26 53 34 41 57 72 43 46 52 31 74 51 28,tails,minor,1
2026-08-05T21:58:20Z,353,23 45 59 6 32 20 28 16 68 11 48 42 15 24 58 2 47 39 1 10,heads,regular,3
2026-08-05T22:01:00Z,354,19 50 4 72 46 80 7 34 17 11 8 22 43 73 62 1 6 24 74 55,heads,regular,1
2026-08-05T22:03:40Z,355,48 16 69 76 67 9 36 54 46 41 19 25 50 12 11 79 63 14 47 38,tails,regular,1
2026-08-05T22:06:20Z,356,57 58 34 29 53 4 14 50 54 60 69 62 12 38 61 28 41 79 63 74,tails,minor,2
2026-08-05T22:09:00Z,357,44 24 16 52 2 50 53 60 5 72 55 48 20 12 79 14 65 43 57 25,tails,regular,3
2026-08-05T22:11:40Z,358,35 11 4 74 2 21 24 75 20 34 18 38 47 10 9 71 5 42 50 29,heads,minor,3
2026-08-05T22:14:20Z,359,68 80 32 20 3 41 55 50 9 72 70 42 74 36 54 58 28 19 71 57,tails,regular,1
2026-08-05T22:17:00Z,360,32 70 51 36 40 16 54 38 2 42 55 23 74 75 12 57 58 15 37 1,heads,major,1
2026-08-05T22:19:40Z,361,49 46 74 28 12 66 76 70 47 43 58 42 4 35 50 18 77 75 73 15,tails,minor,3
2026-08-05T22:22:20Z,362,52 77 78 65 62 11 44 25 63 35 80 26 61 23 40 42 51 66 14 38,tails,major,3
2026-08-05T22:25:00Z,363,13 44 51 66 53 62 46 9 11 65 14 48 74 8 54 33 26 67 15 79,tails,regular,4
2026-08-05T22:27:40Z,364,25 23 46 38 60 58 21 79 49 12 40 65 14 77 19 59 2 70 80 44,tails,regular,3
2026-08-05T22:30:20Z,365,10 66 6 36 8 24 22 72 63 69 13 51 14 60 58 11 65 3 71 37,heads,regular,1
2026-08-05T22:33:00Z,366,4 43 60 66 1 79 64 48 73 32 9 52 14 26 57 37 62 11 12 55,tails,minor,10
2026-08-05T22:35:40Z,367,80 75 66 72 34 18 12 64 40 76 46 17 68 36 32 70 74 48 23 16,tails,regular,1
2026-08-05T22:38:20Z,368,21 16 27 5 26 49 17 70 14 42 32 38 36 35 79 58 64 65 50 20,heads,major,2
2026-08-05T22:41:00Z,369,3 57 67 14 48 40 63 27 26 61 42 47 66 34 30 70 28 62 19 22,evens,minor,3
2026-08-05T22:43:40Z,370,50 3 73 54 25 40 69 24 45 22 4 46 10 68 11 1 63 62 5 19,heads,regular,1
2026-08-05T22:46:20Z,371,25 26 1 77 6 42 27 49 12 63 30 80 13 19 66 14 16 54 51 68,heads,minor,3
2026-08-05T22:49:00Z,372,39 62 51 14 64 43 29 44 78 48 68 8 20 76 30 70 79 75 28 4,tails,regular,2
2026-08-05T22:51:40Z,373,54 41 14 64 44 57 59 58 72 34 9 15 80 40 63 20 12 7 37 8,evens,major,1
2026-08-05T22:54:20Z,374,1 26 49 72 51 23 29 20 21 56 22 13 27 46 79 73 41 52 77 8,evens,regular,1
2026-08-05T22:57:00Z,375,34 8 4 46 12 41 74 56 54 1 16 77 3 28 63 51 48 13 70 61,tails,minor,2
2026-08-05T22:59:40Z,376,58 35 26 37 40 28 23 38 16 57 49 21 1 47 51 62 15 30 42 29,heads,regular,5
2026-08-05T23:02:20Z,377,39 60 34 32 45 6 71 55 67 59 79 64 51 40 13 41 25 15 50 80,tails,regular,1
2026-08-05T23:05:00Z,378,19 57 18 38 32 73 14 51 69 16 55 45 35 15 36 9 74 78 21 1,heads,regular,3
2026-08-05T23:07:40Z,379,79 75 49 64 78 38 34 43 1 12 77 8 20 29 55 47 32 28 45 52,tails,regular,1
2026-08-05T23:10:20Z,380,46 15 43 44 2 68 12 73 36 53 75 31 10 24 42 71 39 37 3 35,heads,regular,1
2026-08-05T23:13:00Z,381,4 11 73 26 60 78 18 56 36 80 61 59 79 72 37 19 15 12 25 43,evens,regular,2
2026-08-05T23:15:40Z,382,22 43 9 4 69 34 67 14 32 3 40 62 18 30 35 6 23 79 11 80,heads,regular,1
2026-08-05T23:18:20Z,383,59 77 32 65 57 76 4 27 3 46 37 2 39 26 55 68 47 53 9 69,tails,major,4
2026-08-05T23:21:00Z,384,47 42 76 37 45 79 3 25 46 9 35 62 34 68 63 11 55 24 7 12,evens,regular,2
2026-08-05T23:23:40Z,385,64 10 21 23 66 8 4 62 40 34 3 45 14 27 7 32 71 75 30 33,heads,regular,1
2026-08-05T23:26:20Z,386,32 16 33 40 80 23 73 35 19 75 74 54 1 58 31 10 14 11 22 5,heads,minor,1
2026-08-05T23:29:00Z,387,67 48 51 28 70 22 64 59 52 36 4 78 27 61 26 68 45 32 19 54,tails,major,1
2026-08-05T23:31:40Z,388,80 17 8 59 65 21 11 15 66 39 53 37 14 75 13 20 56 30 36 74,heads,regular,1
2026-08-05T23:34:20Z,389,25 30 28 65 24 27 60 52 77 31 33 74 44 75 37 1 41 2 18 16,heads,minor,2
2026-08-05T23:37:00Z,390,76 79 59 2 3 11 68 60 28 57 40 65 30 52 29 13 72 51 19 8,evens,regular,2
2026-08-05T23:39:40Z,391,50 73 8 79 69 56 72 11 26 71 47 12 30 46 67 33 74 25 5 68,tails,regular,1
2026-08-05T23:42:20Z,392,64 6 57 78 36 49 7 23 2 56 46 50 33 44 75 70 71 69 14 37,tails,regular,1
2026-08-05T23:45:00Z,393,31 69 34 20 59 12 80 52 21 65 78 8 4 19 74 63 14 29 62 43,evens,regular,1
2026-08-05T23:47:40Z,394,31 37 45 53 16 78 7 4 33 76 79 29 46 24 58 25 69 19 40 28,heads,regular,1
2026-08-05T23:50:20Z,395,42 18 43 61 77 78 5 25 27 35 24 49 7 52 65 37 80 50 73 79,tails,regular,10
2026-08-05T23:53:00Z,396,60 41 79 30 10 32 14 75 71 68 54 56 12 80 51 20 76 72 11 74,tails,regular,2
2026-08-05T23:55:40Z,397,66 47 30 23 49 76 37 59 75 80 22 31 12 24 20 28 26 43 71 48,evens,regular,3
2026-08-05T23:58:20Z,398,71 26 20 50 43 23 16 11 27 45 22 67 25 32 48 9 60 3 24 44,heads,regular,1
2026-08-06T00:01:00Z,399,78 42 31 73 45 67 58 80 19 24 63 51 3 79 76 48 54 61 60 21,tails,minor,1
2026-08-06T00:03:40Z,400,31 16 50 29 14 71 3 76 63 28 43 5 67 22 34 26 20 69 8 68,heads,major,1
2026-08-06T00:06:20Z,401,31 68 62 11 25 28 76 66 48 39 74 72 27 24 20 30 18 60 54 40,heads,regular,1
2026-08-06T00:09:00Z,402,18 25 1 2 40 16 51 15 20 30 31 4 73 41 43 9 23 35 67 32,heads,regular,3
2026-08-06T00:11:40Z,403,74 52 11 31 65 6 68 48 32 45 55 13 28 40 46 29 25 59 56 77,tails,regular,2
2026-08-06T00:14:20Z,404,69 9 26 4 62 55 59 52 67 44 66 6 21 48 71 27 28 76 15 46,tails,major,4
2026-08-06T00:17:00Z,405,77 46 24 12 67 69 3 48 79 66 10 52 70 38 21 22 63 7 31 2,evens,regular,1
2026-08-06T00:19:40Z,406,51 3 56 43 35 80 52 77 71 48 64 23 49 57 61 17 6 60 68 38,tails,regular,2
2026-08-06T00:22:20Z,407,66 46 20 34 42 22 54 36 31 71 62 4 18 47 79 8 56 38 53 26,evens,regular,1
2026-08-06T00:25:00Z,408,21 45 61 12 14 15 44 37 77 27 31 35 16 25 58 64 23 53 22 1,heads,regular,1
2026-08-06T00:27:40Z,409,2 39 80 37 25 66 71 19 51 27 41 31 52 72 13 14 55 47 70 21,evens,regular,3
2026-08-06T00:30:20Z,410,69 33 44 12 1 67 18 24 20 72 9 70 46 2 59 11 57 49 25 55,evens,major,1
2026-08-06T00:33:00Z,411,4 29 16 43 70 79 19 80 74 40 75 68 54 71 33 47 6 67 66 72,tails,regular,1
2026-08-06T00:35:40Z,412,68 50 48 79 27 54 71 64 3 46 31 43 29 30 19 38 74 77 15 5,tails,minor,2
2026-08-06T00:38:20Z,413,80 49 42 1 20 62 54 67 76 18 50 8 21 41 17 58 26 27 29 64,tails,regular,2
2026-08-06T00:41:00Z,414,59 57 32 14 29 60 30 13 12 66 23 16 37 7 26 79 68 43 52 40,heads,minor,3
2026-08-06T00:43:40Z,415,31 3 52 8 35 1 26 50 73 67 47 42 2 20 46 15 9 53 14 59,heads,regular,1
2026-08-06T00:46:20Z,416,72 50 39 28 24 10 54 67 38 2 14 26 15 1 22 34 27 19 65 69,heads,minor,1
2026-08-06T00:49:00Z,417,21 41 79 62 50 36 9 4 13 10 72 75 48 61 59 20 77 7 6 49,tails,regular,3
2026-08-06T00:51:40Z,418,52 60 5 42 27 29 43 78 35 36 16 23 30 12 68 58 28 71 54 9,heads,regular,2
2026-08-06T00:54:20Z,419,22 39 15 10 16 61 45 11 34 38 3 28 31 65 72 5 2 19 66 26,heads,regular,2
2026-08-06T00:57:00Z,420,66 23 11 47 21 58 59 24 78 29 71 77 2 56 60 8 46 14 44 62,tails,minor,3
2026-08-06T00:59:40Z,421,11 43 12 44 53 42 41 29 72 45 80 68 24 49 52 4 75 58 48 66,tails,minor,3
2026-08-06T01:02:20Z,422,6 18 52 54 49 9 32 8 35 50 36 27 78 55 77 46 79 13 76 38,evens,regular,4
2026-08-06T01:05:00Z,423,80 33 60 65 77 44 26 39 1 34 47 48 10 64 3 7 58 22 46 43,tails,regular,1
2026-08-06T01:07:40Z,424,58 74 6 75 30 73 76 1 57 5 35 2 23 71 12 61 51 19 70 43,tails,regular,10
2026-08-06T01:10:20Z,425,67 55 64 63 79 8 62 40 35 56 77 76 59 37 80 5 58 16 20 23,tails,regular,1
2026-08-06T01:13:00Z,426,56 59 22 34 70 7 65 15 75 64 31 73 47 45 18 28 67 33 36 14,evens,regular,3
2026-08-06T01:15:40Z,427,63 8 35 40 59 45 73 68 10 30 66 46 21 32 31 41 2 80 13 7,heads,regular,3
2026-08-06T01:18:20Z,428,19 56 7 39 30 78 12 44 20 26 3 55 46 72 28 67 79 58 16 73,evens,regular,1
2026-08-06T01:21:00Z,429,36 56 37 72 47 11 13 40 2 4 73 58 51 6 14 32 64 31 80 49,heads,regular,2
2026-08-06T01:23:40Z,430,79 58 17 59 69 31 73 1 23 64 36 11 77 10 14 33 32 47 5 19,heads,regular,4
2026-08-06T01:26:20Z,431,7 47 10 29 21 19 2 33 62 9 4 52 54 65 69 24 67 76 43 56,evens,regular,2
2026-08-06T01:29:00Z,432,71 4 64 33 34 14 2 73 63 11 70 27 43 53 74 39 26 32 51 19,heads,regular,2
2026-08-06T01:31:40Z,433,41 79 16 69 26 18 34 58 19 65 27 2 73 3 52 76 6 1 62 68,evens,regular,2
2026-08-06T01:34:20Z,434,71 67 33 22 63 26 58 29 20 39 46 14 52 13 66 19 72 69 75 10,evens,regular,2
2026-08-06T01:37:00Z,435,2 78 61 36 31 40 27 53 30 46 6 19 42 51 64 74 18 3 50 49,evens,regular,2
2026-08-06T01:39:40Z,436,51 22 42 28 8 59 7 46 30 71 62 33 23 15 21 19 75 78 80 14,heads,minor,2
2026-08-06T01:42:20Z,437,71 45 65 44 39 64 21 34 30 14 8 61 23 2 79 38 67 24 62 20,heads,minor,2
2026-08-06T01:45:00Z,438,71 64 68 67 63 37 16 26 12 7 58 14 15 57 46 27 2 3 45 49,evens,regular,1
2026-08-06T01:47:40Z,439,55 31 7 29 45 67 44 53 20 63 15 41 51 12 3 21 79 48 9 60,tails,regular,2
2026-08-06T01:50:20Z,440,18 51 78 48 4 20 49 77 24 70 10 36 45 38 59 34 74 80 22 61,tails,minor,2
2026-08-06T01:53:00Z,441,38 43 62 65 1 59 2 5 19 30 71 15 31 4 22 25 60 80 39 54,heads,major,1
2026-08-06T01:55:40Z,442,8 13 37 44 53 43 38 21 1 77 20 78 76 24 69 26 61 51 35 73,evens,major,4
2026-08-06T01:58:20Z,443,56 26 27 10 53 68 9 48 63 62 24 47 29 44 32 31 12 79 39 52,evens,minor,2
2026-08-06T02:01:00Z,444,3 53 40 63 57 42 37 75 55 7 43 59 1 79 29 45 39 61 21 52,tails,regular,1
2026-08-06T02:03:40Z,445,64 73 63 61 55 22 43 49 31 74 35 46 1 33 27 45 67 62 38 51,tails,minor,2
2026-08-06T02:06:20Z,446,75 47 27 80 5 61 55 65 29 67 73 12 70 32 62 52 68 23 4 54,tails,minor,2
2026-08-06T02:09:00Z,447,74 65 10 32 53 7 20 15 45 69 55 76 64 29 17 47 70 60 34 11,tails,minor,1
2026-08-06T02:11:40Z,448,39 60 48 18 69 42 5 75 77 4 26 35 25 57 19 54 46 52 70 44,tails,minor,2
2026-08-06T02:14:20Z,449,4 47 51 6 3 57 61 73 37 36 20 33 19 30 8 53 24 1 58 15,heads,regular,1
2026-08-06T02:17:00Z,450,43 69 45 74 4 28 42 78 7 1 75 30 17 58 31 44 24 73 19 39,evens,regular,2
2026-08-06T02:19:40Z,451,32 14 15 77 28 54 23 39 11 65 10 44 1 6 43 57 45 33 60 69,heads,regular,3
2026-08-06T02:22:20Z,452,72 80 22 44 70 19 20 47 18 16 34 60 26 40 58 64 9 2 17 73,heads,regular,2
2026-08-06T02:25:00Z,453,71 52 73 24 2 49 14 43 12 4 46 60 19 65 28 16 70 51 27 68,tails,regular,3
2026-08-06T02:27:40Z,454,49 33 55 52 70 34 18 42 32 63 14 10 53 78 65 72 1 8 51 36,tails,regular,2
2026-08-06T02:30:20Z,455,70 65 5 61 55 66 80 37 52 73 17 60 21 25 4 42 49 15 75 29,tails,regular,1
2026-08-06T02:33:00Z,456,30 66 74 7 20 33 35 19 64 65 28 59 56 37 62 41 34 70 21 43,evens,regular,2
2026-08-06T02:35:40Z,457,7 14 65 53 66 26 68 58 19 55 22 61 33 15 4 3 76 44 20 11,heads,regular,3
2026-08-06T02:38:20Z,458,10 1 9 24 32 71 69 7 52 76 45 54 47 26 21 34 14 16 11 8,heads,regular,2
2026-08-06T02:41:00Z,459,46 18 25 8 5 69 74 12 37 44 23 57 58 54 21 24 15 77 60 27,heads,regular,5
2026-08-06T02:43:40Z,460,71 14 63 6 13 55 1 21 31 5 34 30 67 59 69 20 62 19 76 75,heads,regular,2
2026-08-06T02:46:20Z,461,36 77 54 44 72 7 45 27 50 25 11 16 8 69 62 75 67 48 29 74,tails,regular,2
2026-08-06T02:49:00Z,462,16 10 53 60 20 12 29 52 9 48 76 25 5 38 28 59 2 73 46 64,heads,major,1
2026-08-06T02:51:40Z,463,72 20 3 34 79 7 60 14 16 63 35 49 48 51 47 10 67 62 11 15,evens,minor,3
2026-08-06T02:54:20Z,464,11 35 41 68 30 55 12 6 49 63 44 80 48 5 62 61 33 36 60 4,tails,regular,2
2026-08-06T02:57:00Z,465,18 43 42 28 44 78 64 58 12 48 61 17 53 49 75 59 25 23 20 60,tails,minor,1
2026-08-06T02:59:40Z,466,58 44 23 15 42 26 74 69 40 27 55 32 7 60 54 39 52 30 12 36,heads,regular,2
2026-08-06T03:02:20Z,467,37 18 69 49 34 62 40 16 21 29 25 33 50 9 74 26 32 4 59 44,heads,regular,2
2026-08-06T03:05:00Z,468,73 74 18 26 15 48 36 61 14 39 32 47 66 1 2 13 27 78 76 11,heads,regular,3
2026-08-06T03:07:40Z,469,5 47 19 36 23 54 42 72 51 27 59 2 71 77 44 12 20 69 75 80,tails,regular,2
2026-08-06T03:10:20Z,470,31 42 16 41 76 12 23 29 36 69 77 20 70 10 37 27 61 59 43 4,heads,regular,1
2026-08-06T03:13:00Z,471,2 64 45 22 38 44 1 69 35 68 65 47 30 40 7 61 66 32 76 5,evens,regular,2
2026-08-06T03:15:40Z,472,28 36 73 62 18 68 9 44 63 1 2 50 42 34 39 54 32 78 29 56,evens,regular,1
2026-08-06T03:18:20Z,473,9 26 50 33 78 12 69 7 48 75 68 45 16 8 1 71 63 20 2 49,evens,regular,3
2026-08-06T03:21:00Z,474,53 43 50 56 5 59 7 60 30 14 80 42 6 20 32 71 39 34 66 10,evens,regular,2
2026-08-06T03:23:40Z,475,44 41 23 18 51 19 15 56 55 27 11 10 48 35 2 79 36 29 30 78,heads,regular,3
2026-08-06T03:26:20Z,476,73 1 19 9 52 44 47 26 79 30 64 77 23 6 34 68 67 61 25 38,evens,regular,2
2026-08-06T03:29:00Z,477,77 68 59 66 10 15 62 36 14 45 37 1 70 16 17 39 5 30 41 61,heads,minor,4
2026-08-06T03:31:40Z,478,39 27 49 67 13 25 35 55 78 4 12 61 65 22 62 75 8 71 41 80,tails,minor,2
2026-08-06T03:34:20Z,479,12 39 64 65 54 58 49 27 4 29 22 2 19 67 52 37 44 40 60 25,heads,minor,4
2026-08-06T03:37:00Z,480,65 51 63 73 60 78 58 21 43 70 24 64 54 40 62 19 41 66 48 30,tails,regular,3
2026-08-06T03:39:40Z,481,8 79 80 75 4 77 16 47 38 46 48 68 55 70 31 10 17 35 34 22,evens,regular,2
2026-08-06T03:42:20Z,482,20 47 36 24 3 11 75 68 27 38 49 42 58 8 79 57 69 18 48 4,evens,minor,2
2026-08-06T03:45:00Z,483,36 75 28 64 21 16 7 38 23 35 71 48 8 3 66 18 72 62 42 15,heads,minor,3
2026-08-06T03:47:40Z,484,63 67 74 64 30 39 33 60 47 79 21 56 12 58 71 18 42 27 46 76,tails,regular,2
2026-08-06T03:50:20Z,485,56 75 10 71 60 55 29 69 76 40 50 8 49 33 65 34 48 20 4 25,tails,minor,1
2026-08-06T03:53:00Z,486,45 38 73 26 28 55 9 43 80 18 52 51 78 56 68 33 20 42 4 14,tails,regular,3
2026-08-06T03:55:40Z,487,17 56 69 44 61 79 75 20 73 59 30 1 47 31 27 4 14 7 49 23,evens,regular,1
2026-08-06T03:58:20Z,488,22 13 52 38 17 30 24 28 46 40 70 34 39 33 63 16 72 19 21 64,heads,regular,1
2026-08-06T04:01:00Z,489,14 2 68 38 27 1 53 15 55 72 67 59 78 35 57 23 18 16 79 74,evens,major,4
2026-08-06T04:03:40Z,490,30 7 51 17 29 80 34 40 32 26 74 20 54 18 67 59 38 73 22 42,heads,regular,1
2026-08-06T04:06:20Z,491,16 53 38 67 4 32 40 72 69 55 57 26 9 29 31 19 39 77 71 79,heads,regular,1
2026-08-06T04:09:00Z,492,9 26 62 24 42 63 54 72 34 1 50 32 7 45 33 18 36 74 61 39,heads,regular,5
2026-08-06T04:11:40Z,493,58 71 72 62 5 70 55 14 54 9 40 74 51 78 12 20 7 18 75 11,tails,minor,3
2026-08-06T04:14:20Z,494,29 57 54 68 75 30 56 77 46 65 9 72 55 35 79 14 33 61 16 20,tails,regular,1
2026-08-06T04:17:00Z,495,50 44 19 41 68 22 49 6 4 43 33 25 69 57 21 52 11 77 80 16,tails,minor,3
2026-08-06T04:19:40Z,496,79 56 54 29 34 10 27 14 24 57 66 70 74 18 37 51 8 52 32 1,heads,minor,1
2026-08-06T04:22:20Z,497,46 29 73 72 23 61 13 41 67 14 44 54 9 55 68 4 24 62 6 33,tails,regular,2
2026-08-06T04:25:00Z,498,21 51 55 40 43 61 33 9 6 4 52 2 3 19 79 56 47 20 58 65,evens,minor,2
2026-08-06T04:27:40Z,499,68 39 54 71 8 13 49 28 20 65 2 75 67 80 12 4 5 66 53 6,evens,major,1
2026-08-06T04:30:20Z,500,33 16 1 34 73 13 53 38 63 29 9 37 25 65 35 51 17 59 54 75,heads,regular,2
2026-08-06T04:33:00Z,501,56 11 13 8 57 12 36 67 59 28 45 23 47 15 5 25 77 65 73 39,heads,regular,3
2026-08-06T04:35:40Z,502,35 7 78 66 51 29 76 2 69 5 20 58 27 25 37 67 12 54 42 22,heads,regular,5
2026-08-06T04:38:20Z,503,65 18 22 28 3 5 57 64 31 34 14 30 66 13 24 8 21 39 15 25,heads,regular,3
2026-08-06T04:41:00Z,504,59 26 46 20 43 38 41 13 18 6 17 61 14 24 32 48 69 33 65 44,heads,regular,1
2026-08-06T04:43:40Z,505,80 18 13 16 45 56 39 19 59 69 72 6 38 60 4 54 5 30 61 79,evens,minor,10
2026-08-06T04:46:20Z,506,12 65 77 20 3 45 11 40 27 22 38 5 24 31 46 43 25 66 70 32,heads,regular,2
2026-08-06T04:49:00Z,507,41 66 12 47 55 54 35 60 72 18 15 61 10 64 1 16 26 25 38 14,heads,minor,1
2026-08-06T04:51:40Z,508,57 10 33 73 26 7 14 47 23 30 54 5 66 6 65 20 40 34 3 70,heads,major,2
2026-08-06T04:54:20Z,509,66 52 47 75 58 80 61 6 56 19 37 21 23 4 27 38 53 42 29 3,evens,regular,1
2026-08-06T04:57:00Z,510,4 58 39 33 59 61 74 7 5 9 18 38 24 73 14 36 71 40 11 68,heads,minor,2
2026-08-06T04:59:40Z,511,9 26 70 46 12 8 28 80 2 39 64 37 47 49 75 25 20 44 59 68,evens,minor,1
2026-08-06T05:02:20Z,512,55 51 32 15 11 25 5 73 35 2 17 13 33 65 59 53 34 37 14 29,heads,minor,1
2026-08-06T05:05:00Z,513,50 20 23 36 53 19 47 56 3 67 48 34 38 70 22 1 77 45 29 59,evens,regular,1
2026-08-06T05:07:40Z,514,62 32 74 60 70 52 64 12 19 44 46 28 27 33 11 22 47 35 78 25,evens,regular,3
2026-08-06T05:10:20Z,515,70 25 72 43 46 69 17 24 60 61 66 7 57 36 77 27 40 49 20 18,tails,regular,1
2026-08-06T05:13:00Z,516,68 60 49 30 28 79 35 9 18 52 62 65 70 24 2 26 31 14 50 25,heads,regular,1
2026-08-06T05:15:40Z,517,27 16 29 32 48 25 20 66 44 63 77 57 30 15 59 2 49 47 52 9,evens,major,1
2026-08-06T05:18:20Z,518,55 48 53 74 17 5 10 40 80 43 52 45 67 3 51 75 41 13 4 19,tails,regular,2
2026-08-06T05:21:00Z,519,58 42 39 62 24 1 18 46 45 9 47 7 4 72 71 30 74 49 15 61,tails,regular,3
2026-08-06T05:23:40Z,520,77 55 24 4 27 50 34 8 48 38 25 43 28 30 11 21 65 80 16 2,heads,regular,1
2026-08-06T05:26:20Z,521,9 2 71 25 27 35 5 77 54 47 79 10 62 12 1 73 22 68 31 18,heads,regular,1
2026-08-06T05:29:00Z,522,73 4 14 34 10 19 1 38 30 18 60 68 79 49 31 71 63 77 76 26,heads,regular,3
2026-08-06T05:31:40Z,523,5 10 47 20 61 35 26 17 49 30 77 7 74 6 43 18 50 21 53 56,heads,regular,5
2026-08-06T05:34:20Z,524,67 62 18 34 68 70 27 16 75 12 21 13 33 22 48 24 66 42 71 37,heads,minor,3
2026-08-06T05:37:00Z,525,53 37 51 35 36 23 68 14 32 3 21 38 44 20 50 46 74 28 58 73,heads,regular,3
2026-08-06T05:39:40Z,526,3 54 62 12 2 70 7 58 33 46 64 74 78 75 59 68 44 65 27 20,tails,regular,5
2026-08-06T05:42:20Z,527,63 9 42 71 15 51 27 78 26 50 12 33 64 4 13 43 2 41 46 44,tails,regular,2
2026-08-06T05:45:00Z,528,31 4 38 3 15 19 72 1 41 21 33 46 30 17 20 65 35 75 2 44,heads,regular,3
2026-08-06T05:47:40Z,529,62 73 58 78 53 74 79 32 56 30 36 8 5 6 18 7 51 55 77 72,tails,regular,2
2026-08-06T05:50:20Z,530,25 58 20 5 38 36 16 80 27 57 69 52 26 32 59 40 18 8 48 51,heads,regular,1
2026-08-06T05:53:00Z,531,72 52 16 30 44 54 39 62 24 47 49 31 66 18 1 25 32 13 56 71,evens,minor,1
2026-08-06T05:55:40Z,532,8 56 9 28 22 13 21 17 7 52 67 75 71 74 80 36 24 31 73 58,heads,regular,2
2026-08-06T05:58:20Z,533,75 16 48 22 54 52 9 68 34 46 32 23 59 18 1 38 14 35 42 64,heads,regular,3
2026-08-06T06:01:00Z,534,23 68 43 29 48 62 71 56 80 26 40 45 47 17 10 38 53 4 35 2,evens,regular,1
2026-08-06T06:03:40Z,535,68 13 61 62 14 27 57 72 71 31 46 70 41 45 42 1 59 77 80 25,tails,regular,1
2026-08-06T06:06:20Z,536,5 45 55 19 33 42 16 12 8 48 26 4 27 70 9 15 46 32 75 80,heads,minor,3
2026-08-06T06:09:00Z,537,53 64 16 24 21 27 35 69 77 57 48 80 79 43 39 76 3 11 65 68,tails,minor,3
2026-08-06T06:11:40Z,538,50 79 67 45 18 46 40 75 68 16 9 5 1 51 54 49 58 59 47 66,tails,regular,1
2026-08-06T06:14:20Z,539,15 49 10 79 50 38 71 46 51 76 56 21 41 22 47 12 1 14 7 61,tails,major,1
2026-08-06T06:17:00Z,540,70 18 43 27 5 35 64 30 29 48 9 60 77 12 45 75 69 32 19 65,evens,minor,1
2026-08-06T06:19:40Z,541,33 17 68 19 44 13 43 46 8 9 71 37 1 39 5 16 42 58 52 6,heads,regular,2
2026-08-06T06:22:20Z,542,45 76 58 53 2 55 54 17 56 59 22 80 20 38 35 78 60 28 37 33,tails,regular,2
2026-08-06T06:25:00Z,543,11 48 80 63 20 37 73 41 25 13 59 15 4 2 53 28 23 34 45 14,heads,minor,5
2026-08-06T06:27:40Z,544,64 63 59 16 70 11 58 20 48 62 34 25 61 32 65 7 46 10 17 56,tails,regular,3
2026-08-06T06:30:20Z,545,5 35 3 47 18 37 79 28 26 21 19 52 49 25 8 12 9 27 46 11,heads,major,1
2026-08-06T06:33:00Z,546,34 70 26 22 13 15 11 40 30 29 4 6 62 2 69 42 61 32 38 14,heads,major,1
2026-08-06T06:35:40Z,547,78 66 29 36 23 2 34 11 19 75 32 1 52 38 72 58 63 61 13 3,heads,minor,2
2026-08-06T06:38:20Z,548,37 46 1 29 6 10 15 59 11 57 43 69 55 9 17 14 51 53 38 79,heads,regular,5
2026-08-06T06:41:00Z,549,1 17 47 18 59 14 26 79 68 80 62 57 24 75 67 28 70 9 49 35,tails,regular,2
2026-08-06T06:43:40Z,550,60 75 40 68 2 18 46 48 36 33 27 21 71 26 30 28 25 8 59 37,heads,regular,4
2026-08-06T06:46:20Z,551,52 10 74 11 1 50 58 54 3 57 55 35 69 66 65 77 33 29 25 8,tails,minor,1
2026-08-06T06:49:00Z,552,24 57 43 13 8 16 47 5 26 78 19 79 11 65 25 70 34 44 28 37,heads,regular,3
2026-08-06T06:51:40Z,553,15 11 48 16 64 72 38 46 9 20 25 17 69 6 42 54 53 57 52 56,tails,regular,3
2026-08-06T06:54:20Z,554,35 64 69 47 80 73 54 67 10 13 50 6 14 21 42 51 43 56 71 46,tails,regular,1
2026-08-06T06:57:00Z,555,73 78 56 33 19 62 48 16 4 1 72 40 15 49 25 17 18 5 52 13,heads,regular,2
2026-08-06T06:59:40Z,556,79 19 15 5 74 26 54 24 46 29 49 48 44 37 22 33 42 77 9 59,evens,regular,2
2026-08-06T07:02:20Z,557,3 68 65 71 26 13 48 62 8 69 77 59 46 6 17 35 34 36 33 24,heads,regular,1
2026-08-06T07:05:00Z,558,22 68 21 41 66 45 61 39 47 52 73 1 12 62 19 28 72 80 44 64,tails,regular,2
2026-08-06T07:07:40Z,559,77 40 64 30 41 27 23 6 42 1 80 61 60 5 8 26 17 67 54 13,heads,minor,2
2026-08-06T07:10:20Z,560,60 54 50 51 58 40 38 47 56 23 75 74 21 41 12 33 55 44 4 28,tails,regular,2
2026-08-06T07:13:00Z,561,26 43 49 45 76 59 41 32 9 44 73 68 58 6 23 16 5 14 7 66,tails,minor,2
2026-08-06T07:15:40Z,562,25 76 39 58 59 10 5 20 23 55 56 67 33 7 29 72 8 12 27 11,heads,regular,1
2026-08-06T07:18:20Z,563,42 24 76 54 32 4 63 6 59 65 1 74 58 40 73 38 53 56 55 67,tails,minor,2
2026-08-06T07:21:00Z,564,51 1 4 50 68 3 2 36 43 23 8 64 19 76 63 71 21 25 53 34,heads,regular,1
2026-08-06T07:23:40Z,565,39 40 33 18 17 29 7 61 78 9 54 52 51 10 41 8 63 13 59 43,heads,major,1
2026-08-06T07:26:20Z,566,3 39 37 27 12 33 72 22 80 35 63 60 40 78 4 38 13 26 61 15,heads,regular,4
2026-08-06T07:29:00Z,567,56 72 26 17 62 3 13 34 44 51 2 78 38 60 19 53 9 64 79 46,tails,minor,3
2026-08-06T07:31:40Z,568,3 20 72 63 42 23 73 18 25 35 54 45 58 22 7 49 78 79 19 53,tails,regular,4
2026-08-06T07:34:20Z,569,18 77 14 68 22 69 25 64 76 33 9 37 40 16 31 34 30 56 29 44,heads,regular,1
2026-08-06T07:37:00Z,570,6 32 36 51 19 1 41 34 25 9 35 53 17 5 3 44 49 7 37 75,heads,regular,1
2026-08-06T07:39:40Z,571,77 61 29 70 23 64 66 3 8 38 76 78 7 43 28 2 39 49 32 51,evens,minor,2
2026-08-06T07:42:20Z,572,59 72 69 51 48 29 22 62 39 49 40 5 36 17 70 6 73 67 61 2,tails,minor,1
2026-08-06T07:45:00Z,573,5 25 72 36 14 53 8 17 52 46 34 60 32 24 2 56 45 68 74 37,heads,minor,2
2026-08-06T07:47:40Z,574,30 24 15 56 64 55 29 21 74 28 51 65 54 12 58 59 67 9 22 73,tails,regular,1
2026-08-06T07:50:20Z,575,68 53 14 31 42 47 21 25 57 77 41 76 11 16 49 48 12 66 61 59,tails,minor,1
2026-08-06T07:53:00Z,576,2 40 37 5 67 63 17 55 57 74 28 32 41 45 77 9 6 7 31 21,heads,regular,2
2026-08-06T07:55:40Z,577,70 30 46 24 5 79 78 8 54 32 21 71 66 17 9 76 68 64 15 22,evens,regular,1
2026-08-06T07:58:20Z,578,73 79 9 69 54 14 32 76 22 7 1 43 27 41 59 15 65 50 11 5,evens,regular,2
2026-08-06T08:01:00Z,579,22 24 11 32 1 57 79 34 42 70 7 67 53 12 18 56 76 66 49 75,tails,major,4
2026-08-06T08:03:40Z,580,69 52 15 58 1 29 22 65 13 36 41 18 48 38 57 3 17 45 20 39,heads,regular,1
2026-08-06T08:06:20Z,581,19 54 38 13 53 6 8 79 24 31 16 17 58 12 42 41 43 9 51 50,heads,minor,1
2026-08-06T08:09:00Z,582,21 38 10 23 45 14 42 26 19 35 65 3 13 8 15 62 73 52 68 37,heads,regular,1
2026-08-06T08:11:40Z,583,39 45 40 79 18 57 22 52 44 30 43 13 47 7 33 37 20 26 6 75,heads,regular,1
2026-08-06T08:14:20Z,584,79 28 70 51 61 37 72 49 58 25 27 40 24 69 45 71 62 48 5 2,tails,regular,1
2026-08-06T08:17:00Z,585,1 24 22 58 3 68 10 80 75 20 30 5 51 78 21 31 15 16 76 47,heads,regular,2
2026-08-06T08:19:40Z,586,51 42 71 26 17 19 47 1 65 35 44 29 11 39 23 6 45 8 61 78,heads,minor,1
2026-08-06T08:22:20Z,587,51 20 26 54 4 48 40 12 32 66 6 41 57 73 50 60 63 33 37 64,tails,regular,1
2026-08-06T08:25:00Z,588,38 14 3 30 58 70 48 37 35 52 34 50 24 79 15 16 53 5 59 11,heads,regular,2
2026-08-06T08:27:40Z,589,11 52 16 79 14 53 17 65 25 64 41 28 29 43 7 30 15 62 54 1,heads,minor,1
2026-08-06T08:30:20Z,590,65 9 80 35 5 76 27 41 10 20 78 52 21 63 23 68 47 24 69 31,evens,minor,2
2026-08-06T08:33:00Z,591,20 70 65 67 46 49 72 40 31 42 3 79 50 36 66 23 62 5 61 8,tails,minor,1
2026-08-06T08:35:40Z,592,21 40 29 74 41 76 47 33 17 32 30 50 13 72 6 14 44 28 35 55,heads,regular,3
2026-08-06T08:38:20Z,593,39 4 21 62 80 63 18 29 51 59 35 37 76 27 75 33 66 54 45 42,tails,minor,3
2026-08-06T08:41:00Z,594,7 35 76 56 17 12 43 52 72 10 79 51 48 9 53 59 30 13 74 47,tails,regular,2
2026-08-06T08:43:40Z,595,69 21 32 15 52 60 13 59 47 2 58 53 22 66 1 45 54 62 77 19,tails,major,1
2026-08-06T08:46:20Z,596,79 21 74 39 43 35 61 16 23 72 26 14 9 7 12 47 63 77 53 24,heads,regular,2
2026-08-06T08:49:00Z,597,79 6 75 43 77 60 31 51 13 23 22 63 35 47 33 8 71 56 41 16,tails,minor,3
2026-08-06T08:51:40Z,598,37 7 46 20 25 55 6 21 72 31 27 58 50 49 71 43 42 56 75 28,tails,regular,2
2026-08-06T08:54:20Z,599,63 39 50 1 11 26 22 64 65 56 43 66 68 13 40 9 69 55 77 18,tails,regular,1
2026-08-06T08:57:00Z,600,69 12 35 58 68 70 59 33 29 77 21 74 41 66 63 9 57 37 50 20,tails,regular,2
2026-08-06T08:59:40Z,601,39 21 27 35 48 73 9 11 32 70 54 22 55 46 51 49 76 66 71 69,tails,regular,3
2026-08-06T09:02:20Z,602,7 26 17 2 36 46 15 72 62 75 77 9 74 25 60 52 53 56 58 79,tails,regular,1
2026-08-06T09:05:00Z,603,60 57 35 51 29 33 28 23 6 25 78 19 58 38 7 50 20 70 59 39,heads,major,1
2026-08-06T09:07:40Z,604,61 45 32 75 21 53 55 2 76 47 57 28 20 38 4 23 37 74 79 59,tails,minor,3
2026-08-06T09:10:20Z,605,40 27 67 41 54 15 52 16 71 59 73 33 55 45 51 13 12 58 19 77,tails,regular,2
2026-08-06T09:13:00Z,606,36 64 29 53 15 38 3 5 39 46 25 22 78 57 66 48 21 14 41 44,heads,regular,3
2026-08-06T09:15:40Z,607,75 48 59 6 57 79 54 69 77 16 18 12 26 21 51 32 33 46 10 24,evens,regular,1
2026-08-06T09:18:20Z,608,54 78 52 12 4 59 63 18 17 72 57 79 67 37 76 48 36 43 32 1,tails,regular,1
2026-08-06T09:21:00Z,609,80 66 23 6 46 33 64 49 41 79 73 5 44 34 47 45 53 54 8 29,tails,regular,1
2026-08-06T09:23:40Z,610,73 28 31 66 46 54 19 80 24 62 26 56 47 14 37 4 23 53 9 59,evens,minor,2
2026-08-06T09:26:20Z,611,12 58 73 27 36 25 21 42 33 78 71 51 9 8 2 1 31 28 13 29,heads,regular,3
2026-08-06T09:29:00Z,612,60 51 69 20 73 75 70 74 45 59 35 7 67 61 31 28 79 50 5 66,tails,regular,1
2026-08-06T09:31:40Z,613,72 33 74 66 65 17 2 18 6 75 1 20 42 16 47 7 63 27 24 21,heads,regular,2
2026-08-06T09:34:20Z,614,2 27 32 26 6 77 10 1 31 59 74 3 75 11 34 44 67 17 65 43,heads,major,3
2026-08-06T09:37:00Z,615,10 40 74 6 7 11 63 8 60 58 12 26 31 72 79 67 65 43 46 37,evens,regular,1
2026-08-06T09:39:40Z,616,30 60 40 41 21 27 50 55 61 19 18 78 70 8 62 32 25 48 43 72,tails,regular,2
2026-08-06T09:42:20Z,617,10 80 65 26 32 6 36 76 46 7 38 68 29 56 13 73 33 19 71 39,heads,minor,10
2026-08-06T09:45:00Z,618,76 66 21 16 29 39 44 63 69 38 43 48 36 3 49 45 50 58 24 8,tails,regular,2
2026-08-06T09:47:40Z,619,64 29 50 60 3 4 41 11 28 44 70 34 56 51 69 30 77 35 2 45,tails,regular,2
2026-08-06T09:50:20Z,620,19 51 6 37 61 7 62 39 35 67 74 29 20 68 46 32 16 9 22 26,heads,regular,3
2026-08-06T09:53:00Z,621,15 13 59 42 39 24 63 19 3 7 75 56 21 80 29 67 44 16 60 9,heads,regular,1
2026-08-06T09:55:40Z,622,51 53 58 33 26 59 8 52 21 42 39 18 31 71 74 19 17 37 38 1,heads,minor,3
2026-08-06T09:58:20Z,623,46 70 69 7 1 41 73 31 57 10 30 67 12 21 66 2 65 75 74 80,tails,regular,1
2026-08-06T10:01:00Z,624,38 76 28 50 53 60 18 32 17 42 22 26 66 56 36 37 54 41 58 70,tails,regular,2
2026-08-06T10:03:40Z,625,49 18 43 39 27 26 5 67 41 77 9 61 8 69 35 76 78 60 50 58,tails,regular,2
2026-08-06T10:06:20Z,626,3 31 45 68 10 16 48 72 52 18 50 70 20 23 2 24 62 37 51 26,heads,regular,1
2026-08-06T10:09:00Z,627,51 65 79 44 53 72 29 64 75 21 58 15 22 46 34 66 71 78 50 76,tails,regular,3
2026-08-06T10:11:40Z,628,27 74 68 64 52 9 46 8 4 62 15 7 57 50 72 41 75 36 78 76,tails,regular,5
2026-08-06T10:14:20Z,629,53 37 58 33 15 25 26 68 77 28 60 3 70 65 18 14 17 59 80 39,heads,regular,2
2026-08-06T10:17:00Z,630,43 10 19 17 35 13 21 64 46 31 2 71 62 36 41 7 58 53 66 24,heads,regular,1
2026-08-06T10:19:40Z,631,43 49 44 59 36 21 62 69 58 35 19 4 17 70 41 71 11 33 23 47,tails,regular,1
2026-08-06T10:22:20Z,632,57 47 55 33 15 13 30 79 54 69 24 7 31 1 4 32 80 77 39 6,heads,regular,2
2026-08-06T10:25:00Z,633,27 30 72 59 4 65 15 49 50 43 5 73 33 37 69 3 9 78 63 36,evens,regular,1
2026-08-06T10:27:40Z,634,63 66 18 12 46 52 40 9 3 8 65 55 44 60 17 51 39 10 6 16,heads,major,2
2026-08-06T10:30:20Z,635,13 39 9 15 44 14 74 72 37 21 2 5 75 36 80 45 40 33 32 59,heads,minor,3
2026-08-06T10:33:00Z,636,37 8 47 10 22 6 61 51 69 40 64 1 52 74 23 33 46 71 58 7,evens,regular,2
2026-08-06T10:35:40Z,637,80 47 44 4 62 28 57 29 11 37 72 25 70 56 5 69 41 79 63 14,tails,major,1
2026-08-06T10:38:20Z,638,74 32 53 71 23 42 13 34 68 55 43 57 36 9 51 30 8 67 69 72,tails,minor,1
2026-08-06T10:41:00Z,639,1 40 16 12 61 56 7 10 46 15 44 75 59 42 37 50 4 24 57 20,heads,minor,1
2026-08-06T10:43:40Z,640,70 57 45 71 29 19 49 38 37 80 5 32 4 14 3 30 39 27 16 60,heads,major,1
2026-08-06T10:46:20Z,641,66 45 19 74 3 20 69 13 80 60 70 6 10 53 36 21 11 75 76 26,evens,regular,3
2026-08-06T10:49:00Z,642,30 27 60 2 80 66 54 55 67 16 59 18 44 76 41 72 50 40 74 58,tails,regular,3
2026-08-06T10:51:40Z,643,46 72 71 56 41 69 59 67 31 30 14 42 66 53 74 75 2 1 4 6,tails,regular,1
2026-08-06T10:54:20Z,644,9 51 59 41 15 29 74 56 53 65 28 22 13 54 72 36 78 42 57 49,tails,regular,1
2026-08-06T10:57:00Z,645,46 80 21 26 28 15 79 62 41 53 35 18 32 64 5 71 19 22 52 11,heads,regular,2
2026-08-06T10:59:40Z,646,76 23 42 50 7 40 32 46 27 53 4 65 41 68 49 57 55 13 64 69,tails,regular,3
2026-08-06T11:02:20Z,647,73 37 31 3 24 2 23 50 5 49 25 71 15 63 11 20 55 77 68 56,heads,regular,4
2026-08-06T11:05:00Z,648,36 37 75 59 3 64 34 35 52 15 41 29 56 72 57 45 69 62 51 20,tails,regular,1
2026-08-06T11:07:40Z,649,63 31 4 43 71 8 14 70 44 72 11 59 9 15 45 50 69 73 56 40,tails,minor,1
2026-08-06T11:10:20Z,650,28 10 46 69 78 76 2 73 61 74 58 30 19 63 77 51 23 11 29 3,tails,regular,3
2026-08-06T11:13:00Z,651,80 40 73 46 72 24 10 9 34 38 49 78 71 1 65 52 79 33 37 31,evens,regular,1
2026-08-06T11:15:40Z,652,5 6 34 25 39 73 9 36 26 10 50 32 2 58 19 56 43 80 30 66,heads,regular,5
2026-08-06T11:18:20Z,653,16 80 7 55 46 43 47 44 59 9 60 41 63 2 21 78 56 5 77 37,tails,regular,2
2026-08-06T11:21:00Z,654,60 47 78 18 12 17 9 58 6 54 13 48 64 39 52 77 80 74 71 62,tails,regular,1
2026-08-06T11:23:40Z,655,52 18 4 36 12 3 68 46 13 53 15 54 44 73 24 49 65 27 23 80,evens,regular,1
2026-08-06T11:26:20Z,656,66 67 25 5 52 8 44 70 68 22 16 43 59 72 10 65 2 71 30 36,tails,regular,1
2026-08-06T11:29:00Z,657,64 8 46 18 35 72 77 60 25 17 3 61 47 41 2 38 67 71 65 57,tails,minor,1
2026-08-06T11:31:40Z,658,49 12 79 77 21 70 11 29 42 51 54 56 27 41 10 18 30 4 45 39,evens,regular,1
2026-08-06T11:34:20Z,659,22 46 28 2 27 77 8 80 67 36 19 78 44 38 48 12 68 4 39 63,heads,major,2
2026-08-06T11:37:00Z,660,72 16 60 43 65 2 22 49 38 80 8 44 18 37 73 75 4 28 61 27,evens,regular,2
2026-08-06T11:39:40Z,661,9 13 28 21 64 55 41 30 22 58 71 17 8 80 61 56 23 53 35 40,heads,major,1
2026-08-06T11:42:20Z,662,2 43 7 22 69 50 3 25 59 40 30 31 57 78 39 10 13 75 36 12,heads,major,2
2026-08-06T11:45:00Z,663,26 42 70 25 46 39 76 3 78 22 28 32 64 10 48 29 2 79 19 23,heads,regular,3
2026-08-06T11:47:40Z,664,52 9 1 21 54 61 43 12 17 58 56 77 37 46 59 6 11 24 35 19,heads,regular,1
2026-08-06T11:50:20Z,665,73 1 50 44 33 71 74 75 37 48 16 46 26 56 23 11 79 55 62 41,tails,regular,5
2026-08-06T11:53:00Z,666,46 71 50 19 72 28 69 79 18 58 48 60 52 78 16 10 29 4 20 42,tails,major,1
2026-08-06T11:55:40Z,667,36 37 10 20 77 53 50 59 29 79 2 27 18 42 68 56 40 16 9 51,heads,regular,3
2026-08-06T11:58:20Z,668,72 1 10 61 12 31 70 74 41 43 11 29 27 37 58 64 24 55 65 21,evens,major,2
2026-08-06T12:01:00Z,669,74 11 66 65 12 53 52 18 67 3 31 46 25 32 34 69 38 48 22 63,evens,minor,3
2026-08-06T12:03:40Z,670,3 15 54 73 14 71 52 76 66 24 34 23 30 9 59 4 80 78 63 28,evens,minor,3
2026-08-06T12:06:20Z,671,59 74 53 2 80 60 44 24 67 77 66 36 76 42 50 78 62 4 49 52,tails,regular,3
2026-08-06T12:09:00Z,672,57 15 29 35 8 50 54 7 60 47 52 61 48 32 2 14 12 19 3 33,heads,major,3
2026-08-06T12:11:40Z,673,14 50 49 77 9 42 69 3 11 66 75 60 15 78 67 16 43 74 22 13,tails,minor,1
2026-08-06T12:14:20Z,674,38 45 52 60 76 36 77 17 41 55 13 28 25 26 48 47 78 15 4 29,evens,regular,2
2026-08-06T12:17:00Z,675,5 2 14 79 6 17 12 41 54 30 24 57 69 35 22 53 27 70 40 16,heads,regular,1
2026-08-06T12:19:40Z,676,50 7 19 44 12 79 36 25 33 22 59 26 21 69 20 2 24 73 13 38,heads,regular,2
2026-08-06T12:22:20Z,677,46 29 25 69 43 28 23 61 74 72 71 39 57 10 53 48 64 73 62 6,tails,major,3
2026-08-06T12:25:00Z,678,53 35 42 63 59 80 19 30 64 33 41 14 44 55 16 79 75 38 40 52,tails,major,5
2026-08-06T12:27:40Z,679,18 63 20 23 36 69 8 43 19 40 56 45 27 65 62 70 61 16 7 25,heads,regular,1
2026-08-06T12:30:20Z,680,53 39 68 62 51 6 57 77 80 52 4 45 63 27 32 65 67 60 46 75,tails,regular,1
2026-08-06T12:33:00Z,681,55 48 16 5 47 9 72 22 42 6 28 25 1 15 60 37 21 45 54 78,heads,regular,1
2026-08-06T12:35:40Z,682,17 74 55 26 20 3 19 15 73 56 71 11 13 36 41 33 65 44 78 34,heads,minor,2
2026-08-06T12:38:20Z,683,13 9 54 24 44 25 34 66 64 1 59 37 3 49 19 56 52 60 72 62,tails,regular,2
2026-08-06T12:41:00Z,684,59 77 74 42 4 27 70 15 36 30 56 8 52 20 46 55 29 49 39 1,evens,regular,1
2026-08-06T12:43:40Z,685,39 76 23 31 11 52 12 25 51 42 34 80 43 70 38 4 8 10 17 50,heads,regular,3
2026-08-06T12:46:20Z,686,41 4 10 52 80 2 62 38 3 39 47 1 76 54 66 49 79 23 11 42,tails,regular,3
2026-08-06T12:49:00Z,687,10 4 65 14 74 26 60 67 18 73 9 17 30 71 64 61 23 55 46 5,evens,regular,1
2026-08-06T12:51:40Z,688,22 45 23 42 11 2 61 1 40 72 37 17 46 73 9 8 18 63 62 53,heads,regular,5
2026-08-06T12:54:20Z,689,8 34 59 68 9 36 61 56 35 22 65 62 25 16 29 30 74 41 26 72,heads,regular,1
2026-08-06T12:57:00Z,690,69 57 12 17 31 18 58 15 66 41 60 4 70 55 75 40 64 9 80 13,tails,regular,1
2026-08-06T12:59:40Z,691,16 26 14 57 76 39 54 13 62 58 18 25 31 77 73 27 75 61 47 69,tails,regular,3
2026-08-06T13:02:20Z,692,54 61 5 33 36 7 63 64 16 74 22 20 8 30 42 77 2 45 34 60,heads,regular,2
2026-08-06T13:05:00Z,693,64 10 12 37 69 51 57 11 54 2 48 66 72 79 36 17 7 62 77 6,tails,regular,1
2026-08-06T13:07:40Z,694,30 61 39 3 18 80 77 38 29 75 57 34 24 52 5 71 35 41 55 72,evens,regular,2
2026-08-06T13:10:20Z,695,35 26 16 47 80 53 3 10 56 24 33 20 12 43 23 72 54 69 41 75,evens,regular,1
2026-08-06T13:13:00Z,696,80 33 46 48 16 15 19 10 70 29 53 65 43 61 26 79 49 39 58 52,tails,regular,3
2026-08-06T13:15:40Z,697,26 73 64 40 71 75 69 80 76 68 56 18 4 34 41 28 60 74 15 11,tails,regular,2
2026-08-06T13:18:20Z,698,3 15 14 10 72 12 32 45 61 36 20 25 49 34 52 58 76 54 24 18,heads,regular,1
2026-08-06T13:21:00Z,699,30 61 34 67 68 62 23 1 57 27 79 31 70 26 49 6 8 40 33 24,heads,regular,3
2026-08-06T13:23:40Z,700,39 40 43 7 53 1 62 47 56 24 36 16 4 78 51 41 77 26 27 28,heads,regular,3
2026-08-06T13:26:20Z,701,71 16 13 23 3 59 14 25 42 9 40 24 76 54 78 26 48 77 11 4,heads,regular,1
2026-08-06T13:29:00Z,702,57 54 58 72 34 29 77 62 12 22 39 63 66 16 26 43 73 49 50 76,tails,regular,1
2026-08-06T13:31:40Z,703,27 6 63 80 56 8 10 70 28 60 36 42 33 41 4 64 67 62 3 29,evens,regular,1
2026-08-06T13:34:20Z,704,46 49 72 34 66 65 64 28 32 51 56 50 41 53 5 59 37 21 61 7,tails,regular,1
2026-08-06T13:37:00Z,705,49 31 79 39 5 7 53 25 28 26 10 38 22 51 59 80 1 14 19 32,heads,regular,2
2026-08-06T13:39:40Z,706,24 7 33 23 75 48 17 38 25 68 27 77 61 76 36 79 63 78 62 57,tails,major,3
2026-08-06T13:42:20Z,707,72 42 35 4 80 34 70 51 23 71 77 21 16 19 11 48 66 69 33 24,evens,regular,1
2026-08-06T13:45:00Z,708,19 51 9 80 62 13 12 33 34 21 4 17 56 66 37 31 68 32 61 24,heads,minor,1
2026-08-06T13:47:40Z,709,13 77 68 78 21 72 36 42 39 65 31 79 66 51 56 29 52 22 46 10,tails,major,3
2026-08-06T13:50:20Z,710,4 44 75 17 54 12 79 67 13 19 69 74 62 15 9 76 1 78 27 80,tails,regular,2
2026-08-06T13:53:00Z,711,11 64 43 6 53 49 67 17 1 3 8 52 19 29 50 55 72 35 68 39,evens,regular,1
2026-08-06T13:55:40Z,712,72 36 16 59 22 43 55 19 34 40 44 57 8 49 53 64 67 76 79 2,tails,minor,1
2026-08-06T13:58:20Z,713,74 5 64 44 39 40 1 47 56 3 70 58 57 78 24 34 18 15 65 13,evens,minor,10
2026-08-06T14:01:00Z,714,44 60 59 64 76 77 24 35 71 79 51 69 14 36 32 9 65 56 18 26,tails,regular,1
2026-08-06T14:03:40Z,715,80 54 50 17 70 15 36 60 10 56 49 38 71 65 2 48 55 37 43 73,tails,regular,1
2026-08-06T14:06:20Z,716,44 30 67 19 65 52 38 21 25 3 58 26 40 66 16 7 39 14 61 55,heads,major,1
2026-08-06T14:09:00Z,717,22 38 26 37 23 45 58 48 19 42 18 43 20 32 2 5 47 59 27 41,heads,regular,2
2026-08-06T14:11:40Z,718,43 49 65 32 9 73 13 2 51 37 41 62 66 22 52 7 4 33 20 19,heads,minor,2
2026-08-06T14:14:20Z,719,47 71 69 38 66 63 54 13 24 15 7 31 33 42 12 21 78 43 52 26,evens,minor,10
2026-08-06T14:17:00Z,720,51 17 64 60 41 35 11 14 53 54 34 79 2 42 36 69 65 74 25 44,tails,regular,3
2026-08-06T14:19:40Z,721,80 14 31 34 27 62 11 42 45 9 56 70 21 12 37 73 72 54 15 67,evens,minor,1
2026-08-06T14:22:20Z,722,74 13 11 14 30 63 16 7 39 38 44 72 70 60 9 33 80 5 8 12,heads,regular,1
2026-08-06T14:25:00Z,723,7 15 47 10 17 39 43 57 29 20 62 48 25 68 64 42 33 5 30 76,heads,regular,1
2026-08-06T14:27:40Z,724,31 4 10 72 30 69 35 59 54 29 41 27 63 57 22 17 9 65 33 5,heads,regular,1
2026-08-06T14:30:20Z,725,79 45 47 40 68 41 54 74 63 38 78 2 23 66 70 27 10 57 37 25,tails,regular,1
2026-08-06T14:33:00Z,726,67 60 21 66 23 75 62 3 57 16 27 25 29 49 64 68 32 38 56 4,evens,regular,10
2026-08-06T14:35:40Z,727,44 25 24 34 53 50 49 69 56 5 77 8 9 42 26 19 10 6 15 35,heads,regular,1
2026-08-06T14:38:20Z,728,71 56 77 51 67 61 20 18 69 13 45 31 22 54 59 66 8 80 9 15,tails,minor,1
2026-08-06T14:41:00Z,729,30 42 18 16 76 31 61 60 46 3 20 72 35 1 10 38 13 64 71 34,heads,regular,1
2026-08-06T14:43:40Z,730,58 67 6 79 12 5 73 65 71 21 10 19 55 15 45 44 18 57 14 16,evens,regular,3
2026-08-06T14:46:20Z,731,37 71 9 25 80 32 54 42 50 39 74 58 28 5 49 14 29 35 47 23,heads,regular,2
2026-08-06T14:49:00Z,732,17 49 11 13 71 51 37 33 2 26 6 23 72 77 43 16 32 21 47 34,heads,regular,1
2026-08-06T14:51:40Z,733,78 12 56 59 68 35 50 32 1 55 75 27 13 21 42 9 57 7 46 49,tails,regular,1
2026-08-06T14:54:20Z,734,6 37 54 25 52 16 59 68 12 19 57 11 13 71 22 26 42 73 3 38,heads,major,3
2026-08-06T14:57:00Z,735,68 65 71 25 26 46 70 14 18 40 44 30 47 61 37 76 74 80 41 59,tails,regular,1
2026-08-06T14:59:40Z,736,40 4 51 19 25 17 55 15 7 47 29 80 18 66 9 5 58 53 6 3,heads,regular,1
2026-08-06T15:02:20Z,737,33 11 68 22 60 30 67 66 9 25 72 23 32 15 7 43 79 69 56 63,evens,minor,3
2026-08-06T15:05:00Z,738,8 67 77 34 29 9 52 69 4 20 33 3 65 12 78 61 57 31 30 24,heads,minor,3
2026-08-06T15:07:40Z,739,20 27 24 76 63 65 53 37 46 31 52 67 5 40 14 16 38 4 43 55,heads,regular,2
2026-08-06T15:10:20Z,740,27 20 63 15 80 25 24 47 61 36 35 16 31 22 4 11 77 9 78 19,heads,minor,2
2026-08-06T15:13:00Z,741,26 50 69 44 3 24 14 53 21 35 64 1 47 31 63 45 17 57 38 74,evens,regular,2
2026-08-06T15:15:40Z,742,14 26 23 42 32 52 47 39 77 50 5 38 76 56 12 48 49 57 43 46,tails,minor,1
2026-08-06T15:18:20Z,743,26 36 12 47 63 5 62 24 27 76 67 4 78 11 20 50 3 80 54 66,evens,minor,2
2026-08-06T15:21:00Z,744,48 56 10 51 34 67 20 78 21 42 70 16 49 57 60 58 12 61 41 37,tails,regular,1
2026-08-06T15:23:40Z,745,42 7 44 58 2 54 3 61 46 65 21 77 19 20 68 31 51 16 43 38,tails,minor,2
2026-08-06T15:26:20Z,746,38 17 34 77 52 37 7 63 6 67 19 20 40 61 24 14 10 2 36 41,heads,regular,3
2026-08-06T15:29:00Z,747,46 40 26 9 14 43 53 58 11 75 64 25 13 71 32 10 16 44 24 4,heads,regular,1
2026-08-06T15:31:40Z,748,21 7 26 80 39 70 38 65 30 23 11 55 75 51 2 27 4 50 72 1,heads,regular,1
2026-08-06T15:34:20Z,749,67 8 73 75 35 19 74 48 55 69 6 27 5 43 47 52 3 1 62 4,tails,regular,1
2026-08-06T15:37:00Z,750,17 38 53 11 13 41 35 61 25 6 19 45 76 23 64 29 74 37 79 57,heads,regular,2
2026-08-06T15:39:40Z,751,79 18 32 36 14 44 5 76 28 7 64 54 53 49 60 51 35 9 1 43,evens,regular,4
2026-08-06T15:42:20Z,752,18 70 58 27 24 75 63 41 54 50 26 66 64 53 32 51 56 2 62 16,tails,regular,1
2026-08-06T15:45:00Z,753,41 28 11 1 47 51 67 34 55 78 24 42 16 27 80 69 74 4 15 71,tails,minor,1
2026-08-06T15:47:40Z,754,15 28 23 2 46 75 62 33 43 59 67 65 30 32 21 16 35 38 6 40,heads,regular,1
2026-08-06T15:50:20Z,755,18 69 1 7 30 13 55 23 41 38 16 9 29 44 40 28 72 12 53 49,heads,regular,10
2026-08-06T15:53:00Z,756,52 26 58 8 21 25 75 61 10 53 80 9 29 69 55 45 67 34 46 30,tails,minor,1
2026-08-06T15:55:40Z,757,60 78 35 33 65 79 23 25 13 57 4 14 26 49 39 61 50 67 59 36,evens,regular,1
2026-08-06T15:58:20Z,758,80 31 65 14 8 67 39 24 25 77 15 42 70 74 66 26 51 13 58 78,tails,regular,1
2026-08-06T16:01:00Z,759,16 50 69 77 39 66 61 28 63 11 57 8 74 76 71 47 31 7 30 19,tails,regular,2
2026-08-06T16:03:40Z,760,43 12 10 61 14 32 46 5 76 55 22 6 68 39 58 62 19 41 42 64,tails,regular,2
2026-08-06T16:06:20Z,761,39 26 19 77 47 66 43 6 48 73 44 61 15 41 1 52 71 35 31 18,tails,regular,1
2026-08-06T16:09:00Z,762,59 77 43 49 21 61 56 72 29 79 40 66 38 63 37 23 65 52 31 75,tails,minor,1
2026-08-06T16:11:40Z,763,50 75 3 40 4 39 1 70 28 18 61 44 43 64 57 58 17 14 5 2,heads,regular,1
2026-08-06T16:14:20Z,764,26 41 31 12 55 69 18 1 16 7 46 21 63 78 23 10 73 32 14 39,heads,regular,3
2026-08-06T16:17:00Z,765,40 23 56 48 38 18 33 36 51 79 35 28 73 46 39 58 72 25 47 63,evens,regular,1
2026-08-06T16:19:40Z,766,73 22 63 60 46 16 52 7 51 26 58 57 11 24 49 13 27 61 37 53,tails,major,2
2026-08-06T16:22:20Z,767,9 61 42 66 74 37 67 5 8 44 1 11 63 76 77 46 12 17 25 23,evens,major,2
2026-08-06T16:25:00Z,768,71 74 47 68 18 10 3 9 1 49 36 31 78 51 23 39 66 32 52 24,heads,regular,5
2026-08-06T16:27:40Z,769,38 19 37 15 60 32 68 54 69 71 12 75 22 57 46 47 8 14 21 30,heads,regular,2
2026-08-06T16:30:20Z,770,46 37 72 9 78 28 41 61 23 1 79 42 3 53 45 20 19 24 74 22,evens,regular,2
2026-08-06T16:33:00Z,771,73 72 25 58 9 8 71 12 52 35 51 22 5 67 54 63 15 79 34 68,tails,regular,1
2026-08-06T16:35:40Z,772,3 47 59 56 66 45 6 67 11 29 62 39 75 57 7 34 50 2 15 18,evens,minor,3
2026-08-06T16:38:20Z,773,73 21 17 80 44 25 2 8 13 75 19 31 37 59 40 78 52 53 43 28,heads,regular,2
2026-08-06T16:41:00Z,774,80 39 10 28 30 37 54 73 9 5 32 13 14 59 56 1 12 51 29 48,heads,major,2
2026-08-06T16:43:40Z,775,36 28 17 73 79 31 77 57 5 22 30 70 78 37 72 65 67 39 34 1,heads,regular,3
2026-08-06T16:46:20Z,776,16 75 74 66 69 4 46 42 76 29 6 41 38 65 37 68 18 20 54 57,tails,regular,1
2026-08-06T16:49:00Z,777,26 47 77 40 23 75 74 24 80 6 19 62 78 53 57 8 46 67 2 59,tails,regular,1
2026-08-06T16:51:40Z,778,48 7 18 4 42 30 10 72 19 79 44 11 56 1 25 36 20 77 52 67,heads,minor,1
2026-08-06T16:54:20Z,779,50 19 61 13 29 23 17 20 46 42 37 51 24 74 27 57 63 3 40 39,heads,regular,2
2026-08-06T16:57:00Z,780,77 48 44 13 76 49 3 25 40 78 38 63 64 20 15 47 12 57 61 28,tails,regular,1
2026-08-06T16:59:40Z,781,75 29 69 8 27 43 66 18 56 26 17 20 11 44 50 77 49 33 53 42,tails,regular,1
2026-08-06T17:02:20Z,782,4 33 76 57 2 37 61 19 40 14 6 66 24 53 41 43 79 25 16 80,heads,regular,2
2026-08-06T17:05:00Z,783,7 67 1 16 75 72 50 39 33 6 37 23 9 52 51 35 68 10 25 8,heads,regular,10
2026-08-06T17:07:40Z,784,35 4 23 24 46 42 78 3 13 51 76 52 5 30 25 69 48 66 75 56,tails,regular,3
2026-08-06T17:10:20Z,785,52 76 70 4 65 69 6 74 58 71 72 33 36 37 35 66 50 64 63 34,tails,regular,2
2026-08-06T17:13:00Z,786,27 44 50 25 59 57 16 35 12 32 49 65 41 33 30 79 19 56 15 61,evens,minor,10
2026-08-06T17:15:40Z,787,12 39 54 27 73 55 64 70 46 23 60 2 26 71 80 37 14 1 58 33,evens,regular,2
2026-08-06T17:18:20Z,788,66 7 46 54 42 73 44 22 78 39 17 55 4 11 31 5 14 67 40 65,evens,regular,2
2026-08-06T17:21:00Z,789,7 70 3 24 27 43 9 31 21 13 34 56 75 74 33 71 4 63 77 48,heads,regular,1
2026-08-06T17:23:40Z,790,11 49 7 26 66 48 54 38 57 58 46 1 24 47 77 65 27 39 28 68,tails,regular,2
2026-08-06T17:26:20Z,791,26 53 22 79 54 51 48 38 10 56 24 68 30 20 80 27 36 8 64 67,evens,regular,1
2026-08-06T17:29:00Z,792,26 6 44 3 1 11 33 31 68 60 54 36 67 80 55 37 27 69 79 23,heads,regular,2
2026-08-06T17:31:40Z,793,47 41 17 77 65 11 39 75 6 21 31 56 22 57 60 12 67 38 79 48,tails,major,1
2026-08-06T17:34:20Z,794,40 32 71 2 11 51 63 66 65 19 47 24 36 64 57 8 67 43 20 12,evens,regular,2
2026-08-06T17:37:00Z,795,47 54 12 58 22 42 3 32 46 72 24 23 39 51 38 53 9 31 59 75,evens,minor,4
2026-08-06T17:39:40Z,796,44 5 11 52 58 80 15 76 20 32 74 30 34 54 31 69 61 12 50 27,evens,minor,1
2026-08-06T17:42:20Z,797,37 19 66 54 57 70 62 15 56 46 63 38 10 6 61 77 40 39 69 73,tails,minor,3
2026-08-06T17:45:00Z,798,80 18 43 1 15 54 73 9 65 77 40 8 17 12 71 13 21 25 67 62,heads,regular,2
2026-08-06T17:47:40Z,799,61 70 12 27 1 48 36 39 5 21 7 41 72 58 76 77 24 32 73 37,heads,regular,2
2026-08-06T17:50:20Z,800,44 26 73 65 8 60 25 29 47 28 48 64 16 6 76 18 19 69 68 66,tails,regular,1
2026-08-06T17:53:00Z,801,42 9 46 67 73 53 57 72 29 58 1 71 50 41 32 28 2 21 44 54,tails,minor,3
2026-08-06T17:55:40Z,802,53 20 52 75 29 49 50 72 37 33 31 17 59 34 39 44 28 63 38 10,heads,regular,3
2026-08-06T17:58:20Z,803,39 22 48 70 79 27 73 31 51 45 2 28 68 36 40 3 53 56 44 49,tails,regular,2
2026-08-06T18:01:00Z,804,1 50 10 47 57 78 75 34 39 11 55 37 66 72 40 9 4 67 5 15,heads,minor,4
2026-08-06T18:03:40Z,805,74 41 25 68 3 21 36 7 50 20 35 13 33 12 26 5 46 30 61 37,heads,minor,1
2026-08-06T18:06:20Z,806,40 65 72 41 49 75 43 22 3 34 68 71 51 42 61 4 7 18 67 6,tails,regular,2
2026-08-06T18:09:00Z,807,20 33 44 52 70 2 69 12 56 32 57 46 74 6 45 77 42 15 11 51,tails,minor,2
2026-08-06T18:11:40Z,808,11 70 51 67 47 75 15 23 59 32 52 76 42 5 45 28 60 29 17 73,tails,minor,1
2026-08-06T18:14:20Z,809,64 4 78 45 12 72 76 5 49 58 41 54 16 63 59 68 28 75 23 8,tails,minor,2
2026-08-06T18:17:00Z,810,47 50 67 6 66 9 59 2 43 74 70 23 7 54 65 18 1 76 34 62,tails,regular,3
2026-08-06T18:19:40Z,811,45 56 5 24 64 62 15 69 46 74 53 47 7 40 16 41 60 14 26 37,tails,regular,2
2026-08-06T18:22:20Z,812,10 79 49 26 11 77 6 67 75 71 22 9 32 61 27 47 38 46 23 2,heads,regular,1
2026-08-06T18:25:00Z,813,14 22 31 25 29 3 77 4 55 45 26 53 79 69 19 72 24 52 75 60,evens,regular,1
2026-08-06T18:27:40Z,814,4 79 64 76 24 14 73 31 26 18 52 58 55 10 62 56 28 66 59 53,tails,regular,1
2026-08-06T18:30:20Z,815,13 6 38 56 65 46 3 20 15 66 52 10 53 57 58 32 24 45 33 41,evens,regular,1
2026-08-06T18:33:00Z,816,26 49 71 24 7 30 35 2 67 74 21 56 76 48 16 1 17 75 60 73,evens,regular,1
2026-08-06T18:35:40Z,817,56 78 25 53 64 45 79 17 23 52 41 54 39 14 16 51 60 36 34 63,tails,regular,2
2026-08-06T18:38:20Z,818,21 56 5 32 17 53 74 46 77 4 36 79 22 7 27 57 55 9 62 11,heads,regular,3
2026-08-06T18:41:00Z,819,51 45 44 4 21 2 25 39 41 22 19 66 11 62 24 26 68 76 53 71,evens,regular,3
2026-08-06T18:43:40Z,820,68 77 16 58 71 35 23 47 56 11 61 14 40 48 2 12 34 19 21 70,heads,regular,1
2026-08-06T18:46:20Z,821,68 79 32 50 12 22 48 63 7 69 66 20 34 60 52 47 29 76 80 16,tails,regular,2
2026-08-06T18:49:00Z,822,65 79 26 40 36 48 7 45 68 44 21 24 31 69 63 5 57 53 75 8,tails,regular,2
2026-08-06T18:51:40Z,823,18 20 45 73 4 80 76 56 1 42 17 22 55 33 58 60 34 13 72 67,tails,regular,2
2026-08-06T18:54:20Z,824,38 51 65 18 26 56 11 58 33 32 57 79 36 21 10 22 47 2 34 76,heads,minor,4
2026-08-06T18:57:00Z,825,56 22 58 62 73 75 32 45 57 3 27 78 49 60 33 44 24 79 80 21,tails,regular,1
2026-08-06T18:59:40Z,826,45 20 38 51 13 14 19 60 11 37 47 44 76 39 22 64 1 33 53 67,heads,regular,5
2026-08-06T19:02:20Z,827,47 75 64 6 55 58 44 69 50 42 32 24 72 74 33 60 71 2 79 25,tails,minor,3
2026-08-06T19:05:00Z,828,51 49 6 7 44 32 37 33 16 72 53 58 42 21 76 29 41 5 11 14,heads,minor,1
2026-08-06T19:07:40Z,829,79 50 70 35 76 10 66 6 26 52 36 49 65 53 11 75 13 24 8 80,tails,regular,1
2026-08-06T19:10:20Z,830,75 5 23 4 62 56 9 15 52 8 39 11 19 40 7 61 17 77 49 60,heads,regular,3
2026-08-06T19:13:00Z,831,49 45 15 8 31 57 38 16 79 41 61 60 39 10 67 30 37 42 4 72,evens,regular,2
2026-08-06T19:15:40Z,832,29 21 1 50 36 79 71 39 49 34 30 40 72 75 77 22 25 15 68 67,heads,regular,2
2026-08-06T19:18:20Z,833,65 64 69 6 40 28 58 15 29 80 18 31 56 12 68 24 75 13 3 33,heads,minor,3
2026-08-06T19:21:00Z,834,57 59 26 42 63 23 74 29 50 1 35 61 2 76 9 6 37 19 46 11,heads,regular,3
2026-08-06T19:23:40Z,835,11 43 38 66 54 71 1 68 46 72 32 9 65 41 12 10 16 2 24 78,evens,regular,1
2026-08-06T19:26:20Z,836,12 3 4 18 9 50 49 46 62 55 70 31 43 29 61 79 51 27 80 58,tails,regular,1
2026-08-06T19:29:00Z,837,27 52 62 5 38 32 80 14 24 43 48 49 3 41 4 45 77 44 74 47,tails,major,3
2026-08-06T19:31:40Z,838,10 21 19 2 33 66 20 32 12 6 41 63 35 53 40 24 17 22 78 26,heads,major,1
2026-08-06T19:34:20Z,839,15 44 48 51 62 26 1 63 47 38 80 36 11 57 30 34 45 4 17 75,evens,minor,2
2026-08-06T19:37:00Z,840,19 80 16 59 15 72 25 51 43 69 65 37 7 75 39 67 11 28 3 2,heads,regular,1
2026-08-06T19:39:40Z,841,51 17 23 54 78 33 22 32 63 44 70 1 21 55 64 8 19 71 34 58,evens,regular,1
2026-08-06T19:42:20Z,842,77 7 59 79 20 53 38 52 17 16 25 64 37 3 61 73 14 62 44 40,evens,regular,3
2026-08-06T19:45:00Z,843,26 53 43 27 77 49 42 70 55 71 54 50 52 31 75 51 6 5 74 35,tails,regular,1
2026-08-06T19:47:40Z,844,43 32 9 18 27 26 57 45 63 13 14 36 67 61 78 21 24 31 12 42,heads,regular,1
2026-08-06T19:50:20Z,845,8 52 12 21 80 15 3 49 71 70 62 56 73 23 57 72 22 43 34 45,tails,minor,2
2026-08-06T19:53:00Z,846,41 39 5 78 46 80 27 33 10 11 67 52 3 76 63 69 25 42 44 56,tails,regular,3
2026-08-06T19:55:40Z,847,15 69 70 31 47 24 2 49 11 42 10 19 20 64 37 32 76 80 63 51,evens,regular,1
2026-08-06T19:58:20Z,848,13 38 30 50 16 69 23 78 56 61 24 42 10 27 63 21 33 55 15 73,heads,regular,1
2026-08-06T20:01:00Z,849,16 34 56 6 36 9 61 47 48 33 60 22 54 19 27 32 28 51 12 44,heads,regular,1
2026-08-06T20:03:40Z,850,12 4 34 36 39 58 25 35 23 41 43 40 49 14 53 30 71 32 22 45,heads,minor,1
2026-08-06T20:06:20Z,851,12 16 21 54 62 51 77 70 44 13 25 19 6 66 31 35 80 56 9 18,heads,regular,1
2026-08-06T20:09:00Z,852,33 27 43 11 67 9 72 60 5 13 78 49 1 42 32 75 45 53 41 4,tails,minor,2
2026-08-06T20:11:40Z,853,79 72 55 18 47 43 29 77 68 8 64 62 27 13 5 50 49 4 70 54,tails,regular,3
2026-08-06T20:14:20Z,854,20 57 24 55 29 52 22 79 33 1 41 69 50 78 2 31 61 18 80 51,tails,minor,1
2026-08-06T20:17:00Z,855,66 30 26 80 34 25 53 11 3 52 12 19 44 37 79 16 41 18 7 69,heads,major,1
2026-08-06T20:19:40Z,856,71 11 24 15 17 72 31 80 53 73 63 30 5 27 19 25 12 14 52 39,heads,regular,1
2026-08-06T20:22:20Z,857,6 48 64 73 55 29 76 79 35 33 56 75 69 70 40 61 10 78 7 62,tails,regular,3
2026-08-06T20:25:00Z,858,74 28 33 4 20 34 71 38 69 64 59 42 61 39 62 5 32 52 47 77,tails,major,1
2026-08-06T20:27:40Z,859,59 44 37 13 40 1 36 23 19 64 26 71 33 17 45 51 34 79 43 50,heads,major,1
2026-08-06T20:30:20Z,860,59 6 17 64 37 40 43 29 76 67 48 33 62 23 4 80 38 58 25 69,evens,regular,2
2026-08-06T20:33:00Z,861,80 40 38 68 17 52 74 62 48 59 32 47 35 14 36 49 44 29 64 50,tails,regular,1
2026-08-06T20:35:40Z,862,7 51 1 54 66 55 73 75 34 74 50 69 16 44 53 36 48 9 42 79,tails,regular,10
2026-08-06T20:38:20Z,863,39 71 13 52 25 26 20 43 50 70 56 1 75 63 57 28 24 36 10 53,evens,regular,1
2026-08-06T20:41:00Z,864,37 17 14 24 38 25 71 77 36 9 31 35 43 51 69 48 75 7 15 65,heads,minor,3
2026-08-06T20:43:40Z,865,61 71 6 70 16 37 30 45 76 69 29 65 46 4 21 66 8 22 11 35,heads,major,1
2026-08-06T20:46:20Z,866,43 1 17 79 78 42 16 70 74 24 48 67 63 36 29 33 54 58 14 64,tails,minor,1
2026-08-06T20:49:00Z,867,31 44 30 7 36 12 14 17 45 40 9 52 69 71 28 76 54 53 25 15,heads,regular,1
2026-08-06T20:51:40Z,868,71 1 69 63 61 51 9 32 62 78 16 20 25 42 57 5 8 12 29 58,evens,minor,4
2026-08-06T20:54:20Z,869,39 13 59 11 22 23 19 43 69 42 41 10 54 8 64 4 12 60 79 67,evens,minor,3
2026-08-06T20:57:00Z,870,63 6 7 48 55 2 29 43 25 50 21 69 49 11 64 51 4 73 34 74,tails,regular,1
2026-08-06T20:59:40Z,871,42 40 28 68 51 70 22 47 56 74 17 55 18 67 37 13 53 8 23 31,evens,regular,1
2026-08-06T21:02:20Z,872,24 48 66 1 47 73 22 52 5 53 2 11 6 71 49 35 62 57 16 20,evens,regular,3
2026-08-06T21:05:00Z,873,54 52 4 32 22 15 31 27 8 10 56 46 16 12 38 26 68 25 41 5,heads,regular,2
2026-08-06T21:07:40Z,874,24 57 28 33 61 39 12 19 6 75 79 43 67 54 73 18 76 38 77 15,evens,regular,3
2026-08-06T21:10:20Z,875,4 24 18 9 49 2 65 15 57 23 47 25 80 16 56 3 74 42 22 17,heads,regular,3
2026-08-06T21:13:00Z,876,70 3 78 19 35 59 49 56 25 68 51 65 15 54 9 58 26 48 57 2,tails,minor,1
2026-08-06T21:15:40Z,877,44 31 2 51 53 48 8 80 66 49 67 34 21 4 57 33 54 38 73 26,tails,regular,2
2026-08-06T21:18:20Z,878,65 16 42 43 37 24 62 69 66 75 33 31 80 44 36 9 10 34 26 39,heads,regular,3
2026-08-06T21:21:00Z,879,40 52 31 25 63 7 64 77 62 59 6 5 56 53 76 48 71 33 8 67,tails,regular,1
2026-08-06T21:23:40Z,880,68 78 53 32 77 61 41 46 7 11 73 42 57 64 75 3 54 27 4 59,tails,major,5
2026-08-06T21:26:20Z,881,33 67 62 69 9 56 37 23 71 11 72 47 65 17 35 63 36 51 41 22,tails,regular,1
2026-08-06T21:29:00Z,882,16 50 43 62 31 53 77 9 40 22 2 11 75 58 30 20 70 64 65 44,tails,regular,10
2026-08-06T21:31:40Z,883,8 59 48 31 18 54 12 16 6 42 43 41 57 78 55 19 69 35 67 73,tails,regular,1
2026-08-06T21:34:20Z,884,29 35 9 33 3 42 30 22 54 12 27 39 71 64 73 18 52 60 43 37,heads,regular,2
2026-08-06T21:37:00Z,885,18 59 74 16 71 31 65 51 2 28 67 80 68 24 22 34 49 35 3 72,evens,major,1
2026-08-06T21:39:40Z,886,31 12 63 29 20 3 71 57 35 73 8 74 42 49 14 50 55 24 17 6,heads,regular,1
2026-08-06T21:42:20Z,887,40 72 18 42 63 10 20 35 12 9 30 39 5 55 48 78 74 22 15 14,heads,major,2
2026-08-06T21:45:00Z,888,62 77 31 32 11 80 72 69 56 29 75 7 41 54 47 1 27 48 57 52,tails,minor,1
2026-08-06T21:47:40Z,889,9 7 76 44 71 61 73 70 47 2 69 16 33 52 30 14 37 34 49 62,tails,minor,3
2026-08-06T21:50:20Z,890,60 4 6 50 56 76 1 31 18 15 55 67 70 11 75 65 12 77 51 32,tails,minor,1
2026-08-06T21:53:00Z,891,16 67 42 9 74 46 60 18 13 3 48 36 41 68 54 14 56 30 27 38,evens,minor,2
2026-08-06T21:55:40Z,892,29 62 76 74 6 45 54 60 20 18 22 46 78 47 3 58 39 34 33 23,evens,major,1
2026-08-06T21:58:20Z,893,40 47 80 31 37 60 4 17 62 55 26 50 56 63 8 27 68 73 15 52,tails,minor,2
2026-08-06T22:01:00Z,894,13 8 54 6 4 37 68 40 61 39 78 9 35 46 29 18 79 27 57 72,heads,regular,2
2026-08-06T22:03:40Z,895,27 3 28 48 20 54 12 22 17 61 53 34 23 59 40 80 1 57 11 26,heads,minor,1
2026-08-06T22:06:20Z,896,70 3 76 51 35 23 38 4 30 49 42 1 54 14 46 34 13 12 55 68,heads,minor,1
2026-08-06T22:09:00Z,897,1 33 17 80 22 25 54 5 38 56 3 43 14 29 37 71 36 62 20 55,heads,major,2
2026-08-06T22:11:40Z,898,46 16 64 17 31 11 56 65 37 19 74 57 36 50 62 6 13 30 77 42,evens,major,3
2026-08-06T22:14:20Z,899,20 37 58 28 16 60 48 64 55 70 23 3 18 66 19 69 41 59 17 22,evens,minor,1
2026-08-06T22:17:00Z,900,68 34 25 23 2 21 53 79 59 27 65 76 74 22 58 39 69 29 71 78,tails,regular,3
2026-08-06T22:19:40Z,901,37 19 76 50 52 75 79 73 68 32 11 69 24 39 65 4 59 31 23 29,evens,regular,5
2026-08-06T22:22:20Z,902,78 59 32 11 16 74 40 24 41 51 14 50 45 46 28 71 75 63 66 39,tails,regular,1
2026-08-06T22:25:00Z,903,34 59 78 71 29 57 80 1 36 22 69 16 6 40 48 52 75 55 70 60,tails,minor,3
2026-08-06T22:27:40Z,904,48 51 38 45 16 22 61 3 42 32 80 57 13 53 7 17 25 24 11 40,heads,minor,2
2026-08-06T22:30:20Z,905,16 55 31 25 2 33 47 39 7 24 28 18 23 51 36 74 4 67 37 54,heads,regular,1
2026-08-06T22:33:00Z,906,58 53 66 13 37 33 16 22 17 42 55 64 69 71 3 61 46 43 68 29,tails,regular,1
2026-08-06T22:35:40Z,907,3 63 76 38 40 71 64 78 14 20 80 10 60 4 17 52 34 9 55 41,evens,minor,3
2026-08-06T22:38:20Z,908,1 56 45 11 30 58 69 27 29 38 64 42 5 10 52 18 61 40 4 62,heads,major,1
2026-08-06T22:41:00Z,909,41 50 16 52 15 47 6 71 35 31 58 27 78 25 49 61 30 79 54 75,tails,regular,2
2026-08-06T22:43:40Z,910,10 40 33 67 78 72 76 39 5 50 32 35 20 26 11 70 34 15 51 73,heads,regular,1
2026-08-06T22:46:20Z,911,47 31 29 12 38 48 52 49 46 58 3 61 50 57 44 26 55 5 79 70,tails,regular,2
2026-08-06T22:49:00Z,912,42 36 63 60 50 74 75 57 7 20 37 46 2 27 66 43 80 35 32 26,tails,regular,2
2026-08-06T22:51:40Z,913,70 79 24 38 3 37 53 58 31 18 77 30 39 52 26 50 33 22 20 59,heads,regular,2
2026-08-06T22:54:20Z,914,13 28 12 72 59 60 75 1 55 53 65 57 4 47 24 64 3 63 49 38,tails,regular,10
2026-08-06T22:57:00Z,915,5 22 3 28 48 19 46 32 12 25 18 74 69 64 6 58 40 20 27 49,heads,regular,3
2026-08-06T22:59:40Z,916,6 59 73 23 21 12 32 75 80 42 77 52 55 48 22 27 26 28 38 37,heads,regular,3
2026-08-06T23:02:20Z,917,24 40 23 44 10 61 3 33 8 19 71 5 38 35 29 47 7 51 65 74,heads,regular,2
2026-08-06T23:05:00Z,918,19 24 34 75 33 9 10 66 46 30 16 14 17 15 50 57 55 36 60 20,heads,regular,1
2026-08-06T23:07:40Z,919,57 76 70 1 61 29 14 40 59 44 38 71 48 13 50 15 23 79 49 39,tails,regular,3
2026-08-06T23:10:20Z,920,72 39 38 49 31 76 46 45 55 64 34 44 18 24 68 60 22 73 1 50,tails,regular,1
2026-08-06T23:13:00Z,921,16 4 68 2 14 80 79 51 10 9 19 67 38 70 41 71 48 56 32 65,tails,regular,2
2026-08-06T23:15:40Z,922,11 70 76 74 55 34 46 13 41 15 66 24 12 58 61 16 14 47 23 62,tails,regular,1
2026-08-06T23:18:20Z,923,37 25 50 28 76 67 7 34 22 23 62 6 57 41 44 43 63 65 4 24,evens,regular,1
2026-08-06T23:21:00Z,924,65 52 73 41 56 72 66 67 21 55 6 48 15 57 39 13 61 40 74 32,tails,major,3
2026-08-06T23:23:40Z,925,25 35 58 76 36 44 54 47 63 38 60 1 53 19 74 70 2 24 23 72,tails,minor,1
2026-08-06T23:26:20Z,926,10 38 60 29 39 15 11 24 37 71 55 7 53 34 19 73 20 79 16 61,heads,minor,1
2026-08-06T23:29:00Z,927,65 24 79 68 7 48 30 11 60 72 42 55 2 78 29 71 69 58 54 34,tails,major,1
2026-08-06T23:31:40Z,928,19 10 63 36 71 34 16 18 1 23 9 45 70 30 31 48 51 69 65 4,heads,regular,1
2026-08-06T23:34:20Z,929,72 73 21 18 27 5 26 80 45 29 22 47 13 61 10 17 36 24 69 67,heads,regular,1
2026-08-06T23:37:00Z,930,4 73 45 64 22 38 5 54 40 70 7 41 76 57 8 35 66 58 30 9,evens,minor,1
2026-08-06T23:39:40Z,931,55 47 21 62 30 4 10 1 12 45 23 73 59 32 70 2 25 80 34 24,heads,minor,1
2026-08-06T23:42:20Z,932,31 76 28 33 9 4 39 59 44 78 25 68 74 18 7 45 63 69 80 13,evens,regular,3
2026-08-06T23:45:00Z,933,6 8 10 70 5 15 18 52 22 51 33 47 58 20 21 29 44 12 55 60,heads,regular,1
2026-08-06T23:47:40Z,934,74 72 14 4 7 73 30 59 77 76 47 2 27 62 6 25 53 50 49 55,tails,regular,4
2026-08-06T23:50:20Z,935,58 20 9 55 73 3 40 15 23 31 49 16 64 7 77 70 27 78 1 45,heads,regular,3
2026-08-06T23:53:00Z,936,47 59 30 43 70 13 51 18 11 64 60 15 44 66 42 67 45 79 46 40,tails,minor,1
2026-08-06T23:55:40Z,937,6 41 59 47 42 28 11 15 31 35 9 49 61 33 19 34 62 48 76 20,heads,regular,3
2026-08-06T23:58:20Z,938,31 61 55 58 20 30 57 26 45 51 19 40 77 48 38 68 35 18 33 21,heads,regular,1
2026-08-07T00:01:00Z,939,60 20 67 40 54 46 69 13 7 77 53 76 8 80 64 44 51 59 18 65,tails,regular,10
2026-08-07T00:03:40Z,940,69 7 72 32 16 22 19 54 15 33 18 38 42 64 49 24 21 4 52 46,heads,minor,1
2026-08-07T00:06:20Z,941,76 77 18 25 21 61 28 62 56 32 66 5 14 57 65 70 73 20 15 49,tails,major,1
2026-08-07T00:09:00Z,942,24 76 66 18 33 34 27 52 37 56 16 22 65 29 73 21 6 39 31 10,heads,regular,2
2026-08-07T00:11:40Z,943,22 69 40 3 36 10 32 57 31 64 50 34 79 63 23 33 45 73 66 25,heads,regular,1
2026-08-07T00:14:20Z,944,38 3 44 30 64 50 58 54 76 52 60 34 26 40 13 49 53 57 47 18,tails,regular,1
2026-08-07T00:17:00Z,945,20 54 33 37 5 74 71 6 58 40 64 23 45 30 76 77 14 78 67 18,evens,major,1
2026-08-07T00:19:40Z,946,4 27 64 76 46 80 62 56 48 33 44 18 37 58 8 47 21 17 25 15,evens,regular,1
2026-08-07T00:22:20Z,947,24 19 5 66 71 29 70 60 45 7 41 76 55 53 22 56 62 67 68 49,tails,regular,3
2026-08-07T00:25:00Z,948,65 22 58 72 34 24 59 76 45 26 39 57 67 14 19 1 75 11 71 29,evens,regular,2
2026-08-07T00:27:40Z,949,42 40 67 68 4 62 34 18 47 72 19 45 35 77 27 24 17 61 63 54,tails,regular,3
2026-08-07T00:30:20Z,950,29 14 27 33 42 61 31 35 5 22 12 54 48 62 49 19 26 24 51 37,heads,regular,1
2026-08-07T00:33:00Z,951,72 36 32 44 15 55 27 56 16 76 23 64 6 77 19 43 74 24 75 54,tails,regular,1
2026-08-07T00:35:40Z,952,55 66 46 65 70 73 53 79 39 57 5 45 41 27 12 24 68 43 20 19,tails,minor,1
2026-08-07T00:38:20Z,953,27 44 31 9 72 37 33 58 21 38 46 12 39 32 8 66 76 24 1 17,heads,regular,1
2026-08-07T00:41:00Z,954,8 62 6 22 61 38 72 67 63 70 57 49 74 36 15 11 33 17 47 30,evens,regular,4
2026-08-07T00:43:40Z,955,4 13 63 47 23 18 54 22 57 69 29 28 21 76 27 50 11 24 1 60,heads,minor,1
2026-08-07T00:46:20Z,956,33 52 63 11 72 39 28 49 78 36 40 29 56 55 10 18 80 45 57 20,evens,minor,2
2026-08-07T00:49:00Z,957,60 42 8 31 52 22 32 80 47 10 50 4 13 69 65 59 58 78 73 33,tails,minor,3
2026-08-07T00:51:40Z,958,61 43 6 58 69 72 40 14 39 73 13 52 35 34 26 80 37 48 46 53,tails,regular,1
2026-08-07T00:54:20Z,959,26 68 6 40 60 47 8 25 57 71 34 76 36 67 48 63 50 13 51 5,tails,major,4
2026-08-07T00:57:00Z,960,51 41 21 4 79 35 2 31 65 26 36 27 10 50 63 48 39 5 45 70,heads,minor,3
2026-08-07T00:59:40Z,961,62 16 57 49 34 78 75 51 70 66 48 23 4 18 33 71 5 32 45 11,tails,major,4
2026-08-07T01:02:20Z,962,15 7 73 13 27 66 44 19 51 63 23 29 80 34 28 32 37 61 54 45,heads,regular,2
2026-08-07T01:05:00Z,963,73 31 51 76 25 52 47 62 15 3 12 28 4 11 24 8 61 70 39 30,heads,major,1
2026-08-07T01:07:40Z,964,4 6 20 2 29 34 57 30 78 50 23 9 66 64 62 32 58 80 7 21,heads,regular,1
2026-08-07T01:10:20Z,965,21 73 63 45 44 72 38 35 17 56 52 79 22 16 20 24 11 70 64 18,evens,regular,2
2026-08-07T01:13:00Z,966,73 72 61 9 16 46 39 7 38 33 4 25 28 74 78 60 50 51 66 57,tails,regular,1
2026-08-07T01:15:40Z,967,14 28 57 49 75 11 41 60 47 34 68 58 26 50 61 33 73 20 8 80,tails,major,1
2026-08-07T01:18:20Z,968,46 32 26 50 59 5 78 64 38 34 18 58 35 48 11 69 4 43 29 42,evens,regular,1
2026-08-07T01:21:00Z,969,19 34 7 79 37 9 80 17 48 60 65 38 57 40 55 22 78 28 59 8,heads,regular,2
2026-08-07T01:23:40Z,970,50 41 40 28 6 33 16 17 68 36 64 34 24 52 79 26 72 55 74 12,heads,major,1
2026-08-07T01:26:20Z,971,58 61 24 37 55 29 76 30 46 49 57 73 65 43 25 54 64 17 7 47,tails,regular,2
2026-08-07T01:29:00Z,972,61 56 78 48 68 46 26 13 21 15 12 63 77 32 53 16 20 6 59 30,evens,regular,1
2026-08-07T01:31:40Z,973,65 72 80 12 76 58 57 46 69 40 43 68 3 37 30 77 79 23 51 39,tails,regular,1
2026-08-07T01:34:20Z,974,58 24 76 27 23 31 4 29 60 32 43 22 26 10 14 75 15 41 69 49,heads,regular,1
2026-08-07T01:37:00Z,975,51 11 61 49 2 5 32 73 29 64 57 21 17 62 12 41 30 75 55 72,tails,regular,2
2026-08-07T01:39:40Z,976,34 9 10 8 74 18 65 44 52 28 75 53 6 68 66 48 21 12 78 22,evens,regular,2
2026-08-07T01:42:20Z,977,77 46 45 27 54 68 50 30 59 14 72 28 56 29 75 3 43 55 25 23,tails,regular,1
2026-08-07T01:45:00Z,978,38 28 53 7 72 15 48 26 45 36 61 52 24 1 18 33 22 78 58 40,heads,regular,1
2026-08-07T01:47:40Z,979,30 2 18 75 3 26 23 36 43 68 15 14 64 61 49 73 12 40 7 11,heads,regular,3
2026-08-07T01:50:20Z,980,53 71 76 12 27 41 3 34 54 10 79 9 24 67 11 70 47 7 78 13,evens,regular,1
2026-08-07T01:53:00Z,981,17 28 68 6 14 35 39 78 69 27 76 79 24 72 59 42 70 8 40 15,heads,regular,1
2026-08-07T01:55:40Z,982,26 65 16 49 60 64 3 12 70 10 67 75 74 20 54 55 44 42 33 5,tails,minor,2
2026-08-07T01:58:20Z,983,58 79 21 48 6 28 64 10 19 65 61 76 41 69 22 29 8 63 49 7,tails,minor,10
2026-08-07T02:01:00Z,984,43 68 17 5 10 65 47 77 61 45 8 74 29 19 35 40 62 53 3 9,evens,regular,3
2026-08-07T02:03:40Z,985,31 5 71 1 19 10 4 22 18 7 9 46 34 66 63 55 59 53 40 80,heads,regular,1
2026-08-07T02:06:20Z,986,17 29 67 50 7 26 11 36 74 35 78 62 20 69 12 32 68 56 22 23,heads,regular,3
2026-08-07T02:09:00Z,987,48 32 18 1 69 77 74 67 4 58 8 43 49 31 45 22 70 79 59 3,tails,regular,3
2026-08-07T02:11:40Z,988,29 2 67 15 59 18 68 43 56 44 41 17 14 62 22 50 24 51 32 23,evens,regular,1
2026-08-07T02:14:20Z,989,57 28 31 7 58 21 1 35 9 26 60 32 37 46 76 39 25 80 42 73,heads,regular,1
2026-08-07T02:17:00Z,990,46 8 26 55 1 4 68 38 79 48 31 67 44 41 62 42 80 12 51 76,tails,regular,1
2026-08-07T02:19:40Z,991,57 34 40 61 39 62 58 4 3 64 9 60 71 24 33 46 26 12 68 63,evens,regular,1
2026-08-07T02:22:20Z,992,56 34 21 67 77 74 44 55 51 30 18 41 7 13 76 22 20 2 27 39,heads,regular,3
2026-08-07T02:25:00Z,993,4 49 53 68 19 66 39 52 2 40 65 5 20 69 63 29 67 1 6 59,evens,regular,2
2026-08-07T02:27:40Z,994,57 30 39 7 42 34 80 44 51 46 19 31 35 6 67 14 41 61 10 53,evens,major,1
2026-08-07T02:30:20Z,995,23 9 48 79 43 59 15 71 76 46 25 56 2 5 58 53 13 66 72 31,tails,minor,3
2026-08-07T02:33:00Z,996,3 10 57 52 14 44 24 48 80 7 41 72 69 76 70 16 13 27 29 46,tails,regular,2
2026-08-07T02:35:40Z,997,76 56 14 7 57 73 28 61 79 52 54 5 58 24 59 1 80 55 45 63,tails,regular,1
2026-08-07T02:38:20Z,998,44 4 16 51 57 37 72 2 42 45 11 22 39 75 48 74 17 64 30 80,tails,major,4
2026-08-07T02:41:00Z,999,44 21 79 36 40 62 42 69 5 14 1 55 12 52 41 24 78 4 3 17,heads,regular,5
2026-08-07T02:43:40Z,1,15 4 67 36 64 72 56 68 24 79 19 55 30 32 70 63 18 17 77 65,tails,minor,3
2026-08-07T02:46:20Z,2,55 62 12 4 18 76 51 33 80 20 71 17 74 41 79 58 69 60 40 75,tails,major,3
2026-08-07T02:49:00Z,3,3 52 72 54 60 63 44 50 70 40 4 11 43 51 59 22 24 2 30 28,tails,regular,5
2026-08-07T02:51:40Z,4,51 6 80 65 8 7 67 63 35 52 43 64 75 19 61 66 24 57 44 79,tails,regular,3
2026-08-07T02:54:20Z,5,75 25 24 35 16 51 77 70 6 42 19 66 65 41 7 2 34 3 29 73,heads,minor,2
2026-08-07T02:57:00Z,6,30 22 63 32 46 77 9 41 52 51 14 29 2 72 55 23 39 56 19 26,heads,regular,4
2026-08-07T02:59:40Z,7,3 66 5 25 75 18 63 43 4 64 72 54 35 56 6 59 74 40 61 10,tails,regular,3
2026-08-07T03:02:20Z,8,76 60 38 48 5 62 3 14 27 31 57 37 10 19 50 55 23 75 22 35,heads,regular,1
2026-08-07T03:05:00Z,9,8 61 73 68 28 63 76 43 22 74 31 57 34 50 19 18 16 10 39 51,evens,regular,3
2026-08-07T03:07:40Z,10,78 38 33 69 79 29 61 76 70 10 3 66 26 14 34 28 20 39 55 9,heads,regular,1
2026-08-07T03:10:20Z,11,78 55 11 53 44 9 71 63 40 37 4 32 45 20 23 67 70 12 76 34,evens,minor,2
2026-08-07T03:13:00Z,12,26 37 2 4 38 17 21 31 57 72 11 9 43 74 69 53 79 33 66 60,heads,minor,1
2026-08-07T03:15:40Z,13,53 56 13 41 52 20 44 30 73 25 61 31 3 29 49 78 66 80 16 24,tails,minor,2
2026-08-07T03:18:20Z,14,19 64 48 71 75 37 62 26 54 47 22 1 27 10 66 77 9 33 56 31,evens,minor,1
2026-08-07T03:21:00Z,15,79 13 75 38 53 60 3 50 47 78 71 74 21 15 17 8 22 68 39 61,tails,minor,1
2026-08-07T03:23:40Z,16,27 7 71 68 6 78 26 10 60 19 52 15 38 40 21 16 29 32 77 55,heads,regular,1
2026-08-07T03:26:20Z,17,64 32 51 34 39 28 3 20 72 42 40 65 52 71 47 33 7 73 19 80,evens,major,3
2026-08-07T03:29:00Z,18,74 42 66 18 41 29 48 30 9 23 51 80 58 43 8 26 59 61 3 19,tails,major,1
2026-08-07T03:31:40Z,19,30 10 1 3 40 61 77 49 19 71 74 12 37 51 66 29 4 78 64 23,heads,regular,3
2026-08-07T03:34:20Z,20,76 58 52 49 7 53 23 80 21 12 24 67 6 20 66 19 2 47 60 11,evens,regular,2
2026-08-07T03:37:00Z,21,3 56 76 36 20 16 65 11 5 21 80 79 73 38 68 34 28 13 30 40,heads,regular,1
2026-08-07T03:39:40Z,22,1 43 72 29 50 40 19 26 57 17 60 65 3 76 2 20 80 71 27 7,heads,regular,1
2026-08-07T03:42:20Z,23,2 51 15 32 44 43 79 57 30 14 7 40 36 22 41 64 12 60 8 52,heads,minor,1
2026-08-07T03:45:00Z,24,67 14 71 30 10 54 41 50 11 51 28 36 58 21 59 79 16 43 15 27,evens,minor,2
2026-08-07T03:47:40Z,25,36 44 16 11 1 79 42 43 6 49 58 19 24 26 54 47 73 51 33 12,evens,minor,2
2026-08-07T03:50:20Z,26,57 23 45 16 5 37 73 38 48 52 54 1 56 78 51 43 19 63 34 71,tails,regular,2
2026-08-07T03:53:00Z,27,21 37 42 29 2 55 64 6 28 80 32 48 71 57 45 75 4 40 7 14,heads,regular,3
2026-08-07T03:55:40Z,28,75 6 31 58 24 35 28 79 29 21 77 37 17 32 42 2 13 10 5 25,heads,minor,3
2026-08-07T03:58:20Z,29,8 45 78 53 40 2 54 24 42 3 77 49 60 46 48 34 26 15 5 36,evens,minor,3
2026-08-07T04:01:00Z,30,14 39 73 42 20 44 60 65 78 61 7 43 11 12 16 45 34 33 8 3,heads,regular,1
2026-08-07T04:03:40Z,31,65 9 25 16 60 6 71 55 56 72 8 73 75 79 14 35 70 32 51 30,tails,regular,1
2026-08-07T04:06:20Z,32,38 22 79 15 18 56 39 44 43 59 40 62 52 8 47 17 36 37 32 71,heads,regular,1
2026-08-07T04:09:00Z,33,61 71 45 22 50 25 67 28 70 15 41 73 11 48 78 1 23 51 74 36,tails,major,1
2026-08-07T04:11:40Z,34,68 34 64 48 6 80 74 72 23 55 17 44 37 2 16 65 46 35 61 52,tails,regular,1
2026-08-07T04:14:20Z,35,59 16 69 56 71 4 26 58 37 34 15 25 22 66 5 48 63 45 31 77,evens,major,1
2026-08-07T04:17:00Z,36,30 12 67 9 58 66 60 80 64 52 27 65 41 13 59 56 35 11 77 68,tails,regular,3
2026-08-07T04:19:40Z,37,63 43 11 6 38 60 58 41 16 55 31 54 67 37 25 52 44 59 42 4,tails,major,2
2026-08-07T04:22:20Z,38,73 19 64 44 57 71 13 22 9 58 54 12 15 29 38 55 43 65 45 8,tails,regular,3
2026-08-07T04:25:00Z,39,22 11 4 43 13 42 46 24 32 27 54 28 57 39 72 59 77 47 73 34,evens,regular,3
2026-08-07T04:27:40Z,40,1 7 39 5 32 9 26 12 77 38 3 65 19 16 27 22 4 78 2 41,heads,regular,10
2026-08-07T04:30:20Z,41,34 14 37 19 62 12 13 68 71 26 33 49 45 5 67 18 53 60 72 58,evens,regular,3
2026-08-07T04:33:00Z,42,11 55 4 42 14 51 58 8 70 22 56 15 30 76 21 46 53 10 26 2,heads,regular,3
2026-08-07T04:35:40Z,43,29 5 70 18 32 77 30 64 16 35 4 11 25 50 57 51 47 72 44 36,heads,regular,1
2026-08-07T04:38:20Z,44,63 65 71 32 34 33 18 45 16 31 35 78 67 4 29 1 66 51 14 38,heads,regular,2
2026-08-07T04:41:00Z,45,71 14 56 2 65 43 74 22 15 29 72 78 41 75 47 73 69 66 60 46,tails,minor,3
2026-08-07T04:43:40Z,46,21 33 11 46 2 36 71 70 45 49 16 19 29 6 15 67 54 32 68 56,heads,major,1
2026-08-07T04:46:20Z,47,30 59 4 42 2 53 74 32 1 71 70 12 68 52 7 73 51 69 45 48,tails,regular,3
2026-08-07T04:49:00Z,48,32 47 70 53 39 18 14 34 37 2 28 56 29 11 43 23 79 55 24 62,heads,regular,3
2026-08-07T04:51:40Z,49,35 36 33 64 70 25 71 75 52 27 65 45 53 13 30 50 79 48 14 57,tails,regular,1
2026-08-07T04:54:20Z,50,52 24 12 77 14 42 63 46 21 17 54 25 34 28 10 30 68 18 11 79,heads,major,1
2026-08-07T04:57:00Z,51,2 61 65 63 56 10 44 68 35 69 30 75 29 28 1 41 80 76 52 3,tails,regular,1
2026-08-07T04:59:40Z,52,24 61 23 43 16 1 67 32 4 18 69 2 33 71 80 28 78 74 3 21,heads,minor,3
2026-08-07T05:02:20Z,53,73 70 60 36 1 41 52 14 18 13 79 4 40 25 61 45 64 51 28 7,evens,regular,5
2026-08-07T05:05:00Z,54,26 47 70 43 78 13 71 48 5 17 50 15 22 24 46 11 40 66 69 74,tails,minor,1
2026-08-07T05:07:40Z,55,51 59 50 41 14 75 43 30 67 65 46 4 53 77 70 20 5 6 21 73,tails,regular,3
2026-08-07T05:10:20Z,56,24 53 5 31 80 78 52 71 61 77 72 67 14 22 49 42 74 13 39 15,tails,regular,1
2026-08-07T05:13:00Z,57,6 64 65 56 44 76 35 26 25 22 50 62 42 4 43 41 68 47 11 67,tails,regular,1
2026-08-07T05:15:40Z,58,6 38 8 72 28 40 27 20 80 50 60 4 19 2 34 13 49 77 46 61,heads,regular,2
2026-08-07T05:18:20Z,59,38 32 80 47 6 54 12 63 53 76 71 13 67 27 31 59 44 75 2 11,tails,regular,1
2026-08-07T05:21:00Z,60,14 21 39 59 27 46 55 75 7 42 57 62 43 33 24 56 47 5 13 15,evens,regular,3
2026-08-07T05:23:40Z,61,26 6 39 76 61 44 65 21 25 13 22 36 72 62 3 69 15 5 51 70,heads,minor,2
2026-08-07T05:26:20Z,62,46 66 22 72 55 62 65 34 18 50 69 25 60 15 52 3 1 16 37 70,tails,regular,4
2026-08-07T05:29:00Z,63,14 11 18 34 44 51 76 42 15 53 52 31 37 73 39 66 24 5 74 58,evens,regular,2
2026-08-07T05:31:40Z,64,1 32 52 48 2 80 31 46 18 71 70 7 42 34 16 38 17 14 40 79,heads,regular,2
2026-08-07T05:34:20Z,65,75 41 71 53 19 59 78 66 74 28 54 24 45 26 67 55 1 10 68 79,tails,regular,3
2026-08-07T05:37:00Z,66,13 28 35 55 30 27 57 29 53 20 59 10 32 46 60 79 72 66 15 3,heads,regular,1
2026-08-07T05:39:40Z,67,79 23 44 4 67 69 71 35 43 40 12 10 21 20 29 53 52 3 48 63,evens,regular,1
2026-08-07T05:42:20Z,68,56 14 5 41 77 78 18 36 58 11 69 54 23 16 21 34 15 22 43 24,heads,regular,1
2026-08-07T05:45:00Z,69,7 69 23 70 63 53 42 60 41 40 8 46 79 72 14 48 54 2 1 57,tails,regular,2
2026-08-07T05:47:40Z,70,74 79 34 14 57 28 32 26 47 22 55 70 27 16 9 56 5 66 75 52,evens,minor,2
2026-08-07T05:50:20Z,71,2 20 69 45 80 1 48 5 38 77 75 78 71 40 18 11 62 74 12 41,tails,regular,3
2026-08-07T05:53:00Z,72,44 15 58 78 30 76 45 34 38 70 75 66 1 43 79 35 56 19 13 27,tails,regular,1
2026-08-07T05:55:40Z,73,23 7 1 51 20 4 79 31 69 27 30 60 12 16 52 21 26 74 13 67,heads,major,2
2026-08-07T05:58:20Z,74,75 51 18 17 2 80 34 70 33 79 7 76 43 4 44 78 64 58 46 39,tails,regular,3
2026-08-07T06:01:00Z,75,27 71 55 68 57 46 52 78 67 20 65 6 53 12 58 28 70 48 73 66,tails,regular,1
2026-08-07T06:03:40Z,76,17 4 16 77 80 43 74 42 54 69 19 72 57 22 23 38 6 63 2 32,evens,regular,2
2026-08-07T06:06:20Z,77,69 59 47 23 17 65 48 50 19 64 6 61 16 12 77 4 75 40 43 80,tails,regular,2
2026-08-07T06:09:00Z,78,33 40 49 67 55 12 15 35 22 76 6 44 80 27 14 4 18 72 17 51,heads,regular,1
2026-08-07T06:11:40Z,79,50 44 35 24 60 22 13 10 59 17 8 1 40 3 25 53 80 79 23 71,heads,regular,1
2026-08-07T06:14:20Z,80,18 57 66 45 14 72 31 28 40 7 53 56 1 55 52 50 48 32 78 16,tails,regular,2
2026-08-07T06:17:00Z,81,44 36 9 29 38 34 71 48 47 17 23 58 14 52 73 7 19 12 53 25,heads,minor,1
2026-08-07T06:19:40Z,82,17 31 1 58 54 26 72 47 73 76 49 51 77 42 30 24 43 11 29 21,tails,minor,1
2026-08-07T06:22:20Z,83,50 33 28 67 80 23 25 54 47 65 38 15 12 31 16 8 32 55 24 59,heads,regular,1
2026-08-07T06:25:00Z,84,1 63 31 7 33 56 47 51 65 34 13 49 28 57 12 53 54 77 74 79,tails,regular,1
2026-08-07T06:27:40Z,85,24 54 31 39 1 63 53 68 3 27 66 10 33 79 40 71 43 42 70 11,evens,regular,1
2026-08-07T06:30:20Z,86,8 73 67 63 69 41 79 46 43 76 74 53 36 57 68 54 50 22 29 70,tails,minor,2
2026-08-07T06:33:00Z,87,19 20 37 21 23 18 5 65 29 11 60 72 28 63 2 51 10 73 16 35,heads,minor,1
2026-08-07T06:35:40Z,88,24 39 8 18 62 58 43 67 64 55 48 9 37 30 73 45 15 7 17 33,heads,regular,2
2026-08-07T06:38:20Z,89,23 28 33 62 8 13 3 30 63 11 67 52 41 36 31 7 9 38 29 60,heads,regular,2
2026-08-07T06:41:00Z,90,11 23 36 34 66 31 20 2 67 78 70 48 12 53 37 80 41 44 63 33,evens,regular,2
2026-08-07T06:43:40Z,91,46 35 6 11 76 70 49 48 59 72 17 24 56 7 78 38 68 31 32 16,evens,regular,2
2026-08-07T06:46:20Z,92,14 51 5 28 15 37 6 30 12 41 34 11 73 31 18 32 29 49 8 78,heads,regular,3
2026-08-07T06:49:00Z,93,44 39 26 76 21 50 35 67 42 56 14 64 70 71 55 52 58 25 6 2,tails,regular,1
2026-08-07T06:51:40Z,94,64 50 1 62 68 37 58 28 38 11 55 35 48 22 60 57 25 75 56 19,tails,major,1
2026-08-07T06:54:20Z,95,10 70 49 17 73 25 3 69 59 54 18 77 48 11 15 53 55 12 57 27,tails,minor,1
2026-08-07T06:57:00Z,96,28 22 15 74 32 37 55 48 60 30 67 72 24 69 58 76 66 5 68 64,tails,minor,3
2026-08-07T06:59:40Z,97,47 75 60 78 11 31 70 69 29 50 32 2 76 80 3 27 67 46 14 34,tails,regular,1
2026-08-07T07:02:20Z,98,59 61 35 39 17 10 11 5 34 52 51 57 62 32 18 9 20 21 38 1,heads,regular,1
2026-08-07T07:05:00Z,99,67 35 3 54 46 56 43 26 66 38 58 14 31 39 17 16 48 49 4 25,heads,regular,2
2026-08-07T07:07:40Z,100,31 11 20 27 47 23 77 55 26 24 44 7 38 71 80 22 51 37 66 76,heads,regular,3
2026-08-07T07:10:20Z,101,21 60 32 14 73 35 78 33 54 29 41 67 65 12 18 10 26 49 39 25,heads,minor,2
2026-08-07T07:13:00Z,102,41 29 46 42 79 36 8 13 26 67 25 39 1 63 16 18 11 31 72 4,heads,minor,3
2026-08-07T07:15:40Z,103,60 37 34 2 14 61 10 29 40 28 30 65 57 75 44 31 54 11 48 36,heads,minor,2
2026-08-07T07:18:20Z,104,78 53 24 45 2 61 70 3 54 74 20 31 8 41 18 34 22 6 76 64,evens,minor,2
2026-08-07T07:21:00Z,105,1 56 57 21 33 76 4 2 80 10 39 67 46 23 54 69 15 25 31 19,heads,regular,1
2026-08-07T07:23:40Z,106,46 1 69 4 3 33 44 18 34 79 73 15 26 9 39 28 25 31 78 5,heads,regular,3
2026-08-07T07:26:20Z,107,8 23 22 54 35 41 2 26 36 39 16 47 13 29 24 55 28 46 51 32,heads,regular,2
2026-08-07T07:29:00Z,108,73 31 13 59 15 66 71 30 28 53 49 25 44 54 14 45 4 12 62 72,tails,regular,1
2026-08-07T07:31:40Z,109,59 12 60 30 21 9 27 56 50 80 24 11 44 53 45 16 51 31 75 3,evens,regular,3
2026-08-07T07:34:20Z,110,72 7 62 61 42 60 50 68 28 49 44 24 71 11 4 32 54 6 36 18,tails,regular,3
2026-08-07T07:37:00Z,111,11 75 72 63 52 36 1 6 29 47 27 10 31 68 64 2 56 15 23 13,heads,major,2
2026-08-07T07:39:40Z,112,13 33 59 34 15 17 52 66 71 54 22 14 76 18 45 21 80 41 19 38,heads,major,1
2026-08-07T07:42:20Z,113,55 66 1 27 50 5 20 16 63 25 78 74 23 73 18 33 39 15 35 28,heads,regular,3
2026-08-07T07:45:00Z,114,25 27 45 72 39 76 16 47 18 40 53 62 46 74 61 36 7 64 56 63,tails,regular,10
2026-08-07T07:47:40Z,115,66 28 26 38 57 16 44 34 54 80 9 78 77 46 2 49 31 61 63 64,tails,regular,1
2026-08-07T07:50:20Z,116,66 76 26 3 11 79 18 75 6 80 47 53 49 16 61 2 23 43 22 70,tails,minor,3
2026-08-07T07:53:00Z,117,52 54 50 43 5 30 16 74 39 51 63 45 72 77 21 29 6 55 15 17,tails,minor,2
2026-08-07T07:55:40Z,118,28 61 24 29 72 23 62 33 38 10 54 71 66 18 50 60 14 31 37 6,heads,minor,3
2026-08-07T07:58:20Z,119,25 58 62 40 69 44 1 72 28 37 49 60 3 71 2 53 22 15 20 10,heads,regular,1
2026-08-07T08:01:00Z,120,34 14 20 10 72 38 67 31 29 9 30 60 42 44 40 33 15 80 43 23,heads,regular,2
2026-08-07T08:03:40Z,121,4 43 70 9 40 46 22 61 37 51 68 77 31 8 18 62 19 52 65 25,evens,minor,1
2026-08-07T08:06:20Z,122,37 75 15 60 18 4 14 9 62 48 32 39 70 25 19 64 74 44 63 54,evens,minor,3
2026-08-07T08:09:00Z,123,3 43 10 12 4 25 29 19 37 27 31 58 72 17 69 64 33 52 53 40,heads,regular,1
2026-08-07T08:11:40Z,124,19 28 40 62 54 34 58 71 51 75 78 16 17 37 38 30 23 65 45 21,heads,regular,4
2026-08-07T08:14:20Z,125,58 65 75 34 42 55 67 3 53 50 17 22 23 76 72 66 43 60 9 47,tails,minor,2
2026-08-07T08:17:00Z,126,53 37 26 35 5 14 20 77 61 48 1 80 6 33 11 23 70 68 52 49,heads,minor,4
2026-08-07T08:19:40Z,127,14 56 23 52 16 61 46 30 5 8 32 47 37 13 77 50 28 58 6 12,heads,regular,1
2026-08-07T08:22:20Z,128,36 53 29 51 43 55 63 59 78 16 72 67 28 80 31 56 60 40 34 6,tails,regular,2
2026-08-07T08:25:00Z,129,61 18 40 29 13 27 79 9 63 21 47 33 62 80 64 72 57 35 19 28,heads,regular,3
2026-08-07T08:27:40Z,130,2 3 15 75 55 48 73 33 46 26 66 31 36 4 72 22 41 10 43 19,heads,regular,3
2026-08-07T08:30:20Z,131,80 50 4 62 54 64 20 18 77 8 33 70 25 14 43 28 49 15 34 76,evens,regular,3
2026-08-07T08:33:00Z,132,55 62 53 20 58 80 18 14 2 24 77 39 11 10 54 45 13 40 35 75,heads,major,1
2026-08-07T08:35:40Z,133,14 50 49 46 79 57 66 23 35 64 36 54 3 70 25 55 2 78 24 58,tails,regular,1
2026-08-07T08:38:20Z,134,51 1 2 43 8 63 14 13 26 23 9 17 27 46 75 50 80 35 70 25,heads,regular,1
2026-08-07T08:41:00Z,135,14 59 49 46 23 22 56 74 36 62 39 68 34 58 11 64 28 69 25 35,evens,major,3
2026-08-07T08:43:40Z,136,76 6 21 3 48 75 44 80 60 51 79 15 67 2 70 36 37 7 73 53,tails,regular,1
2026-08-07T08:46:20Z,137,53 76 16 5 30 51 56 27 23 40 67 2 19 31 64 33 62 72 1 39,heads,major,1
2026-08-07T08:49:00Z,138,47 14 8 48 36 46 37 64 12 54 53 20 59 43 61 11 57 2 10 25,evens,regular,3
2026-08-07T08:51:40Z,139,78 23 73 64 31 28 77 69 1 14 47 49 22 52 38 39 66 60 20 65,tails,minor,3
2026-08-07T08:54:20Z,140,68 20 63 7 54 26 4 30 36 48 50 41 46 77 19 56 78 3 42 70,tails,regular,4
2026-08-07T08:57:00Z,141,60 75 70 28 38 42 80 24 43 29 78 69 44 63 39 57 52 18 1 9,tails,minor,1
2026-08-07T08:59:40Z,142,74 20 35 26 50 53 78 75 70 22 68 19 18 6 46 57 48 2 34 30,evens,regular,1
2026-08-07T09:02:20Z,143,55 2 9 4 49 60 44 8 76 72 70 57 36 19 63 67 20 61 43 39,tails,regular,1
2026-08-07T09:05:00Z,144,66 48 28 33 24 39 80 72 4 35 78 55 46 21 38 29 49 74 58 26,evens,regular,1
2026-08-07T09:07:40Z,145,65 66 31 10 5 55 76 58 12 70 30 27 75 45 50 32 77 29 49 21,tails,regular,1
2026-08-07T09:10:20Z,146,22 63 30 68 62 77 38 70 61 16 9 37 24 42 44 19 10 7 33 35,heads,major,1
2026-08-07T09:13:00Z,147,9 21 40 78 66 26 22 70 63 60 39 73 72 49 34 79 28 7 44 52,tails,major,5
2026-08-07T09:15:40Z,148,10 22 60 69 77 55 1 61 36 65 73 17 66 28 15 19 4 14 24 43,heads,regular,1
2026-08-07T09:18:20Z,149,74 51 61 47 53 63 78 21 46 12 79 24 35 80 55 37 20 11 22 42,tails,major,1
2026-08-07T09:21:00Z,150,7 35 17 66 18 63 10 11 58 14 29 28 76 65 24 69 80 21 53 46,heads,minor,4
2026-08-07T09:23:40Z,151,55 2 72 4 67 48 76 77 78 28 49 64 37 75 58 44 59 29 25 5,tails,minor,2
2026-08-07T09:26:20Z,152,15 77 74 48 60 34 66 17 40 35 69 8 62 73 78 59 22 13 9 31,evens,major,1
2026-08-07T09:29:00Z,153,11 15 29 32 73 43 25 79 40 17 19 57 70 39 27 13 31 44 6 53,heads,regular,1
2026-08-07T09:31:40Z,154,4 41 51 29 60 7 11 69 45 5 54 79 23 77 2 34 37 59 14 24,heads,major,1
2026-08-07T09:34:20Z,155,40 27 74 6 65 29 54 16 44 11 70 75 47 4 15 34 26 21 49 33,heads,regular,3
2026-08-07T09:37:00Z,156,32 59 6 40 23 20 64 55 19 54 36 13 37 79 2 61 12 48 62 71,heads,minor,1
2026-08-07T09:39:40Z,157,13 36 43 61 38 80 34 79 1 15 58 11 6 23 7 64 65 30 59 77,heads,regular,1
2026-08-07T09:42:20Z,158,68 56 35 48 72 80 13 69 45 28 22 37 4 75 49 57 27 15 34 63,tails,regular,1
2026-08-07T09:45:00Z,159,80 32 36 68 59 60 46 35 12 54 57 31 63 72 26 50 30 66 16 38,tails,minor,3
2026-08-07T09:47:40Z,160,67 23 2 19 1 22 29 38 70 79 55 62 68 58 18 61 72 25 71 30,evens,regular,3
2026-08-07T09:50:20Z,161,1 15 14 23 3 29 11 71 12 13 76 78 20 79 45 44 33 30 7 63,heads,minor,3
2026-08-07T09:53:00Z,162,36 2 48 53 17 40 33 16 12 77 64 25 58 18 28 49 22 47 39 9,heads,regular,1
2026-08-07T09:55:40Z,163,63 53 62 1 27 44 32 9 31 59 2 28 80 11 79 66 72 20 36 37,heads,regular,1
2026-08-07T09:58:20Z,164,71 19 51 61 59 67 32 76 66 54 26 2 79 73 45 28 48 77 12 1,tails,regular,1
2026-08-07T10:01:00Z,165,33 72 76 16 69 2 7 48 79 13 52 27 65 75 66 40 34 30 67 20,evens,regular,3
2026-08-07T10:03:40Z,166,47 3 33 11 39 31 15 59 54 74 46 7 14 66 29 79 57 41 25 67,evens,regular,1
2026-08-07T10:06:20Z,167,5 31 60 10 40 3 41 65 39 15 20 52 59 19 17 49 44 30 61 1,heads,minor,2
2026-08-07T10:09:00Z,168,64 29 59 55 41 31 52 27 72 14 57 71 11 77 45 51 49 38 58 39,tails,minor,2
2026-08-07T10:11:40Z,169,77 33 39 61 25 48 80 15 38 68 23 65 18 45 56 32 72 66 62 37,tails,regular,2
2026-08-07T10:14:20Z,170,60 61 13 25 51 32 48 45 27 36 62 6 71 4 33 5 76 37 31 72,heads,regular,2
2026-08-07T10:17:00Z,171,45 7 44 74 13 28 30 59 62 58 66 79 26 63 56 57 29 67 65 21,tails,minor,1
2026-08-07T10:19:40Z,172,43 32 15 57 78 18 73 63 36 44 66 27 60 70 56 67 55 28 52 76,tails,major,2
2026-08-07T10:22:20Z,173,51 69 48 62 74 24 56 54 31 22 55 34 68 14 20 5 23 46 49 12,tails,regular,2
2026-08-07T10:25:00Z,174,49 65 57 47 40 39 19 54 15 35 6 68 46 79 66 56 23 16 33 10,evens,minor,10
2026-08-07T10:27:40Z,175,55 50 46 78 48 64 15 35 67 68 13 31 9 79 58 34 17 16 36 70,tails,minor,2
2026-08-07T10:30:20Z,176,74 30 66 76 49 4 52 48 75 65 61 41 33 40 59 80 69 58 60 78,tails,regular,2
2026-08-07T10:33:00Z,177,3 51 15 76 52 61 66 54 75 68 65 77 41 57 8 33 30 5 26 72,tails,major,2
2026-08-07T10:35:40Z,178,67 69 11 27 72 23 68 30 78 62 39 46 1 51 35 7 33 22 40 20,heads,regular,2
2026-08-07T10:38:20Z,179,30 41 35 21 38 60 36 56 55 76 45 23 37 31 61 15 70 12 69 43,evens,regular,1
2026-08-07T10:41:00Z,180,29 59 1 25 12 16 62 20 17 7 68 55 21 60 65 19 70 52 18 44,heads,regular,3
2026-08-07T10:43:40Z,181,57 61 22 6 66 47 14 13 69 62 41 2 32 24 39 15 38 71 25 10,heads,regular,2
2026-08-07T10:46:20Z,182,61 56 30 32 37 70 21 36 16 5 4 8 11 50 46 78 62 77 64 63,evens,major,1
2026-08-07T10:49:00Z,183,2 53 7 45 16 14 15 38 4 75 52 6 35 50 22 3 23 37 68 40,heads,regular,3
2026-08-07T10:51:40Z,184,43 78 74 53 30 59 68 6 9 2 28 31 72 4 52 14 15 17 11 32,heads,regular,1
2026-08-07T10:54:20Z,185,41 9 67 42 46 26 60 3 61 59 4 1 23 2 18 29 16 72 15 37,heads,regular,3
2026-08-07T10:57:00Z,186,79 16 53 51 78 17 28 11 32 6 29 13 68 30 49 73 27 38 45 64,heads,regular,1
2026-08-07T10:59:40Z,187,3 78 79 30 33 28 37 7 72 39 8 48 36 44 68 15 35 10 65 38,heads,regular,1
2026-08-07T11:02:20Z,188,50 47 32 69 41 22 37 54 27 11 65 4 15 40 48 53 20 63 62 78,tails,regular,4
2026-08-07T11:05:00Z,189,32 20 77 14 26 10 76 45 15 36 21 11 65 35 25 27 64 18 71 53,heads,regular,1
2026-08-07T11:07:40Z,190,24 52 49 15 48 26 37 9 76 7 3 21 60 41 77 79 23 33 10 19,heads,minor,1
2026-08-07T11:10:20Z,191,49 12 41 4 3 42 79 28 56 45 34 55 20 17 75 74 31 64 54 68,tails,major,4
2026-08-07T11:13:00Z,192,33 74 77 53 64 80 4 66 20 42 75 65 17 3 40 15 57 61 1 78,tails,regular,1
2026-08-07T11:15:40Z,193,4 15 10 62 71 8 53 56 19 30 68 34 24 17 21 47 48 18 33 77,heads,regular,1
2026-08-07T11:18:20Z,194,27 15 48 1 68 61 65 20 63 19 45 66 3 75 13 38 55 80 54 5,tails,regular,3
2026-08-07T11:21:00Z,195,9 56 7 5 65 1 22 68 36 60 64 59 23 28 25 31 45 27 16 70,heads,regular,1
2026-08-07T11:23:40Z,196,62 51 68 12 21 36 54 29 72 6 66 9 75 26 79 5 71 52 61 8,tails,regular,3
2026-08-07T11:26:20Z,197,75 51 2 11 28 9 21 33 31 61 36 14 43 68 44 48 40 55 41 62,evens,regular,1
2026-08-07T11:29:00Z,198,28 51 20 53 37 29 44 75 7 3 18 1 42 15 23 26 55 68 60 12,heads,minor,3
2026-08-07T11:31:40Z,199,35 46 28 64 29 62 40 7 10 41 51 37 45 67 63 71 74 50 26 22,tails,minor,2
2026-08-07T11:34:20Z,200,18 58 5 21 71 79 67 63 2 32 54 10 69 76 57 24 61 7 8 45,tails,major,1
2026-08-07T11:37:00Z,201,43 32 7 11 74 66 45 65 17 50 22 70 4 57 8 42 76 26 67 31,tails,regular,1
2026-08-07T11:39:40Z,202,19 63 9 11 30 2 20 34 40 55 1 69 18 72 12 21 52 10 80 73,heads,regular,1
2026-08-07T11:42:20Z,203,62 63 46 12 26 74 17 20 43 41 78 66 45 3 29 14 39 64 30 18,evens,minor,4
2026-08-07T11:45:00Z,204,26 22 46 64 4 80 9 73 15 28 60 69 49 39 68 65 59 3 13 48,tails,regular,2
2026-08-07T11:47:40Z,205,70 59 31 22 19 77 41 12 75 30 56 15 10 55 21 16 39 40 68 73,heads,minor,3
2026-08-07T11:50:20Z,206,13 67 28 51 76 63 74 50 36 54 41 29 79 4 46 6 56 21 47 9,tails,minor,3
2026-08-07T11:53:00Z,207,19 48 77 68 14 71 62 74 39 76 11 52 64 2 53 8 30 33 12 1,evens,minor,2
2026-08-07T11:55:40Z,208,12 61 14 74 77 27 37 62 69 28 34 10 23 9 41 45 29 66 48 71,evens,regular,1
2026-08-07T11:58:20Z,209,3 30 24 53 7 26 34 9 75 69 72 49 42 73 60 29 5 36 78 4,heads,regular,1
2026-08-07T12:01:00Z,210,76 75 45 48 72 40 80 39 33 47 54 56 73 36 5 10 31 58 4 62,tails,regular,1
2026-08-07T12:03:40Z,211,19 16 24 1 4 27 42 64 12 2 75 9 14 26 39 60 41 37 35 59,heads,regular,3
2026-08-07T12:06:20Z,212,9 79 4 64 25 65 54 52 66 44 7 39 16 3 62 41 46 14 40 61,tails,regular,2
2026-08-07T12:09:00Z,213,21 50 61 10 18 76 62 9 8 53 80 27 32 39 7 35 37 42 73 26,heads,minor,2
2026-08-07T12:11:40Z,214,66 74 4 52 49 40 38 45 3 55 16 37 27 2 24 26 33 75 1 5,heads,regular,2
2026-08-07T12:14:20Z,215,36 54 29 21 72 4 10 30 2 32 26 33 52 46 25 75 62 44 74 40,heads,major,1
2026-08-07T12:17:00Z,216,73 6 63 37 41 54 74 2 27 32 52 15 78 35 75 72 20 47 38 68,tails,regular,1
2026-08-07T12:19:40Z,217,65 13 6 26 24 28 23 36 19 54 18 71 42 47 37 62 67 35 68 78,heads,regular,2
2026-08-07T12:22:20Z,218,4 24 13 59 7 19 73 47 76 25 8 42 16 31 63 56 34 48 35 74,heads,regular,5
2026-08-07T12:25:00Z,219,36 75 27 37 48 49 8 78 72 69 30 40 7 18 67 47 77 66 55 9,tails,regular,5
2026-08-07T12:27:40Z,220,38 43 9 26 69 1 12 16 67 49 56 79 6 77 41 31 20 11 15 62,heads,regular,1
2026-08-07T12:30:20Z,221,74 44 13 17 38 51 66 72 41 28 60 1 22 27 5 12 20 58 7 30,heads,regular,1
2026-08-07T12:33:00Z,222,51 74 38 64 26 50 21 37 9 35 57 56 61 47 62 75 7 54 1 5,tails,major,4
2026-08-07T12:35:40Z,223,58 1 45 70 54 55 36 41 67 10 78 4 57 33 20 56 17 76 28 75,tails,regular,3
2026-08-07T12:38:20Z,224,12 25 24 62 2 10 48 43 67 22 3 58 33 66 78 31 17 65 52 53,evens,regular,2
2026-08-07T12:41:00Z,225,20 23 58 18 11 65 75 44 60 43 4 39 62 78 36 54 28 66 14 59,tails,regular,3
2026-08-07T12:43:40Z,226,49 14 66 4 69 42 77 2 62 65 79 41 75 22 56 57 15 72 35 71,tails,minor,1
2026-08-07T12:46:20Z,227,36 66 51 69 46 65 22 12 38 19 26 40 76 48 30 42 41 14 61 32,evens,regular,1
2026-08-07T12:49:00Z,228,54 55 41 34 25 80 48 18 7 27 39 9 62 47 29 43 2 68 72 16,evens,regular,2
2026-08-07T12:51:40Z,229,10 36 60 14 9 29 63 15 50 38 72 57 46 21 31 25 71 26 22 33,heads,regular,1
2026-08-07T12:54:20Z,230,60 46 22 70 71 17 73 1 78 66 69 49 39 54 21 5 19 35 16 61,tails,major,3
2026-08-07T12:57:00Z,231,8 2 9 33 27 35 29 28 26 43 59 39 23 24 54 50 67 13 55 76,heads,minor,2
2026-08-07T12:59:40Z,232,13 65 49 30 10 25 54 61 66 47 45 12 2 53 15 68 74 60 7 24,tails,regular,2
2026-08-07T13:02:20Z,233,77 49 42 70 3 67 19 1 37 64 73 26 39 68 58 20 12 46 53 7,tails,regular,1
2026-08-07T13:05:00Z,234,53 22 25 39 80 55 66 70 17 19 27 35 59 18 8 33 14 16 47 76,heads,regular,3
2026-08-07T13:07:40Z,235,77 26 62 47 50 46 35 19 48 29 5 74 59 2 63 73 64 43 27 41,tails,major,1
2026-08-07T13:10:20Z,236,76 61 19 36 72 63 22 78 28 44 35 4 1 7 33 69 67 16 9 58,heads,regular,2
2026-08-07T13:13:00Z,237,74 33 57 63 14 67 61 22 15 68 73 78 48 58 75 49 34 79 56 8,tails,regular,2
2026-08-07T13:15:40Z,238,31 46 3 62 33 76 26 56 15 10 30 27 47 75 64 77 73 21 20 55,evens,minor,1
2026-08-07T13:18:20Z,239,14 16 42 45 64 57 48 70 8 36 33 43 65 18 55 79 44 13 63 5,tails,regular,1
2026-08-07T13:21:00Z,240,32 15 77 35 6 65 30 42 53 28 60 43 66 12 4 33 20 36 3 7,heads,minor,3
2026-08-07T13:23:40Z,241,47 71 68 77 27 60 19 69 52 36 16 73 12 41 50 2 40 23 5 6,evens,regular,3
2026-08-07T13:26:20Z,242,37 35 55 66 16 29 41 1 11 54 20 6 78 64 46 15 13 63 21 40,heads,regular,1
2026-08-07T13:29:00Z,243,48 62 21 9 28 42 59 54 30 64 76 27 19 5 2 12 36 41 70 75,evens,regular,2
2026-08-07T13:31:40Z,244,21 36 32 52 67 7 41 5 57 79 63 16 2 68 61 54 30 13 50 69,tails,minor,10
2026-08-07T13:34:20Z,245,61 3 16 31 62 52 44 28 43 30 17 56 4 10 2 57 68 23 72 49,evens,regular,1
2026-08-07T13:37:00Z,246,7 23 1 27 30 26 34 28 21 16 74 38 25 46 45 5 2 10 43 15,heads,regular,1
2026-08-07T13:39:40Z,247,60 38 52 41 72 43 69 46 47 49 45 31 7 27 32 78 12 61 71 76,tails,regular,2
2026-08-07T13:42:20Z,248,54 50 19 52 35 18 23 60 39 75 12 70 44 55 7 71 31 57 76 26,tails,minor,1
2026-08-07T13:45:00Z,249,5 54 47 42 53 46 24 6 1 28 9 32 40 7 41 75 56 61 80 69,tails,regular,2
2026-08-07T13:47:40Z,250,78 61 64 28 66 60 35 13 75 39 43 20 51 76 18 58 59 70 38 25,tails,major,1
2026-08-07T13:50:20Z,251,65 4 56 58 17 38 52 45 57 34 6 9 49 19 48 69 14 21 46 33,evens,regular,3
2026-08-07T13:53:00Z,252,74 16 34 80 29 46 42 55 13 17 50 45 48 66 41 6 63 67 10 25,tails,major,1
2026-08-07T13:55:40Z,253,2 47 78 44 24 38 74 35 60 3 1 23 58 37 68 49 10 17 63 55,evens,regular,1
2026-08-07T13:58:20Z,254,24 23 65 7 33 72 68 79 15 46 4 55 53 28 36 25 38 9 22 18,heads,regular,3
2026-08-07T14:01:00Z,255,19 72 71 60 52 35 56 50 21 65 24 1 80 70 46 69 62 74 44 39,tails,regular,2
2026-08-07T14:03:40Z,256,21 52 33 29 15 64 26 37 61 56 55 11 66 30 18 7 41 22 46 74,heads,major,2
2026-08-07T14:06:20Z,257,1 33 62 43 3 6 78 71 40 39 27 17 28 36 64 73 50 54 5 19,heads,regular,2
2026-08-07T14:09:00Z,258,30 53 62 44 28 78 31 68 67 79 38 40 80 71 23 76 49 75 9 27,tails,regular,3
2026-08-07T14:11:40Z,259,59 32 61 43 4 18 40 45 56 63 16 49 36 44 9 69 14 71 54 25,tails,minor,1
2026-08-07T14:14:20Z,260,6 63 39 13 33 26 22 41 46 79 15 74 43 36 25 67 44 75 24 65,evens,regular,2
2026-08-07T14:17:00Z,261,57 63 27 38 6 79 42 60 23 22 30 18 76 44 49 19 43 35 10 15,heads,regular,3
2026-08-07T14:19:40Z,262,45 48 17 10 64 1 26 13 30 8 54 53 66 74 57 22 40 7 39 25,heads,regular,5
2026-08-07T14:22:20Z,263,34 58 80 35 17 45 56 28 22 60 77 65 25 42 79 21 38 12 20 68,evens,regular,2
2026-08-07T14:25:00Z,264,13 37 14 25 11 22 54 12 44 7 18 56 66 20 36 2 73 3 26 76,heads,regular,1
2026-08-07T14:27:40Z,265,21 28 40 24 26 42 16 55 50 27 54 38 67 5 74 79 9 53 10 15,heads,regular,1
2026-08-07T14:30:20Z,266,20 10 47 55 49 61 41 54 56 51 69 7 22 18 73 62 29 65 59 40,tails,regular,1
2026-08-07T14:33:00Z,267,77 72 31 67 58 29 40 70 73 78 53 27 17 41 5 61 44 48 37 80,tails,regular,3
2026-08-07T14:35:40Z,268,37 27 22 42 51 3 4 71 6 76 25 43 19 30 14 15 17 28 5 44,heads,regular,1
2026-08-07T14:38:20Z,269,19 33 50 72 47 31 46 55 64 74 61 13 65 1 12 44 28 62 24 7,tails,minor,1
2026-08-07T14:41:00Z,270,14 53 39 25 63 68 72 43 9 50 51 27 3 54 23 34 4 11 49 18,heads,regular,1
2026-08-07T14:43:40Z,271,80 5 55 35 51 64 10 39 14 7 68 20 32 16 11 53 37 59 45 15,heads,regular,3
2026-08-07T14:46:20Z,272,37 22 79 35 32 50 30 52 3 21 72 18 59 10 4 75 78 71 6 73,heads,major,1
2026-08-07T14:49:00Z,273,16 50 26 8 35 23 2 29 64 47 34 37 70 58 62 73 3 45 11 38,heads,regular,2
2026-08-07T14:51:40Z,274,74 26 37 5 18 50 39 68 75 69 79 38 17 19 11 28 21 34 53 67,heads,regular,1
2026-08-07T14:54:20Z,275,14 37 10 44 57 28 5 17 40 21 24 60 43 20 70 58 23 8 35 59,heads,regular,1
2026-08-07T14:57:00Z,276,14 53 8 21 40 26 60 17 25 69 20 44 29 11 65 63 48 31 79 75,heads,regular,2
2026-08-07T14:59:40Z,277,75 56 7 15 6 45 60 29 32 66 16 47 18 61 74 54 53 52 46 76,tails,regular,1
2026-08-07T15:02:20Z,278,22 17 36 7 5 21 58 63 48 18 60 4 47 52 8 72 68 25 19 42,heads,regular,1
2026-08-07T15:05:00Z,279,17 76 58 21 7 73 39 54 20 9 14 16 34 51 41 62 32 52 35 44,heads,regular,1
2026-08-07T15:07:40Z,280,59 32 28 18 42 1 36 80 78 37 19 56 75 63 58 68 10 76 15 13,evens,regular,2
2026-08-07T15:10:20Z,281,45 65 63 22 5 46 18 75 64 11 42 37 71 20 58 53 73 41 17 32,tails,regular,1
2026-08-07T15:13:00Z,282,36 67 78 55 52 33 23 28 58 5 57 42 27 25 34 70 80 69 50 41,tails,regular,2
2026-08-07T15:15:40Z,283,32 41 58 79 45 6 25 4 71 53 75 73 52 70 62 20 37 9 51 3,tails,regular,1
2026-08-07T15:18:20Z,284,24 20 69 50 21 33 15 61 75 51 74 12 57 26 56 17 70 42 53 34,tails,regular,2
2026-08-07T15:21:00Z,285,37 66 24 44 42 3 46 9 26 80 39 51 65 54 45 30 22 38 64 10,evens,regular,2
2026-08-07T15:23:40Z,286,31 58 67 15 66 3 39 41 34 79 76 44 53 36 7 23 64 2 42 69,tails,regular,2
2026-08-07T15:26:20Z,287,19 38 34 50 13 60 44 61 17 52 62 73 30 31 79 78 33 71 21 35,evens,regular,1
2026-08-07T15:29:00Z,288,25 70 60 54 53 52 59 67 9 35 74 56 80 24 16 20 5 57 13 62,tails,regular,3
2026-08-07T15:31:40Z,289,41 57 27 9 68 37 80 49 3 52 51 25 17 58 67 39 4 59 15 43,tails,regular,2
2026-08-07T15:34:20Z,290,71 58 22 7 26 69 23 6 15 21 39 53 52 25 61 34 33 50 35 70,heads,regular,3
2026-08-07T15:37:00Z,291,22 76 68 57 30 48 39 38 61 2 41 59 9 55 70 67 56 60 11 44,tails,minor,3
2026-08-07T15:39:40Z,292,50 51 72 4 66 23 68 53 45 80 19 37 27 34 67 55 39 10 40 57,tails,regular,1
2026-08-07T15:42:20Z,293,48 61 40 50 65 24 13 7 53 54 27 33 56 67 72 78 25 47 8 28,tails,minor,3
2026-08-07T15:45:00Z,294,70 75 59 58 34 8 69 17 45 19 29 52 65 42 28 47 54 62 16 60,tails,regular,1
2026-08-07T15:47:40Z,295,32 69 15 49 47 8 76 64 34 38 28 7 55 1 31 48 67 56 17 43,evens,major,1
2026-08-07T15:50:20Z,296,80 12 47 42 41 36 69 21 20 32 61 8 19 52 43 64 22 4 33 16,heads,major,1
2026-08-07T15:53:00Z,297,5 69 20 24 68 32 46 45 27 74 33 18 51 64 63 66 59 77 72 29,tails,regular,1
2026-08-07T15:55:40Z,298,30 27 49 58 42 71 5 8 54 80 64 6 70 2 31 13 40 29 77 59,evens,regular,1
2026-08-07T15:58:20Z,299,3 6 69 29 64 39 66 63 44 76 1 50 12 51 49 32 60 16 18 73,tails,regular,3
2026-08-07T16:01:00Z,300,44 6 40 19 54 30 64 59 9 8 65 14 58 77 11 23 63 20 53 17,heads,regular,2
2026-08-07T16:03:40Z,301,23 51 50 29 9 15 25 70 78 72 58 42 45 38 37 24 3 8 18 21,heads,regular,3
2026-08-07T16:06:20Z,302,55 39 58 31 65 8 50 9 66 76 10 40 37 72 23 56 35 4 77 53,evens,regular,2
2026-08-07T16:09:00Z,303,2 31 28 43 3 57 4 18 77 76 35 6 80 27 61 50 39 73 54 7,heads,regular,2
2026-08-07T16:11:40Z,304,56 58 71 73 70 7 20 45 48 61 11 30 5 75 57 31 74 3 29 28,tails,regular,1
2026-08-07T16:14:20Z,305,29 20 44 28 48 73 25 12 45 42 4 37 60 5 49 17 50 9 35 80,heads,regular,3
2026-08-07T16:17:00Z,306,72 25 30 63 57 20 61 80 34 12 42 14 6 54 3 75 10 4 38 49,heads,regular,2
2026-08-07T16:19:40Z,307,2 13 50 38 4 9 47 74 79 40 62 23 7 73 35 67 46 76 58 16,evens,regular,2
2026-08-07T16:22:20Z,308,21 38 42 26 36 62 5 52 55 10 46 11 34 57 53 33 30 27 75 15,heads,regular,1
2026-08-07T16:25:00Z,309,13 31 30 28 19 45 64 74 37 22 48 3 56 47 9 32 1 75 68 23,heads,major,1
2026-08-07T16:27:40Z,310,71 5 7 33 38 16 64 70 69 12 21 74 2 6 25 11 35 4 60 59,heads,minor,1
2026-08-07T16:30:20Z,311,60 65 39 67 6 25 73 32 56 75 46 72 29 36 47 52 38 51 10 2,tails,regular,3
2026-08-07T16:33:00Z,312,47 76 74 2 61 49 67 34 40 72 77 25 63 23 6 58 57 22 31 39,tails,regular,1
2026-08-07T16:35:40Z,313,80 36 1 19 31 43 53 62 7 8 16 17 58 33 18 23 64 67 51 44,heads,regular,2
2026-08-07T16:38:20Z,314,46 51 63 7 23 77 65 31 76 32 44 5 35 34 26 80 70 10 42 27,evens,minor,2
2026-08-07T16:41:00Z,315,52 20 17 34 25 79 41 60 9 73 42 49 19 54 39 3 14 31 7 48,heads,regular,3
2026-08-07T16:43:40Z,316,70 56 77 80 22 34 33 65 39 21 49 60 26 53 55 30 45 20 9 36,evens,regular,2
2026-08-07T16:46:20Z,317,24 8 70 9 46 58 75 2 36 44 17 59 1 40 34 52 28 41 55 39,heads,regular,2
2026-08-07T16:49:00Z,318,4 7 17 62 74 29 65 18 57 26 59 49 1 63 73 48 70 6 35 76,tails,regular,2
2026-08-07T16:51:40Z,319,52 7 44 34 23 13 28 14 25 76 50 20 16 54 49 9 19 29 8 12,heads,regular,3
2026-08-07T16:54:20Z,320,8 9 59 11 45 80 66 56 58 39 6 30 2 50 47 53 61 76 72 34,tails,regular,4
2026-08-07T16:57:00Z,321,53 8 58 38 73 76 29 32 43 6 41 20 22 17 1 75 72 30 70 56,evens,regular,1
2026-08-07T16:59:40Z,322,66 12 43 31 36 39 3 23 41 72 28 73 14 59 47 62 38 10 4 78,heads,regular,3
2026-08-07T17:02:20Z,323,48 53 76 71 69 1 46 51 34 74 45 70 65 50 19 29 59 11 14 55,tails,minor,2
2026-08-07T17:05:00Z,324,18 33 1 44 22 25 74 11 65 28 38 70 45 80 37 60 52 17 75 35,heads,major,4
2026-08-07T17:07:40Z,325,72 42 57 9 27 5 78 13 28 32 53 33 20 24 54 40 46 45 69 30,heads,regular,2
2026-08-07T17:10:20Z,326,28 33 7 44 24 50 79 41 10 34 60 53 75 4 22 26 6 48 80 15,heads,minor,3
2026-08-07T17:13:00Z,327,39 79 43 75 78 58 76 77 30 54 2 57 3 69 49 36 18 11 27 42,tails,regular,1
2026-08-07T17:15:40Z,328,9 24 11 70 38 72 31 12 39 42 43 28 60 8 56 6 14 2 68 80,heads,regular,1
2026-08-07T17:18:20Z,329,6 74 16 61 51 70 64 25 58 78 46 77 44 15 1 43 52 59 73 79,tails,regular,1
2026-08-07T17:21:00Z,330,32 65 33 38 60 44 47 30 50 39 48 37 67 12 61 66 68 78 71 79,tails,regular,1
2026-08-07T17:23:40Z,331,17 46 35 5 1 27 8 55 56 34 73 72 26 68 23 67 41 75 77 38,evens,minor,2
2026-08-07T17:26:20Z,332,3 6 50 54 34 55 11 73 72 14 68 41 29 39 35 60 36 7 78 40,heads,minor,10
2026-08-07T17:29:00Z,333,6 78 10 16 35 24 61 45 36 52 58 2 65 29 77 11 63 20 38 59,heads,major,1
2026-08-07T17:31:40Z,334,58 25 51 63 67 27 6 42 22 80 2 74 69 61 71 24 5 48 78 56,tails,regular,1
2026-08-07T17:34:20Z,335,4 57 63 22 52 20 60 41 8 36 61 43 16 53 13 73 48 34 33 78,tails,regular,1
2026-08-07T17:37:00Z,336,64 62 46 68 4 17 25 51 21 11 67 7 78 73 23 79 15 71 2 38,evens,regular,2
2026-08-07T17:39:40Z,337,41 46 43 28 55 53 50 73 72 5 31 57 14 22 68 7 33 18 4 13,evens,regular,1
2026-08-07T17:42:20Z,338,19 72 29 67 37 23 25 65 48 49 78 74 55 40 4 43 75 56 15 41,tails,regular,5
2026-08-07T17:45:00Z,339,44 55 24 8 64 58 67 20 17 38 18 78 16 6 63 72 56 49 71 41,tails,minor,2
2026-08-07T17:47:40Z,340,52 55 47 44 19 8 39 64 78 21 27 40 57 22 5 77 72 9 7 75,evens,regular,1
2026-08-07T17:50:20Z,341,32 38 79 51 50 56 74 67 8 14 58 5 12 3 49 77 25 37 72 75,tails,regular,2
2026-08-07T17:53:00Z,342,77 67 51 36 42 37 78 50 2 9 52 24 44 46 27 32 21 55 12 66,tails,regular,1
2026-08-07T17:55:40Z,343,11 19 20 40 12 7 45 14 17 38 28 79 10 47 61 4 13 76 42 48,heads,regular,3
2026-08-07T17:58:20Z,344,5 19 62 14 22 73 71 55 16 56 25 68 47 53 50 6 48 39 49 43,tails,regular,3
2026-08-07T18:01:00Z,345,36 18 21 38 46 29 26 70 58 12 60 53 56 57 49 68 39 24 7 76,evens,regular,2
2026-08-07T18:03:40Z,346,29 26 16 1 51 9 24 31 21 37 7 14 44 43 66 33 71 35 22 32,heads,regular,3
2026-08-07T18:06:20Z,347,1 6 29 25 39 79 26 40 59 46 47 48 14 51 23 69 52 31 65 30,heads,regular,2
2026-08-07T18:09:00Z,348,27 60 26 61 50 6 40 36 74 38 30 20 52 35 14 48 67 3 1 56,heads,regular,3
2026-08-07T18:11:40Z,349,52 33 71 27 68 55 37 77 50 26 19 41 5 56 67 64 4 30 53 35,tails,regular,3
2026-08-07T18:14:20Z,350,22 40 60 44 4 14 25 67 15 47 31 13 36 26 28 33 48 51 35 12,heads,regular,1
2026-08-07T18:17:00Z,351,26 67 36 79 10 74 61 23 38 17 58 16 15 1 71 50 47 57 8 43,evens,regular,1
2026-08-07T18:19:40Z,352,7 14 47 42 49 53 16 45 3 66 1 75 68 4 8 11 2 61 56 43,tails,regular,1
2026-08-07T18:22:20Z,353,51 29 40 59 24 60 62 12 76 7 3 71 16 30 19 1 38 72 8 57,heads,regular,2
2026-08-07T18:25:00Z,354,46 30 63 47 78 34 80 32 29 70 53 36 56 8 51 59 37 62 42 69,tails,minor,3
2026-08-07T18:27:40Z,355,25 76 22 79 48 30 38 68 16 2 47 59 40 54 44 63 13 31 9 62,evens,minor,3
2026-08-07T18:30:20Z,356,56 45 9 66 78 63 61 8 6 1 14 69 41 24 68 57 50 19 40 51,tails,minor,3
2026-08-07T18:33:00Z,357,62 45 54 12 72 53 9 66 28 26 46 16 20 17 10 71 69 59 37 79,tails,major,4
2026-08-07T18:35:40Z,358,31 45 68 21 51 14 65 3 62 49 27 40 11 38 60 4 16 33 9 55,heads,regular,2
2026-08-07T18:38:20Z,359,26 24 41 32 79 5 72 9 25 22 55 77 10 36 2 39 56 52 4 54,heads,regular,3
2026-08-07T18:41:00Z,360,4 12 70 19 41 79 76 40 17 28 38 51 6 72 2 33 55 42 61 5,heads,minor,1
2026-08-07T18:43:40Z,361,16 12 60 38 26 57 24 11 50 31 63 69 6 54 44 66 72 47 1 49,tails,regular,3
2026-08-07T18:46:20Z,362,55 56 79 38 18 31 7 59 6 4 42 80 16 50 43 67 78 20 15 9,evens,regular,1
2026-08-07T18:49:00Z,363,70 37 76 24 57 2 32 1 15 58 13 31 54 7 64 34 62 10 78 25,heads,regular,3
2026-08-07T18:51:40Z,364,13 6 46 51 61 12 29 9 77 31 58 34 39 53 19 60 5 69 28 74,heads,regular,3
2026-08-07T18:54:20Z,365,22 74 42 9 47 6 28 80 23 8 77 48 39 57 53 52 3 43 24 70,tails,minor,10
2026-08-07T18:57:00Z,366,79 77 78 38 8 28 71 74 63 4 62 80 15 18 70 56 36 60 21 72,tails,regular,2
2026-08-07T18:59:40Z,367,1 57 34 28 11 58 76 47 52 69 20 31 41 50 26 39 55 68 40 37,evens,regular,2
2026-08-07T19:02:20Z,368,2 40 68 74 18 76 15 27 26 16 30 56 12 5 53 20 22 39 34 65,heads,regular,1
2026-08-07T19:05:00Z,369,76 29 53 48 47 44 49 63 1 4 80 70 36 32 73 38 22 78 79 42,tails,regular,1
2026-08-07T19:07:40Z,370,50 56 23 46 33 51 19 12 35 15 49 71 32 9 2 38 7 76 78 42,heads,regular,3
2026-08-07T19:10:20Z,371,37 9 50 53 29 56 40 34 65 8 21 1 70 16 66 15 63 32 17 4,heads,regular,1
2026-08-07T19:13:00Z,372,58 52 36 35 75 43 18 8 16 60 34 42 17 23 67 59 79 69 32 49,tails,major,3
2026-08-07T19:15:40Z,373,53 66 44 1 68 69 14 54 49 31 39 2 58 43 46 22 76 80 37 32,tails,regular,1
2026-08-07T19:18:20Z,374,47 75 72 39 73 5 34 8 3 52 59 9 46 57 53 48 19 51 54 78,tails,regular,2
2026-08-07T19:21:00Z,375,18 16 17 32 31 10 25 1 4 69 53 54 75 51 48 28 50 7 44 60,heads,regular,1
2026-08-07T19:23:40Z,376,11 54 58 68 38 5 43 78 67 57 50 48 73 42 2 28 41 45 39 7,tails,regular,1
2026-08-07T19:26:20Z,377,54 43 56 26 13 27 55 72 16 75 68 23 37 39 73 44 42 76 67 17,tails,regular,1
2026-08-07T19:29:00Z,378,63 62 53 43 15 58 46 2 18 6 60 9 26 23 66 50 20 24 54 55,tails,regular,2
2026-08-07T19:31:40Z,379,71 9 7 42 35 18 55 47 24 50 17 2 19 59 21 48 76 66 20 72,evens,regular,4
2026-08-07T19:34:20Z,380,59 20 52 42 19 63 54 37 18 12 44 48 62 21 36 74 16 34 11 68,evens,minor,4
2026-08-07T19:37:00Z,381,4 63 65 80 64 54 16 71 73 35 56 31 47 52 68 46 77 44 22 9,tails,major,1
2026-08-07T19:39:40Z,382,56 36 23 34 45 73 2 5 59 38 21 32 55 28 74 1 40 71 25 47,heads,regular,1
2026-08-07T19:42:20Z,383,55 13 49 80 29 50 6 20 71 28 77 72 45 69 52 8 36 25 18 76,tails,regular,1
2026-08-07T19:45:00Z,384,57 71 9 5 39 70 48 59 1 44 67 52 12 6 75 32 80 30 78 24,tails,regular,3
2026-08-07T19:47:40Z,385,2 32 74 43 80 9 67 45 12 53 15 64 13 14 58 59 36 40 77 79,tails,major,3
2026-08-07T19:50:20Z,386,8 54 4 28 27 53 6 74 63 10 25 9 71 32 3 51 47 18 59 78,heads,regular,3
2026-08-07T19:53:00Z,387,34 76 39 58 62 73 75 53 16 59 41 22 28 10 33 20 5 42 36 79,evens,regular,1
2026-08-07T19:55:40Z,388,77 62 18 8 45 21 65 29 4 5 75 7 16 74 26 76 73 32 6 20,heads,minor,3
2026-08-07T19:58:20Z,389,6 78 26 2 27 71 66 40 63 25 69 9 70 7 19 13 51 50 17 38,heads,regular,1
2026-08-07T20:01:00Z,390,48 38 75 74 72 11 13 24 46 60 40 17 27 5 42 78 71 16 45 4,evens,major,2
2026-08-07T20:03:40Z,391,37 75 68 24 11 33 21 27 25 64 23 65 7 78 13 10 4 15 71 70,heads,regular,1
2026-08-07T20:06:20Z,392,7 10 38 25 42 65 63 70 8 66 44 51 55 3 56 1 62 64 37 57,tails,regular,3
2026-08-07T20:09:00Z,393,79 33 55 11 71 6 39 37 78 5 28 31 54 46 69 24 2 36 75 72,heads,major,4
2026-08-07T20:11:40Z,394,33 26 52 36 22 54 5 28 62 40 8 68 76 14 60 31 56 42 74 77,evens,regular,2
2026-08-07T20:14:20Z,395,74 68 19 60 8 73 5 57 70 9 24 65 59 53 54 6 79 18 32 38,tails,minor,2
2026-08-07T20:17:00Z,396,51 67 26 11 55 17 72 6 54 60 50 47 71 56 75 15 57 34 73 27,tails,regular,3
2026-08-07T20:19:40Z,397,37 46 57 1 44 59 9 68 13 2 5 16 56 60 28 61 80 41 67 74,tails,regular,3
2026-08-07T20:22:20Z,398,66 71 2 78 63 17 3 64 27 9 55 29 12 56 15 79 59 54 75 8,tails,regular,10
2026-08-07T20:25:00Z,399,51 48 33 12 69 13 58 54 18 28 4 56 60 23 31 70 40 10 30 74,heads,regular,5
2026-08-07T20:27:40Z,400,45 14 70 16 80 69 22 79 37 1 20 30 28 43 27 55 78 73 51 7,evens,regular,2
2026-08-07T20:30:20Z,401,35 41 20 60 63 73 40 37 68 50 44 47 18 38 25 8 67 19 77 76,tails,regular,2
2026-08-07T20:33:00Z,402,33 76 21 75 10 73 20 36 1 59 46 58 29 57 24 35 79 12 61 13,heads,regular,1
2026-08-07T20:35:40Z,403,3 50 38 13 1 51 18 57 45 73 49 46 27 78 69 33 37 47 9 56,tails,regular,1
2026-08-07T20:38:20Z,404,63 54 18 38 26 33 39 41 46 43 67 5 3 76 25 72 69 24 40 23,heads,minor,10
2026-08-07T20:41:00Z,405,80 22 77 26 69 14 9 57 47 68 35 53 63 45 13 51 10 1 25 37,evens,minor,1
2026-08-07T20:43:40Z,406,70 47 44 12 52 63 22 31 25 74 27 66 77 3 24 32 40 5 1 33,heads,minor,3
2026-08-07T20:46:20Z,407,11 59 64 54 3 2 18 43 80 49 13 32 75 26 9 58 37 76 8 22,heads,minor,3
2026-08-07T20:49:00Z,408,20 71 53 23 64 46 30 40 28 69 51 75 79 14 72 62 39 17 19 59,tails,minor,3
2026-08-07T20:51:40Z,409,43 32 24 16 49 67 20 21 26 80 13 76 68 59 61 45 30 5 73 34,evens,regular,10
2026-08-07T20:54:20Z,410,50 66 13 7 24 63 34 9 5 52 80 23 21 70 74 55 4 64 6 46,evens,minor,2
2026-08-07T20:57:00Z,411,46 38 75 26 35 4 18 5 17 29 66 30 64 41 19 1 77 63 7 62,heads,regular,1
2026-08-07T20:59:40Z,412,67 64 16 39 33 31 60 24 28 32 40 12 52 79 71 56 19 49 76 58,evens,regular,2
2026-08-07T21:02:20Z,413,32 58 15 28 37 62 33 35 24 77 21 61 14 3 46 73 72 23 11 74,heads,regular,3
2026-08-07T21:05:00Z,414,66 32 54 35 1 36 14 51 44 34 3 37 78 18 30 59 80 8 61 22,heads,minor,3
2026-08-07T21:07:40Z,415,11 28 63 79 67 49 77 55 26 80 52 64 69 65 30 29 7 61 15 48,tails,regular,1
2026-08-07T21:10:20Z,416,62 57 72 53 37 27 71 33 46 61 28 40 54 79 67 70 17 34 6 9,tails,regular,1
2026-08-07T21:13:00Z,417,40 6 14 68 21 56 60 67 39 38 37 41 55 30 8 79 3 70 35 54,heads,regular,3
2026-08-07T21:15:40Z,418,4 40 15 61 45 67 42 27 26 14 6 75 1 34 10 80 71 35 79 51,heads,regular,1
2026-08-07T21:18:20Z,419,79 28 21 19 47 71 63 52 80 40 66 72 12 65 54 14 34 2 30 17,evens,regular,1
2026-08-07T21:21:00Z,420,72 63 29 17 75 36 43 60 48 42 31 66 11 37 49 3 20 39 8 25,heads,regular,3
2026-08-07T21:23:40Z,421,43 29 58 61 44 8 35 36 38 32 53 39 16 72 59 80 17 75 18 10,heads,minor,10
2026-08-07T21:26:20Z,422,26 29 37 53 21 3 17 46 38 51 68 48 73 58 79 24 22 14 44 35,heads,regular,1
2026-08-07T21:29:00Z,423,18 26 30 34 57 80 75 47 79 33 23 36 13 60 41 59 38 24 4 61,heads,regular,4
2026-08-07T21:31:40Z,424,51 75 1 30 52 56 48 57 23 79 43 69 14 5 80 66 45 21 61 46,tails,regular,1
2026-08-07T21:34:20Z,425,55 38 25 75 12 37 3 68 76 14 46 64 57 36 49 8 62 53 59 17,tails,regular,1
2026-08-07T21:37:00Z,426,39 47 60 63 7 27 59 75 31 36 33 3 9 21 26 80 51 1 22 32,heads,major,1
2026-08-07T21:39:40Z,427,32 14 42 75 17 43 50 27 78 37 71 40 31 1 7 52 48 66 58 21,evens,regular,2
2026-08-07T21:42:20Z,428,51 42 32 59 77 19 54 33 20 8 43 63 37 69 40 41 50 71 45 53,tails,minor,1
2026-08-07T21:45:00Z,429,18 30 65 60 46 8 9 1 79 17 22 24 68 67 42 40 59 16 71 51,evens,minor,1
2026-08-07T21:47:40Z,430,12 74 10 31 44 22 45 40 72 73 55 39 29 14 2 7 56 6 5 15,heads,regular,1
2026-08-07T21:50:20Z,431,2 60 9 22 15 32 10 17 54 67 26 44 1 70 8 21 40 59 80 20,heads,regular,1
2026-08-07T21:53:00Z,432,18 62 16 48 23 5 72 31 12 65 24 70 51 21 57 53 38 32 52 76,evens,minor,3
2026-08-07T21:55:40Z,433,50 23 80 1 72 10 2 29 44 21 71 73 76 64 54 40 7 32 36 59,evens,minor,2
2026-08-07T21:58:20Z,434,39 70 78 36 23 71 58 48 49 80 16 66 18 55 41 75 10 29 15 64,tails,regular,2
2026-08-07T22:01:00Z,435,33 28 43 40 13 30 31 11 72 39 44 41 61 42 3 78 29 4 75 58,heads,regular,2
2026-08-07T22:03:40Z,436,31 71 25 61 69 15 45 2 24 62 54 27 35 57 76 52 29 9 34 3,heads,minor,2
2026-08-07T22:06:20Z,437,56 43 3 18 48 49 64 28 8 4 66 63 76 32 15 62 60 34 22 33,evens,minor,2
2026-08-07T22:09:00Z,438,27 38 43 12 16 9 21 71 69 54 8 18 19 13 39 56 34 22 55 40,heads,minor,1
2026-08-07T22:11:40Z,439,40 30 22 2 27 25 64 9 35 63 7 1 57 74 20 41 10 28 60 54,heads,regular,1
2026-08-07T22:14:20Z,440,25 40 32 53 29 24 38 57 52 35 18 27 46 41 73 67 55 51 69 10,evens,regular,10
2026-08-07T22:17:00Z,441,19 72 43 14 64 74 21 38 22 66 18 52 53 41 62 63 61 68 33 49,tails,regular,2
2026-08-07T22:19:40Z,442,55 47 78 66 26 14 63 28 2 3 51 9 62 65 32 31 1 13 18 6,heads,regular,3
2026-08-07T22:22:20Z,443,22 6 80 56 10 18 61 66 19 40 34 62 43 20 39 38 55 35 59 2,heads,regular,1
2026-08-07T22:25:00Z,444,26 55 27 49 2 52 18 58 24 59 39 20 72 70 79 57 66 17 48 44,tails,regular,2
2026-08-07T22:27:40Z,445,65 43 6 69 28 38 30 22 19 23 62 76 54 24 72 37 52 33 51 12,heads,regular,3
2026-08-07T22:30:20Z,446,64 73 24 68 67 25 6 77 30 37 45 15 26 19 62 14 71 36 12 22,heads,minor,1
2026-08-07T22:33:00Z,447,4 32 52 42 26 19 30 58 15 34 54 45 68 65 11 14 61 57 48 21,evens,regular,3
2026-08-07T22:35:40Z,448,73 60 3 13 9 74 43 65 52 80 49 55 26 21 18 70 40 19 45 72,tails,regular,1
2026-08-07T22:38:20Z,449,66 32 10 62 47 19 30 64 13 49 61 11 23 38 5 7 80 24 79 68,heads,major,1
2026-08-07T22:41:00Z,450,54 60 78 48 61 30 47 50 64 16 56 77 31 37 32 73 3 2 49 68,tails,regular,10
2026-08-07T22:43:40Z,451,19 38 78 62 40 60 6 30 58 35 70 12 23 2 11 46 59 15 16 13,heads,regular,1
2026-08-07T22:46:20Z,452,31 56 7 46 75 66 79 76 35 68 52 22 34 25 74 58 24 13 59 73,tails,minor,1
2026-08-07T22:49:00Z,453,27 12 48 40 76 11 77 65 38 71 4 50 78 24 44 5 31 34 72 32,heads,regular,2
2026-08-07T22:51:40Z,454,30 70 41 69 76 15 8 46 36 52 79 53 28 48 2 6 39 37 50 33,evens,regular,1
2026-08-07T22:54:20Z,455,44 13 40 55 20 73 10 6 79 63 22 46 51 47 2 36 4 43 35 37,heads,regular,3
2026-08-07T22:57:00Z,456,16 55 54 66 17 19 29 67 69 76 1 56 2 49 31 7 73 18 6 42,evens,regular,2
2026-08-07T22:59:40Z,457,14 74 46 10 58 66 32 79 57 65 17 45 64 47 19 4 72 33 25 37,tails,regular,2
2026-08-07T23:02:20Z,458,48 4 63 19 62 44 45 33 49 41 68 53 54 25 51 13 14 59 40 76,tails,regular,1
2026-08-07T23:05:00Z,459,73 69 3 77 40 80 23 56 37 68 5 30 66 53 35 13 46 39 19 57,evens,minor,2
2026-08-07T23:07:40Z,460,47 3 40 70 60 78 64 57 44 56 32 75 76 4 71 52 21 14 1 7,tails,major,3
2026-08-07T23:10:20Z,461,37 18 26 74 50 72 55 79 44 75 9 65 28 3 27 38 22 5 80 34,heads,regular,3
2026-08-07T23:13:00Z,462,2 43 50 39 20 34 74 36 27 75 49 67 1 64 4 76 55 23 37 16,heads,regular,1
2026-08-07T23:15:40Z,463,11 57 31 19 49 78 34 66 16 22 43 18 44 42 67 37 64 7 9 60,evens,regular,3
2026-08-07T23:18:20Z,464,38 65 48 5 54 44 17 51 15 73 43 77 80 25 34 39 76 70 28 14,tails,regular,2
2026-08-07T23:21:00Z,465,18 75 19 40 76 55 29 78 42 74 48 67 17 50 8 46 32 34 24 5,evens,regular,1
2026-08-07T23:23:40Z,466,72 48 9 5 78 7 1 40 19 67 60 35 13 2 8 54 33 74 25 53,heads,minor,2
2026-08-07T23:26:20Z,467,74 11 62 78 67 50 47 68 60 80 1 22 40 3 25 56 19 30 36 23,evens,regular,1
2026-08-07T23:29:00Z,468,70 12 33 14 77 64 54 34 50 65 53 59 3 11 40 42 8 13 57 63,tails,regular,2
2026-08-07T23:31:40Z,469,21 52 35 5 65 58 36 55 49 17 33 80 43 32 7 13 16 64 44 10,heads,regular,2
2026-08-07T23:34:20Z,470,6 22 12 56 27 26 31 59 47 58 28 45 78 19 65 64 75 15 42 51,tails,minor,3
2026-08-07T23:37:00Z,471,24 41 67 43 57 20 55 8 47 52 21 34 10 49 62 15 65 19 27 12,evens,regular,1
2026-08-07T23:39:40Z,472,2 25 62 39 28 20 72 24 55 50 7 5 80 60 51 32 45 70 66 46,tails,regular,2
2026-08-07T23:42:20Z,473,68 73 33 10 69 44 79 31 18 63 37 39 49 75 8 53 32 43 11 2,evens,regular,1
2026-08-07T23:45:00Z,474,24 49 18 70 16 46 10 65 9 25 63 4 76 64 71 28 1 80 30 22,heads,regular,2
2026-08-07T23:47:40Z,475,64 74 73 55 30 50 63 24 56 23 21 5 71 13 60 66 22 33 78 76,tails,regular,2
2026-08-07T23:50:20Z,476,77 37 17 16 36 11 44 51 70 15 42 57 27 8 58 12 28 25 66 43,heads,regular,3
2026-08-07T23:53:00Z,477,70 13 9 49 59 43 36 47 78 74 58 53 7 33 5 65 32 45 27 6,tails,major,3
2026-08-07T23:55:40Z,478,51 41 53 25 78 63 4 16 54 21 48 55 74 30 43 39 75 33 56 10,tails,major,1
2026-08-07T23:58:20Z,479,52 80 65 55 53 9 38 44 57 75 5 23 2 27 58 73 13 63 15 62,tails,major,1
2026-08-08T00:01:00Z,480,10 14 77 39 35 48 74 24 62 38 73 41 46 55 75 63 67 32 31 16,tails,regular,3
2026-08-08T00:03:40Z,481,77 5 45 73 53 48 1 56 51 78 11 68 50 14 32 46 15 34 43 72,tails,major,3
2026-08-08T00:06:20Z,482,1 78 39 30 53 64 49 8 36 70 26 13 20 33 63 52 60 10 40 45,heads,minor,4
2026-08-08T00:09:00Z,483,8 2 56 1 14 67 57 79 31 26 44 16 52 17 48 37 71 12 41 77,evens,regular,3
2026-08-08T00:11:40Z,484,75 9 52 65 70 24 25 77 33 69 14 74 3 71 35 31 60 54 16 68,tails,regular,1
2026-08-08T00:14:20Z,485,70 1 25 19 35 5 68 40 59 7 31 38 58 18 42 75 67 10 11 65,heads,regular,3
2026-08-08T00:17:00Z,486,78 7 80 30 35 1 49 54 51 59 4 79 34 14 73 16 44 21 27 28,heads,minor,2
2026-08-08T00:19:40Z,487,54 70 22 60 21 58 19 39 46 31 67 76 42 2 75 55 18 79 24 4,tails,regular,4
2026-08-08T00:22:20Z,488,54 59 46 8 78 61 60 65 3 20 70 14 56 41 29 55 22 10 69 62,tails,regular,2
2026-08-08T00:25:00Z,489,23 65 39 62 68 61 50 9 36 40 55 6 63 47 57 3 48 77 14 25,tails,major,4
2026-08-08T00:27:40Z,490,18 25 4 57 15 52 32 47 37 39 21 36 66 24 35 43 54 69 16 17,heads,regular,3
2026-08-08T00:30:20Z,491,23 15 48 52 24 70 59 18 61 21 34 60 79 58 65 8 50 53 38 49,tails,regular,2
2026-08-08T00:33:00Z,492,76 41 60 55 68 30 62 10 58 54 4 1 32 73 65 27 79 36 24 38,tails,major,1
2026-08-08T00:35:40Z,493,2 25 12 53 62 69 63 15 19 78 24 55 7 5 38 30 58 67 49 60,evens,regular,2
2026-08-08T00:38:20Z,494,19 17 68 9 57 47 34 1 46 70 25 38 44 10 41 6 53 49 8 2,heads,regular,2
2026-08-08T00:41:00Z,495,39 63 36 71 65 34 78 41 64 75 79 19 52 31 57 17 32 28 33 59,tails,minor,1
2026-08-08T00:43:40Z,496,56 39 9 18 48 68 27 2 41 37 69 43 11 52 57 14 44 78 7 60,tails,regular,2
2026-08-08T00:46:20Z,497,28 68 65 45 57 19 54 8 26 10 13 37 35 23 59 48 4 58 69 11,heads,regular,1
2026-08-08T00:49:00Z,498,77 3 53 48 32 52 22 29 38 57 36 54 34 62 60 1 55 74 19 72,tails,regular,2
2026-08-08T00:51:40Z,499,29 23 25 14 48 30 41 46 18 33 38 77 63 59 67 68 80 49 34 5,evens,minor,1
2026-08-08T00:54:20Z,500,56 65 15 47 64 29 66 12 38 1 54 51 22 50 55 30 24 26 78 44,tails,major,1
2026-08-08T00:57:00Z,501,47 33 60 73 68 5 78 55 80 38 48 24 79 18 32 62 17 58 64 1,tails,minor,2
2026-08-08T00:59:40Z,502,65 62 39 12 27 50 32 63 19 76 7 42 25 34 6 67 36 9 60 37,heads,regular,1
2026-08-08T01:02:20Z,503,40 41 31 13 45 18 47 29 38 77 26 35 17 16 69 55 50 52 32 65,heads,regular,3
2026-08-08T01:05:00Z,504,67 59 42 43 70 6 71 32 56 74 66 25 53 40 76 61 30 48 51 79,tails,regular,2
2026-08-08T01:07:40Z,505,2 36 48 46 26 79 3 27 57 22 7 11 13 24 31 49 69 20 47 32,heads,regular,1
2026-08-08T01:10:20Z,506,45 78 67 9 3 42 23 7 54 70 35 19 51 47 25 5 65 28 52 20,evens,minor,3
2026-08-08T01:13:00Z,507,70 13 39 23 61 50 4 7 17 79 35 31 28 69 33 14 51 26 40 22,heads,regular,3
2026-08-08T01:15:40Z,508,31 29 18 51 74 26 8 3 11 54 76 78 68 47 25 77 50 16 20 64,evens,minor,3
2026-08-08T01:18:20Z,509,1 21 31 41 54 2 62 32 26 66 40 25 27 20 57 64 53 23 74 30,heads,regular,2
2026-08-08T01:21:00Z,510,60 63 74 34 22 66 54 47 16 71 11 1 45 26 43 10 21 78 7 48,tails,regular,1
2026-08-08T01:23:40Z,511,9 24 69 7 40 59 12 48 72 2 1 11 62 13 20 49 18 78 74 60,heads,regular,1
2026-08-08T01:26:20Z,512,8 15 31 64 76 41 80 38 18 60 61 58 33 57 19 71 69 21 37 6,evens,regular,3
2026-08-08T01:29:00Z,513,21 24 5 59 29 40 19 31 7 53 25 26 74 6 22 35 54 42 14 72,heads,minor,1
2026-08-08T01:31:40Z,514,80 37 30 73 36 45 1 50 71 27 7 59 49 8 63 26 60 15 58 72,tails,regular,3
2026-08-08T01:34:20Z,515,26 51 20 1 57 73 61 56 44 68 18 54 24 37 16 6 40 11 42 58,evens,minor,3
2026-08-08T01:37:00Z,516,55 31 9 12 28 35 8 72 61 64 42 75 54 25 14 44 53 34 45 4,evens,regular,1
2026-08-08T01:39:40Z,517,35 76 9 68 23 66 56 33 51 39 63 69 53 57 60 45 1 26 20 15,tails,minor,2
2026-08-08T01:42:20Z,518,67 72 69 46 57 40 41 73 62 20 61 51 24 3 43 7 9 30 11 60,tails,regular,2
2026-08-08T01:45:00Z,519,1 25 58 19 31 78 20 70 44 72 76 28 60 55 73 4 62 14 50 11,tails,major,4
2026-08-08T01:47:40Z,520,29 62 41 23 4 68 15 48 52 79 49 39 13 63 32 50 54 69 2 21,tails,regular,1
2026-08-08T01:50:20Z,521,65 31 26 58 2 76 35 52 63 27 7 10 42 46 21 33 30 34 28 20,heads,minor,1
2026-08-08T01:53:00Z,522,63 15 10 31 21 44 74 9 12 5 35 41 36 25 16 27 26 42 39 43,heads,regular,3
2026-08-08T01:55:40Z,523,32 26 78 39 12 1 24 15 7 36 35 61 5 34 51 73 9 80 28 44,heads,regular,2
2026-08-08T01:58:20Z,524,54 26 33 62 48 67 18 4 44 5 46 36 73 75 47 15 68 3 40 51,tails,regular,1
2026-08-08T02:01:00Z,525,75 22 28 39 41 30 77 47 29 36 27 59 14 2 62 66 38 48 68 74,evens,regular,2
2026-08-08T02:03:40Z,526,42 1 11 56 53 36 35 71 75 44 47 51 24 39 7 25 10 8 23 40,heads,regular,1
2026-08-08T02:06:20Z,527,48 20 22 60 15 24 61 6 63 14 11 39 33 9 19 45 62 27 13 41,heads,regular,1
2026-08-08T02:09:00Z,528,73 7 41 61 43 35 8 26 28 37 5 67 25 72 54 42 80 58 39 50,tails,major,4
2026-08-08T02:11:40Z,529,62 56 69 13 36 67 48 22 76 5 75 7 32 73 38 70 65 45 42 1,tails,regular,1
2026-08-08T02:14:20Z,530,6 50 15 19 36 3 60 41 21 51 4 46 61 68 38 30 17 67 76 54,evens,minor,3
2026-08-08T02:17:00Z,531,52 42 34 73 23 17 50 18 55 30 66 9 53 80 8 65 62 46 47 12,tails,regular,10
2026-08-08T02:19:40Z,532,14 64 31 19 32 40 47 18 13 76 65 39 73 44 57 38 42 4 60 52,evens,regular,1
2026-08-08T02:22:20Z,533,6 59 74 55 67 48 52 79 12 28 10 77 78 50 39 18 51 58 46 69,tails,minor,2
2026-08-08T02:25:00Z,534,23 52 53 70 67 31 64 8 63 46 6 42 21 2 76 43 3 61 9 48,tails,major,1
2026-08-08T02:27:40Z,535,60 74 46 65 70 22 77 58 2 44 75 41 12 25 80 29 62 71 39 57,tails,regular,1
2026-08-08T02:30:20Z,536,25 71 57 30 78 34 65 74 28 44 8 7 1 68 70 3 56 53 6 16,evens,regular,3
2026-08-08T02:33:00Z,537,69 32 76 78 13 57 28 39 3 59 47 71 72 20 49 60 2 65 58 25,tails,regular,1
2026-08-08T02:35:40Z,538,29 1 15 43 27 73 11 71 60 80 55 25 31 17 10 44 70 42 16 58,evens,regular,1
2026-08-08T02:38:20Z,539,70 6 78 47 74 15 59 17 19 2 40 37 36 35 18 79 64 73 23 48,heads,regular,2
2026-08-08T02:41:00Z,540,33 20 51 44 46 65 62 16 45 54 73 32 63 72 40 42 48 17 4 50,tails,minor,1
2026-08-08T02:43:40Z,541,75 20 31 18 48 63 49 52 42 62 10 24 3 28 73 43 39 61 51 70,tails,regular,4
2026-08-08T02:46:20Z,542,46 42 36 79 66 75 13 16 7 70 63 34 17 69 33 19 80 25 50 41,tails,regular,3
2026-08-08T02:49:00Z,543,2 17 5 59 70 67 79 23 73 78 37 12 48 25 9 51 19 20 15 53,heads,regular,1
2026-08-08T02:51:40Z,544,8 34 32 35 25 7 57 24 33 75 1 4 79 71 65 70 12 53 43 78,heads,major,2
2026-08-08T02:54:20Z,545,7 50 78 79 28 23 14 40 71 18 54 4 53 37 44 58 62 6 26 73,evens,regular,2
2026-08-08T02:57:00Z,546,41 43 7 14 59 54 53 2 26 46 74 68 37 75 61 21 76 32 80 79,tails,regular,2
2026-08-08T02:59:40Z,547,58 19 64 20 38 3 14 53 6 36 75 34 70 76 78 41 65 32 56 25,evens,regular,3
2026-08-08T03:02:20Z,548,30 46 8 1 5 13 65 63 43 51 80 40 45 17 33 49 14 23 21 24,heads,regular,1
2026-08-08T03:05:00Z,549,64 23 63 79 35 71 48 53 32 60 51 57 6 45 12 26 14 78 19 40,tails,regular,3
2026-08-08T03:07:40Z,550,45 6 9 50 1 66 41 68 27 79 49 72 46 18 12 61 3 76 54 34,tails,regular,2
2026-08-08T03:10:20Z,551,52 17 43 79 24 77 10 51 42 19 29 26 13 53 49 63 20 55 28 5,evens,regular,1
2026-08-08T03:13:00Z,552,71 18 49 47 27 63 6 36 25 17 13 8 23 42 72 45 9 75 15 41,heads,regular,2
2026-08-08T03:15:40Z,553,53 1 40 71 32 26 10 3 8 80 74 33 41 54 28 7 17 6 44 18,heads,minor,3
2026-08-08T03:18:20Z,554,29 36 65 9 78 41 35 62 55 74 70 47 73 40 49 72 75 46 24 21,tails,regular,3
2026-08-08T03:21:00Z,555,23 72 78 30 24 31 9 29 37 36 46 33 45 52 61 62 25 5 71 47,heads,regular,3
2026-08-08T03:23:40Z,556,67 10 51 23 38 69 2 73 60 54 11 52 45 1 36 75 41 15 25 77,tails,regular,2
2026-08-08T03:26:20Z,557,23 70 2 18 41 28 67 33 35 63 11 50 19 80 5 44 39 73 40 48,heads,regular,1
2026-08-08T03:29:00Z,558,31 70 9 2 77 37 1 43 28 54 40 33 19 21 65 29 71 39 42 5,heads,regular,3
2026-08-08T03:31:40Z,559,26 51 10 19 28 40 35 75 17 60 9 4 11 25 8 2 1 62 66 71,heads,major,1
2026-08-08T03:34:20Z,560,10 48 7 18 41 72 27 30 58 50 5 20 28 47 36 62 26 44 23 75,heads,minor,5
2026-08-08T03:37:00Z,561,51 71 15 63 48 66 10 70 77 25 34 39 76 27 33 19 43 68 46 61,tails,regular,1
2026-08-08T03:39:40Z,562,25 58 76 23 39 29 24 9 55 28 12 66 63 41 61 73 51 36 5 37,heads,minor,2
2026-08-08T03:42:20Z,563,43 61 15 23 5 69 53 19 72 30 64 2 1 3 28 79 8 45 35 4,heads,major,1
2026-08-08T03:45:00Z,564,57 69 62 58 74 53 47 61 25 42 39 20 64 37 7 23 34 67 70 30,tails,regular,1
2026-08-08T03:47:40Z,565,73 38 79 21 45 62 3 18 27 39 64 11 9 50 41 61 17 20 33 71,heads,regular,5
2026-08-08T03:50:20Z,566,56 20 44 31 41 75 40 15 22 63 10 68 60 32 23 18 50 47 29 16,heads,minor,2
2026-08-08T03:53:00Z,567,30 19 76 73 63 24 39 78 2 40 13 55 48 7 25 72 23 59 12 1,heads,regular,1
2026-08-08T03:55:40Z,568,18 73 20 2 55 79 34 43 14 60 67 78 27 80 63 49 5 32 9 42,tails,minor,3
2026-08-08T03:58:20Z,569,71 76 4 41 63 58 77 1 5 64 20 65 46 69 34 32 18 9 78 11,tails,regular,10
2026-08-08T04:01:00Z,570,60 18 19 7 5 73 43 79 26 34 77 17 44 9 12 74 8 40 61 31,heads,regular,1
2026-08-08T04:03:40Z,571,37 30 64 18 25 46 56 10 77 22 54 41 5 12 44 8 65 69 45 47,tails,regular,2
2026-08-08T04:06:20Z,572,53 3 39 78 7 68 10 44 6 35 18 52 40 58 80 63 43 42 66 8,tails,regular,1
2026-08-08T04:09:00Z,573,7 8 65 14 21 59 78 38 41 76 51 11 12 77 68 5 53 72 57 71,tails,regular,1
2026-08-08T04:11:40Z,574,64 17 7 30 69 47 31 27 37 57 44 54 50 80 35 10 72 77 60 19,tails,regular,1
2026-08-08T04:14:20Z,575,27 43 67 57 4 49 73 7 5 13 32 80 20 69 56 70 47 41 15 52,tails,major,1
2026-08-08T04:17:00Z,576,15 50 75 78 71 18 43 35 55 52 76 11 80 69 9 70 72 19 56 25,tails,minor,2
2026-08-08T04:19:40Z,577,63 75 48 14 60 10 45 17 43 40 21 30 11 2 80 8 61 64 5 32,heads,regular,3
2026-08-08T04:22:20Z,578,24 17 22 76 73 57 27 9 36 60 6 44 14 49 1 55 62 34 65 78,evens,major,3
2026-08-08T04:25:00Z,579,13 61 39 42 31 55 58 9 76 66 4 17 68 7 26 41 22 46 15 35,heads,regular,2
2026-08-08T04:27:40Z,580,21 33 47 69 25 1 18 17 73 36 3 64 8 66 38 70 80 68 55 27,heads,regular,2
2026-08-08T04:30:20Z,581,73 58 50 75 27 54 79 24 38 56 41 67 12 16 25 22 62 52 68 70,tails,regular,1
2026-08-08T04:33:00Z,582,3 80 27 12 5 58 61 28 63 42 15 6 51 50 60 11 8 17 53 64,evens,regular,2
2026-08-08T04:35:40Z,583,3 59 32 37 78 73 9 14 75 39 58 22 45 27 68 40 8 13 66 76,heads,regular,10
2026-08-08T04:38:20Z,584,24 55 13 39 52 74 37 5 35 64 10 29 38 42 62 61 18 71 1 40,heads,regular,3
2026-08-08T04:41:00Z,585,67 10 19 4 23 28 35 68 40 41 62 50 56 20 36 31 79 73 15 70,heads,major,1
2026-08-08T04:43:40Z,586,76 24 56 79 42 17 60 75 7 5 53 72 46 48 2 33 44 6 49 20,tails,minor,2
2026-08-08T04:46:20Z,587,72 43 56 51 65 76 31 36 48 66 17 7 80 52 29 16 73 27 62 41,tails,regular,2
2026-08-08T04:49:00Z,588,62 26 74 31 24 30 78 11 59 37 10 18 66 61 76 52 23 64 9 75,evens,minor,3
2026-08-08T04:51:40Z,589,55 47 68 41 5 1 60 54 74 78 40 39 57 21 76 8 77 30 26 12,tails,major,1
2026-08-08T04:54:20Z,590,23 32 68 47 57 28 13 22 62 49 9 69 4 37 1 39 38 24 63 46,heads,regular,2
2026-08-08T04:57:00Z,591,72 74 41 17 42 38 71 67 19 2 43 36 35 76 60 48 33 3 31 62,tails,regular,3
2026-08-08T04:59:40Z,592,49 53 3 40 50 58 54 47 63 38 31 45 22 69 17 80 16 2 13 15,evens,regular,1
2026-08-08T05:02:20Z,593,19 4 30 1 60 77 37 72 15 6 38 47 62 27 70 33 80 58 71 53,evens,regular,2
2026-08-08T05:05:00Z,594,7 6 24 22 69 34 78 25 68 64 73 57 75 32 51 11 71 67 77 4,tails,regular,5
2026-08-08T05:07:40Z,595,48 7 39 56 73 77 60 35 75 74 50 59 71 27 22 41 28 79 42 21,tails,regular,1
2026-08-08T05:10:20Z,596,47 74 44 62 35 58 64 38 34 19 45 43 21 55 46 76 33 7 5 79,tails,regular,2
2026-08-08T05:13:00Z,597,14 2 12 38 25 42 45 63 22 57 53 17 15 79 62 44 8 64 6 3,heads,regular,1
2026-08-08T05:15:40Z,598,42 69 32 7 31 65 1 39 58 25 62 35 61 41 29 68 16 63 12 33,heads,regular,1
2026-08-08T05:18:20Z,599,38 69 77 6 54 30 17 29 49 3 35 20 42 11 63 60 61 12 23 41,heads,regular,3
2026-08-08T05:21:00Z,600,67 56 79 80 18 76 77 66 7 47 10 26 12 30 65 49 14 9 3 24,evens,regular,1
2026-08-08T05:23:40Z,601,71 72 78 53 46 52 64 29 62 1 60 11 61 76 67 34 48 14 21 45,tails,regular,1
2026-08-08T05:26:20Z,602,22 14 12 35 73 41 28 10 63 68 11 16 59 45 5 44 25 33 42 31,heads,regular,1
2026-08-08T05:29:00Z,603,22 15 75 51 69 26 36 2 32 48 37 71 9 80 7 24 38 79 65 23,heads,major,3
2026-08-08T05:31:40Z,604,31 41 2 26 32 74 21 46 80 65 58 77 67 39 50 16 11 34 62 42,tails,minor,1
2026-08-08T05:34:20Z,605,13 58 36 62 59 77 7 64 21 80 37 6 51 79 4 20 33 34 18 24,heads,regular,1
2026-08-08T05:37:00Z,606,78 33 50 1 48 2 55 77 61 35 59 42 5 49 67 11 7 64 3 69,tails,regular,3
2026-08-08T05:39:40Z,607,50 16 55 7 46 33 68 51 15 12 5 8 21 26 11 63 34 32 36 73,heads,major,3
2026-08-08T05:42:20Z,608,76 63 15 67 69 38 11 1 25 5 19 39 72 56 29 32 58 24 77 51,heads,major,1
2026-08-08T05:45:00Z,609,24 64 34 9 57 7 26 47 23 37 62 53 32 77 46 19 28 66 15 36,heads,regular,1
2026-08-08T05:47:40Z,610,24 20 49 44 66 39 48 15 72 13 31 64 4 54 68 51 32 59 47 75,tails,regular,2
2026-08-08T05:50:20Z,611,35 36 58 38 9 75 55 4 50 57 46 6 47 43 19 31 44 70 24 79,tails,minor,3
2026-08-08T05:53:00Z,612,33 12 8 48 45 49 66 29 28 24 11 15 62 72 9 7 34 69 18 63,heads,regular,2
2026-08-08T05:55:40Z,613,15 64 8 49 19 25 76 13 7 55 68 72 78 60 24 53 20 22 57 73,tails,regular,1
2026-08-08T05:58:20Z,614,4 18 34 48 78 61 73 76 12 36 50 15 71 33 42 72 66 49 80 43,tails,minor,2
2026-08-08T06:01:00Z,615,23 45 21 55 12 64 7 11 35 19 17 48 15 13 49 47 20 4 52 25,heads,regular,3
2026-08-08T06:03:40Z,616,40 73 44 68 63 38 59 47 3 76 14 1 45 67 53 49 71 23 26 32,tails,minor,1
2026-08-08T06:06:20Z,617,5 34 26 54 13 76 75 66 45 7 41 2 48 25 12 52 40 10 17 71,heads,regular,1
2026-08-08T06:09:00Z,618,32 11 26 71 79 35 20 62 21 18 10 28 55 3 73 30 16 69 59 13,heads,regular,2
2026-08-08T06:11:40Z,619,58 13 56 71 38 73 80 25 31 29 53 11 42 46 51 52 14 61 12 47,tails,regular,3
2026-08-08T06:14:20Z,620,47 30 38 37 58 72 31 42 6 25 53 19 73 21 36 12 74 71 2 54,heads,regular,2
2026-08-08T06:17:00Z,621,59 9 79 23 45 56 22 72 46 40 71 51 65 66 8 44 26 11 33 80,tails,regular,2
2026-08-08T06:19:40Z,622,7 61 13 70 20 80 49 54 30 4 69 65 33 53 45 75 31 34 29 56,tails,regular,2
2026-08-08T06:22:20Z,623,46 79 18 19 53 2 3 37 23 69 70 63 27 29 16 71 7 35 60 42,heads,minor,4
2026-08-08T06:25:00Z,624,57 54 68 21 6 8 37 74 65 50 7 72 79 5 19 42 62 80 10 46,tails,regular,4
2026-08-08T06:27:40Z,625,4 3 48 76 8 67 19 47 26 32 16 1 33 15 75 6 7 69 44 24,heads,major,1
2026-08-08T06:30:20Z,626,74 17 20 46 53 59 25 52 14 38 44 27 3 62 28 48 70 18 68 71,tails,regular,1
2026-08-08T06:33:00Z,627,31 53 7 23 34 30 1 49 60 22 40 71 11 26 9 77 2 38 70 41,heads,regular,1
2026-08-08T06:35:40Z,628,41 33 25 78 72 38 2 10 47 74 30 42 66 27 69 51 64 7 5 19,evens,regular,1
2026-08-08T06:38:20Z,629,66 76 65 37 24 64 38 79 6 57 1 16 13 53 14 41 3 52 27 31,heads,minor,3
2026-08-08T06:41:00Z,630,40 33 54 37 44 4 55 9 51 77 64 14 76 41 22 29 26 30 27 63,heads,regular,3
2026-08-08T06:43:40Z,631,25 24 53 5 60 35 54 13 71 67 16 30 69 63 33 62 78 19 52 41,tails,regular,3
2026-08-08T06:46:20Z,632,79 27 36 59 54 9 63 76 45 37 75 26 43 65 60 52 44 20 67 78,tails,minor,2
2026-08-08T06:49:00Z,633,10 52 79 50 32 23 66 1 13 20 40 57 28 74 75 47 15 27 70 42,evens,regular,3
2026-08-08T06:51:40Z,634,28 73 45 77 79 24 32 17 69 34 31 26 43 2 16 51 29 12 4 27,heads,regular,1
2026-08-08T06:54:20Z,635,29 63 17 35 52 60 48 59 4 9 42 21 58 20 61 10 65 43 12 13,evens,minor,10
2026-08-08T06:57:00Z,636,1 74 52 4 80 47 35 22 21 68 34 11 67 20 60 31 53 25 36 43,heads,minor,2
2026-08-08T06:59:40Z,637,38 50 37 52 35 19 53 65 27 74 7 21 40 33 47 44 4 22 26 49,heads,major,1
2026-08-08T07:02:20Z,638,13 4 65 54 34 78 17 10 38 63 60 68 56 27 69 53 70 61 41 23,tails,regular,3
2026-08-08T07:05:00Z,639,7 8 20 80 38 29 10 51 36 37 62 24 31 26 61 42 34 15 3 33,heads,regular,10
2026-08-08T07:07:40Z,640,10 16 58 44 61 45 9 11 80 31 28 73 75 70 68 33 19 77 23 37,evens,minor,2
2026-08-08T07:10:20Z,641,79 47 46 41 7 49 54 3 80 53 26 1 13 6 40 31 20 72 64 25,evens,regular,3
2026-08-08T07:13:00Z,642,7 49 36 72 59 57 50 40 39 26 68 65 44 13 28 45 73 61 20 33,tails,regular,2
2026-08-08T07:15:40Z,643,16 38 49 33 73 30 50 6 17 66 58 56 41 68 3 13 53 51 54 72,tails,minor,1
2026-08-08T07:18:20Z,644,19 53 38 13 68 74 45 22 20 18 39 48 80 11 35 40 3 28 30 34,heads,minor,1
2026-08-08T07:21:00Z,645,52 76 11 65 47 14 69 18 34 8 68 37 70 21 5 50 56 28 53 30,evens,regular,1
2026-08-08T07:23:40Z,646,26 36 52 78 74 43 27 16 70 11 72 68 39 67 56 9 64 13 62 55,tails,regular,1
2026-08-08T07:26:20Z,647,11 75 69 18 60 5 43 70 45 79 63 1 19 22 12 36 51 80 30 2,evens,regular,2
2026-08-08T07:29:00Z,648,38 61 65 16 43 66 17 72 3 70 78 19 44 51 74 47 30 13 37 75,tails,minor,1
2026-08-08T07:31:40Z,649,31 42 62 14 18 32 8 78 57 46 66 60 74 2 53 54 55 4 30 69,tails,regular,1
2026-08-08T07:34:20Z,650,21 4 49 10 55 27 65 74 16 56 11 77 32 57 42 50 25 63 53 2,tails,regular,1
2026-08-08T07:37:00Z,651,17 62 72 29 15 65 53 44 21 31 74 75 49 56 24 11 30 77 80 25,tails,minor,1
2026-08-08T07:39:40Z,652,33 19 50 11 76 71 54 29 52 12 3 1 31 57 18 67 23 27 46 63,heads,major,1
2026-08-08T07:42:20Z,653,4 30 19 50 70 67 23 73 74 52 48 27 11 7 38 78 57 15 76 37,evens,minor,3
2026-08-08T07:45:00Z,654,38 66 9 16 15 57 4 48 5 18 37 11 53 54 46 29 68 13 28 6,heads,regular,5
2026-08-08T07:47:40Z,655,23 55 64 39 12 20 54 25 34 30 79 73 14 8 11 28 6 57 10 26,heads,regular,2
2026-08-08T07:50:20Z,656,5 78 18 7 15 60 11 2 21 73 76 70 37 59 47 40 54 26 80 49,evens,regular,1
2026-08-08T07:53:00Z,657,68 56 34 38 17 49 51 10 55 42 27 12 46 1 33 57 61 5 66 13,evens,regular,1
2026-08-08T07:55:40Z,658,30 21 29 45 34 1 25 24 59 76 11 79 77 3 31 9 63 51 61 38,heads,major,1
2026-08-08T07:58:20Z,659,28 40 74 80 13 67 6 71 59 33 36 55 38 72 14 63 20 66 47 32,evens,major,1
2026-08-08T08:01:00Z,660,8 11 43 65 7 46 32 58 19 78 26 16 47 33 53 34 75 36 6 41,heads,regular,2
2026-08-08T08:03:40Z,661,21 51 73 40 38 49 36 37 68 27 15 59 11 80 63 43 25 62 9 14,heads,regular,3
2026-08-08T08:06:20Z,662,76 42 56 11 2 61 14 67 5 6 16 51 68 46 35 3 31 54 9 19,heads,regular,2
2026-08-08T08:09:00Z,663,55 18 59 77 71 51 54 12 25 62 4 9 47 75 16 44 23 26 34 17,evens,regular,3
2026-08-08T08:11:40Z,664,70 24 41 79 28 67 66 72 40 1 54 55 29 64 42 3 13 37 50 38,tails,regular,1
2026-08-08T08:14:20Z,665,72 25 11 18 36 63 12 41 68 74 60 48 57 33 17 78 65 49 58 51,tails,regular,10
2026-08-08T08:17:00Z,666,33 63 72 64 22 28 67 68 46 40 58 50 48 25 77 11 52 17 29 70,tails,minor,2
2026-08-08T08:19:40Z,667,56 15 32 61 2 16 59 66 57 28 46 36 29 38 34 10 31 58 43 73,heads,minor,4
2026-08-08T08:22:20Z,668,63 52 62 2 71 31 23 48 21 20 10 65 77 76 50 5 75 19 34 58,tails,regular,4
2026-08-08T08:25:00Z,669,49 78 29 65 15 9 14 4 62 47 21 6 33 34 64 51 39 63 28 59,heads,regular,3
2026-08-08T08:27:40Z,670,78 39 64 22 30 67 69 20 49 56 24 2 63 61 76 29 59 13 21 65,tails,minor,1
2026-08-08T08:30:20Z,671,51 2 46 64 18 3 76 48 32 7 10 68 34 22 54 67 36 42 20 9,heads,minor,1
2026-08-08T08:33:00Z,672,64 39 31 8 48 66 58 75 76 63 51 21 61 12 59 60 78 30 9 11,tails,regular,3
2026-08-08T08:35:40Z,673,79 9 46 74 20 26 78 62 66 37 28 25 80 77 51 23 35 71 14 53,tails,regular,1
2026-08-08T08:38:20Z,674,62 36 76 63 79 16 13 75 21 40 38 10 58 32 1 5 57 18 25 30,heads,regular,1
2026-08-08T08:41:00Z,675,36 42 59 15 67 41 26 10 53 38 31 74 3 43 72 70 57 6 22 19,evens,minor,2
2026-08-08T08:43:40Z,676,20 56 52 12 64 10 2 75 77 68 19 29 4 17 79 11 55 9 15 61,heads,regular,2
2026-08-08T08:46:20Z,677,66 13 25 21 23 54 44 28 80 50 11 53 64 60 22 49 55 47 6 17,tails,major,1
2026-08-08T08:49:00Z,678,16 55 77 67 20 7 42 33 37 62 5 70 13 8 44 64 1 50 21 59,evens,minor,1
2026-08-08T08:51:40Z,679,50 27 10 1 46 19 51 4 64 5 41 12 58 33 45 48 31 20 26 73,heads,minor,1
2026-08-08T08:54:20Z,680,38 76 39 42 8 6 25 78 60 43 69 51 4 68 61 63 47 66 34 57,tails,major,2
2026-08-08T08:57:00Z,681,30 62 27 8 43 32 75 18 12 34 67 37 49 31 44 72 25 68 39 15,heads,major,1
2026-08-08T08:59:40Z,682,16 9 63 59 8 34 10 49 35 48 69 19 70 1 29 61 74 53 3 15,heads,major,1
2026-08-08T09:02:20Z,683,63 60 44 24 61 56 46 27 67 43 23 17 51 31 41 16 57 42 70 34,tails,regular,1
2026-08-08T09:05:00Z,684,61 16 80 8 69 32 52 74 49 35 68 67 29 64 63 5 58 79 9 12,tails,regular,2
2026-08-08T09:07:40Z,685,77 30 27 5 74 42 49 32 31 78 79 48 54 40 1 23 56 53 15 8,evens,regular,2
2026-08-08T09:10:20Z,686,48 21 79 32 26 76 43 70 10 1 4 68 35 62 71 42 7 54 55 45,tails,regular,2
2026-08-08T09:13:00Z,687,72 20 29 66 67 6 27 63 43 61 39 32 49 80 48 53 11 71 69 70,tails,minor,2
2026-08-08T09:15:40Z,688,30 65 66 60 25 9 73 41 17 45 77 71 31 6 59 64 19 21 42 57,tails,regular,2
2026-08-08T09:18:20Z,689,40 69 70 29 11 24 79 54 77 42 80 14 56 74 76 22 32 72 62 43,tails,regular,3
2026-08-08T09:21:00Z,690,70 34 67 46 68 8 19 53 42 66 48 63 24 30 60 59 33 36 2 39,tails,regular,3
2026-08-08T09:23:40Z,691,50 14 64 34 75 28 5 23 65 40 19 36 78 68 53 51 63 10 70 58,tails,regular,3
2026-08-08T09:26:20Z,692,54 68 26 52 51 44 23 5 66 41 24 61 29 4 38 8 32 22 56 50,evens,regular,5
2026-08-08T09:29:00Z,693,57 4 59 52 12 2 1 13 63 60 9 10 43 56 46 70 21 62 68 20,tails,regular,1
2026-08-08T09:31:40Z,694,14 43 58 27 16 62 40 6 42 75 9 52 18 34 12 32 53 72 76 35,heads,regular,2
2026-08-08T09:34:20Z,695,56 69 30 38 51 77 53 41 57 74 49 59 42 7 43 16 34 54 9 65,tails,regular,3
2026-08-08T09:37:00Z,696,17 80 72 33 71 62 30 65 23 9 40 18 47 24 75 27 2 3 25 34,heads,regular,3
2026-08-08T09:39:40Z,697,48 12 71 40 64 78 21 37 73 22 5 54 24 29 34 9 26 46 13 52,heads,regular,4
2026-08-08T09:42:20Z,698,4 75 62 45 59 17 7 2 5 34 51 52 77 41 12 74 48 71 26 63,tails,regular,2
2026-08-08T09:45:00Z,699,58 70 51 59 16 49 29 75 41 45 76 20 48 18 33 27 36 14 79 61,tails,regular,1
2026-08-08T09:47:40Z,700,38 25 14 46 5 31 4 76 20 74 78 21 9 50 52 29 55 64 59 62,evens,regular,1
2026-08-08T09:50:20Z,701,62 41 79 53 31 57 6 50 46 45 38 60 1 27 44 14 26 49 11 9,tails,regular,2
2026-08-08T09:53:00Z,702,78 55 6 47 66 43 15 67 76 17 2 52 29 74 70 80 69 10 50 11,tails,regular,2
2026-08-08T09:55:40Z,703,28 16 29 68 18 41 54 57 72 53 13 46 69 74 11 35 23 73 34 27,evens,regular,3
2026-08-08T09:58:20Z,704,51 28 45 77 46 44 54 65 80 17 20 52 14 5 29 33 3 8 6 63,evens,regular,3
2026-08-08T10:01:00Z,705,60 68 19 28 18 5 4 11 6 77 76 25 1 64 50 33 8 70 29 20,heads,regular,2
2026-08-08T10:03:40Z,706,52 43 60 38 71 26 58 15 63 37 39 69 45 55 59 32 78 25 2 77,tails,regular,1
2026-08-08T10:06:20Z,707,16 75 6 17 55 68 69 42 32 48 49 30 77 12 52 9 23 63 79 76,tails,minor,2
2026-08-08T10:09:00Z,708,3 9 72 25 39 68 48 70 53 14 60 19 28 64 22 8 65 73 4 56,evens,regular,1
2026-08-08T10:11:40Z,709,12 28 47 53 1 15 36 44 34 72 67 10 79 11 48 25 42 27 68 74,evens,minor,1
2026-08-08T10:14:20Z,710,16 80 48 9 27 58 72 7 8 42 45 3 4 68 35 20 53 34 5 2,heads,regular,1
2026-08-08T10:17:00Z,711,54 32 61 62 36 72 14 19 74 25 2 60 71 66 52 34 47 18 53 1,tails,minor,1
2026-08-08T10:19:40Z,712,35 21 18 11 49 28 34 31 17 59 62 15 48 42 73 57 60 3 41 1,heads,regular,5
2026-08-08T10:22:20Z,713,75 36 74 27 65 61 60 51 78 33 2 3 31 24 32 11 72 59 28 9,heads,regular,1
2026-08-08T10:25:00Z,714,50 23 53 70 54 28 52 45 9 74 37 48 5 46 72 19 14 77 63 2,tails,regular,3
2026-08-08T10:27:40Z,715,58 16 50 19 1 14 46 33 21 47 80 20 25 36 65 40 39 4 41 70,heads,major,1
2026-08-08T10:30:20Z,716,3 68 9 62 18 38 77 4 53 43 79 28 42 17 21 65 76 72 73 50,tails,minor,2
2026-08-08T10:33:00Z,717,38 42 9 15 67 4 22 77 14 56 25 60 20 5 75 65 62 48 18 30,heads,regular,2
2026-08-08T10:35:40Z,718,41 73 78 58 17 26 62 25 69 70 71 36 21 59 64 43 75 13 76 33,tails,regular,2
2026-08-08T10:38:20Z,719,49 51 41 27 75 40 24 72 28 78 32 21 58 31 50 77 68 70 37 35,tails,regular,1
2026-08-08T10:41:00Z,720,64 49 28 11 35 10 19 13 34 8 3 21 65 48 71 61 66 23 9 41,heads,minor,3
2026-08-08T10:43:40Z,721,25 63 9 73 55 40 8 60 43 32 79 4 16 65 51 61 69 34 39 66,tails,minor,1
2026-08-08T10:46:20Z,722,29 31 77 52 20 37 35 2 59 18 79 34 11 7 40 25 71 30 3 60,heads,regular,3
2026-08-08T10:49:00Z,723,10 39 7 32 60 22 63 50 64 65 45 29 74 62 20 69 53 57 77 17,tails,regular,5
2026-08-08T10:51:40Z,724,55 77 49 44 29 64 27 32 8 53 7 65 63 37 69 54 40 61 71 16,tails,regular,5
2026-08-08T10:54:20Z,725,22 52 76 61 28 32 58 40 33 44 16 25 53 1 31 69 55 11 80 12,heads,regular,3
2026-08-08T10:57:00Z,726,14 36 47 13 70 40 38 49 33 31 78 3 55 12 20 30 43 18 28 80,heads,regular,2
2026-08-08T10:59:40Z,727,24 21 71 30 39 79 47 78 13 29 51 8 50 10 44 43 76 40 1 2,heads,regular,3
2026-08-08T11:02:20Z,728,22 39 58 13 71 68 12 9 76 37 35 3 74 62 21 63 8 78 19 80,heads,major,4
2026-08-08T11:05:00Z,729,56 62 1 22 46 60 21 35 25 44 51 53 78 52 42 69 14 33 11 3,tails,regular,1
2026-08-08T11:07:40Z,730,27 62 14 57 11 22 79 16 39 51 6 75 53 78 66 18 38 73 35 55,evens,regular,2
2026-08-08T11:10:20Z,731,64 5 3 1 41 34 2 55 27 53 36 47 51 15 18 32 40 9 26 46,heads,regular,3
2026-08-08T11:13:00Z,732,35 61 39 62 72 28 78 66 70 73 80 41 49 54 60 10 15 9 50 20,tails,regular,3
2026-08-08T11:15:40Z,733,50 16 9 4 27 25 21 23 24 35 3 53 52 41 43 32 37 2 12 51,heads,regular,3
2026-08-08T11:18:20Z,734,52 55 6 50 62 23 49 59 71 28 67 44 22 42 21 17 54 56 61 7,tails,regular,2
2026-08-08T11:21:00Z,735,54 75 44 71 18 4 34 61 78 64 28 25 20 55 12 19 69 31 32 23,heads,regular,2
2026-08-08T11:23:40Z,736,38 49 53 64 5 12 51 18 66 36 59 6 50 1 22 46 40 24 44 60,evens,regular,3
2026-08-08T11:26:20Z,737,15 8 71 63 18 16 4 74 54 49 9 66 24 48 56 27 44 23 59 70,tails,regular,2
2026-08-08T11:29:00Z,738,26 56 15 66 2 9 57 67 17 41 63 79 64 70 42 35 80 52 25 40,tails,regular,2
2026-08-08T11:31:40Z,739,10 39 56 66 34 25 30 17 32 16 50 36 51 12 35 1 43 75 59 61,heads,minor,3
2026-08-08T11:34:20Z,740,25 4 29 20 7 38 65 80 59 67 8 63 72 1 35 18 31 33 56 49,heads,minor,2
2026-08-08T11:37:00Z,741,62 80 42 60 64 73 35 15 57 71 67 76 8 16 6 39 10 46 30 31,tails,regular,1
2026-08-08T11:39:40Z,742,33 42 41 69 2 50 14 57 66 12 20 63 22 51 46 64 11 43 5 53,tails,major,2
2026-08-08T11:42:20Z,743,76 12 57 64 52 32 20 78 50 36 48 5 26 61 65 40 22 49 72 67,tails,major,5
2026-08-08T11:45:00Z,744,50 37 31 32 22 1 70 34 25 3 78 43 40 24 33 30 47 15 21 9,heads,regular,1
2026-08-08T11:47:40Z,745,65 50 43 54 45 76 35 24 10 58 72 40 57 30 5 47 64 66 17 8,tails,regular,1
2026-08-08T11:50:20Z,746,15 79 30 67 80 29 42 17 72 14 25 3 6 37 32 58 16 65 9 20,heads,regular,3
2026-08-08T11:53:00Z,747,58 24 77 40 17 71 3 19 68 33 36 52 64 10 32 65 30 78 27 60,heads,regular,2
2026-08-08T11:55:40Z,748,63 6 67 11 79 76 2 19 78 25 12 14 75 13 65 28 34 15 61 56,heads,regular,3
2026-08-08T11:58:20Z,749,59 5 65 68 58 33 15 18 60 66 8 67 23 73 37 32 12 34 29 51,heads,regular,1
2026-08-08T12:01:00Z,750,73 24 8 9 40 4 30 16 23 74 15 34 42 14 62 70 66 13 67 3,heads,regular,2
2026-08-08T12:03:40Z,751,32 49 46 50 34 51 52 45 1 12 7 36 10 79 35 41 43 27 48 9,evens,regular,3
2026-08-08T12:06:20Z,752,61 77 13 30 44 76 69 27 1 63 52 41 71 28 33 42 12 19 6 38,evens,regular,2
2026-08-08T12:09:00Z,753,16 31 68 3 34 80 26 28 49 73 58 44 52 72 4 78 29 74 30 47,tails,regular,2
2026-08-08T12:11:40Z,754,27 41 8 56 4 69 21 11 25 17 66 29 14 72 74 43 52 24 18 71,heads,minor,2
2026-08-08T12:14:20Z,755,3 66 47 75 40 30 57 59 27 80 1 50 61 53 23 42 36 4 43 26,tails,minor,10
2026-08-08T12:17:00Z,756,10 41 75 56 32 50 69 77 21 25 63 46 33 55 5 64 29 28 39 30,evens,major,4
2026-08-08T12:19:40Z,757,7 4 60 23 9 17 72 62 65 50 42 21 68 36 34 31 26 28 64 66,heads,major,1
2026-08-08T12:22:20Z,758,48 9 39 66 35 28 30 72 62 1 54 56 19 71 77 74 18 49 26 34,evens,minor,2
2026-08-08T12:25:00Z,759,35 47 77 61 64 37 32 29 1 60 45 72 69 52 48 65 42 15 23 73,tails,regular,1
2026-08-08T12:27:40Z,760,64 79 60 14 68 70 11 72 38 59 33 36 19 73 67 56 44 32 22 5,tails,regular,1
2026-08-08T12:30:20Z,761,60 80 75 57 47 5 43 42 16 69 37 51 79 35 15 44 9 32 7 55,tails,regular,1
2026-08-08T12:33:00Z,762,30 55 37 50 47 21 59 34 54 46 40 36 74 43 2 12 79 64 7 48,tails,regular,4
2026-08-08T12:35:40Z,763,79 32 20 77 70 58 66 48 41 38 54 55 18 21 73 5 74 28 63 15,tails,major,2
2026-08-08T12:38:20Z,764,77 15 29 18 14 78 3 25 55 80 5 43 12 67 35 10 30 20 52 16,heads,regular,10
2026-08-08T12:41:00Z,765,27 57 32 10 30 63 61 50 68 4 28 45 25 23 72 80 22 39 3 42,heads,minor,2
2026-08-08T12:43:40Z,766,15 22 73 69 9 74 33 61 13 66 64 3 26 51 4 23 49 36 19 50,heads,minor,2
2026-08-08T12:46:20Z,767,13 38 42 15 8 77 72 26 75 32 76 28 48 35 80 41 6 22 1 16,heads,minor,1
2026-08-08T12:49:00Z,768,21 6 35 40 72 51 33 79 46 7 13 29 3 9 64 75 44 16 14 36,heads,regular,1
2026-08-08T12:51:40Z,769,39 4 43 3 9 58 80 2 49 37 54 25 76 15 33 32 79 23 45 46,heads,regular,2
2026-08-08T12:54:20Z,770,38 40 35 27 74 78 79 1 25 45 47 16 3 14 20 75 67 59 18 22,heads,regular,1
2026-08-08T12:57:00Z,771,3 77 42 59 15 60 69 23 38 29 80 32 8 31 47 70 33 74 49 76,tails,regular,5
2026-08-08T12:59:40Z,772,41 28 49 26 60 38 74 56 5 39 14 34 77 32 19 18 59 31 30 62,heads,regular,1
2026-08-08T13:02:20Z,773,22 35 70 7 80 30 52 75 15 31 39 32 16 19 78 3 12 18 37 58,heads,regular,3
2026-08-08T13:05:00Z,774,37 80 29 25 9 24 72 67 4 33 38 2 54 50 36 73 42 26 39 1,heads,regular,1
2026-08-08T13:07:40Z,775,31 74 77 66 54 59 30 7 76 67 28 19 46 48 60 18 75 10 62 39,tails,regular,1
2026-08-08T13:10:20Z,776,35 13 75 61 60 62 66 74 20 70 34 10 32 41 16 36 79 33 26 28,heads,minor,2
2026-08-08T13:13:00Z,777,70 17 55 6 58 42 34 5 57 25 43 3 48 59 78 20 60 32 45 65,tails,regular,2
2026-08-08T13:15:40Z,778,12 45 78 23 20 67 28 75 49 43 9 17 6 62 57 68 2 3 19 36,heads,regular,1
2026-08-08T13:18:20Z,779,1 31 50 80 14 18 42 48 16 67 55 2 43 29 64 25 26 71 79 19,evens,regular,2
2026-08-08T13:21:00Z,780,42 40 11 31 73 23 29 59 72 70 63 6 27 33 51 12 54 74 41 34,evens,regular,2
2026-08-08T13:23:40Z,781,58 19 61 56 52 53 30 65 33 80 13 31 24 40 1 73 20 75 47 62,tails,major,1
2026-08-08T13:26:20Z,782,67 35 56 80 50 61 28 60 77 3 43 71 34 18 45 19 58 17 41 2,tails,minor,2
2026-08-08T13:29:00Z,783,17 58 67 20 72 21 18 64 40 56 61 37 76 31 65 59 22 75 5 15,evens,regular,1
2026-08-08T13:31:40Z,784,37 55 25 43 22 58 72 30 40 60 12 32 78 31 15 33 23 51 46 68,heads,regular,1
2026-08-08T13:34:20Z,785,30 12 39 55 60 46 6 35 79 26 37 22 80 13 41 56 2 29 45 48,heads,regular,3
2026-08-08T13:37:00Z,786,9 10 80 33 49 62 53 54 65 39 56 75 2 71 20 73 22 23 42 38,tails,regular,3
2026-08-08T13:39:40Z,787,28 79 68 44 71 25 11 51 12 9 57 14 80 3 22 74 20 16 48 61,evens,minor,1
2026-08-08T13:42:20Z,788,23 31 4 19 44 71 53 40 75 41 5 25 39 49 61 76 6 45 30 18,heads,regular,1
2026-08-08T13:45:00Z,789,12 71 44 35 51 4 38 17 70 76 77 66 67 14 79 43 13 34 74 49,tails,minor,1
2026-08-08T13:47:40Z,790,44 74 2 28 72 7 66 27 51 60 9 71 3 8 68 78 37 19 25 67,evens,regular,3
2026-08-08T13:50:20Z,791,69 75 77 9 15 37 24 10 3 38 61 23 57 58 47 41 51 17 26 6,heads,regular,3
2026-08-08T13:53:00Z,792,57 59 18 28 12 19 50 51 39 60 32 21 80 25 5 17 73 3 55 68,heads,minor,4
2026-08-08T13:55:40Z,793,67 39 40 6 4 7 29 74 53 73 51 42 26 60 64 21 71 17 12 28,heads,minor,2
2026-08-08T13:58:20Z,794,72 2 70 26 23 51 21 76 79 60 14 28 63 10 41 58 12 48 56 3,tails,regular,1
2026-08-08T14:01:00Z,795,72 69 45 5 14 40 17 33 29 49 24 15 32 10 39 48 19 77 73 1,heads,regular,1
2026-08-08T14:03:40Z,796,50 47 49 15 20 45 31 72 42 60 69 8 54 19 44 26 74 25 78 6,tails,regular,1
2026-08-08T14:06:20Z,797,55 52 67 8 33 66 42 39 65 75 28 24 29 70 80 49 69 45 7 22,tails,regular,1
2026-08-08T14:09:00Z,798,58 68 21 31 75 79 51 41 7 12 74 22 9 32 38 24 33 5 11 17,heads,regular,1
2026-08-08T14:11:40Z,799,67 74 29 79 64 63 53 6 77 54 13 75 38 2 76 61 73 22 35 66,tails,regular,1
2026-08-08T14:14:20Z,800,20 24 16 73 53 47 74 59 41 2 35 51 30 3 66 57 54 78 15 40,tails,regular,4
2026-08-08T14:17:00Z,801,53 59 7 70 15 68 3 46 11 47 63 8 29 77 61 55 80 19 48 38,tails,regular,3
2026-08-08T14:19:40Z,802,15 61 3 30 77 58 60 4 75 8 68 69 71 20 80 33 7 36 28 42,evens,regular,2
2026-08-08T14:22:20Z,803,74 19 17 41 8 4 61 66 21 32 46 70 65 75 60 42 69 54 44 23,tails,regular,3
2026-08-08T14:25:00Z,804,73 50 75 47 46 1 39 27 14 76 80 66 25 37 49 33 34 54 52 64,tails,regular,1
2026-08-08T14:27:40Z,805,41 77 42 63 66 5 52 47 65 23 44 80 79 71 19 9 3 60 18 34,tails,minor,2
2026-08-08T14:30:20Z,806,33 50 16 64 66 51 18 60 24 54 11 44 7 13 26 78 34 30 71 42,evens,regular,1
2026-08-08T14:33:00Z,807,39 52 23 18 11 74 6 66 60 68 42 15 75 17 56 58 70 14 49 62,tails,regular,2
2026-08-08T14:35:40Z,808,62 39 13 15 18 61 12 6 22 2 34 38 47 33 19 1 23 9 74 35,heads,regular,2
2026-08-08T14:38:20Z,809,55 2 30 23 79 78 66 38 37 18 14 33 6 35 45 67 21 49 4 17,heads,regular,1
2026-08-08T14:41:00Z,810,31 55 37 59 64 69 34 58 66 44 32 22 23 76 73 30 13 42 27 14,evens,major,1
2026-08-08T14:43:40Z,811,35 45 39 57 79 64 15 1 26 13 46 43 5 44 58 33 48 78 2 22,evens,regular,2
2026-08-08T14:46:20Z,812,68 60 34 58 37 53 28 52 46 17 39 35 9 55 10 54 26 73 30 16,heads,regular,1
2026-08-08T14:49:00Z,813,46 10 72 36 14 28 55 80 69 43 73 13 32 68 34 23 15 77 71 66,tails,regular,1
2026-08-08T14:51:40Z,814,24 71 66 19 33 43 62 29 60 3 15 42 53 45 49 44 17 20 64 37,tails,regular,3
2026-08-08T14:54:20Z,815,71 3 7 74 37 66 57 77 42 13 34 38 22 5 32 41 64 78 26 45,evens,minor,1
2026-08-08T14:57:00Z,816,37 55 44 77 40 64 52 57 56 9 71 22 73 42 24 72 70 20 43 3,tails,minor,3
2026-08-08T14:59:40Z,817,12 18 55 61 64 36 22 29 19 54 11 49 65 33 9 79 5 50 71 58,evens,regular,1
2026-08-08T15:02:20Z,818,55 4 53 79 61 57 7 66 29 22 77 30 11 60 27 10 5 65 74 63,tails,regular,1
2026-08-08T15:05:00Z,819,38 24 70 74 41 39 62 33 27 66 67 77 16 45 57 35 34 50 60 65,tails,regular,1
2026-08-08T15:07:40Z,820,62 59 16 41 29 34 31 35 77 14 61 57 73 80 27 75 78 58 11 66,tails,regular,1
2026-08-08T15:10:20Z,821,31 39 54 28 18 51 57 6 71 70 42 21 35 38 2 78 10 62 40 9,heads,regular,1
2026-08-08T15:13:00Z,822,19 26 64 31 57 8 39 60 68 22 78 66 38 16 37 67 47 63 51 61,tails,regular,3
2026-08-08T15:15:40Z,823,38 60 58 41 77 61 6 5 11 2 54 47 40 20 79 19 10 37 33 75,heads,regular,1
2026-08-08T15:18:20Z,824,31 57 49 60 5 2 35 73 72 74 38 25 64 13 77 67 1 70 34 45,tails,minor,1
2026-08-08T15:21:00Z,825,46 8 50 55 17 13 18 24 75 19 45 23 39 58 35 62 1 67 49 10,heads,regular,2
2026-08-08T15:23:40Z,826,46 43 75 23 72 64 40 12 54 59 39 51 1 19 44 62 20 74 80 6,tails,regular,1
2026-08-08T15:26:20Z,827,22 11 65 47 49 9 29 40 31 76 75 35 16 32 46 44 61 19 14 70,heads,regular,2
2026-08-08T15:29:00Z,828,25 18 30 45 2 67 47 12 60 36 76 39 3 29 40 52 49 51 35 66,heads,regular,5
2026-08-08T15:31:40Z,829,32 51 8 74 59 44 62 45 77 48 24 27 47 68 65 71 49 6 30 79,tails,regular,3
2026-08-08T15:34:20Z,830,21 11 55 57 56 25 4 67 75 36 5 54 68 31 42 20 62 79 40 47,tails,regular,1
2026-08-08T15:37:00Z,831,72 11 60 61 62 73 21 31 29 20 40 1 25 34 23 30 18 15 52 17,heads,regular,1
2026-08-08T15:39:40Z,832,67 76 8 2 16 42 18 3 78 44 23 80 30 36 20 69 29 37 5 47,heads,minor,1
2026-08-08T15:42:20Z,833,2 1 22 75 77 8 54 47 20 17 56 65 48 36 74 69 3 43 6 73,tails,regular,3
2026-08-08T15:45:00Z,834,25 67 65 8 44 24 23 43 79 64 53 57 27 17 56 80 13 76 9 39,tails,major,1
2026-08-08T15:47:40Z,835,12 7 51 15 20 71 27 16 24 52 31 72 62 65 54 4 42 9 3 17,heads,regular,3
2026-08-08T15:50:20Z,836,33 28 65 70 13 41 40 23 47 46 22 76 5 44 72 21 57 50 24 48,tails,regular,2
2026-08-08T15:53:00Z,837,73 47 6 63 55 16 4 5 8 23 50 17 45 7 38 2 37 26 79 77,heads,regular,1
2026-08-08T15:55:40Z,838,33 18 79 35 51 67 6 20 74 3 78 59 15 48 12 68 75 46 64 38,tails,minor,2
2026-08-08T15:58:20Z,839,55 14 63 46 19 54 40 7 78 23 18 22 13 4 15 32 47 44 37 48,heads,minor,3
2026-08-08T16:01:00Z,840,77 54 59 4 36 26 76 69 13 28 21 38 52 75 46 29 22 32 20 58,heads,minor,1
2026-08-08T16:03:40Z,841,28 9 27 10 46 21 12 42 80 49 61 18 74 51 39 79 63 3 20 32,heads,major,2
2026-08-08T16:06:20Z,842,13 70 50 55 43 6 26 68 27 51 71 65 29 73 30 54 19 61 16 4,tails,regular,1
2026-08-08T16:09:00Z,843,48 39 21 40 66 49 45 58 15 18 24 53 3 69 60 17 54 34 36 35,heads,minor,2
2026-08-08T16:11:40Z,844,71 76 30 26 20 65 39 50 64 42 13 45 5 3 69 15 72 74 67 29,tails,regular,2
2026-08-08T16:14:20Z,845,32 53 4 41 11 58 54 6 76 19 13 60 9 5 74 55 50 47 21 37,evens,major,1
2026-08-08T16:17:00Z,846,68 63 47 18 67 37 9 24 65 21 56 39 20 23 74 16 58 41 10 42,evens,regular,2
2026-08-08T16:19:40Z,847,20 7 21 23 6 78 15 38 55 79 10 2 42 1 28 46 67 47 71 54,heads,regular,1
2026-08-08T16:22:20Z,848,51 69 46 80 13 79 23 36 40 49 62 34 26 54 47 11 24 53 67 78,tails,regular,1
2026-08-08T16:25:00Z,849,30 55 25 75 36 53 38 42 59 34 67 51 24 35 79 47 44 21 72 49,tails,regular,10
2026-08-08T16:27:40Z,850,13 57 2 47 43 44 18 52 31 61 76 49 37 23 11 19 36 33 24 30,heads,minor,1
2026-08-08T16:30:20Z,851,75 3 30 9 25 21 60 20 55 65 47 29 40 31 35 23 72 46 14 1,heads,major,2
2026-08-08T16:33:00Z,852,24 7 12 18 74 10 23 50 3 39 42 43 45 38 15 6 47 36 8 78,heads,regular,1
2026-08-08T16:35:40Z,853,55 56 74 29 1 77 18 34 66 53 54 44 63 19 5 38 43 72 37 12,tails,minor,3
2026-08-08T16:38:20Z,854,42 70 40 5 25 73 39 33 8 34 47 68 26 60 19 30 31 52 28 44,heads,regular,3
2026-08-08T16:41:00Z,855,68 9 26 44 79 62 12 54 19 35 51 25 23 14 5 6 61 36 41 74,heads,regular,3
2026-08-08T16:43:40Z,856,50 53 56 2 80 29 74 44 23 54 73 32 42 79 4 7 12 31 6 71,tails,regular,2
2026-08-08T16:46:20Z,857,2 48 22 64 47 78 80 27 18 56 70 43 54 53 14 31 5 29 44 4,tails,regular,1
2026-08-08T16:49:00Z,858,72 56 66 64 59 9 25 43 15 68 14 18 37 74 44 1 62 54 41 16,tails,regular,4
2026-08-08T16:51:40Z,859,30 34 44 33 46 60 21 75 7 11 5 70 53 74 37 19 32 16 23 35,heads,major,1
2026-08-08T16:54:20Z,860,58 74 40 34 73 48 55 46 17 42 22 12 53 11 7 32 56 25 43 28,evens,regular,2
2026-08-08T16:57:00Z,861,7 58 67 62 74 3 59 55 38 30 52 24 18 33 35 2 32 26 20 11,heads,minor,1
2026-08-08T16:59:40Z,862,53 15 72 35 74 12 75 54 24 5 77 30 48 42 10 78 55 4 13 80,tails,minor,3
2026-08-08T17:02:20Z,863,77 63 67 31 21 72 34 71 53 51 49 36 38 14 18 59 44 2 52 78,tails,regular,2
2026-08-08T17:05:00Z,864,23 25 58 67 72 73 59 44 31 26 28 42 22 8 4 71 39 68 7 24,heads,regular,2
2026-08-08T17:07:40Z,865,46 63 21 66 17 36 64 44 77 25 9 57 24 68 4 60 28 31 34 14,heads,major,1
2026-08-08T17:10:20Z,866,40 1 34 32 30 2 43 4 63 17 31 80 78 53 6 47 28 16 76 75,heads,regular,3
2026-08-08T17:13:00Z,867,47 55 65 18 63 49 76 57 10 37 79 16 13 48 29 69 51 60 22 66,tails,regular,2
2026-08-08T17:15:40Z,868,80 71 46 62 70 13 32 22 3 61 2 68 20 50 10 52 12 26 28 78,evens,major,2
2026-08-08T17:18:20Z,869,62 5 46 74 21 66 23 69 18 3 10 15 20 27 9 54 14 31 39 11,heads,major,3
2026-08-08T17:21:00Z,870,10 33 72 53 68 76 54 63 32 73 43 61 41 4 12 44 74 16 28 13,tails,regular,3
2026-08-08T17:23:40Z,871,49 61 51 37 56 42 23 66 29 44 55 7 17 24 12 59 14 64 72 1,tails,regular,1
2026-08-08T17:26:20Z,872,78 66 72 80 2 1 71 74 49 5 46 10 15 59 51 23 50 68 8 6,tails,regular,1
2026-08-08T17:29:00Z,873,49 38 64 61 14 53 73 7 42 45 26 20 18 11 22 67 34 48 37 2,heads,regular,2
2026-08-08T17:31:40Z,874,62 55 51 21 12 30 43 50 8 69 78 38 73 63 6 35 24 49 39 14,evens,regular,1
2026-08-08T17:34:20Z,875,6 29 7 52 12 28 20 48 37 41 4 23 33 25 76 38 42 57 8 26,heads,regular,3
2026-08-08T17:37:00Z,876,13 27 32 50 18 4 56 40 78 7 31 29 26 9 68 22 73 11 1 21,heads,minor,1
2026-08-08T17:39:40Z,877,77 75 7 44 63 70 51 48 56 42 53 29 59 61 35 10 71 69 65 23,tails,regular,3
2026-08-08T17:42:20Z,878,80 34 60 1 74 13 49 41 10 29 61 9 14 55 25 3 48 59 5 17,heads,regular,2
2026-08-08T17:45:00Z,879,20 3 77 28 62 47 26 48 29 78 1 13 53 6 35 16 73 7 5 65,heads,regular,1
2026-08-08T17:47:40Z,880,17 59 15 48 78 49 24 67 3 53 60 54 12 64 55 58 61 33 1 41,tails,regular,1
2026-08-08T17:50:20Z,881,29 17 22 3 31 69 14 52 12 21 5 64 65 28 62 18 55 2 76 37,heads,minor,1
2026-08-08T17:53:00Z,882,2 8 51 75 69 6 50 27 24 45 66 36 56 44 37 43 38 78 4 65,tails,regular,3
2026-08-08T17:55:40Z,883,45 35 30 12 5 23 7 18 61 36 78 6 77 14 43 67 27 38 13 80,heads,regular,1
2026-08-08T17:58:20Z,884,30 44 26 60 42 39 69 19 62 14 40 55 49 57 58 78 13 3 59 22,tails,regular,2
2026-08-08T18:01:00Z,885,13 21 41 76 34 18 39 36 79 51 8 33 47 32 77 57 40 19 23 46,heads,minor,4
2026-08-08T18:03:40Z,886,25 28 73 43 12 3 70 69 77 42 47 14 61 48 7 5 37 17 34 66,evens,regular,1
2026-08-08T18:06:20Z,887,55 24 32 4 9 35 77 30 37 44 61 69 23 3 62 39 11 76 15 40,heads,major,1
2026-08-08T18:09:00Z,888,42 23 19 38 36 40 77 44 76 22 48 8 30 29 71 21 74 80 66 10,heads,regular,1
2026-08-08T18:11:40Z,889,70 21 44 45 2 28 74 51 42 72 3 35 9 57 33 30 5 13 41 36,heads,regular,1
2026-08-08T18:14:20Z,890,67 35 41 47 43 28 36 59 5 38 21 75 33 19 14 6 55 25 68 79,heads,regular,3
2026-08-08T18:17:00Z,891,28 42 66 7 46 9 59 47 64 4 34 1 61 52 33 49 19 8 10 30,heads,regular,1
2026-08-08T18:19:40Z,892,49 51 41 53 32 57 27 60 68 25 58 55 72 2 80 74 50 34 19 77,tails,regular,1
2026-08-08T18:22:20Z,893,33 49 12 15 14 63 52 9 20 13 74 60 58 23 46 6 59 8 24 77,heads,regular,1
2026-08-08T18:25:00Z,894,69 57 66 23 31 24 50 29 75 54 6 27 18 72 80 5 30 43 13 44,evens,regular,3
2026-08-08T18:27:40Z,895,2 27 65 30 63 58 32 48 67 14 10 70 77 57 11 74 66 50 62 26,tails,regular,1
2026-08-08T18:30:20Z,896,21 63 31 38 40 34 9 59 48 33 7 57 42 41 24 69 45 28 77 25,heads,regular,2
2026-08-08T18:33:00Z,897,6 76 38 78 50 57 71 77 35 24 72 33 9 7 75 73 63 32 18 36,evens,regular,2
2026-08-08T18:35:40Z,898,7 75 29 66 36 38 5 15 65 43 74 39 33 70 77 17 23 22 51 78,heads,regular,3
2026-08-08T18:38:20Z,899,26 54 53 55 76 40 49 20 13 19 17 31 34 56 79 61 39 38 21 6,heads,minor,3
2026-08-08T18:41:00Z,900,35 78 27 21 63 3 45 30 1 22 50 6 52 15 5 25 80 79 53 76,heads,minor,2
2026-08-08T18:43:40Z,901,46 51 25 7 32 76 69 64 11 21 62 67 44 10 41 14 61 50 1 75,tails,major,1
2026-08-08T18:46:20Z,902,39 11 79 17 26 9 18 6 76 10 36 74 2 60 40 80 73 33 23 31,heads,major,1
2026-08-08T18:49:00Z,903,56 75 37 38 20 8 73 79 36 19 53 60 43 42 61 62 40 68 9 80,tails,regular,2
2026-08-08T18:51:40Z,904,6 1 60 34 55 26 56 37 79 72 38 76 28 17 52 21 47 69 45 59,tails,regular,2
2026-08-08T18:54:20Z,905,66 54 18 59 71 77 76 2 47 31 12 23 55 3 44 40 45 70 52 74,tails,minor,1
2026-08-08T18:57:00Z,906,47 3 13 60 21 1 61 12 37 78 39 69 44 19 8 36 42 5 75 4,heads,regular,1
2026-08-08T18:59:40Z,907,80 26 15 6 44 9 10 51 49 2 24 23 46 68 73 22 70 62 8 56,evens,regular,3
2026-08-08T19:02:20Z,908,74 76 64 21 61 66 69 7 58 35 28 39 14 19 51 50 80 3 67 15,tails,regular,1
2026-08-08T19:05:00Z,909,5 68 77 76 50 22 9 40 78 29 62 10 42 12 2 72 37 67 45 20,evens,minor,10
2026-08-08T19:07:40Z,910,73 63 15 13 26 23 45 32 9 53 51 22 56 25 62 36 29 28 71 7,heads,minor,3
2026-08-08T19:10:20Z,911,8 14 16 17 48 68 62 18 32 72 50 66 53 46 19 23 51 41 24 7,evens,regular,2
2026-08-08T19:13:00Z,912,50 40 77 11 9 39 2 12 6 76 23 29 24 25 53 41 34 37 49 27,heads,minor,1
2026-08-08T19:15:40Z,913,32 43 58 8 75 44 68 31 19 4 80 72 62 78 9 27 33 47 74 30,tails,regular,3
2026-08-08T19:18:20Z,914,73 35 49 16 56 55 30 44 65 28 61 29 78 45 20 40 2 13 31 34,heads,regular,3
2026-08-08T19:21:00Z,915,39 31 71 47 21 30 50 32 68 35 10 33 11 29 8 22 44 46 69 36,heads,regular,1
2026-08-08T19:23:40Z,916,63 21 46 62 18 53 65 10 5 25 7 37 38 12 54 73 52 1 40 17,heads,regular,5
2026-08-08T19:26:20Z,917,79 31 72 16 27 49 48 25 45 41 61 37 30 17 35 44 4 75 46 36,evens,regular,1
2026-08-08T19:29:00Z,918,69 53 77 22 72 48 50 45 12 38 4 44 65 59 51 39 80 25 78 71,tails,regular,1
2026-08-08T19:31:40Z,919,70 43 48 14 18 42 58 64 78 4 36 25 61 27 49 60 62 59 80 44,tails,regular,1
2026-08-08T19:34:20Z,920,80 5 33 63 24 10 39 11 15 35 9 70 54 23 56 58 7 20 6 31,heads,regular,1
2026-08-08T19:37:00Z,921,70 38 27 71 45 57 32 16 19 79 78 75 48 29 55 50 17 63 10 69,tails,regular,2
2026-08-08T19:39:40Z,922,34 33 76 55 2 7 59 3 37 6 4 54 14 69 74 75 11 78 63 46,evens,regular,1
2026-08-08T19:42:20Z,923,44 26 6 70 46 23 18 41 3 7 20 69 29 77 45 56 38 16 24 5,heads,regular,2
2026-08-08T19:45:00Z,924,57 7 13 56 19 35 36 68 38 73 25 15 29 22 53 79 62 80 28 49,heads,minor,2
2026-08-08T19:47:40Z,925,15 57 19 58 79 78 23 46 47 44 77 64 43 25 41 18 38 72 67 55,tails,regular,3
2026-08-08T19:50:20Z,926,48 1 7 22 10 68 16 41 57 70 31 40 60 30 4 18 26 76 53 50,heads,regular,1
2026-08-08T19:53:00Z,927,49 79 40 75 29 8 74 4 25 67 9 11 46 30 19 57 77 10 43 69,evens,regular,3
2026-08-08T19:55:40Z,928,46 54 4 22 38 26 28 24 65 25 35 41 15 43 11 14 68 58 75 51,heads,major,1
2026-08-08T19:58:20Z,929,58 22 55 8 65 45 36 35 14 20 49 4 80 24 37 3 23 52 66 11,heads,regular,3
2026-08-08T20:01:00Z,930,65 16 56 74 45 18 30 28 21 24 52 77 11 62 35 13 64 23 50 7,heads,regular,2
2026-08-08T20:03:40Z,931,79 58 36 80 37 63 32 52 3 2 51 21 30 43 78 49 75 39 65 71,tails,regular,1
2026-08-08T20:06:20Z,932,75 2 62 13 28 34 31 74 9 59 61 33 52 65 17 29 50 45 11 67,evens,regular,2
2026-08-08T20:09:00Z,933,78 56 22 28 44 60 63 15 58 35 61 20 68 55 65 53 5 40 48 27,tails,regular,1
2026-08-08T20:11:40Z,934,24 74 57 25 19 47 76 72 44 48 67 2 60 71 46 64 30 59 53 14,tails,minor,2
2026-08-08T20:14:20Z,935,56 61 67 65 66 4 2 19 27 35 8 1 30 12 6 25 29 9 20 37,heads,regular,1
2026-08-08T20:17:00Z,936,30 6 10 69 26 66 41 58 29 17 3 59 71 48 70 37 73 15 20 56,evens,regular,3
2026-08-08T20:19:40Z,937,2 1 80 29 19 51 17 78 43 28 13 62 32 67 34 68 38 53 52 26,heads,minor,1
2026-08-08T20:22:20Z,938,24 33 62 78 39 69 77 44 72 2 66 35 68 65 13 57 6 25 41 31,tails,minor,1
2026-08-08T20:25:00Z,939,9 2 70 29 43 32 27 74 44 23 47 64 59 73 72 80 12 55 52 19,tails,minor,3
2026-08-08T20:27:40Z,940,60 16 66 7 74 14 12 3 5 54 20 38 67 75 47 19 50 34 72 13,heads,major,1
2026-08-08T20:30:20Z,941,1 35 71 3 4 64 65 12 47 48 7 67 61 39 6 17 29 69 62 50,evens,regular,3
2026-08-08T20:33:00Z,942,70 25 68 73 4 49 26 22 67 38 44 48 37 15 45 12 39 14 58 9,heads,minor,3
2026-08-08T20:35:40Z,943,65 3 55 57 43 36 44 29 35 5 8 42 53 64 58 54 22 17 19 38,evens,regular,1
2026-08-08T20:38:20Z,944,41 12 53 36 77 44 62 73 64 8 23 10 52 21 22 38 79 67 78 47,tails,minor,1
2026-08-08T20:41:00Z,945,37 50 55 51 54 8 31 18 77 10 41 21 45 80 74 36 71 57 62 64,tails,regular,1
2026-08-08T20:43:40Z,946,45 44 33 35 64 55 72 22 18 25 63 21 7 16 39 74 75 11 10 4,heads,regular,1
2026-08-08T20:46:20Z,947,32 21 3 28 80 33 64 8 29 53 6 66 74 16 52 4 70 10 57 25,heads,regular,2
2026-08-08T20:49:00Z,948,35 72 63 19 58 70 40 37 65 66 39 27 11 34 33 64 61 42 75 9,evens,regular,3
2026-08-08T20:51:40Z,949,14 78 80 46 29 6 27 42 9 40 43 71 16 56 53 54 74 15 26 79,tails,regular,1
2026-08-08T20:54:20Z,950,77 50 18 35 69 72 3 40 28 12 39 23 31 68 71 9 80 55 8 63,heads,major,4
2026-08-08T20:57:00Z,951,25 28 6 32 8 15 61 42 38 47 13 74 79 33 53 60 27 7 39 68,heads,regular,1
2026-08-08T20:59:40Z,952,40 8 25 6 34 68 17 20 69 16 50 61 53 39 79 21 42 66 43 57,evens,minor,2
2026-08-08T21:02:20Z,953,41 69 15 36 60 68 48 51 13 31 3 73 61 78 22 55 75 27 20 18,tails,regular,2
2026-08-08T21:05:00Z,954,49 25 7 36 33 32 29 59 50 37 26 42 47 60 22 61 15 51 18 17,heads,regular,3
2026-08-08T21:07:40Z,955,48 27 43 50 54 74 41 30 10 28 19 47 37 53 11 12 36 18 15 63,heads,regular,3
2026-08-08T21:10:20Z,956,47 52 68 72 10 43 74 24 69 48 37 75 31 22 27 9 60 59 41 45,tails,minor,3
2026-08-08T21:13:00Z,957,2 14 68 63 42 13 64 17 35 49 7 32 60 9 56 11 15 67 76 19,heads,regular,1
2026-08-08T21:15:40Z,958,79 53 15 56 62 3 27 24 30 36 49 44 17 47 72 66 20 21 43 63,tails,major,1
2026-08-08T21:18:20Z,959,13 4 22 27 42 67 10 79 40 80 24 78 7 9 62 20 31 76 21 34,heads,major,1
2026-08-08T21:21:00Z,960,80 22 67 59 2 38 48 42 24 65 27 60 57 23 4 30 37 78 26 75,evens,regular,2
2026-08-08T21:23:40Z,961,23 78 28 17 20 3 63 54 45 34 68 15 19 11 73 47 2 74 4 71,heads,regular,2
2026-08-08T21:26:20Z,962,47 7 10 65 66 40 44 70 59 12 37 4 43 36 29 63 21 74 23 20,heads,regular,3
2026-08-08T21:29:00Z,963,49 7 72 42 10 79 40 56 18 67 71 52 73 23 21 25 53 30 16 6,evens,regular,2
2026-08-08T21:31:40Z,964,10 12 34 3 15 35 30 31 57 8 71 51 56 36 69 11 66 67 75 65,heads,minor,1
2026-08-08T21:34:20Z,965,32 16 43 28 24 20 41 35 13 52 75 47 9 3 66 38 1 53 55 30,heads,regular,1
2026-08-08T21:37:00Z,966,2 58 4 51 54 59 13 35 71 66 1 47 79 24 64 39 32 41 50 38,tails,regular,1
2026-08-08T21:39:40Z,967,56 35 36 50 15 10 2 6 23 31 67 39 19 75 46 48 34 58 76 24,heads,regular,3
2026-08-08T21:42:20Z,968,65 44 53 15 1 54 38 76 31 18 71 24 27 61 7 79 6 63 36 72,evens,regular,3
2026-08-08T21:45:00Z,969,69 42 71 28 38 56 22 24 78 44 7 47 32 58 66 60 65 57 19 5,tails,regular,1
2026-08-08T21:47:40Z,970,3 60 42 67 27 56 32 30 49 1 29 5 6 11 54 17 45 44 61 59,evens,regular,1
2026-08-08T21:50:20Z,971,47 53 22 28 59 46 18 55 15 31 62 42 41 65 49 66 60 20 58 19,tails,minor,3
2026-08-08T21:53:00Z,972,13 4 39 29 33 66 14 74 23 34 27 1 21 37 41 57 70 44 79 25,heads,regular,2
2026-08-08T21:55:40Z,973,26 4 57 35 51 54 38 77 43 27 66 19 62 67 72 3 41 34 14 6,evens,regular,3
2026-08-08T21:58:20Z,974,19 70 8 1 29 34 77 36 51 33 32 31 4 80 7 73 9 23 55 41,heads,regular,1
2026-08-08T22:01:00Z,975,42 73 45 19 1 38 61 72 77 10 35 67 2 68 49 57 18 55 65 41,tails,minor,1
2026-08-08T22:03:40Z,976,70 80 30 67 4 8 46 72 53 55 20 77 52 76 78 27 49 38 2 63,tails,regular,1
2026-08-08T22:06:20Z,977,8 54 39 76 13 1 46 10 59 20 38 53 69 17 26 51 18 45 47 25,heads,regular,1
2026-08-08T22:09:00Z,978,80 23 8 56 5 34 39 33 4 17 49 45 24 66 60 64 29 69 41 74,evens,regular,1
2026-08-08T22:11:40Z,979,47 61 50 65 17 62 35 48 63 26 71 32 67 58 59 53 28 68 52 19,tails,regular,3
2026-08-08T22:14:20Z,980,57 9 70 34 74 8 17 67 13 49 2 16 58 19 32 11 4 3 30 59,heads,regular,1
2026-08-08T22:17:00Z,981,57 5 10 59 52 1 22 54 24 67 48 6 80 43 70 27 68 9 34 61,tails,regular,1
2026-08-08T22:19:40Z,982,42 36 76 58 51 30 26 16 63 44 29 69 56 8 3 73 18 57 10 23,evens,major,1
2026-08-08T22:22:20Z,983,22 73 59 78 77 43 75 23 9 19 50 26 11 3 71 25 51 27 21 40,heads,regular,2
2026-08-08T22:25:00Z,984,63 49 52 45 58 42 19 6 54 15 43 4 1 51 30 61 16 28 70 9,tails,regular,3
2026-08-08T22:27:40Z,985,11 33 16 36 42 48 43 38 32 18 10 69 31 52 34 61 21 56 4 2,heads,regular,1
2026-08-08T22:30:20Z,986,26 25 17 57 65 13 3 48 71 22 38 34 43 16 76 35 80 77 66 19,heads,regular,1
2026-08-08T22:33:00Z,987,78 53 14 13 30 71 24 40 45 25 1 60 8 41 26 65 4 27 19 3,heads,regular,10
2026-08-08T22:35:40Z,988,31 51 27 46 68 78 44 32 4 28 18 59 26 50 22 73 48 37 66 56,tails,regular,2
2026-08-08T22:38:20Z,989,7 18 80 24 55 27 63 16 30 5 46 54 23 42 22 39 59 33 73 70,heads,regular,1
2026-08-08T22:41:00Z,990,75 19 34 80 26 39 64 46 15 8 37 67 58 3 76 12 9 31 30 44,heads,regular,1
2026-08-08T22:43:40Z,991,18 42 63 20 35 5 36 46 59 56 39 43 57 47 29 2 33 34 77 64,evens,minor,10
2026-08-08T22:46:20Z,992,49 72 34 20 37 28 12 59 71 38 69 29 64 41 39 80 8 26 77 13,heads,regular,1
2026-08-08T22:49:00Z,993,24 70 67 68 73 33 36 65 4 58 44 57 34 56 13 8 52 11 40 1,evens,minor,2
2026-08-08T22:51:40Z,994,27 61 32 6 75 26 77 80 24 34 58 60 29 55 51 76 14 40 8 68,evens,regular,1
2026-08-08T22:54:20Z,995,74 46 70 45 22 77 34 79 66 53 65 26 21 80 57 63 42 3 18 39,tails,regular,1
2026-08-08T22:57:00Z,996,9 54 43 33 76 35 61 29 1 37 40 7 63 53 21 2 60 52 69 4,heads,regular,2
2026-08-08T22:59:40Z,997,5 60 78 6 80 52 43 25 4 30 13 12 54 77 67 31 79 3 27 41,evens,minor,3
2026-08-08T23:02:20Z,998,3 28 21 47 71 66 32 42 22 2 55 53 29 62 34 39 6 68 44 8,heads,regular,1
2026-08-08T23:05:00Z,999,72 33 15 40 70 1 21 62 32 17 31 39 19 13 4 66 12 3 23 16,heads,regular,1
2026-08-08T23:07:40Z,1,2 24 62 3 6 19 51 50 61 20 37 41 57 76 60 16 11 78 34 31,heads,minor,3
2026-08-08T23:10:20Z,2,5 77 69 28 43 10 61 8 20 4 32 13 79 36 57 68 59 47 21 56,evens,minor,1
2026-08-08T23:13:00Z,3,49 33 40 23 55 66 65 26 73 58 45 62 59 43 35 38 48 11 36 21,tails,minor,3
2026-08-08T23:15:40Z,4,6 38 37 19 62 4 7 16 47 50 12 69 76 51 28 55 77 53 40 36,heads,regular,1
2026-08-08T23:18:20Z,5,7 35 5 32 62 63 6 24 60 68 44 23 33 74 31 14 42 55 18 36,heads,regular,1
2026-08-08T23:21:00Z,6,62 61 44 2 47 7 79 45 11 37 80 18 76 27 63 39 15 52 55 68,tails,regular,1
2026-08-08T23:23:40Z,7,6 77 10 46 18 30 22 24 29 21 16 40 31 66 68 35 41 53 2 43,heads,regular,1
2026-08-08T23:26:20Z,8,29 59 5 61 30 34 74 25 70 50 31 24 23 27 72 77 14 76 44 10,heads,minor,1
2026-08-08T23:29:00Z,9,71 44 27 39 32 63 4 22 20 76 8 13 16 12 40 29 77 34 48 33,heads,regular,1
2026-08-08T23:31:40Z,10,50 58 16 21 19 5 54 7 35 13 11 64 27 46 41 78 80 79 2 12,heads,minor,1
2026-08-08T23:34:20Z,11,49 40 70 68 62 2 58 48 79 64 24 26 42 18 78 71 17 57 34 44,tails,regular,1
2026-08-08T23:37:00Z,12,35 79 42 34 19 31 11 4 6 47 55 17 53 59 41 54 63 32 77 23,evens,regular,5
2026-08-08T23:39:40Z,13,38 16 1 59 13 17 66 31 6 80 54 35 5 12 44 50 11 24 65 46,heads,regular,1
2026-08-08T23:42:20Z,14,66 60 73 45 79 2 59 3 80 63 54 8 41 17 31 75 49 24 9 28,tails,regular,1
2026-08-08T23:45:00Z,15,36 27 44 77 35 20 39 5 19 80 78 64 2 65 16 68 54 33 69 29,heads,regular,2
2026-08-08T23:47:40Z,16,3 78 9 66 4 44 74 57 26 73 46 60 45 76 8 43 68 14 29 63,tails,minor,3
2026-08-08T23:50:20Z,17,64 48 55 4 27 5 11 66 54 49 32 77 63 12 56 78 9 73 47 14,tails,minor,2
2026-08-08T23:53:00Z,18,7 52 5 27 62 35 56 77 28 17 26 65 41 18 40 76 44 16 6 20,heads,minor,1
2026-08-08T23:55:40Z,19,51 43 55 62 8 35 17 28 31 56 37 76 44 78 29 77 69 14 60 41,tails,major,1
2026-08-08T23:58:20Z,20,70 18 44 49 8 55 42 24 63 65 38 7 17 36 67 45 5 29 4 77,evens,minor,3
2026-08-09T00:01:00Z,21,47 70 27 7 75 30 64 57 29 18 41 59 50 80 58 63 22 73 52 49,tails,regular,10
2026-08-09T00:03:40Z,22,43 17 77 76 31 78 53 62 60 23 51 55 68 73 19 80 38 52 2 10,tails,regular,2
2026-08-09T00:06:20Z,23,29 64 55 69 9 20 3 6 17 80 62 45 11 76 30 44 21 8 25 41,heads,regular,1
2026-08-09T00:09:00Z,24,66 80 43 20 42 4 32 7 51 30 73 50 18 15 9 26 56 19 69 48,evens,regular,4
2026-08-09T00:11:40Z,25,30 14 1 16 4 51 15 67 12 62 78 43 44 64 56 52 27 74 77 28,tails,regular,1
2026-08-09T00:14:20Z,26,79 72 77 49 40 6 73 44 78 24 3 51 1 5 32 10 29 11 47 64,evens,regular,2
2026-08-09T00:17:00Z,27,51 59 76 74 69 64 80 4 15 3 14 75 18 24 20 28 2 12 8 58,heads,regular,5
2026-08-09T00:19:40Z,28,39 15 32 48 76 36 46 53 37 55 9 29 30 66 10 26 31 14 12 47,heads,regular,1
2026-08-09T00:22:20Z,29,68 56 57 18 36 17 7 77 22 12 33 14 51 37 41 6 10 20 11 70,heads,regular,2
2026-08-09T00:25:00Z,30,9 43 40 31 26 52 71 39 72 11 80 35 4 17 6 53 41 3 55 32,heads,regular,3
2026-08-09T00:27:40Z,31,2 56 79 57 68 49 35 37 7 47 44 34 6 77 63 58 76 9 20 24,tails,major,4
2026-08-09T00:30:20Z,32,77 1 52 56 53 62 55 45 78 72 61 60 32 46 59 75 4 79 48 8,tails,regular,3
2026-08-09T00:33:00Z,33,65 18 73 25 26 76 14 16 17 52 29 4 72 30 77 48 61 11 3 23,heads,regular,3
2026-08-09T00:35:40Z,34,77 78 31 12 5 62 63 52 64 34 80 27 38 16 7 70 36 45 72 29,evens,minor,2
2026-08-09T00:38:20Z,35,75 69 76 33 64 11 42 30 80 61 73 51 72 9 62 67 35 14 56 21,tails,regular,3
2026-08-09T00:41:00Z,36,12 15 72 52 23 25 11 40 10 9 79 68 21 6 80 28 22 8 2 75,heads,minor,1
2026-08-09T00:43:40Z,37,70 13 2 36 10 57 3 21 51 48 18 39 74 6 23 59 58 4 40 11,heads,minor,1
2026-08-09T00:46:20Z,38,31 27 54 79 68 29 70 73 71 49 17 46 51 44 76 56 74 16 57 55,tails,regular,1
2026-08-09T00:49:00Z,39,3 38 78 44 28 8 77 36 59 73 55 6 31 13 48 63 41 49 1 61,tails,regular,1
2026-08-09T00:51:40Z,40,63 58 28 47 20 78 65 8 70 7 64 29 31 55 2 13 6 60 33 4,heads,regular,1
2026-08-09T00:54:20Z,41,80 51 64 46 52 62 1 49 48 21 50 27 31 67 20 56 23 4 15 16,tails,regular,1
2026-08-09T00:57:00Z,42,23 79 56 45 39 71 48 43 25 46 5 75 42 50 61 30 35 64 6 36,tails,regular,1
2026-08-09T00:59:40Z,43,32 55 25 5 9 59 80 61 28 15 29 69 18 12 1 63 17 50 20 35,heads,major,2
2026-08-09T01:02:20Z,44,34 56 6 31 63 18 65 23 48 13 2 28 16 68 43 64 55 74 72 62,tails,regular,3
2026-08-09T01:05:00Z,45,21 72 27 15 12 50 64 39 45 7 36 43 31 65 24 78 55 75 66 3,evens,regular,1
2026-08-09T01:07:40Z,46,67 54 42 60 66 18 4 16 51 69 35 77 73 29 59 2 6 78 21 26,tails,minor,1
2026-08-09T01:10:20Z,47,80 28 37 26 13 59 44 6 33 1 3 69 35 4 72 31 73 39 71 70,heads,regular,3
2026-08-09T01:13:00Z,48,22 4 65 24 43 35 13 68 31 61 28 62 75 46 18 30 11 67 55 70,evens,regular,1
2026-08-09T01:15:40Z,49,13 24 62 25 21 76 60 30 15 45 53 68 22 47 18 49 43 71 3 57,tails,minor,1
2026-08-09T01:18:20Z,50,3 66 16 60 15 28 9 5 76 32 2 78 34 73 17 61 54 22 25 47,heads,regular,1
2026-08-09T01:21:00Z,51,42 33 44 73 22 5 26 47 31 59 12 35 77 48 10 7 51 76 75 65,tails,regular,4
2026-08-09T01:23:40Z,52,20 53 2 6 31 34 50 80 14 29 55 46 8 39 7 49 71 11 69 1,heads,regular,3
2026-08-09T01:26:20Z,53,8 46 32 56 79 10 43 50 39 64 24 34 25 63 33 71 35 37 19 38,heads,major,2
2026-08-09T01:29:00Z,54,40 69 27 62 13 53 51 66 38 34 5 50 80 45 3 77 78 58 23 33,tails,regular,1
2026-08-09T01:31:40Z,55,10 8 11 80 28 12 44 14 43 79 66 7 58 72 6 18 3 56 39 59,heads,regular,1
2026-08-09T01:34:20Z,56,52 11 46 8 73 38 66 48 39 79 74 63 27 21 22 33 62 25 28 7,heads,regular,2
2026-08-09T01:37:00Z,57,1 36 79 27 32 13 29 15 71 9 55 17 20 51 54 62 3 38 16 19,heads,regular,10
2026-08-09T01:39:40Z,58,14 59 40 8 62 9 17 11 72 64 19 71 4 7 22 66 43 24 50 58,heads,regular,3
2026-08-09T01:42:20Z,59,63 71 5 24 20 76 48 47 44 9 6 72 21 32 18 41 25 35 10 56,heads,regular,1
2026-08-09T01:45:00Z,60,23 20 1 66 63 34 3 9 73 13 11 10 64 74 41 57 69 39 6 38,heads,regular,2
2026-08-09T01:47:40Z,61,37 48 2 59 68 10 46 61 30 60 27 78 53 4 79 24 16 76 57 26,tails,regular,1
2026-08-09T01:50:20Z,62,21 15 9 67 47 36 17 23 26 59 51 45 74 49 28 1 65 76 24 32,heads,regular,1
2026-08-09T01:53:00Z,63,34 13 47 1 17 75 48 57 68 27 23 7 69 15 76 14 65 42 71 21,evens,minor,4
2026-08-09T01:55:40Z,64,47 19 41 7 72 33 65 5 16 68 11 9 29 1 28 57 8 60 22 50,heads,regular,3
2026-08-09T01:58:20Z,65,57 61 35 62 13 63 33 69 53 40 8 59 17 50 27 6 64 22 18 60,evens,regular,2
2026-08-09T02:01:00Z,66,57 78 8 67 35 23 55 53 74 19 30 15 69 2 54 9 26 49 79 13,evens,regular,1
2026-08-09T02:03:40Z,67,22 47 38 25 39 56 23 61 6 13 29 54 51 19 55 45 40 59 49 77,evens,minor,1
2026-08-09T02:06:20Z,68,9 50 52 55 28 70 47 16 11 69 53 39 67 68 14 21 40 7 20 43,evens,regular,3
2026-08-09T02:09:00Z,69,31 47 48 13 32 23 49 27 62 12 39 10 64 78 73 61 24 55 14 67,evens,minor,3
2026-08-09T02:11:40Z,70,68 32 59 5 70 80 60 18 38 56 48 52 2 55 37 28 41 34 75 44,tails,regular,1
2026-08-09T02:14:20Z,71,44 47 5 73 29 11 25 77 62 40 80 26 56 64 52 16 78 9 32 55,tails,regular,3
2026-08-09T02:17:00Z,72,78 3 54 10 80 27 36 56 47 79 16 51 6 62 58 75 65 15 55 63,tails,regular,10
2026-08-09T02:19:40Z,73,35 61 68 77 25 14 31 40 63 33 71 5 36 47 4 2 13 46 3 51,heads,major,1
2026-08-09T02:22:20Z,74,5 73 2 62 16 50 67 60 36 6 31 48 39 53 64 55 18 63 54 35,tails,regular,1
2026-08-09T02:25:00Z,75,68 47 61 77 33 78 2 9 23 74 75 76 69 28 51 50 4 29 16 70,tails,minor,2
2026-08-09T02:27:40Z,76,41 8 80 17 43 26 49 77 35 52 38 51 15 9 40 53 39 29 72 65,evens,regular,2
2026-08-09T02:30:20Z,77,76 14 11 20 52 56 77 29 70 10 6 1 36 5 50 44 41 33 39 63,heads,regular,1
2026-08-09T02:33:00Z,78,63 23 39 5 53 31 1 46 78 75 40 71 41 2 43 9 4 14 56 77,evens,regular,2
2026-08-09T02:35:40Z,79,68 20 78 17 36 29 44 63 22 70 12 4 46 66 24 74 69 9 79 73,tails,regular,1
2026-08-09T02:38:20Z,80,14 50 40 45 12 30 59 28 69 16 15 58 32 5 63 55 19 34 67 9,heads,regular,3
2026-08-09T02:41:00Z,81,73 70 55 28 4 21 60 19 26 1 12 23 34 43 61 53 75 58 62 2,evens,regular,2
2026-08-09T02:43:40Z,82,20 1 23 65 57 14 53 31 11 10 71 59 75 6 38 80 56 12 55 61,evens,regular,2
2026-08-09T02:46:20Z,83,63 24 37 11 52 7 9 66 74 45 62 61 10 17 29 68 42 3 69 6,evens,regular,1
2026-08-09T02:49:00Z,84,53 55 52 24 32 46 29 43 33 26 2 3 73 62 31 72 13 61 75 60,tails,regular,2
2026-08-09T02:51:40Z,85,42 70 2 17 18 69 68 39 14 48 64 11 76 61 38 56 63 37 29 8,evens,major,4
2026-08-09T02:54:20Z,86,70 28 50 64 74 45 53 25 29 3 65 39 66 38 57 20 76 60 55 80,tails,minor,1
2026-08-09T02:57:00Z,87,44 30 16 6 34 71 19 25 38 37 75 59 8 68 48 27 64 73 22 39,heads,regular,2
2026-08-09T02:59:40Z,88,18 7 17 79 30 8 62 54 41 3 37 58 9 26 70 61 73 42 76 59,tails,major,4
2026-08-09T03:02:20Z,89,11 41 12 73 21 4 8 49 5 33 78 44 36 57 15 1 47 30 20 16,heads,minor,2
2026-08-09T03:05:00Z,90,25 30 31 15 42 43 50 35 61 29 60 44 46 12 26 63 3 55 5 24,heads,regular,5
2026-08-09T03:07:40Z,91,72 20 79 52 65 25 47 56 29 17 16 60 45 19 71 33 1 38 12 77,evens,regular,1
2026-08-09T03:10:20Z,92,53 27 33 3 23 51 61 75 71 14 77 4 56 69 52 46 48 54 68 66,tails,regular,1
2026-08-09T03:13:00Z,93,21 20 47 14 32 24 44 22 13 68 59 29 4 74 49 18 7 50 54 75,heads,minor,2
2026-08-09T03:15:40Z,94,17 55 33 47 23 72 19 21 29 66 36 56 30 71 67 45 18 1 80 58,evens,minor,2
2026-08-09T03:18:20Z,95,20 6 70 11 16 19 22 18 25 58 1 12 35 15 7 78 33 21 13 3,heads,regular,1
2026-08-09T03:21:00Z,96,53 77 30 56 63 3 13 14 73 21 78 69 8 45 19 62 64 79 23 22,tails,major,3
2026-08-09T03:23:40Z,97,48 5 53 1 10 51 42 14 73 57 76 23 19 45 75 9 13 24 61 71,tails,regular,3
2026-08-09T03:26:20Z,98,54 60 16 24 56 23 73 33 57 44 36 5 27 48 37 64 42 29 30 17,heads,regular,2
2026-08-09T03:29:00Z,99,71 26 67 1 63 47 3 43 5 70 29 18 58 21 4 49 23 38 2 32,heads,regular,3
2026-08-09T03:31:40Z,100,79 17 25 16 34 50 9 76 41 37 14 61 32 26 44 20 13 28 6 55,heads,major,2
2026-08-09T03:34:20Z,101,37 17 40 61 36 32 5 79 68 9 42 66 24 62 58 73 28 30 3 16,heads,regular,1
2026-08-09T03:37:00Z,102,36 60 66 19 30 5 29 9 72 2 75 21 35 11 32 57 80 38 58 20,heads,regular,1
2026-08-09T03:39:40Z,103,15 63 73 61 57 14 77 27 7 5 54 25 76 62 58 48 64 31 74 8,tails,regular,1
2026-08-09T03:42:20Z,104,65 39 22 58 30 60 6 48 62 8 43 36 21 25 2 41 12 75 64 53,evens,regular,3
2026-08-09T03:45:00Z,105,69 13 55 56 44 58 1 38 33 4 18 53 72 12 2 17 11 32 57 9,heads,regular,3
2026-08-09T03:47:40Z,106,40 28 73 26 32 19 27 64 14 22 75 56 74 50 41 69 23 13 16 3,heads,regular,1
2026-08-09T03:50:20Z,107,23 20 48 19 8 46 50 66 58 7 49 18 57 24 68 31 5 11 32 43,heads,major,2
2026-08-09T03:53:00Z,108,65 13 62 63 15 72 32 43 58 17 75 29 19 73 33 54 25 1 49 57,tails,regular,1
2026-08-09T03:55:40Z,109,7 68 35 3 12 74 76 61 34 47 65 63 31 55 25 43 1 4 46 42,tails,regular,1
2026-08-09T03:58:20Z,110,9 18 13 44 61 70 17 47 4 36 48 7 20 5 57 15 35 71 8 49,heads,minor,2
2026-08-09T04:01:00Z,111,24 12 77 38 63 35 59 68 29 34 10 69 67 75 65 73 53 13 51 41,tails,major,1
2026-08-09T04:03:40Z,112,3 78 48 15 37 27 49 30 67 43 56 9 70 41 62 36 1 59 22 29,evens,regular,5
2026-08-09T04:06:20Z,113,38 14 22 6 54 13 62 29 1 37 72 17 74 18 12 50 48 10 24 41,heads,regular,10
2026-08-09T04:09:00Z,114,34 74 27 6 40 60 12 61 4 10 53 43 30 8 42 26 39 45 78 52,heads,regular,3
2026-08-09T04:11:40Z,115,74 52 4 56 33 47 73 39 49 42 62 40 13 16 20 15 21 23 63 10,heads,regular,2
2026-08-09T04:14:20Z,116,76 72 35 70 64 58 5 19 57 10 74 30 51 12 28 63 4 27 43 54,tails,regular,1
2026-08-09T04:17:00Z,117,11 40 26 72 7 68 64 55 27 78 28 74 58 80 34 33 32 15 63 3,heads,minor,2
2026-08-09T04:19:40Z,118,56 64 47 67 58 73 42 2 1 5 53 29 54 44 66 79 78 74 25 46,tails,regular,1
2026-08-09T04:22:20Z,119,29 25 68 66 33 32 46 74 4 72 19 12 54 11 13 42 31 39 6 56,heads,regular,1
2026-08-09T04:25:00Z,120,2 9 55 33 74 20 23 31 44 11 3 34 28 79 73 6 29 16 14 35,heads,minor,3
2026-08-09T04:27:40Z,121,4 28 75 10 71 30 55 13 44 46 50 12 78 25 69 23 14 74 77 58,tails,minor,3
2026-08-09T04:30:20Z,122,28 31 10 62 9 7 30 48 15 72 27 50 23 6 77 39 2 25 65 13,heads,regular,3
2026-08-09T04:33:00Z,123,63 71 78 72 14 20 70 24 9 12 41 55 11 15 64 50 42 33 49 4,tails,regular,1
2026-08-09T04:35:40Z,124,26 58 67 7 48 74 80 47 63 41 29 77 54 10 53 17 9 64 38 23,tails,regular,2
2026-08-09T04:38:20Z,125,42 17 27 70 39 56 66 77 45 43 74 19 33 51 71 62 49 37 31 47,tails,major,1
2026-08-09T04:41:00Z,126,63 1 11 14 45 67 36 80 42 10 60 76 78 35 71 29 26 16 66 18,evens,minor,2
2026-08-09T04:43:40Z,127,32 24 9 56 73 42 60 52 25 70 46 3 22 40 72 36 19 31 45 50,evens,regular,1
2026-08-09T04:46:20Z,128,59 63 65 56 62 61 58 26 24 48 12 52 72 18 21 8 2 66 38 40,tails,major,4
2026-08-09T04:49:00Z,129,13 34 43 23 25 56 36 70 1 33 49 8 3 37 20 62 80 12 24 7,heads,regular,1
2026-08-09T04:51:40Z,130,48 14 3 4 12 65 61 28 34 75 63 57 17 7 42 43 32 15 49 45,evens,regular,2
2026-08-09T04:54:20Z,131,63 41 9 4 71 67 72 61 28 40 24 30 25 26 20 19 16 78 64 76,heads,regular,1
2026-08-09T04:57:00Z,132,76 22 45 43 79 60 42 12 68 32 53 7 14 20 6 57 74 69 38 17,tails,regular,1
2026-08-09T04:59:40Z,133,12 58 56 46 41 61 11 9 69 24 8 36 73 60 38 68 1 31 80 57,tails,regular,2
2026-08-09T05:02:20Z,134,9 36 22 41 34 48 63 14 42 80 5 27 38 24 8 55 50 68 17 53,heads,regular,2
2026-08-09T05:05:00Z,135,60 15 1 26 12 23 64 75 54 29 6 10 52 27 78 56 63 38 46 77,evens,regular,1
2026-08-09T05:07:40Z,136,53 13 17 39 54 60 31 6 41 25 37 61 59 42 30 14 48 63 7 24,heads,minor,2
2026-08-09T05:10:20Z,137,19 50 2 46 29 65 27 47 64 51 44 17 7 14 75 68 60 53 73 15,tails,minor,3
2026-08-09T05:13:00Z,138,67 68 1 19 75 74 32 36 60 40 47 34 11 20 17 69 2 64 52 50,evens,regular,4
2026-08-09T05:15:40Z,139,36 47 80 5 50 12 17 7 30 61 18 40 6 10 73 64 43 13 76 75,heads,minor,3
2026-08-09T05:18:20Z,140,40 72 29 78 24 31 47 70 22 52 41 80 44 1 11 59 12 6 33 27,heads,regular,3
2026-08-09T05:21:00Z,141,37 12 52 24 63 54 46 79 55 58 50 68 15 31 53 78 57 43 32 10,tails,regular,2
2026-08-09T05:23:40Z,142,63 5 73 15 65 18 14 23 1 42 25 30 50 51 80 47 55 45 4 28,evens,regular,2
2026-08-09T05:26:20Z,143,66 58 72 7 8 46 1 34 19 77 51 12 39 37 29 6 55 5 38 25,heads,minor,2
2026-08-09T05:29:00Z,144,23 71 26 22 32 13 29 14 66 17 15 34 42 61 19 54 65 67 1 51,heads,major,1
2026-08-09T05:31:40Z,145,62 41 21 58 73 29 61 77 76 42 75 37 63 54 57 2 26 34 72 46,tails,regular,3
2026-08-09T05:34:20Z,146,71 25 47 2 78 33 65 69 14 34 54 55 50 59 13 28 26 31 36 4,heads,regular,3
2026-08-09T05:37:00Z,147,32 50 12 42 30 65 70 1 20 67 55 79 35 69 59 25 5 53 78 43,tails,major,1
2026-08-09T05:39:40Z,148,3 9 61 1 42 66 72 56 58 35 18 57 27 55 80 45 11 12 38 76,tails,regular,2
2026-08-09T05:42:20Z,149,24 75 72 56 20 32 53 27 34 63 55 7 2 38 15 6 10 64 35 29,heads,regular,1
2026-08-09T05:45:00Z,150,72 47 71 56 41 59 29 24 18 31 54 13 78 5 28 36 80 27 48 39,evens,minor,3
2026-08-09T05:47:40Z,151,44 56 79 50 39 4 29 77 15 24 34 26 35 8 47 13 22 37 36 11,heads,regular,1
2026-08-09T05:50:20Z,152,19 28 6 32 59 43 49 72 64 23 62 1 56 60 22 5 57 31 55 61,tails,minor,10
2026-08-09T05:53:00Z,153,62 15 74 52 49 75 80 73 2 21 29 43 44 28 68 31 58 7 79 50,tails,minor,2
2026-08-09T05:55:40Z,154,73 75 14 2 69 36 61 66 31 10 7 80 34 53 6 76 50 19 60 12,evens,regular,1
2026-08-09T05:58:20Z,155,53 38 61 39 46 15 28 78 13 24 55 47 73 20 34 7 59 64 12 77,evens,regular,2
2026-08-09T06:01:00Z,156,47 7 8 79 41 2 38 31 10 48 36 44 28 54 39 78 12 46 61 73,evens,regular,5
2026-08-09T06:03:40Z,157,25 27 59 29 61 67 34 3 16 24 20 31 75 55 39 49 74 44 19 72,heads,minor,10
2026-08-09T06:06:20Z,158,28 55 38 18 74 25 42 76 73 20 32 70 15 16 62 56 4 58 7 45,evens,minor,2
2026-08-09T06:09:00Z,159,6 57 11 46 32 63 65 60 51 58 27 22 9 33 79 30 28 66 2 54,evens,regular,3
2026-08-09T06:11:40Z,160,7 30 80 72 66 35 51 59 29 10 15 68 6 67 44 50 31 41 49 20,tails,major,4
2026-08-09T06:14:20Z,161,45 18 2 48 64 29 49 47 78 21 77 42 39 38 20 54 31 12 53 9,evens,regular,2
2026-08-09T06:17:00Z,162,36 59 23 21 8 10 37 26 75 17 74 64 16 5 13 48 15 80 51 4,heads,minor,1
2026-08-09T06:19:40Z,163,16 32 62 74 45 35 13 10 21 17 53 67 55 46 33 56 2 28 40 1,heads,minor,1
2026-08-09T06:22:20Z,164,41 29 43 59 68 55 28 63 57 53 45 72 71 32 56 9 40 12 49 21,tails,regular,1
2026-08-09T06:25:00Z,165,10 28 62 64 24 40 23 45 29 31 52 79 25 17 69 66 32 5 49 73,heads,minor,10
2026-08-09T06:27:40Z,166,31 78 41 29 74 28 79 56 36 42 77 80 65 76 52 3 63 5 37 33,tails,regular,1
2026-08-09T06:30:20Z,167,55 74 2 24 75 57 14 48 73 46 8 71 33 58 20 13 72 15 35 64,tails,regular,3
2026-08-09T06:33:00Z,168,1 48 65 2 9 62 14 13 8 30 37 36 69 59 76 57 41 46 39 31,heads,major,1
2026-08-09T06:35:40Z,169,73 17 64 80 23 31 42 59 57 71 52 77 68 54 51 16 44 11 40 53,tails,regular,2
2026-08-09T06:38:20Z,170,71 22 42 79 76 66 40 29 11 45 75 49 21 13 68 32 15 47 37 78,tails,minor,3
2026-08-09T06:41:00Z,171,47 22 23 25 53 68 9 58 41 27 63 70 72 36 18 78 10 45 31 49,tails,regular,2
2026-08-09T06:43:40Z,172,33 65 3 31 67 75 38 13 4 66 64 20 52 79 50 76 62 14 57 16,tails,regular,2
2026-08-09T06:46:20Z,173,62 15 29 59 18 61 52 70 43 63 68 6 5 2 60 77 9 13 14 57,tails,regular,1
2026-08-09T06:49:00Z,174,9 30 49 37 64 77 36 73 3 51 34 78 45 63 41 66 54 71 56 80,tails,regular,3
2026-08-09T06:51:40Z,175,8 11 18 17 77 47 54 35 30 66 22 53 4 52 65 36 40 27 46 71,heads,regular,3
2026-08-09T06:54:20Z,176,39 66 34 6 19 47 69 25 67 78 22 58 57 41 79 63 48 36 35 76,tails,regular,1
2026-08-09T06:57:00Z,177,55 54 66 4 39 13 71 5 50 63 61 7 60 74 46 1 42 32 2 65,tails,regular,2
2026-08-09T06:59:40Z,178,22 57 65 42 61 47 53 23 31 21 67 55 32 76 45 33 1 3 54 69,tails,regular,3
2026-08-09T07:02:20Z,179,73 56 78 9 16 13 61 1 67 46 5 45 4 70 7 28 80 26 66 51,tails,minor,1
2026-08-09T07:05:00Z,180,20 51 60 77 68 78 30 44 33 32 73 7 59 80 56 16 48 21 1 18,tails,major,3
2026-08-09T07:07:40Z,181,54 21 33 53 50 45 51 69 65 7 28 11 12 14 75 1 60 24 66 42,tails,minor,2
2026-08-09T07:10:20Z,182,11 33 71 75 59 21 56 70 35 19 45 73 32 39 18 31 22 53 40 78,heads,regular,3
2026-08-09T07:13:00Z,183,63 54 74 55 15 1 34 41 58 10 28 50 39 25 24 18 77 27 71 65,evens,minor,3
2026-08-09T07:15:40Z,184,20 33 70 68 69 5 67 25 59 80 7 8 54 57 3 42 2 6 45 39,evens,regular,1
2026-08-09T07:18:20Z,185,34 74 23 50 61 30 28 12 29 18 22 54 52 45 53 21 69 5 47 24,heads,minor,1
2026-08-09T07:21:00Z,186,25 10 13 35 41 34 77 50 76 38 37 17 11 33 21 14 26 61 80 43,heads,minor,2
2026-08-09T07:23:40Z,187,44 79 8 63 43 1 19 32 62 20 3 49 41 68 64 13 4 16 73 40,evens,minor,2
2026-08-09T07:26:20Z,188,63 46 69 2 37 18 12 59 65 47 55 40 23 64 51 45 34 5 44 28,tails,regular,1
2026-08-09T07:29:00Z,189,42 19 80 72 47 52 39 40 25 24 14 61 4 53 48 11 3 70 43 68,tails,regular,1
2026-08-09T07:31:40Z,190,43 31 50 10 62 59 69 1 12 22 63 73 77 64 80 18 4 60 24 19,tails,regular,3
2026-08-09T07:34:20Z,191,72 9 42 69 58 73 11 29 17 23 46 55 43 41 40 14 7 19 3 60,evens,regular,2
2026-08-09T07:37:00Z,192,41 23 58 19 9 21 78 39 47 34 35 13 26 10 38 53 45 49 28 54,heads,regular,3
2026-08-09T07:39:40Z,193,13 8 62 65 7 23 38 63 33 59 25 53 48 21 22 76 47 28 60 58,evens,major,3
2026-08-09T07:42:20Z,194,67 14 12 1 44 31 64 78 9 57 22 17 53 32 80 2 49 56 24 75,evens,minor,3
2026-08-09T07:45:00Z,195,6 38 16 5 66 76 77 19 37 57 79 32 27 26 9 78 21 41 50 46,heads,major,2
2026-08-09T07:47:40Z,196,51 22 18 11 66 42 59 23 40 38 36 14 58 16 6 13 48 39 67 61,heads,regular,1
2026-08-09T07:50:20Z,197,47 54 14 11 80 42 16 27 60 18 40 31 26 69 24 12 15 36 35 25,heads,minor,1
2026-08-09T07:53:00Z,198,55 20 57 51 31 49 8 68 67 59 6 22 69 71 41 29 13 48 72 11,tails,minor,1
2026-08-09T07:55:40Z,199,24 38 23 48 18 10 50 4 47 67 71 59 64 35 27 65 46 44 77 69,tails,minor,3
2026-08-09T07:58:20Z,200,52 47 64 29 25 8 33 13 37 51 75 66 11 62 53 31 57 10 5 2,heads,regular,2
2026-08-09T08:01:00Z,201,71 16 12 9 74 47 63 77 35 59 17 43 67 75 18 78 66 56 11 5,tails,regular,1
2026-08-09T08:03:40Z,202,25 6 7 10 71 29 41 40 52 12 63 42 26 4 13 74 59 80 68 36,heads,regular,4
2026-08-09T08:06:20Z,203,56 3 6 42 9 60 4 64 7 65 61 23 73 35 71 67 32 57 26 68,tails,minor,3
2026-08-09T08:09:00Z,204,40 25 57 58 62 30 73 78 38 18 59 27 46 4 50 79 17 29 10 23,heads,minor,10
2026-08-09T08:11:40Z,205,65 24 21 55 34 9 28 26 72 50 37 40 3 32 4 29 43 57 76 79,heads,minor,2
2026-08-09T08:14:20Z,206,9 32 64 12 13 72 41 73 38 52 25 70 44 28 68 3 40 27 23 55,heads,regular,1
2026-08-09T08:17:00Z,207,36 32 33 4 75 21 54 14 17 68 23 3 44 41 12 40 57 74 34 70,heads,regular,2
2026-08-09T08:19:40Z,208,45 58 36 55 18 69 79 44 75 28 11 38 76 17 80 46 23 33 63 53,tails,regular,1
2026-08-09T08:22:20Z,209,16 66 42 8 65 58 33 68 63 2 79 7 64 74 69 41 77 54 76 17,tails,minor,2
2026-08-09T08:25:00Z,210,43 68 47 24 3 30 70 1 13 34 12 54 6 27 69 25 36 45 10 29,heads,minor,3
2026-08-09T08:27:40Z,211,13 19 22 14 49 59 40 53 34 61 64 63 77 68 67 29 6 54 41 62,tails,minor,1
2026-08-09T08:30:20Z,212,56 60 39 67 37 5 21 46 78 73 4 34 35 38 48 6 40 14 8 61,heads,regular,3
2026-08-09T08:33:00Z,213,51 26 24 49 10 61 67 8 29 60 6 34 72 52 35 25 68 63 19 55,evens,minor,2
2026-08-09T08:35:40Z,214,53 6 7 24 11 32 76 15 54 55 38 23 67 41 46 8 64 1 14 33,heads,regular,2
2026-08-09T08:38:20Z,215,64 47 36 79 19 22 16 28 25 24 17 15 56 67 37 63 39 32 29 21,heads,regular,1
2026-08-09T08:41:00Z,216,45 63 65 41 80 20 73 51 44 17 19 11 74 15 25 55 76 22 67 2,tails,minor,2
2026-08-09T08:43:40Z,217,42 73 63 74 37 13 28 22 53 23 48 61 44 6 76 77 46 75 31 34,tails,regular,1
2026-08-09T08:46:20Z,218,49 58 68 3 69 73 16 64 65 60 37 56 18 51 17 29 45 27 40 54,tails,regular,1
2026-08-09T08:49:00Z,219,51 75 6 80 57 31 42 77 55 70 27 14 3 33 35 54 74 62 69 26,tails,regular,2
2026-08-09T08:51:40Z,220,33 28 16 77 9 67 61 53 20 5 51 27 45 19 59 15 46 21 55 1,heads,regular,1
2026-08-09T08:54:20Z,221,21 46 12 24 77 40 7 5 67 74 6 27 13 56 58 19 51 34 8 25,heads,regular,3
2026-08-09T08:57:00Z,222,5 75 14 74 48 18 73 17 27 58 31 23 56 34 47 25 76 55 11 67,evens,regular,1
2026-08-09T08:59:40Z,223,61 38 47 43 16 71 10 36 50 57 8 30 55 3 52 28 63 35 68 17,evens,major,1
2026-08-09T09:02:20Z,224,74 38 32 1 68 12 14 75 37 27 55 39 30 72 51 17 54 19 61 48,heads,regular,3
2026-08-09T09:05:00Z,225,79 28 74 42 29 22 11 43 46 4 55 68 13 34 56 71 50 52 20 72,tails,major,1
2026-08-09T09:07:40Z,226,37 47 50 2 52 24 51 64 59 41 32 28 1 19 6 29 25 79 23 56,heads,major,1
2026-08-09T09:10:20Z,227,51 29 44 7 64 8 70 26 31 4 9 14 68 35 62 19 24 3 76 33,heads,regular,1
2026-08-09T09:13:00Z,228,5 53 65 77 33 62 45 80 1 54 49 3 24 10 40 29 19 46 43 30,evens,regular,1
2026-08-09T09:15:40Z,229,18 6 61 79 10 47 46 65 20 74 26 70 38 57 58 32 40 50 77 48,tails,regular,1
2026-08-09T09:18:20Z,230,63 28 13 49 20 71 3 70 75 27 44 72 50 58 47 51 64 32 24 15,tails,regular,3
2026-08-09T09:21:00Z,231,32 27 47 73 20 24 66 75 55 5 44 68 38 78 31 59 76 11 6 30,evens,minor,2
2026-08-09T09:23:40Z,232,23 52 15 10 39 49 28 64 46 66 2 5 68 19 18 71 36 24 76 56,heads,major,1
2026-08-09T09:26:20Z,233,18 30 46 12 73 42 22 50 38 69 63 45 27 34 1 60 3 76 5 33,heads,regular,1
2026-08-09T09:29:00Z,234,51 64 79 54 57 47 53 75 78 73 44 18 5 58 67 25 17 26 55 38,tails,regular,1
2026-08-09T09:31:40Z,235,58 68 31 66 65 41 69 7 35 27 17 76 38 13 4 21 78 55 56 53,tails,regular,2
2026-08-09T09:34:20Z,236,35 9 28 22 37 20 34 63 70 75 46 53 6 56 40 25 10 69 55 52,heads,minor,10
2026-08-09T09:37:00Z,237,40 10 72 67 63 14 37 61 33 55 13 50 17 32 4 30 42 21 70 25,heads,regular,3
2026-08-09T09:39:40Z,238,53 52 5 22 34 32 69 30 74 67 12 51 60 58 16 73 70 21 3 63,tails,minor,2
2026-08-09T09:42:20Z,239,21 39 78 58 35 37 54 71 43 36 42 8 9 41 10 68 62 52 73 74,tails,major,1
2026-08-09T09:45:00Z,240,47 35 73 69 66 62 48 7 39 31 10 11 9 6 4 55 13 65 72 2,heads,minor,2
2026-08-09T09:47:40Z,241,31 80 55 40 50 6 33 79 72 75 57 18 59 62 36 43 61 60 24 27,tails,regular,2
2026-08-09T09:50:20Z,242,38 30 48 12 55 58 65 79 6 9 77 11 49 32 27 7 10 54 69 16,heads,regular,2
2026-08-09T09:53:00Z,243,63 3 49 69 60 52 40 5 77 41 16 64 14 51 59 34 10 37 19 27,evens,minor,4
2026-08-09T09:55:40Z,244,4 42 71 60 35 39 65 33 49 72 77 58 6 69 34 32 14 7 21 41,evens,minor,3
2026-08-09T09:58:20Z,245,33 6 52 16 65 47 32 18 36 44 50 51 56 39 72 75 12 34 59 35,evens,minor,1
2026-08-09T10:01:00Z,246,75 66 48 14 27 56 59 5 6 35 1 51 49 26 54 46 16 36 62 8,evens,regular,3
2026-08-09T10:03:40Z,247,61 13 34 21 2 23 32 30 62 28 50 74 16 46 75 80 63 76 14 10,heads,regular,2
2026-08-09T10:06:20Z,248,46 63 60 1 14 72 54 77 42 27 51 39 3 49 64 18 23 9 74 70,tails,minor,3
2026-08-09T10:09:00Z,249,13 60 3 18 30 56 39 76 36 17 64 20 15 58 46 66 50 27 73 62,evens,minor,3
2026-08-09T10:11:40Z,250,4 16 28 1 66 12 40 60 27 7 22 15 52 47 10 64 58 76 61 44,heads,regular,1
2026-08-09T10:14:20Z,251,72 19 62 48 13 27 14 57 69 20 67 21 38 10 23 42 16 54 71 1,heads,regular,3
2026-08-09T10:17:00Z,252,16 39 71 50 28 63 15 69 25 31 29 38 10 23 8 21 1 56 46 66,heads,regular,5
2026-08-09T10:19:40Z,253,31 63 21 39 40 48 65 38 1 57 28 11 25 46 4 75 17 72 41 71,heads,minor,1
2026-08-09T10:22:20Z,254,52 24 53 69 25 38 5 79 23 63 48 2 78 15 21 16 68 54 77 73,tails,regular,1
2026-08-09T10:25:00Z,255,19 42 76 46 48 31 72 47 40 20 15 25 30 43 27 4 73 7 5 10,heads,major,2
2026-08-09T10:27:40Z,256,4 22 21 48 73 42 24 20 16 50 35 71 52 25 9 27 43 10 78 17,heads,regular,2
2026-08-09T10:30:20Z,257,49 22 62 6 16 21 76 7 65 24 31 41 11 9 32 64 67 63 29 4,heads,regular,5
2026-08-09T10:33:00Z,258,17 21 2 44 39 61 68 74 45 42 8 38 50 66 7 78 40 18 9 54,evens,minor,2
2026-08-09T10:35:40Z,259,61 65 2 23 15 5 40 52 1 41 43 32 78 12 68 6 72 76 18 25,heads,regular,2
2026-08-09T10:38:20Z,260,13 72 58 1 3 79 64 42 9 7 66 25 56 26 20 14 4 62 41 33,heads,regular,1
2026-08-09T10:41:00Z,261,60 28 68 34 80 7 14 6 42 44 37 1 38 24 8 56 29 31 35 45,heads,regular,2
2026-08-09T10:43:40Z,262,28 72 29 15 74 51 22 55 16 56 31 59 75 78 57 77 38 20 63 70,tails,regular,2
2026-08-09T10:46:20Z,263,65 33 10 41 7 3 6 5 62 29 58 14 34 71 76 69 54 16 37 73,heads,minor,3
2026-08-09T10:49:00Z,264,33 24 73 9 75 2 10 55 38 21 45 58 20 11 26 41 8 25 7 16,heads,regular,3
2026-08-09T10:51:40Z,265,63 73 28 66 23 74 37 22 18 59 58 40 51 62 77 17 31 78 46 67,tails,regular,1
2026-08-09T10:54:20Z,266,27 6 42 26 46 51 68 65 47 38 5 73 12 21 14 63 67 29 9 37,heads,major,1
2026-08-09T10:57:00Z,267,73 39 29 78 62 47 25 12 15 77 80 79 26 9 38 75 13 56 31 35,heads,regular,1
2026-08-09T10:59:40Z,268,73 34 79 40 5 31 48 71 38 69 46 16 9 55 12 1 3 67 21 23,heads,regular,1
2026-08-09T11:02:20Z,269,44 1 3 48 32 68 58 72 52 8 10 75 7 31 71 76 77 13 43 4,tails,minor,1
2026-08-09T11:05:00Z,270,18 28 13 48 69 10 29 14 61 62 65 41 26 5 72 31 15 3 34 23,heads,minor,3
2026-08-09T11:07:40Z,271,11 2 13 68 51 62 61 4 25 73 38 18 79 27 52 37 75 49 46 21,evens,regular,1
2026-08-09T11:10:20Z,272,58 74 31 55 42 26 34 8 25 30 21 70 67 48 56 24 17 69 19 18,heads,regular,1
2026-08-09T11:13:00Z,273,28 45 5 48 52 6 76 17 44 10 70 65 71 55 9 15 79 18 59 26,tails,regular,2
2026-08-09T11:15:40Z,274,59 65 45 13 37 53 47 64 56 70 32 21 1 46 16 57 2 19 23 69,tails,regular,2
2026-08-09T11:18:20Z,275,9 60 22 44 68 8 30 16 24 31 2 15 28 74 52 45 80 48 3 75,heads,regular,2
2026-08-09T11:21:00Z,276,70 61 20 23 26 14 58 55 43 65 11 10 76 36 48 1 49 39 32 79,evens,regular,3
2026-08-09T11:23:40Z,277,67 13 3 11 40 74 49 24 71 20 16 56 7 38 19 53 8 44 6 78,heads,minor,1
2026-08-09T11:26:20Z,278,59 20 36 56 17 15 49 18 40 50 79 34 19 8 22 64 55 28 11 10,heads,regular,2
2026-08-09T11:29:00Z,279,65 30 45 58 20 76 38 50 8 10 31 53 22 63 34 72 68 42 24 29,evens,regular,4
2026-08-09T11:31:40Z,280,42 67 32 74 16 51 60 66 12 54 38 33 63 62 35 14 3 59 25 26,evens,minor,1
2026-08-09T11:34:20Z,281,71 29 68 36 20 26 60 67 63 61 41 23 1 72 21 75 14 50 70 53,tails,regular,5
2026-08-09T11:37:00Z,282,74 40 59 42 41 23 71 44 78 17 35 19 68 12 57 46 45 13 63 5,tails,regular,1
2026-08-09T11:39:40Z,283,58 5 47 55 61 42 14 12 40 4 76 31 79 1 66 16 11 8 23 77,heads,regular,3
2026-08-09T11:42:20Z,284,34 51 20 36 31 75 10 33 42 30 32 74 43 23 58 13 18 60 79 16,heads,regular,1
2026-08-09T11:45:00Z,285,5 71 59 21 51 46 18 53 63 13 38 48 28 50 54 32 22 78 41 39,tails,major,4
2026-08-09T11:47:40Z,286,12 25 80 57 35 22 62 55 36 21 18 42 53 37 47 4 2 77 67 7,heads,regular,1
2026-08-09T11:50:20Z,287,57 60 32 73 1 35 70 47 61 78 14 59 77 28 63 31 53 65 38 71,tails,regular,1
2026-08-09T11:53:00Z,288,60 39 21 36 70 30 62 19 8 44 26 41 11 29 38 78 1 17 6 64,heads,minor,2
2026-08-09T11:55:40Z,289,63 17 4 38 73 26 71 60 10 20 11 5 12 28 43 19 53 76 72 59,heads,minor,2
2026-08-09T11:58:20Z,290,71 54 5 48 4 20 26 37 31 45 36 51 65 50 28 33 52 79 29 15,heads,regular,3
2026-08-09T12:01:00Z,291,26 77 10 65 33 62 50 55 42 29 73 63 21 3 35 52 78 24 38 69,tails,regular,1
2026-08-09T12:03:40Z,292,73 3 52 59 32 25 69 11 54 13 21 49 77 68 60 67 46 41 6 24,tails,minor,3
2026-08-09T12:06:20Z,293,41 12 7 57 69 52 28 32 25 66 23 64 6 80 17 71 16 8 77 68,evens,regular,2
2026-08-09T12:09:00Z,294,61 63 45 18 20 52 29 3 16 10 68 80 38 49 75 40 56 11 66 31,evens,regular,1
2026-08-09T12:11:40Z,295,34 45 6 40 19 46 67 25 51 37 9 76 77 74 63 22 55 24 23 71,evens,regular,2
2026-08-09T12:14:20Z,296,9 59 6 64 36 30 66 1 14 57 15 43 34 41 17 39 28 77 67 80,heads,regular,1
2026-08-09T12:17:00Z,297,31 21 55 43 5 71 30 65 53 10 67 4 52 41 11 28 61 33 15 72,evens,regular,1
2026-08-09T12:19:40Z,298,3 25 54 43 48 66 32 37 33 64 14 35 26 4 31 56 16 23 30 63,heads,minor,2
2026-08-09T12:22:20Z,299,56 76 34 77 6 70 64 37 42 67 71 19 13 78 50 29 69 63 24 39,tails,regular,1
2026-08-09T12:25:00Z,300,31 33 75 56 13 18 26 44 22 23 70 55 68 5 41 36 65 57 17 14,heads,minor,4
2026-08-09T12:27:40Z,301,11 74 80 43 5 66 17 46 71 25 45 19 37 26 24 18 76 30 1 4,heads,minor,1
2026-08-09T12:30:20Z,302,80 25 28 73 74 2 23 63 67 72 3 61 11 10 1 68 14 75 8 42,evens,regular,1
2026-08-09T12:33:00Z,303,62 45 47 41 22 46 43 49 11 80 14 15 12 75 77 17 53 35 59 57,tails,regular,2
2026-08-09T12:35:40Z,304,46 75 14 45 58 36 70 17 6 60 48 67 78 59 52 77 64 76 25 33,tails,regular,3
2026-08-09T12:38:20Z,305,38 20 28 11 2 74 30 22 25 72 68 6 47 23 37 69 39 1 43 35,heads,regular,2
2026-08-09T12:41:00Z,306,35 43 4 6 66 29 67 60 25 69 46 39 41 77 2 72 26 23 13 54,evens,regular,1
2026-08-09T12:43:40Z,307,35 2 1 46 31 68 42 75 21 56 57 51 32 11 77 50 37 38 36 12,heads,regular,1
2026-08-09T12:46:20Z,308,32 66 70 39 4 51 78 33 31 29 45 57 65 72 44 61 69 52 26 17,tails,regular,2
2026-08-09T12:49:00Z,309,5 15 67 1 3 16 69 49 60 31 22 64 6 37 53 74 34 43 78 33,heads,minor,2
2026-08-09T12:51:40Z,310,66 74 56 51 50 30 77 48 60 69 26 64 4 54 53 79 3 33 72 2,tails,regular,10
2026-08-09T12:54:20Z,311,78 56 25 30 72 28 41 36 57 47 16 6 53 34 1 14 17 23 73 74,heads,minor,2
2026-08-09T12:57:00Z,312,49 61 42 32 75 43 67 8 35 64 15 1 7 52 5 27 50 71 63 78,tails,regular,2
2026-08-09T12:59:40Z,313,32 62 30 46 73 23 57 14 26 59 1 78 25 33 17 68 22 10 29 58,heads,minor,3
2026-08-09T13:02:20Z,314,37 60 72 34 74 20 51 23 66 41 54 5 31 1 10 39 62 36 73 49,evens,regular,4
2026-08-09T13:05:00Z,315,35 29 43 54 3 12 80 21 17 37 58 31 55 49 25 51 46 48 30 61,evens,major,1
2026-08-09T13:07:40Z,316,4 49 52 72 27 33 67 77 1 58 22 74 55 29 64 36 17 32 69 10,evens,major,4
2026-08-09T13:10:20Z,317,44 9 55 42 3 61 45 59 16 52 60 15 35 66 75 67 6 25 7 18,tails,minor,2
2026-08-09T13:13:00Z,318,72 14 3 48 31 49 60 58 27 21 75 63 76 71 52 26 46 56 1 54,tails,regular,1
2026-08-09T13:15:40Z,319,80 59 7 76 57 10 48 21 56 19 39 68 72 53 41 26 4 61 60 24,tails,regular,3
2026-08-09T13:18:20Z,320,36 5 67 33 47 40 3 27 16 59 64 29 75 62 71 68 21 28 69 12,heads,minor,1
2026-08-09T13:21:00Z,321,41 11 58 9 44 60 66 65 54 73 38 75 55 39 46 52 47 2 64 14,tails,minor,3
2026-08-09T13:23:40Z,322,40 70 45 8 24 34 61 77 14 10 6 15 66 33 2 1 21 51 68 48,heads,regular,1
2026-08-09T13:26:20Z,323,57 1 26 39 10 58 4 66 63 62 24 25 45 9 11 52 16 60 8 65,heads,major,2
2026-08-09T13:29:00Z,324,62 6 69 35 67 36 11 72 17 31 26 2 43 77 34 59 14 10 58 74,heads,regular,2
2026-08-09T13:31:40Z,325,5 35 17 53 21 68 36 75 2 61 71 66 12 51 80 57 60 56 19 43,tails,regular,1
2026-08-09T13:34:20Z,326,79 9 23 19 52 29 61 25 40 80 60 33 24 76 11 28 43 57 50 64,evens,regular,3
2026-08-09T13:37:00Z,327,31 41 59 62 40 80 54 52 70 61 64 73 13 60 21 24 78 43 50 18,tails,minor,1
2026-08-09T13:39:40Z,328,54 4 42 2 51 58 22 30 3 40 77 23 48 38 45 9 31 39 49 14,heads,minor,3
2026-08-09T13:42:20Z,329,79 3 62 67 20 31 59 46 36 53 78 1 47 58 7 18 73 76 69 49,tails,major,5
2026-08-09T13:45:00Z,330,78 25 34 3 53 64 47 42 27 11 8 26 54 14 49 72 7 36 77 56,evens,regular,1
2026-08-09T13:47:40Z,331,5 1 37 36 76 65 13 6 80 39 11 29 30 23 67 28 8 2 15 33,heads,minor,2
2026-08-09T13:50:20Z,332,79 18 80 12 44 61 10 75 62 47 66 35 19 43 9 32 22 3 56 51,tails,regular,3
2026-08-09T13:53:00Z,333,38 56 79 11 31 8 54 59 61 78 35 28 39 62 74 60 3 66 55 19,tails,minor,3
2026-08-09T13:55:40Z,334,24 44 79 73 6 67 72 20 78 3 75 36 29 60 14 70 42 76 74 37,tails,minor,2
2026-08-09T13:58:20Z,335,10 44 57 4 11 37 79 28 76 58 62 22 31 32 18 19 23 63 60 53,heads,minor,3
2026-08-09T14:01:00Z,336,23 20 5 27 58 43 22 21 49 41 65 30 15 16 45 70 29 4 61 42,heads,regular,1
2026-08-09T14:03:40Z,337,27 47 68 4 77 72 43 73 23 20 41 22 42 36 16 79 50 69 78 75,tails,regular,1
2026-08-09T14:06:20Z,338,24 46 48 33 50 51 36 73 43 17 74 52 56 9 7 23 49 35 1 62,tails,regular,1
2026-08-09T14:09:00Z,339,32 2 60 7 56 51 20 67 39 17 42 77 14 36 31 23 66 35 61 6,heads,minor,2
2026-08-09T14:11:40Z,340,36 26 33 37 66 18 29 56 41 20 31 73 55 57 35 77 74 23 64 48,evens,regular,1
2026-08-09T14:14:20Z,341,19 68 24 11 52 66 27 78 25 73 33 16 67 37 55 46 41 34 32 69,evens,regular,1
2026-08-09T14:17:00Z,342,54 30 47 37 49 78 20 75 21 79 59 48 8 12 77 80 34 73 33 71,tails,regular,1
2026-08-09T14:19:40Z,343,70 3 33 46 2 56 8 24 79 29 7 73 61 42 26 71 16 10 43 57,evens,regular,3
2026-08-09T14:22:20Z,344,14 11 19 32 77 54 74 65 43 5 37 18 4 73 59 34 78 41 56 13,evens,regular,1
2026-08-09T14:25:00Z,345,40 42 15 1 14 30 68 49 39 27 24 2 59 13 73 23 20 55 45 66,heads,regular,5
2026-08-09T14:27:40Z,346,41 25 69 48 21 60 79 52 8 49 36 29 42 9 34 64 68 33 16 47,tails,major,4
2026-08-09T14:30:20Z,347,50 16 72 74 26 63 44 73 49 47 12 43 70 41 22 64 8 6 71 33,tails,regular,1
2026-08-09T14:33:00Z,348,28 15 74 31 40 21 56 41 33 50 10 76 32 35 1 58 48 13 65 38,heads,regular,1
2026-08-09T14:35:40Z,349,13 66 71 12 59 79 65 75 29 46 61 48 25 64 76 45 19 26 69 17,tails,regular,1
2026-08-09T14:38:20Z,350,57 65 29 21 56 36 4 25 9 79 75 73 40 42 47 23 6 13 50 52,evens,minor,1
2026-08-09T14:41:00Z,351,37 62 17 70 1 26 72 45 57 40 12 36 58 63 31 9 77 24 7 3,heads,regular,1
2026-08-09T14:43:40Z,352,35 69 1 12 40 34 43 8 50 45 37 67 60 25 59 7 79 56 10 21,heads,regular,4
2026-08-09T14:46:20Z,353,37 66 54 27 49 11 41 78 21 9 15 3 68 13 16 61 6 20 47 39,heads,regular,1
2026-08-09T14:49:00Z,354,59 47 37 20 73 78 55 33 52 27 3 50 34 17 16 31 21 18 51 19,heads,regular,1
2026-08-09T14:51:40Z,355,47 28 6 49 21 39 3 18 29 64 66 20 15 60 78 2 43 10 34 51,heads,major,2
2026-08-09T14:54:20Z,356,72 37 49 58 53 42 50 29 20 68 61 71 5 3 38 27 8 44 70 33,tails,regular,4
2026-08-09T14:57:00Z,357,39 51 73 41 55 56 33 24 62 25 3 12 44 30 48 7 28 63 15 36,heads,minor,3
2026-08-09T14:59:40Z,358,17 2 44 39 11 35 53 16 3 18 42 26 4 7 73 49 67 59 29 45,heads,regular,3
2026-08-09T15:02:20Z,359,44 29 36 35 27 65 48 56 6 2 21 34 32 14 60 3 9 53 11 25,heads,regular,2
2026-08-09T15:05:00Z,360,65 69 71 28 62 6 54 3 46 72 20 35 56 76 52 41 8 27 21 47,tails,regular,3
2026-08-09T15:07:40Z,361,55 1 45 32 37 27 74 5 57 44 18 16 64 15 66 72 48 49 59 46,tails,major,4
2026-08-09T15:10:20Z,362,22 51 64 57 58 77 23 48 44 50 80 62 37 5 60 65 39 53 26 66,tails,regular,1
2026-08-09T15:13:00Z,363,49 56 21 43 15 2 36 18 42 7 14 27 69 33 12 72 23 79 44 52,heads,regular,2
2026-08-09T15:15:40Z,364,9 23 54 74 11 3 6 66 42 70 12 50 22 61 59 40 38 53 24 58,evens,regular,2
2026-08-09T15:18:20Z,365,44 61 76 42 25 67 50 1 22 75 51 71 60 3 28 69 47 78 64 31,tails,regular,1
2026-08-09T15:21:00Z,366,32 16 10 12 38 45 14 1 59 49 47 79 5 63 42 57 39 24 61 2,heads,regular,1
2026-08-09T15:23:40Z,367,4 64 43 2 31 52 22 69 35 24 11 58 62 61 14 17 44 40 3 65,heads,minor,10
2026-08-09T15:26:20Z,368,64 20 43 13 66 80 4 71 2 45 79 69 28 29 48 36 9 62 51 41,tails,regular,2
2026-08-09T15:29:00Z,369,48 67 60 35 37 26 8 41 11 54 59 2 18 43 52 45 69 23 12 29,evens,minor,3
2026-08-09T15:31:40Z,370,77 57 2 65 51 78 67 37 40 64 31 23 38 9 43 44 63 42 80 28,tails,regular,1
2026-08-09T15:34:20Z,371,15 32 64 8 72 35 60 1 57 53 40 31 50 4 2 9 76 51 58 74,evens,regular,1
2026-08-09T15:37:00Z,372,47 59 44 7 80 25 1 12 19 29 11 13 61 22 8 24 66 63 62 41,heads,regular,1
2026-08-09T15:39:40Z,373,29 74 71 2 31 73 19 37 62 11 10 9 28 75 78 13 41 21 45 63,heads,regular,1
2026-08-09T15:42:20Z,374,5 9 57 64 49 58 33 30 26 4 18 28 61 40 54 51 21 10 31 42,heads,regular,1
2026-08-09T15:45:00Z,375,34 47 6 36 35 12 43 16 56 69 32 61 70 11 57 65 26 42 13 37,heads,regular,1
2026-08-09T15:47:40Z,376,13 80 49 71 46 12 70 7 2 33 45 50 59 68 47 67 56 39 15 14,tails,regular,2
2026-08-09T15:50:20Z,377,39 65 28 34 35 44 1 64 76 57 49 61 58 25 8 33 37 67 18 14,heads,regular,1
2026-08-09T15:53:00Z,378,27 5 7 1 6 22 3 30 55 78 41 71 48 43 29 17 58 9 35 38,heads,regular,1
2026-08-09T15:55:40Z,379,24 51 37 6 21 80 43 1 53 66 41 40 36 18 48 26 32 57 46 12,heads,regular,2
2026-08-09T15:58:20Z,380,8 69 7 58 25 42 71 34 67 76 65 37 6 20 64 39 23 26 28 13,heads,regular,1
2026-08-09T16:01:00Z,381,46 80 31 78 5 39 12 48 75 16 59 56 67 61 13 29 1 42 41 3,tails,minor,1
2026-08-09T16:03:40Z,382,21 29 8 1 22 18 51 24 63 28 35 40 10 47 23 52 4 13 44 37,heads,regular,1
2026-08-09T16:06:20Z,383,79 56 54 41 58 73 52 11 55 23 75 28 65 78 34 76 31 27 4 10,tails,regular,2
2026-08-09T16:09:00Z,384,61 18 9 75 40 49 59 57 47 15 50 72 4 5 80 27 6 3 52 73,tails,minor,1
2026-08-09T16:11:40Z,385,58 56 29 78 63 42 59 18 69 12 15 1 79 4 44 6 73 66 64 10,tails,regular,2
2026-08-09T16:14:20Z,386,9 73 45 34 20 13 5 75 67 30 28 25 58 59 1 79 18 21 38 8,heads,minor,1
2026-08-09T16:17:00Z,387,70 18 49 40 22 50 62 41 13 79 74 25 15 29 32 56 45 27 72 31,evens,minor,3
2026-08-09T16:19:40Z,388,56 13 71 27 61 60 80 24 53 10 48 46 40 38 30 41 51 16 20 58,tails,regular,2
2026-08-09T16:22:20Z,389,20 57 64 36 43 13 70 12 69 76 21 49 33 19 75 31 50 37 58 2,evens,minor,1
2026-08-09T16:25:00Z,390,23 61 55 47 52 11 30 1 46 77 20 5 10 75 8 78 65 41 67 48,tails,regular,1
2026-08-09T16:27:40Z,391,57 54 44 32 37 79 9 42 24 53 61 20 12 4 10 11 26 55 3 16,heads,regular,1
2026-08-09T16:30:20Z,392,44 68 10 15 34 27 29 75 57 47 48 37 74 63 69 54 73 39 14 41,tails,regular,3
2026-08-09T16:33:00Z,393,24 20 8 69 23 18 38 29 43 76 11 19 1 52 51 54 39 75 77 49,heads,regular,2
2026-08-09T16:35:40Z,394,9 29 12 56 59 51 21 25 47 67 55 65 79 23 63 32 24 80 68 66,tails,minor,3
2026-08-09T16:38:20Z,395,59 9 56 29 63 70 49 20 27 23 4 77 45 80 44 73 33 57 58 46,tails,regular,1
2026-08-09T16:41:00Z,396,80 56 60 17 4 41 16 43 50 78 28 20 77 25 54 48 18 11 12 9,evens,regular,1
2026-08-09T16:43:40Z,397,72 4 30 29 43 70 54 39 26 78 64 68 40 12 36 19 23 48 34 46,heads,minor,1
2026-08-09T16:46:20Z,398,70 63 2 1 71 25 69 4 13 46 19 21 39 44 50 23 27 16 10 79,heads,regular,1
2026-08-09T16:49:00Z,399,3 6 74 67 11 1 46 18 63 52 4 69 7 65 68 72 8 62 43 23,tails,regular,1
2026-08-09T16:51:40Z,400,2 61 68 18 75 55 46 66 23 32 36 49 47 26 7 17 24 64 37 3,heads,regular,3
2026-08-09T16:54:20Z,401,17 73 49 44 57 24 69 8 62 65 70 9 80 72 64 4 13 74 75 20,tails,minor,1
2026-08-09T16:57:00Z,402,29 75 77 11 63 23 36 17 35 48 74 27 68 64 30 19 21 38 52 45,heads,regular,1
2026-08-09T16:59:40Z,403,1 2 41 31 47 39 40 8 26 10 56 5 7 63 74 43 19 65 48 11,heads,regular,1
2026-08-09T17:02:20Z,404,15 70 6 64 60 65 57 26 30 37 46 58 75 41 3 24 67 13 11 61,tails,minor,3
2026-08-09T17:05:00Z,405,9 29 64 49 67 69 73 70 3 27 47 76 50 43 25 37 16 19 62 66,tails,regular,1
2026-08-09T17:07:40Z,406,41 24 69 48 10 76 23 7 50 37 66 65 43 15 36 5 55 78 39 28,evens,regular,1
2026-08-09T17:10:20Z,407,13 59 58 3 51 4 19 33 48 74 21 12 29 38 67 40 26 9 49 65,heads,minor,1
2026-08-09T17:13:00Z,408,49 73 38 58 57 23 21 60 56 24 25 9 45 78 35 66 65 17 53 70,tails,regular,1
2026-08-09T17:15:40Z,409,45 63 48 59 43 32 11 69 66 2 42 67 33 60 22 51 27 62 19 75,tails,regular,2
2026-08-09T17:18:20Z,410,36 44 67 69 64 70 25 74 10 5 14 45 52 20 56 29 39 57 18 40,evens,regular,1
2026-08-09T17:21:00Z,411,78 13 32 15 38 66 67 68 4 21 37 30 55 64 54 48 8 28 23 27,heads,regular,2
2026-08-09T17:23:40Z,412,35 16 70 8 7 40 34 39 21 15 59 56 71 50 38 29 23 13 18 60,heads,regular,2
2026-08-09T17:26:20Z,413,28 46 25 4 37 1 67 64 10 19 5 69 57 38 47 12 56 3 50 71,heads,minor,1
2026-08-09T17:29:00Z,414,73 18 51 19 47 61 4 11 2 29 55 52 69 44 79 15 10 45 50 31,tails,regular,1
2026-08-09T17:31:40Z,415,30 73 52 26 40 62 72 3 61 71 74 17 75 25 70 48 9 14 67 12,tails,regular,1
2026-08-09T17:34:20Z,416,65 50 4 37 19 6 10 1 47 25 62 36 51 49 31 8 20 52 27 40,heads,minor,1
2026-08-09T17:37:00Z,417,3 78 38 41 43 72 36 2 49 27 33 14 42 26 34 1 52 76 4 20,heads,regular,1
2026-08-09T17:39:40Z,418,58 38 75 64 7 51 46 56 60 5 13 70 50 77 45 1 68 3 80 37,tails,regular,3
2026-08-09T17:42:20Z,419,35 8 16 68 30 36 1 27 3 65 2 61 19 53 71 56 51 37 67 26,heads,regular,1
2026-08-09T17:45:00Z,420,22 8 9 54 34 35 76 51 75 59 29 4 7 28 69 67 78 45 52 24,evens,minor,3
2026-08-09T17:47:40Z,421,43 31 59 53 77 24 34 72 18 69 52 11 42 75 29 2 20 4 63 37,evens,regular,1
2026-08-09T17:50:20Z,422,28 25 34 39 16 26 53 9 3 4 1 66 77 30 55 43 35 45 73 47,heads,minor,1
2026-08-09T17:53:00Z,423,52 48 73 17 65 10 29 14 49 54 23 72 38 75 70 20 55 32 63 27,tails,minor,3
2026-08-09T17:55:40Z,424,3 68 47 26 66 42 74 8 51 38 46 29 52 1 19 24 64 31 27 61,evens,regular,2
2026-08-09T17:58:20Z,425,54 39 22 24 51 14 41 8 20 6 35 17 71 12 49 2 65 63 47 78,heads,minor,1
2026-08-09T18:01:00Z,426,76 37 40 35 14 41 9 36 7 46 52 34 18 31 71 58 11 47 4 3,heads,regular,3
2026-08-09T18:03:40Z,427,10 18 12 44 62 68 8 49 75 4 72 16 11 48 78 23 42 19 38 65,evens,regular,1
2026-08-09T18:06:20Z,428,38 41 5 28 72 65 4 2 69 52 62 25 32 6 20 39 26 59 70 66,heads,minor,2
2026-08-09T18:09:00Z,429,25 45 22 36 44 78 42 56 79 64 68 9 55 62 53 72 71 48 4 11,tails,regular,1
2026-08-09T18:11:40Z,430,16 58 25 69 41 28 32 39 57 79 60 18 17 72 61 63 56 13 49 78,tails,minor,3
2026-08-09T18:14:20Z,431,12 77 78 20 73 31 52 36 30 57 66 11 61 58 44 33 2 9 74 24,evens,major,4
2026-08-09T18:17:00Z,432,64 74 29 47 30 26 78 41 1 28 75 35 57 32 25 37 16 77 68 15,heads,regular,1
2026-08-09T18:19:40Z,433,45 12 68 43 69 59 80 60 9 16 14 71 75 21 39 67 58 23 7 52,tails,regular,1
2026-08-09T18:22:20Z,434,76 79 26 12 23 70 4 5 42 63 14 43 61 15 25 65 37 56 51 50,tails,regular,2
2026-08-09T18:25:00Z,435,76 36 44 43 20 40 72 26 48 4 33 21 37 51 80 61 31 17 58 30,heads,regular,1
2026-08-09T18:27:40Z,436,53 10 20 51 37 2 29 23 80 69 34 46 59 6 38 15 78 58 79 66,evens,minor,1
2026-08-09T18:30:20Z,437,9 64 17 37 13 65 76 51 60 52 15 72 79 22 29 58 20 23 36 50,evens,major,4
2026-08-09T18:33:00Z,438,16 65 23 69 51 26 22 61 18 63 68 36 21 49 25 59 46 31 1 50,evens,regular,1
2026-08-09T18:35:40Z,439,27 24 14 67 56 15 71 43 42 66 5 37 23 48 13 25 77 52 16 59,evens,regular,2
2026-08-09T18:38:20Z,440,32 5 20 60 16 51 18 40 53 30 6 58 45 64 46 41 79 21 57 76,tails,regular,1
2026-08-09T18:41:00Z,441,72 26 23 66 43 32 33 4 20 11 5 14 3 8 34 47 30 50 28 58,heads,regular,1
2026-08-09T18:43:40Z,442,26 34 5 33 60 70 19 4 8 2 80 32 45 54 28 57 21 29 10 13,heads,regular,1
2026-08-09T18:46:20Z,443,36 65 34 55 75 46 16 59 73 66 19 74 68 10 57 38 79 8 22 7,tails,minor,1
2026-08-09T18:49:00Z,444,20 17 18 7 12 26 45 9 63 64 72 4 25 44 22 46 52 54 34 76,heads,regular,1
2026-08-09T18:51:40Z,445,37 60 72 24 7 64 18 56 20 4 62 71 78 25 79 26 42 47 59 77,tails,minor,1
2026-08-09T18:54:20Z,446,44 33 42 75 40 18 1 28 63 20 10 46 78 34 6 43 26 57 60 8,heads,regular,1
2026-08-09T18:57:00Z,447,56 74 48 80 33 57 49 43 17 13 75 68 67 6 40 79 66 4 21 63,tails,regular,2
2026-08-09T18:59:40Z,448,64 14 18 65 31 77 80 61 30 54 10 68 70 34 13 60 21 40 25 75,evens,minor,1
2026-08-09T19:02:20Z,449,10 33 14 65 17 7 79 46 75 24 52 76 62 20 13 21 4 51 42 67,evens,regular,1
2026-08-09T19:05:00Z,450,52 34 54 8 80 6 2 72 62 79 70 55 74 71 36 69 31 67 14 76,tails,minor,3
2026-08-09T19:07:40Z,451,42 21 68 3 25 2 28 22 8 15 20 80 64 4 65 24 11 50 62 48,heads,major,3
2026-08-09T19:10:20Z,452,58 77 64 43 16 1 54 38 39 2 55 76 3 25 79 57 26 48 74 67,tails,regular,1
2026-08-09T19:13:00Z,453,75 23 54 24 58 31 30 67 61 12 47 16 78 36 68 19 48 41 51 57,tails,regular,2
2026-08-09T19:15:40Z,454,68 2 55 16 19 78 26 25 28 35 46 64 31 43 36 65 63 51 49 42,tails,regular,10
2026-08-09T19:18:20Z,455,9 21 48 30 74 60 11 54 2 46 31 72 51 71 78 70 52 59 69 34,tails,regular,1
2026-08-09T19:21:00Z,456,67 41 39 25 80 48 55 52 68 12 14 46 64 45 16 57 66 53 54 21,tails,regular,1
2026-08-09T19:23:40Z,457,61 56 71 21 76 32 62 39 47 54 2 22 10 46 26 34 57 16 9 80,evens,regular,3
2026-08-09T19:26:20Z,458,17 22 71 53 67 15 40 21 27 57 80 34 45 33 36 5 58 73 50 77,evens,regular,3
2026-08-09T19:29:00Z,459,58 50 31 46 70 40 80 65 33 10 57 29 52 9 59 4 12 60 51 71,tails,regular,1
2026-08-09T19:31:40Z,460,26 38 69 17 24 36 79 32 30 55 7 45 67 60 39 66 1 33 71 48,heads,regular,2
2026-08-09T19:34:20Z,461,69 53 20 38 66 70 71 47 1 18 56 5 10 37 34 21 68 60 31 35,heads,regular,2
2026-08-09T19:37:00Z,462,6 44 15 75 68 17 52 50 30 31 34 41 47 27 69 79 33 72 29 67,tails,minor,3
2026-08-09T19:39:40Z,463,37 51 29 14 23 78 16 34 39 76 48 40 2 11 32 38 13 42 9 21,heads,regular,1
2026-08-09T19:42:20Z,464,15 44 66 38 54 40 31 25 23 51 72 34 67 5 39 68 29 7 57 74,heads,regular,2
2026-08-09T19:45:00Z,465,28 36 54 15 63 42 72 45 71 3 55 8 70 80 23 7 13 53 1 49,tails,major,1
2026-08-09T19:47:40Z,466,35 26 22 7 75 15 62 3 58 69 64 76 31 39 43 74 63 28 56 9,evens,regular,1
2026-08-09T19:50:20Z,467,78 74 51 55 27 16 52 59 17 68 48 44 29 34 6 73 79 5 49 67,tails,minor,3
2026-08-09T19:53:00Z,468,72 42 43 34 56 77 33 14 69 11 60 19 44 26 62 1 41 16 68 65,tails,minor,1
2026-08-09T19:55:40Z,469,28 66 29 10 79 27 24 35 45 41 54 30 44 73 64 38 72 15 63 50,tails,regular,1
2026-08-09T19:58:20Z,470,22 18 30 15 8 62 24 40 44 78 36 68 10 17 38 31 60 33 72 4,heads,regular,1
2026-08-09T20:01:00Z,471,54 21 75 36 37 6 45 27 68 62 76 4 12 56 63 66 49 35 15 55,tails,regular,4
2026-08-09T20:03:40Z,472,33 35 61 77 47 69 26 4 41 17 32 46 23 49 29 40 71 55 18 65,evens,regular,4
2026-08-09T20:06:20Z,473,25 52 8 61 36 57 48 28 70 75 37 29 1 4 51 55 41 9 32 67,evens,regular,1
2026-08-09T20:09:00Z,474,30 63 50 67 41 55 18 53 76 46 72 44 4 29 39 28 1 14 79 32,tails,regular,3
2026-08-09T20:11:40Z,475,30 45 77 18 52 50 43 72 28 42 46 37 40 53 69 31 12 78 34 64,tails,regular,5
2026-08-09T20:14:20Z,476,65 31 21 34 38 57 56 53 41 17 2 27 15 54 60 71 70 19 28 59,evens,regular,1
2026-08-09T20:17:00Z,477,1 24 58 62 73 35 42 77 15 61 6 32 12 21 56 45 80 57 75 11,tails,regular,2
2026-08-09T20:19:40Z,478,39 73 46 56 65 5 41 70 14 13 9 30 68 53 58 21 36 57 49 10,tails,regular,1
2026-08-09T20:22:20Z,479,11 39 38 37 69 73 21 54 63 2 60 26 61 51 75 49 65 66 34 62,tails,major,1
2026-08-09T20:25:00Z,480,50 6 79 72 37 54 27 53 43 60 38 29 25 16 9 68 36 41 24 23,heads,minor,4
2026-08-09T20:27:40Z,481,37 23 22 70 39 27 56 30 18 28 29 63 26 68 52 72 34 62 4 76,heads,regular,2
2026-08-09T20:30:20Z,482,33 74 53 72 43 54 35 6 27 68 60 8 51 66 3 38 71 20 67 28,tails,minor,1
2026-08-09T20:33:00Z,483,22 34 6 44 21 50 43 61 25 10 11 19 67 40 30 53 57 31 5 3,heads,regular,1
2026-08-09T20:35:40Z,484,1 30 42 71 64 20 10 12 58 69 55 19 36 21 47 23 18 9 4 40,heads,regular,1
2026-08-09T20:38:20Z,485,56 48 75 13 71 57 62 54 46 49 19 59 23 70 22 33 42 43 58 10,tails,minor,1
2026-08-09T20:41:00Z,486,36 74 76 20 14 35 78 44 51 43 38 24 3 41 15 66 13 67 1 18,heads,regular,3
2026-08-09T20:43:40Z,487,55 73 72 77 17 60 20 69 34 54 1 37 27 19 75 28 18 74 61 7,evens,regular,2
2026-08-09T20:46:20Z,488,30 77 29 16 68 69 15 79 55 59 62 46 76 48 74 6 12 20 42 64,tails,regular,1
2026-08-09T20:49:00Z,489,53 16 7 22 14 8 59 70 10 72 66 15 23 47 31 1 13 25 50 38,heads,minor,1
2026-08-09T20:51:40Z,490,60 44 47 50 49 22 35 75 2 46 77 52 6 9 71 61 76 7 31 63,tails,regular,1
2026-08-09T20:54:20Z,491,46 32 4 34 79 67 58 13 5 3 35 51 9 54 78 12 52 40 47 71,evens,minor,4
2026-08-09T20:57:00Z,492,69 70 51 80 46 15 35 77 4 9 20 1 3 29 25 24 11 58 34 28,heads,regular,3
2026-08-09T20:59:40Z,493,26 64 27 65 20 6 13 48 79 39 41 40 71 30 9 70 11 19 60 32,heads,regular,3
2026-08-09T21:02:20Z,494,34 35 41 26 60 43 59 15 80 38 62 72 67 29 57 24 13 75 32 73,tails,major,2
2026-08-09T21:05:00Z,495,40 73 66 42 75 10 24 41 54 53 39 58 25 74 3 1 69 52 79 27,tails,regular,1
2026-08-09T21:07:40Z,496,32 72 18 30 55 78 53 64 50 2 75 42 13 80 43 4 22 12 9 21,evens,regular,2
2026-08-09T21:10:20Z,497,48 14 34 53 4 54 13 62 66 51 5 58 10 75 29 25 72 59 27 61,tails,regular,1
2026-08-09T21:13:00Z,498,15 58 3 33 73 78 75 46 38 50 27 34 13 10 25 57 55 54 49 32,evens,regular,2
2026-08-09T21:15:40Z,499,66 53 43 17 14 4 78 35 64 13 73 3 33 40 2 38 54 62 65 50,evens,regular,1
2026-08-09T21:18:20Z,500,36 74 57 22 17 75 38 67 15 20 24 21 49 16 25 63 6 79 18 31,heads,regular,2
2026-08-09T21:21:00Z,501,61 19 55 44 42 37 24 56 22 30 20 6 5 46 77 11 48 58 41 4,evens,minor,1
2026-08-09T21:23:40Z,502,17 43 76 72 79 53 60 19 28 32 12 31 42 73 34 55 30 46 56 23,tails,regular,3
2026-08-09T21:26:20Z,503,2 34 54 49 50 48 40 36 58 4 75 30 15 33 26 76 14 24 62 66,heads,regular,3
2026-08-09T21:29:00Z,504,19 79 13 4 41 55 26 20 51 78 2 21 28 57 54 56 60 16 31 59,evens,regular,3
2026-08-09T21:31:40Z,505,58 35 28 6 53 2 29 20 55 10 43 75 32 9 39 49 24 60 56 57,heads,regular,3
2026-08-09T21:34:20Z,506,57 59 28 74 12 34 73 30 24 7 53 14 17 39 20 44 65 31 58 4,heads,major,1
2026-08-09T21:37:00Z,507,21 44 58 49 66 35 43 39 15 72 4 52 75 57 36 1 31 16 59 20,evens,minor,1
2026-08-09T21:39:40Z,508,37 46 3 78 31 76 41 67 69 54 19 38 60 65 43 57 30 13 34 33,tails,regular,3
2026-08-09T21:42:20Z,509,20 15 64 55 65 19 29 76 39 1 38 79 24 66 2 14 9 43 22 31,heads,regular,1
2026-08-09T21:45:00Z,510,1 47 57 24 66 26 70 56 8 18 21 4 74 20 59 73 7 3 5 72,heads,regular,1
2026-08-09T21:47:40Z,511,28 50 62 78 73 54 66 35 57 3 60 48 77 38 5 43 24 59 40 34,tails,minor,1
2026-08-09T21:50:20Z,512,32 6 8 47 25 43 52 80 57 75 3 26 36 55 54 39 33 9 20 50,heads,regular,3
2026-08-09T21:53:00Z,513,62 38 67 72 69 22 46 42 64 32 80 49 11 16 19 28 70 29 3 71,tails,major,1
2026-08-09T21:55:40Z,514,72 33 28 48 79 7 5 68 21 32 17 37 10 38 75 14 15 40 39 13,heads,regular,1
2026-08-09T21:58:20Z,515,69 78 5 31 50 75 35 51 77 4 10 12 42 80 16 55 67 37 74 71,tails,regular,1
2026-08-09T22:01:00Z,516,57 25 24 10 2 63 33 40 80 76 7 50 18 19 22 51 62 17 1 9,heads,regular,1
2026-08-09T22:03:40Z,517,67 44 74 20 55 25 12 80 14 57 59 46 47 63 36 34 31 3 29 42,tails,regular,4
2026-08-09T22:06:20Z,518,48 16 68 36 63 61 49 74 28 18 5 65 53 7 33 71 70 41 14 57,tails,minor,1
2026-08-09T22:09:00Z,519,69 44 18 6 76 41 7 35 58 10 65 57 42 39 60 62 50 48 77 56,tails,regular,3
2026-08-09T22:11:40Z,520,41 3 60 76 7 4 70 80 47 34 31 62 20 38 15 59 75 10 11 72,evens,regular,1
2026-08-09T22:14:20Z,521,10 28 67 16 25 29 5 60 77 56 53 48 80 37 32 44 40 63 72 78,tails,regular,3
2026-08-09T22:17:00Z,522,13 64 61 70 12 28 43 45 55 63 46 5 54 51 77 14 24 69 79 17,tails,major,1
2026-08-09T22:19:40Z,523,51 9 11 2 1 74 41 3 44 60 19 43 39 30 21 77 18 6 17 31,heads,regular,3
2026-08-09T22:22:20Z,524,30 33 27 21 20 1 15 40 47 37 23 65 78 73 2 4 72 69 8 77,heads,minor,2
2026-08-09T22:25:00Z,525,79 46 53 8 44 2 39 15 63 14 23 73 80 28 45 67 34 41 62 25,tails,regular,3
2026-08-09T22:27:40Z,526,68 31 76 2 44 48 18 11 13 3 39 40 6 53 25 30 19 61 21 67,heads,regular,3
2026-08-09T22:30:20Z,527,47 8 38 18 57 53 2 21 37 43 80 67 22 46 9 76 32 64 60 49,tails,minor,3
2026-08-09T22:33:00Z,528,62 4 3 30 38 26 31 6 41 54 16 27 22 65 35 33 40 71 2 74,heads,major,2
2026-08-09T22:35:40Z,529,29 60 20 73 68 57 9 72 3 36 33 7 21 2 24 65 59 5 53 25,heads,minor,10
2026-08-09T22:38:20Z,530,32 50 61 14 15 78 58 19 1 30 70 5 47 41 3 26 45 21 80 74,evens,regular,3
2026-08-09T22:41:00Z,531,72 44 7 62 75 46 20 71 42 34 17 47 57 53 49 51 58 65 32 19,tails,regular,5
2026-08-09T22:43:40Z,532,45 56 19 73 10 26 41 39 69 20 7 21 15 31 5 75 49 77 64 80,evens,regular,2
2026-08-09T22:46:20Z,533,67 6 47 79 74 31 21 37 52 41 12 8 5 45 48 43 54 68 59 36,tails,regular,3
2026-08-09T22:49:00Z,534,25 1 47 46 20 23 56 18 41 33 67 58 19 37 69 2 36 26 66 54,heads,regular,3
2026-08-09T22:51:40Z,535,20 54 8 7 32 71 14 50 17 70 66 75 61 78 35 34 13 59 63 56,tails,regular,1
2026-08-09T22:54:20Z,536,6 60 12 8 77 19 47 10 74 41 21 25 44 58 14 40 42 79 18 3,heads,regular,1
2026-08-09T22:57:00Z,537,37 33 51 58 4 7 61 11 17 62 9 30 60 5 64 2 44 72 24 29,heads,major,2
2026-08-09T22:59:40Z,538,13 72 57 1 18 10 79 80 61 42 52 32 27 28 69 59 55 50 20 15,tails,regular,2
2026-08-09T23:02:20Z,539,26 13 54 80 38 71 25 33 57 69 34 63 46 3 79 68 8 67 11 42,tails,regular,1
2026-08-09T23:05:00Z,540,22 62 43 80 51 2 59 57 65 26 54 58 14 46 78 39 4 27 21 29,tails,regular,1
2026-08-09T23:07:40Z,541,27 34 65 67 72 17 20 11 63 43 6 62 47 3 1 10 22 13 16 48,heads,regular,10
2026-08-09T23:10:20Z,542,31 16 74 11 56 25 3 64 9 33 2 59 58 52 57 36 68 40 48 1,heads,major,1
2026-08-09T23:13:00Z,543,69 44 62 22 21 5 51 49 42 54 14 27 76 4 1 13 48 72 50 10,tails,regular,2
2026-08-09T23:15:40Z,544,66 8 41 27 28 6 39 51 10 43 80 5 37 76 48 21 62 54 4 7,heads,regular,1
2026-08-09T23:18:20Z,545,50 52 18 43 48 68 51 79 31 37 33 65 2 46 24 25 75 30 34 12,evens,minor,10
2026-08-09T23:21:00Z,546,30 29 73 20 80 8 12 78 49 28 75 70 21 37 26 50 61 40 25 45,heads,regular,3
2026-08-09T23:23:40Z,547,11 61 33 66 24 55 23 15 9 17 5 45 19 6 60 46 47 58 71 56,evens,minor,5
2026-08-09T23:26:20Z,548,77 36 49 6 56 70 53 45 27 80 37 51 60 67 24 50 44 39 42 5,tails,regular,3
2026-08-09T23:29:00Z,549,41 57 59 9 10 8 43 75 58 80 50 51 37 65 33 56 66 76 34 69,tails,major,1
2026-08-09T23:31:40Z,550,16 20 44 38 32 43 73 58 80 23 37 12 39 54 41 46 71 48 40 57,tails,major,3
2026-08-09T23:34:20Z,551,51 1 32 45 33 28 70 7 38 60 27 61 66 10 11 80 31 49 41 8,heads,regular,2
2026-08-09T23:37:00Z,552,41 21 5 35 34 51 42 66 18 47 7 9 39 58 69 37 13 29 24 76,heads,minor,10
2026-08-09T23:39:40Z,553,33 43 27 31 66 70 6 48 23 54 68 53 73 58 30 14 46 32 25 4,evens,regular,3
2026-08-09T23:42:20Z,554,47 77 80 49 10 51 78 12 9 57 28 66 52 3 46 20 76 53 8 39,tails,regular,1
2026-08-09T23:45:00Z,555,23 1 78 59 25 66 14 34 73 63 49 42 10 24 4 74 54 21 19 8,heads,regular,1
2026-08-09T23:47:40Z,556,36 8 16 41 35 67 17 28 39 26 38 2 63 62 51 77 40 15 71 14,heads,major,1
2026-08-09T23:50:20Z,557,12 15 44 79 26 39 68 24 34 42 2 66 48 38 74 69 55 17 20 35,heads,regular,1
2026-08-09T23:53:00Z,558,58 76 25 49 42 15 78 14 3 44 26 47 2 1 12 27 21 63 46 31,heads,major,2
2026-08-09T23:55:40Z,559,53 15 42 32 6 51 58 40 74 66 56 41 30 3 4 10 76 12 45 70,tails,minor,2
2026-08-09T23:58:20Z,560,34 58 14 12 42 39 40 16 31 54 18 35 56 77 33 75 57 53 74 73,evens,regular,3
2026-08-10T00:01:00Z,561,64 13 49 69 1 25 39 2 80 74 56 65 35 47 70 52 6 44 12 40,tails,regular,2
2026-08-10T00:03:40Z,562,60 23 15 77 37 54 69 29 4 3 65 57 30 32 6 72 19 27 10 49,heads,regular,2
2026-08-10T00:06:20Z,563,74 25 50 76 39 38 30 45 80 40 13 49 72 52 6 75 14 69 60 78,tails,regular,1
2026-08-10T00:09:00Z,564,51 76 80 56 78 67 55 4 15 31 37 43 8 35 36 1 27 73 72 33,evens,regular,2
2026-08-10T00:11:40Z,565,46 58 2 15 69 4 47 48 28 57 8 17 19 45 9 62 12 31 3 32,heads,regular,3
2026-08-10T00:14:20Z,566,52 31 1 68 18 16 69 77 12 41 21 9 64 54 5 22 47 14 45 7,heads,regular,1
2026-08-10T00:17:00Z,567,30 14 39 67 70 76 50 25 2 48 33 54 59 34 27 21 19 60 47 74,evens,regular,2
2026-08-10T00:19:40Z,568,52 23 10 61 79 43 11 51 63 4 55 56 9 76 38 34 80 47 12 25,tails,minor,3
2026-08-10T00:22:20Z,569,59 22 27 43 78 30 55 7 34 58 66 12 28 50 25 53 32 56 38 8,heads,minor,2
2026-08-10T00:25:00Z,570,40 46 73 62 52 61 66 56 67 36 78 34 44 6 17 77 13 33 19 29,tails,regular,1
2026-08-10T00:27:40Z,571,32 58 26 5 12 35 42 79 36 29 48 27 33 68 45 2 8 74 63 76,heads,regular,2
2026-08-10T00:30:20Z,572,35 5 48 75 72 56 26 19 69 65 3 10 22 79 43 49 63 11 42 40,tails,minor,1
2026-08-10T00:33:00Z,573,3 76 71 17 73 15 48 8 59 24 60 7 16 55 20 37 5 14 6 38,heads,regular,2
2026-08-10T00:35:40Z,574,48 75 51 10 73 1 72 31 26 55 37 53 34 14 11 3 80 50 68 7,evens,regular,3
2026-08-10T00:38:20Z,575,24 1 31 55 71 38 35 5 61 12 39 7 28 76 49 75 69 52 78 46,evens,regular,1
2026-08-10T00:41:00Z,576,19 54 4 17 16 24 42 48 50 33 47 57 76 80 59 43 11 35 7 77,tails,regular,3
2026-08-10T00:43:40Z,577,62 68 49 40 17 23 54 29 43 15 13 41 77 50 63 76 80 28 65 31,tails,regular,3
2026-08-10T00:46:20Z,578,32 78 48 56 13 35 75 5 58 53 40 9 36 22 34 29 3 8 67 15,heads,regular,3
2026-08-10T00:49:00Z,579,16 46 23 12 48 65 74 42 13 52 14 1 56 54 80 68 45 29 18 60,tails,regular,3
2026-08-10T00:51:40Z,580,22 26 55 51 69 29 21 53 37 68 23 33 73 41 52 27 65 60 66 58,tails,regular,1
2026-08-10T00:54:20Z,581,43 38 49 23 15 11 19 60 35 7 13 22 50 58 76 73 47 29 3 28,heads,regular,5
2026-08-10T00:57:00Z,582,22 55 7 62 54 2 20 6 71 30 67 46 79 48 56 50 68 39 42 45,tails,major,1
2026-08-10T00:59:40Z,583,1 50 37 2 33 75 66 49 4 72 51 25 14 39 10 13 58 57 65 24,heads,minor,3
2026-08-10T01:02:20Z,584,32 59 7 37 38 5 71 36 70 34 77 50 80 6 75 79 64 12 47 61,tails,minor,2
2026-08-10T01:05:00Z,585,8 32 66 49 4 11 2 65 52 43 27 73 20 15 12 51 72 38 56 19,heads,regular,1
2026-08-10T01:07:40Z,586,50 80 73 71 25 16 23 46 79 57 43 32 54 45 59 35 34 21 8 4,tails,regular,1
2026-08-10T01:10:20Z,587,62 74 77 45 1 67 33 49 58 47 37 65 42 50 75 61 29 53 57 73,tails,regular,3
2026-08-10T01:13:00Z,588,9 24 17 55 46 2 71 49 28 10 72 38 59 66 13 16 25 11 44 4,heads,major,1
2026-08-10T01:15:40Z,589,73 55 63 44 48 27 49 17 1 70 5 32 24 76 33 12 79 11 67 36,evens,regular,2
2026-08-10T01:18:20Z,590,18 17 59 76 25 60 77 72 1 41 26 63 74 75 47 22 57 7 49 13,tails,regular,1
2026-08-10T01:21:00Z,591,49 80 64 42 3 58 47 54 4 30 39 36 72 1 62 69 60 66 46 8,tails,major,1
2026-08-10T01:23:40Z,592,13 76 64 48 49 79 35 74 71 46 44 34 65 72 78 9 14 41 12 30,tails,regular,1
2026-08-10T01:26:20Z,593,19 56 34 13 8 6 14 61 79 36 73 57 15 3 33 17 20 18 28 35,heads,minor,3
2026-08-10T01:29:00Z,594,63 24 59 61 22 16 79 27 44 26 6 46 47 56 2 62 30 35 45 66,tails,regular,3
2026-08-10T01:31:40Z,595,22 62 73 12 31 49 60 53 77 44 74 23 58 5 54 37 43 11 59 66,tails,minor,3
2026-08-10T01:34:20Z,596,32 64 72 9 4 69 77 75 47 41 71 38 80 17 23 70 67 58 65 30,tails,regular,1
2026-08-10T01:37:00Z,597,43 19 60 58 49 61 16 75 17 73 6 54 35 48 22 10 11 77 37 51,tails,regular,2
2026-08-10T01:39:40Z,598,45 49 58 37 73 59 9 20 61 22 48 76 74 63 67 6 66 36 10 28,tails,minor,1
2026-08-10T01:42:20Z,599,14 29 75 42 3 18 59 47 60 57 69 9 33 24 28 68 4 21 43 32,heads,regular,2
2026-08-10T01:45:00Z,600,17 54 76 64 42 43 70 14 44 36 75 37 40 53 3 11 1 35 27 68,evens,regular,2
2026-08-10T01:47:40Z,601,73 56 3 14 45 42 13 67 4 17 29 49 5 65 55 35 8 66 40 53,evens,minor,3
2026-08-10T01:50:20Z,602,45 58 40 49 34 68 8 27 63 31 19 38 14 70 80 26 42 55 2 39,heads,minor,1
2026-08-10T01:53:00Z,603,32 12 13 16 18 51 28 44 60 39 54 19 66 40 50 48 76 42 26 56,evens,minor,4
2026-08-10T01:55:40Z,604,48 63 14 44 50 79 49 58 65 22 70 59 27 75 57 30 38 34 1 3,tails,minor,3
2026-08-10T01:58:20Z,605,6 79 58 12 66 19 44 50 72 17 3 11 75 9 25 53 2 33 55 76,evens,regular,1
2026-08-10T02:01:00Z,606,29 51 74 78 45 15 47 70 17 25 56 14 52 63 12 23 72 37 34 30,evens,minor,2
2026-08-10T02:03:40Z,607,22 45 61 36 44 21 62 52 50 76 78 55 15 31 43 56 77 4 79 24,tails,minor,3
2026-08-10T02:06:20Z,608,21 47 3 42 17 29 11 53 32 18 23 51 38 46 45 56 31 16 63 65,heads,regular,3
2026-08-10T02:09:00Z,609,47 26 16 15 72 29 70 53 19 35 71 52 51 45 75 23 3 76 78 65,tails,regular,5
2026-08-10T02:11:40Z,610,30 12 46 18 58 56 25 31 37 14 71 67 8 41 24 29 10 64 40 48,heads,regular,3
2026-08-10T02:14:20Z,611,9 7 52 55 63 47 3 39 44 45 14 38 35 34 64 31 49 22 43 24,heads,minor,1
2026-08-10T02:17:00Z,612,61 62 74 48 56 79 23 32 60 30 7 51 49 28 39 67 22 54 47 24,tails,minor,3
2026-08-10T02:19:40Z,613,47 64 52 4 38 18 62 70 67 17 39 34 25 55 16 30 2 41 72 74,evens,major,1
2026-08-10T02:22:20Z,614,40 11 54 74 53 51 5 65 22 75 39 19 21 38 1 3 50 10 76 8,heads,regular,1
2026-08-10T02:25:00Z,615,62 27 12 16 24 74 58 65 19 80 29 54 2 76 45 10 15 1 7 67,heads,major,1
2026-08-10T02:27:40Z,616,76 54 19 16 77 46 29 65 17 80 21 45 47 73 8 70 28 22 56 57,tails,regular,2
2026-08-10T02:30:20Z,617,35 73 25 47 17 60 55 26 58 23 6 48 12 36 42 37 38 39 53 28,heads,regular,4
2026-08-10T02:33:00Z,618,72 56 25 4 76 64 70 3 29 78 48 52 46 36 43 18 28 31 24 57,tails,regular,2
2026-08-10T02:35:40Z,619,62 32 38 1 55 35 18 47 77 70 49 25 36 68 51 2 26 69 66 37,evens,regular,2
2026-08-10T02:38:20Z,620,27 6 11 70 31 10 42 20 46 34 47 15 58 32 21 55 24 28 71 13,heads,minor,2
2026-08-10T02:41:00Z,621,3 51 47 49 27 37 41 75 7 25 16 8 6 64 52 10 14 65 76 24,heads,minor,1
2026-08-10T02:43:40Z,622,53 52 46 37 20 40 29 67 31 64 69 7 15 1 49 55 22 61 56 2,evens,regular,2
2026-08-10T02:46:20Z,623,27 13 50 72 37 67 48 47 19 77 74 8 31 16 17 60 1 39 57 62,evens,regular,2
2026-08-10T02:49:00Z,624,17 25 45 32 47 46 63 10 19 58 70 74 6 77 29 35 5 16 43 76,evens,minor,1
2026-08-10T02:51:40Z,625,41 42 44 58 4 48 9 60 34 2 17 47 36 37 23 39 62 31 72 68,evens,regular,3
2026-08-10T02:54:20Z,626,63 77 34 53 41 28 51 52 19 14 10 66 4 58 12 38 22 39 8 6,heads,regular,1
2026-08-10T02:57:00Z,627,41 32 45 2 3 5 79 7 64 66 75 76 10 61 73 23 42 33 43 69,tails,regular,2
2026-08-10T02:59:40Z,628,77 57 10 25 33 76 31 42 78 13 8 16 72 54 74 41 65 51 26 71,tails,regular,3
2026-08-10T03:02:20Z,629,48 46 57 39 53 20 75 50 18 14 1 41 60 67 71 33 42 28 38 45,tails,regular,2
2026-08-10T03:05:00Z,630,34 55 71 57 21 54 23 62 14 7 78 16 48 63 24 69 9 65 2 11,evens,regular,1
2026-08-10T03:07:40Z,631,37 78 55 50 54 69 17 31 28 32 58 63 34 53 59 49 30 48 8 12,tails,minor,2
2026-08-10T03:10:20Z,632,30 79 3 58 64 45 20 54 43 62 9 76 68 10 24 49 32 34 38 72,tails,regular,3
2026-08-10T03:13:00Z,633,1 12 5 79 54 22 17 34 58 26 39 44 8 41 9 77 27 63 64 23,heads,minor,2
2026-08-10T03:15:40Z,634,59 17 37 33 55 70 47 21 75 56 72 61 2 78 63 54 25 53 14 8,tails,regular,2
2026-08-10T03:18:20Z,635,20 5 16 37 41 64 13 28 50 61 48 24 36 17 66 25 40 18 11 65,heads,minor,2
2026-08-10T03:21:00Z,636,41 37 16 47 66 21 59 18 43 10 15 2 58 33 17 29 20 79 78 31,heads,regular,3
2026-08-10T03:23:40Z,637,25 13 3 1 36 64 23 31 53 21 42 39 30 80 18 56 71 22 8 46,heads,minor,1
2026-08-10T03:26:20Z,638,46 76 40 16 2 1 72 27 52 23 37 45 42 9 34 7 61 33 75 62,heads,minor,2
2026-08-10T03:29:00Z,639,58 60 33 4 18 48 49 39 2 38 24 80 1 63 15 50 27 44 53 12,heads,minor,1
2026-08-10T03:31:40Z,640,13 23 9 4 66 14 7 6 12 1 20 3 44 10 19 62 67 63 54 61,heads,regular,2
2026-08-10T03:34:20Z,641,65 58 28 2 71 11 53 18 38 64 77 41 3 75 20 4 37 24 68 22,heads,regular,3
2026-08-10T03:37:00Z,642,57 73 29 20 12 31 1 75 17 13 28 51 48 21 43 41 39 37 15 50,heads,major,2
2026-08-10T03:39:40Z,643,67 43 62 49 42 3 37 23 6 76 47 7 68 22 32 11 72 44 50 39,tails,regular,1
2026-08-10T03:42:20Z,644,73 71 46 25 36 53 66 12 52 40 56 2 23 5 35 49 19 55 77 13,evens,minor,1
2026-08-10T03:45:00Z,645,56 8 69 2 32 4 3 38 26 9 77 78 60 68 13 6 37 61 10 11,heads,regular,2
2026-08-10T03:47:40Z,646,11 28 3 55 16 49 25 29 39 66 18 52 43 32 78 33 48 22 34 4,heads,minor,2
2026-08-10T03:50:20Z,647,67 11 71 42 13 73 45 12 16 10 8 66 31 19 47 29 76 21 32 69,heads,regular,4
2026-08-10T03:53:00Z,648,8 22 71 2 50 27 6 54 12 79 31 73 13 26 39 49 59 41 44 47,evens,regular,2
2026-08-10T03:55:40Z,649,79 62 77 55 26 51 38 10 18 80 37 30 28 22 32 15 54 14 36 61,heads,regular,2
2026-08-10T03:58:20Z,650,76 32 51 24 38 1 20 21 53 2 28 40 42 75 55 56 66 73 41 15,evens,major,3
2026-08-10T04:01:00Z,651,18 36 26 32 72 25 43 55 3 68 49 60 57 71 75 58 78 79 42 9,tails,major,1
2026-08-10T04:03:40Z,652,74 71 59 47 61 29 12 21 20 36 11 42 3 38 80 10 8 15 40 7,heads,regular,10
2026-08-10T04:06:20Z,653,5 78 1 51 59 11 22 33 54 69 71 53 48 46 43 2 66 9 63 50,tails,regular,1
2026-08-10T04:09:00Z,654,38 65 79 11 46 52 10 73 35 54 9 68 75 67 4 62 58 69 36 16,tails,regular,10
2026-08-10T04:11:40Z,655,67 35 58 78 61 11 34 50 16 45 10 53 66 14 49 25 52 46 3 73,tails,regular,2
2026-08-10T04:14:20Z,656,6 41 21 7 68 44 55 73 19 75 77 45 23 24 31 4 16 29 32 25,heads,regular,1
2026-08-10T04:17:00Z,657,77 14 53 73 2 50 3 62 19 26 51 64 16 21 75 66 15 20 30 10,heads,regular,1
2026-08-10T04:19:40Z,658,34 24 15 36 22 77 68 69 80 65 6 42 55 57 3 74 13 47 33 1,evens,regular,3
2026-08-10T04:22:20Z,659,56 41 70 32 45 67 34 5 57 75 69 36 23 65 10 51 25 48 3 35,tails,minor,1
2026-08-10T04:25:00Z,660,22 57 45 40 76 28 7 55 58 23 6 49 62 11 4 14 1 17 27 54,heads,regular,1
2026-08-10T04:27:40Z,661,1 77 11 74 60 56 63 45 35 55 28 43 76 30 39 47 12 16 67 18,tails,minor,1
2026-08-10T04:30:20Z,662,74 61 34 17 68 23 48 38 71 72 53 19 49 77 4 70 76 45 80 29,tails,regular,3
2026-08-10T04:33:00Z,663,23 73 7 45 51 31 71 32 11 36 64 41 74 60 61 47 76 19 5 70,tails,regular,1
2026-08-10T04:35:40Z,664,63 10 23 1 22 54 11 73 56 14 51 29 67 59 41 65 26 5 79 53,tails,minor,1
2026-08-10T04:38:20Z,665,2 7 1 23 50 73 78 71 74 29 53 62 56 38 13 32 76 49 42 80,tails,regular,1
2026-08-10T04:41:00Z,666,3 38 23 75 7 19 49 60 36 27 71 64 6 8 62 10 47 78 15 13,heads,regular,1
2026-08-10T04:43:40Z,667,1 40 7 23 6 73 14 27 36 53 3 80 55 20 71 16 52 49 24 68,heads,minor,1
2026-08-10T04:46:20Z,668,72 28 51 34 31 70 62 65 56 75 2 47 6 19 8 32 40 37 44 21,heads,regular,1
2026-08-10T04:49:00Z,669,12 29 55 77 43 42 7 22 75 34 73 57 6 23 72 65 49 37 16 46,tails,regular,2
2026-08-10T04:51:40Z,670,68 41 11 79 12 42 28 8 39 34 57 33 44 62 58 72 60 21 50 74,tails,major,1
2026-08-10T04:54:20Z,671,21 33 72 64 68 62 49 65 24 58 9 7 80 37 27 63 22 25 5 3,heads,regular,3
2026-08-10T04:57:00Z,672,27 24 77 11 38 14 71 1 13 48 42 28 3 55 37 49 59 22 72 45,heads,regular,1
2026-08-10T04:59:40Z,673,7 59 60 8 45 23 76 79 38 68 56 12 64 22 58 78 17 61 73 30,tails,minor,1
2026-08-10T05:02:20Z,674,1 19 64 48 67 57 25 50 47 22 77 40 34 53 59 69 72 54 20 79,tails,regular,2
2026-08-10T05:05:00Z,675,11 36 76 46 30 24 78 31 67 5 66 38 59 9 27 14 10 25 60 63,heads,regular,2
2026-08-10T05:07:40Z,676,47 4 60 71 55 8 46 53 52 66 17 44 72 78 39 42 24 41 51 74,tails,regular,1
2026-08-10T05:10:20Z,677,67 11 59 33 57 10 3 74 78 68 49 47 4 35 72 6 80 51 22 76,tails,regular,1
2026-08-10T05:13:00Z,678,56 65 54 6 60 9 46 57 4 74 72 20 59 5 48 41 47 7 78 66,tails,minor,1
2026-08-10T05:15:40Z,679,54 27 9 12 25 19 29 4 39 80 5 37 71 34 43 66 8 13 7 75,heads,regular,1
2026-08-10T05:18:20Z,680,48 60 66 36 50 78 28 17 32 19 16 11 72 73 1 43 42 33 20 30,heads,regular,2
2026-08-10T05:21:00Z,681,56 57 46 38 45 43 69 44 25 29 40 7 15 71 3 34 65 41 9 58,tails,regular,2
2026-08-10T05:23:40Z,682,15 66 64 11 65 26 45 28 24 37 13 73 29 27 3 36 62 38 2 80,heads,regular,3
2026-08-10T05:26:20Z,683,70 72 62 57 75 31 40 33 4 37 9 68 49 3 51 41 38 22 54 64,tails,regular,2
2026-08-10T05:29:00Z,684,18 21 5 12 69 80 27 8 75 71 45 52 58 66 15 48 23 19 38 70,evens,regular,1
2026-08-10T05:31:40Z,685,28 4 33 62 57 25 80 55 65 50 3 43 47 72 11 58 41 69 15 36,tails,regular,1
2026-08-10T05:34:20Z,686,49 25 38 12 55 27 47 45 76 62 33 16 65 44 72 63 34 74 6 11,tails,regular,1
2026-08-10T05:37:00Z,687,57 15 20 79 78 75 51 41 80 34 72 13 11 12 44 21 63 23 74 49,tails,regular,1
2026-08-10T05:39:40Z,688,47 24 63 5 50 48 51 44 13 45 38 71 30 40 41 27 54 29 55 68,tails,regular,2
2026-08-10T05:42:20Z,689,31 32 67 27 61 42 49 69 26 74 11 77 6 71 23 19 76 37 53 68,tails,minor,1
2026-08-10T05:45:00Z,690,29 24 21 48 12 42 2 71 45 15 13 25 64 32 61 16 78 41 17 67,heads,regular,1
2026-08-10T05:47:40Z,691,8 61 79 63 67 75 17 38 45 1 14 48 5 23 53 44 41 9 78 62,tails,regular,1
2026-08-10T05:50:20Z,692,9 38 31 19 69 58 42 10 79 2 22 13 65 75 78 8 5 66 48 11,heads,minor,3
2026-08-10T05:53:00Z,693,40 60 44 54 20 59 76 33 16 25 64 77 66 5 6 67 21 52 53 47,tails,regular,2
2026-08-10T05:55:40Z,694,60 28 71 8 46 72 49 80 41 14 10 27 12 9 24 31 44 62 56 75,tails,regular,2
2026-08-10T05:58:20Z,695,8 2 10 23 43 67 50 1 60 51 45 32 72 38 13 73 37 24 39 7,heads,regular,1
2026-08-10T06:01:00Z,696,74 10 17 2 22 43 50 52 38 75 4 64 16 80 48 29 8 46 45 18,evens,regular,1
2026-08-10T06:03:40Z,697,10 40 41 75 47 80 74 33 31 70 66 34 76 63 59 72 48 37 56 60,tails,regular,3
2026-08-10T06:06:20Z,698,19 75 34 70 73 2 46 56 66 59 29 8 35 24 79 71 47 58 68 28,tails,regular,1
2026-08-10T06:09:00Z,699,80 29 4 1 10 9 51 28 41 53 66 76 22 59 77 27 14 2 57 50,evens,regular,3
2026-08-10T06:11:40Z,700,28 21 75 45 49 59 14 74 46 60 43 63 7 6 58 12 42 70 20 76,tails,minor,2
2026-08-10T06:14:20Z,701,17 47 6 9 58 28 3 2 52 43 53 57 24 25 38 80 1 30 12 70,heads,minor,1
2026-08-10T06:17:00Z,702,26 59 15 38 52 48 4 23 44 29 69 66 13 49 6 58 18 67 72 68,tails,regular,3
2026-08-10T06:19:40Z,703,48 47 44 65 20 53 60 63 79 61 24 72 9 36 39 15 78 26 46 50,tails,major,2
2026-08-10T06:22:20Z,704,76 26 45 7 5 62 78 22 73 15 66 9 68 63 11 14 1 74 13 65,evens,minor,1
2026-08-10T06:25:00Z,705,42 14 77 16 32 8 27 18 59 52 24 45 43 56 31 11 12 3 67 71,heads,regular,1
2026-08-10T06:27:40Z,706,72 22 61 50 32 51 8 33 44 75 54 41 77 79 66 48 6 45 25 55,tails,regular,1
2026-08-10T06:30:20Z,707,19 22 24 38 50 40 57 2 4 54 75 51 39 63 78 26 9 31 10 65,heads,regular,3
2026-08-10T06:33:00Z,708,28 60 14 12 44 66 46 40 37 57 38 55 24 18 17 48 47 67 22 78,evens,regular,1
2026-08-10T06:35:40Z,709,5 44 55 64 73 39 4 57 34 36 40 17 24 43 78 46 56 9 62 25,evens,minor,2
2026-08-10T06:38:20Z,710,55 28 49 78 51 61 9 71 30 75 13 8 73 64 68 58 54 47 76 65,tails,minor,1
2026-08-10T06:41:00Z,711,44 27 11 63 28 30 48 7 42 38 12 50 57 77 67 20 69 66 56 34,tails,regular,2
2026-08-10T06:43:40Z,712,18 45 3 46 5 67 64 21 7 53 61 69 39 43 52 54 27 78 62 32,tails,regular,2
2026-08-10T06:46:20Z,713,14 60 19 2 70 25 8 78 50 23 33 73 16 51 63 36 5 21 47 67,heads,regular,3
2026-08-10T06:49:00Z,714,77 65 56 55 34 64 60 47 76 58 2 28 46 24 48 20 71 13 26 37,tails,minor,1
2026-08-10T06:51:40Z,715,58 10 54 59 35 72 16 57 80 7 65 77 37 27 8 23 41 64 31 42,tails,regular,3
2026-08-10T06:54:20Z,716,8 15 69 23 73 48 79 57 5 21 70 31 52 46 39 37 63 56 62 25,tails,regular,1
2026-08-10T06:57:00Z,717,65 1 55 47 62 35 33 18 12 21 67 78 42 23 19 57 14 37 25 3,heads,regular,2
2026-08-10T06:59:40Z,718,72 24 74 56 79 46 23 50 75 1 45 11 80 66 20 69 5 39 31 19,tails,regular,2
2026-08-10T07:02:20Z,719,55 46 69 20 79 26 24 57 53 58 4 31 64 51 15 54 11 61 42 74,tails,regular,3
2026-08-10T07:05:00Z,720,71 35 18 23 31 13 12 22 2 40 67 9 19 79 30 63 54 20 27 44,heads,minor,3
2026-08-10T07:07:40Z,721,16 47 64 71 39 24 1 27 42 3 34 17 21 29 66 28 52 2 69 9,heads,minor,2
2026-08-10T07:10:20Z,722,61 8 48 54 37 67 20 41 29 56 51 17 43 63 64 21 79 16 74 24,tails,regular,1
2026-08-10T07:13:00Z,723,52 36 40 2 49 68 10 5 29 77 59 18 38 46 7 27 31 58 32 56,heads,regular,3
2026-08-10T07:15:40Z,724,37 58 1 17 60 30 7 61 41 9 33 11 28 5 52 19 18 25 69 66,heads,regular,10
2026-08-10T07:18:20Z,725,55 47 23 75 4 13 16 72 46 31 12 43 45 77 68 14 1 41 59 40,tails,regular,5
2026-08-10T07:21:00Z,726,28 17 77 32 6 54 79 50 31 69 56 9 70 11 78 75 23 71 20 67,tails,regular,1
2026-08-10T07:23:40Z,727,32 1 37 14 8 30 62 23 4 45 25 7 31 21 36 2 35 18 51 63,heads,regular,1
2026-08-10T07:26:20Z,728,13 42 5 33 27 11 47 56 8 14 79 54 28 60 80 63 4 66 41 36,evens,major,1
2026-08-10T07:29:00Z,729,16 40 59 75 46 43 3 74 67 69 61 36 72 4 39 51 2 1 20 44,tails,regular,2
2026-08-10T07:31:40Z,730,24 61 7 33 72 48 18 43 30 56 4 77 76 3 17 1 2 67 26 29,heads,regular,1
2026-08-10T07:34:20Z,731,6 30 56 73 29 36 12 31 18 52 13 44 58 75 19 10 20 47 2 67,heads,regular,1
2026-08-10T07:37:00Z,732,56 59 53 25 2 12 52 29 27 43 9 23 4 47 55 31 51 70 66 61,tails,regular,2
2026-08-10T07:39:40Z,733,74 17 55 77 50 27 43 33 24 38 26 60 62 4 16 9 56 69 1 68,evens,major,3
2026-08-10T07:42:20Z,734,24 26 65 53 76 78 55 68 41 44 77 56 15 12 35 71 33 67 8 4,tails,regular,1
2026-08-10T07:45:00Z,735,10 22 70 48 19 51 36 50 18 55 24 30 9 7 5 15 17 52 62 71,heads,regular,1
2026-08-10T07:47:40Z,736,46 47 3 25 9 40 41 34 50 6 21 27 45 51 28 13 69 57 48 33,heads,regular,1
2026-08-10T07:50:20Z,737,51 53 21 59 56 9 7 12 49 14 31 44 47 13 8 40 45 54 74 50,tails,regular,1
2026-08-10T07:53:00Z,738,50 72 54 47 43 55 71 46 59 49 56 33 30 6 63 3 51 28 35 31,tails,regular,2
2026-08-10T07:55:40Z,739,71 63 2 37 15 3 58 36 30 39 42 67 48 61 78 53 43 60 6 10,tails,regular,2
2026-08-10T07:58:20Z,740,42 76 59 12 74 75 34 27 52 46 3 36 51 5 50 18 25 57 49 21,tails,regular,1
2026-08-10T08:01:00Z,741,80 42 8 57 5 75 65 53 3 72 29 59 11 13 46 50 19 14 63 66,tails,major,4
2026-08-10T08:03:40Z,742,78 61 45 17 19 66 38 28 34 54 7 59 71 51 68 33 75 69 27 1,tails,regular,1
2026-08-10T08:06:20Z,743,57 18 42 19 30 53 54 35 80 7 3 20 79 56 17 59 1 29 10 70,heads,minor,3
2026-08-10T08:09:00Z,744,64 61 62 24 55 75 41 27 74 35 8 16 52 31 44 53 1 45 63 76,tails,minor,1
2026-08-10T08:11:40Z,745,74 4 5 48 76 38 12 22 67 34 28 6 64 1 19 17 65 37 8 70,heads,regular,1
2026-08-10T08:14:20Z,746,60 19 78 16 31 14 23 76 15 72 49 30 17 38 27 1 80 48 13 29,heads,regular,1
2026-08-10T08:17:00Z,747,70 16 2 21 24 19 57 69 31 78 61 40 50 54 13 67 27 7 51 15,heads,minor,4
2026-08-10T08:19:40Z,748,52 30 7 42 57 20 29 70 34 80 48 72 22 46 76 79 41 24 73 75,tails,major,1
2026-08-10T08:22:20Z,749,33 78 25 70 41 77 61 63 68 55 35 52 2 30 45 40 62 58 60 74,tails,regular,1
2026-08-10T08:25:00Z,750,5 61 39 3 38 37 80 58 45 72 24 52 78 7 14 71 74 55 46 65,tails,regular,3
2026-08-10T08:27:40Z,751,49 59 60 64 10 37 50 26 38 34 19 42 75 53 13 61 69 46 2 77,tails,regular,1
2026-08-10T08:30:20Z,752,5 69 29 12 21 27 9 4 57 54 14 40 46 33 23 17 19 25 59 72,heads,regular,1
2026-08-10T08:33:00Z,753,51 77 64 38 54 13 18 61 66 69 80 43 57 78 16 20 33 49 65 9,tails,minor,2
2026-08-10T08:35:40Z,754,36 76 40 41 16 77 22 23 8 52 5 62 14 55 18 17 78 20 46 51,heads,regular,3
2026-08-10T08:38:20Z,755,30 8 55 80 38 29 32 40 18 22 70 7 27 31 37 5 47 33 19 2,heads,regular,1
2026-08-10T08:41:00Z,756,35 7 57 42 14 27 70 76 45 51 4 23 1 79 5 39 9 47 49 17,heads,minor,1
2026-08-10T08:43:40Z,757,23 66 64 50 26 13 54 58 33 51 35 12 44 24 62 71 1 2 18 36,heads,major,1
2026-08-10T08:46:20Z,758,27 22 10 16 43 12 69 74 26 15 65 52 6 18 78 56 77 44 54 30,evens,regular,3
2026-08-10T08:49:00Z,759,42 10 35 55 77 33 67 72 20 53 9 73 7 79 26 8 50 14 4 38,heads,minor,4
2026-08-10T08:51:40Z,760,24 17 15 73 36 22 57 48 11 66 76 65 44 38 21 71 67 45 47 70,tails,minor,3
2026-08-10T08:54:20Z,761,6 77 76 41 43 78 2 37 14 68 7 61 72 80 62 29 3 20 17 74,tails,regular,3
2026-08-10T08:57:00Z,762,12 42 4 75 47 23 26 9 27 10 1 28 55 52 49 72 2 37 39 74,heads,regular,10
2026-08-10T08:59:40Z,763,28 12 5 8 1 64 24 67 41 70 30 35 53 47 77 27 36 79 65 57,evens,minor,3
2026-08-10T09:02:20Z,764,3 75 20 53 54 62 41 50 63 40 57 52 77 37 10 51 76 13 49 15,tails,minor,2
2026-08-10T09:05:00Z,765,5 53 31 34 21 18 61 13 50 36 71 10 4 16 47 64 78 9 72 39,heads,regular,1
2026-08-10T09:07:40Z,766,77 13 73 8 56 31 18 27 54 55 37 20 33 62 26 28 29 69 35 10,heads,regular,3
2026-08-10T09:10:20Z,767,41 49 39 57 20 72 4 32 29 19 8 79 55 26 2 65 80 21 69 27,heads,regular,3
2026-08-10T09:13:00Z,768,36 68 50 9 51 53 59 17 28 46 45 57 32 11 26 61 70 52 5 40,tails,regular,3
2026-08-10T09:15:40Z,769,23 67 7 25 68 39 12 2 65 10 33 43 31 66 52 44 37 41 71 36,heads,minor,4
2026-08-10T09:18:20Z,770,76 18 5 52 63 23 35 16 77 44 43 2 33 27 14 65 74 55 66 62,tails,minor,3
2026-08-10T09:21:00Z,771,66 61 17 9 40 58 50 4 27 43 11 74 77 56 38 41 36 55 8 26,evens,regular,1
2026-08-10T09:23:40Z,772,19 35 50 51 62 40 54 12 4 20 25 2 29 66 30 10 80 76 46 55,heads,minor,2
2026-08-10T09:26:20Z,773,6 68 17 16 80 64 55 28 22 62 14 9 60 25 12 45 4 76 11 78,heads,regular,2
2026-08-10T09:29:00Z,774,1 65 47 61 51 78 31 62 19 32 58 69 55 14 35 10 23 5 75 41,tails,minor,1
2026-08-10T09:31:40Z,775,35 67 54 27 29 78 44 2 26 12 16 4 30 66 51 39 45 1 79 62,heads,major,1
2026-08-10T09:34:20Z,776,38 18 70 69 77 32 73 10 67 42 48 66 31 75 61 27 72 28 58 62,tails,minor,2
2026-08-10T09:37:00Z,777,24 29 56 37 64 47 9 25 28 76 65 23 52 39 80 36 55 30 60 32,heads,regular,3
2026-08-10T09:39:40Z,778,17 72 59 70 73 69 30 79 27 39 50 23 62 19 28 41 48 43 65 12,tails,regular,1
2026-08-10T09:42:20Z,779,36 17 61 50 7 10 12 1 45 11 6 23 37 79 9 25 54 75 47 52,heads,regular,1
2026-08-10T09:45:00Z,780,16 8 40 41 49 56 10 77 24 5 44 78 69 3 75 57 36 71 70 63,tails,minor,1
2026-08-10T09:47:40Z,781,24 64 49 62 26 36 17 77 60 51 33 10 1 47 32 57 6 16 42 52,evens,regular,1
2026-08-10T09:50:20Z,782,78 21 30 70 4 54 35 40 80 53 31 73 3 43 60 28 5 25 39 50,heads,regular,2
2026-08-10T09:53:00Z,783,22 28 33 24 61 73 58 51 70 31 25 7 2 74 4 6 20 62 13 78,heads,minor,2
2026-08-10T09:55:40Z,784,58 25 12 74 34 29 69 10 37 63 44 9 16 8 71 40 24 2 79 19,heads,regular,1
2026-08-10T09:58:20Z,785,50 61 49 75 31 43 10 46 56 8 76 11 58 65 4 15 69 32 34 29,tails,regular,2
2026-08-10T10:01:00Z,786,68 64 70 42 71 63 51 52 74 23 15 62 29 57 44 55 11 28 6 33,tails,regular,3
2026-08-10T10:03:40Z,787,71 61 55 74 36 45 40 32 66 22 63 35 47 73 52 13 42 39 31 72,tails,regular,1
2026-08-10T10:06:20Z,788,5 13 12 21 14 50 51 11 23 6 2 64 70 24 49 60 32 45 33 80,heads,regular,3
2026-08-10T10:09:00Z,789,48 24 41 1 35 40 4 45 58 9 12 64 75 10 18 42 38 21 25 56,heads,regular,1
2026-08-10T10:11:40Z,790,9 56 72 34 41 55 51 71 24 54 43 52 66 40 74 58 12 78 65 36,tails,minor,3
2026-08-10T10:14:20Z,791,78 27 20 24 75 73 57 5 4 43 22 51 25 68 9 77 39 2 26 12,heads,regular,1
2026-08-10T10:17:00Z,792,27 72 9 57 22 75 16 34 60 70 66 49 29 5 39 40 63 46 23 74,evens,regular,3
2026-08-10T10:19:40Z,793,80 59 41 68 2 23 63 44 19 6 30 11 45 7 61 62 3 49 48 9,tails,minor,1
2026-08-10T10:22:20Z,794,69 59 43 74 38 71 33 20 32 37 40 24 4 34 66 78 18 53 39 63,heads,minor,1
2026-08-10T10:25:00Z,795,35 58 78 80 47 46 34 41 48 38 11 68 36 7 5 17 26 59 66 55,tails,regular,1
2026-08-10T10:27:40Z,796,16 58 64 42 35 52 79 54 80 25 33 47 67 39 22 2 48 65 61 31,tails,regular,3
2026-08-10T10:30:20Z,797,76 4 69 63 53 13 40 8 68 64 24 32 26 45 66 29 16 39 56 43,evens,regular,1
2026-08-10T10:33:00Z,798,7 1 31 59 58 61 34 60 63 74 52 21 49 4 14 72 51 77 65 9,tails,regular,4
2026-08-10T10:35:40Z,799,28 65 37 62 40 52 36 6 18 9 8 10 61 5 1 73 43 64 59 56,heads,regular,1
2026-08-10T10:38:20Z,800,3 50 74 80 55 67 12 32 51 61 39 6 13 58 18 29 25 72 79 70,tails,regular,3
2026-08-10T10:41:00Z,801,62 48 44 53 26 16 40 42 23 14 5 11 71 80 30 31 65 73 79 56,tails,major,1
2026-08-10T10:43:40Z,802,67 74 35 42 72 70 60 20 69 63 26 55 40 9 25 39 38 64 41 34,tails,regular,1
2026-08-10T10:46:20Z,803,3 27 65 68 30 46 10 35 7 1 52 55 38 24 44 47 33 54 11 56,heads,minor,1
2026-08-10T10:49:00Z,804,61 30 53 48 49 65 63 28 73 76 43 45 29 74 39 9 60 10 31 2,tails,regular,1
2026-08-10T10:51:40Z,805,79 58 17 52 70 72 69 44 45 11 64 63 31 19 42 50 33 36 77 78,tails,regular,2
2026-08-10T10:54:20Z,806,53 68 69 41 38 1 8 15 32 34 5 58 70 75 56 42 43 77 39 51,tails,regular,2
2026-08-10T10:57:00Z,807,60 57 7 1 14 78 74 66 47 80 73 76 6 55 59 38 18 67 58 20,tails,regular,1
2026-08-10T10:59:40Z,808,73 10 2 70 1 76 21 59 47 18 28 75 6 71 4 61 74 20 35 23,heads,regular,3
2026-08-10T11:02:20Z,809,68 65 33 64 54 79 7 27 23 78 38 28 19 18 56 61 69 20 8 34,heads,regular,2
2026-08-10T11:05:00Z,810,50 30 28 5 64 43 16 42 62 63 20 25 24 6 11 40 72 2 57 71,heads,regular,2
2026-08-10T11:07:40Z,811,43 51 17 1 30 79 55 11 20 62 5 33 69 34 42 29 15 76 71 24,heads,major,1
2026-08-10T11:10:20Z,812,69 65 44 74 54 35 53 38 37 24 30 33 77 5 16 31 60 25 11 58,heads,regular,2
2026-08-10T11:13:00Z,813,1 54 16 35 69 61 64 73 39 17 29 31 76 6 49 34 72 24 63 13,heads,minor,3
2026-08-10T11:15:40Z,814,6 74 42 79 58 53 24 56 14 41 13 38 30 68 46 60 25 66 50 44,tails,regular,1
2026-08-10T11:18:20Z,815,57 42 28 22 7 40 32 19 9 44 52 55 27 67 71 49 77 23 6 37,heads,major,2
2026-08-10T11:21:00Z,816,31 22 15 60 30 79 20 1 24 72 39 21 36 4 80 2 65 8 12 28,heads,regular,1
2026-08-10T11:23:40Z,817,26 4 33 45 21 78 39 44 57 56 50 43 61 29 9 64 76 28 67 60,tails,major,1
2026-08-10T11:26:20Z,818,40 41 37 48 12 43 21 66 17 54 19 61 53 56 57 44 46 63 39 42,tails,regular,3
2026-08-10T11:29:00Z,819,49 52 19 27 17 54 50 75 57 72 28 21 16 64 43 20 71 12 24 58,tails,minor,3
2026-08-10T11:31:40Z,820,61 45 34 30 2 48 17 14 21 12 80 49 74 55 75 60 1 77 29 10,evens,regular,3
2026-08-10T11:34:20Z,821,55 35 59 34 22 74 47 17 58 60 73 9 72 54 57 63 68 1 25 71,tails,regular,1
2026-08-10T11:37:00Z,822,6 25 77 53 33 5 62 20 45 32 63 10 52 23 3 68 43 69 41 11,evens,regular,1
2026-08-10T11:39:40Z,823,12 68 15 18 74 61 40 23 6 54 35 39 11 24 64 7 57 67 43 78,heads,regular,3
2026-08-10T11:42:20Z,824,34 80 29 11 23 44 57 47 27 54 50 6 67 49 52 63 62 13 24 4,tails,regular,3
2026-08-10T11:45:00Z,825,46 7 28 66 15 45 58 68 52 22 48 57 4 27 9 73 55 25 43 53,tails,regular,2
2026-08-10T11:47:40Z,826,77 32 22 62 75 61 8 43 47 9 1 63 23 52 10 15 17 80 39 19,heads,regular,1
2026-08-10T11:50:20Z,827,30 19 25 13 42 78 68 1 47 35 71 52 65 43 34 54 11 73 61 63,tails,regular,2
2026-08-10T11:53:00Z,828,68 77 25 43 55 4 48 36 66 10 22 64 65 9 46 47 37 34 56 67,tails,regular,1
2026-08-10T11:55:40Z,829,11 26 70 67 33 76 60 47 23 40 55 68 37 50 43 71 49 5 14 22,tails,regular,3
2026-08-10T11:58:20Z,830,39 78 20 2 49 67 71 47 74 72 65 21 54 43 26 36 16 64 3 57,tails,regular,3
2026-08-10T12:01:00Z,831,25 27 12 33 41 2 67 13 31 14 24 15 49 10 60 5 80 1 78 22,heads,regular,1
2026-08-10T12:03:40Z,832,7 72 75 66 6 57 78 29 20 30 3 73 68 25 55 67 51 31 38 45,tails,regular,2
2026-08-10T12:06:20Z,833,43 77 57 76 80 3 58 35 10 63 9 1 39 46 65 36 14 17 34 67,evens,major,4
2026-08-10T12:09:00Z,834,3 53 49 14 39 23 73 5 72 10 34 67 77 68 46 50 24 41 12 64,tails,regular,3
2026-08-10T12:11:40Z,835,43 11 40 58 26 33 63 29 64 19 47 72 3 79 70 28 12 9 76 24,heads,major,2
2026-08-10T12:14:20Z,836,74 79 35 65 10 4 48 32 30 78 23 11 39 34 68 56 24 46 3 25,heads,minor,2
2026-08-10T12:17:00Z,837,54 9 32 78 34 79 43 59 24 25 27 61 8 48 39 80 49 16 60 77,tails,regular,1
2026-08-10T12:19:40Z,838,33 53 23 5 80 39 62 1 38 46 48 73 35 18 57 25 52 47 75 19,evens,minor,3
2026-08-10T12:22:20Z,839,32 57 22 45 42 7 31 58 29 50 47 69 34 26 49 41 54 59 16 11,tails,regular,3
2026-08-10T12:25:00Z,840,35 28 38 47 68 55 36 26 72 11 4 46 22 39 49 34 69 73 21 70,heads,regular,2
2026-08-10T12:27:40Z,841,30 75 80 3 60 13 28 64 62 19 58 45 47 37 50 18 49 40 63 66,tails,minor,1
2026-08-10T12:30:20Z,842,6 36 77 39 21 75 1 68 31 80 11 43 78 66 4 72 35 69 58 27,evens,regular,1
2026-08-10T12:33:00Z,843,7 64 28 33 57 68 41 72 21 35 44 76 38 56 73 37 65 3 4 75,tails,regular,1
2026-08-10T12:35:40Z,844,34 48 73 77 72 3 41 26 71 62 36 57 11 70 30 37 54 14 53 67,tails,regular,10
2026-08-10T12:38:20Z,845,39 29 76 8 18 20 46 1 14 53 19 2 65 66 73 80 56 54 13 59,evens,regular,2
2026-08-10T12:41:00Z,846,42 49 31 16 65 67 59 47 26 23 4 48 78 70 69 5 1 28 13 9,evens,regular,3
2026-08-10T12:43:40Z,847,32 46 39 59 24 25 3 38 72 61 8 68 21 53 52 57 26 65 63 67,tails,regular,1
2026-08-10T12:46:20Z,848,32 45 29 73 18 41 76 19 2 72 11 33 31 27 26 53 60 39 1 68,heads,regular,3
2026-08-10T12:49:00Z,849,38 40 35 49 67 73 52 61 44 20 69 70 60 21 25 77 45 28 48 1,tails,regular,1
2026-08-10T12:51:40Z,850,8 62 69 56 42 76 15 45 32 53 39 44 41 13 16 27 14 80 54 48,tails,regular,1
2026-08-10T12:54:20Z,851,30 43 55 21 59 15 79 60 33 19 26 10 16 48 31 76 57 64 12 13,heads,major,1
2026-08-10T12:57:00Z,852,57 33 8 21 7 71 15 54 39 6 55 77 48 26 80 56 58 37 36 29,heads,regular,1
2026-08-10T12:59:40Z,853,50 78 32 57 69 65 79 36 4 22 39 24 45 72 31 8 75 15 29 48,evens,regular,2
2026-08-10T13:02:20Z,854,80 11 55 27 24 65 46 44 25 75 4 78 40 68 33 62 23 51 34 61,tails,regular,2
2026-08-10T13:05:00Z,855,51 61 55 44 6 46 73 34 12 75 5 58 69 39 1 36 43 17 19 79,tails,minor,10
2026-08-10T13:07:40Z,856,78 29 72 46 45 50 7 24 27 43 3 4 1 41 58 57 19 30 36 75,evens,minor,3
2026-08-10T13:10:20Z,857,62 64 18 37 66 49 34 69 67 77 13 10 43 6 4 46 68 59 36 14,tails,regular,10
2026-08-10T13:13:00Z,858,19 57 39 24 35 63 32 16 43 41 59 55 23 80 20 50 5 46 72 37,evens,regular,3
2026-08-10T13:15:40Z,859,6 53 75 12 48 73 28 16 63 77 34 47 19 64 26 76 59 65 66 42,tails,minor,1
2026-08-10T13:18:20Z,860,43 58 73 30 22 1 59 37 38 19 16 60 36 76 40 33 80 20 75 15,heads,regular,1
2026-08-10T13:21:00Z,861,66 75 27 62 74 36 18 23 16 69 32 77 33 57 56 76 37 43 19 22,evens,regular,3
2026-08-10T13:23:40Z,862,9 7 73 72 22 38 26 24 79 49 15 50 34 59 58 16 5 71 40 33,heads,regular,2
2026-08-10T13:26:20Z,863,70 36 26 27 32 66 6 52 77 29 49 44 48 56 54 72 20 64 13 24,tails,minor,2
2026-08-10T13:29:00Z,864,48 68 2 36 5 28 54 77 75 60 8 18 38 20 49 73 63 15 10 22,heads,minor,4
2026-08-10T13:31:40Z,865,17 50 20 59 35 14 72 10 24 61 64 75 49 62 41 22 70 6 23 34,evens,minor,1
2026-08-10T13:34:20Z,866,31 76 59 69 58 14 4 10 46 50 52 61 20 70 6 28 15 53 66 5,tails,minor,1
2026-08-10T13:37:00Z,867,67 55 23 8 7 60 56 68 24 43 9 11 25 79 13 10 57 53 44 22,evens,regular,2
2026-08-10T13:39:40Z,868,54 24 34 77 55 12 60 3 57 39 26 6 10 41 64 43 79 72 68 28,tails,regular,1
2026-08-10T13:42:20Z,869,53 69 28 27 75 79 62 60 10 74 63 41 31 58 80 52 45 40 34 1,tails,minor,3
2026-08-10T13:45:00Z,870,72 17 20 50 24 39 42 76 16 29 26 1 58 60 23 14 48 6 52 68,heads,regular,1
2026-08-10T13:47:40Z,871,31 24 39 48 58 67 53 4 30 59 49 20 72 57 52 28 25 42 36 78,tails,major,3
2026-08-10T13:50:20Z,872,65 66 77 31 52 50 78 74 61 22 49 56 23 24 29 14 2 62 17 36,tails,regular,1
2026-08-10T13:53:00Z,873,34 17 50 33 64 42 78 12 1 80 38 57 22 23 37 44 56 35 36 11,heads,regular,3
2026-08-10T13:55:40Z,874,52 19 6 54 20 45 49 72 42 35 27 62 1 38 12 22 10 58 80 74,evens,regular,1
2026-08-10T13:58:20Z,875,64 56 1 51 63 50 77 8 36 15 78 12 13 31 10 21 58 49 70 47,tails,regular,2
2026-08-10T14:01:00Z,876,55 17 40 33 80 76 20 78 57 58 77 19 73 26 50 45 69 48 3 53,tails,major,1
2026-08-10T14:03:40Z,877,54 66 43 71 58 60 74 39 51 42 25 35 76 29 61 53 33 8 4 28,tails,minor,1
2026-08-10T14:06:20Z,878,7 27 45 72 55 62 78 41 16 39 50 65 80 66 52 3 60 46 5 18,tails,regular,1
2026-08-10T14:09:00Z,879,80 44 62 2 13 73 64 12 20 38 28 7 37 35 41 25 34 39 15 55,heads,minor,2
2026-08-10T14:11:40Z,880,26 50 77 70 16 74 42 33 60 34 17 20 41 38 30 52 67 75 28 8,evens,regular,1
2026-08-10T14:14:20Z,881,33 40 41 14 12 71 25 77 76 4 8 16 39 6 72 50 60 36 65 49,heads,regular,3
2026-08-10T14:17:00Z,882,30 56 16 66 13 45 4 39 2 51 26 32 46 22 27 78 3 74 23 63,heads,regular,3
2026-08-10T14:19:40Z,883,25 37 19 22 54 76 17 14 58 46 4 18 75 47 11 71 45 53 42 26,evens,minor,2
2026-08-10T14:22:20Z,884,54 45 63 16 33 50 52 38 40 43 11 36 60 27 6 10 75 55 4 61,evens,regular,3
2026-08-10T14:25:00Z,885,46 72 79 70 26 38 36 42 75 20 34 66 3 55 13 71 74 53 8 76,tails,regular,2
2026-08-10T14:27:40Z,886,11 50 58 30 47 38 59 72 1 2 48 73 12 43 78 8 51 36 31 3,evens,minor,1
2026-08-10T14:30:20Z,887,39 72 79 35 3 11 5 53 34 51 65 37 69 76 27 24 41 67 64 17,evens,major,1
2026-08-10T14:33:00Z,888,61 74 11 28 50 43 64 37 77 53 40 42 30 19 80 39 48 44 73 59,tails,regular,3
2026-08-10T14:35:40Z,889,20 73 63 78 70 18 35 80 28 2 54 21 49 64 19 6 27 26 29 68,heads,major,4
2026-08-10T14:38:20Z,890,45 71 56 60 55 26 54 64 1 47 20 67 79 19 57 14 9 44 41 15,tails,minor,2
2026-08-10T14:41:00Z,891,8 37 77 33 9 42 31 48 65 20 35 39 64 74 1 46 78 51 55 17,evens,major,4
2026-08-10T14:43:40Z,892,65 23 3 7 79 77 16 43 75 38 18 6 53 52 55 21 47 34 56 22,evens,minor,4
2026-08-10T14:46:20Z,893,76 72 73 31 49 19 8 40 32 20 17 59 30 64 53 55 41 24 29 28,heads,regular,1
2026-08-10T14:49:00Z,894,9 46 48 67 55 57 31 77 24 51 20 22 52 65 53 75 60 27 34 41,tails,major,1
2026-08-10T14:51:40Z,895,37 51 60 40 70 7 23 2 78 76 28 47 26 31 55 13 30 77 46 57,evens,regular,1
2026-08-10T14:54:20Z,896,39 17 58 70 32 78 79 75 10 53 4 6 26 42 33 69 20 11 72 7,heads,regular,2
2026-08-10T14:57:00Z,897,28 27 13 12 21 20 36 66 58 6 9 70 60 54 23 30 17 39 40 46,heads,regular,3
2026-08-10T14:59:40Z,898,11 33 75 48 47 27 3 67 74 1 54 57 69 61 29 60 32 12 63 49,tails,major,3
2026-08-10T15:02:20Z,899,31 1 76 56 32 10 61 53 69 20 8 14 24 6 23 44 11 15 38 2,heads,regular,3
2026-08-10T15:05:00Z,900,48 61 60 3 78 68 55 32 39 33 11 23 45 7 5 34 63 49 24 9,heads,regular,1
2026-08-10T15:07:40Z,901,34 47 30 20 79 77 11 35 62 66 76 21 31 56 22 38 51 7 75 12,heads,minor,3
2026-08-10T15:10:20Z,902,67 68 17 27 32 13 28 51 75 43 62 65 70 10 5 8 42 74 37 18,evens,regular,1
2026-08-10T15:13:00Z,903,49 15 23 56 9 37 73 34 79 12 57 45 41 3 36 27 13 5 54 77,heads,minor,3
2026-08-10T15:15:40Z,904,69 5 1 66 39 29 61 10 21 23 55 4 34 28 48 26 53 70 41 16,heads,regular,5
2026-08-10T15:18:20Z,905,23 37 77 44 69 28 24 60 47 75 5 33 63 6 1 21 26 31 71 20,heads,regular,3
2026-08-10T15:21:00Z,906,41 7 63 31 1 8 64 25 3 23 69 77 66 52 50 27 67 33 65 47,tails,regular,2
2026-08-10T15:23:40Z,907,18 56 1 59 80 9 36 48 35 2 60 75 28 44 79 22 13 73 49 12,evens,regular,3
2026-08-10T15:26:20Z,908,39 68 6 21 36 16 72 71 43 15 79 23 32 3 34 75 78 10 20 46,heads,minor,3
2026-08-10T15:29:00Z,909,9 63 62 64 6 65 10 22 26 46 74 35 25 38 23 71 13 7 28 57,heads,regular,3
2026-08-10T15:31:40Z,910,28 20 10 27 5 55 80 33 59 4 70 74 7 36 78 56 61 42 45 77,tails,regular,3
2026-08-10T15:34:20Z,911,3 21 42 39 22 28 38 31 60 59 54 80 37 78 53 2 6 62 48 44,evens,regular,1
2026-08-10T15:37:00Z,912,60 62 66 32 11 26 63 56 58 49 12 57 45 73 72 52 17 13 74 76,tails,major,3
2026-08-10T15:39:40Z,913,15 80 39 5 37 25 36 42 20 72 68 35 48 22 30 45 17 13 26 75,heads,regular,3
2026-08-10T15:42:20Z,914,60 71 56 61 68 67 49 75 41 78 46 17 40 3 21 10 16 32 48 55,tails,major,1
2026-08-10T15:45:00Z,915,60 32 17 51 10 54 39 15 6 16 47 40 77 8 69 71 43 30 23 9,heads,regular,1
2026-08-10T15:47:40Z,916,53 5 16 63 1 13 64 48 69 26 24 42 8 58 54 73 18 17 9 59,evens,regular,3
2026-08-10T15:50:20Z,917,73 6 66 54 57 40 19 8 37 41 49 74 22 25 43 7 1 10 24 53,heads,minor,1
2026-08-10T15:53:00Z,918,51 7 70 56 14 35 18 27 43 21 15 10 73 11 28 17 42 74 30 12,heads,regular,3
2026-08-10T15:55:40Z,919,66 20 32 38 26 18 77 6 72 69 57 34 27 5 40 60 13 71 45 53,heads,minor,3
2026-08-10T15:58:20Z,920,53 61 56 64 74 22 14 67 12 31 60 48 18 33 13 1 43 17 55 57,tails,regular,3
2026-08-10T16:01:00Z,921,27 44 35 2 39 10 22 49 57 37 46 24 79 28 1 76 40 43 64 17,heads,regular,3
2026-08-10T16:03:40Z,922,2 56 77 52 65 79 42 40 71 21 37 68 69 60 48 24 58 73 29 76,tails,regular,1
2026-08-10T16:06:20Z,923,55 58 40 42 8 47 46 32 73 75 51 39 54 23 12 74 68 62 76 49,tails,regular,1
2026-08-10T16:09:00Z,924,20 47 67 60 66 48 70 69 68 12 37 56 46 23 33 44 29 15 27 17,tails,regular,1
2026-08-10T16:11:40Z,925,31 61 6 12 44 66 5 53 54 22 27 7 23 59 10 21 49 32 28 8,heads,regular,1
2026-08-10T16:14:20Z,926,47 78 59 33 32 55 71 29 65 69 8 43 63 6 19 46 57 14 66 77,tails,minor,2
2026-08-10T16:17:00Z,927,49 56 57 39 11 3 35 67 55 76 4 58 61 43 74 47 60 10 50 17,tails,major,3
2026-08-10T16:19:40Z,928,52 58 64 47 60 57 43 48 13 63 25 51 9 40 41 77 73 78 79 28,tails,regular,3
2026-08-10T16:22:20Z,929,52 32 35 69 28 62 14 42 22 71 64 74 8 48 73 6 38 41 68 50,tails,regular,1
2026-08-10T16:25:00Z,930,22 60 14 8 5 80 34 33 1 38 2 61 31 7 32 16 52 27 10 78,heads,regular,1
2026-08-10T16:27:40Z,931,74 33 60 2 35 14 31 12 49 80 65 18 15 72 78 67 75 64 4 11,evens,regular,3
2026-08-10T16:30:20Z,932,16 63 36 42 64 67 76 14 71 77 66 31 59 62 75 78 60 24 52 4,tails,major,1
2026-08-10T16:33:00Z,933,54 25 44 51 58 2 23 17 61 65 42 34 62 73 32 24 69 66 19 76,tails,regular,1
2026-08-10T16:35:40Z,934,53 65 29 30 58 57 49 46 39 59 45 11 74 43 10 27 67 63 8 12,tails,regular,2
2026-08-10T16:38:20Z,935,75 17 57 74 67 45 64 13 51 42 73 72 69 40 59 66 52 43 10 31,tails,regular,1
2026-08-10T16:41:00Z,936,59 67 17 24 26 12 69 23 45 61 60 25 66 36 71 15 53 80 72 41,tails,regular,1
2026-08-10T16:43:40Z,937,38 24 40 53 66 29 75 39 76 25 16 5 42 6 61 55 15 50 36 62,heads,regular,1
2026-08-10T16:46:20Z,938,32 30 27 25 65 40 52 63 66 69 3 11 74 76 45 38 26 48 12 60,evens,regular,4
2026-08-10T16:49:00Z,939,47 76 57 30 60 73 52 66 62 19 35 58 34 18 65 28 23 20 10 80,tails,minor,3
2026-08-10T16:51:40Z,940,51 73 35 52 13 54 17 47 62 79 37 9 77 21 15 22 61 50 38 40,evens,minor,1
2026-08-10T16:54:20Z,941,13 2 49 15 7 67 18 14 42 34 27 48 28 38 56 41 63 40 44 9,heads,minor,1
2026-08-10T16:57:00Z,942,13 54 18 11 15 60 12 42 44 72 80 64 9 33 67 77 69 23 24 59,tails,regular,2
2026-08-10T16:59:40Z,943,9 64 36 53 70 71 40 3 32 33 77 24 23 52 42 78 19 50 13 21,heads,regular,2
2026-08-10T17:02:20Z,944,33 66 54 12 65 58 63 44 4 60 35 72 53 38 80 29 61 7 21 22,tails,minor,1
2026-08-10T17:05:00Z,945,26 16 78 77 5 24 3 6 60 66 36 44 79 49 50 69 74 8 37 19,evens,minor,3
2026-08-10T17:07:40Z,946,62 44 19 7 68 6 70 38 24 56 2 54 60 78 45 27 51 13 46 53,tails,minor,10
2026-08-10T17:10:20Z,947,22 54 51 52 5 35 66 69 10 64 55 8 23 61 37 21 4 24 3 1,heads,regular,3
2026-08-10T17:13:00Z,948,63 35 47 9 53 18 24 49 30 32 55 23 62 3 15 61 19 48 54 50,evens,regular,3
2026-08-10T17:15:40Z,949,43 13 18 19 64 26 57 20 1 3 49 63 11 75 58 41 59 40 66 56,tails,regular,5
2026-08-10T17:18:20Z,950,46 25 78 61 29 6 64 31 73 15 11 37 51 47 8 24 7 13 22 33,heads,regular,1
2026-08-10T17:21:00Z,951,80 51 31 15 18 33 4 52 58 57 38 62 70 7 42 66 61 55 73 30,tails,regular,1
2026-08-10T17:23:40Z,952,3 69 76 31 59 50 5 19 11 23 14 42 32 24 9 51 18 16 68 37,heads,regular,1
2026-08-10T17:26:20Z,953,58 35 54 65 69 64 23 61 70 42 27 50 26 17 53 48 55 39 6 62,tails,regular,3
2026-08-10T17:29:00Z,954,69 32 66 23 40 42 3 33 60 48 75 73 46 21 9 64 16 11 8 80,evens,regular,2
2026-08-10T17:31:40Z,955,30 67 15 45 53 49 4 34 62 27 28 57 20 24 74 52 71 39 3 2,heads,regular,3
2026-08-10T17:34:20Z,956,17 13 53 59 32 36 14 3 43 76 4 60 46 42 12 64 37 21 51 65,evens,minor,3
2026-08-10T17:37:00Z,957,16 7 45 63 75 15 54 69 22 53 60 66 37 32 41 25 6 39 77 19,evens,regular,3
2026-08-10T17:39:40Z,958,46 69 42 55 50 26 16 3 2 45 51 75 6 21 66 4 63 80 37 19,tails,regular,2
2026-08-10T17:42:20Z,959,70 2 17 19 66 15 73 69 5 45 47 78 25 48 55 7 23 13 24 43,evens,regular,3
2026-08-10T17:45:00Z,960,42 60 20 32 25 77 55 23 14 59 28 80 22 8 4 49 78 37 7 43,heads,minor,3
2026-08-10T17:47:40Z,961,58 17 74 22 62 46 38 40 15 44 78 71 50 54 28 10 69 3 30 49,tails,regular,1
2026-08-10T17:50:20Z,962,45 61 36 16 3 40 9 22 29 35 19 74 75 65 24 7 12 1 80 34,heads,regular,2
2026-08-10T17:53:00Z,963,76 50 15 64 28 13 3 5 9 16 62 21 14 74 63 49 11 37 44 30,heads,regular,10
2026-08-10T17:55:40Z,964,72 11 48 51 9 54 5 60 76 10 3 52 39 32 67 63 75 19 34 27,evens,regular,1
2026-08-10T17:58:20Z,965,68 32 33 34 14 79 51 48 43 44 49 74 47 53 52 19 60 3 5 26,tails,regular,1
2026-08-10T18:01:00Z,966,18 79 80 66 29 45 14 28 34 25 78 38 10 48 2 26 21 46 73 64,heads,regular,3
2026-08-10T18:03:40Z,967,27 47 78 44 40 57 63 76 58 77 31 79 8 33 50 6 17 41 69 60,tails,minor,2
2026-08-10T18:06:20Z,968,1 44 75 72 58 73 79 78 16 6 24 40 29 66 54 76 70 10 55 17,tails,regular,1
2026-08-10T18:09:00Z,969,28 37 10 62 30 77 19 35 3 71 31 76 7 23 73 57 58 26 40 53,heads,regular,3
2026-08-10T18:11:40Z,970,61 23 78 39 53 3 56 2 11 7 33 52 40 68 80 8 45 30 27 21,heads,regular,1
2026-08-10T18:14:20Z,971,50 24 36 1 47 49 21 26 13 39 18 37 63 68 28 56 35 66 75 11,heads,minor,3
2026-08-10T18:17:00Z,972,79 37 45 50 61 22 20 44 15 13 35 18 43 41 78 71 33 77 65 9,tails,minor,3
2026-08-10T18:19:40Z,973,64 13 14 51 70 52 23 76 42 67 48 54 37 19 8 12 40 80 43 45,tails,regular,1
2026-08-10T18:22:20Z,974,2 64 8 79 49 24 22 56 23 46 73 31 53 66 32 12 45 11 42 67,tails,minor,10
2026-08-10T18:25:00Z,975,10 37 2 73 32 58 66 25 9 29 54 35 51 57 61 38 72 22 77 46,evens,regular,1
2026-08-10T18:27:40Z,976,13 48 75 39 62 1 58 69 50 27 59 64 28 35 30 71 36 6 53 44,tails,minor,2
2026-08-10T18:30:20Z,977,63 47 56 54 25 71 34 12 8 51 77 67 50 40 62 44 66 1 37 31,tails,regular,2
2026-08-10T18:33:00Z,978,51 39 11 71 23 48 30 9 34 56 24 65 53 32 21 14 3 58 78 50,heads,regular,3
2026-08-10T18:35:40Z,979,60 24 8 55 39 40 74 37 69 42 22 62 12 19 41 2 66 6 36 61,heads,regular,2
2026-08-10T18:38:20Z,980,54 2 31 9 38 72 75 67 17 63 56 18 52 79 1 11 34 25 29 12,heads,minor,3
2026-08-10T18:41:00Z,981,23 71 58 27 25 62 24 69 22 1 17 12 65 20 40 52 31 72 80 57,heads,regular,1
2026-08-10T18:43:40Z,982,2 36 31 33 65 50 6 54 68 7 11 24 52 72 21 77 61 34 40 49,heads,minor,1
2026-08-10T18:46:20Z,983,66 9 3 18 47 6 44 76 70 34 49 17 57 27 2 4 36 16 24 72,heads,regular,1
2026-08-10T18:49:00Z,984,6 41 59 35 61 67 65 31 53 21 18 34 39 62 2 19 17 64 68 8,heads,regular,3
2026-08-10T18:51:40Z,985,76 2 63 78 4 32 59 5 56 80 75 10 12 65 3 38 28 26 40 69,heads,regular,3
2026-08-10T18:54:20Z,986,20 25 36 42 26 44 38 24 54 9 64 53 18 32 5 34 71 4 52 37,heads,minor,5
2026-08-10T18:57:00Z,987,22 57 17 10 52 39 41 61 20 42 63 59 23 47 70 1 49 11 8 68,tails,minor,2
2026-08-10T18:59:40Z,988,61 70 25 58 2 16 23 13 7 50 40 52 14 68 46 37 63 72 19 32,heads,regular,1
2026-08-10T19:02:20Z,989,10 1 76 51 38 12 28 67 8 13 69 33 53 39 52 80 23 32 58 24,heads,major,1
2026-08-10T19:05:00Z,990,71 40 15 36 30 1 31 43 14 8 28 77 66 12 52 42 6 27 75 13,heads,regular,2
2026-08-10T19:07:40Z,991,42 5 2 29 70 40 80 6 36 18 75 72 17 76 21 10 67 8 48 58,heads,regular,2
2026-08-10T19:10:20Z,992,64 29 52 38 69 42 5 35 59 18 56 4 76 17 14 79 66 61 28 41,tails,minor,1
2026-08-10T19:13:00Z,993,41 60 70 26 78 54 11 25 39 53 20 75 33 63 42 28 69 2 58 4,tails,major,4
2026-08-10T19:15:40Z,994,69 4 32 49 58 47 1 23 7 62 75 78 13 39 50 25 8 21 10 28,heads,regular,5
2026-08-10T19:18:20Z,995,1 47 2 61 5 38 56 10 57 55 79 64 52 41 73 7 27 46 75 26,tails,regular,2
2026-08-10T19:21:00Z,996,70 49 43 22 38 27 24 1 21 33 60 59 30 61 32 51 78 7 48 74,evens,regular,1
2026-08-10T19:23:40Z,997,14 48 33 59 18 62 71 15 42 24 45 36 38 26 67 61 74 5 16 21,heads,regular,2
2026-08-10T19:26:20Z,998,10 47 18 11 25 23 30 35 66 21 5 16 69 8 74 41 40 56 6 54,heads,minor,1
2026-08-10T19:29:00Z,999,20 64 55 43 30 12 75 34 10 18 29 58 11 17 28 61 51 67 60 13,heads,regular,3
2026-08-10T19:31:40Z,1,79 49 65 44 50 72 58 57 77 59 60 80 45 48 26 52 64 33 70 74,tails,minor,1
2026-08-10T19:34:20Z,2,12 17 18 8 1 33 29 75 47 60 35 36 73 77 44 51 5 53 14 78,heads,minor,2
2026-08-10T19:37:00Z,3,38 73 27 12 66 80 19 9 69 20 50 57 54 61 45 3 40 33 53 72,tails,regular,3
2026-08-10T19:39:40Z,4,26 67 11 13 50 64 69 5 79 65 60 80 31 15 76 70 10 7 63 77,tails,regular,1
2026-08-10T19:42:20Z,5,45 14 63 13 26 16 12 50 9 28 3 21 54 38 47 80 44 25 48 59,heads,regular,1
2026-08-10T19:45:00Z,6,30 38 63 6 16 66 68 23 35 47 19 72 29 77 65 56 44 37 10 70,evens,minor,2
2026-08-10T19:47:40Z,7,16 72 21 62 2 33 41 49 3 64 32 26 63 51 23 36 39 66 48 68,evens,regular,1
2026-08-10T19:50:20Z,8,53 25 65 21 27 68 70 1 13 57 18 56 30 52 58 62 26 42 47 64,tails,regular,1
2026-08-10T19:53:00Z,9,64 36 61 70 1 63 52 67 35 34 41 11 10 27 8 42 45 28 25 31,heads,minor,1
2026-08-10T19:55:40Z,10,57 33 19 56 68 67 39 79 35 58 5 69 75 8 34 50 27 17 32 10,heads,regular,4
2026-08-10T19:58:20Z,11,66 28 16 73 31 34 59 10 76 23 65 13 70 15 56 39 20 12 35 51,heads,regular,1
2026-08-10T20:01:00Z,12,79 10 11 75 58 24 55 45 60 53 18 70 56 67 6 69 26 2 17 63,tails,regular,2
2026-08-10T20:03:40Z,13,10 65 40 52 77 3 41 28 47 7 26 29 73 33 19 59 13 45 51 75,evens,minor,1
2026-08-10T20:06:20Z,14,58 63 34 29 40 1 41 68 42 71 6 59 77 36 53 69 27 50 65 25,tails,major,1
2026-08-10T20:09:00Z,15,66 80 64 60 43 79 10 45 69 37 75 6 29 40 32 24 25 57 21 30,evens,minor,1
2026-08-10T20:11:40Z,16,69 56 3 41 61 54 24 43 16 53 71 76 29 72 68 67 7 64 75 59,tails,regular,3
2026-08-10T20:14:20Z,17,42 62 43 25 23 2 4 3 75 55 36 59 10 60 40 20 9 11 22 32,heads,regular,1
2026-08-10T20:17:00Z,18,17 49 21 51 41 70 72 55 37 54 67 45 7 65 19 62 38 3 50 12,tails,minor,1
2026-08-10T20:19:40Z,19,62 26 40 34 24 74 17 55 16 18 3 65 35 25 61 43 42 22 12 69,heads,major,1
2026-08-10T20:22:20Z,20,45 73 15 54 66 14 63 25 43 18 70 12 67 8 31 68 46 13 80 60,tails,minor,2
2026-08-10T20:25:00Z,21,29 63 41 20 46 68 11 45 78 31 37 13 53 27 48 25 3 54 23 69,evens,minor,2
2026-08-10T20:27:40Z,22,41 64 8 31 43 48 32 75 74 3 16 69 14 51 13 34 28 70 5 72,evens,regular,2
2026-08-10T20:30:20Z,23,68 39 6 63 2 47 64 59 11 25 66 80 57 69 53 32 70 3 73 74,tails,minor,2
2026-08-10T20:33:00Z,24,63 38 42 59 48 56 28 79 40 34 50 29 68 46 72 20 44 69 3 14,tails,regular,1
2026-08-10T20:35:40Z,25,51 5 35 32 23 55 64 8 9 71 21 76 65 63 30 36 40 25 73 39,heads,regular,3
2026-08-10T20:38:20Z,26,76 70 56 43 71 54 73 69 26 77 48 75 28 27 18 20 72 13 45 6,tails,regular,1
2026-08-10T20:41:00Z,27,61 58 29 35 69 34 66 55 25 57 16 1 48 46 47 68 73 15 67 65,tails,major,2
2026-08-10T20:43:40Z,28,45 54 78 11 72 65 5 16 70 32 80 14 55 29 58 76 18 62 73 66,tails,minor,2
2026-08-10T20:46:20Z,29,20 77 35 79 44 22 33 80 23 5 67 1 48 55 60 46 71 57 25 27,tails,regular,2
2026-08-10T20:49:00Z,30,74 42 56 41 49 78 5 38 51 80 65 33 31 66 37 62 20 4 45 79,tails,major,1
2026-08-10T20:51:40Z,31,12 10 27 16 63 41 71 45 6 15 77 49 40 14 8 19 4 21 1 80,heads,minor,3
2026-08-10T20:54:20Z,32,45 8 67 6 79 70 5 53 61 15 57 58 64 76 55 44 47 68 33 30,tails,regular,2
2026-08-10T20:57:00Z,33,61 39 60 43 3 12 38 27 33 65 11 18 64 40 79 5 41 51 2 32,heads,minor,2
2026-08-10T20:59:40Z,34,69 55 66 8 73 32 46 72 52 64 1 40 65 6 45 76 23 11 39 31,tails,minor,1
2026-08-10T21:02:20Z,35,76 33 27 58 36 1 4 59 3 38 49 35 29 30 51 41 62 45 56 40,heads,regular,1
2026-08-10T21:05:00Z,36,8 43 16 79 45 12 67 38 19 37 74 47 23 33 20 68 2 46 62 14,heads,regular,2
2026-08-10T21:07:40Z,37,80 47 8 2 46 50 44 41 66 29 67 3 17 6 77 64 14 43 71 9,tails,minor,2
2026-08-10T21:10:20Z,38,58 68 32 20 70 33 40 46 7 74 64 54 22 27 8 77 69 47 43 14,tails,regular,1
2026-08-10T21:13:00Z,39,54 25 70 59 42 65 5 24 71 53 52 4 29 27 73 45 35 39 56 62,tails,major,1
2026-08-10T21:15:40Z,40,69 45 39 7 53 75 12 55 9 72 44 80 52 61 71 56 29 57 79 68,tails,minor,1
2026-08-10T21:18:20Z,41,42 39 60 34 45 27 40 37 24 52 70 26 30 75 38 9 80 32 25 5,heads,minor,4
2026-08-10T21:21:00Z,42,60 1 64 61 69 43 18 23 3 31 46 45 15 57 75 35 48 32 52 51,tails,minor,3
2026-08-10T21:23:40Z,43,68 74 63 26 76 27 37 64 32 57 60 75 49 54 46 43 12 61 69 51,tails,regular,3
2026-08-10T21:26:20Z,44,25 22 21 63 54 45 11 6 50 60 41 52 13 62 75 16 15 31 32 46,evens,regular,3
2026-08-10T21:29:00Z,45,79 46 29 10 59 35 30 13 12 5 69 18 58 72 8 24 56 4 1 54,heads,minor,1
2026-08-10T21:31:40Z,46,41 25 44 23 48 80 79 22 65 36 46 31 13 72 76 49 12 56 14 2,tails,regular,1
2026-08-10T21:34:20Z,47,54 20 19 11 16 21 48 70 64 44 30 36 17 65 26 41 45 50 42 3,evens,major,1
2026-08-10T21:37:00Z,48,42 2 4 39 80 67 55 52 18 32 47 6 38 63 15 40 70 20 66 54,evens,regular,2
2026-08-10T21:39:40Z,49,61 6 78 11 4 1 65 17 72 49 47 32 58 23 36 55 68 41 62 30,tails,regular,3
2026-08-10T21:42:20Z,50,14 28 18 71 29 27 11 19 66 68 40 34 21 12 53 43 56 25 72 64,heads,regular,2
2026-08-10T21:45:00Z,51,46 3 50 48 43 54 51 12 52 25 28 68 66 21 16 35 76 44 77 11,tails,minor,3
2026-08-10T21:47:40Z,52,48 16 77 5 71 19 72 9 7 38 2 10 51 31 78 17 30 66 46 36,heads,regular,3
2026-08-10T21:50:20Z,53,16 65 32 49 74 36 21 71 31 55 2 23 22 18 73 67 53 58 50 61,tails,minor,1
2026-08-10T21:53:00Z,54,53 47 74 25 72 14 67 70 49 38 56 55 59 12 18 39 24 13 36 26,evens,minor,1
2026-08-10T21:55:40Z,55,23 44 25 65 16 37 34 54 49 45 38 8 63 41 43 6 66 75 7 13,evens,regular,2
2026-08-10T21:58:20Z,56,76 43 51 46 77 65 32 52 56 78 14 10 53 45 62 35 55 23 1 27,tails,regular,1
2026-08-10T22:01:00Z,57,32 80 30 73 75 59 47 31 6 72 46 70 13 22 35 25 28 26 64 24,heads,regular,1
2026-08-10T22:03:40Z,58,53 30 77 3 62 23 16 55 74 71 8 7 33 20 47 66 76 11 69 57,tails,regular,1
2026-08-10T22:06:20Z,59,15 38 65 73 18 43 6 26 78 48 63 74 57 21 4 1 71 28 29 46,evens,regular,3
2026-08-10T22:09:00Z,60,5 78 63 29 50 80 2 56 26 39 77 16 21 54 46 7 59 33 48 42,tails,regular,1
2026-08-10T22:11:40Z,61,51 14 65 73 77 76 54 49 4 61 24 8 72 58 55 80 64 1 50 53,tails,regular,3
2026-08-10T22:14:20Z,62,80 19 12 14 65 77 6 34 13 2 20 9 41 76 8 70 50 73 58 69,evens,regular,3
2026-08-10T22:17:00Z,63,9 74 37 69 22 39 36 68 65 28 42 60 26 5 55 16 38 2 59 50,heads,regular,1
2026-08-10T22:19:40Z,64,14 80 33 76 39 38 75 74 18 50 6 19 77 28 20 22 62 40 48 5,heads,regular,3
2026-08-10T22:22:20Z,65,2 67 65 23 21 33 69 64 16 62 36 52 31 49 79 38 51 10 57 9,evens,regular,1
2026-08-10T22:25:00Z,66,46 33 23 38 48 37 59 68 28 34 9 32 57 13 17 74 31 55 64 16,heads,regular,5
2026-08-10T22:27:40Z,67,30 42 45 19 56 35 7 75 40 61 74 2 71 46 15 5 39 72 31 36,heads,regular,2
2026-08-10T22:30:20Z,68,25 29 67 30 54 64 47 2 36 58 79 61 42 74 41 22 33 34 27 32,evens,regular,3
2026-08-10T22:33:00Z,69,14 12 11 45 46 25 61 66 50 13 62 1 4 69 27 59 6 31 64 29,heads,regular,1
2026-08-10T22:35:40Z,70,27 8 58 23 33 41 76 26 10 18 48 28 75 34 46 62 20 63 74 64,evens,regular,1
2026-08-10T22:38:20Z,71,73 13 58 67 32 29 15 26 48 35 49 25 70 33 23 57 36 37 17 60,heads,regular,2
2026-08-10T22:41:00Z,72,65 41 9 3 40 51 59 15 28 69 55 74 79 64 80 62 30 25 71 24,tails,regular,1
2026-08-10T22:43:40Z,73,47 18 34 36 70 74 60 20 73 56 25 69 32 19 26 43 61 71 29 72,tails,major,2
2026-08-10T22:46:20Z,74,62 70 4 50 21 78 33 9 54 56 26 69 38 35 57 12 48 8 55 11,evens,regular,3
2026-08-10T22:49:00Z,75,59 43 48 2 3 63 46 25 80 38 7 53 54 79 65 73 22 29 39 66,tails,regular,3
2026-08-10T22:51:40Z,76,11 4 74 79 38 72 9 42 52 24 37 44 62 30 31 25 16 55 46 76,evens,major,1
2026-08-10T22:54:20Z,77,6 37 79 74 14 50 11 46 78 31 22 18 32 19 61 43 24 7 1 4,heads,regular,1
2026-08-10T22:57:00Z,78,4 34 55 51 40 57 13 38 9 54 39 20 15 61 8 43 45 46 59 25,heads,regular,3
2026-08-10T22:59:40Z,79,36 72 14 10 60 29 5 2 21 69 3 13 23 22 9 71 44 54 7 27,heads,regular,1
2026-08-10T23:02:20Z,80,62 2 6 51 3 48 35 49 7 18 4 77 69 38 73 8 32 17 45 57,heads,major,2
2026-08-10T23:05:00Z,81,76 75 53 27 62 78 44 65 80 56 34 58 72 10 55 40 64 66 1 36,tails,regular,1
2026-08-10T23:07:40Z,82,74 18 1 39 62 14 55 6 20 12 43 19 69 27 24 50 66 5 26 28,heads,minor,1
2026-08-10T23:10:20Z,83,41 66 5 60 79 17 24 36 71 18 52 44 39 61 64 58 7 1 53 20,tails,regular,3
2026-08-10T23:13:00Z,84,52 58 78 68 45 79 13 57 38 54 74 16 24 17 21 12 48 9 3 14,evens,regular,2
2026-08-10T23:15:40Z,85,80 18 53 51 35 10 54 16 50 2 69 6 75 28 22 5 63 55 58 73,tails,minor,10
2026-08-10T23:18:20Z,86,53 18 72 61 7 54 77 62 80 17 39 71 22 19 79 10 16 41 65 64,tails,regular,10
2026-08-10T23:21:00Z,87,10 56 60 59 53 47 36 64 66 29 55 77 65 79 52 23 70 35 3 17,tails,major,1
2026-08-10T23:23:40Z,88,53 40 34 2 17 27 37 5 35 26 58 1 49 55 52 36 63 72 61 75,heads,regular,2
2026-08-10T23:26:20Z,89,31 20 56 40 38 17 54 57 80 75 35 65 7 19 55 13 16 51 6 71,heads,major,2
2026-08-10T23:29:00Z,90,21 29 57 46 1 55 20 44 32 35 33 45 11 4 39 42 51 50 69 65,evens,regular,2
2026-08-10T23:31:40Z,91,9 54 15 1 14 60 64 41 53 32 16 3 77 5 47 2 23 72 44 12,heads,regular,2
2026-08-10T23:34:20Z,92,18 44 50 34 30 75 17 72 59 13 4 24 16 51 56 12 65 57 71 6,evens,regular,3
2026-08-10T23:37:00Z,93,30 47 77 8 9 69 72 60 20 42 23 40 48 70 15 51 25 54 6 55,tails,regular,3
2026-08-10T23:39:40Z,94,27 31 57 38 34 46 3 63 74 72 53 61 71 79 49 60 23 6 13 2,tails,regular,4
2026-08-10T23:42:20Z,95,56 80 13 27 9 76 41 71 60 24 64 73 23 53 50 77 42 11 14 38,tails,regular,1
2026-08-10T23:45:00Z,96,54 30 55 47 26 51 35 28 62 1 31 60 12 56 52 3 11 18 70 79,evens,minor,2
2026-08-10T23:47:40Z,97,49 53 34 72 35 18 12 28 36 4 63 2 1 19 22 15 30 79 76 47,heads,regular,1
2026-08-10T23:50:20Z,98,18 3 54 62 70 79 51 77 45 11 72 48 1 22 41 21 36 50 57 42,tails,regular,2
2026-08-10T23:53:00Z,99,67 17 19 31 36 50 63 62 41 30 68 10 74 1 20 2 45 80 39 60,evens,regular,1
2026-08-10T23:55:40Z,100,1 62 61 9 43 26 80 13 25 6 11 8 7 67 33 29 59 54 44 27,heads,regular,3
2026-08-10T23:58:20Z,101,27 29 1 79 40 70 77 55 32 64 58 22 3 45 69 44 38 33 11 19,heads,regular,3
2026-08-11T00:01:00Z,102,57 26 71 46 63 64 67 19 70 58 33 9 29 51 28 25 61 74 32 6,tails,minor,2
2026-08-11T00:03:40Z,103,24 64 17 51 26 29 76 28 43 11 52 13 6 73 15 22 32 1 3 54,heads,minor,1
2026-08-11T00:06:20Z,104,4 22 57 78 44 16 46 56 74 35 17 23 11 7 32 36 50 59 30 73,heads,regular,3
2026-08-11T00:09:00Z,105,50 71 38 28 27 31 41 49 77 26 10 32 58 79 69 14 20 25 47 8,heads,regular,1
2026-08-11T00:11:40Z,106,61 62 34 59 29 57 60 58 11 8 21 1 74 65 26 22 36 42 32 79,evens,regular,1
2026-08-11T00:14:20Z,107,17 76 53 22 50 59 5 65 2 28 60 54 16 23 30 4 8 47 80 11,heads,regular,1
2026-08-11T00:17:00Z,108,66 28 64 78 39 80 72 48 52 79 36 22 49 77 45 53 4 2 11 51,tails,major,1
2026-08-11T00:19:40Z,109,9 32 25 80 7 55 16 56 19 44 3 38 65 13 36 4 61 70 17 37,heads,regular,2
2026-08-11T00:22:20Z,110,19 12 31 74 51 1 22 50 53 72 60 35 76 26 43 67 58 25 6 3,evens,minor,2
2026-08-11T00:25:00Z,111,48 51 25 16 18 66 21 44 49 28 65 37 30 4 11 76 26 32 22 41,heads,regular,1
2026-08-11T00:27:40Z,112,26 51 55 15 78 9 4 7 58 33 71 36 62 50 59 12 54 47 63 69,tails,regular,3
2026-08-11T00:30:20Z,113,66 58 3 6 69 9 17 30 20 26 75 78 67 76 36 1 27 45 54 49,evens,regular,1
2026-08-11T00:33:00Z,114,72 29 63 38 56 57 75 1 48 10 80 36 71 21 74 50 77 55 7 18,tails,regular,1
2026-08-11T00:35:40Z,115,60 54 78 31 9 73 26 36 11 33 24 8 18 55 5 41 37 25 66 51,heads,regular,1
2026-08-11T00:38:20Z,116,79 5 2 33 1 36 61 31 17 26 11 60 35 78 23 68 10 20 76 32,heads,major,3
2026-08-11T00:41:00Z,117,63 46 27 67 25 45 36 24 37 71 35 73 16 80 38 52 54 55 22 13,evens,regular,1
2026-08-11T00:43:40Z,118,63 53 35 55 80 73 70 6 54 61 13 48 8 37 15 36 52 25 19 59,tails,regular,4
2026-08-11T00:46:20Z,119,67 36 32 76 64 18 26 61 47 70 31 3 65 54 58 7 66 75 78 77,tails,regular,1
2026-08-11T00:49:00Z,120,74 19 45 28 20 26 15 38 32 77 59 56 69 6 60 24 66 55 79 73,tails,regular,5
2026-08-11T00:51:40Z,121,11 36 13 56 7 65 35 8 55 43 66 45 54 49 72 37 19 23 33 6,heads,regular,1
2026-08-11T00:54:20Z,122,39 45 6 75 3 67 79 29 52 8 27 64 36 12 23 53 41 22 60 63,evens,regular,3
2026-08-11T00:57:00Z,123,34 4 63 61 9 46 62 37 24 7 77 31 75 23 73 12 29 52 58 48,evens,regular,2
2026-08-11T00:59:40Z,124,24 12 25 1 41 38 56 18 20 53 66 64 47 52 36 73 71 45 17 67,tails,minor,3
2026-08-11T01:02:20Z,125,68 30 13 10 2 61 4 19 58 64 47 56 78 51 21 35 48 17 52 57,tails,regular,2
2026-08-11T01:05:00Z,126,78 33 34 20 39 42 8 74 44 4 38 50 58 10 64 41 26 1 22 36,heads,major,1
2026-08-11T01:07:40Z,127,69 12 42 62 38 19 54 39 55 13 64 50 10 5 63 17 48 70 14 31,evens,regular,2
2026-08-11T01:10:20Z,128,48 41 38 26 2 76 52 12 66 62 69 49 37 74 24 4 70 45 20 42,tails,regular,3
2026-08-11T01:13:00Z,129,10 80 23 34 20 27 64 1 54 59 2 66 62 13 53 11 45 61 76 36,evens,regular,1
2026-08-11T01:15:40Z,130,16 19 40 23 62 44 63 7 79 54 22 32 20 70 78 74 14 57 43 25,evens,regular,10
2026-08-11T01:18:20Z,131,61 46 48 21 34 24 68 9 29 18 10 33 1 23 16 65 6 75 69 77,heads,regular,1
2026-08-11T01:21:00Z,132,34 10 15 1 9 48 50 45 54 41 24 12 62 68 66 30 42 38 16 6,heads,regular,1
2026-08-11T01:23:40Z,133,33 75 41 77 38 63 52 5 9 16 67 11 10 45 71 61 79 14 80 44,tails,regular,3
2026-08-11T01:26:20Z,134,20 80 5 19 58 14 32 26 61 11 25 62 41 76 69 73 31 33 54 66,evens,minor,3
2026-08-11T01:29:00Z,135,54 29 75 78 3 69 14 6 35 49 52 32 58 16 50 7 28 38 21 33,heads,regular,1
2026-08-11T01:31:40Z,136,27 1 38 36 32 33 75 50 23 12 18 6 44 21 13 59 46 78 47 48,heads,regular,3
2026-08-11T01:34:20Z,137,67 38 20 13 5 26 23 10 15 53 24 44 71 32 52 22 56 6 11 2,heads,regular,2
2026-08-11T01:37:00Z,138,70 25 73 40 57 61 47 77 27 45 59 9 12 21 62 60 46 71 11 68,tails,regular,2
2026-08-11T01:39:40Z,139,57 1 68 7 6 43 75 12 73 20 13 46 30 56 29 45 65 53 15 80,tails,regular,3
2026-08-11T01:42:20Z,140,76 48 55 20 61 19 38 21 73 30 79 35 14 9 44 16 8 11 41 12,heads,regular,1
2026-08-11T01:45:00Z,141,23 10 48 56 5 65 20 52 24 37 14 54 53 8 30 36 3 21 42 2,heads,regular,10
2026-08-11T01:47:40Z,142,9 53 52 69 17 23 64 35 68 34 25 18 12 61 1 10 36 30 44 66,heads,minor,5
2026-08-11T01:50:20Z,143,50 5 68 71 13 78 14 36 49 29 70 2 24 18 27 26 4 25 63 67,heads,minor,3
2026-08-11T01:53:00Z,144,67 57 52 3 38 61 10 23 51 35 22 75 69 26 16 19 14 53 11 5,heads,regular,3
2026-08-11T01:55:40Z,145,52 9 77 4 78 41 55 68 60 7 67 30 80 26 45 70 3 73 44 10,tails,regular,1
2026-08-11T01:58:20Z,146,38 32 29 10 14 77 17 30 40 24 12 28 73 5 53 37 49 46 42 66,heads,major,1
2026-08-11T02:01:00Z,147,11 23 58 8 76 30 36 17 15 38 41 50 60 49 40 37 52 56 73 35,heads,minor,10
2026-08-11T02:03:40Z,148,72 28 75 31 56 44 58 76 3 67 60 9 27 8 21 59 73 16 69 20,tails,major,3
2026-08-11T02:06:20Z,149,26 31 5 44 43 56 75 19 1 34 78 67 45 6 25 20 48 22 72 62,evens,regular,3
2026-08-11T02:09:00Z,150,62 77 14 48 7 44 76 34 51 36 63 73 28 68 58 20 47 43 49 78,tails,minor,2
2026-08-11T02:11:40Z,151,50 31 68 37 40 48 1 76 51 6 63 78 5 75 22 24 66 69 10 18,evens,regular,4
2026-08-11T02:14:20Z,152,77 40 23 61 80 78 7 28 11 35 56 42 33 32 6 10 75 65 46 72,evens,minor,1
2026-08-11T02:17:00Z,153,10 21 47 68 78 23 76 19 73 38 72 71 49 4 1 12 6 65 20 48,evens,regular,2
2026-08-11T02:19:40Z,154,43 17 39 18 11 58 59 40 56 66 76 3 45 61 51 74 69 41 63 75,tails,regular,1
2026-08-11T02:22:20Z,155,70 63 15 29 42 18 31 62 7 56 65 54 6 79 32 21 17 3 52 14,heads,regular,1
2026-08-11T02:25:00Z,156,43 47 72 12 29 26 50 38 39 18 48 13 33 30 8 15 3 57 24 64,heads,regular,1
2026-08-11T02:27:40Z,157,45 27 64 8 79 29 50 47 3 68 32 28 2 70 4 46 62 59 34 41,tails,regular,2
2026-08-11T02:30:20Z,158,9 14 5 7 11 58 1 68 18 22 24 62 39 15 65 13 34 16 28 23,heads,minor,10
2026-08-11T02:33:00Z,159,8 63 38 62 75 5 35 14 44 6 3 36 31 72 22 61 80 49 48 45,evens,regular,1
2026-08-11T02:35:40Z,160,3 18 20 27 67 5 69 21 61 64 75 80 17 32 23 10 4 60 72 63,heads,regular,2
2026-08-11T02:38:20Z,161,74 51 17 30 76 79 15 38 49 55 5 26 63 42 75 36 57 77 54 37,tails,major,1
2026-08-11T02:41:00Z,162,56 46 78 67 65 43 11 51 10 74 4 52 16 47 36 2 24 27 71 62,tails,regular,10
2026-08-11T02:43:40Z,163,24 36 65 14 52 31 9 49 43 2 21 80 74 8 27 57 15 12 5 46,heads,regular,3
2026-08-11T02:46:20Z,164,47 49 75 63 26 24 50 78 72 2 19 53 69 31 34 55 10 51 39 9,tails,minor,3
2026-08-11T02:49:00Z,165,58 59 18 34 50 80 74 73 1 31 30 19 42 71 16 51 25 67 32 14,evens,regular,2
2026-08-11T02:51:40Z,166,74 18 12 69 34 10 37 28 13 1 79 26 77 50 43 59 52 24 33 73,heads,regular,1
2026-08-11T02:54:20Z,167,76 5 34 6 63 62 48 51 47 33 66 75 23 52 49 67 71 70 26 56,tails,regular,1
2026-08-11T02:57:00Z,168,27 62 65 25 70 54 22 18 68 17 73 44 10 4 51 19 34 24 58 78,evens,minor,10
2026-08-11T02:59:40Z,169,77 41 14 48 78 68 54 57 6 43 53 10 2 19 47 45 35 29 9 52,tails,minor,3
2026-08-11T03:02:20Z,170,30 54 41 72 68 42 67 23 69 4 12 25 15 59 73 75 33 76 56 62,tails,major,1
2026-08-11T03:05:00Z,171,30 63 33 23 46 55 43 42 37 53 9 62 51 45 74 48 65 27 38 20,tails,regular,2
2026-08-11T03:07:40Z,172,37 77 32 5 11 42 57 75 50 55 18 54 39 1 69 12 61 72 40 28,evens,minor,1
2026-08-11T03:10:20Z,173,39 67 36 73 78 60 8 33 41 55 63 6 30 10 25 1 14 16 28 24,heads,regular,3
2026-08-11T03:13:00Z,174,47 8 74 6 10 24 3 75 30 35 5 42 66 32 69 59 52 34 4 16,heads,regular,1
2026-08-11T03:15:40Z,175,7 10 67 36 39 22 14 37 80 69 6 18 75 70 55 72 42 61 25 65,evens,regular,3
2026-08-11T03:18:20Z,176,37 78 3 23 63 25 39 71 58 74 22 6 56 18 5 27 75 46 76 69,evens,minor,2
2026-08-11T03:21:00Z,177,60 71 25 46 77 56 74 58 73 19 36 64 54 8 41 16 50 15 80 5,tails,minor,1
2026-08-11T03:23:40Z,178,1 80 34 59 79 10 18 65 23 72 78 42 41 62 6 5 69 70 74 40,tails,minor,1
2026-08-11T03:26:20Z,179,23 29 59 24 61 10 47 19 21 7 71 6 15 34 44 31 33 46 22 76,heads,regular,1
2026-08-11T03:29:00Z,180,59 76 16 58 12 25 56 38 33 69 47 28 65 73 20 63 31 68 53 40,tails,regular,2
2026-08-11T03:31:40Z,181,46 39 33 19 4 52 77 12 3 76 29 23 50 8 36 34 17 20 32 10,heads,major,1
2026-08-11T03:34:20Z,182,2 59 12 14 75 8 30 73 66 58 61 33 7 13 62 26 54 55 60 9,evens,regular,2
2026-08-11T03:37:00Z,183,79 73 42 40 44 61 75 29 24 41 69 38 37 66 58 19 33 2 16 10,evens,minor,3
2026-08-11T03:39:40Z,184,40 15 11 16 68 49 20 30 44 22 39 80 60 7 38 75 64 36 2 9,heads,major,1
2026-08-11T03:42:20Z,185,21 32 20 2 4 34 27 52 79 69 17 57 80 25 31 51 61 59 66 63,evens,minor,3
2026-08-11T03:45:00Z,186,62 45 72 74 60 58 31 32 5 9 73 38 7 46 27 75 18 22 69 11,evens,regular,1
2026-08-11T03:47:40Z,187,22 11 20 51 36 77 62 55 35 29 53 13 2 65 61 31 26 76 57 23,heads,minor,10
2026-08-11T03:50:20Z,188,62 48 45 25 31 67 17 57 23 42 10 55 34 28 47 53 15 56 49 44,tails,minor,1
2026-08-11T03:53:00Z,189,1 31 29 71 2 9 7 63 10 50 11 55 48 52 13 41 53 47 40 12,heads,regular,1
2026-08-11T03:55:40Z,190,42 62 74 10 33 4 73 31 23 35 37 14 51 7 3 48 76 67 71 78,evens,regular,2
2026-08-11T03:58:20Z,191,3 9 48 80 78 1 39 11 61 54 27 5 75 46 79 58 53 6 12 34,evens,regular,3
2026-08-11T04:01:00Z,192,20 62 10 29 75 67 14 8 42 27 33 78 31 77 13 76 73 58 30 68,evens,regular,3
2026-08-11T04:03:40Z,193,21 31 59 63 55 6 22 70 51 27 16 72 13 3 73 10 41 12 14 11,heads,regular,3
2026-08-11T04:06:20Z,194,30 20 52 5 9 41 74 68 37 50 1 57 7 70 79 54 28 44 73 10,tails,major,3
2026-08-11T04:09:00Z,195,28 10 46 37 51 29 23 24 39 58 4 27 59 35 45 48 15 77 2 7,heads,minor,1
2026-08-11T04:11:40Z,196,48 69 36 79 16 25 8 11 59 46 29 77 39 54 52 75 15 66 78 26,tails,regular,1
2026-08-11T04:14:20Z,197,36 62 59 42 8 2 55 3 9 16 13 7 77 50 33 39 58 47 71 23,heads,regular,1
2026-08-11T04:17:00Z,198,17 13 22 32 6 43 23 18 37 57 53 26 71 15 74 64 46 66 78 31,heads,regular,1
2026-08-11T04:19:40Z,199,17 62 1 66 67 30 80 72 56 8 68 57 15 27 28 5 49 26 64 70,tails,minor,2
2026-08-11T04:22:20Z,200,2 24 57 43 73 34 58 16 35 67 77 26 3 63 12 32 78 14 66 50,evens,major,4
2026-08-11T04:25:00Z,201,41 40 68 72 79 69 45 36 33 78 66 46 4 38 27 73 28 14 67 76,tails,minor,5
2026-08-11T04:27:40Z,202,44 45 58 31 52 23 72 47 46 51 74 8 27 68 24 33 18 10 49 32,tails,regular,1
2026-08-11T04:30:20Z,203,10 75 59 41 34 26 46 50 21 43 18 44 35 73 54 28 36 79 80 51,tails,regular,1
2026-08-11T04:33:00Z,204,58 68 67 5 13 15 35 3 41 40 70 51 59 17 65 4 26 71 29 36,heads,regular,1
2026-08-11T04:35:40Z,205,61 26 4 17 51 13 8 5 65 49 70 45 16 23 19 6 60 76 24 78,heads,regular,3
2026-08-11T04:38:20Z,206,51 57 39 71 64 74 3 19 41 76 78 56 49 38 47 53 30 6 50 45,tails,regular,1
2026-08-11T04:41:00Z,207,70 53 55 36 52 79 2 33 10 46 59 62 22 34 69 3 32 37 77 65,tails,regular,2
2026-08-11T04:43:40Z,208,76 30 19 32 54 45 67 27 47 59 77 15 35 4 34 11 14 1 64 10,heads,minor,10
2026-08-11T04:46:20Z,209,41 58 52 69 53 80 42 45 62 5 33 37 44 56 68 40 24 34 27 64,tails,minor,1
2026-08-11T04:49:00Z,210,67 57 12 44 45 41 22 56 26 52 48 59 21 10 24 4 28 51 16 61,tails,regular,3
2026-08-11T04:51:40Z,211,33 59 26 35 24 44 68 17 43 27 57 40 38 69 21 29 47 34 42 73,heads,minor,3
2026-08-11T04:54:20Z,212,57 31 42 63 69 35 55 65 62 7 1 3 26 66 9 45 29 41 5 78,tails,regular,1
2026-08-11T04:57:00Z,213,44 80 22 68 54 56 8 57 55 37 28 58 13 32 31 34 70 77 73 33,tails,regular,2
2026-08-11T04:59:40Z,214,79 57 76 9 77 52 20 75 34 70 42 45 16 30 17 21 72 15 49 38,tails,regular,3
2026-08-11T05:02:20Z,215,13 33 77 16 49 40 25 14 51 80 15 53 9 3 31 45 56 79 23 68,heads,regular,2
2026-08-11T05:05:00Z,216,46 17 38 23 51 34 45 19 71 65 70 80 35 74 13 67 49 75 7 21,tails,regular,2
2026-08-11T05:07:40Z,217,18 2 42 32 4 44 46 10 39 25 74 12 5 35 68 3 71 38 15 30,heads,minor,1
2026-08-11T05:10:20Z,218,38 49 10 9 28 71 48 53 31 65 8 5 33 45 59 21 34 51 32 14,heads,major,3
2026-08-11T05:13:00Z,219,57 22 23 3 54 33 70 68 12 80 65 74 38 16 21 67 25 42 15 7,heads,regular,1
2026-08-11T05:15:40Z,220,65 23 58 52 10 35 7 43 38 14 27 41 51 79 76 49 24 22 12 46,evens,minor,4
2026-08-11T05:18:20Z,221,30 56 20 26 23 54 3 24 18 16 38 80 11 15 44 61 45 29 4 52,heads,regular,1
2026-08-11T05:21:00Z,222,16 10 63 59 43 47 26 14 21 7 32 9 33 79 34 66 19 74 48 8,heads,regular,1
2026-08-11T05:23:40Z,223,8 11 5 4 78 69 54 79 57 42 7 50 74 48 60 20 80 31 29 55,tails,regular,1
2026-08-11T05:26:20Z,224,3 6 35 66 4 64 79 49 45 67 31 47 57 36 5 75 74 43 2 48,tails,regular,2
2026-08-11T05:29:00Z,225,16 8 64 42 2 34 65 73 35 6 54 43 10 23 63 52 38 32 36 22,heads,minor,1
2026-08-11T05:31:40Z,226,26 79 45 68 23 64 53 50 76 27 19 7 25 51 47 73 4 6 56 22,tails,regular,3
2026-08-11T05:34:20Z,227,10 7 63 65 22 30 27 37 29 58 47 76 46 70 78 41 57 43 36 60,tails,regular,1
2026-08-11T05:37:00Z,228,6 32 25 79 35 5 13 71 19 74 77 66 47 23 22 40 67 26 41 75,heads,regular,2
2026-08-11T05:39:40Z,229,79 42 16 58 51 34 39 9 24 44 73 17 68 3 71 80 36 60 69 20,tails,major,1
2026-08-11T05:42:20Z,230,65 25 39 71 17 50 55 37 23 68 45 73 38 11 7 64 75 69 62 80,tails,major,3
2026-08-11T05:45:00Z,231,48 53 56 24 18 72 10 35 7 52 79 58 43 28 67 11 64 44 26 12,tails,regular,1
2026-08-11T05:47:40Z,232,66 63 9 4 59 14 74 75 6 21 73 54 28 36 32 15 70 19 78 79,evens,regular,2
2026-08-11T05:50:20Z,233,68 19 40 74 15 5 61 60 10 49 11 62 14 73 29 67 33 28 39 65,heads,regular,2
2026-08-11T05:53:00Z,234,20 31 64 59 52 51 19 27 45 62 32 33 63 48 70 53 79 26 14 67,tails,regular,5
2026-08-11T05:55:40Z,235,32 53 65 14 74 10 78 61 13 50 6 39 28 37 45 63 25 12 52 16,heads,regular,1
2026-08-11T05:58:20Z,236,15 70 3 32 24 78 2 16 39 23 30 27 65 14 10 41 66 51 56 28,heads,regular,2
2026-08-11T06:01:00Z,237,39 19 37 45 41 60 26 54 72 18 6 79 53 2 64 38 75 67 23 25,evens,regular,2
2026-08-11T06:03:40Z,238,39 35 5 63 2 73 20 64 40 67 72 68 76 30 61 18 66 53 31 55,tails,regular,1
2026-08-11T06:06:20Z,239,52 36 14 17 71 73 13 53 24 48 23 29 35 31 41 55 50 10 22 40,heads,regular,1
2026-08-11T06:09:00Z,240,56 46 53 13 48 40 80 58 12 27 30 19 23 28 59 20 61 42 21 31,heads,major,1
2026-08-11T06:11:40Z,241,70 8 75 23 13 52 38 43 76 67 16 55 34 42 54 17 44 74 11 29,tails,regular,3
2026-08-11T06:14:20Z,242,56 39 16 33 69 18 9 54 60 76 5 21 26 28 31 46 13 49 62 14,heads,major,1
2026-08-11T06:17:00Z,243,39 49 78 32 36 31 20 41 46 53 27 14 29 4 75 60 21 37 22 50,heads,major,2
2026-08-11T06:19:40Z,244,10 33 72 78 43 67 12 2 38 1 64 51 7 53 20 74 22 37 77 24,heads,major,1
2026-08-11T06:22:20Z,245,41 59 72 27 25 31 78 1 34 44 62 28 70 30 54 15 58 79 18 55,tails,regular,3
2026-08-11T06:25:00Z,246,44 3 20 34 63 80 35 22 57 4 26 69 31 68 9 1 21 8 60 12,heads,minor,3
2026-08-11T06:27:40Z,247,38 53 67 16 11 47 4 33 6 20 9 24 43 75 12 31 57 40 30 22,heads,major,3
2026-08-11T06:30:20Z,248,59 73 10 20 19 8 72 22 29 62 40 32 49 41 45 64 5 70 18 36,heads,regular,3
2026-08-11T06:33:00Z,249,35 15 48 25 30 57 23 75 19 46 9 79 26 61 67 65 4 39 20 40,heads,regular,1
2026-08-11T06:35:40Z,250,22 48 54 31 71 6 80 72 25 78 19 21 2 79 33 44 55 26 50 41,tails,regular,3
2026-08-11T06:38:20Z,251,45 49 21 20 33 54 51 61 16 29 42 37 2 39 55 59 75 48 32 69,tails,regular,1
2026-08-11T06:41:00Z,252,2 62 14 23 64 39 48 63 19 60 30 35 79 8 22 75 49 56 72 29,evens,regular,2
2026-08-11T06:43:40Z,253,22 59 2 57 61 17 37 64 11 30 69 29 8 4 76 47 73 7 71 23,heads,major,1
2026-08-11T06:46:20Z,254,59 45 42 54 66 21 14 9 12 31 35 79 48 56 63 16 65 22 32 26,evens,regular,2
2026-08-11T06:49:00Z,255,39 68 1 35 8 14 29 4 59 33 49 41 55 73 78 58 18 67 53 34,evens,regular,3
2026-08-11T06:51:40Z,256,10 62 38 6 22 59 72 64 75 3 57 69 34 46 28 12 60 31 9 61,evens,regular,1
2026-08-11T06:54:20Z,257,48 57 4 69 18 68 41 55 14 11 30 31 51 65 22 10 37 23 73 80,evens,regular,1
2026-08-11T06:57:00Z,258,9 61 39 30 45 67 68 59 2 53 64 7 14 27 41 57 43 44 48 38,tails,regular,3
2026-08-11T06:59:40Z,259,17 70 73 58 66 44 13 36 15 30 77 50 49 63 40 9 16 29 4 41,evens,regular,1
2026-08-11T07:02:20Z,260,1 17 31 76 65 44 69 52 3 55 29 22 39 79 61 37 8 7 14 62,heads,regular,2
2026-08-11T07:05:00Z,261,21 29 46 69 18 56 71 19 22 78 32 44 45 15 11 41 76 55 48 33,tails,minor,3
2026-08-11T07:07:40Z,262,44 56 51 8 23 10 47 2 46 42 13 14 30 24 6 68 45 78 22 20,heads,regular,1
2026-08-11T07:10:20Z,263,2 52 79 77 42 36 13 28 18 15 34 54 7 3 70 46 14 10 35 61,heads,regular,2
2026-08-11T07:13:00Z,264,29 42 15 69 50 14 80 7 75 12 2 52 21 78 48 59 67 79 46 35,tails,regular,2
2026-08-11T07:15:40Z,265,48 25 53 31 35 5 58 29 34 21 36 10 51 47 60 46 8 43 78 59,evens,regular,2
2026-08-11T07:18:20Z,266,20 37 44 75 51 15 60 67 70 58 50 66 26 7 64 13 12 27 4 22,evens,major,1
2026-08-11T07:21:00Z,267,12 40 11 71 47 62 63 26 13 53 55 78 79 10 2 37 74 33 18 17,heads,regular,2
2026-08-11T07:23:40Z,268,32 30 79 41 43 62 9 51 2 76 72 64 36 37 4 33 67 59 5 77,tails,regular,1
2026-08-11T07:26:20Z,269,38 55 36 66 41 68 75 37 12 47 21 70 44 74 32 59 1 9 63 51,tails,regular,1
2026-08-11T07:29:00Z,270,28 7 57 80 41 38 79 34 63 16 67 69 17 62 49 3 20 1 14 21,heads,minor,2
2026-08-11T07:31:40Z,271,27 36 15 79 25 57 74 52 45 6 59 21 7 43 73 18 32 29 67 3,heads,regular,1
2026-08-11T07:34:20Z,272,38 29 16 36 42 46 68 21 70 48 77 10 4 50 71 8 34 27 63 24,heads,regular,5
2026-08-11T07:37:00Z,273,38 35 3 43 36 5 47 65 52 23 58 56 78 41 11 51 33 13 6 27,heads,minor,10
2026-08-11T07:39:40Z,274,56 46 49 24 47 1 32 48 35 52 23 50 62 34 53 4 5 61 36 51,tails,minor,4
2026-08-11T07:42:20Z,275,26 16 19 41 68 65 49 25 61 23 60 73 79 80 36 35 53 52 13 77,tails,regular,1
2026-08-11T07:45:00Z,276,37 75 80 73 47 22 46 40 69 62 74 17 18 23 48 50 64 10 19 78,tails,minor,2
2026-08-11T07:47:40Z,277,64 37 39 38 17 11 60 44 19 75 31 18 21 41 51 15 54 62 14 10,heads,minor,10
2026-08-11T07:50:20Z,278,38 6 33 72 13 64 15 45 54 80 57 11 19 75 20 61 52 35 27 70,evens,minor,1
2026-08-11T07:53:00Z,279,9 14 68 70 30 31 5 76 66 52 54 32 65 57 67 77 63 21 8 28,tails,major,1
2026-08-11T07:55:40Z,280,43 44 77 57 2 50 55 72 56 34 8 59 26 38 12 9 60 17 19 71,tails,major,3
2026-08-11T07:58:20Z,281,41 28 51 10 37 22 57 77 68 32 25 9 59 63 78 60 24 64 46 53,tails,regular,3
2026-08-11T08:01:00Z,282,27 29 33 38 47 50 46 6 20 12 68 53 56 37 1 60 14 57 23 54,heads,regular,2
2026-08-11T08:03:40Z,283,47 14 60 36 64 17 34 65 25 75 3 69 54 55 52 29 13 40 39 76,evens,regular,3
2026-08-11T08:06:20Z,284,50 72 38 71 30 19 31 57 13 21 52 1 23 40 39 64 62 69 35 42,heads,minor,3
2026-08-11T08:09:00Z,285,51 5 46 18 33 73 28 7 8 2 12 67 61 80 60 53 11 47 48 41,tails,minor,1
2026-08-11T08:11:40Z,286,65 7 69 4 3 5 47 2 48 37 10 64 46 6 1 32 18 52 66 20,heads,regular,3
2026-08-11T08:14:20Z,287,66 47 76 65 17 50 45 68 71 42 69 72 77 49 8 44 61 60 53 73,tails,regular,1
2026-08-11T08:17:00Z,288,38 33 5 16 69 9 70 60 21 20 40 57 75 43 29 14 56 24 11 22,heads,regular,3
2026-08-11T08:19:40Z,289,18 42 52 37 27 63 65 30 75 45 39 70 34 69 71 15 43 68 50 29,tails,regular,1
2026-08-11T08:22:20Z,290,51 6 25 41 9 29 78 57 73 43 62 63 65 79 38 5 12 3 48 24,tails,minor,2
2026-08-11T08:25:00Z,291,2 5 29 66 65 50 68 57 13 53 76 77 22 63 67 74 78 47 16 62,tails,regular,1
2026-08-11T08:27:40Z,292,50 75 13 17 64 18 40 53 10 11 33 5 7 57 24 74 32 2 77 15,heads,regular,1
2026-08-11T08:30:20Z,293,67 36 17 79 34 51 27 63 47 44 48 14 19 39 37 5 1 59 31 41,heads,regular,1
2026-08-11T08:33:00Z,294,48 60 36 70 24 44 79 71 72 63 62 40 34 46 23 37 59 56 67 31,tails,regular,1
2026-08-11T08:35:40Z,295,15 72 32 67 68 54 2 50 21 55 42 75 13 59 36 60 46 9 66 20,tails,regular,4
2026-08-11T08:38:20Z,296,5 66 25 40 80 62 44 36 55 1 30 8 57 38 77 60 11 35 53 32,heads,regular,1
2026-08-11T08:41:00Z,297,22 42 33 29 72 35 47 58 49 37 60 11 38 28 61 10 77 12 5 7,heads,regular,1
2026-08-11T08:43:40Z,298,73 22 42 8 28 39 80 47 31 11 5 56 76 63 55 3 30 7 26 74,heads,regular,2
2026-08-11T08:46:20Z,299,34 43 53 8 48 59 77 71 65 11 75 26 21 58 62 12 79 68 2 4,tails,regular,3
2026-08-11T08:49:00Z,300,11 46 25 58 14 62 42 13 52 18 35 78 55 76 77 27 44 71 6 49,tails,regular,3
2026-08-11T08:51:40Z,301,5 54 36 8 31 28 65 26 51 78 69 20 63 47 77 80 24 56 6 10,evens,regular,1
2026-08-11T08:54:20Z,302,16 52 53 4 10 54 59 30 48 75 20 31 50 55 27 58 29 25 37 76,evens,major,3
2026-08-11T08:57:00Z,303,17 65 52 53 9 36 51 80 38 73 4 26 60 3 25 8 72 19 41 69,evens,regular,2
2026-08-11T08:59:40Z,304,8 54 77 1 10 7 35 72 66 41 16 36 31 32 2 52 50 43 30 37,heads,minor,2
2026-08-11T09:02:20Z,305,22 56 50 46 62 17 52 25 30 9 1 33 5 54 65 2 23 45 49 38,heads,regular,10
2026-08-11T09:05:00Z,306,39 63 26 47 11 50 38 30 12 44 21 54 64 41 18 62 65 5 72 9,evens,regular,2
2026-08-11T09:07:40Z,307,12 50 51 62 42 44 23 67 52 22 31 11 41 61 69 33 65 79 2 29,tails,regular,2
2026-08-11T09:10:20Z,308,71 23 54 32 36 20 9 66 35 60 1 40 53 43 64 25 59 7 68 15,heads,minor,2
2026-08-11T09:13:00Z,309,26 14 71 52 23 38 9 43 4 60 46 72 69 45 76 28 20 79 63 65,tails,regular,1
2026-08-11T09:15:40Z,310,43 4 75 64 13 40 70 44 34 57 77 65 5 59 28 62 74 20 46 53,tails,regular,2
2026-08-11T09:18:20Z,311,20 41 37 74 34 63 25 29 39 46 52 22 40 65 11 14 62 13 76 66,heads,minor,3
2026-08-11T09:21:00Z,312,39 5 29 21 24 74 69 59 22 12 35 4 61 41 34 62 43 79 28 31,heads,minor,4
2026-08-11T09:23:40Z,313,21 12 10 80 72 48 38 29 13 52 17 23 4 28 15 56 40 55 27 44,heads,regular,10
2026-08-11T09:26:20Z,314,28 54 58 70 33 55 35 25 68 4 52 79 27 50 53 72 1 51 23 34,tails,major,3
2026-08-11T09:29:00Z,315,10 46 63 6 34 23 61 27 74 13 2 69 76 15 8 48 12 58 5 31,heads,regular,1
2026-08-11T09:31:40Z,316,18 52 10 44 26 56 43 47 57 64 23 4 59 76 60 25 62 75 9 55,tails,minor,2
2026-08-11T09:34:20Z,317,25 73 10 40 2 60 80 24 45 70 50 28 36 57 71 51 1 17 26 53,evens,regular,2
2026-08-11T09:37:00Z,318,43 34 50 74 8 27 68 46 44 38 6 29 72 67 9 5 64 20 45 17,evens,minor,2
2026-08-11T09:39:40Z,319,50 19 32 25 77 75 64 72 15 43 13 22 70 12 74 3 66 41 76 34,tails,regular,1
2026-08-11T09:42:20Z,320,7 73 45 12 27 29 14 26 67 58 15 46 25 24 78 5 37 70 16 30,heads,major,3
2026-08-11T09:45:00Z,321,48 24 20 5 79 59 73 51 40 30 55 60 75 14 28 67 43 70 44 64,tails,minor,1
2026-08-11T09:47:40Z,322,68 10 27 54 17 43 69 60 38 4 26 14 61 29 72 77 21 55 76 1,evens,regular,2
2026-08-11T09:50:20Z,323,18 77 42 40 61 25 53 6 41 50 54 57 63 8 39 79 2 23 71 49,tails,regular,1
2026-08-11T09:53:00Z,324,49 20 60 51 37 66 10 64 47 44 59 22 80 11 12 1 28 3 25 30,heads,regular,1
2026-08-11T09:55:40Z,325,7 12 10 14 57 27 33 49 71 18 53 20 80 48 9 16 72 76 34 75,heads,minor,2
2026-08-11T09:58:20Z,326,29 45 66 52 77 41 14 32 67 16 56 8 10 21 55 49 63 60 34 6,tails,regular,2
2026-08-11T10:01:00Z,327,64 76 56 26 70 52 79 59 23 13 2 74 78 8 25 38 31 7 68 21,evens,regular,3
2026-08-11T10:03:40Z,328,2 48 41 21 31 58 17 22 19 43 53 4 14 68 61 46 12 57 51 74,tails,minor,2
2026-08-11T10:06:20Z,329,39 40 37 38 68 64 9 67 5 11 72 30 80 59 63 26 12 17 44 14,heads,regular,2
2026-08-11T10:09:00Z,330,36 23 24 70 79 14 62 2 16 12 46 40 54 7 5 53 27 76 4 73,heads,regular,1
2026-08-11T10:11:40Z,331,5 43 31 58 11 62 51 27 17 7 46 77 26 63 15 24 22 79 10 4,heads,regular,1
2026-08-11T10:14:20Z,332,4 40 76 68 52 66 21 32 45 15 46 16 54 50 1 34 22 12 51 27,heads,regular,1
2026-08-11T10:17:00Z,333,45 62 76 73 44 23 66 47 29 35 41 52 3 5 31 56 28 21 68 65,tails,regular,3
2026-08-11T10:19:40Z,334,69 43 23 29 1 4 24 5 76 79 8 3 19 37 15 65 9 63 32 28,heads,regular,1
2026-08-11T10:22:20Z,335,59 74 46 54 3 77 28 50 11 51 22 12 39 37 13 61 33 57 9 24,heads,minor,2
2026-08-11T10:25:00Z,336,55 57 28 56 24 2 47 36 38 19 33 13 73 41 59 65 10 3 75 12,heads,major,1
2026-08-11T10:27:40Z,337,24 4 51 60 68 43 58 11 50 61 59 23 54 79 10 62 30 13 28 15,tails,regular,2
2026-08-11T10:30:20Z,338,63 61 29 76 36 11 15 75 79 49 77 38 7 31 17 18 44 6 67 78,evens,minor,1
2026-08-11T10:33:00Z,339,79 24 8 4 45 22 1 46 26 70 76 18 6 17 21 28 19 43 5 13,heads,minor,2
2026-08-11T10:35:40Z,340,54 52 17 53 61 7 14 64 77 27 5 67 20 44 73 25 26 51 22 4,evens,minor,3
2026-08-11T10:38:20Z,341,19 1 49 6 53 34 78 35 68 7 32 65 8 42 67 26 3 60 43 14,heads,regular,1
2026-08-11T10:41:00Z,342,79 29 50 80 11 23 48 30 31 72 4 52 15 6 53 32 37 68 25 55,heads,regular,1
2026-08-11T10:43:40Z,343,43 10 12 41 78 28 34 46 36 54 51 76 6 33 65 9 59 27 48 66,tails,regular,2
2026-08-11T10:46:20Z,344,70 78 40 33 63 66 11 26 49 24 79 37 62 60 13 64 80 18 5 31,evens,regular,1
2026-08-11T10:49:00Z,345,71 61 9 70 48 27 3 62 52 50 79 51 53 12 21 1 73 60 22 28,tails,minor,1
2026-08-11T10:51:40Z,346,51 33 53 24 64 31 70 56 5 6 34 46 71 27 44 9 73 29 76 26,evens,regular,1
2026-08-11T10:54:20Z,347,5 3 11 2 36 33 28 57 46 51 26 29 12 50 35 14 4 60 59 34,heads,minor,1
2026-08-11T10:57:00Z,348,52 34 5 11 12 61 68 59 75 20 70 24 67 64 23 45 21 19 14 33,heads,regular,2
2026-08-11T10:59:40Z,349,74 40 49 23 65 20 26 71 79 30 39 43 1 64 72 29 62 46 68 32,tails,regular,2
2026-08-11T11:02:20Z,350,51 33 45 17 43 42 25 54 80 31 28 75 47 3 63 56 9 61 67 1,tails,regular,1
2026-08-11T11:05:00Z,351,5 35 4 60 30 23 77 34 69 21 80 58 25 63 17 15 43 57 68 73,evens,regular,3
2026-08-11T11:07:40Z,352,12 36 21 61 4 76 20 64 46 40 70 24 18 26 77 23 45 68 56 10,heads,regular,1
2026-08-11T11:10:20Z,353,50 79 36 57 42 31 21 37 45 77 71 17 41 59 19 28 1 6 44 34,evens,regular,2
2026-08-11T11:13:00Z,354,36 19 32 70 48 41 69 64 79 42 37 39 21 51 72 10 25 73 52 50,tails,regular,2
2026-08-11T11:15:40Z,355,59 17 20 78 57 39 42 11 46 72 60 18 66 26 65 10 6 16 45 56,tails,major,3
2026-08-11T11:18:20Z,356,7 70 24 66 17 28 4 60 52 32 29 79 16 59 48 18 21 6 31 43,heads,regular,1
2026-08-11T11:21:00Z,357,40 5 79 34 13 4 49 6 8 44 76 21 17 36 9 77 70 65 3 20,heads,minor,1
2026-08-11T11:23:40Z,358,11 78 7 65 41 54 55 60 43 4 61 9 59 80 5 75 21 44 37 15,tails,regular,3
2026-08-11T11:26:20Z,359,55 41 35 54 46 50 14 78 32 30 11 10 67 45 74 64 58 57 80 65,tails,regular,3
2026-08-11T11:29:00Z,360,66 4 18 14 16 15 2 13 59 54 42 17 50 28 26 78 73 25 39 35,heads,regular,1
2026-08-11T11:31:40Z,361,1 37 60 4 29 66 2 26 71 16 52 56 75 25 42 59 13 76 32 57,evens,regular,3
2026-08-11T11:34:20Z,362,58 18 46 31 68 33 29 1 71 63 42 34 43 14 74 24 77 28 61 23,evens,regular,4
2026-08-11T11:37:00Z,363,29 38 47 6 16 46 75 32 12 20 73 60 31 27 30 37 56 53 77 25,heads,minor,4
2026-08-11T11:39:40Z,364,30 2 63 16 35 72 68 56 79 32 20 59 76 28 62 80 23 46 70 39,tails,major,1
2026-08-11T11:42:20Z,365,64 24 75 25 62 70 58 60 35 57 13 59 9 15 36 54 11 40 12 8,heads,minor,3
2026-08-11T11:45:00Z,366,59 1 30 20 17 53 37 27 61 7 42 29 73 32 78 36 13 66 46 38,heads,regular,1
2026-08-11T11:47:40Z,367,33 76 1 62 78 6 15 56 53 34 2 51 11 28 41 9 23 3 45 77,heads,major,3
2026-08-11T11:50:20Z,368,66 47 63 55 71 41 50 62 61 12 79 42 29 3 46 22 64 54 59 8,tails,minor,1
2026-08-11T11:53:00Z,369,58 56 15 19 35 12 51 39 73 72 63 33 42 36 11 76 52 78 26 77,tails,regular,3
2026-08-11T11:55:40Z,370,30 25 44 71 12 61 45 32 80 27 70 60 8 64 37 17 19 21 63 50,evens,regular,2
2026-08-11T11:58:20Z,371,35 66 72 37 79 70 62 20 12 48 6 52 22 55 39 46 26 8 25 24,heads,regular,3
2026-08-11T12:01:00Z,372,67 42 44 17 54 3 18 71 14 59 72 77 56 66 30 58 80 35 48 34,tails,regular,3
2026-08-11T12:03:40Z,373,27 53 54 24 79 76 7 58 26 29 9 21 38 25 8 32 33 35 5 55,heads,regular,1
2026-08-11T12:06:20Z,374,22 76 31 78 3 23 50 68 34 62 54 11 10 59 72 43 6 18 74 35,evens,minor,3
2026-08-11T12:09:00Z,375,43 14 22 11 28 2 10 68 12 8 54 59 26 21 23 53 16 15 65 51,heads,minor,2
2026-08-11T12:11:40Z,376,22 70 57 42 30 79 9 78 67 64 12 25 4 15 53 10 56 76 60 48,tails,minor,1
2026-08-11T12:14:20Z,377,53 14 50 47 4 17 34 6 12 23 31 32 46 1 57 16 60 27 36 30,heads,major,2
2026-08-11T12:17:00Z,378,9 40 10 38 74 67 63 1 31 39 35 73 77 15 26 36 70 66 47 59,heads,regular,3
2026-08-11T12:19:40Z,379,50 62 71 78 37 36 5 51 30 64 45 63 23 59 25 48 15 11 40 34,evens,minor,1
2026-08-11T12:22:20Z,380,64 1 22 35 3 41 77 7 33 37 48 8 60 20 44 13 65 5 14 29,heads,regular,1
2026-08-11T12:25:00Z,381,52 46 25 65 4 80 36 15 38 40 66 64 30 50 74 34 1 5 17 27,heads,minor,4
2026-08-11T12:27:40Z,382,20 57 6 5 32 4 7 23 19 15 16 42 41 11 39 71 45 62 24 21,heads,regular,3
2026-08-11T12:30:20Z,383,23 70 59 5 10 25 68 45 72 8 2 35 38 13 26 67 32 74 57 14,heads,major,1
2026-08-11T12:33:00Z,384,64 28 17 33 43 37 71 76 62 53 60 8 63 61 54 13 35 19 39 78,tails,major,1
2026-08-11T12:35:40Z,385,14 5 47 33 49 38 31 28 36 77 72 66 79 1 69 23 62 25 35 45,heads,minor,1
2026-08-11T12:38:20Z,386,68 3 47 59 4 49 29 69 71 9 66 79 34 63 2 61 12 43 24 21,tails,regular,1
2026-08-11T12:41:00Z,387,37 3 6 56 79 22 9 18 58 39 61 5 17 78 14 1 51 52 64 62,heads,regular,1
2026-08-11T12:43:40Z,388,4 41 29 64 79 66 46 75 18 12 54 35 2 37 9 1 39 52 31 63,heads,regular,3
2026-08-11T12:46:20Z,389,54 71 26 63 25 58 80 73 17 13 2 59 42 20 61 24 21 28 62 79,tails,regular,2
2026-08-11T12:49:00Z,390,35 9 2 51 12 36 1 80 70 24 77 43 18 31 47 17 68 44 40 39,heads,regular,3
2026-08-11T12:51:40Z,391,14 79 76 12 6 1 53 7 44 68 35 51 43 71 59 67 72 64 29 60,tails,major,1
2026-08-11T12:54:20Z,392,9 73 49 16 26 64 65 24 41 60 51 18 57 22 46 28 19 8 58 45,tails,regular,3
2026-08-11T12:57:00Z,393,28 58 3 44 33 15 76 7 1 80 36 57 40 24 73 77 47 12 50 74,evens,minor,1
2026-08-11T12:59:40Z,394,53 51 17 69 12 49 4 66 33 42 30 55 70 76 39 8 5 22 54 68,tails,minor,10
2026-08-11T13:02:20Z,395,61 62 26 53 39 28 41 63 38 24 1 72 52 18 6 20 60 40 58 73,evens,minor,1
2026-08-11T13:05:00Z,396,57 29 67 26 36 45 22 53 65 38 11 2 30 42 76 61 18 23 79 59,evens,regular,2
2026-08-11T13:07:40Z,397,5 40 61 34 65 31 9 33 46 58 7 68 78 50 64 1 72 26 24 27,heads,regular,3
2026-08-11T13:10:20Z,398,68 76 50 37 60 34 80 54 70 35 42 1 30 7 41 65 23 75 5 58,tails,major,1
2026-08-11T13:13:00Z,399,48 20 41 61 14 42 16 30 35 9 43 32 36 1 22 27 26 78 66 29,heads,minor,1
2026-08-11T13:15:40Z,400,78 57 53 76 21 12 50 9 44 61 20 37 73 55 18 22 28 25 6 64,evens,major,3
2026-08-11T13:18:20Z,401,52 50 20 53 33 56 66 24 71 63 65 5 67 12 21 61 34 79 74 38,tails,regular,1
2026-08-11T13:21:00Z,402,56 75 16 4 77 19 60 18 49 61 9 42 59 79 43 47 80 55 10 34,tails,major,1
2026-08-11T13:23:40Z,403,46 41 43 53 9 26 65 28 12 27 59 21 49 55 14 48 8 61 7 64,tails,regular,1
2026-08-11T13:26:20Z,404,64 17 26 80 12 76 20 13 21 30 38 75 79 60 8 1 36 70 67 77,heads,regular,3
2026-08-11T13:29:00Z,405,12 31 41 16 54 78 75 56 15 6 26 32 40 77 69 43 7 62 74 49,tails,regular,3
2026-08-11T13:31:40Z,406,1 63 38 13 49 25 23 45 68 54 19 26 28 16 8 47 65 52 60 46,evens,major,1
2026-08-11T13:34:20Z,407,48 54 25 79 80 72 36 15 44 19 45 29 61 71 70 76 43 77 38 10,tails,regular,1
2026-08-11T13:37:00Z,408,71 41 73 40 25 29 74 27 35 24 16 51 9 7 37 20 18 80 61 38,heads,regular,2
2026-08-11T13:39:40Z,409,68 29 58 20 56 36 25 2 13 61 7 35 21 74 77 46 76 70 48 12,evens,regular,1
2026-08-11T13:42:20Z,410,23 36 2 13 71 18 29 22 56 4 46 33 73 58 17 41 49 37 60 1,heads,regular,3
2026-08-11T13:45:00Z,411,58 23 14 5 31 76 6 16 59 29 8 57 24 61 7 33 2 70 68 79,heads,regular,3
2026-08-11T13:47:40Z,412,51 42 64 50 15 20 68 60 39 71 6 23 13 11 49 54 33 31 44 32,evens,regular,2
2026-08-11T13:50:20Z,413,26 10 80 75 38 70 58 47 15 40 2 61 72 20 33 53 62 49 31 29,evens,minor,2
2026-08-11T13:53:00Z,414,64 49 14 19 28 36 4 51 1 71 79 42 67 24 47 16 80 43 65 11,tails,minor,2
2026-08-11T13:55:40Z,415,20 31 78 54 67 63 33 8 44 69 77 74 76 29 25 55 71 75 80 9,tails,regular,2
2026-08-11T13:58:20Z,416,23 16 12 31 36 39 26 50 28 56 59 48 69 65 74 24 42 11 10 34,heads,regular,2
2026-08-11T14:01:00Z,417,35 9 69 49 5 44 54 61 25 60 34 48 53 57 76 19 58 1 10 55,tails,regular,2
2026-08-11T14:03:40Z,418,30 53 78 21 71 65 49 8 75 51 79 13 76 67 46 61 68 44 6 34,tails,major,3
2026-08-11T14:06:20Z,419,42 18 70 62 73 50 51 24 7 17 71 11 10 22 23 55 9 66 52 60,tails,minor,1
2026-08-11T14:09:00Z,420,15 57 7 52 11 68 6 53 66 80 56 23 69 13 24 71 21 74 35 29,evens,major,4
2026-08-11T14:11:40Z,421,58 50 57 43 8 1 32 12 71 62 65 73 40 19 55 64 17 59 24 38,tails,major,4
2026-08-11T14:14:20Z,422,75 22 73 1 52 11 16 79 10 8 78 45 23 21 30 3 54 56 60 49,evens,minor,2
2026-08-11T14:17:00Z,423,78 75 11 43 52 72 55 21 71 12 36 33 37 73 59 64 5 41 4 27,tails,major,1
2026-08-11T14:19:40Z,424,75 58 59 57 55 36 41 48 35 26 31 34 20 6 17 80 7 77 38 60,evens,regular,2
2026-08-11T14:22:20Z,425,16 4 72 64 22 47 15 40 62 77 42 31 65 48 57 46 63 76 80 8,tails,major,2
2026-08-11T14:25:00Z,426,29 21 6 51 64 39 4 26 10 73 76 19 1 14 79 60 49 2 55 47,heads,major,1
2026-08-11T14:27:40Z,427,68 59 24 5 58 49 64 12 63 72 62 37 77 20 19 73 45 9 10 27,tails,minor,1
2026-08-11T14:30:20Z,428,28 31 39 25 13 35 16 79 4 74 57 42 69 56 44 24 3 6 18 36,heads,regular,5
2026-08-11T14:33:00Z,429,66 17 21 70 41 37 7 77 24 42 48 5 30 10 35 47 15 32 53 74,heads,minor,1
2026-08-11T14:35:40Z,430,20 73 58 53 66 60 46 3 25 14 24 80 47 50 9 19 51 65 77 17,tails,regular,3
2026-08-11T14:38:20Z,431,18 43 14 50 12 60 11 72 5 79 40 67 9 44 49 52 32 29 55 73,tails,minor,2
2026-08-11T14:41:00Z,432,29 45 50 12 31 37 66 7 22 59 33 75 61 69 34 47 25 28 30 72,heads,minor,1
2026-08-11T14:43:40Z,433,47 70 76 33 67 51 56 29 62 4 50 20 2 60 32 5 17 69 73 35,tails,regular,1
2026-08-11T14:46:20Z,434,13 79 5 57 22 17 36 27 56 78 6 12 47 11 20 43 8 60 72 15,heads,regular,10
2026-08-11T14:49:00Z,435,22 74 31 56 9 48 4 62 23 59 54 70 14 69 8 73 12 49 17 16,evens,regular,3
2026-08-11T14:51:40Z,436,73 62 2 21 70 32 28 3 36 14 43 53 64 72 41 54 29 52 40 23,evens,regular,1
2026-08-11T14:54:20Z,437,2 77 53 63 49 44 61 26 32 25 24 47 62 21 41 76 27 71 55 4,tails,regular,2
2026-08-11T14:57:00Z,438,33 31 62 52 61 15 30 4 5 21 38 80 20 76 8 45 9 64 54 18,heads,regular,3
2026-08-11T14:59:40Z,439,80 20 4 19 47 13 8 77 79 51 11 52 2 53 26 44 21 50 25 45,evens,minor,5
2026-08-11T15:02:20Z,440,62 54 15 27 80 65 39 63 7 79 41 55 42 38 34 26 67 56 8 22,tails,regular,2
2026-08-11T15:05:00Z,441,68 55 19 34 62 3 18 36 52 35 51 24 40 1 5 10 80 65 23 6,heads,regular,2
2026-08-11T15:07:40Z,442,3 33 30 60 7 57 51 56 16 13 61 37 26 53 63 65 64 31 77 44,tails,minor,1
2026-08-11T15:10:20Z,443,70 72 46 80 13 78 5 65 62 52 10 37 28 38 9 1 49 44 63 8,tails,major,4
2026-08-11T15:13:00Z,444,61 73 28 12 14 77 38 35 70 16 4 33 32 59 80 3 37 26 47 69,heads,minor,2
2026-08-11T15:15:40Z,445,26 76 16 52 22 20 1 39 2 34 23 49 61 62 43 42 68 75 31 56,evens,regular,2
2026-08-11T15:18:20Z,446,20 53 11 75 52 79 42 80 25 68 7 38 24 71 29 45 27 18 35 76,evens,regular,2
2026-08-11T15:21:00Z,447,46 56 80 17 11 39 31 43 5 2 9 77 45 3 47 69 41 50 7 71,tails,regular,2
2026-08-11T15:23:40Z,448,54 18 37 39 69 31 71 1 44 78 51 66 74 26 16 41 62 61 12 68,tails,minor,1
2026-08-11T15:26:20Z,449,12 48 57 30 78 26 29 69 51 60 68 76 1 5 24 63 66 17 13 19,evens,regular,1
2026-08-11T15:29:00Z,450,13 60 51 49 59 77 34 62 10 3 47 42 11 4 68 7 66 55 29 9,tails,regular,3
2026-08-11T15:31:40Z,451,73 38 77 45 76 78 26 28 46 39 55 18 54 25 22 4 13 47 12 68,evens,minor,2
2026-08-11T15:34:20Z,452,32 41 31 61 8 58 5 35 62 2 79 9 51 56 77 78 52 70 76 43,tails,regular,1
2026-08-11T15:37:00Z,453,6 78 8 2 19 59 50 69 74 72 73 46 68 62 47 65 75 51 49 38,tails,regular,1
2026-08-11T15:39:40Z,454,6 62 75 58 48 34 68 66 13 55 52 71 64 8 57 28 51 10 78 23,tails,regular,10
2026-08-11T15:42:20Z,455,10 4 31 50 66 44 34 78 39 6 2 26 11 49 9 79 14 22 46 53,heads,regular,1
2026-08-11T15:45:00Z,456,61 15 77 74 71 30 28 75 73 12 6 58 24 23 50 52 2 9 25 3,heads,regular,1
2026-08-11T15:47:40Z,457,26 55 74 79 36 30 9 12 69 61 62 68 49 14 59 39 6 37 17 40,heads,regular,10
2026-08-11T15:50:20Z,458,15 70 53 38 17 26 22 40 2 10 65 7 47 80 45 66 68 69 37 54,evens,regular,1
2026-08-11T15:53:00Z,459,34 60 14 44 16 1 50 77 69 65 30 80 18 36 23 51 35 64 21 48,evens,regular,2
2026-08-11T15:55:40Z,460,25 22 33 76 23 10 75 69 30 31 15 43 7 4 49 77 1 17 44 36,heads,regular,2
2026-08-11T15:58:20Z,461,16 54 14 27 73 50 35 18 34 63 21 17 58 79 56 77 67 53 60 9,tails,regular,3
2026-08-11T16:01:00Z,462,4 1 43 74 10 3 33 6 61 12 73 53 34 39 67 57 69 15 76 45,evens,regular,2
2026-08-11T16:03:40Z,463,24 78 30 59 9 54 36 47 26 72 31 11 3 38 19 29 56 55 14 28,heads,regular,1
2026-08-11T16:06:20Z,464,21 19 72 4 26 53 28 17 15 27 63 5 39 13 9 77 3 52 6 69,heads,regular,1
2026-08-11T16:09:00Z,465,55 51 22 47 76 75 79 28 50 23 57 37 15 56 12 27 61 34 1 5,evens,minor,2
2026-08-11T16:11:40Z,466,25 12 51 80 59 16 55 31 72 34 53 57 13 23 76 44 66 21 48 75,tails,major,1
2026-08-11T16:14:20Z,467,72 64 36 78 69 62 56 15 19 2 16 76 67 14 59 11 31 17 26 46,evens,regular,2
2026-08-11T16:17:00Z,468,2 21 26 34 46 38 78 39 55 63 70 33 8 60 57 20 72 77 13 54,evens,regular,1
2026-08-11T16:19:40Z,469,42 17 43 12 59 58 55 35 45 50 4 79 26 65 1 31 28 46 48 22,tails,minor,2
2026-08-11T16:22:20Z,470,6 45 36 9 18 38 60 7 63 69 25 19 16 42 22 39 55 62 28 51,heads,regular,1
2026-08-11T16:25:00Z,471,34 20 55 71 30 33 38 40 39 4 35 17 26 53 66 48 42 72 16 27,heads,minor,2
2026-08-11T16:27:40Z,472,69 66 50 65 49 76 21 74 54 34 6 12 5 14 61 35 27 37 40 20,heads,regular,1
2026-08-11T16:30:20Z,473,26 46 37 70 19 6 23 48 53 30 7 18 15 29 24 80 36 51 45 31,heads,regular,1
2026-08-11T16:33:00Z,474,45 47 50 48 67 10 7 1 51 52 24 38 11 64 4 62 54 58 15 68,tails,regular,2
2026-08-11T16:35:40Z,475,45 76 19 6 41 24 13 23 59 9 11 8 1 5 56 75 39 26 46 67,heads,regular,1
2026-08-11T16:38:20Z,476,11 25 4 13 29 27 50 64 61 18 76 52 42 20 80 17 44 51 22 48,evens,regular,5
2026-08-11T16:41:00Z,477,2 48 67 9 74 60 39 20 33 3 70 41 16 61 57 36 51 7 30 46,evens,regular,3
2026-08-11T16:43:40Z,478,34 1 10 57 79 8 24 52 73 77 29 9 45 40 62 19 70 54 48 75,tails,regular,1
2026-08-11T16:46:20Z,479,72 25 22 66 7 2 55 28 27 15 49 59 3 68 64 51 39 33 71 5,heads,regular,3
2026-08-11T16:49:00Z,480,17 47 74 39 48 5 45 14 7 54 22 19 52 35 44 77 76 68 46 28,tails,regular,2
2026-08-11T16:51:40Z,481,74 56 59 22 71 46 76 62 16 38 8 78 20 53 66 24 32 7 37 3,evens,major,4
2026-08-11T16:54:20Z,482,70 29 19 61 54 37 41 17 59 55 18 45 35 15 3 20 79 66 30 9,heads,regular,1
2026-08-11T16:57:00Z,483,17 54 74 14 32 70 77 5 73 26 36 15 44 80 49 1 40 51 79 69,tails,regular,2
2026-08-11T16:59:40Z,484,7 25 21 56 42 53 8 34 75 68 55 10 62 14 3 71 36 70 58 57,tails,regular,2
2026-08-11T17:02:20Z,485,61 39 11 24 13 21 58 28 20 65 78 3 27 32 26 42 40 55 35 60,heads,regular,2
2026-08-11T17:05:00Z,486,14 23 49 8 80 59 20 75 78 27 51 46 9 63 11 48 73 7 66 69,tails,regular,3
2026-08-11T17:07:40Z,487,53 45 57 40 66 72 32 54 3 75 8 65 44 26 16 11 61 27 35 34,evens,regular,3
2026-08-11T17:10:20Z,488,35 9 27 28 61 15 19 10 59 12 30 3 52 37 34 2 50 72 21 24,heads,regular,1
2026-08-11T17:13:00Z,489,56 29 41 68 48 8 79 62 14 71 75 58 6 21 38 69 44 57 37 72,tails,major,3
2026-08-11T17:15:40Z,490,61 56 21 7 60 77 47 6 24 37 28 18 9 75 57 10 65 25 43 62,evens,major,1
2026-08-11T17:18:20Z,491,22 51 16 6 47 13 75 73 80 27 34 66 65 77 2 72 48 69 67 3,tails,minor,3
2026-08-11T17:21:00Z,492,60 30 35 44 25 58 19 63 46 26 4 78 10 48 17 22 49 31 76 3,heads,regular,3
2026-08-11T17:23:40Z,493,49 13 80 23 1 10 3 2 36 32 27 75 77 28 46 16 38 57 26 39,heads,regular,1
2026-08-11T17:26:20Z,494,11 66 16 57 28 77 47 67 25 65 55 23 18 52 70 53 63 19 71 10,tails,major,1
2026-08-11T17:29:00Z,495,64 26 72 41 71 32 24 10 13 68 51 23 53 33 61 73 38 80 78 69,tails,regular,1
2026-08-11T17:31:40Z,496,67 17 18 3 60 40 36 79 45 59 52 10 63 19 55 9 75 58 38 56,tails,regular,3
2026-08-11T17:34:20Z,497,18 19 65 60 31 33 44 36 2 20 55 6 39 13 12 56 45 54 25 42,heads,regular,3
2026-08-11T17:37:00Z,498,39 40 69 20 42 22 29 70 3 59 55 73 60 63 1 77 17 19 45 5,evens,minor,1
2026-08-11T17:39:40Z,499,80 9 28 48 74 50 24 57 18 19 42 76 23 44 22 11 39 70 40 45,evens,regular,2
2026-08-11T17:42:20Z,500,76 8 19 79 2 22 21 73 43 13 24 50 74 1 44 28 56 71 72 10,evens,regular,1
2026-08-11T17:45:00Z,501,52 3 63 45 43 21 69 66 5 23 6 33 16 34 29 9 7 59 41 53,heads,regular,1
2026-08-11T17:47:40Z,502,34 62 40 79 30 78 18 21 61 66 2 67 60 42 13 28 48 31 50 17,evens,minor,1
2026-08-11T17:50:20Z,503,36 1 26 67 66 32 41 68 65 45 71 18 4 29 39 61 64 58 72 6,tails,major,1
2026-08-11T17:53:00Z,504,79 56 60 6 38 76 74 41 55 12 15 40 19 5 48 31 26 65 4 13,heads,minor,3
2026-08-11T17:55:40Z,505,14 65 62 74 16 10 64 24 33 1 3 45 69 55 71 63 8 37 61 51,tails,minor,3
2026-08-11T17:58:20Z,506,49 70 76 29 11 78 67 45 51 42 79 57 12 80 33 1 37 21 74 34,tails,regular,1
2026-08-11T18:01:00Z,507,14 61 18 19 79 25 74 52 50 47 49 21 62 33 34 54 68 24 32 7,evens,minor,10
2026-08-11T18:03:40Z,508,48 40 22 47 12 77 21 39 19 59 31 70 72 60 42 54 63 37 5 65,tails,regular,1
2026-08-11T18:06:20Z,509,69 45 23 24 51 27 36 40 46 34 77 19 6 13 21 76 42 55 59 49,evens,regular,1
2026-08-11T18:09:00Z,510,11 43 61 6 34 10 53 13 40 63 35 48 41 17 37 69 18 36 42 22,heads,regular,5
2026-08-11T18:11:40Z,511,76 8 38 40 3 39 77 69 75 50 61 1 22 51 34 55 7 32 26 25,heads,regular,1
2026-08-11T18:14:20Z,512,16 57 39 48 1 67 3 18 21 6 24 46 68 50 52 42 7 74 70 66,tails,regular,2
2026-08-11T18:17:00Z,513,15 6 8 64 14 24 25 58 22 30 29 50 12 34 72 77 10 33 66 65,heads,regular,2
2026-08-11T18:19:40Z,514,30 36 15 58 33 47 35 70 73 32 42 2 76 38 56 79 67 64 3 11,evens,regular,3
2026-08-11T18:22:20Z,515,80 71 69 38 15 79 72 37 51 5 29 26 41 36 63 32 30 33 16 35,heads,regular,1
2026-08-11T18:25:00Z,516,78 50 76 25 8 58 21 17 59 22 34 19 77 71 9 5 61 31 26 73,heads,regular,1
2026-08-11T18:27:40Z,517,40 62 45 17 31 70 69 39 4 42 65 30 14 6 38 28 9 50 23 73,heads,regular,1
2026-08-11T18:30:20Z,518,73 55 19 64 69 13 4 78 67 1 10 15 51 59 26 74 35 44 65 22,tails,minor,2
2026-08-11T18:33:00Z,519,11 71 17 23 32 66 47 12 22 45 56 50 24 13 6 69 76 4 54 63,evens,regular,3
2026-08-11T18:35:40Z,520,31 16 59 47 36 65 73 10 41 48 45 54 7 75 37 21 43 68 28 62,tails,regular,1
2026-08-11T18:38:20Z,521,37 68 8 76 43 1 50 52 21 64 46 25 60 23 15 12 18 6 11 59,heads,regular,1
2026-08-11T18:41:00Z,522,20 19 11 72 30 52 62 64 79 75 57 53 51 69 2 9 77 35 63 42,tails,regular,1
2026-08-11T18:43:40Z,523,51 44 78 9 22 3 33 2 65 27 67 4 19 13 40 25 48 28 18 53,heads,regular,1
2026-08-11T18:46:20Z,524,23 71 62 31 22 72 75 46 25 78 12 14 49 9 68 32 20 29 44 69,evens,major,4
2026-08-11T18:49:00Z,525,3 55 68 48 66 65 26 53 2 8 78 12 74 44 21 71 50 80 27 36,tails,regular,1
2026-08-11T18:51:40Z,526,59 7 75 46 10 26 72 18 60 66 20 44 49 19 43 48 13 80 52 21,tails,regular,1
2026-08-11T18:54:20Z,527,79 59 43 21 78 68 22 71 62 23 17 64 67 33 15 1 16 10 20 42,evens,minor,2
2026-08-11T18:57:00Z,528,12 33 14 70 20 23 66 31 41 24 42 50 38 65 56 21 17 52 22 28,heads,major,1
2026-08-11T18:59:40Z,529,26 61 57 50 4 56 27 21 58 38 76 12 23 41 10 18 48 8 39 3,heads,minor,1
2026-08-11T19:02:20Z,530,47 20 46 42 80 35 58 15 39 30 10 78 60 31 23 6 40 24 9 7,heads,minor,2
2026-08-11T19:05:00Z,531,7 60 11 50 69 73 26 80 6 65 64 63 51 25 5 66 40 24 59 28,tails,major,3
2026-08-11T19:07:40Z,532,4 24 36 9 55 32 61 5 16 72 53 26 63 25 12 44 39 54 37 17,heads,regular,10
2026-08-11T19:10:20Z,533,35 30 44 54 69 68 51 71 60 55 45 20 4 31 10 66 41 13 59 17,tails,regular,2
2026-08-11T19:13:00Z,534,18 35 26 34 74 8 25 27 21 62 9 56 58 5 17 49 38 24 37 6,heads,regular,3
2026-08-11T19:15:40Z,535,58 69 9 39 62 71 38 23 24 3 63 46 5 6 61 70 57 37 48 45,tails,regular,1
2026-08-11T19:18:20Z,536,7 38 40 77 37 67 50 48 25 18 8 58 4 21 42 71 55 10 20 27,heads,regular,1
2026-08-11T19:21:00Z,537,46 52 45 38 66 63 78 39 77 67 48 53 72 19 58 18 70 2 50 54,tails,minor,2
2026-08-11T19:23:40Z,538,58 40 11 72 52 16 34 18 63 21 47 62 74 67 64 22 19 36 24 70,evens,regular,3
2026-08-11T19:26:20Z,539,19 67 26 70 62 65 59 73 14 21 40 2 79 11 6 35 74 75 27 4,heads,minor,3
2026-08-11T19:29:00Z,540,47 28 12 44 4 70 24 19 78 37 38 72 25 75 61 22 64 30 27 73,heads,minor,3
2026-08-11T19:31:40Z,541,42 76 16 63 20 44 41 8 62 18 69 22 26 17 35 7 25 66 36 13,heads,minor,1
2026-08-11T19:34:20Z,542,34 31 75 15 67 64 28 24 12 13 41 3 7 17 9 61 47 63 20 30,heads,minor,2
2026-08-11T19:37:00Z,543,33 53 1 62 57 21 55 66 28 12 34 52 63 50 9 16 23 43 61 10,evens,regular,2
2026-08-11T19:39:40Z,544,25 53 70 39 77 38 37 57 6 22 58 32 44 43 9 15 11 21 35 14,heads,minor,1
2026-08-11T19:42:20Z,545,33 36 15 4 34 6 54 73 76 38 24 39 22 64 29 44 72 48 59 41,heads,minor,2
2026-08-11T19:45:00Z,546,15 39 63 67 7 28 61 29 51 68 26 22 48 1 77 71 33 60 8 58,evens,minor,1
2026-08-11T19:47:40Z,547,62 43 32 77 31 37 52 63 6 17 49 8 78 5 66 57 64 68 2 65,tails,regular,2
2026-08-11T19:50:20Z,548,32 22 64 28 3 31 24 43 51 59 45 44 10 35 20 52 16 5 47 13,heads,regular,2
2026-08-11T19:53:00Z,549,70 17 73 71 78 56 35 41 49 33 45 39 24 59 8 80 58 61 36 64,tails,minor,1
2026-08-11T19:55:40Z,550,49 53 76 20 54 65 13 28 58 12 44 31 47 43 35 25 72 15 42 52,tails,regular,1
2026-08-11T19:58:20Z,551,16 45 10 80 42 54 19 61 8 59 17 18 51 27 75 70 62 12 24 31,evens,minor,2
2026-08-11T20:01:00Z,552,43 40 70 63 44 74 17 22 24 64 69 53 2 26 33 27 6 65 21 25,heads,major,1
2026-08-11T20:03:40Z,553,1 60 9 26 2 40 38 53 29 61 52 30 10 72 8 48 49 7 73 78,heads,major,1
2026-08-11T20:06:20Z,554,4 29 30 12 7 70 76 59 74 72 13 46 32 58 67 25 34 39 1 55,heads,regular,2
2026-08-11T20:09:00Z,555,66 6 72 44 20 25 55 33 42 50 15 32 77 68 67 64 37 56 16 75,tails,regular,3
2026-08-11T20:11:40Z,556,1 30 16 17 26 51 18 62 44 3 77 61 4 48 37 68 32 46 15 42,heads,regular,1
2026-08-11T20:14:20Z,557,72 51 39 24 33 32 65 68 73 42 14 28 20 58 45 16 56 76 40 15,evens,regular,3
2026-08-11T20:17:00Z,558,37 73 44 65 8 58 47 6 33 76 22 24 36 18 54 55 25 35 40 4,heads,minor,2
2026-08-11T20:19:40Z,559,67 29 41 31 39 64 20 27 13 49 24 7 38 56 11 55 54 21 73 79,heads,regular,2
2026-08-11T20:22:20Z,560,70 28 27 24 55 76 44 22 66 56 79 11 59 73 48 40 80 53 13 42,tails,regular,3
2026-08-11T20:25:00Z,561,8 2 74 65 13 35 19 43 25 72 78 1 55 70 18 42 3 20 39 63,heads,minor,3
2026-08-11T20:27:40Z,562,17 6 25 43 12 29 51 71 56 5 35 36 20 68 62 65 77 1 33 74,heads,regular,1
2026-08-11T20:30:20Z,563,20 68 55 39 5 14 69 43 16 75 72 3 59 48 76 29 62 54 33 36,tails,regular,3
2026-08-11T20:33:00Z,564,53 38 76 1 67 2 54 10 73 20 19 7 61 28 17 50 74 44 23 37,heads,regular,5
2026-08-11T20:35:40Z,565,53 1 59 2 54 51 8 44 75 46 71 30 29 12 34 56 50 17 57 63,tails,regular,1
2026-08-11T20:38:20Z,566,1 26 47 34 68 71 32 58 74 22 63 65 21 49 50 41 48 51 27 12,tails,regular,2
2026-08-11T20:41:00Z,567,43 62 24 41 12 15 60 57 21 7 67 31 23 27 44 39 70 19 80 34,heads,regular,2
2026-08-11T20:43:40Z,568,33 28 42 41 16 72 12 8 18 64 22 35 2 45 48 39 27 69 74 63,heads,regular,4
2026-08-11T20:46:20Z,569,7 77 25 44 38 75 20 59 50 4 51 8 47 73 35 23 66 30 68 60,tails,regular,2
2026-08-11T20:49:00Z,570,39 6 53 58 54 71 16 68 59 29 37 36 44 19 60 13 79 48 75 5,tails,major,1
2026-08-11T20:51:40Z,571,7 15 61 80 76 72 11 29 25 18 50 27 59 73 55 4 35 48 63 66,tails,minor,1
2026-08-11T20:54:20Z,572,19 4 45 22 64 66 70 75 13 30 36 46 72 54 11 80 15 29 21 6,heads,regular,1
2026-08-11T20:57:00Z,573,19 43 7 66 1 67 49 65 3 26 63 38 13 77 48 12 73 72 55 46,tails,regular,2
2026-08-11T20:59:40Z,574,4 31 41 18 47 75 3 7 10 5 46 9 66 14 48 39 50 79 64 32,heads,minor,5
2026-08-11T21:02:20Z,575,38 26 16 21 19 75 34 44 30 58 57 1 12 47 42 46 41 11 80 33,heads,regular,2
2026-08-11T21:05:00Z,576,6 80 37 67 27 16 53 13 39 76 60 66 40 50 20 77 33 3 69 9,heads,regular,3
2026-08-11T21:07:40Z,577,65 74 11 52 68 1 78 46 55 79 37 30 23 59 20 42 27 6 18 15,evens,major,2
2026-08-11T21:10:20Z,578,27 23 53 36 13 49 35 3 28 22 54 58 24 14 42 51 34 9 63 29,heads,minor,3
2026-08-11T21:13:00Z,579,60 12 11 5 79 1 50 80 28 22 61 67 15 31 43 39 23 27 69 8,heads,regular,2
2026-08-11T21:15:40Z,580,43 12 3 51 71 64 46 48 60 80 57 39 28 36 74 79 4 33 9 70,tails,minor,1
2026-08-11T21:18:20Z,581,79 8 33 22 72 36 40 59 75 34 68 66 64 37 77 26 32 69 74 24,evens,major,3
2026-08-11T21:21:00Z,582,37 31 67 24 47 3 25 64 59 75 40 58 70 1 60 50 42 35 21 76,tails,regular,2
2026-08-11T21:23:40Z,583,31 21 80 35 78 23 8 11 48 51 70 24 77 41 45 20 38 57 67 50,tails,regular,2
2026-08-11T21:26:20Z,584,47 44 14 74 59 64 19 43 67 69 26 71 41 18 62 61 70 2 76 6,tails,regular,2
2026-08-11T21:29:00Z,585,36 29 11 43 53 52 50 31 45 34 73 17 46 64 65 12 77 14 54 6,tails,regular,1
2026-08-11T21:31:40Z,586,44 67 76 50 26 55 33 78 25 80 60 43 65 56 74 66 5 35 12 70,tails,regular,1
2026-08-11T21:34:20Z,587,31 55 30 79 32 35 18 41 21 50 47 61 23 24 16 68 51 22 8 52,heads,major,2
2026-08-11T21:37:00Z,588,7 28 72 30 1 71 76 55 6 70 74 11 67 14 25 19 52 41 15 10,heads,regular,3
2026-08-11T21:39:40Z,589,66 52 2 26 79 59 75 47 30 15 80 7 53 10 67 65 29 54 74 72,tails,regular,1
2026-08-11T21:42:20Z,590,72 46 30 58 40 68 59 62 63 15 31 20 7 57 29 70 77 43 24 10,tails,regular,3
2026-08-11T21:45:00Z,591,77 25 75 39 35 76 64 53 13 6 72 2 62 11 7 8 32 21 1 23,heads,regular,2
2026-08-11T21:47:40Z,592,22 44 43 34 9 1 14 10 79 25 8 11 2 42 18 27 20 53 70 60,heads,minor,3
2026-08-11T21:50:20Z,593,80 53 33 40 59 43 6 65 34 61 8 9 20 41 54 44 63 45 12 69,tails,regular,2
2026-08-11T21:53:00Z,594,72 41 57 75 64 59 58 71 16 77 60 62 65 55 7 24 28 25 50 67,tails,minor,1
2026-08-11T21:55:40Z,595,3 14 9 21 78 50 40 56 64 54 32 51 29 68 59 74 48 6 62 57,tails,regular,2
2026-08-11T21:58:20Z,596,37 74 5 13 33 18 26 48 76 59 62 65 45 20 23 3 39 49 16 55,heads,minor,2
2026-08-11T22:01:00Z,597,8 42 57 36 51 65 9 19 44 3 32 40 30 80 4 56 26 43 77 47,evens,minor,4
2026-08-11T22:03:40Z,598,16 6 28 73 1 66 12 7 15 36 78 60 51 55 71 32 31 23 25 64,heads,regular,3
2026-08-11T22:06:20Z,599,78 2 70 34 7 48 44 77 66 45 73 20 74 60 65 12 50 6 15 33,tails,regular,1
2026-08-11T22:09:00Z,600,38 18 67 59 5 63 11 48 78 42 35 43 29 16 26 44 12 70 80 28,evens,regular,1
2026-08-11T22:11:40Z,601,7 72 75 10 64 42 29 27 68 53 19 73 49 46 80 36 51 21 15 1,tails,regular,4
2026-08-11T22:14:20Z,602,43 79 3 46 60 38 2 49 17 44 65 50 14 12 54 35 7 63 34 20,evens,regular,2
2026-08-11T22:17:00Z,603,32 11 47 4 33 77 20 54 17 26 46 8 56 6 13 45 72 9 61 49,heads,regular,1
2026-08-11T22:19:40Z,604,57 37 68 70 7 43 60 12 38 61 48 52 78 47 71 67 20 4 63 44,tails,regular,1
2026-08-11T22:22:20Z,605,67 47 68 65 39 76 36 70 33 71 24 3 37 50 79 75 41 18 28 80,tails,regular,1
2026-08-11T22:25:00Z,606,50 75 19 27 3 72 26 2 41 6 36 44 51 31 52 80 63 70 79 7,tails,regular,1
2026-08-11T22:27:40Z,607,24 35 52 69 37 36 27 5 76 74 23 25 42 80 8 7 15 16 54 47,heads,regular,2
2026-08-11T22:30:20Z,608,79 47 1 37 23 64 22 3 72 55 5 48 78 7 49 41 60 17 30 65,tails,regular,2
2026-08-11T22:33:00Z,609,60 68 77 55 24 4 74 70 36 42 48 22 35 33 78 23 5 50 59 12,tails,regular,2
2026-08-11T22:35:40Z,610,14 40 6 67 50 57 13 33 59 53 7 1 60 45 38 3 46 17 55 54,evens,minor,1
2026-08-11T22:38:20Z,611,29 55 74 65 61 47 72 33 20 28 32 52 6 5 70 46 30 53 59 9,tails,regular,2
2026-08-11T22:41:00Z,612,4 25 64 14 42 60 75 9 57 80 19 67 50 68 74 40 66 36 71 48,tails,regular,1
2026-08-11T22:43:40Z,613,39 52 60 13 80 56 50 57 5 2 18 54 45 75 78 31 68 27 64 25,tails,regular,1
2026-08-11T22:46:20Z,614,2 39 78 24 27 75 69 59 12 11 17 77 8 19 13 26 22 76 44 23,heads,minor,10
2026-08-11T22:49:00Z,615,46 7 64 54 19 18 43 47 24 23 49 78 72 74 16 3 67 76 71 27,tails,regular,2
2026-08-11T22:51:40Z,616,31 8 36 68 70 80 45 43 24 5 21 58 10 34 79 12 3 11 47 22,heads,regular,3
2026-08-11T22:54:20Z,617,1 24 64 69 25 73 31 74 52 70 13 14 71 35 15 54 78 34 63 36,evens,regular,2
2026-08-11T22:57:00Z,618,52 56 5 35 64 60 11 6 63 68 67 19 22 50 76 70 20 73 54 27,tails,minor,2
2026-08-11T22:59:40Z,619,33 52 63 50 75 71 10 44 43 17 34 41 42 66 77 62 49 47 30 9,tails,regular,5
2026-08-11T23:02:20Z,620,70 54 73 12 45 33 80 52 3 69 65 29 57 30 4 74 25 50 77 19,tails,regular,5
2026-08-11T23:05:00Z,621,47 64 14 29 57 33 49 59 27 8 77 17 45 34 12 75 55 72 52 3,tails,minor,3
2026-08-11T23:07:40Z,622,74 21 52 57 15 23 43 45 49 12 61 29 72 54 4 71 73 53 66 18,tails,minor,1
2026-08-11T23:10:20Z,623,30 27 73 64 28 56 13 80 10 60 11 75 7 52 33 43 24 6 38 71,heads,regular,2
2026-08-11T23:13:00Z,624,76 23 44 30 20 41 71 52 50 38 61 2 51 62 18 31 78 33 54 45,tails,regular,2
2026-08-11T23:15:40Z,625,41 37 9 10 21 16 43 26 40 76 68 45 12 5 61 60 20 22 54 72,heads,regular,2
2026-08-11T23:18:20Z,626,17 25 58 13 26 53 29 23 68 32 28 36 24 14 46 78 71 56 16 70,heads,regular,1
2026-08-11T23:21:00Z,627,66 37 72 63 68 76 53 43 35 77 48 29 64 14 61 1 17 69 16 41,tails,regular,3
2026-08-11T23:23:40Z,628,7 9 26 4 49 19 29 25 52 22 79 70 27 64 48 23 11 18 30 62,heads,regular,1
2026-08-11T23:26:20Z,629,50 38 6 60 45 21 63 42 28 23 11 15 54 25 8 39 3 32 27 51,heads,major,2
2026-08-11T23:29:00Z,630,1 57 3 44 15 76 61 40 66 32 29 49 38 30 48 69 17 26 75 47,evens,minor,10
2026-08-11T23:31:40Z,631,72 79 80 21 34 55 48 11 59 61 12 44 10 52 14 36 26 75 6 7,evens,minor,1
2026-08-11T23:34:20Z,632,33 12 58 64 46 53 37 18 66 45 47 23 59 30 15 19 28 78 21 79,evens,regular,1
2026-08-11T23:37:00Z,633,47 66 35 25 33 77 68 71 62 27 72 46 8 54 15 63 43 16 32 13,tails,regular,1
2026-08-11T23:39:40Z,634,10 76 16 54 43 42 73 69 55 21 2 47 22 15 37 71 5 32 62 77,tails,minor,3
2026-08-11T23:42:20Z,635,3 52 37 76 10 20 68 44 63 62 2 31 46 74 21 39 59 33 51 14,evens,minor,10
2026-08-11T23:45:00Z,636,74 44 64 3 25 17 38 61 10 29 2 80 32 72 23 50 62 9 55 53,evens,regular,2
2026-08-11T23:47:40Z,637,13 19 28 1 74 67 36 32 11 31 43 50 54 68 29 4 58 53 62 2,heads,regular,2
2026-08-11T23:50:20Z,638,33 66 2 11 58 15 61 49 14 63 9 21 27 6 60 45 24 8 68 50,heads,regular,2
2026-08-11T23:53:00Z,639,53 36 43 45 25 1 58 20 18 51 69 8 2 12 67 74 60 78 63 39,tails,regular,2
2026-08-11T23:55:40Z,640,63 40 18 29 72 66 71 52 26 3 4 12 77 9 79 33 6 45 31 51,heads,minor,3
2026-08-11T23:58:20Z,641,68 24 28 8 76 12 32 5 25 50 33 6 73 9 49 51 43 58 39 14,heads,minor,2
2026-08-12T00:01:00Z,642,70 11 26 12 58 25 49 47 48 73 36 4 78 28 57 19 63 67 30 72,tails,regular,1
2026-08-12T00:03:40Z,643,31 17 80 53 28 73 21 3 48 64 43 12 63 26 76 47 24 14 9 49,evens,minor,2
2026-08-12T00:06:20Z,644,62 55 48 7 49 59 79 51 28 24 14 69 32 27 21 73 54 39 2 40,evens,regular,3
2026-08-12T00:09:00Z,645,12 2 5 20 72 52 40 1 75 46 71 26 8 64 45 9 25 17 51 41,heads,minor,1
2026-08-12T00:11:40Z,646,50 72 9 45 77 26 59 80 54 21 34 37 16 52 25 7 66 28 40 74,evens,major,3
2026-08-12T00:14:20Z,647,16 67 15 41 32 50 56 60 25 72 26 14 58 21 80 51 33 19 6 7,heads,regular,2
2026-08-12T00:17:00Z,648,12 70 31 54 16 45 78 15 6 19 30 59 51 55 40 28 39 10 1 7,heads,regular,1
2026-08-12T00:19:40Z,649,43 11 20 29 78 3 25 9 4 33 75 64 50 47 42 69 44 60 14 80,tails,regular,1
2026-08-12T00:22:20Z,650,21 17 32 65 30 9 35 55 43 77 13 33 29 14 58 51 62 20 11 50,heads,major,1
2026-08-12T00:25:00Z,651,61 17 51 9 13 39 72 26 74 57 76 71 36 68 49 8 65 16 40 77,tails,regular,1
2026-08-12T00:27:40Z,652,6 15 28 53 21 71 57 19 76 58 61 66 11 32 26 5 20 45 17 70,heads,regular,3
2026-08-12T00:30:20Z,653,58 19 11 4 2 3 29 52 30 40 9 43 32 16 64 53 71 44 72 25,heads,regular,1
2026-08-12T00:33:00Z,654,6 22 26 30 63 12 17 33 37 13 70 10 15 38 61 68 18 79 48 34,heads,minor,2
2026-08-12T00:35:40Z,655,52 54 24 34 70 5 41 69 51 60 66 31 73 74 56 11 47 67 42 28,tails,minor,3
2026-08-12T00:38:20Z,656,58 44 25 65 15 55 5 42 14 19 53 36 24 66 32 27 8 39 56 54,heads,regular,1
2026-08-12T00:41:00Z,657,27 59 26 67 75 69 76 8 48 6 71 41 13 15 23 28 40 63 70 10,evens,minor,1
2026-08-12T00:43:40Z,658,67 9 13 77 56 31 72 48 68 10 63 73 33 57 50 45 44 36 35 46,tails,regular,2
2026-08-12T00:46:20Z,659,56 77 75 34 38 28 10 66 5 60 76 7 68 24 63 46 18 67 29 33,evens,regular,2
2026-08-12T00:49:00Z,660,37 5 16 46 30 13 80 60 70 48 54 58 15 31 72 67 40 32 74 27,evens,regular,2
2026-08-12T00:51:40Z,661,10 69 73 16 45 17 5 54 71 20 4 22 77 32 15 44 21 78 34 66,heads,regular,1
2026-08-12T00:54:20Z,662,42 76 48 32 59 46 24 73 74 43 70 14 12 40 27 15 78 35 45 79,tails,major,5
2026-08-12T00:57:00Z,663,46 7 51 33 6 45 27 20 30 10 70 22 76 12 59 2 67 39 29 40,heads,regular,1
2026-08-12T00:59:40Z,664,72 32 19 73 2 51 45 20 25 21 31 60 14 70 57 26 1 69 66 56,evens,regular,2
2026-08-12T01:02:20Z,665,76 34 44 50 21 11 23 25 16 72 17 49 52 75 66 7 51 6 9 18,heads,major,1
2026-08-12T01:05:00Z,666,72 17 8 44 1 7 78 60 25 23 46 14 66 11 68 63 50 55 56 53,tails,regular,2
2026-08-12T01:07:40Z,667,71 40 22 72 3 43 67 44 7 21 76 24 62 65 69 73 31 74 4 2,tails,regular,3
2026-08-12T01:10:20Z,668,26 32 47 68 35 54 31 4 73 9 59 75 28 56 7 13 11 44 8 36,heads,regular,3
2026-08-12T01:13:00Z,669,12 35 77 78 28 80 26 19 59 63 16 30 45 27 31 29 6 39 51 24,heads,regular,2
2026-08-12T01:15:40Z,670,12 13 25 44 36 32 8 52 45 27 35 75 73 59 6 68 51 72 14 30,heads,regular,2
2026-08-12T01:18:20Z,671,63 25 50 3 20 28 29 41 42 60 49 26 32 39 5 15 34 31 76 35,heads,minor,2
2026-08-12T01:21:00Z,672,59 7 18 33 49 71 4 30 2 8 17 28 57 51 58 69 37 45 31 68,heads,minor,2
2026-08-12T01:23:40Z,673,39 74 77 38 62 33 66 34 78 46 61 12 45 23 47 3 48 59 29 76,tails,regular,3
2026-08-12T01:26:20Z,674,54 45 48 17 46 67 28 18 11 5 20 68 58 51 15 6 9 25 13 60,heads,minor,1
2026-08-12T01:29:00Z,675,27 35 3 57 33 52 2 50 22 80 55 72 8 4 77 59 25 61 66 29,evens,regular,2
2026-08-12T01:31:40Z,676,58 49 1 66 34 77 55 33 62 30 50 57 40 56 28 18 20 63 25 42,tails,regular,2
2026-08-12T01:34:20Z,677,26 54 25 62 50 14 66 57 78 3 32 56 64 29 65 13 42 15 19 40,evens,regular,2
2026-08-12T01:37:00Z,678,54 4 19 27 68 74 25 73 58 9 70 43 2 12 71 76 60 63 17 46,tails,minor,2
2026-08-12T01:39:40Z,679,31 72 37 19 50 74 69 26 53 11 21 22 14 6 77 42 28 52 12 34,heads,regular,3
2026-08-12T01:42:20Z,680,18 57 76 17 49 42 70 3 7 41 24 46 6 4 21 38 9 74 51 55,evens,regular,1
2026-08-12T01:45:00Z,681,29 25 26 53 8 40 31 72 13 28 55 34 7 61 54 60 35 33 57 12,heads,regular,1
2026-08-12T01:47:40Z,682,6 9 76 64 75 51 18 43 66 28 59 78 69 74 33 77 32 56 61 54,tails,regular,1
2026-08-12T01:50:20Z,683,37 27 6 66 11 48 47 2 67 70 30 17 36 38 35 24 54 71 18 76,heads,regular,2
2026-08-12T01:53:00Z,684,3 18 6 71 62 70 21 80 79 19 38 25 24 28 37 52 76 36 17 49,heads,minor,2
2026-08-12T01:55:40Z,685,1 31 68 15 3 32 51 14 21 55 17 77 59 24 37 26 78 39 20 49,heads,regular,1
2026-08-12T01:58:20Z,686,6 33 64 59 22 54 36 66 1 34 40 71 24 52 23 43 62 67 69 55,tails,regular,3
2026-08-12T02:01:00Z,687,5 57 20 70 12 60 61 42 47 18 35 28 19 75 62 74 23 37 7 63,evens,regular,1
2026-08-12T02:03:40Z,688,34 16 23 30 70 42 27 48 59 38 18 68 71 72 5 54 35 58 51 45,tails,regular,2
2026-08-12T02:06:20Z,689,66 33 61 5 44 18 51 80 68 52 62 8 27 4 19 77 28 2 71 41,tails,regular,2
2026-08-12T02:09:00Z,690,55 51 52 53 77 42 65 22 38 50 60 27 23 80 30 70 46 19 47 68,tails,regular,1
2026-08-12T02:11:40Z,691,46 73 7 45 74 43 49 77 29 63 44 50 61 37 68 15 16 13 5 38,tails,minor,1
2026-08-12T02:14:20Z,692,70 20 56 63 35 40 42 21 73 29 7 34 31 16 60 45 49 26 23 80,heads,regular,1
2026-08-12T02:17:00Z,693,29 13 59 78 12 34 22 7 79 75 20 8 28 37 42 66 61 57 46 45,evens,regular,1
2026-08-12T02:19:40Z,694,66 8 43 42 1 21 62 6 35 72 11 52 15 38 13 39 59 10 20 19,heads,regular,1
2026-08-12T02:22:20Z,695,50 4 21 28 74 22 57 14 76 69 49 40 58 63 59 36 44 33 11 78,tails,minor,3
2026-08-12T02:25:00Z,696,20 51 27 1 39 18 75 57 73 62 11 65 54 69 50 70 67 74 22 77,tails,minor,3
2026-08-12T02:27:40Z,697,42 21 6 55 65 2 50 43 46 74 25 17 4 23 53 20 34 67 47 80,tails,regular,3
2026-08-12T02:30:20Z,698,56 27 19 61 64 53 76 79 46 21 41 25 34 12 23 51 29 80 17 3,evens,regular,2
2026-08-12T02:33:00Z,699,9 3 32 16 63 31 75 52 68 24 21 76 69 73 29 37 50 58 40 17,heads,regular,2
2026-08-12T02:35:40Z,700,39 75 69 23 65 27 42 70 54 76 49 79 12 9 26 10 13 36 46 57,tails,minor,1
2026-08-12T02:38:20Z,701,53 21 35 76 41 44 34 11 36 15 65 6 23 19 12 73 13 71 17 24,heads,regular,3
2026-08-12T02:41:00Z,702,80 33 70 37 25 39 21 18 75 7 36 55 8 3 65 38 42 77 14 22,heads,regular,1
2026-08-12T02:43:40Z,703,14 65 57 45 31 25 50 54 63 6 12 58 62 30 33 59 11 22 1 56,evens,regular,5
2026-08-12T02:46:20Z,704,66 69 80 5 43 76 45 70 14 22 15 38 77 42 59 56 2 78 35 61,tails,major,3
2026-08-12T02:49:00Z,705,70 39 71 20 64 72 60 42 7 23 35 40 68 9 19 79 17 13 76 14,heads,regular,4
2026-08-12T02:51:40Z,706,4 36 5 40 75 26 2 20 44 37 7 72 21 56 13 62 38 8 63 16,heads,regular,1
2026-08-12T02:54:20Z,707,67 39 31 76 32 65 71 34 1 66 47 51 57 58 38 59 75 12 26 10,tails,regular,5
2026-08-12T02:57:00Z,708,64 79 32 24 71 67 7 74 40 2 63 10 53 50 60 70 41 8 77 21,tails,minor,3
2026-08-12T02:59:40Z,709,19 69 10 40 4 33 76 68 63 64 43 21 6 75 70 45 48 72 9 20,tails,regular,1
2026-08-12T03:02:20Z,710,20 14 53 74 78 48 75 68 5 7 17 3 25 60 40 50 49 26 62 45,tails,regular,2
2026-08-12T03:05:00Z,711,48 17 76 42 24 11 54 45 72 6 39 74 75 78 33 71 5 68 12 14,tails,regular,2
2026-08-12T03:07:40Z,712,45 31 21 78 38 61 69 74 6 23 32 18 52 35 62 10 68 77 75 48,tails,regular,1
2026-08-12T03:10:20Z,713,48 60 1 30 27 33 77 51 61 35 6 29 20 43 32 26 56 53 50 71,evens,major,3
2026-08-12T03:13:00Z,714,33 43 65 51 42 53 6 4 29 28 13 50 73 30 2 16 52 19 20 18,heads,regular,10
2026-08-12T03:15:40Z,715,62 48 32 38 64 74 57 54 60 15 21 16 75 55 19 7 42 10 5 68,tails,regular,2
2026-08-12T03:18:20Z,716,36 12 15 20 18 50 69 1 38 30 39 65 19 52 10 32 59 49 43 78,heads,regular,2
2026-08-12T03:21:00Z,717,77 14 27 50 45 29 70 57 39 61 11 71 76 60 58 30 59 80 22 24,tails,regular,2
2026-08-12T03:23:40Z,718,14 6 15 32 18 72 12 4 35 34 27 70 53 49 36 65 21 73 11 22,heads,regular,1
2026-08-12T03:26:20Z,719,50 44 25 29 15 63 67 53 1 45 58 77 39 61 35 17 18 52 21 46,tails,regular,3
2026-08-12T03:29:00Z,720,67 40 15 31 5 27 20 73 4 32 52 39 16 37 9 41 36 51 72 6,heads,regular,1
2026-08-12T03:31:40Z,721,61 67 37 39 1 52 43 18 10 25 22 7 70 60 48 8 75 23 59 80,evens,minor,10
2026-08-12T03:34:20Z,722,56 18 22 74 6 24 30 63 2 28 43 62 71 64 66 20 60 8 5 49,evens,regular,2
2026-08-12T03:37:00Z,723,57 26 39 24 16 4 41 11 72 58 80 30 70 25 69 61 46 6 36 75,evens,regular,2
2026-08-12T03:39:40Z,724,44 38 76 77 56 35 33 78 67 79 45 37 51 69 53 10 19 71 46 63,tails,regular,1
2026-08-12T03:42:20Z,725,4 71 22 70 52 72 48 3 61 51 24 54 13 63 46 49 62 79 38 50,tails,major,5
2026-08-12T03:45:00Z,726,11 22 42 33 32 80 7 79 24 17 60 16 58 45 57 10 63 21 68 49,evens,regular,3
2026-08-12T03:47:40Z,727,17 74 51 48 72 4 56 21 66 49 77 69 8 60 34 35 15 7 52 46,tails,regular,1
2026-08-12T03:50:20Z,728,47 9 30 71 4 64 12 68 2 31 53 17 80 50 10 13 32 15 79 76,heads,minor,3
2026-08-12T03:53:00Z,729,11 71 32 47 31 43 70 10 49 8 73 36 46 39 26 48 28 66 19 56,evens,major,3
2026-08-12T03:55:40Z,730,64 39 18 6 46 10 58 13 20 79 62 37 29 52 34 30 41 32 19 17,heads,minor,1
2026-08-12T03:58:20Z,731,70 62 17 9 30 4 53 58 40 78 41 2 24 73 20 79 74 31 6 75,evens,regular,2
2026-08-12T04:01:00Z,732,2 53 64 47 55 54 20 27 76 4 26 12 46 68 43 29 14 59 39 38,evens,regular,2
2026-08-12T04:03:40Z,733,11 27 78 74 7 44 6 57 16 50 30 23 38 22 70 12 46 58 18 59,heads,major,1
2026-08-12T04:06:20Z,734,36 53 75 35 4 44 56 20 13 49 64 48 17 9 51 74 45 32 8 79,tails,regular,1
2026-08-12T04:09:00Z,735,40 79 2 75 44 51 57 80 47 48 62 37 6 13 42 5 73 59 38 53,tails,major,1
2026-08-12T04:11:40Z,736,79 73 63 52 45 19 62 50 54 42 17 56 66 60 44 4 32 29 36 46,tails,regular,1
2026-08-12T04:14:20Z,737,51 71 4 2 57 3 60 37 45 9 33 77 21 67 13 15 74 43 42 50,tails,regular,3
2026-08-12T04:17:00Z,738,62 19 42 80 32 14 70 4 53 78 7 17 68 48 23 37 65 72 74 73,tails,regular,1
2026-08-12T04:19:40Z,739,11 4 13 19 65 10 9 24 74 31 30 46 57 40 76 70 14 50 79 47,heads,minor,4
2026-08-12T04:22:20Z,740,7 49 13 17 52 30 26 38 32 20 53 37 18 76 43 71 23 48 29 8,heads,regular,2
2026-08-12T04:25:00Z,741,32 54 20 1 35 22 69 58 27 13 19 3 7 49 61 79 34 64 15 23,heads,minor,2
2026-08-12T04:27:40Z,742,59 76 37 45 47 53 21 52 29 20 18 78 73 67 48 27 41 77 51 44,tails,regular,1
2026-08-12T04:30:20Z,743,65 66 18 17 62 28 27 12 68 41 43 1 36 32 29 5 47 31 54 39,heads,minor,10
2026-08-12T04:33:00Z,744,47 21 49 80 57 64 51 60 15 54 58 43 59 71 50 32 24 34 63 13,tails,regular,3
2026-08-12T04:35:40Z,745,50 10 14 39 3 53 66 61 5 69 72 64 41 32 74 49 29 75 30 6,tails,regular,10
2026-08-12T04:38:20Z,746,71 54 10 12 29 33 62 2 8 26 65 46 19 57 34 68 30 42 7 28,heads,minor,2
2026-08-12T04:41:00Z,747,67 34 4 79 18 26 72 48 77 28 3 49 1 12 60 51 33 24 40 68,heads,regular,3
2026-08-12T04:43:40Z,748,66 37 43 68 8 21 22 26 69 38 44 4 78 52 41 64 55 35 58 70,tails,regular,1
2026-08-12T04:46:20Z,749,2 18 63 15 13 7 48 27 75 62 70 59 30 35 47 72 29 66 17 53,evens,minor,1
2026-08-12T04:49:00Z,750,41 59 5 33 72 76 30 14 8 64 40 3 7 48 62 43 20 53 9 77,evens,major,2
2026-08-12T04:51:40Z,751,19 36 28 30 75 53 6 78 16 35 50 44 8 24 10 33 22 55 5 49,heads,minor,1
2026-08-12T04:54:20Z,752,74 50 30 58 66 54 49 56 69 79 21 73 59 67 17 38 24 62 77 57,tails,regular,1
2026-08-12T04:57:00Z,753,19 28 60 55 27 80 31 39 53 65 72 57 25 49 14 59 10 71 21 8,evens,regular,2
2026-08-12T04:59:40Z,754,47 35 74 75 20 65 10 39 32 45 57 30 7 71 26 77 62 21 29 54,evens,regular,3
2026-08-12T05:02:20Z,755,34 10 24 26 78 59 60 66 54 58 27 39 52 18 61 40 46 48 14 80,tails,regular,3
2026-08-12T05:05:00Z,756,71 12 50 26 76 70 67 25 53 75 43 14 31 47 4 15 52 57 2 35,tails,regular,2
2026-08-12T05:07:40Z,757,55 19 34 45 68 73 40 57 50 58 7 78 35 36 53 51 25 52 44 1,tails,regular,3
2026-08-12T05:10:20Z,758,80 56 3 25 71 77 21 76 72 16 63 75 62 23 53 29 17 32 47 46,tails,regular,1
2026-08-12T05:13:00Z,759,26 51 24 52 68 71 21 75 74 67 62 3 32 36 10 15 34 28 38 42,heads,minor,3
2026-08-12T05:15:40Z,760,38 32 47 56 51 70 27 24 52 30 69 15 43 44 67 36 54 48 19 29,tails,major,4
2026-08-12T05:18:20Z,761,13 58 6 73 44 12 60 16 37 11 57 74 32 7 45 31 17 8 54 33,heads,minor,5
2026-08-12T05:21:00Z,762,8 70 37 23 69 72 80 56 42 49 11 26 4 35 77 52 78 3 17 79,tails,regular,1
2026-08-12T05:23:40Z,763,65 47 75 58 53 37 51 32 34 16 64 17 27 44 59 79 14 67 31 28,tails,minor,2
2026-08-12T05:26:20Z,764,39 16 51 53 71 50 78 74 58 49 20 7 37 10 18 69 35 44 9 31,evens,regular,2
2026-08-12T05:29:00Z,765,69 4 80 13 77 57 67 6 27 41 54 47 46 78 48 17 16 3 65 15,tails,major,4
2026-08-12T05:31:40Z,766,74 40 31 23 3 49 32 55 68 36 8 78 71 57 80 41 18 16 17 20,heads,regular,2
2026-08-12T05:34:20Z,767,68 44 35 4 41 77 28 78 36 15 19 53 22 80 59 48 75 62 37 5,tails,minor,3
2026-08-12T05:37:00Z,768,68 20 48 9 8 4 56 65 62 11 17 24 38 28 15 36 75 43 25 69,heads,minor,10
2026-08-12T05:39:40Z,769,4 64 8 18 38 79 48 70 76 10 78 36 2 19 58 71 40 17 59 69,evens,regular,2
2026-08-12T05:42:20Z,770,34 7 76 66 47 24 2 78 14 32 67 29 31 48 69 13 64 38 27 20,heads,regular,1
2026-08-12T05:45:00Z,771,29 51 28 38 19 62 70 58 72 65 37 53 36 17 48 63 69 75 12 77,tails,minor,2
2026-08-12T05:47:40Z,772,63 77 40 42 7 36 73 60 25 12 2 62 3 28 33 55 5 19 14 15,heads,regular,1
2026-08-12T05:50:20Z,773,34 20 25 30 24 51 79 78 41 62 19 47 10 3 14 55 33 26 43 17,heads,regular,1
2026-08-12T05:53:00Z,774,61 60 31 11 36 52 72 38 1 26 2 24 76 51 56 32 70 6 15 27,heads,regular,1
2026-08-12T05:55:40Z,775,1 27 34 11 8 7 19 77 49 35 62 68 50 23 17 30 71 69 64 16,heads,regular,2
2026-08-12T05:58:20Z,776,31 38 29 13 8 23 4 18 60 14 46 67 63 75 12 25 19 2 48 52,heads,regular,10
2026-08-12T06:01:00Z,777,43 70 12 14 67 31 76 4 1 34 33 18 16 60 29 61 24 9 47 23,heads,regular,2
2026-08-12T06:03:40Z,778,5 18 63 21 65 47 4 78 59 79 25 3 61 58 68 27 45 14 19 33,evens,regular,1
2026-08-12T06:06:20Z,779,35 16 41 2 61 34 69 4 42 38 33 55 46 76 7 15 36 30 23 20,heads,major,2
2026-08-12T06:09:00Z,780,72 37 75 68 54 1 42 64 59 62 22 17 41 2 39 40 19 73 71 10,tails,minor,2
2026-08-12T06:11:40Z,781,71 69 5 34 24 53 23 74 19 51 16 2 1 68 47 78 59 45 39 40,evens,regular,1
2026-08-12T06:14:20Z,782,76 5 36 4 80 72 44 15 54 78 3 33 26 67 42 1 46 11 18 7,heads,minor,1
2026-08-12T06:17:00Z,783,34 5 75 61 8 17 64 15 10 45 37 79 54 46 31 27 41 1 60 24,heads,regular,2
2026-08-12T06:19:40Z,784,49 40 23 43 75 78 45 30 22 68 17 71 1 66 56 64 77 7 53 48,tails,regular,2
2026-08-12T06:22:20Z,785,9 46 65 4 37 27 56 57 8 42 21 69 58 64 52 62 55 79 7 26,tails,minor,2
2026-08-12T06:25:00Z,786,47 28 78 34 67 4 62 74 61 43 64 19 57 16 65 42 26 18 80 36,tails,regular,5
2026-08-12T06:27:40Z,787,31 46 76 47 55 69 5 65 33 80 71 74 29 2 60 77 50 73 20 66,tails,regular,1
2026-08-12T06:30:20Z,788,55 6 51 22 47 34 12 59 48 21 56 18 15 58 4 33 71 36 23 79,heads,minor,3
2026-08-12T06:33:00Z,789,48 38 8 35 15 24 72 2 20 79 67 25 78 28 40 32 29 13 22 36,heads,regular,1
2026-08-12T06:35:40Z,790,31 57 23 62 46 17 68 69 72 67 56 79 10 65 5 1 63 16 58 18,tails,regular,1
2026-08-12T06:38:20Z,791,26 78 52 40 66 15 17 64 10 39 54 19 73 61 16 60 38 4 12 72,heads,regular,3
2026-08-12T06:41:00Z,792,43 29 79 27 6 4 54 28 55 39 60 59 67 15 12 30 34 58 62 51,evens,regular,1
2026-08-12T06:43:40Z,793,66 59 77 75 20 48 45 35 30 27 4 12 70 71 32 46 72 43 62 9,tails,regular,1
2026-08-12T06:46:20Z,794,40 62 79 9 38 23 32 75 6 8 14 74 10 7 30 53 56 11 47 54,heads,regular,1
2026-08-12T06:49:00Z,795,29 44 52 26 3 78 61 36 13 73 42 8 51 24 59 62 9 45 49 21,tails,major,1
2026-08-12T06:51:40Z,796,25 28 77 57 39 56 6 65 43 31 47 1 19 41 16 61 60 53 76 68,tails,major,1
2026-08-12T06:54:20Z,797,25 73 71 76 58 66 68 15 61 5 64 70 28 24 65 32 53 31 36 26,tails,regular,1
2026-08-12T06:57:00Z,798,47 11 46 18 6 59 37 63 9 80 38 19 35 75 57 39 16 40 22 15,heads,regular,1
2026-08-12T06:59:40Z,799,77 80 59 58 46 60 18 51 33 26 73 56 36 31 35 66 76 53 67 2,tails,minor,3
2026-08-12T07:02:20Z,800,65 37 52 36 68 77 33 5 60 26 50 71 12 27 42 22 55 8 14 41,evens,regular,2
2026-08-12T07:05:00Z,801,1 68 24 64 22 71 36 53 52 21 3 49 72 54 40 5 16 10 2 20,heads,major,2
2026-08-12T07:07:40Z,802,77 50 16 68 3 56 66 35 73 34 59 80 52 10 69 18 19 49 31 53,tails,regular,3
2026-08-12T07:10:20Z,803,43 21 61 56 36 78 9 75 19 72 51 5 34 70 80 15 57 38 68 42,tails,regular,2
2026-08-12T07:13:00Z,804,39 43 18 24 68 30 70 15 60 23 31 16 59 38 63 28 66 35 56 37,heads,regular,2
2026-08-12T07:15:40Z,805,65 76 33 42 79 71 69 38 36 16 44 1 61 55 54 43 77 25 68 37,tails,regular,1
2026-08-12T07:18:20Z,806,15 12 41 11 17 53 37 16 25 56 77 50 79 26 52 13 71 73 61 24,evens,major,3
2026-08-12T07:21:00Z,807,4 67 33 66 50 5 29 56 21 34 17 53 47 58 35 38 13 9 37 11,heads,major,2
2026-08-12T07:23:40Z,808,46 50 4 23 71 22 31 40 57 49 13 33 56 16 42 27 19 70 63 55,evens,minor,3
2026-08-12T07:26:20Z,809,79 10 28 36 31 32 57 55 37 39 11 65 68 50 19 46 12 5 2 13,heads,regular,1
2026-08-12T07:29:00Z,810,23 69 65 20 40 33 47 44 5 13 3 53 76 27 22 17 75 80 61 2,heads,regular,2
2026-08-12T07:31:40Z,811,2 20 73 77 68 49 45 35 19 71 58 8 12 67 11 80 15 70 7 10,evens,regular,1
2026-08-12T07:34:20Z,812,73 26 61 64 25 51 31 5 10 29 17 50 46 79 40 41 12 18 8 44,heads,minor,1
2026-08-12T07:37:00Z,813,55 65 38 47 45 4 23 11 36 25 51 37 73 3 52 6 71 43 54 59,tails,regular,2
2026-08-12T07:39:40Z,814,28 79 76 46 52 30 29 57 5 73 49 3 2 78 42 18 72 71 38 21,tails,major,1
2026-08-12T07:42:20Z,815,8 11 42 6 46 44 5 27 23 29 57 52 67 15 64 4 51 10 70 40,heads,regular,1
2026-08-12T07:45:00Z,816,13 28 3 76 59 6 79 30 15 11 29 37 52 12 64 16 68 26 54 77,heads,regular,1
2026-08-12T07:47:40Z,817,11 78 14 72 43 57 25 31 5 35 32 65 3 73 47 60 64 26 21 29,heads,regular,2
2026-08-12T07:50:20Z,818,64 19 34 29 56 66 41 62 74 49 45 58 11 39 50 75 2 17 16 69,tails,regular,3
2026-08-12T07:53:00Z,819,28 11 65 69 42 20 33 6 40 45 26 14 46 7 56 19 12 73 27 48,heads,regular,2
2026-08-12T07:55:40Z,820,63 62 29 5 79 69 4 59 77 39 25 34 18 60 42 14 45 52 19 61,tails,minor,3
2026-08-12T07:58:20Z,821,30 34 37 63 67 60 39 61 6 29 14 23 2 15 73 50 62 3 53 56,heads,regular,2
2026-08-12T08:01:00Z,822,59 67 18 58 63 4 52 66 73 80 53 75 47 3 22 78 25 36 69 23,tails,regular,10
2026-08-12T08:03:40Z,823,65 1 54 9 40 57 6 15 44 36 26 33 47 45 13 68 53 5 62 32,heads,regular,1
2026-08-12T08:06:20Z,824,77 52 15 46 17 13 5 26 70 73 60 21 51 16 66 25 71 3 37 22,heads,minor,2
2026-08-12T08:09:00Z,825,65 33 8 48 35 64 42 38 40 59 77 3 76 75 51 1 27 9 41 71,tails,regular,3
2026-08-12T08:11:40Z,826,21 62 61 8 44 78 5 43 9 46 45 64 71 22 27 40 7 79 36 42,tails,regular,2
2026-08-12T08:14:20Z,827,57 33 20 29 5 77 28 79 62 41 16 44 60 76 53 7 3 1 36 78,evens,minor,10
2026-08-12T08:17:00Z,828,66 48 27 12 44 80 20 67 35 65 15 63 14 31 43 26 13 24 40 4,heads,regular,1
2026-08-12T08:19:40Z,829,80 16 30 13 39 41 53 18 4 65 26 64 78 59 17 37 56 61 58 28,evens,regular,2
2026-08-12T08:22:20Z,830,72 42 50 17 79 76 64 47 37 75 52 23 58 22 21 3 28 45 12 49,tails,major,3
2026-08-12T08:25:00Z,831,49 74 52 56 26 35 44 59 9 63 45 58 41 53 50 65 24 38 55 15,tails,major,1
2026-08-12T08:27:40Z,832,38 62 49 36 60 64 71 13 63 10 72 2 59 43 19 51 48 52 33 8,tails,minor,1
2026-08-12T08:30:20Z,833,79 77 62 26 60 52 70 34 2 35 31 19 73 5 55 3 42 12 47 49,tails,regular,3
2026-08-12T08:33:00Z,834,18 9 76 2 55 20 45 53 66 16 61 11 64 27 39 67 80 8 35 4,heads,regular,3
2026-08-12T08:35:40Z,835,2 12 5 58 13 18 46 38 51 62 37 49 27 70 73 20 23 53 45 48,evens,regular,3
2026-08-12T08:38:20Z,836,12 43 59 48 40 68 14 20 47 2 65 60 35 1 21 26 5 69 27 57,heads,regular,1
2026-08-12T08:41:00Z,837,79 30 25 53 70 17 29 55 5 43 48 19 59 37 50 3 34 52 9 18,heads,regular,2
2026-08-12T08:43:40Z,838,43 19 42 60 7 9 39 46 12 65 44 36 16 57 62 29 59 77 58 26,tails,major,2
2026-08-12T08:46:20Z,839,1 47 31 57 24 38 11 50 34 21 4 30 13 33 54 76 61 70 14 25,heads,regular,1
2026-08-12T08:49:00Z,840,47 57 25 59 80 73 27 35 64 38 68 56 18 44 42 54 69 71 23 29,tails,minor,2
2026-08-12T08:51:40Z,841,6 53 38 15 11 54 27 22 3 62 52 4 67 74 65 57 64 13 41 66,tails,regular,3
2026-08-12T08:54:20Z,842,2 29 39 13 18 14 66 49 9 30 54 19 67 21 68 12 56 70 47 79,heads,regular,1
2026-08-12T08:57:00Z,843,5 19 10 12 74 53 71 23 36 15 25 37 46 18 8 45 39 17 62 59,heads,regular,1
2026-08-12T08:59:40Z,844,12 3 32 36 68 66 76 54 42 59 39 45 61 49 19 79 38 25 56 15,tails,minor,1
2026-08-12T09:02:20Z,845,59 33 49 8 6 23 57 25 2 50 41 58 66 40 10 52 72 19 70 18,evens,regular,4
2026-08-12T09:05:00Z,846,25 10 7 32 43 28 69 21 18 11 70 57 59 1 36 30 67 8 39 4,heads,regular,1
2026-08-12T09:07:40Z,847,35 80 18 48 73 17 72 6 21 23 53 19 30 69 13 61 62 70 1 65,evens,regular,2
2026-08-12T09:10:20Z,848,64 52 63 73 36 35 49 46 68 59 21 48 5 7 58 75 62 18 28 43,tails,minor,1
2026-08-12T09:13:00Z,849,4 21 5 40 73 43 23 53 17 71 76 24 38 1 2 46 42 12 35 3,heads,regular,3
2026-08-12T09:15:40Z,850,46 75 12 57 11 64 54 43 60 80 76 2 36 52 59 29 20 38 22 34,tails,regular,3
2026-08-12T09:18:20Z,851,38 47 77 3 32 33 16 8 37 73 48 28 34 23 59 66 69 53 55 25,heads,regular,3
2026-08-12T09:21:00Z,852,12 68 75 66 61 7 49 77 10 71 46 52 38 31 23 34 67 17 24 15,evens,regular,2
2026-08-12T09:23:40Z,853,78 54 62 70 11 58 53 51 73 40 64 4 27 6 8 7 36 77 20 38,evens,regular,1
2026-08-12T09:26:20Z,854,35 53 63 19 71 54 38 55 41 12 28 26 61 78 66 60 64 76 40 11,tails,regular,1
2026-08-12T09:29:00Z,855,58 24 2 75 15 4 41 17 26 78 33 61 52 18 28 67 10 45 70 11,heads,regular,2
2026-08-12T09:31:40Z,856,33 77 15 61 14 25 69 80 64 42 57 2 10 26 48 7 78 71 31 59,tails,major,1
2026-08-12T09:34:20Z,857,17 57 10 22 71 30 76 19 78 3 55 6 53 39 43 31 59 77 38 56,evens,regular,2
2026-08-12T09:37:00Z,858,58 41 8 39 27 72 15 57 13 75 77 2 52 16 78 31 51 24 20 10,heads,minor,2
2026-08-12T09:39:40Z,859,41 6 21 22 36 48 30 14 16 54 55 13 64 75 2 74 59 52 61 23,evens,minor,2
2026-08-12T09:42:20Z,860,48 53 46 47 60 17 49 28 63 6 74 1 30 56 41 38 15 2 4 42,tails,regular,3
2026-08-12T09:45:00Z,861,30 27 25 68 41 18 43 37 66 70 19 71 10 23 1 53 49 35 34 32,heads,regular,2
2026-08-12T09:47:40Z,862,20 14 57 65 35 54 71 78 13 77 25 56 28 31 10 26 69 72 23 17,heads,regular,3
2026-08-12T09:50:20Z,863,5 7 2 39 59 58 29 71 35 36 40 54 68 70 79 65 46 49 11 43,tails,regular,1
2026-08-12T09:53:00Z,864,42 31 23 46 52 59 13 5 38 10 39 37 18 64 24 19 22 56 58 9,heads,regular,3
2026-08-12T09:55:40Z,865,35 15 58 45 6 29 65 67 57 56 46 44 75 43 52 40 48 77 28 20,tails,regular,2
2026-08-12T09:58:20Z,866,68 12 76 26 73 74 45 10 28 61 40 27 19 66 18 32 54 21 31 70,heads,major,4
2026-08-12T10:01:00Z,867,74 55 22 52 12 67 76 14 69 21 33 17 9 11 34 40 73 41 19 53,heads,regular,1
2026-08-12T10:03:40Z,868,28 41 80 73 78 51 70 71 54 36 29 75 16 77 47 43 44 15 4 38,tails,minor,3
2026-08-12T10:06:20Z,869,73 52 71 20 56 50 44 54 14 79 29 70 2 39 65 63 5 61 53 22,tails,regular,1
2026-08-12T10:09:00Z,870,80 9 36 5 62 14 21 24 64 68 47 6 78 11 13 17 8 10 46 25,heads,regular,2
2026-08-12T10:11:40Z,871,43 38 11 39 27 71 18 51 6 58 61 56 57 9 26 70 19 12 29 69,heads,regular,3
2026-08-12T10:14:20Z,872,69 29 24 17 30 2 67 47 59 48 22 51 74 66 70 31 36 61 10 8,evens,regular,3
2026-08-12T10:17:00Z,873,40 38 62 23 31 77 17 70 53 57 41 30 79 72 13 48 3 61 67 74,tails,major,1
2026-08-12T10:19:40Z,874,79 39 72 80 13 75 50 22 20 36 38 49 11 26 33 6 3 29 44 40,heads,regular,1
2026-08-12T10:22:20Z,875,63 2 24 30 3 11 50 75 27 5 78 33 20 58 52 1 47 62 67 74,evens,regular,5
2026-08-12T10:25:00Z,876,5 3 23 52 16 6 59 24 65 32 25 60 29 54 70 40 2 69 8 79,heads,minor,10
2026-08-12T10:27:40Z,877,13 67 21 28 17 5 26 52 73 43 20 70 56 58 50 75 80 74 55 10,tails,major,1
2026-08-12T10:30:20Z,878,79 18 60 56 69 72 29 73 76 64 44 67 63 16 8 27 17 65 52 55,tails,regular,2
2026-08-12T10:33:00Z,879,72 76 29 59 33 41 28 7 43 68 61 42 45 31 74 26 35 6 49 16,tails,regular,3
2026-08-12T10:35:40Z,880,49 25 15 58 73 10 21 70 75 27 5 8 53 37 62 12 54 18 14 4,heads,regular,2
2026-08-12T10:38:20Z,881,18 56 26 80 49 33 11 7 16 17 68 14 59 38 34 29 27 44 57 75,heads,regular,4
2026-08-12T10:41:00Z,882,12 9 53 52 58 71 59 39 48 66 44 38 8 42 62 36 61 30 34 27,tails,regular,2
2026-08-12T10:43:40Z,883,17 53 22 61 62 69 79 60 3 51 5 7 4 15 50 70 32 75 27 74,tails,regular,2
2026-08-12T10:46:20Z,884,67 76 39 61 69 71 29 38 41 10 14 16 12 21 4 74 45 72 43 40,evens,regular,10
2026-08-12T10:49:00Z,885,42 23 10 69 5 71 11 7 15 63 35 26 54 61 47 22 20 67 25 8,heads,regular,1
2026-08-12T10:51:40Z,886,49 34 64 40 70 37 29 47 2 31 9 21 60 19 69 74 63 62 57 27,evens,regular,2
2026-08-12T10:54:20Z,887,62 80 49 68 41 25 31 78 18 53 7 60 48 24 21 20 66 5 38 11,evens,minor,10
2026-08-12T10:57:00Z,888,45 30 54 14 44 1 64 32 52 49 56 43 65 3 11 75 50 78 46 34,tails,regular,2
2026-08-12T10:59:40Z,889,30 43 59 65 60 37 31 55 27 23 4 71 7 33 1 32 42 41 50 77,evens,major,1
2026-08-12T11:02:20Z,890,10 69 16 34 61 50 55 28 32 2 45 74 63 24 76 1 65 64 43 78,tails,major,1
2026-08-12T11:05:00Z,891,73 10 34 79 48 60 54 69 72 68 6 45 52 39 42 67 1 38 70 29,tails,major,1
2026-08-12T11:07:40Z,892,73 29 18 6 22 74 24 11 55 16 26 40 31 28 71 1 23 12 54 5,heads,minor,3
2026-08-12T11:10:20Z,893,2 24 62 25 12 32 37 23 63 79 10 20 74 18 9 35 42 67 49 56,heads,minor,3
2026-08-12T11:13:00Z,894,57 71 16 47 30 12 33 35 6 76 10 55 60 28 1 52 80 27 59 4,heads,regular,1
2026-08-12T11:15:40Z,895,13 35 33 6 16 26 40 60 4 15 50 80 79 22 45 54 20 57 68 23,heads,major,1
2026-08-12T11:18:20Z,896,16 59 68 79 1 64 37 14 28 7 54 52 65 60 55 63 62 23 11 61,tails,regular,1
2026-08-12T11:21:00Z,897,11 49 10 6 59 22 67 8 13 38 74 35 52 51 30 1 7 16 68 43,heads,regular,3
2026-08-12T11:23:40Z,898,14 23 50 68 41 43 48 22 52 73 72 70 16 49 2 56 34 42 29 64,tails,minor,2
2026-08-12T11:26:20Z,899,60 19 14 77 9 10 11 4 25 67 28 57 27 1 37 44 3 47 31 2,heads,regular,1
2026-08-12T11:29:00Z,900,28 53 16 35 26 42 80 11 70 34 50 10 22 58 27 13 55 7 76 9,heads,major,1
2026-08-12T11:31:40Z,901,16 49 67 18 4 17 52 54 13 10 62 30 32 77 38 11 15 6 43 41,heads,minor,1
2026-08-12T11:34:20Z,902,2 21 27 35 67 10 11 72 39 50 14 46 70 68 8 6 33 13 29 1,heads,minor,4
2026-08-12T11:37:00Z,903,46 41 44 39 58 61 56 71 59 9 75 49 55 72 54 51 16 68 24 31,tails,minor,2
2026-08-12T11:39:40Z,904,19 32 12 69 48 62 38 2 64 29 66 73 49 3 43 5 34 58 59 56,tails,regular,3
2026-08-12T11:42:20Z,905,35 17 47 68 43 28 71 33 10 15 27 38 25 36 61 73 59 52 22 23,heads,regular,1
2026-08-12T11:45:00Z,906,75 26 67 10 79 51 53 3 61 32 69 9 7 78 63 77 66 29 73 4,tails,major,5
2026-08-12T11:47:40Z,907,25 21 24 78 11 32 36 67 9 29 58 14 27 60 22 33 26 79 74 6,heads,regular,2
2026-08-12T11:50:20Z,908,17 56 63 30 75 16 45 71 32 50 53 38 61 66 4 26 70 74 44 65,tails,major,1
2026-08-12T11:53:00Z,909,44 52 68 53 63 29 10 1 22 61 15 47 80 26 41 72 71 76 21 32,tails,regular,1
2026-08-12T11:55:40Z,910,72 59 67 52 22 6 63 13 55 23 3 79 31 19 2 42 29 47 26 50,evens,minor,2
2026-08-12T11:58:20Z,911,2 71 11 12 77 15 39 19 43 55 7 53 10 76 22 21 46 36 27 1,heads,minor,1
2026-08-12T12:01:00Z,912,59 34 51 69 49 36 2 18 66 54 14 37 15 67 26 74 3 63 6 11,heads,regular,5
2026-08-12T12:03:40Z,913,79 59 8 41 9 77 19 65 55 58 49 37 46 20 69 45 32 67 52 23,tails,minor,1
2026-08-12T12:06:20Z,914,23 15 31 40 11 19 13 53 32 58 14 67 64 63 71 66 54 50 69 10,evens,minor,10
2026-08-12T12:09:00Z,915,59 41 27 77 56 71 11 5 54 42 22 37 65 24 35 34 57 21 3 1,heads,minor,2
2026-08-12T12:11:40Z,916,28 57 79 65 42 49 77 31 53 75 45 67 6 48 9 55 13 66 40 3,tails,regular,1
2026-08-12T12:14:20Z,917,11 29 10 19 72 58 8 25 38 52 30 23 24 55 64 34 20 32 14 4,heads,minor,4
2026-08-12T12:17:00Z,918,17 6 28 72 43 54 64 30 55 74 77 31 7 29 62 76 2 51 38 12,evens,regular,1
2026-08-12T12:19:40Z,919,57 6 5 29 8 35 51 18 38 63 53 45 20 41 1 48 34 79 65 64,evens,minor,2
2026-08-12T12:22:20Z,920,40 75 14 55 4 1 16 12 27 19 56 53 65 72 45 62 73 44 63 42,tails,regular,4
2026-08-12T12:25:00Z,921,57 58 6 47 7 30 64 29 31 69 71 63 59 17 61 78 67 28 24 32,tails,minor,2
2026-08-12T12:27:40Z,922,79 7 49 56 45 35 13 48 3 53 50 18 60 17 44 76 22 69 20 52,tails,regular,3
2026-08-12T12:30:20Z,923,73 59 70 16 32 61 58 44 37 3 25 51 29 1 69 38 52 65 74 18,tails,regular,2
2026-08-12T12:33:00Z,924,51 20 12 56 11 67 37 7 66 79 49 80 41 1 65 4 13 47 14 46,tails,minor,2
2026-08-12T12:35:40Z,925,20 9 4 28 25 36 64 2 71 22 8 34 61 35 13 5 72 31 11 44,heads,minor,1
2026-08-12T12:38:20Z,926,13 14 50 16 76 38 39 42 7 46 55 9 37 63 21 70 12 61 31 80,heads,regular,2
2026-08-12T12:41:00Z,927,34 8 42 17 55 80 16 59 54 60 77 41 76 35 64 50 2 1 13 10,tails,regular,3
2026-08-12T12:43:40Z,928,58 3 71 40 45 22 18 41 15 64 34 11 36 70 19 8 48 30 39 37,heads,minor,1
2026-08-12T12:46:20Z,929,27 26 14 44 36 62 77 35 50 28 45 71 43 69 70 73 67 7 34 49,tails,regular,10
2026-08-12T12:49:00Z,930,74 56 76 37 60 65 71 59 77 69 49 50 2 29 47 48 34 25 75 14,tails,regular,3
2026-08-12T12:51:40Z,931,14 1 75 7 35 71 73 6 66 79 48 10 5 25 30 2 52 46 3 23,heads,regular,1
2026-08-12T12:54:20Z,932,20 70 18 23 12 7 57 19 1 43 63 14 2 17 33 21 46 80 31 75,heads,regular,2
2026-08-12T12:57:00Z,933,19 35 69 23 77 43 52 18 33 25 71 37 65 63 67 38 26 17 28 15,heads,regular,3
2026-08-12T12:59:40Z,934,43 15 2 45 79 53 56 72 8 1 34 36 67 26 57 61 46 76 16 69,tails,regular,4
2026-08-12T13:02:20Z,935,33 2 26 54 39 14 28 79 30 10 40 15 48 35 44 61 27 12 57 59,heads,regular,1
2026-08-12T13:05:00Z,936,57 75 77 4 67 22 37 19 16 32 35 71 49 69 55 41 1 66 8 17,evens,regular,1
2026-08-12T13:07:40Z,937,6 21 46 28 36 17 45 18 69 58 54 27 71 73 66 56 65 9 49 42,tails,minor,3
2026-08-12T13:10:20Z,938,16 62 42 48 11 51 22 35 13 66 33 27 31 20 58 57 65 38 12 49,heads,regular,3
2026-08-12T13:13:00Z,939,74 41 52 21 4 19 26 2 61 50 44 54 78 13 33 59 46 8 37 22,evens,regular,3
2026-08-12T13:15:40Z,940,12 63 60 5 80 46 20 55 18 22 59 3 45 76 35 28 72 62 16 32,evens,major,3
2026-08-12T13:18:20Z,941,47 67 22 37 11 30 41 1 80 16 76 72 10 20 59 68 54 7 13 24,heads,regular,1
2026-08-12T13:21:00Z,942,20 21 47 73 67 31 14 44 68 19 33 52 50 29 60 40 18 48 57 9,evens,regular,1
2026-08-12T13:23:40Z,943,15 31 47 62 28 4 44 25 12 39 66 77 51 71 38 37 20 23 14 40,heads,regular,3
2026-08-12T13:26:20Z,944,5 20 70 21 43 16 13 25 63 22 26 56 60 11 69 19 1 72 29 46,heads,regular,2
2026-08-12T13:29:00Z,945,48 44 40 5 45 63 10 15 50 9 1 49 47 17 70 42 20 71 79 56,tails,minor,2
2026-08-12T13:31:40Z,946,34 26 76 43 70 39 40 79 24 75 53 19 44 46 7 35 63 13 57 36,evens,regular,1
2026-08-12T13:34:20Z,947,73 13 30 1 32 23 22 80 67 72 3 48 76 25 10 33 44 9 64 49,heads,regular,3
2026-08-12T13:37:00Z,948,21 28 23 43 49 12 68 80 22 33 69 72 67 76 57 52 20 11 73 58,tails,minor,1
2026-08-12T13:39:40Z,949,35 10 34 45 7 47 66 65 79 18 16 23 29 2 44 52 51 50 5 67,evens,minor,3
2026-08-12T13:42:20Z,950,68 64 39 69 12 31 80 1 8 29 25 60 66 37 62 13 53 9 30 56,heads,regular,1
2026-08-12T13:45:00Z,951,5 61 22 46 29 12 30 64 21 33 60 66 20 24 49 9 36 55 42 34,heads,minor,1
2026-08-12T13:47:40Z,952,4 69 59 31 66 63 55 13 58 37 43 60 52 15 73 57 26 41 80 25,tails,regular,10
2026-08-12T13:50:20Z,953,57 20 26 1 41 59 55 3 79 56 34 48 37 78 70 77 27 51 5 36,tails,regular,2
2026-08-12T13:53:00Z,954,29 56 14 26 54 11 61 76 34 15 58 20 2 78 16 42 69 3 7 45,heads,regular,3
2026-08-12T13:55:40Z,955,27 22 76 68 50 1 72 62 52 6 79 66 18 46 78 70 55 13 15 63,tails,regular,1
2026-08-12T13:58:20Z,956,15 63 23 44 28 45 53 55 13 47 12 65 61 17 7 3 52 31 4 8,heads,minor,3
2026-08-12T14:01:00Z,957,60 66 36 20 55 3 80 19 34 76 24 21 30 22 56 40 42 38 28 51,heads,regular,2
2026-08-12T14:03:40Z,958,3 54 7 5 20 57 80 17 39 74 36 77 78 34 28 69 76 68 63 38,evens,regular,1
2026-08-12T14:06:20Z,959,61 39 49 60 23 75 11 66 79 41 45 28 64 74 7 59 56 3 43 20,tails,regular,1
2026-08-12T14:09:00Z,960,66 62 22 3 6 61 1 31 65 10 60 35 70 54 27 48 14 24 67 39,heads,regular,1
2026-08-12T14:11:40Z,961,24 2 13 64 59 61 7 28 26 18 46 33 55 49 8 32 78 23 16 41,heads,major,2
2026-08-12T14:14:20Z,962,43 15 64 33 27 60 62 65 28 4 45 46 49 21 40 77 8 11 69 18,evens,major,1
2026-08-12T14:17:00Z,963,68 46 20 75 44 36 2 67 5 43 3 69 50 40 65 15 33 70 23 61,tails,minor,1
2026-08-12T14:19:40Z,964,25 28 66 73 57 24 62 4 9 38 5 18 15 39 55 29 59 43 30 11,heads,regular,2
2026-08-12T14:22:20Z,965,51 78 21 38 64 19 57 4 39 27 63 24 56 61 5 7 55 52 58 54,tails,regular,3
2026-08-12T14:25:00Z,966,8 74 50 7 16 57 77 46 34 30 79 44 80 42 63 52 64 4 29 58,tails,major,1
2026-08-12T14:27:40Z,967,49 64 56 24 17 25 11 71 26 77 72 40 66 44 80 20 9 30 18 32,heads,regular,1
2026-08-12T14:30:20Z,968,28 33 71 4 80 11 25 68 45 59 34 7 13 6 30 22 57 24 39 35,heads,regular,1
2026-08-12T14:33:00Z,969,30 26 38 8 42 33 25 62 78 39 7 16 2 9 5 45 3 80 77 65,heads,regular,2
2026-08-12T14:35:40Z,970,80 31 36 48 60 28 41 6 33 70 67 21 25 7 4 24 50 75 68 49,evens,minor,10
2026-08-12T14:38:20Z,971,65 54 34 14 56 8 27 41 72 51 59 12 28 7 79 46 42 71 47 75,tails,regular,1
2026-08-12T14:41:00Z,972,28 4 12 44 11 5 68 42 73 66 59 37 58 20 48 61 53 14 46 31,tails,regular,2
2026-08-12T14:43:40Z,973,60 74 48 51 54 28 44 50 46 19 75 33 42 53 52 37 40 2 1 8,tails,regular,2
2026-08-12T14:46:20Z,974,75 38 21 9 56 17 65 8 29 52 44 64 18 48 42 78 10 7 57 70,tails,minor,1
2026-08-12T14:49:00Z,975,62 6 11 73 69 18 54 14 28 20 44 72 12 60 5 8 26 80 27 57,heads,major,1
2026-08-12T14:51:40Z,976,14 5 12 41 23 30 21 8 28 57 63 53 7 62 26 68 2 64 15 17,heads,minor,1
2026-08-12T14:54:20Z,977,20 26 69 56 39 62 45 61 49 17 6 57 5 28 34 10 37 44 29 16,heads,regular,1
2026-08-12T14:57:00Z,978,39 7 6 72 16 70 62 18 35 12 77 26 21 42 80 68 55 57 78 15,evens,minor,3
2026-08-12T14:59:40Z,979,63 73 5 57 25 48 44 29 54 72 77 59 33 75 18 40 74 42 36 41,tails,regular,1
2026-08-12T15:02:20Z,980,55 36 33 32 22 70 39 40 52 3 10 75 67 28 30 69 66 71 9 17,heads,regular,3
2026-08-12T15:05:00Z,981,46 62 42 28 4 71 20 23 56 22 32 70 9 44 76 19 38 40 14 21,heads,regular,1
2026-08-12T15:07:40Z,982,68 33 53 76 1 49 73 70 50 60 57 3 64 58 59 9 12 8 42 43,tails,regular,1
2026-08-12T15:10:20Z,983,57 15 22 16 7 70 6 44 29 24 61 8 80 56 30 67 18 14 11 35,heads,regular,3
2026-08-12T15:13:00Z,984,50 8 59 52 33 70 75 18 47 12 34 43 51 69 27 32 20 78 62 38,tails,regular,2
2026-08-12T15:15:40Z,985,45 80 44 77 24 69 15 73 7 39 5 60 32 42 54 76 47 8 71 51,tails,minor,1
2026-08-12T15:18:20Z,986,56 17 54 41 28 13 30 63 79 8 60 57 59 53 77 48 29 15 52 21,tails,regular,2
2026-08-12T15:21:00Z,987,4 74 9 78 15 49 13 76 61 37 12 52 63 39 54 33 59 8 75 57,tails,minor,2
2026-08-12T15:23:40Z,988,78 65 7 76 34 74 71 64 63 68 4 1 11 41 75 73 17 16 53 3,tails,regular,3
2026-08-12T15:26:20Z,989,66 5 62 35 52 79 43 37 47 4 59 8 71 2 64 63 70 58 56 67,tails,regular,2
2026-08-12T15:29:00Z,990,18 46 40 50 23 6 70 62 59 38 12 17 56 33 61 77 34 39 53 58,evens,regular,1
2026-08-12T15:31:40Z,991,32 61 80 46 49 21 58 17 73 5 31 71 63 34 27 68 6 65 69 77,tails,major,3
2026-08-12T15:34:20Z,992,53 55 26 28 76 63 60 36 73 77 40 35 1 12 75 13 58 31 78 68,tails,minor,3
2026-08-12T15:37:00Z,993,14 17 4 10 15 80 36 73 19 23 55 7 8 45 62 24 1 39 21 12,heads,regular,3
2026-08-12T15:39:40Z,994,1 80 57 31 42 37 62 2 68 60 59 72 48 35 9 76 5 46 26 16,tails,minor,1
2026-08-12T15:42:20Z,995,52 39 51 80 47 57 75 19 18 2 54 74 24 70 3 49 25 41 68 65,tails,minor,3
2026-08-12T15:45:00Z,996,15 78 76 73 67 20 41 13 57 43 2 58 74 70 55 56 34 6 23 26,tails,regular,1
2026-08-12T15:47:40Z,997,51 34 43 41 31 72 68 35 4 12 32 64 70 53 55 24 46 54 38 49,tails,regular,3
2026-08-12T15:50:20Z,998,50 15 5 40 73 6 29 61 66 80 67 10 30 79 27 45 22 47 49 52,tails,minor,1
2026-08-12T15:53:00Z,999,28 20 50 13 79 18 10 2 12 48 16 38 61 27 37 54 59 80 34 35,heads,minor,10
2026-08-12T15:55:40Z,1,25 9 75 48 47 37 79 11 63 10 41 15 71 67 12 39 54 49 13 76,tails,regular,3
2026-08-12T15:58:20Z,2,10 63 22 2 80 28 35 78 65 20 67 9 27 64 62 26 18 79 12 61,heads,regular,1
2026-08-12T16:01:00Z,3,55 9 66 35 41 30 53 40 27 49 28 37 33 58 65 44 11 68 21 20,heads,minor,4
2026-08-12T16:03:40Z,4,51 10 33 14 73 41 60 34 9 78 53 20 21 4 44 61 54 47 37 48,tails,regular,1
2026-08-12T16:06:20Z,5,19 21 25 29 48 80 22 15 38 1 74 8 63 11 26 43 79 7 16 57,heads,minor,1
2026-08-12T16:09:00Z,6,6 43 4 73 53 1 32 34 21 77 71 57 66 63 38 19 62 67 9 75,tails,minor,2
2026-08-12T16:11:40Z,7,5 53 49 23 28 39 1 20 46 37 2 22 62 3 35 68 7 40 6 32,heads,major,3
2026-08-12T16:14:20Z,8,57 78 49 71 34 58 17 11 51 38 6 31 3 61 48 67 22 79 52 74,tails,minor,1
2026-08-12T16:17:00Z,9,56 13 31 37 17 14 62 46 25 59 11 34 64 30 47 41 1 6 36 19,heads,regular,1
2026-08-12T16:19:40Z,10,13 37 50 63 26 20 15 73 11 54 47 61 55 36 19 39 74 17 16 80,heads,major,2
2026-08-12T16:22:20Z,11,4 55 10 71 59 49 9 42 58 73 17 62 31 56 14 80 2 51 46 74,tails,regular,3
2026-08-12T16:25:00Z,12,58 39 62 61 53 49 80 50 14 79 59 37 57 76 40 32 31 28 8 5,tails,regular,3
2026-08-12T16:27:40Z,13,50 63 35 61 51 11 32 8 41 44 38 65 74 64 24 28 25 12 7 14,heads,regular,1
2026-08-12T16:30:20Z,14,37 10 57 33 28 50 5 56 70 26 8 59 19 6 41 14 79 58 76 3,heads,regular,2
2026-08-12T16:33:00Z,15,10 49 58 39 51 79 5 40 50 80 6 48 74 45 38 73 69 20 68 24,tails,regular,1
2026-08-12T16:35:40Z,16,19 34 36 31 4 28 43 49 75 60 16 38 27 65 11 61 12 13 52 21,heads,regular,1
2026-08-12T16:38:20Z,17,34 37 54 60 14 66 59 7 62 77 4 68 36 44 18 57 17 73 43 13,tails,regular,2
2026-08-12T16:41:00Z,18,21 45 14 46 69 30 42 80 16 17 77 36 19 34 22 59 8 31 37 4,heads,regular,3
2026-08-12T16:43:40Z,19,48 59 53 3 49 31 57 25 10 15 51 80 41 60 70 35 13 78 18 72,tails,minor,2
2026-08-12T16:46:20Z,20,68 25 15 19 3 32 10 48 59 64 17 49 22 16 58 13 11 44 31 41,heads,regular,1
2026-08-12T16:49:00Z,21,18 27 29 74 52 61 26 50 73 20 44 43 59 14 71 12 58 66 35 56,tails,regular,1
2026-08-12T16:51:40Z,22,16 9 45 15 67 49 11 80 32 51 54 43 68 69 35 12 21 10 41 1,evens,regular,3
2026-08-12T16:54:20Z,23,4 66 5 11 42 7 14 60 70 35 21 29 62 8 64 54 71 19 49 15,heads,minor,1
2026-08-12T16:57:00Z,24,26 50 28 41 37 55 69 17 8 20 14 21 45 78 73 34 53 4 47 67,evens,minor,3
2026-08-12T16:59:40Z,25,51 29 15 11 17 61 79 71 72 76 20 65 43 49 38 40 27 21 37 69,evens,regular,3
2026-08-12T17:02:20Z,26,38 69 16 42 28 7 10 64 33 76 36 70 47 30 71 14 21 50 25 60,heads,regular,1
2026-08-12T17:05:00Z,27,43 50 76 30 45 29 32 9 79 78 80 19 71 42 51 52 56 62 58 40,tails,regular,1
2026-08-12T17:07:40Z,28,80 58 11 36 64 60 29 43 47 42 48 70 27 18 78 3 57 4 46 19,tails,regular,2
2026-08-12T17:10:20Z,29,42 65 78 18 39 54 14 44 53 7 9 77 48 15 67 79 16 51 73 80,tails,regular,1
2026-08-12T17:13:00Z,30,59 34 76 77 71 50 22 5 64 36 23 68 33 6 29 2 20 27 80 48,heads,major,4
2026-08-12T17:15:40Z,31,26 57 1 29 8 36 39 51 67 64 59 78 50 31 17 80 9 73 45 34,evens,regular,1
2026-08-12T17:18:20Z,32,70 8 57 37 30 3 29 53 35 27 4 12 56 63 77 67 49 68 66 69,tails,regular,2
2026-08-12T17:21:00Z,33,38 4 67 46 42 43 47 18 23 31 26 54 33 45 56 48 41 61 70 40,tails,regular,3
2026-08-12T17:23:40Z,34,27 47 46 36 76 59 18 80 19 2 51 33 58 35 44 25 61 49 22 6,evens,regular,3
2026-08-12T17:26:20Z,35,76 44 32 7 10 11 67 79 20 75 45 58 27 17 74 72 36 68 40 71,tails,regular,1
2026-08-12T17:29:00Z,36,45 59 47 33 14 35 77 63 9 76 13 4 48 74 60 75 15 18 1 23,evens,regular,1
2026-08-12T17:31:40Z,37,17 39 69 33 71 52 47 40 34 35 64 7 24 73 8 72 19 31 9 74,heads,regular,1
2026-08-12T17:34:20Z,38,39 35 58 56 78 4 45 5 64 69 46 72 3 1 63 27 17 53 74 61,tails,regular,3
2026-08-12T17:37:00Z,39,26 33 50 20 35 75 36 1 77 16 52 34 53 45 4 76 62 2 23 25,heads,minor,3
2026-08-12T17:39:40Z,40,44 2 50 49 78 45 43 74 34 3 42 29 69 17 79 70 37 60 72 13,tails,minor,1
2026-08-12T17:42:20Z,41,35 13 70 3 29 67 6 9 50 45 51 71 16 8 43 10 73 57 40 25,heads,minor,10
2026-08-12T17:45:00Z,42,67 20 75 28 50 66 42 39 46 65 73 68 17 72 37 61 40 38 6 21,tails,minor,3
2026-08-12T17:47:40Z,43,28 5 3 40 13 15 74 1 30 21 77 56 72 75 25 64 35 32 2 6,heads,regular,1
2026-08-12T17:50:20Z,44,7 73 66 78 17 72 75 31 25 65 44 34 47 28 52 29 30 2 9 11,heads,regular,2
2026-08-12T17:53:00Z,45,63 16 40 80 41 18 57 20 42 67 4 26 77 59 17 74 61 65 66 68,tails,minor,2
2026-08-12T17:55:40Z,46,79 30 61 37 34 31 58 60 20 6 2 74 32 78 19 69 62 8 12 71,heads,regular,2
2026-08-12T17:58:20Z,47,79 62 74 55 78 73 51 11 76 38 14 4 58 25 9 2 59 12 15 64,tails,regular,3
2026-08-12T18:01:00Z,48,73 68 21 79 19 26 5 20 60 77 74 18 65 54 51 30 41 57 38 40,tails,minor,3
2026-08-12T18:03:40Z,49,66 55 48 45 74 51 19 32 78 28 7 3 24 68 70 20 73 65 69 2,tails,regular,1
2026-08-12T18:06:20Z,50,24 68 17 33 12 28 70 53 30 45 40 63 50 34 32 80 29 36 27 49,heads,regular,1
2026-08-12T18:09:00Z,51,65 17 73 69 22 78 31 12 55 3 38 76 51 33 47 52 53 4 9 50,tails,regular,4
2026-08-12T18:11:40Z,52,22 42 35 73 13 76 71 37 26 47 31 6 79 15 52 55 23 58 20 21,heads,minor,1
2026-08-12T18:14:20Z,53,27 19 12 8 7 45 6 43 20 58 51 63 2 30 55 29 65 61 48 56,evens,regular,5
2026-08-12T18:17:00Z,54,31 78 35 28 48 80 38 76 10 18 69 52 26 67 36 37 71 51 32 11,heads,regular,3
2026-08-12T18:19:40Z,55,29 62 49 43 19 69 75 21 47 80 17 72 31 71 22 5 11 74 67 59,tails,regular,1
2026-08-12T18:22:20Z,56,64 29 28 59 3 21 27 19 37 46 9 41 31 42 71 53 56 5 20 61,heads,major,1
2026-08-12T18:25:00Z,57,31 18 6 3 5 1 56 43 29 44 35 39 21 73 46 62 22 79 38 11,heads,major,3
2026-08-12T18:27:40Z,58,67 25 23 30 74 16 4 11 35 68 47 13 50 15 44 71 41 60 27 33,heads,regular,5
2026-08-12T18:30:20Z,59,15 77 79 12 39 49 5 55 27 59 38 52 29 64 8 14 63 78 9 61,evens,regular,3
2026-08-12T18:33:00Z,60,15 79 29 10 40 32 26 4 8 43 77 52 20 31 34 62 69 27 72 24,heads,regular,5
2026-08-12T18:35:40Z,61,39 12 46 48 76 55 67 34 3 16 28 43 50 54 52 29 71 36 11 31,evens,regular,2
2026-08-12T18:38:20Z,62,79 47 55 40 3 38 58 46 15 56 26 14 61 66 21 60 34 24 52 73,tails,minor,2
2026-08-12T18:41:00Z,63,33 47 69 26 34 55 32 68 76 43 8 39 31 21 38 4 6 52 35 70,heads,minor,3
2026-08-12T18:43:40Z,64,51 48 73 57 66 62 38 75 78 36 16 59 65 35 8 33 11 2 45 15,tails,regular,1
2026-08-12T18:46:20Z,65,54 42 13 33 79 70 1 51 80 56 68 78 66 45 9 53 18 75 52 21,tails,regular,1
2026-08-12T18:49:00Z,66,51 70 5 72 8 74 68 6 63 77 23 36 32 48 28 22 3 24 56 54,evens,regular,1
2026-08-12T18:51:40Z,67,10 59 30 57 77 64 16 4 62 41 12 71 70 6 45 74 23 14 72 52,tails,regular,3
2026-08-12T18:54:20Z,68,57 55 6 2 21 61 44 35 37 64 56 7 34 73 11 67 62 46 39 15,evens,regular,1
2026-08-12T18:57:00Z,69,29 58 28 11 65 36 57 73 26 23 20 51 52 80 22 25 16 67 72 59,evens,regular,3
2026-08-12T18:59:40Z,70,66 19 45 36 48 78 57 25 61 46 50 31 60 15 14 76 9 56 62 65,tails,minor,1
2026-08-12T19:02:20Z,71,60 59 35 71 68 57 76 16 17 20 15 43 10 6 79 25 28 50 13 80,evens,regular,1
2026-08-12T19:05:00Z,72,20 75 41 68 53 65 11 80 74 38 61 72 7 76 4 26 33 19 67 64,tails,regular,1
2026-08-12T19:07:40Z,73,57 78 12 25 26 8 21 69 67 2 27 72 5 60 22 44 47 37 29 28,heads,regular,1
2026-08-12T19:10:20Z,74,22 45 8 63 43 6 14 26 71 47 31 34 62 32 2 40 19 51 70 11,heads,minor,1
2026-08-12T19:13:00Z,75,55 63 54 16 5 12 39 57 36 50 40 56 23 72 14 77 62 52 3 44,tails,major,4
2026-08-12T19:15:40Z,76,2 5 35 41 28 21 78 74 65 38 12 22 18 29 19 6 69 47 8 45,heads,major,3
2026-08-12T19:18:20Z,77,48 30 68 14 10 29 49 79 69 23 21 46 40 2 45 31 72 54 76 73,tails,regular,1
2026-08-12T19:21:00Z,78,70 34 51 11 61 14 54 45 5 40 37 77 22 25 29 35 55 47 20 79,heads,minor,2
2026-08-12T19:23:40Z,79,21 66 61 65 77 75 30 13 52 41 15 72 1 59 63 79 54 74 64 34,tails,major,2
2026-08-12T19:26:20Z,80,8 27 1 26 36 68 31 44 51 69 23 73 35 12 6 62 66 9 80 78,heads,minor,10
2026-08-12T19:29:00Z,81,36 68 64 69 74 63 30 39 31 38 19 23 9 62 72 78 14 75 15 4,heads,regular,1
2026-08-12T19:31:40Z,82,4 69 15 36 29 63 30 56 75 10 40 51 37 41 24 46 35 16 54 60,heads,regular,2
2026-08-12T19:34:20Z,83,75 41 2 23 18 45 17 15 50 73 37 62 35 67 66 34 47 79 5 21,evens,regular,1
2026-08-12T19:37:00Z,84,46 26 23 57 69 38 20 78 60 53 27 24 55 22 73 42 52 50 8 19,tails,regular,10
2026-08-12T19:39:40Z,85,76 21 62 47 74 26 35 32 70 53 43 40 52 71 22 25 77 56 7 2,tails,regular,3
2026-08-12T19:42:20Z,86,70 71 18 29 58 38 32 46 77 72 59 33 41 54 9 76 78 35 80 65,tails,regular,1
2026-08-12T19:45:00Z,87,4 13 41 79 38 9 77 7 76 28 3 20 8 66 67 57 50 18 80 47,evens,major,1
2026-08-12T19:47:40Z,88,64 17 72 10 4 6 1 29 73 77 24 78 58 8 39 56 30 28 75 16,heads,regular,1
2026-08-12T19:50:20Z,89,79 31 65 4 61 70 58 48 59 78 45 24 43 36 40 47 30 3 19 66,tails,regular,2
2026-08-12T19:53:00Z,90,8 36 56 63 40 34 33 15 76 21 6 69 78 37 66 42 14 77 9 59,heads,regular,2
2026-08-12T19:55:40Z,91,5 10 47 14 66 44 25 61 20 56 54 73 40 52 70 9 72 80 2 17,tails,regular,2
2026-08-12T19:58:20Z,92,28 23 38 48 19 32 71 56 13 53 31 18 52 21 65 35 68 39 40 57,heads,regular,1
2026-08-12T20:01:00Z,93,67 17 21 48 24 54 8 40 78 53 33 71 46 57 18 6 70 56 10 30,evens,regular,1
2026-08-12T20:03:40Z,94,46 47 31 11 68 21 63 67 22 26 27 75 49 32 24 13 79 60 77 41,tails,regular,1
2026-08-12T20:06:20Z,95,55 62 8 53 3 28 22 61 40 59 24 5 48 39 1 76 7 13 44 25,heads,regular,1
2026-08-12T20:09:00Z,96,70 59 57 66 80 23 10 60 47 24 20 7 44 32 3 19 16 34 25 72,heads,regular,1
2026-08-12T20:11:40Z,97,44 47 28 61 19 16 63 13 76 53 30 43 26 15 75 20 80 14 24 57,evens,regular,3
2026-08-12T20:14:20Z,98,66 57 71 60 55 26 42 30 53 2 17 78 33 69 52 80 58 18 40 68,tails,regular,1
2026-08-12T20:17:00Z,99,52 26 68 49 3 40 72 31 75 16 25 43 28 48 76 63 46 22 71 67,tails,regular,5
2026-08-12T20:19:40Z,100,57 54 37 3 55 18 60 69 4 1 64 13 19 76 48 30 17 44 40 71,evens,regular,2
2026-08-12T20:22:20Z,101,20 52 35 16 28 80 57 69 44 15 21 54 17 51 50 58 47 65 61 32,tails,major,3
2026-08-12T20:25:00Z,102,49 51 62 59 64 20 77 73 25 57 3 34 24 61 13 76 5 44 80 10,tails,regular,1
2026-08-12T20:27:40Z,103,30 80 60 32 63 9 33 44 79 12 36 8 46 52 49 69 23 1 16 73,evens,regular,1
2026-08-12T20:30:20Z,104,45 5 24 40 21 71 19 16 50 43 73 1 10 6 57 53 32 22 29 61,heads,regular,1
2026-08-12T20:33:00Z,105,14 77 34 8 17 25 39 28 62 36 7 68 22 2 41 29 64 63 43 70,heads,regular,2
2026-08-12T20:35:40Z,106,21 57 33 4 20 59 80 47 17 23 27 8 61 76 19 63 58 77 35 5,heads,minor,4
2026-08-12T20:38:20Z,107,51 14 48 78 80 33 2 15 28 23 39 71 42 12 6 53 41 1 49 13,heads,regular,5
2026-08-12T20:41:00Z,108,52 35 22 49 59 14 25 23 71 9 36 62 63 65 54 50 46 32 64 31,tails,regular,4
2026-08-12T20:43:40Z,109,15 33 72 69 80 8 36 60 14 70 50 47 39 61 75 5 6 7 1 58,evens,major,2
2026-08-12T20:46:20Z,110,79 75 4 74 43 46 12 41 70 3 13 60 71 64 69 11 8 49 25 47,tails,regular,2
2026-08-12T20:49:00Z,111,80 50 30 4 61 26 62 48 66 3 76 51 10 25 58 22 31 17 53 56,tails,minor,3
2026-08-12T20:51:40Z,112,23 19 36 33 72 48 30 34 78 44 29 61 45 26 43 21 71 11 50 37,heads,minor,2
2026-08-12T20:54:20Z,113,37 63 14 77 15 41 23 29 8 38 30 57 1 48 26 18 31 4 55 75,heads,regular,2
2026-08-12T20:57:00Z,114,80 6 33 30 42 55 52 36 17 32 41 78 29 62 64 72 68 47 49 44,tails,minor,2
2026-08-12T20:59:40Z,115,69 40 12 54 16 19 13 56 27 15 51 50 21 41 34 73 2 71 77 30,heads,regular,2
2026-08-12T21:02:20Z,116,56 20 51 8 52 15 62 3 34 32 79 57 67 28 75 14 26 47 6 63,evens,regular,2
2026-08-12T21:05:00Z,117,24 28 54 11 29 25 55 9 19 61 10 63 79 3 14 15 60 2 68 21,heads,regular,3
2026-08-12T21:07:40Z,118,17 5 62 57 12 49 26 18 68 47 7 80 35 54 6 23 60 72 9 58,evens,regular,1
2026-08-12T21:10:20Z,119,60 46 29 7 3 47 10 20 50 49 12 40 72 45 69 34 36 58 19 48,evens,regular,5
2026-08-12T21:13:00Z,120,6 70 62 48 68 18 74 31 21 51 22 5 38 3 2 79 35 73 20 19,heads,minor,3
2026-08-12T21:15:40Z,121,54 22 66 64 56 35 42 26 59 43 65 47 45 63 48 58 30 80 53 18,tails,major,3
2026-08-12T21:18:20Z,122,5 63 46 20 65 37 56 14 23 70 44 17 66 6 51 80 36 12 34 40,heads,major,1
2026-08-12T21:21:00Z,123,52 79 39 28 7 61 42 37 29 19 80 1 2 49 66 4 45 51 43 24,evens,regular,4
2026-08-12T21:23:40Z,124,16 12 11 6 49 27 68 47 57 59 80 50 8 52 28 65 40 21 42 79,tails,regular,2
2026-08-12T21:26:20Z,125,54 44 76 71 64 59 38 14 70 25 9 18 56 42 67 33 46 1 78 60,tails,regular,1
2026-08-12T21:29:00Z,126,52 39 41 24 61 11 60 75 76 66 30 70 12 8 58 59 71 22 34 45,tails,major,1
2026-08-12T21:31:40Z,127,2 5 62 22 50 55 61 38 46 78 34 56 13 23 20 44 45 72 6 1,evens,regular,1
2026-08-12T21:34:20Z,128,3 69 36 27 39 48 62 2 41 21 17 16 34 59 38 23 68 26 72 14,heads,regular,1
2026-08-12T21:37:00Z,129,46 18 67 10 15 27 51 19 64 56 35 20 58 48 55 23 62 78 14 39,evens,minor,10
2026-08-12T21:39:40Z,130,47 74 28 59 20 49 50 8 67 64 16 19 78 1 33 60 41 36 2 70,tails,regular,2
2026-08-12T21:42:20Z,131,46 45 67 14 4 7 62 9 59 72 65 39 26 33 57 18 35 2 11 13,heads,regular,10
2026-08-12T21:45:00Z,132,27 43 5 65 60 80 63 18 35 46 24 50 6 42 48 56 67 41 49 28,tails,minor,1
2026-08-12T21:47:40Z,133,33 69 38 32 14 11 70 48 39 60 19 3 42 8 73 54 2 24 51 28,heads,minor,1
2026-08-12T21:50:20Z,134,56 25 46 7 4 45 24 5 19 18 28 10 22 44 66 68 77 41 9 34,heads,regular,3
2026-08-12T21:53:00Z,135,10 64 8 44 48 67 12 47 29 46 66 33 19 13 30 70 57 6 36 16,heads,minor,10
2026-08-12T21:55:40Z,136,3 28 76 73 17 20 45 50 49 11 42 68 74 41 34 44 29 39 77 61,tails,regular,3
2026-08-12T21:58:20Z,137,2 44 66 11 76 34 38 64 14 42 26 13 21 32 48 15 56 65 47 33,heads,regular,1
2026-08-12T22:01:00Z,138,73 33 21 75 2 58 10 78 64 68 45 67 44 5 12 70 22 43 48 65,tails,regular,1
2026-08-12T22:03:40Z,139,78 44 58 20 30 19 18 22 14 2 62 60 47 36 49 46 79 9 28 45,evens,minor,2
2026-08-12T22:06:20Z,140,61 32 53 65 6 52 1 24 73 3 55 28 75 33 43 42 67 63 17 25,tails,regular,1
2026-08-12T22:09:00Z,141,61 39 18 80 23 76 69 60 67 19 35 38 46 50 62 13 27 52 24 6,evens,minor,2
2026-08-12T22:11:40Z,142,64 12 7 14 20 10 79 11 44 15 74 23 69 29 78 42 71 31 28 70,heads,regular,2
2026-08-12T22:14:20Z,143,20 65 68 37 71 76 32 52 2 12 41 19 28 16 78 7 49 67 5 35,heads,regular,2
2026-08-12T22:17:00Z,144,39 43 26 61 63 67 22 79 80 76 15 68 47 21 34 8 41 7 55 64,tails,minor,3
2026-08-12T22:19:40Z,145,35 73 32 15 69 63 76 70 16 31 61 53 37 67 79 55 65 43 12 62,tails,regular,3
2026-08-12T22:22:20Z,146,49 69 41 12 32 3 53 29 30 60 23 21 31 4 19 58 40 73 28 33,heads,regular,1
2026-08-12T22:25:00Z,147,34 10 46 38 28 22 16 1 61 69 2 18 6 3 67 13 15 80 59 54,heads,regular,10
2026-08-12T22:27:40Z,148,8 33 35 60 50 26 14 47 2 74 76 11 27 40 63 70 18 56 43 71,evens,regular,3
2026-08-12T22:30:20Z,149,58 54 39 13 22 59 8 72 7 51 77 30 3 24 65 78 4 44 9 27,heads,regular,3
2026-08-12T22:33:00Z,150,55 9 11 59 62 57 17 63 28 24 50 27 19 76 54 10 43 36 67 64,tails,regular,1
2026-08-12T22:35:40Z,151,43 8 20 21 57 14 49 1 63 72 34 58 22 77 30 69 32 80 78 54,tails,regular,2
2026-08-12T22:38:20Z,152,49 13 53 16 9 36 6 37 47 48 50 26 55 71 21 80 59 8 22 23,heads,regular,3
2026-08-12T22:41:00Z,153,18 64 8 33 80 42 69 27 74 77 65 45 47 29 32 30 35 55 12 54,tails,regular,2
2026-08-12T22:43:40Z,154,11 51 59 23 52 62 14 34 77 80 71 68 16 30 24 10 27 1 53 72,evens,minor,1
2026-08-12T22:46:20Z,155,76 80 18 30 57 51 32 77 17 15 21 16 70 73 62 61 19 26 23 42,evens,regular,1
2026-08-12T22:49:00Z,156,7 34 44 20 48 6 11 60 59 50 14 21 77 15 65 31 41 9 51 71,evens,regular,2
2026-08-12T22:51:40Z,157,25 43 78 29 10 3 40 31 32 76 52 51 53 11 48 56 61 37 4 5,heads,minor,3
2026-08-12T22:54:20Z,158,63 25 24 71 39 11 19 7 36 42 38 9 76 50 46 67 72 8 31 60,heads,regular,3
2026-08-12T22:57:00Z,159,69 63 12 66 43 53 15 6 73 9 19 1 8 60 40 76 25 58 70 44,tails,regular,2
2026-08-12T22:59:40Z,160,22 19 33 1 25 44 30 14 13 68 32 64 58 31 47 51 52 5 42 56,heads,regular,3
2026-08-12T23:02:20Z,161,24 43 48 28 6 58 3 64 53 61 21 55 79 59 35 67 31 1 41 49,tails,minor,3
2026-08-12T23:05:00Z,162,64 43 22 30 80 3 38 19 52 73 2 46 53 68 32 37 17 50 21 39,heads,regular,1
2026-08-12T23:07:40Z,163,52 23 35 31 55 2 67 53 32 57 72 6 26 45 3 42 48 10 20 12,heads,regular,1
2026-08-12T23:10:20Z,164,18 11 58 62 46 15 24 69 8 80 35 50 7 44 14 10 5 41 17 73,heads,regular,2
2026-08-12T23:13:00Z,165,33 38 20 78 43 4 58 54 35 73 53 14 66 77 47 24 55 5 3 26,evens,major,2
2026-08-12T23:15:40Z,166,12 53 65 22 54 10 33 41 50 16 18 23 61 66 36 63 76 9 27 70,evens,minor,10
2026-08-12T23:18:20Z,167,23 74 50 58 48 4 64 18 33 68 42 61 30 49 71 70 6 66 8 26,tails,major,1
2026-08-12T23:21:00Z,168,68 43 23 42 74 32 15 45 64 70 17 48 21 2 72 27 22 33 31 67,evens,regular,3
2026-08-12T23:23:40Z,169,25 29 7 74 28 58 71 20 16 55 30 26 37 66 51 31 68 23 35 80,heads,major,4
2026-08-12T23:26:20Z,170,74 9 10 57 25 19 6 75 23 37 73 60 70 53 28 59 4 66 42 32,evens,regular,2
2026-08-12T23:29:00Z,171,67 15 23 31 19 32 27 68 3 44 22 74 20 37 26 25 53 78 77 24,heads,regular,1
2026-08-12T23:31:40Z,172,6 66 76 17 56 5 40 49 38 74 51 33 37 27 52 1 7 63 12 18,heads,regular,1
2026-08-12T23:34:20Z,173,1 77 28 45 11 31 30 27 57 48 52 19 42 43 10 6 14 75 71 69,evens,regular,3
2026-08-12T23:37:00Z,174,51 21 32 59 22 30 8 9 13 52 7 18 63 41 27 14 25 44 69 23,heads,regular,1
2026-08-12T23:39:40Z,175,12 60 39 55 64 18 79 77 7 54 1 26 3 33 72 24 42 80 23 9,heads,regular,1
2026-08-12T23:42:20Z,176,37 75 26 20 31 73 71 8 13 3 23 32 11 34 40 50 59 29 49 5,heads,regular,3
2026-08-12T23:45:00Z,177,67 17 43 48 15 42 80 66 2 71 27 45 35 19 28 38 46 41 31 29,evens,minor,4
2026-08-12T23:47:40Z,178,26 74 45 42 61 32 76 58 47 49 10 12 54 28 65 8 2 41 14 80,tails,regular,3
2026-08-12T23:50:20Z,179,56 31 75 71 54 15 68 39 28 35 47 70 50 25 60 37 42 16 79 7,tails,regular,1
2026-08-12T23:53:00Z,180,74 14 22 80 10 58 45 23 43 41 25 44 36 19 57 9 55 15 46 20,evens,regular,1
2026-08-12T23:55:40Z,181,74 45 47 29 69 14 56 38 53 73 30 77 2 60 28 19 58 24 43 49,tails,regular,1
2026-08-12T23:58:20Z,182,39 17 47 21 73 68 63 4 20 61 29 57 64 60 58 1 62 74 8 32,tails,regular,1
2026-08-13T00:01:00Z,183,52 7 4 23 26 18 27 22 13 1 48 36 19 78 41 25 63 66 24 32,heads,minor,3
2026-08-13T00:03:40Z,184,35 54 33 11 47 15 46 8 9 70 39 57 31 60 5 67 50 80 43 63,tails,minor,10
2026-08-13T00:06:20Z,185,79 41 46 32 61 5 68 1 4 3 52 28 77 65 20 29 23 14 78 11,heads,regular,1
2026-08-13T00:09:00Z,186,12 58 38 24 27 45 68 6 74 11 43 26 52 14 62 7 5 33 9 65,heads,minor,3
2026-08-13T00:11:40Z,187,6 67 51 40 24 60 26 34 31 10 12 30 3 77 25 68 70 5 37 45,heads,minor,10
2026-08-13T00:14:20Z,188,36 13 48 23 66 61 26 43 42 20 49 50 79 60 18 58 4 7 17 10,evens,minor,1
2026-08-13T00:17:00Z,189,52 70 49 7 60 27 64 6 13 29 11 23 67 34 25 40 17 31 39 50,heads,regular,2
2026-08-13T00:19:40Z,190,68 32 8 23 4 11 78 66 79 3 55 13 57 48 75 64 53 37 63 80,tails,regular,2
2026-08-13T00:22:20Z,191,4 31 67 33 9 65 54 13 14 41 73 22 61 68 45 1 18 17 50 37,heads,regular,1
2026-08-13T00:25:00Z,192,79 67 50 11 19 31 14 4 46 35 12 72 7 54 56 60 15 36 49 78,evens,regular,2
2026-08-13T00:27:40Z,193,11 80 75 70 60 12 31 1 15 16 39 24 54 52 57 58 45 30 3 74,evens,regular,1
2026-08-13T00:30:20Z,194,74 8 33 13 47 7 1 44 62 49 53 79 73 51 66 25 16 42 20 63,tails,minor,3
2026-08-13T00:33:00Z,195,80 28 47 9 5 46 73 35 57 64 58 8 15 14 66 61 39 53 10 26,evens,regular,3
2026-08-13T00:35:40Z,196,9 60 37 51 23 21 5 32 73 61 4 54 10 11 40 50 26 15 12 63,heads,regular,1
2026-08-13T00:38:20Z,197,12 13 63 30 7 39 62 29 9 68 2 71 11 35 17 73 4 70 69 74,heads,regular,4
2026-08-13T00:41:00Z,198,72 61 79 22 76 34 25 13 24 14 27 9 29 21 65 47 55 31 12 49,heads,regular,1
2026-08-13T00:43:40Z,199,69 33 29 14 53 25 20 4 36 18 56 6 48 31 62 75 57 26 27 49,heads,regular,2
2026-08-13T00:46:20Z,200,8 46 70 23 51 34 57 27 71 16 59 31 25 38 10 54 43 9 62 61,evens,regular,2
2026-08-13T00:49:00Z,201,80 10 48 63 16 3 33 74 67 41 77 29 8 22 35 32 28 56 17 44,heads,regular,1
2026-08-13T00:51:40Z,202,55 1 15 52 42 38 53 78 7 4 27 3 10 24 40 65 37 63 36 39,heads,regular,3
2026-08-13T00:54:20Z,203,51 35 79 80 21 9 23 68 31 33 4 43 56 47 19 14 52 1 34 5,heads,regular,5
2026-08-13T00:57:00Z,204,41 24 44 76 42 35 13 73 57 19 32 50 56 78 62 39 30 33 60 79,tails,regular,1
2026-08-13T00:59:40Z,205,44 65 34 60 48 35 31 53 51 54 47 2 38 15 11 24 30 55 16 45,evens,regular,4
2026-08-13T01:02:20Z,206,21 70 48 62 57 30 15 3 47 19 52 8 1 6 29 40 71 28 50 34,heads,regular,1
2026-08-13T01:05:00Z,207,3 63 37 46 60 73 16 71 50 58 36 76 25 28 12 65 42 80 70 48,tails,regular,2
2026-08-13T01:07:40Z,208,12 70 42 29 15 76 23 18 53 52 19 59 20 57 60 50 24 39 9 3,heads,minor,1
2026-08-13T01:10:20Z,209,71 51 31 19 58 16 1 66 74 52 28 47 10 56 68 18 61 5 30 41,tails,regular,2
2026-08-13T01:13:00Z,210,10 7 14 73 33 43 80 22 58 30 16 40 48 69 5 66 39 4 37 55,heads,regular,2
2026-08-13T01:15:40Z,211,3 33 65 20 34 63 75 68 25 55 17 7 70 22 26 44 32 52 61 41,evens,regular,1
2026-08-13T01:18:20Z,212,18 20 64 19 13 9 55 16 35 60 57 49 8 70 40 67 24 15 58 51,heads,minor,3
2026-08-13T01:21:00Z,213,48 36 9 51 47 55 45 29 2 11 4 31 40 42 76 77 5 65 18 12,heads,minor,2
2026-08-13T01:23:40Z,214,39 3 53 16 8 14 57 20 41 71 78 30 54 40 73 72 4 48 52 46,tails,regular,2
2026-08-13T01:26:20Z,215,31 79 39 29 45 30 56 4 11 37 18 60 33 15 77 7 53 70 19 23,heads,regular,1
2026-08-13T01:29:00Z,216,58 43 1 72 39 69 45 10 9 17 3 48 8 68 67 32 24 59 27 61,evens,minor,2
2026-08-13T01:31:40Z,217,37 39 5 16 43 68 29 13 55 3 44 1 45 38 76 52 41 10 56 26,heads,minor,1
2026-08-13T01:34:20Z,218,60 70 36 76 33 55 3 50 4 8 5 71 18 47 75 58 73 24 30 53,tails,regular,2
2026-08-13T01:37:00Z,219,70 11 32 41 55 59 47 14 22 9 35 15 4 68 45 77 44 49 13 73,tails,regular,1
2026-08-13T01:39:40Z,220,72 51 19 1 8 46 39 4 63 17 52 73 80 76 9 27 38 78 70 13,evens,regular,2
2026-08-13T01:42:20Z,221,37 21 8 66 42 19 34 7 13 31 79 73 57 23 2 58 49 46 22 47,heads,regular,2
2026-08-13T01:45:00Z,222,12 21 5 71 56 53 29 18 32 72 28 73 14 80 47 22 59 63 27 66,evens,major,4
2026-08-13T01:47:40Z,223,59 64 57 12 78 17 66 50 2 49 74 16 63 19 30 65 15 34 76 33,tails,regular,1
2026-08-13T01:50:20Z,224,46 24 9 40 43 29 60 67 22 35 80 7 5 65 42 78 13 37 34 14,heads,regular,3
2026-08-13T01:53:00Z,225,60 12 14 21 61 52 58 75 11 77 38 70 27 80 57 73 41 25 31 16,tails,regular,1
2026-08-13T01:55:40Z,226,65 62 63 50 9 61 66 21 4 60 48 55 31 53 34 76 28 15 45 7,tails,minor,1
2026-08-13T01:58:20Z,227,80 44 20 51 72 53 67 68 3 60 17 26 61 64 65 12 35 10 31 1,tails,regular,2
2026-08-13T02:01:00Z,228,38 28 21 44 8 1 61 68 60 29 34 48 39 17 72 65 52 50 76 27,evens,regular,4
2026-08-13T02:03:40Z,229,16 29 71 32 28 53 72 58 47 79 55 36 63 10 37 23 39 21 9 64,heads,regular,10
2026-08-13T02:06:20Z,230,75 8 76 70 23 61 45 36 14 3 29 47 54 44 16 64 60 50 7 18,tails,regular,1
2026-08-13T02:09:00Z,231,70 37 68 58 60 73 10 40 65 21 54 1 12 52 32 55 66 13 72 56,tails,regular,5
2026-08-13T02:11:40Z,232,53 10 33 17 77 71 60 9 23 40 63 75 31 35 73 12 64 41 8 29,heads,regular,3
2026-08-13T02:14:20Z,233,44 23 41 11 43 7 71 80 63 45 37 47 21 57 25 9 35 50 40 74,tails,minor,10
2026-08-13T02:17:00Z,234,70 56 37 12 52 20 24 76 23 63 13 7 5 9 48 69 73 66 44 47,tails,minor,2
2026-08-13T02:19:40Z,235,5 22 65 64 60 55 13 35 7 28 21 45 17 16 54 8 31 69 46 58,heads,regular,1
2026-08-13T02:22:20Z,236,14 7 61 75 46 21 40 54 38 27 5 72 37 15 53 47 43 58 76 71,tails,regular,2
2026-08-13T02:25:00Z,237,56 46 69 34 60 58 24 31 77 43 13 40 68 44 59 19 70 26 37 47,tails,regular,5
2026-08-13T02:27:40Z,238,33 70 57 62 32 24 75 53 45 18 64 61 46 68 73 3 10 23 19 77,tails,minor,3
2026-08-13T02:30:20Z,239,37 61 58 39 76 71 46 11 45 73 32 35 20 63 50 49 68 16 23 47,tails,regular,3
2026-08-13T02:33:00Z,240,76 68 12 47 9 22 46 30 77 31 54 5 39 42 70 56 52 62 24 14,tails,regular,2
2026-08-13T02:35:40Z,241,33 76 71 32 48 75 53 5 10 36 56 41 3 72 42 1 69 34 6 62,tails,regular,2
2026-08-13T02:38:20Z,242,7 9 3 61 66 56 74 78 55 65 68 46 38 44 11 51 35 41 36 42,tails,minor,3
2026-08-13T02:41:00Z,243,10 78 16 18 21 59 4 66 20 19 71 26 15 49 11 1 56 28 3 73,heads,regular,2
2026-08-13T02:43:40Z,244,40 33 45 26 28 52 76 34 35 49 80 38 51 46 7 3 44 47 15 48,evens,regular,1
2026-08-13T02:46:20Z,245,42 77 51 46 37 2 23 61 59 76 53 7 57 49 41 25 52 13 14 10,tails,regular,2
2026-08-13T02:49:00Z,246,48 22 73 70 4 15 45 25 65 12 49 9 39 5 34 54 72 11 40 74,heads,minor,2
2026-08-13T02:51:40Z,247,43 77 4 24 16 42 2 74 72 18 21 52 69 62 17 46 15 30 58 53,tails,regular,2
2026-08-13T02:54:20Z,248,24 57 20 59 15 9 32 1 70 22 34 17 58 7 27 75 8 3 68 14,heads,major,1
2026-08-13T02:57:00Z,249,76 73 62 52 45 3 26 1 64 72 41 2 10 27 66 63 68 51 17 24,tails,regular,2
2026-08-13T02:59:40Z,250,38 71 18 41 74 33 30 67 58 10 16 7 43 61 68 35 24 75 42 59,tails,regular,3
2026-08-13T03:02:20Z,251,34 6 74 4 31 2 61 70 18 59 22 76 67 12 20 46 5 14 48 1,heads,regular,3
2026-08-13T03:05:00Z,252,9 46 3 79 54 6 5 23 71 35 34 47 51 76 58 75 50 37 19 49,tails,major,1
2026-08-13T03:07:40Z,253,36 14 62 75 45 71 30 77 38 42 44 1 15 57 22 37 64 56 72 55,tails,minor,3
2026-08-13T03:10:20Z,254,62 22 55 66 71 53 11 35 30 17 15 27 1 3 64 79 28 4 73 36,heads,regular,2
2026-08-13T03:13:00Z,255,39 75 72 12 69 15 65 49 4 7 17 55 51 24 18 5 79 6 23 38,heads,regular,1
2026-08-13T03:15:40Z,256,24 57 1 34 5 36 64 26 8 30 45 79 3 74 68 77 21 6 29 42,heads,regular,3
2026-08-13T03:18:20Z,257,18 11 41 4 1 3 17 26 2 15 70 12 51 59 54 78 5 56 23 28,heads,minor,3
2026-08-13T03:21:00Z,258,24 40 77 3 10 17 8 59 49 70 57 63 71 37 66 44 39 67 52 48,tails,regular,1
2026-08-13T03:23:40Z,259,9 6 78 23 26 13 15 64 57 11 60 4 56 32 40 62 5 14 3 33,heads,regular,1
2026-08-13T03:26:20Z,260,51 19 67 74 70 63 62 54 66 6 64 41 52 24 16 61 21 2 15 68,tails,regular,2
2026-08-13T03:29:00Z,261,10 52 12 32 41 58 26 13 27 51 38 68 45 40 49 7 76 34 61 31,heads,regular,2
2026-08-13T03:31:40Z,262,80 42 57 51 5 72 41 60 17 56 20 59 47 26 64 22 4 68 28 16,tails,minor,1
2026-08-13T03:34:20Z,263,51 2 54 11 21 39 50 36 4 60 18 13 77 27 19 28 44 37 32 66,heads,regular,3
2026-08-13T03:37:00Z,264,32 27 41 42 49 29 14 2 13 28 8 15 77 45 4 24 38 35 68 57,heads,regular,3
2026-08-13T03:39:40Z,265,26 31 63 49 34 64 10 78 41 27 70 3 14 59 35 19 53 4 13 50,heads,major,1
2026-08-13T03:42:20Z,266,4 70 60 9 37 38 41 14 29 57 35 39 44 48 76 75 16 18 68 55,evens,regular,3
2026-08-13T03:45:00Z,267,67 68 62 19 78 12 37 53 41 43 59 32 15 70 20 80 54 40 22 7,tails,regular,1
2026-08-13T03:47:40Z,268,6 69 48 68 9 39 52 51 61 31 64 65 49 34 42 29 75 4 17 46,tails,regular,3
2026-08-13T03:50:20Z,269,3 2 51 71 24 53 45 68 59 72 20 61 74 34 11 73 16 18 32 38,evens,regular,2
2026-08-13T03:53:00Z,270,73 13 38 2 60 10 79 54 6 56 5 78 51 66 8 12 1 4 41 25,heads,minor,1
2026-08-13T03:55:40Z,271,35 12 58 56 36 40 4 8 22 14 73 24 19 64 3 50 7 26 21 45,heads,major,3
2026-08-13T03:58:20Z,272,76 61 30 69 29 3 9 45 80 70 34 64 2 59 78 77 68 62 42 66,tails,minor,2
2026-08-13T04:01:00Z,273,18 39 24 43 75 36 68 20 21 4 5 67 52 69 2 49 70 77 44 14,evens,regular,1
2026-08-13T04:03:40Z,274,34 40 55 59 36 38 3 62 28 54 48 60 19 35 79 69 42 21 18 4,heads,regular,3
2026-08-13T04:06:20Z,275,50 34 38 52 75 29 6 3 67 41 12 45 25 4 44 8 69 32 68 73,evens,regular,2
2026-08-13T04:09:00Z,276,12 10 58 27 46 68 15 43 55 38 13 44 71 50 72 70 1 11 56 36,tails,regular,3
2026-08-13T04:11:40Z,277,30 60 68 58 10 28 25 24 21 44 27 15 36 69 70 51 39 54 2 63,heads,regular,3
2026-08-13T04:14:20Z,278,49 53 4 10 46 52 61 64 70 14 39 72 11 25 36 42 60 75 73 13,tails,major,1
2026-08-13T04:17:00Z,279,46 5 16 22 56 62 3 38 64 25 55 61 32 59 18 75 72 77 58 28,tails,major,3
2026-08-13T04:19:40Z,280,41 33 10 44 49 66 68 80 69 34 70 67 77 3 50 73 78 31 56 12,tails,regular,1
2026-08-13T04:22:20Z,281,42 76 36 66 46 35 78 71 79 64 3 16 6 56 30 1 54 14 74 20,tails,regular,3
2026-08-13T04:25:00Z,282,49 4 43 62 9 68 69 71 72 48 67 75 35 44 19 24 73 57 10 60,tails,regular,2
2026-08-13T04:27:40Z,283,64 48 34 71 56 69 11 70 52 55 16 79 15 29 67 62 73 25 75 60,tails,regular,1
2026-08-13T04:30:20Z,284,76 49 78 62 2 61 5 51 47 12 58 68 42 6 39 25 50 53 66 22,tails,major,3
2026-08-13T04:33:00Z,285,13 33 46 34 57 12 37 51 8 69 48 65 73 55 63 5 11 18 7 39,heads,regular,3
2026-08-13T04:35:40Z,286,43 67 41 46 71 4 76 21 13 55 79 65 38 39 31 19 2 34 11 57,evens,regular,1
2026-08-13T04:38:20Z,287,63 69 67 5 22 75 77 14 71 51 24 39 19 61 47 42 53 70 6 54,tails,regular,1
2026-08-13T04:41:00Z,288,27 15 71 63 3 1 62 80 73 70 35 36 47 16 58 60 64 43 52 31,tails,minor,1
2026-08-13T04:43:40Z,289,62 7 79 59 55 41 54 14 52 26 15 70 38 45 64 61 46 18 27 48,tails,regular,3
2026-08-13T04:46:20Z,290,30 43 26 65 28 2 58 5 54 20 76 72 56 45 7 24 67 27 10 44,evens,regular,1
2026-08-13T04:49:00Z,291,47 2 53 54 66 40 77 12 69 44 11 42 13 1 56 3 34 80 10 30,evens,regular,3
2026-08-13T04:51:40Z,292,18 37 44 58 47 29 4 6 26 39 76 50 46 24 56 62 3 15 51 31,heads,major,1
2026-08-13T04:54:20Z,293,8 61 14 77 57 43 73 28 10 51 33 47 78 13 48 63 37 32 24 46,tails,regular,2
2026-08-13T04:57:00Z,294,41 46 65 38 36 77 10 50 44 74 45 49 11 62 23 51 35 7 8 28,tails,regular,1
2026-08-13T04:59:40Z,295,2 24 75 71 69 26 68 74 76 77 5 72 60 62 41 50 63 7 8 9,tails,regular,1
2026-08-13T05:02:20Z,296,59 31 8 53 52 65 60 21 42 66 5 15 2 22 13 36 49 75 78 38,evens,minor,4
2026-08-13T05:05:00Z,297,42 6 78 71 54 69 21 14 49 47 57 37 60 70 52 11 59 17 5 33,tails,regular,1
2026-08-13T05:07:40Z,298,48 74 31 69 39 43 5 40 24 49 19 67 46 62 13 53 15 56 65 70,tails,regular,1
2026-08-13T05:10:20Z,299,37 41 53 32 50 54 39 40 14 4 36 1 61 59 25 67 23 15 46 22,heads,regular,1
2026-08-13T05:13:00Z,300,51 54 22 33 58 7 19 72 73 49 57 67 10 70 6 14 66 75 5 77,tails,regular,2
2026-08-13T05:15:40Z,301,52 78 20 16 61 22 26 12 58 8 59 28 64 24 77 68 80 62 36 19,evens,regular,3
2026-08-13T05:18:20Z,302,8 39 44 13 43 63 7 37 10 61 11 78 30 34 19 3 42 66 4 64,heads,minor,1
2026-08-13T05:21:00Z,303,71 11 70 80 2 47 65 77 12 56 21 79 22 54 35 32 13 43 74 61,tails,regular,1
2026-08-13T05:23:40Z,304,45 20 64 44 58 39 6 4 40 53 78 73 55 77 1 52 60 2 30 9,tails,regular,2
2026-08-13T05:26:20Z,305,51 31 65 27 57 78 62 37 44 19 3 67 1 80 14 11 29 10 69 45,evens,regular,1
2026-08-13T05:29:00Z,306,6 68 40 55 62 8 57 4 72 76 38 24 47 27 39 79 74 26 21 10,heads,regular,3
2026-08-13T05:31:40Z,307,71 3 34 75 78 26 15 80 8 28 60 50 39 17 23 63 2 5 69 31,heads,regular,2
2026-08-13T05:34:20Z,308,72 50 4 2 26 28 66 34 64 18 79 24 71 31 42 73 47 40 16 36,heads,minor,10
2026-08-13T05:37:00Z,309,52 48 71 70 32 6 49 45 65 15 41 68 12 37 60 11 5 51 1 7,tails,major,1
2026-08-13T05:39:40Z,310,15 8 38 9 6 32 68 57 29 78 44 11 19 50 61 49 55 28 70 35,heads,regular,1
2026-08-13T05:42:20Z,311,49 51 13 27 78 55 41 12 7 25 21 67 4 37 60 57 71 3 70 80,tails,regular,1
2026-08-13T05:45:00Z,312,68 25 13 28 2 70 73 40 39 51 58 47 36 59 64 15 52 66 54 56,tails,minor,3
2026-08-13T05:47:40Z,313,62 20 26 5 17 72 78 48 2 59 16 69 3 14 23 42 13 24 38 11,heads,regular,10
2026-08-13T05:50:20Z,314,33 12 18 73 16 5 66 49 10 41 9 19 61 51 2 71 31 30 70 32,heads,regular,5
2026-08-13T05:53:00Z,315,77 71 17 75 12 39 52 11 76 80 68 45 34 43 2 65 9 7 10 14,evens,regular,1
2026-08-13T05:55:40Z,316,59 71 4 38 58 60 43 3 17 49 76 13 42 72 19 35 8 47 14 33,evens,regular,3
2026-08-13T05:58:20Z,317,66 28 19 13 29 51 69 70 73 42 18 10 34 53 64 1 12 52 59 22,evens,major,1
2026-08-13T06:01:00Z,318,56 18 21 39 52 65 48 74 62 49 3 13 19 51 7 63 35 40 30 47,evens,regular,1
2026-08-13T06:03:40Z,319,10 75 50 48 24 61 3 51 46 57 73 44 1 55 80 31 4 19 35 40,tails,regular,1
2026-08-13T06:06:20Z,320,64 75 5 79 29 6 55 32 18 67 15 17 57 7 63 72 37 36 23 9,heads,minor,2
2026-08-13T06:09:00Z,321,29 13 33 27 4 67 53 74 44 45 54 25 72 57 62 23 48 2 14 24,evens,regular,3
2026-08-13T06:11:40Z,322,60 69 8 53 57 14 32 36 66 5 1 30 40 56 7 73 4 65 17 67,heads,minor,2
2026-08-13T06:14:20Z,323,17 34 12 29 48 14 59 35 49 43 40 67 57 26 33 51 9 19 63 20,heads,major,1
2026-08-13T06:17:00Z,324,12 68 3 27 31 57 78 69 17 55 32 58 76 77 66 42 5 40 22 51,tails,minor,3
2026-08-13T06:19:40Z,325,18 60 27 25 48 23 24 38 75 80 3 39 14 13 36 19 56 63 9 50,heads,regular,3
2026-08-13T06:22:20Z,326,10 17 45 16 8 60 39 2 1 24 33 49 12 32 62 77 35 72 13 67,heads,regular,1
2026-08-13T06:25:00Z,327,57 1 80 7 4 38 50 36 70 8 65 21 60 6 68 63 43 41 39 45,tails,minor,1
2026-08-13T06:27:40Z,328,23 11 71 27 28 35 6 5 51 64 15 59 60 4 62 19 48 20 38 41,heads,regular,2
2026-08-13T06:30:20Z,329,2 8 12 74 56 77 37 76 27 68 75 49 26 73 34 67 38 46 60 45,tails,regular,3
2026-08-13T06:33:00Z,330,18 12 46 29 53 23 59 49 10 65 80 70 58 60 77 26 72 55 47 79,tails,regular,10
2026-08-13T06:35:40Z,331,76 65 9 54 43 28 70 17 25 13 33 32 38 34 6 58 11 4 23 22,heads,minor,2
2026-08-13T06:38:20Z,332,53 49 30 41 37 16 42 39 65 15 78 21 29 31 69 32 80 26 8 45,heads,major,2
2026-08-13T06:41:00Z,333,37 27 16 14 43 76 71 67 55 72 32 65 26 46 59 51 34 35 61 39,tails,regular,1
2026-08-13T06:43:40Z,334,74 13 8 28 38 55 59 31 5 57 12 70 67 53 15 16 80 79 9 69,evens,regular,4
2026-08-13T06:46:20Z,335,61 78 51 5 22 52 17 71 41 7 60 38 77 74 11 32 16 44 76 72,tails,regular,1
2026-08-13T06:49:00Z,336,7 63 39 79 12 21 44 56 3 28 4 73 29 46 20 37 34 80 35 14,heads,minor,2
2026-08-13T06:51:40Z,337,45 23 6 69 28 43 49 4 60 30 53 44 65 68 8 77 16 27 66 51,tails,minor,1
2026-08-13T06:54:20Z,338,15 33 41 31 35 1 71 26 24 38 25 18 68 80 40 16 43 22 29 30,heads,regular,1
2026-08-13T06:57:00Z,339,32 61 41 77 39 56 48 14 33 21 64 69 9 68 1 29 63 79 49 3,tails,minor,3
2026-08-13T06:59:40Z,340,2 33 15 13 36 70 57 64 30 44 4 68 58 27 25 46 59 24 66 10,heads,minor,1
2026-08-13T07:02:20Z,341,27 12 24 48 64 76 68 7 49 74 78 19 2 47 14 31 37 10 32 3,heads,major,1
2026-08-13T07:05:00Z,342,11 2 19 49 38 32 71 63 3 77 67 20 27 56 80 66 29 50 25 60,evens,regular,2
2026-08-13T07:07:40Z,343,71 77 62 19 56 21 1 36 70 59 2 15 4 11 40 53 8 7 38 63,heads,regular,1
2026-08-13T07:10:20Z,344,53 12 77 36 59 14 35 23 32 52 20 70 61 45 55 60 26 38 49 7,evens,regular,3
2026-08-13T07:13:00Z,345,58 22 6 36 61 21 80 18 54 50 56 69 14 20 26 12 3 55 46 15,heads,major,1
2026-08-13T07:15:40Z,346,3 20 71 4 54 35 65 66 11 15 70 61 17 6 22 18 53 38 75 50,heads,regular,5
2026-08-13T07:18:20Z,347,28 70 15 5 29 35 36 34 59 32 24 33 54 25 18 74 11 14 6 13,heads,regular,1
2026-08-13T07:21:00Z,348,38 62 67 2 11 18 54 68 72 19 26 47 53 41 12 61 3 10 32 77,evens,regular,1
2026-08-13T07:23:40Z,349,64 29 62 37 39 48 30 75 21 69 55 6 3 49 53 68 7 18 33 41,evens,regular,1
2026-08-13T07:26:20Z,350,65 73 21 76 7 19 3 72 64 25 56 79 39 13 68 11 9 42 52 40,evens,regular,1
2026-08-13T07:29:00Z,351,32 29 74 30 75 62 15 70 79 58 56 71 24 16 5 64 69 68 1 25,tails,regular,1
2026-08-13T07:31:40Z,352,20 48 8 28 47 38 11 19 78 52 3 61 6 72 4 35 80 44 17 68,heads,minor,3
2026-08-13T07:34:20Z,353,79 16 42 3 22 73 12 64 21 14 77 74 45 7 32 50 35 5 30 19,heads,regular,3
2026-08-13T07:37:00Z,354,19 3 46 13 62 23 10 35 70 11 27 36 50 67 26 37 72 39 15 14,heads,regular,3
2026-08-13T07:39:40Z,355,25 72 39 37 29 35 51 23 13 67 71 75 38 66 59 24 76 61 55 45,tails,minor,2
2026-08-13T07:42:20Z,356,31 54 64 50 30 1 19 51 68 20 12 24 60 33 61 34 2 52 62 32,heads,minor,2
2026-08-13T07:45:00Z,357,55 57 34 20 6 45 73 40 15 38 69 7 77 66 27 32 70 22 18 35,heads,major,2
2026-08-13T07:47:40Z,358,44 67 47 69 74 35 56 51 2 40 52 55 75 59 28 39 9 30 17 58,tails,minor,1
2026-08-13T07:50:20Z,359,13 28 56 70 6 7 21 78 74 66 18 38 72 22 75 57 52 9 58 2,evens,regular,2
2026-08-13T07:53:00Z,360,60 75 27 56 67 34 50 40 21 73 45 79 31 58 12 23 26 15 76 25,evens,major,1
2026-08-13T07:55:40Z,361,46 77 33 38 66 75 44 37 14 39 65 11 4 30 12 54 7 35 48 78,heads,regular,1
2026-08-13T07:58:20Z,362,78 12 74 28 66 25 17 7 1 43 57 6 65 62 40 71 64 26 18 29,heads,regular,1
2026-08-13T08:01:00Z,363,20 39 29 32 22 65 69 61 19 62 41 33 57 34 75 1 9 17 46 30,heads,regular,3
2026-08-13T08:03:40Z,364,46 28 75 15 35 21 17 53 43 30 16 11 32 70 13 44 60 37 3 19,heads,regular,2
2026-08-13T08:06:20Z,365,54 1 45 71 77 5 78 6 76 12 44 21 48 65 20 4 13 42 75 51,tails,minor,1
2026-08-13T08:09:00Z,366,54 2 57 65 16 40 24 46 4 13 76 71 49 47 78 63 35 53 6 39,tails,regular,4
2026-08-13T08:11:40Z,367,8 39 19 52 20 67 2 30 72 12 63 77 33 62 64 55 16 53 69 25,evens,regular,4
2026-08-13T08:14:20Z,368,67 20 23 48 78 74 18 56 4 32 50 38 42 10 43 27 59 65 72 62,tails,regular,1
2026-08-13T08:17:00Z,369,76 13 45 6 54 57 10 37 17 74 29 12 20 52 65 44 14 32 26 21,heads,major,3
2026-08-13T08:19:40Z,370,1 2 50 4 17 14 65 39 57 22 24 55 61 34 74 35 71 75 52 42,evens,regular,3
2026-08-13T08:22:20Z,371,52 56 62 22 11 65 27 70 69 55 21 41 64 35 68 25 8 36 39 1,evens,major,1
2026-08-13T08:25:00Z,372,42 27 6 76 75 77 63 71 17 59 49 65 5 40 53 56 50 10 45 3,tails,minor,2
2026-08-13T08:27:40Z,373,12 8 2 68 71 26 53 67 47 5 78 41 49 79 70 62 74 6 56 69,tails,regular,1
2026-08-13T08:30:20Z,374,70 53 11 75 37 57 65 64 39 33 29 46 30 77 36 44 51 45 60 58,tails,regular,1
2026-08-13T08:33:00Z,375,11 13 40 3 32 21 17 57 41 45 24 75 77 26 2 5 37 23 73 54,heads,minor,1
2026-08-13T08:35:40Z,376,62 7 76 12 63 14 72 8 27 2 58 38 9 39 17 69 75 65 22 55,heads,minor,4
2026-08-13T08:38:20Z,377,6 79 73 67 65 39 59 61 23 44 51 36 70 53 55 46 34 10 33 57,tails,minor,2
2026-08-13T08:41:00Z,378,56 59 20 39 23 50 8 60 21 35 3 18 10 67 36 34 71 12 15 26,heads,regular,2
2026-08-13T08:43:40Z,379,36 6 67 20 74 22 28 49 62 16 26 64 8 54 53 11 2 65 5 43,heads,regular,1
2026-08-13T08:46:20Z,380,54 49 30 22 31 66 70 75 56 17 62 42 69 19 39 45 43 2 47 16,tails,regular,1
2026-08-13T08:49:00Z,381,74 25 75 16 27 77 5 37 50 59 38 71 39 40 9 62 30 42 35 26,heads,regular,1
2026-08-13T08:51:40Z,382,48 31 39 46 22 79 6 49 28 71 27 5 20 41 53 3 61 21 9 16,heads,regular,3
2026-08-13T08:54:20Z,383,38 76 25 20 16 15 45 66 24 75 43 50 39 23 9 14 74 80 28 62,heads,regular,2
2026-08-13T08:57:00Z,384,40 66 71 15 19 20 62 55 7 35 59 38 44 53 77 69 49 6 67 31,tails,regular,1
2026-08-13T08:59:40Z,385,30 55 41 60 23 15 31 59 35 51 56 57 21 3 65 1 42 6 75 18,evens,regular,3
2026-08-13T09:02:20Z,386,11 12 80 54 2 68 8 6 45 23 60 53 16 49 76 27 72 28 30 17,heads,regular,1
2026-08-13T09:05:00Z,387,48 41 42 1 17 31 3 66 69 61 19 4 28 10 70 18 16 67 11 79,heads,major,2
2026-08-13T09:07:40Z,388,79 7 71 38 17 8 1 62 69 49 31 27 39 72 41 28 16 10 6 45,heads,regular,3
2026-08-13T09:10:20Z,389,19 41 80 76 57 3 18 58 6 26 11 43 79 70 53 56 50 47 68 22,tails,regular,1
2026-08-13T09:13:00Z,390,26 10 78 60 62 5 35 16 38 79 67 18 41 56 61 37 11 43 52 32,evens,major,1
2026-08-13T09:15:40Z,391,50 72 7 1 10 79 69 77 17 63 6 62 43 66 30 74 26 57 41 61,tails,major,1
2026-08-13T09:18:20Z,392,28 70 29 35 54 74 52 7 44 16 25 45 59 64 27 4 10 55 20 60,evens,regular,1
2026-08-13T09:21:00Z,393,73 10 56 35 21 27 31 52 5 19 40 20 43 37 46 12 42 64 69 63,heads,regular,1
2026-08-13T09:23:40Z,394,30 68 26 17 23 65 44 47 5 76 8 75 1 36 43 28 57 42 31 45,evens,major,1
2026-08-13T09:26:20Z,395,50 78 5 23 22 9 44 48 69 73 14 12 43 58 79 11 42 66 1 59,tails,major,2
2026-08-13T09:29:00Z,396,21 42 23 9 57 35 44 79 70 16 61 18 29 47 69 33 54 48 12 27,evens,regular,3
2026-08-13T09:31:40Z,397,66 78 9 50 52 15 73 17 74 30 24 13 10 34 51 28 16 70 6 79,heads,regular,2
2026-08-13T09:34:20Z,398,30 32 70 34 46 35 4 21 68 45 12 41 47 23 39 51 31 26 71 59,heads,major,1
2026-08-13T09:37:00Z,399,8 51 57 15 60 49 26 79 47 67 19 9 17 80 76 1 58 36 18 71,tails,minor,2
2026-08-13T09:39:40Z,400,42 24 31 8 56 74 46 7 64 37 11 19 9 47 5 58 50 20 65 53,evens,regular,3
2026-08-13T09:42:20Z,401,24 19 34 52 50 4 64 78 3 49 79 16 15 22 72 80 59 71 77 66,tails,minor,1
2026-08-13T09:45:00Z,402,43 51 44 39 29 30 24 64 37 59 67 62 70 77 21 10 56 57 58 20,tails,regular,3
2026-08-13T09:47:40Z,403,25 64 70 10 28 4 75 38 14 22 34 44 47 51 46 11 57 31 15 18,heads,major,3
2026-08-13T09:50:20Z,404,71 18 14 11 44 34 5 16 41 17 1 48 57 56 70 62 25 75 12 78,evens,regular,1
2026-08-13T09:53:00Z,405,16 79 72 41 70 68 37 14 56 24 5 48 15 29 42 13 6 28 67 46,evens,regular,2
2026-08-13T09:55:40Z,406,15 3 1 68 38 56 37 10 21 72 53 76 55 31 66 51 41 2 77 62,tails,minor,1
2026-08-13T09:58:20Z,407,77 53 24 52 7 15 69 35 60 37 32 17 65 67 50 23 47 44 4 31,evens,major,3
2026-08-13T10:01:00Z,408,26 38 28 5 74 47 12 33 43 1 57 29 11 35 58 65 55 31 60 79,heads,minor,3
2026-08-13T10:03:40Z,409,61 30 28 64 50 19 27 74 47 42 44 34 54 15 35 59 60 80 36 48,tails,minor,1
2026-08-13T10:06:20Z,410,63 34 45 11 9 69 30 77 50 6 75 29 21 56 71 48 70 16 26 7,evens,regular,1
2026-08-13T10:09:00Z,411,75 52 42 28 29 62 56 68 45 9 20 34 73 33 48 15 50 64 10 26,tails,regular,2
2026-08-13T10:11:40Z,412,21 27 16 68 62 34 17 41 80 61 18 10 56 63 28 77 60 43 50 37,tails,major,1
2026-08-13T10:14:20Z,413,12 15 36 43 39 23 9 28 66 26 63 57 67 38 20 1 42 21 65 29,heads,minor,2
2026-08-13T10:17:00Z,414,7 17 77 8 53 70 21 39 78 74 42 32 29 31 28 33 27 38 80 46,heads,major,4
2026-08-13T10:19:40Z,415,6 20 5 63 29 68 2 48 79 73 55 62 1 52 21 3 31 24 27 45,heads,regular,2
2026-08-13T10:22:20Z,416,50 44 21 26 67 75 33 17 13 16 78 2 38 32 65 70 79 25 49 54,evens,regular,1
2026-08-13T10:25:00Z,417,57 61 79 59 77 53 11 52 3 27 8 44 58 10 56 5 36 15 14 78,tails,regular,2
2026-08-13T10:27:40Z,418,13 65 74 4 11 36 21 24 2 45 48 43 75 50 16 66 46 30 23 17,heads,minor,1
2026-08-13T10:30:20Z,419,71 16 79 53 40 37 38 8 18 33 47 10 64 43 34 57 7 6 54 4,heads,regular,1
2026-08-13T10:33:00Z,420,43 40 60 58 57 6 8 52 16 22 7 36 44 38 10 64 28 14 54 49,heads,minor,1
2026-08-13T10:35:40Z,421,59 43 79 25 72 41 28 7 55 10 75 11 27 18 67 54 12 78 68 21,tails,minor,3
2026-08-13T10:38:20Z,422,63 71 38 42 23 72 20 3 30 43 69 78 55 9 39 66 25 8 47 65,tails,regular,1
2026-08-13T10:41:00Z,423,39 22 62 55 20 1 47 25 79 57 69 64 37 32 76 50 17 80 28 34,evens,regular,3
2026-08-13T10:43:40Z,424,63 50 45 70 67 47 65 71 77 44 53 31 20 61 14 27 51 74 72 73,tails,minor,1
2026-08-13T10:46:20Z,425,54 9 78 30 39 37 48 29 73 15 18 34 12 68 36 50 56 13 55 70,heads,regular,3
2026-08-13T10:49:00Z,426,52 9 55 37 19 65 62 8 11 48 12 59 63 14 78 33 24 38 47 20,heads,regular,5
2026-08-13T10:51:40Z,427,14 39 77 32 55 54 51 1 10 76 60 44 41 11 79 69 31 34 43 68,tails,minor,2
2026-08-13T10:54:20Z,428,70 58 72 18 46 45 26 80 57 28 10 4 14 53 30 25 71 5 51 12,evens,regular,2
2026-08-13T10:57:00Z,429,49 57 2 26 30 45 76 78 58 75 46 27 41 24 43 68 6 52 20 5,tails,regular,1
2026-08-13T10:59:40Z,430,41 48 20 19 3 79 22 52 1 28 71 37 35 39 33 49 14 9 69 43,heads,regular,3
2026-08-13T11:02:20Z,431,77 78 67 1 17 28 60 58 29 79 48 44 55 72 59 5 39 21 46 10,tails,major,1
2026-08-13T11:05:00Z,432,58 78 54 48 76 71 68 43 26 72 9 36 7 5 50 42 4 18 23 73,tails,regular,1
2026-08-13T11:07:40Z,433,28 6 35 32 59 75 41 61 14 66 34 63 4 31 19 2 50 67 21 79,heads,minor,3
2026-08-13T11:10:20Z,434,43 70 2 49 35 59 19 80 67 75 37 30 74 53 76 41 42 62 78 10,tails,regular,1
2026-08-13T11:13:00Z,435,69 43 45 64 24 68 23 37 26 47 18 8 5 62 80 30 73 70 71 33,tails,regular,2
2026-08-13T11:15:40Z,436,50 16 18 1 76 44 67 79 11 73 51 68 37 71 27 31 2 36 42 24,evens,regular,3
2026-08-13T11:18:20Z,437,50 68 31 8 9 40 45 73 55 72 80 29 5 17 43 46 66 27 16 52,tails,minor,1
2026-08-13T11:21:00Z,438,14 45 46 74 54 37 16 53 49 62 1 59 80 32 64 70 35 58 47 13,tails,regular,1
2026-08-13T11:23:40Z,439,32 9 7 14 78 80 55 71 79 4 54 3 5 77 15 75 28 18 70 67,evens,regular,3
2026-08-13T11:26:20Z,440,14 44 17 62 12 3 61 8 27 39 65 48 79 18 75 40 45 46 51 23,evens,regular,2
2026-08-13T11:29:00Z,441,2 52 9 51 49 43 29 20 79 34 69 66 26 77 71 14 38 12 53 50,tails,minor,2
2026-08-13T11:31:40Z,442,6 75 76 78 18 8 23 13 26 9 42 62 55 33 4 58 67 69 54 38,evens,minor,2
2026-08-13T11:34:20Z,443,13 7 46 58 11 63 39 15 29 27 50 52 5 38 76 30 53 18 17 55,heads,regular,2
2026-08-13T11:37:00Z,444,32 21 42 13 2 18 41 65 45 50 61 53 59 7 56 46 49 67 19 8,tails,regular,5
2026-08-13T11:39:40Z,445,36 13 69 11 48 54 74 68 20 62 51 43 52 77 12 23 56 50 55 75,tails,minor,1
2026-08-13T11:42:20Z,446,42 75 8 76 69 70 2 24 26 11 34 39 49 73 52 53 17 19 15 47,evens,regular,2
2026-08-13T11:45:00Z,447,56 27 71 68 16 49 51 77 73 52 36 8 24 66 26 55 5 63 47 53,tails,regular,1
2026-08-13T11:47:40Z,448,72 56 20 21 59 33 15 8 2 9 50 40 44 14 28 13 47 66 61 46,heads,major,3
2026-08-13T11:50:20Z,449,33 44 28 56 31 53 1 18 13 26 69 24 12 20 35 10 77 11 14 75,heads,regular,3
2026-08-13T11:53:00Z,450,23 46 11 50 61 41 55 63 24 78 54 39 72 56 9 57 29 20 80 43,tails,major,1
2026-08-13T11:55:40Z,451,14 45 30 75 34 68 8 17 19 31 63 42 73 71 21 39 74 53 46 35,evens,regular,1
2026-08-13T11:58:20Z,452,32 67 53 18 4 30 26 6 14 45 19 16 25 11 80 46 17 68 36 41,heads,regular,3
2026-08-13T12:01:00Z,453,13 30 72 60 23 16 78 47 37 50 59 29 42 74 68 65 32 77 44 40,tails,major,1
2026-08-13T12:03:40Z,454,62 59 8 32 78 41 80 68 44 67 70 11 54 48 23 40 73 69 2 42,tails,regular,10
2026-08-13T12:06:20Z,455,7 57 5 49 2 10 6 55 73 68 38 54 21 3 12 48 72 31 26 80,heads,regular,1
2026-08-13T12:09:00Z,456,42 65 27 50 60 51 2 32 38 66 21 70 10 40 29 69 26 17 57 22,heads,regular,3
2026-08-13T12:11:40Z,457,26 20 53 25 52 67 64 65 12 23 11 70 79 29 63 4 33 28 37 16,heads,regular,2
2026-08-13T12:14:20Z,458,15 24 18 28 36 52 69 65 10 50 26 3 60 61 37 17 75 51 23 34,heads,regular,5
2026-08-13T12:17:00Z,459,3 13 57 41 72 54 78 63 27 59 5 18 23 17 15 45 73 8 48 7,evens,regular,3
2026-08-13T12:19:40Z,460,18 34 24 63 42 25 27 54 6 7 46 45 78 57 71 17 29 40 50 62,evens,regular,2
2026-08-13T12:22:20Z,461,27 76 58 42 79 60 73 69 80 8 71 30 70 46 54 67 24 4 32 9,tails,minor,2
2026-08-13T12:25:00Z,462,55 15 52 13 23 71 53 54 11 47 20 10 24 50 48 34 39 19 2 18,heads,minor,1
2026-08-13T12:27:40Z,463,39 24 55 43 50 15 48 34 7 78 73 31 76 35 27 61 72 14 66 16,evens,regular,2
2026-08-13T12:30:20Z,464,71 80 28 43 70 55 75 64 32 62 36 16 1 66 12 79 20 34 73 21,tails,regular,1
2026-08-13T12:33:00Z,465,65 64 20 55 47 43 5 6 76 16 69 62 33 31 30 12 37 35 70 26,heads,minor,1
2026-08-13T12:35:40Z,466,42 48 44 71 46 67 29 51 69 30 74 52 34 27 13 21 75 23 6 57,tails,regular,1
2026-08-13T12:38:20Z,467,57 54 79 23 17 52 66 11 56 60 51 10 48 21 53 16 22 6 38 19,evens,regular,1
2026-08-13T12:41:00Z,468,35 63 40 54 48 62 37 51 45 79 80 22 49 41 76 46 71 15 73 65,tails,regular,1
2026-08-13T12:43:40Z,469,5 7 33 14 73 46 48 78 30 23 75 56 22 44 4 10 28 49 26 32,heads,minor,2
2026-08-13T12:46:20Z,470,2 18 31 13 40 19 52 75 54 35 22 4 49 62 73 26 79 53 77 10,heads,regular,3
2026-08-13T12:49:00Z,471,14 13 10 38 78 24 19 43 47 66 59 62 73 77 26 2 40 28 42 5,heads,minor,2
2026-08-13T12:51:40Z,472,77 23 26 60 69 68 75 59 21 70 38 37 13 57 65 55 27 40 51 1,tails,major,5
2026-08-13T12:54:20Z,473,33 74 76 34 31 36 50 54 65 53 28 80 16 13 5 45 37 42 69 75,tails,minor,3
2026-08-13T12:57:00Z,474,27 42 56 4 74 52 46 79 31 65 32 34 62 24 12 45 64 20 23 3,evens,regular,2
2026-08-13T12:59:40Z,475,4 27 51 8 12 57 75 59 47 11 16 14 69 41 1 35 37 26 72 71,heads,regular,1
2026-08-13T13:02:20Z,476,69 5 60 24 42 72 31 80 46 9 23 70 75 28 11 6 36 48 52 4,evens,regular,2
2026-08-13T13:05:00Z,477,76 73 77 2 74 35 42 40 64 20 71 28 6 56 25 75 1 30 21 61,evens,minor,1
2026-08-13T13:07:40Z,478,29 5 58 60 26 12 59 66 45 48 47 77 22 19 28 35 32 53 21 17,heads,regular,1
2026-08-13T13:10:20Z,479,15 60 29 43 42 6 26 68 4 38 75 10 27 41 67 33 22 80 18 16,heads,regular,3
2026-08-13T13:13:00Z,480,55 52 18 35 38 13 12 46 78 31 48 7 76 25 58 17 59 10 20 57,heads,regular,1
2026-08-13T13:15:40Z,481,29 67 65 9 27 20 41 22 59 68 58 8 61 75 48 39 25 7 57 35,evens,regular,1
2026-08-13T13:18:20Z,482,46 4 33 61 26 11 73 2 57 31 3 14 9 72 68 20 21 48 66 17,heads,minor,1
2026-08-13T13:21:00Z,483,24 44 55 10 22 36 79 15 7 54 42 45 26 53 40 6 76 49 29 2,heads,regular,2
2026-08-13T13:23:40Z,484,54 65 77 13 46 34 2 41 17 37 23 69 14 78 35 48 3 1 53 75,evens,major,1
2026-08-13T13:26:20Z,485,44 35 55 8 50 77 14 4 70 6 46 29 16 39 18 3 2 67 68 45,heads,regular,2
2026-08-13T13:29:00Z,486,16 6 39 47 10 42 65 50 9 63 25 80 14 59 60 5 1 61 62 69,tails,regular,1
2026-08-13T13:31:40Z,487,80 56 39 67 10 11 59 58 46 5 20 27 66 45 35 72 34 38 75 21,evens,regular,2
2026-08-13T13:34:20Z,488,54 62 22 69 73 61 5 77 56 24 66 78 57 45 71 31 21 58 28 80,tails,regular,2
2026-08-13T13:37:00Z,489,77 73 66 39 35 79 13 22 34 80 23 21 53 29 72 67 4 1 9 10,heads,regular,1
2026-08-13T13:39:40Z,490,68 9 53 44 27 72 76 50 54 8 6 42 13 35 79 67 47 71 21 51,tails,major,1
2026-08-13T13:42:20Z,491,41 4 46 18 68 34 29 36 14 31 2 69 22 71 30 21 61 77 28 57,heads,regular,1
2026-08-13T13:45:00Z,492,80 69 64 67 36 16 61 31 2 23 38 68 50 63 55 12 57 41 75 9,tails,regular,2
2026-08-13T13:47:40Z,493,36 38 30 65 50 53 34 66 27 10 58 78 43 8 56 44 31 3 2 40,heads,minor,4
2026-08-13T13:50:20Z,494,63 5 23 69 35 24 47 80 2 75 57 33 42 3 15 10 56 64 45 13,evens,regular,3
2026-08-13T13:53:00Z,495,47 68 79 71 59 51 11 63 44 21 4 74 45 76 39 40 80 61 15 50,tails,major,4
2026-08-13T13:55:40Z,496,44 10 22 11 48 9 12 30 47 79 38 71 39 68 32 74 59 45 6 69,evens,regular,1
2026-08-13T13:58:20Z,497,12 49 73 26 7 63 20 80 28 43 34 77 13 75 55 21 10 74 27 24,heads,minor,2
2026-08-13T14:01:00Z,498,12 15 54 53 27 32 50 19 33 26 44 7 24 65 58 69 74 67 51 2,evens,regular,5
2026-08-13T14:03:40Z,499,65 29 64 56 11 12 75 33 42 39 16 21 66 41 71 49 43 60 35 67,tails,minor,1
2026-08-13T14:06:20Z,500,21 9 29 58 28 44 71 80 74 30 48 79 46 20 40 53 37 23 41 61,tails,minor,1
2026-08-13T14:09:00Z,501,23 11 61 41 37 76 43 18 35 47 49 58 26 38 29 65 15 39 32 22,heads,regular,1
2026-08-13T14:11:40Z,502,29 77 35 22 7 67 78 18 50 36 74 40 12 52 5 3 26 54 44 59,heads,major,1
2026-08-13T14:14:20Z,503,75 50 42 33 35 4 7 30 1 26 60 31 79 46 69 64 55 68 61 17,tails,minor,1
2026-08-13T14:17:00Z,504,42 52 6 80 20 47 36 69 8 50 44 67 4 3 26 21 39 79 1 37,heads,regular,2
2026-08-13T14:19:40Z,505,70 30 45 41 44 19 62 55 35 20 2 15 25 37 58 4 23 29 51 57,heads,major,1
2026-08-13T14:22:20Z,506,64 16 13 25 26 49 77 7 12 78 11 58 39 70 34 18 59 52 44 30,heads,regular,5
2026-08-13T14:25:00Z,507,49 29 3 24 21 76 14 16 64 56 39 1 57 2 17 54 71 43 51 37,heads,minor,2
2026-08-13T14:27:40Z,508,20 62 72 41 36 59 56 66 12 29 38 48 37 4 61 16 33 55 35 14,heads,regular,3
2026-08-13T14:30:20Z,509,24 78 64 16 45 40 35 49 7 74 53 32 46 6 54 63 77 27 80 30,tails,regular,2
2026-08-13T14:33:00Z,510,75 47 73 14 68 67 6 12 79 59 63 9 4 7 31 52 42 33 56 28,tails,regular,2
2026-08-13T14:35:40Z,511,45 76 3 50 69 24 16 64 11 54 43 36 79 31 4 44 28 6 66 35,evens,minor,2
2026-08-13T14:38:20Z,512,40 42 37 71 13 68 56 29 46 39 74 36 79 27 45 62 33 12 75 67,tails,regular,1
2026-08-13T14:41:00Z,513,80 65 54 71 30 58 27 37 14 68 6 36 17 28 21 32 74 52 59 34,heads,regular,3
2026-08-13T14:43:40Z,514,10 13 38 78 8 67 77 59 25 37 9 21 33 24 31 54 70 43 2 35,heads,regular,2
2026-08-13T14:46:20Z,515,44 65 59 47 10 14 16 64 32 53 38 29 45 5 37 60 31 58 23 41,evens,regular,2
2026-08-13T14:49:00Z,516,58 1 3 27 35 8 37 4 41 55 39 70 65 34 49 74 73 51 53 42,tails,regular,2
2026-08-13T14:51:40Z,517,42 73 58 63 67 48 18 61 28 35 71 65 10 19 5 9 50 1 30 44,tails,regular,1
2026-08-13T14:54:20Z,518,66 25 75 33 55 59 13 47 41 4 80 48 79 7 76 23 29 42 37 20,tails,regular,3
2026-08-13T14:57:00Z,519,30 29 72 23 42 21 51 73 54 44 69 45 74 71 26 47 11 38 18 75,tails,minor,3
2026-08-13T14:59:40Z,520,35 70 59 77 68 23 41 2 3 55 49 72 71 25 17 80 19 48 45 11,tails,regular,3
2026-08-13T15:02:20Z,521,80 63 44 76 16 6 38 20 65 9 34 23 75 52 12 49 10 25 29 21,heads,regular,1
2026-08-13T15:05:00Z,522,61 76 17 48 28 24 45 12 21 16 73 51 63 67 49 64 33 20 43 42,tails,minor,1
2026-08-13T15:07:40Z,523,7 60 51 54 71 9 10 28 62 25 78 68 14 33 61 31 38 77 74 42,tails,major,1
2026-08-13T15:10:20Z,524,16 38 17 10 2 20 3 57 34 9 61 35 41 46 76 39 70 50 49 65,heads,regular,2
2026-08-13T15:13:00Z,525,18 70 24 38 73 65 54 29 33 10 45 34 56 23 37 49 9 66 62 30,heads,regular,2
2026-08-13T15:15:40Z,526,79 62 8 19 5 50 68 6 34 74 28 7 1 9 67 70 61 58 3 60,evens,minor,4
2026-08-13T15:18:20Z,527,19 41 28 8 42 63 60 24 20 32 53 33 70 27 74 68 35 49 66 79,tails,regular,3
2026-08-13T15:21:00Z,528,26 58 38 44 37 19 31 79 23 3 52 56 45 73 55 64 36 4 12 57,evens,regular,1
2026-08-13T15:23:40Z,529,16 49 52 65 22 74 32 41 43 62 69 7 25 60 12 34 70 77 4 5,tails,regular,2
2026-08-13T15:26:20Z,530,61 27 45 70 72 24 34 42 11 36 13 69 16 38 79 5 33 56 15 50,heads,regular,3
2026-08-13T15:29:00Z,531,28 4 27 56 40 38 59 37 36 13 12 52 51 33 7 71 75 29 55 1,heads,minor,2
2026-08-13T15:31:40Z,532,42 64 44 29 5 6 59 13 76 18 65 74 69 4 47 22 15 9 72 46,tails,regular,3
2026-08-13T15:34:20Z,533,69 52 76 39 3 24 60 71 68 62 59 31 11 54 7 58 63 33 40 79,tails,regular,2
2026-08-13T15:37:00Z,534,6 70 51 10 48 16 7 36 39 77 52 30 32 13 72 14 5 18 40 47,heads,major,2
2026-08-13T15:39:40Z,535,27 39 77 9 49 56 67 30 79 10 26 35 12 1 74 64 37 20 47 45,heads,regular,3
2026-08-13T15:42:20Z,536,62 78 2 68 77 58 4 69 12 71 17 53 28 60 55 56 23 14 29 34,tails,regular,3
2026-08-13T15:45:00Z,537,48 15 24 78 65 59 42 9 27 80 72 45 13 58 35 68 77 11 56 49,tails,minor,3
2026-08-13T15:47:40Z,538,3 14 48 66 52 2 67 29 19 44 62 71 27 41 57 55 30 65 34 61,tails,minor,1
2026-08-13T15:50:20Z,539,4 57 79 47 29 31 2 71 78 80 24 8 32 50 41 68 37 34 61 17,evens,minor,3
2026-08-13T15:53:00Z,540,55 75 14 31 78 27 34 37 10 1 51 4 26 72 8 68 21 71 62 77,heads,regular,2
2026-08-13T15:55:40Z,541,18 10 6 65 43 12 14 38 9 44 15 22 48 29 67 7 24 19 40 73,heads,regular,10
2026-08-13T15:58:20Z,542,6 49 18 22 2 63 80 7 48 5 19 51 61 13 60 41 10 25 17 72,heads,regular,1
2026-08-13T16:01:00Z,543,5 43 66 51 39 38 32 7 50 13 65 41 59 52 54 14 67 24 76 73,tails,major,1
2026-08-13T16:03:40Z,544,20 32 19 35 80 48 13 31 21 38 26 60 56 75 22 28 33 17 15 45,heads,regular,2
2026-08-13T16:06:20Z,545,25 50 21 68 43 1 57 47 19 51 8 4 3 79 60 31 64 73 35 54,tails,minor,1
2026-08-13T16:09:00Z,546,72 24 63 35 58 9 73 25 18 74 51 17 67 4 33 62 68 43 47 49,tails,minor,1
2026-08-13T16:11:40Z,547,13 23 50 6 44 73 1 11 32 37 63 20 62 25 31 80 38 64 43 52,heads,regular,1
2026-08-13T16:14:20Z,548,16 40 58 3 52 37 69 18 38 30 12 23 31 64 47 80 32 78 25 71,heads,regular,3
2026-08-13T16:17:00Z,549,65 69 75 3 62 57 52 34 22 66 1 55 8 76 35 73 16 80 2 6,tails,regular,3
2026-08-13T16:19:40Z,550,23 51 67 78 19 40 68 60 27 64 32 63 37 58 59 55 45 30 21 72,tails,regular,1
2026-08-13T16:22:20Z,551,3 56 33 15 39 5 69 10 70 46 54 51 4 29 62 37 38 31 61 27,heads,regular,3
2026-08-13T16:25:00Z,552,25 64 22 13 42 70 50 21 76 59 52 75 34 36 33 12 11 31 24 72,heads,regular,2
2026-08-13T16:27:40Z,553,48 62 74 45 51 38 42 58 71 23 73 59 33 29 61 1 32 47 57 40,tails,regular,1
2026-08-13T16:30:20Z,554,35 3 6 14 39 7 79 64 49 55 73 37 74 22 77 34 23 13 25 47,heads,regular,2
2026-08-13T16:33:00Z,555,12 15 8 74 42 60 73 79 50 32 51 33 43 20 22 39 18 40 3 53,heads,major,1
2026-08-13T16:35:40Z,556,19 2 33 40 45 38 51 28 36 49 76 59 14 34 53 18 60 70 43 31,heads,regular,3
2026-08-13T16:38:20Z,557,79 22 44 76 66 36 62 78 39 24 60 72 41 7 21 4 48 40 64 18,tails,regular,1
2026-08-13T16:41:00Z,558,65 61 69 33 6 21 11 49 48 50 77 41 38 63 60 59 4 10 42 55,tails,regular,4
2026-08-13T16:43:40Z,559,51 46 63 73 39 56 26 28 53 22 69 65 21 10 4 55 35 24 6 2,heads,minor,3
2026-08-13T16:46:20Z,560,30 70 6 32 10 21 39 77 64 34 11 65 44 19 47 28 13 54 68 4,heads,regular,1
2026-08-13T16:49:00Z,561,58 61 27 24 5 29 9 50 15 33 20 57 7 52 78 56 10 35 44 22,heads,regular,1
2026-08-13T16:51:40Z,562,55 9 24 42 15 74 69 35 62 61 22 80 59 66 3 26 25 19 60 51,tails,regular,3
2026-08-13T16:54:20Z,563,62 72 22 44 52 77 39 55 47 61 10 19 69 37 24 23 26 27 67 71,tails,regular,3
2026-08-13T16:57:00Z,564,3 76 66 73 13 33 59 4 27 68 16 18 30 67 55 10 54 71 20 26,heads,regular,1
2026-08-13T16:59:40Z,565,26 41 34 55 35 11 38 36 5 17 62 6 30 66 52 75 33 3 29 23,heads,regular,1
2026-08-13T17:02:20Z,566,54 56 55 30 19 9 29 71 43 14 49 80 38 20 78 44 76 59 27 79,tails,regular,2
2026-08-13T17:05:00Z,567,60 25 15 4 19 26 3 41 8 13 53 68 18 62 34 31 1 27 43 29,heads,minor,2
2026-08-13T17:07:40Z,568,72 75 77 40 51 8 17 52 71 4 61 34 69 60 58 10 49 54 80 9,tails,regular,1
2026-08-13T17:10:20Z,569,53 7 47 45 61 73 1 21 29 79 13 28 44 80 67 49 19 6 24 48,tails,regular,3
2026-08-13T17:13:00Z,570,68 10 12 71 25 2 74 8 7 55 9 63 26 30 65 46 18 54 36 14,heads,regular,1
2026-08-13T17:15:40Z,571,26 33 9 72 48 42 69 74 4 24 20 57 73 34 52 23 64 41 54 71,tails,major,1
2026-08-13T17:18:20Z,572,70 37 4 24 10 60 40 78 73 36 15 59 62 32 18 17 35 49 1 29,heads,regular,2
2026-08-13T17:21:00Z,573,55 4 5 58 66 56 52 50 17 8 75 14 76 54 31 79 61 62 13 60,tails,regular,2
2026-08-13T17:23:40Z,574,9 39 27 38 35 41 57 13 75 59 51 72 34 55 63 36 73 78 4 23,evens,regular,2
2026-08-13T17:26:20Z,575,22 68 67 14 51 41 75 29 55 47 35 57 11 15 33 78 77 10 76 31,tails,minor,1
2026-08-13T17:29:00Z,576,37 63 10 58 70 32 77 17 2 43 29 39 44 42 8 62 55 5 16 68,evens,regular,2
2026-08-13T17:31:40Z,577,61 46 73 22 51 26 68 27 34 78 28 24 25 29 30 44 37 4 58 62,heads,major,1
2026-08-13T17:34:20Z,578,68 11 26 27 55 16 25 22 69 4 51 52 42 32 5 70 36 8 66 43,heads,regular,1
2026-08-13T17:37:00Z,579,46 2 3 60 28 74 42 15 54 71 64 35 18 67 9 53 66 21 33 41,tails,minor,1
2026-08-13T17:39:40Z,580,2 70 47 61 58 40 50 37 45 22 64 29 76 78 35 28 34 69 18 41,tails,regular,3
2026-08-13T17:42:20Z,581,18 64 11 44 40 60 61 31 46 1 80 5 3 30 23 59 15 2 22 42,heads,regular,1
2026-08-13T17:45:00Z,582,73 27 39 66 78 1 40 49 69 21 58 24 31 47 68 56 6 15 42 70,tails,regular,2
2026-08-13T17:47:40Z,583,55 14 58 7 19 12 17 56 44 1 53 65 15 72 50 16 49 22 27 62,evens,regular,2
2026-08-13T17:50:20Z,584,63 76 40 26 73 64 57 19 75 21 24 30 36 20 53 17 62 9 38 29,heads,minor,1
2026-08-13T17:53:00Z,585,26 74 17 15 51 46 13 14 47 31 45 16 79 59 1 39 33 55 66 27,heads,regular,5
2026-08-13T17:55:40Z,586,23 40 6 22 61 66 59 14 30 80 77 41 53 49 33 69 1 25 50 63,tails,regular,4
2026-08-13T17:58:20Z,587,37 27 64 51 32 23 46 30 39 52 38 28 56 60 3 74 5 40 69 2,heads,regular,2
2026-08-13T18:01:00Z,588,1 8 40 4 44 69 6 70 28 52 56 30 42 49 64 21 11 5 57 2,heads,major,1
2026-08-13T18:03:40Z,589,9 22 35 54 5 21 26 56 36 8 75 55 30 52 25 41 62 53 10 37,heads,regular,3
2026-08-13T18:06:20Z,590,54 35 40 34 9 39 11 67 30 32 45 1 49 51 73 4 50 44 18 68,heads,regular,5
2026-08-13T18:09:00Z,591,61 77 23 44 11 76 12 43 46 9 1 33 27 78 75 54 67 48 59 57,tails,regular,1
2026-08-13T18:11:40Z,592,11 2 71 44 19 47 6 10 23 70 49 25 8 78 7 40 77 53 13 28,heads,regular,1
2026-08-13T18:14:20Z,593,33 70 60 56 52 53 29 74 31 39 2 49 18 9 59 44 27 30 76 7,evens,regular,1
2026-08-13T18:17:00Z,594,51 48 18 78 30 60 7 23 71 74 79 80 6 53 45 22 69 76 26 65,tails,regular,3
2026-08-13T18:19:40Z,595,58 67 36 50 12 24 28 30 49 16 79 48 33 25 27 4 69 34 80 6,heads,regular,2
2026-08-13T18:22:20Z,596,59 58 77 25 73 28 68 44 74 26 70 7 10 65 18 40 63 55 72 6,tails,regular,1
2026-08-13T18:25:00Z,597,58 28 25 15 66 9 36 61 49 17 22 29 71 33 42 30 45 39 19 69,heads,minor,3
2026-08-13T18:27:40Z,598,56 21 79 64 34 62 38 39 12 17 70 31 15 47 37 24 54 40 72 61,heads,regular,1
2026-08-13T18:30:20Z,599,16 69 61 59 39 76 34 50 71 24 3 54 75 63 67 27 18 80 56 14,tails,major,1
2026-08-13T18:33:00Z,600,65 61 31 51 12 30 3 42 6 18 34 53 24 11 23 27 66 73 8 14,heads,regular,2
2026-08-13T18:35:40Z,601,44 11 38 54 17 78 59 5 43 67 48 52 4 76 72 40 61 77 23 70,tails,regular,1
2026-08-13T18:38:20Z,602,20 13 26 18 38 59 64 58 67 32 36 3 34 37 29 72 16 6 79 65,heads,minor,4
2026-08-13T18:41:00Z,603,21 2 11 64 20 26 13 6 28 61 33 63 27 65 40 49 32 73 48 80,heads,regular,1
2026-08-13T18:43:40Z,604,45 7 50 41 9 51 19 69 49 27 33 6 25 44 56 35 57 11 18 62,evens,regular,2
2026-08-13T18:46:20Z,605,6 58 19 54 25 10 42 64 48 52 3 43 70 36 78 21 41 74 72 16,tails,minor,1
2026-08-13T18:49:00Z,606,39 3 65 69 62 9 67 20 30 23 36 60 53 15 74 5 68 54 45 40,evens,regular,1
2026-08-13T18:51:40Z,607,63 26 77 55 27 65 54 66 36 7 52 14 17 16 11 47 57 21 30 5,heads,major,1
2026-08-13T18:54:20Z,608,1 80 18 44 58 63 41 21 35 77 57 50 76 45 19 10 9 34 51 48,tails,regular,1
2026-08-13T18:57:00Z,609,51 15 60 25 48 31 54 47 49 38 37 40 10 28 73 16 44 12 76 27,heads,minor,2
2026-08-13T18:59:40Z,610,43 28 36 76 35 70 21 72 11 8 64 63 50 69 5 65 49 54 73 27,tails,minor,1
2026-08-13T19:02:20Z,611,4 52 78 18 41 44 13 36 75 66 68 80 3 7 33 51 6 30 70 59,tails,regular,1
2026-08-13T19:05:00Z,612,29 30 61 1 57 58 16 74 19 50 32 9 15 68 8 60 18 26 14 3,heads,regular,3
2026-08-13T19:07:40Z,613,38 1 57 15 56 50 65 6 21 32 66 40 80 16 75 44 68 23 69 41,tails,regular,3
2026-08-13T19:10:20Z,614,36 67 71 53 24 48 41 62 15 17 5 22 12 58 20 32 59 43 3 26,heads,regular,2
2026-08-13T19:13:00Z,615,15 77 72 70 31 76 23 69 29 6 7 79 61 37 39 71 45 52 35 11,evens,regular,1
2026-08-13T19:15:40Z,616,17 40 29 54 13 50 62 57 33 44 14 18 73 6 59 9 20 16 22 21,heads,regular,1
2026-08-13T19:18:20Z,617,48 31 11 70 47 14 22 3 68 15 59 7 71 19 66 41 25 18 54 36,heads,major,1
2026-08-13T19:21:00Z,618,62 1 61 71 28 3 78 43 18 36 30 66 20 33 69 44 22 54 56 64,tails,regular,3
2026-08-13T19:23:40Z,619,43 42 2 57 13 41 1 75 6 59 9 64 70 46 48 50 80 66 73 8,tails,minor,1
2026-08-13T19:26:20Z,620,23 77 16 75 3 51 32 57 20 12 27 53 70 49 19 36 31 79 10 15,heads,regular,1
2026-08-13T19:29:00Z,621,22 74 29 36 24 70 69 39 23 12 53 4 73 8 67 27 44 46 16 79,heads,regular,1
2026-08-13T19:31:40Z,622,36 37 57 64 46 19 14 71 16 62 43 75 26 44 7 52 23 25 40 41,evens,regular,2
2026-08-13T19:34:20Z,623,61 53 40 29 10 46 75 30 62 14 55 80 51 24 34 20 5 8 66 11,heads,regular,3
2026-08-13T19:37:00Z,624,50 6 55 43 34 66 32 39 49 14 17 79 1 44 74 67 24 16 31 73,evens,minor,2
2026-08-13T19:39:40Z,625,51 27 2 62 58 4 67 53 21 41 60 70 47 29 64 49 69 13 68 6,tails,regular,1
2026-08-13T19:42:20Z,626,51 40 73 45 31 27 79 9 30 76 11 49 38 58 13 37 3 55 69 74,evens,minor,2
2026-08-13T19:45:00Z,627,36 16 11 40 68 56 38 33 80 22 70 18 9 75 30 27 28 64 73 63,heads,regular,3
2026-08-13T19:47:40Z,628,39 74 73 51 3 12 30 9 54 24 14 67 68 38 59 10 21 25 45 65,heads,minor,2
2026-08-13T19:50:20Z,629,11 49 36 80 14 79 76 57 39 43 19 30 47 37 2 16 28 8 20 33,heads,minor,2
2026-08-13T19:53:00Z,630,22 11 46 79 70 58 16 49 35 24 28 75 78 39 55 19 31 12 44 26,heads,regular,2
2026-08-13T19:55:40Z,631,67 5 29 40 66 38 21 4 31 64 46 70 72 6 28 30 41 32 16 25,heads,regular,2
2026-08-13T19:58:20Z,632,11 2 62 46 69 21 47 79 49 35 41 57 29 13 9 40 52 14 26 65,evens,major,1
2026-08-13T20:01:00Z,633,47 21 33 35 2 19 38 78 44 67 43 25 76 12 27 5 57 39 60 14,heads,minor,2
2026-08-13T20:03:40Z,634,55 62 61 42 65 24 3 72 18 57 45 1 68 12 30 34 69 59 76 39,tails,minor,1
2026-08-13T20:06:20Z,635,46 51 3 72 1 27 5 44 40 59 4 68 7 30 16 34 60 23 20 9,heads,minor,3
2026-08-13T20:09:00Z,636,11 53 37 18 38 42 36 2 62 57 13 26 25 64 41 12 32 74 80 44,heads,major,1
2026-08-13T20:11:40Z,637,28 65 25 19 55 5 46 3 44 51 18 43 8 29 40 52 58 80 62 73,tails,regular,3
2026-08-13T20:14:20Z,638,50 1 71 25 11 35 74 37 13 9 52 29 54 65 8 36 12 44 28 59,heads,regular,1
2026-08-13T20:17:00Z,639,64 32 54 11 79 75 33 39 51 29 24 7 58 69 14 62 45 44 52 42,tails,regular,1
2026-08-13T20:19:40Z,640,46 15 45 44 32 70 61 24 62 33 16 23 79 76 48 50 52 71 66 12,tails,regular,1
2026-08-13T20:22:20Z,641,22 37 56 53 5 29 36 19 9 31 66 55 34 11 43 6 30 35 65 42,heads,regular,10
2026-08-13T20:25:00Z,642,62 18 8 38 24 42 33 59 19 43 14 49 63 16 30 12 64 26 36 71,heads,minor,5
2026-08-13T20:27:40Z,643,78 75 10 42 80 8 4 46 74 56 66 71 7 17 48 61 36 67 76 65,tails,regular,1
2026-08-13T20:30:20Z,644,13 16 27 71 63 25 29 23 9 68 8 37 77 45 62 51 56 10 5 60,heads,regular,1
2026-08-13T20:33:00Z,645,6 57 18 19 12 61 24 80 5 8 72 4 1 76 58 7 46 63 45 78,evens,regular,3
2026-08-13T20:35:40Z,646,28 14 65 33 56 60 74 26 55 5 78 69 20 70 77 43 10 34 3 48,tails,minor,2
2026-08-13T20:38:20Z,647,17 3 40 30 20 44 28 64 18 45 53 43 47 75 76 25 21 41 5 13,heads,regular,1
2026-08-13T20:41:00Z,648,33 67 80 19 6 22 77 39 2 29 70 66 52 17 36 1 54 24 44 63,heads,regular,2
2026-08-13T20:43:40Z,649,74 38 37 33 45 9 8 47 59 51 67 29 36 72 21 32 66 53 3 17,heads,regular,1
2026-08-13T20:46:20Z,650,52 76 41 36 10 13 17 56 71 67 75 39 73 30 58 33 20 42 3 38,evens,minor,3
2026-08-13T20:49:00Z,651,4 13 41 46 29 19 34 75 33 37 25 50 16 42 7 57 40 38 43 5,heads,regular,3
2026-08-13T20:51:40Z,652,33 51 22 8 24 10 45 37 12 75 67 30 78 27 58 49 29 54 15 14,heads,regular,2
2026-08-13T20:54:20Z,653,20 36 39 33 66 22 43 13 47 27 29 61 37 67 64 38 15 69 16 50,heads,regular,1
2026-08-13T20:57:00Z,654,25 53 21 52 49 31 58 80 41 30 77 79 35 42 3 37 62 33 34 43,tails,regular,2
2026-08-13T20:59:40Z,655,41 19 29 1 78 52 33 18 74 25 3 16 28 63 23 70 2 46 34 10,heads,regular,3
2026-08-13T21:02:20Z,656,25 16 72 37 14 53 76 8 38 74 75 41 69 24 15 33 10 66 4 59,heads,major,3
2026-08-13T21:05:00Z,657,2 17 42 77 41 32 72 40 3 51 70 49 30 69 75 61 37 39 28 10,evens,regular,2
2026-08-13T21:07:40Z,658,65 66 50 39 57 33 28 68 16 4 71 38 10 26 9 29 58 23 53 49,heads,regular,1
2026-08-13T21:10:20Z,659,48 38 15 29 78 17 28 13 40 77 18 51 44 32 65 31 73 63 10 5,heads,regular,2
2026-08-13T21:13:00Z,660,34 27 26 68 25 35 30 37 64 16 11 42 4 51 1 50 47 56 53 43,heads,regular,3
2026-08-13T21:15:40Z,661,70 61 13 46 21 36 22 18 26 55 52 59 35 53 64 58 68 42 15 31,tails,regular,2
2026-08-13T21:18:20Z,662,47 15 28 63 23 66 20 48 14 34 49 51 80 37 9 74 41 54 7 6,evens,minor,2
2026-08-13T21:21:00Z,663,70 71 20 45 21 3 32 50 6 58 39 69 72 12 10 22 60 47 36 15,heads,regular,4
2026-08-13T21:23:40Z,664,59 15 79 11 14 68 10 39 28 61 48 73 26 66 3 41 63 12 44 24,evens,minor,2
2026-08-13T21:26:20Z,665,48 25 43 40 62 52 63 74 58 5 76 47 61 55 46 67 14 23 2 24,tails,regular,2
2026-08-13T21:29:00Z,666,70 79 25 6 80 69 7 9 3 28 41 74 71 64 14 35 2 61 75 40,evens,minor,1
2026-08-13T21:31:40Z,667,62 22 77 37 30 34 12 58 15 33 16 4 38 78 71 48 41 57 67 42,evens,regular,10
2026-08-13T21:34:20Z,668,70 29 28 60 50 36 1 2 76 65 27 34 74 6 42 10 48 77 12 11,heads,regular,4
2026-08-13T21:37:00Z,669,36 53 4 52 67 80 62 72 60 15 35 61 42 39 58 69 11 68 24 45,tails,major,3
2026-08-13T21:39:40Z,670,15 76 31 7 5 63 69 16 80 26 6 13 75 17 8 42 79 38 77 29,heads,minor,4
2026-08-13T21:42:20Z,671,58 32 61 1 15 59 36 79 31 26 69 39 14 5 40 70 73 27 65 13,heads,regular,1
2026-08-13T21:45:00Z,672,46 26 9 4 11 58 7 22 51 69 3 73 65 49 62 19 72 36 5 78,evens,regular,1
2026-08-13T21:47:40Z,673,8 15 47 44 5 54 4 26 53 74 39 9 71 52 28 48 55 18 25 10,heads,minor,2
2026-08-13T21:50:20Z,674,45 35 67 53 29 80 61 17 41 19 22 70 4 79 55 56 48 28 60 10,tails,regular,1
2026-08-13T21:53:00Z,675,53 28 79 5 65 21 60 32 45 31 69 19 30 76 2 22 64 3 15 36,heads,regular,1
2026-08-13T21:55:40Z,676,58 45 26 67 39 72 41 63 54 33 34 53 22 80 61 10 44 23 13 75,tails,minor,3
2026-08-13T21:58:20Z,677,27 79 72 44 7 2 39 35 6 60 29 25 36 74 30 28 21 16 78 62,heads,regular,3
