drawingDate,externalId,numbers,headsTails,jackpotLevel,bonusFactor
2026-06-01T00:01:00Z,723,22 75 7 64 4 35 74 73 6 19 18 24 5 56 67 78 57 69 46 58,tails,regular,3
2026-06-01T00:03:40Z,724,65 1 45 60 43 73 10 47 61 46 56 13 30 27 55 74 66 32 59 49,tails,regular,1
2026-06-01T00:06:20Z,725,38 55 33 1 51 75 67 30 66 56 20 29 49 71 80 24 64 32 22 63,tails,regular,1
2026-06-01T00:09:00Z,726,37 27 7 47 15 76 69 49 57 44 8 78 59 74 36 16 43 54 60 64,tails,regular,3
2026-06-01T00:11:40Z,727,24 50 80 14 57 36 44 16 56 5 9 78 59 23 20 38 41 73 53 11,evens,minor,3
2026-06-01T00:14:20Z,728,48 13 57 58 19 74 56 69 52 21 20 37 36 9 34 14 43 33 8 11,heads,regular,3
2026-06-01T00:17:00Z,729,25 53 30 72 46 62 21 55 57 16 38 50 9 22 11 68 26 19 51 42,evens,regular,1
2026-06-01T00:19:40Z,730,39 35 43 40 26 38 47 7 60 32 76 24 22 55 66 79 45 17 65 73,evens,minor,2
2026-06-01T00:22:20Z,731,53 34 10 8 13 37 76 22 39 3 50 72 62 7 28 66 26 1 55 33,heads,regular,1
2026-06-01T00:25:00Z,732,44 21 52 53 23 28 67 8 16 12 57 26 58 36 42 18 80 43 77 32,evens,minor,1
2026-06-01T00:27:40Z,733,32 48 9 24 62 65 63 50 38 17 1 2 72 30 15 55 58 40 16 25,heads,major,1
2026-06-01T00:30:20Z,734,62 13 18 1 50 7 46 34 72 54 22 63 77 51 20 8 47 11 41 67,tails,major,2
2026-06-01T00:33:00Z,735,69 6 47 22 76 28 71 2 78 53 21 33 65 36 37 27 72 34 13 68,heads,regular,1
2026-06-01T00:35:40Z,736,49 65 35 55 79 68 47 23 1 74 12 71 32 56 7 78 70 14 9 38,tails,regular,1
2026-06-01T00:38:20Z,737,78 28 43 31 64 17 62 14 1 77 33 66 27 58 20 49 67 59 30 80,tails,regular,3
2026-06-01T00:41:00Z,738,18 8 53 69 12 80 37 61 34 40 50 3 52 56 49 23 17 79 2 72,evens,regular,1
2026-06-01T00:43:40Z,739,7 3 5 43 56 45 36 6 29 8 75 9 26 44 40 73 46 67 37 54,heads,minor,1
2026-06-01T00:46:20Z,740,65 74 39 51 11 61 1 60 32 5 27 12 35 46 8 3 63 77 53 75,evens,regular,2
2026-06-01T00:49:00Z,741,57 73 67 18 7 29 26 56 14 37 1 52 61 12 70 49 47 48 19 28,evens,regular,2
2026-06-01T00:51:40Z,742,35 5 8 61 73 32 57 16 58 33 49 75 1 42 38 7 62 80 64 6,evens,minor,1
2026-06-01T00:54:20Z,743,16 10 37 5 31 24 2 58 44 32 25 67 35 45 49 36 79 72 21 26,heads,regular,2
2026-06-01T00:57:00Z,744,13 28 73 27 76 48 80 5 75 10 72 24 32 30 56 12 1 62 54 14,heads,regular,1
2026-06-01T00:59:40Z,745,78 71 69 80 9 49 44 11 43 29 31 37 18 60 34 12 74 39 1 47,evens,regular,2
2026-06-01T01:02:20Z,746,43 74 42 75 21 53 29 6 67 4 27 1 13 23 48 41 38 35 14 17,heads,regular,1
2026-06-01T01:05:00Z,747,34 65 61 38 31 30 1 73 39 35 29 37 42 50 5 55 71 27 8 56,heads,minor,3
2026-06-01T01:07:40Z,748,25 51 46 37 60 57 66 74 26 49 44 78 3 43 12 24 67 14 27 13,tails,regular,3
2026-06-01T01:10:20Z,749,15 71 73 8 75 74 55 58 13 76 36 26 40 23 35 48 30 25 53 60,evens,regular,3
2026-06-01T01:13:00Z,750,32 39 49 14 77 53 26 65 52 30 24 51 64 59 35 12 17 22 19 62,heads,minor,1
2026-06-01T01:15:40Z,751,76 35 62 28 60 33 5 10 8 25 1 31 18 50 73 40 58 53 75 19,heads,minor,2
2026-06-01T01:18:20Z,752,36 24 9 21 35 73 51 30 47 80 79 18 5 53 76 10 33 7 4 15,heads,minor,1
2026-06-01T01:21:00Z,753,18 55 74 51 66 56 35 62 2 43 9 59 36 53 19 73 14 32 15 69,tails,regular,3
2026-06-01T01:23:40Z,754,50 60 11 80 7 70 2 20 69 16 63 39 51 35 13 57 18 47 56 4,evens,regular,1
2026-06-01T01:26:20Z,755,36 14 80 19 46 30 41 51 61 77 2 35 73 4 57 53 15 27 58 24,evens,regular,2
2026-06-01T01:29:00Z,756,50 47 58 56 23 19 28 4 52 14 37 12 20 15 61 67 44 73 80 10,evens,regular,3
2026-06-01T01:31:40Z,757,77 70 36 55 69 29 25 54 48 50 78 72 47 57 32 40 4 23 18 28,tails,regular,1
2026-06-01T01:34:20Z,758,26 57 9 21 8 79 53 70 51 58 19 37 38 1 2 71 59 75 27 48,evens,major,3
2026-06-01T01:37:00Z,759,79 34 28 23 54 17 56 30 53 70 52 78 20 8 24 13 65 74 39 27,heads,minor,2
2026-06-01T01:39:40Z,760,67 15 64 10 13 6 36 21 22 44 18 61 16 37 42 52 58 80 14 23,heads,regular,5
2026-06-01T01:42:20Z,761,77 21 70 67 1 60 32 36 69 24 75 14 19 56 7 43 49 30 68 62,tails,regular,2
2026-06-01T01:45:00Z,762,74 51 16 55 60 75 8 20 3 23 70 39 4 2 24 65 10 11 71 68,heads,regular,2
2026-06-01T01:47:40Z,763,52 50 20 14 13 39 2 28 34 55 16 78 60 3 64 44 73 49 41 76,tails,minor,2
2026-06-01T01:50:20Z,764,26 71 30 34 61 25 24 23 51 3 4 69 70 46 56 17 18 11 76 79,heads,regular,3
2026-06-01T01:53:00Z,765,69 43 35 73 48 41 10 19 27 4 54 12 33 7 36 57 52 60 80 44,tails,regular,3
2026-06-01T01:55:40Z,766,18 63 60 35 23 71 19 12 25 53 65 31 70 8 77 64 61 3 74 67,tails,regular,1
2026-06-01T01:58:20Z,767,30 7 4 43 23 45 46 9 37 77 15 16 58 5 1 74 55 51 3 42,heads,major,2
2026-06-01T02:01:00Z,768,34 78 8 48 61 31 4 51 14 45 6 62 26 70 39 63 59 22 68 17,evens,major,2
2026-06-01T02:03:40Z,769,22 41 76 63 50 47 80 9 30 49 78 32 24 46 39 70 23 57 10 75,tails,regular,5
2026-06-01T02:06:20Z,770,46 74 57 40 51 34 65 28 49 25 18 15 42 78 1 61 23 7 66 59,tails,regular,2
2026-06-01T02:09:00Z,771,5 10 50 24 8 75 57 61 51 39 65 14 34 21 6 9 35 67 4 43,heads,regular,1
2026-06-01T02:11:40Z,772,28 46 30 8 58 34 50 51 10 20 29 2 33 24 26 22 55 41 65 79,heads,regular,1
2026-06-01T02:14:20Z,773,24 55 71 6 47 67 40 3 1 57 26 32 79 49 18 70 9 16 73 22,heads,regular,1
2026-06-01T02:17:00Z,774,79 74 13 14 3 58 63 54 36 62 40 34 18 32 60 69 65 28 12 9,heads,minor,10
2026-06-01T02:19:40Z,775,18 66 35 5 65 38 76 62 77 24 40 51 73 55 27 59 60 21 19 6,evens,minor,1
2026-06-01T02:22:20Z,776,50 12 22 17 26 9 67 60 41 54 63 30 27 43 38 76 4 23 42 51,evens,regular,1
2026-06-01T02:25:00Z,777,19 26 4 60 68 79 50 2 12 40 7 20 61 33 35 44 38 73 15 78,heads,major,2
2026-06-01T02:27:40Z,778,3 40 19 28 73 72 1 66 54 15 78 67 57 29 50 2 77 51 53 61,tails,regular,2
2026-06-01T02:30:20Z,779,57 77 55 61 17 76 47 22 34 32 9 50 29 14 5 54 75 51 28 53,tails,regular,2
2026-06-01T02:33:00Z,780,47 66 34 42 74 73 4 44 41 14 12 71 6 60 39 18 53 30 1 57,tails,regular,1
2026-06-01T02:35:40Z,781,30 64 27 56 16 15 47 29 2 62 36 44 13 69 58 28 59 71 40 6,heads,minor,4
2026-06-01T02:38:20Z,782,54 24 66 16 15 17 29 69 36 72 10 19 73 48 33 43 25 46 2 13,heads,regular,1
2026-06-01T02:41:00Z,783,33 40 73 32 58 23 54 36 35 46 10 13 18 4 3 63 17 31 69 8,heads,regular,1
2026-06-01T02:43:40Z,784,33 57 69 71 47 51 43 62 21 73 39 40 26 23 7 70 36 65 78 42,tails,major,3
2026-06-01T02:46:20Z,785,64 15 2 58 57 25 52 45 72 4 31 59 54 17 39 30 26 35 51 65,evens,regular,2
2026-06-01T02:49:00Z,786,59 79 45 60 43 18 34 58 5 72 9 14 33 64 13 29 22 32 3 4,heads,regular,2
2026-06-01T02:51:40Z,787,13 22 56 16 24 61 80 10 25 40 5 75 43 7 44 32 2 48 1 71,heads,regular,3
2026-06-01T02:54:20Z,788,36 22 52 26 40 17 50 3 19 9 77 64 5 30 59 53 24 25 65 28,heads,major,3
2026-06-01T02:57:00Z,789,18 7 1 44 42 56 14 30 19 45 65 64 69 37 70 32 80 25 62 34,evens,minor,2
2026-06-01T02:59:40Z,790,61 49 10 73 34 28 72 20 12 30 8 16 79 80 46 13 40 63 42 21,heads,regular,1
2026-06-01T03:02:20Z,791,67 12 35 29 25 42 31 15 4 5 71 26 6 45 7 36 73 69 66 33,heads,minor,1
2026-06-01T03:05:00Z,792,79 52 11 70 8 28 4 17 33 18 77 15 42 62 2 41 49 30 43 48,evens,regular,3
2026-06-01T03:07:40Z,793,11 57 45 26 21 2 1 14 19 24 34 5 73 63 48 54 80 69 30 52,heads,regular,1
2026-06-01T03:10:20Z,794,54 70 29 13 69 61 71 7 52 72 79 43 64 51 76 22 46 31 19 4,tails,regular,2
2026-06-01T03:13:00Z,795,13 51 12 64 76 14 79 35 2 4 48 24 21 40 52 6 60 23 18 33,heads,regular,3
2026-06-01T03:15:40Z,796,4 65 63 56 8 57 12 3 52 22 2 44 76 62 31 47 9 29 13 23,heads,regular,1
2026-06-01T03:18:20Z,797,62 36 44 16 69 22 51 26 32 27 10 24 61 21 70 35 33 9 64 75,heads,minor,3
2026-06-01T03:21:00Z,798,57 16 25 37 77 56 12 46 43 68 74 35 27 64 39 33 28 41 15 9,heads,minor,1
2026-06-01T03:23:40Z,799,69 62 12 5 38 19 57 71 52 46 18 47 7 80 22 44 58 79 29 39,tails,regular,1
2026-06-01T03:26:20Z,800,67 78 19 9 58 11 18 43 29 61 75 73 77 63 71 21 70 46 6 55,tails,regular,3
2026-06-01T03:29:00Z,801,32 39 58 23 62 76 46 55 28 25 42 12 13 19 43 72 53 60 8 74,tails,regular,2
2026-06-01T03:31:40Z,802,67 68 18 5 79 6 20 71 74 31 29 42 37 34 57 14 10 12 78 24,heads,regular,2
2026-06-01T03:34:20Z,803,70 51 3 40 34 25 30 69 14 59 2 35 67 28 26 19 65 7 12 1,heads,regular,1
2026-06-01T03:37:00Z,804,3 50 2 18 77 13 52 74 55 78 4 34 33 15 40 41 49 31 35 54,heads,regular,4
2026-06-01T03:39:40Z,805,39 45 68 37 25 28 27 38 46 48 4 24 50 55 16 58 40 80 32 2,heads,regular,1
2026-06-01T03:42:20Z,806,42 64 7 39 78 76 9 70 11 32 15 3 27 18 66 71 53 28 51 8,heads,regular,1
2026-06-01T03:45:00Z,807,64 78 39 60 36 50 8 51 7 10 49 70 32 1 40 48 13 15 53 76,evens,regular,1
2026-06-01T03:47:40Z,808,28 60 21 74 19 41 50 7 40 4 31 38 29 37 34 6 26 58 46 18,heads,minor,3
2026-06-01T03:50:20Z,809,47 72 60 24 66 21 58 39 46 80 17 33 64 53 12 68 30 62 73 45,tails,minor,3
2026-06-01T03:53:00Z,810,38 12 45 39 72 9 2 68 62 54 18 22 23 74 32 25 57 26 69 8,heads,regular,1
2026-06-01T03:55:40Z,811,35 23 50 40 7 60 17 3 78 9 8 45 10 68 71 27 28 46 56 43,heads,minor,2
2026-06-01T03:58:20Z,812,39 19 45 78 35 37 29 56 65 62 77 31 46 27 47 14 52 76 8 21,evens,regular,2
2026-06-01T04:01:00Z,813,55 31 43 39 64 32 75 68 4 5 15 21 24 29 50 73 78 34 77 25,heads,regular,10
2026-06-01T04:03:40Z,814,29 54 55 66 64 68 74 28 7 76 43 67 27 77 53 11 47 69 44 80,tails,minor,1
2026-06-01T04:06:20Z,815,7 31 29 39 59 56 40 2 63 51 52 26 49 32 61 18 47 38 69 24,heads,minor,1
2026-06-01T04:09:00Z,816,43 25 3 63 76 48 52 61 44 24 72 42 51 40 39 7 54 68 80 71,tails,regular,1
2026-06-01T04:11:40Z,817,15 43 74 26 79 72 36 40 76 25 32 63 45 18 59 21 14 6 22 35,heads,regular,2
2026-06-01T04:14:20Z,818,47 61 76 60 21 74 80 17 12 67 64 72 55 71 62 23 4 24 8 68,tails,regular,3
2026-06-01T04:17:00Z,819,59 32 11 58 10 20 75 28 74 3 6 60 45 62 9 54 63 67 70 35,tails,regular,3
2026-06-01T04:19:40Z,820,53 54 75 19 22 45 55 3 47 64 1 40 18 58 12 67 80 16 60 28,tails,regular,2
2026-06-01T04:22:20Z,821,53 30 21 5 70 44 1 71 9 22 7 45 75 69 52 73 3 34 28 57,evens,minor,4
2026-06-01T04:25:00Z,822,25 21 68 67 59 71 45 13 53 29 77 39 69 33 50 6 58 16 35 70,tails,regular,3
2026-06-01T04:27:40Z,823,39 40 7 11 32 33 19 77 62 49 44 27 8 51 46 47 6 65 73 52,evens,major,1
2026-06-01T04:30:20Z,824,47 18 2 4 63 72 3 17 11 31 44 1 28 74 16 55 64 27 46 75,heads,regular,1
2026-06-01T04:33:00Z,825,61 45 17 28 60 4 69 70 12 62 13 21 11 35 56 24 39 74 47 16,heads,major,2
2026-06-01T04:35:40Z,826,74 61 79 76 21 41 73 11 3 24 37 1 77 52 67 32 28 72 26 36,evens,regular,3
2026-06-01T04:38:20Z,827,61 9 41 39 70 76 30 7 53 25 29 80 48 52 66 54 69 22 1 42,tails,minor,1
2026-06-01T04:41:00Z,828,2 55 29 20 42 25 44 12 37 71 43 52 51 41 74 39 38 80 54 6,tails,regular,1
2026-06-01T04:43:40Z,829,16 30 1 43 79 38 34 25 63 10 14 47 18 78 68 61 40 80 67 28,heads,regular,2
2026-06-01T04:46:20Z,830,73 48 17 14 30 61 38 56 13 36 34 63 11 35 15 31 66 68 5 28,heads,minor,2
2026-06-01T04:49:00Z,831,11 2 28 41 32 31 47 57 36 68 58 18 80 71 16 62 35 5 37 64,heads,regular,3
2026-06-01T04:51:40Z,832,54 9 19 14 5 38 63 58 32 41 28 33 3 49 36 31 8 73 37 69,heads,minor,2
2026-06-01T04:54:20Z,833,14 56 80 8 70 43 62 2 32 54 23 4 65 60 64 75 22 50 30 34,tails,major,4
2026-06-01T04:57:00Z,834,51 74 10 77 8 67 55 25 71 18 72 75 48 36 29 60 50 32 80 14,tails,minor,2
2026-06-01T04:59:40Z,835,77 46 5 42 36 63 16 3 10 62 54 23 47 4 80 19 22 53 20 39,heads,minor,10
2026-06-01T05:02:20Z,836,35 44 53 48 38 28 76 65 25 42 49 23 29 54 47 5 64 63 39 46,tails,regular,1
2026-06-01T05:05:00Z,837,12 6 19 71 59 7 64 10 65 66 28 21 67 16 3 18 50 72 5 2,heads,minor,2
2026-06-01T05:07:40Z,838,20 74 63 29 78 50 46 51 72 34 23 11 68 39 28 69 27 75 3 73,tails,regular,2
2026-06-01T05:10:20Z,839,1 12 64 45 78 61 66 57 74 52 15 59 77 58 71 38 36 50 26 5,tails,regular,3
2026-06-01T05:13:00Z,840,25 11 73 32 79 2 5 34 13 53 59 19 42 6 58 44 31 9 50 46,heads,regular,1
2026-06-01T05:15:40Z,841,17 21 16 59 19 28 4 7 22 27 77 24 1 32 78 3 14 55 39 63,heads,regular,3
2026-06-01T05:18:20Z,842,51 20 28 34 65 2 21 60 36 47 44 61 27 66 7 37 6 59 24 79,heads,regular,3
2026-06-01T05:21:00Z,843,50 28 16 43 34 45 35 51 66 17 46 26 58 30 74 48 79 24 72 6,tails,major,4
2026-06-01T05:23:40Z,844,18 51 3 41 42 47 38 35 71 64 27 52 56 63 50 11 7 62 9 77,tails,regular,3
2026-06-01T05:26:20Z,845,51 18 79 27 76 77 34 43 67 26 33 37 6 24 9 72 65 80 16 2,heads,regular,10
2026-06-01T05:29:00Z,846,6 52 5 22 70 29 55 9 15 43 41 37 17 61 77 16 74 80 65 19,evens,minor,1
2026-06-01T05:31:40Z,847,62 44 66 16 73 14 9 57 32 22 77 12 29 78 47 50 24 72 61 28,tails,regular,1
2026-06-01T05:34:20Z,848,43 26 79 7 19 61 75 57 46 16 33 22 8 39 76 54 6 52 30 51,evens,regular,1
2026-06-01T05:37:00Z,849,80 47 5 55 70 19 66 24 73 57 44 59 72 11 38 43 61 1 41 76,tails,regular,1
2026-06-01T05:39:40Z,850,68 70 36 27 50 6 33 34 14 23 7 73 44 37 52 28 48 18 49 31,heads,minor,3
2026-06-01T05:42:20Z,851,48 45 29 18 46 40 76 65 21 7 34 43 52 10 14 64 25 47 32 71,evens,minor,3
2026-06-01T05:45:00Z,852,57 76 16 31 12 37 63 34 4 21 66 25 45 65 10 47 55 53 14 32,heads,minor,3
2026-06-01T05:47:40Z,853,41 1 69 10 50 24 9 78 20 28 49 51 19 60 22 74 15 66 25 44,evens,regular,1
2026-06-01T05:50:20Z,854,52 10 31 18 33 32 12 3 71 20 73 42 72 43 65 77 67 48 63 14,tails,regular,2
2026-06-01T05:53:00Z,855,38 69 16 55 64 1 67 47 61 43 25 24 72 53 26 63 27 28 52 56,tails,regular,1
2026-06-01T05:55:40Z,856,56 59 25 15 50 71 69 14 43 13 47 1 2 54 51 10 76 72 16 37,tails,minor,2
2026-06-01T05:58:20Z,857,51 13 4 58 36 47 15 56 74 11 60 24 79 22 71 43 31 19 45 75,tails,regular,1
2026-06-01T06:01:00Z,858,67 30 64 4 59 66 6 16 49 7 78 80 58 62 17 20 65 45 13 26,tails,minor,1
2026-06-01T06:03:40Z,859,72 60 66 29 51 11 32 48 36 5 14 69 45 4 27 20 53 38 47 39,heads,minor,2
2026-06-01T06:06:20Z,860,48 52 72 74 68 24 41 25 64 80 3 45 1 22 29 59 11 39 58 67,tails,regular,2
2026-06-01T06:09:00Z,861,32 43 54 36 38 80 19 22 49 8 11 41 62 24 40 78 29 16 72 13,heads,major,1
2026-06-01T06:11:40Z,862,39 59 18 23 2 19 57 33 3 68 5 13 11 69 44 7 28 41 65 55,heads,major,1
2026-06-01T06:14:20Z,863,38 39 13 70 80 54 17 14 48 4 19 11 51 53 26 68 42 12 67 3,heads,regular,3
2026-06-01T06:17:00Z,864,43 5 29 16 70 74 46 4 42 26 23 48 28 11 35 45 80 75 72 30,evens,minor,1
2026-06-01T06:19:40Z,865,54 30 45 25 72 57 31 35 20 49 66 36 18 33 9 73 47 77 5 52,evens,regular,1
2026-06-01T06:22:20Z,866,41 3 32 4 44 14 2 67 65 72 60 30 6 1 63 39 69 17 57 49,evens,regular,2
2026-06-01T06:25:00Z,867,18 78 4 51 79 2 68 10 54 25 72 80 20 24 48 8 27 52 69 71,tails,regular,2
2026-06-01T06:27:40Z,868,46 11 45 40 4 60 7 12 57 31 79 53 51 67 2 23 24 13 74 37,heads,regular,1
2026-06-01T06:30:20Z,869,8 50 68 52 33 12 62 15 21 41 18 29 34 74 54 46 45 71 61 70,tails,regular,2
2026-06-01T06:33:00Z,870,19 11 29 18 41 36 49 54 58 67 27 79 15 26 45 13 72 75 1 62,evens,regular,1
2026-06-01T06:35:40Z,871,52 1 43 53 41 64 65 48 36 42 22 5 78 16 39 10 6 71 74 67,tails,regular,3
2026-06-01T06:38:20Z,872,17 69 80 41 63 13 46 1 20 9 10 27 76 44 74 32 12 4 79 31,heads,minor,3
2026-06-01T06:41:00Z,873,80 42 61 29 8 5 79 3 48 1 56 71 13 60 16 24 54 30 6 53,evens,minor,3
2026-06-01T06:43:40Z,874,38 30 14 26 47 64 6 65 58 12 60 7 49 66 34 78 75 8 70 40,evens,minor,1
2026-06-01T06:46:20Z,875,54 6 25 4 38 34 26 37 48 63 28 12 14 36 29 51 73 47 72 46,heads,major,1
2026-06-01T06:49:00Z,876,10 53 66 73 2 51 75 32 63 44 28 19 47 46 14 22 4 62 37 69,tails,regular,2
2026-06-01T06:51:40Z,877,9 70 45 53 31 78 27 55 56 23 71 47 8 67 39 61 75 52 10 64,tails,regular,2
2026-06-01T06:54:20Z,878,4 26 53 70 20 7 76 2 9 68 22 47 25 8 75 56 50 11 35 32,heads,regular,2
2026-06-01T06:57:00Z,879,38 50 29 45 78 2 47 61 31 59 34 19 62 17 77 18 70 71 24 14,evens,regular,2
2026-06-01T06:59:40Z,880,52 79 14 47 72 59 80 71 35 25 4 28 19 64 5 15 63 23 39 24,heads,regular,1
2026-06-01T07:02:20Z,881,77 71 32 66 12 22 35 10 33 68 11 7 72 43 13 41 17 20 36 52,heads,regular,2
2026-06-01T07:05:00Z,882,28 9 69 70 61 2 79 19 43 14 29 16 32 75 36 11 37 71 66 34,heads,regular,2
2026-06-01T07:07:40Z,883,38 43 65 42 7 29 1 50 72 18 60 37 25 46 74 28 32 8 11 10,heads,regular,2
2026-06-01T07:10:20Z,884,10 54 1 63 79 6 29 9 27 56 40 72 43 8 53 13 21 46 60 18,heads,regular,1
2026-06-01T07:13:00Z,885,54 11 16 35 36 43 25 22 68 73 64 69 63 74 70 37 51 58 19 17,tails,regular,1
2026-06-01T07:15:40Z,886,77 63 7 31 6 36 67 20 22 58 70 45 52 62 57 3 44 80 66 54,tails,regular,3
2026-06-01T07:18:20Z,887,62 57 18 25 5 60 76 22 28 33 14 59 21 29 7 16 58 72 64 47,heads,regular,1
2026-06-01T07:21:00Z,888,37 45 19 30 31 58 10 8 36 67 14 32 55 13 15 73 42 46 60 41,heads,regular,1
2026-06-01T07:23:40Z,889,13 50 36 6 18 40 79 47 16 17 60 8 28 44 23 38 67 69 22 30,heads,regular,1
2026-06-01T07:26:20Z,890,33 48 43 14 40 11 44 19 77 35 54 52 34 47 58 30 49 37 26 46,evens,regular,1
2026-06-01T07:29:00Z,891,60 66 13 29 28 79 37 20 3 35 23 25 65 41 38 32 70 18 64 52,heads,regular,2
2026-06-01T07:31:40Z,892,40 56 58 69 76 61 57 21 47 53 51 72 59 78 35 4 54 73 38 52,tails,minor,1
2026-06-01T07:34:20Z,893,63 31 65 49 3 30 57 23 15 68 39 21 34 7 10 64 26 27 76 55,heads,minor,3
2026-06-01T07:37:00Z,894,49 11 79 14 16 23 24 75 67 33 8 37 52 76 31 70 72 71 66 4,evens,regular,2
2026-06-01T07:39:40Z,895,78 73 62 32 28 69 43 19 51 75 34 42 80 29 59 46 11 3 53 22,tails,regular,1
2026-06-01T07:42:20Z,896,52 72 21 12 40 77 78 54 29 45 24 42 36 64 4 41 63 31 26 20,evens,regular,1
2026-06-01T07:45:00Z,897,3 47 53 54 35 4 69 75 72 42 30 79 70 59 65 33 51 15 57 46,tails,regular,2
2026-06-01T07:47:40Z,898,74 68 71 73 26 33 16 65 38 13 19 9 28 61 44 47 75 31 66 6,evens,regular,3
2026-06-01T07:50:20Z,899,26 52 36 14 12 54 13 18 37 35 42 40 6 69 73 77 31 56 79 48,heads,regular,1
2026-06-01T07:53:00Z,900,80 15 61 68 42 1 50 32 2 29 10 30 31 25 7 56 63 53 22 71,heads,minor,3
2026-06-01T07:55:40Z,901,45 38 48 74 57 12 70 29 73 69 40 5 36 23 26 8 66 79 44 56,tails,minor,2
2026-06-01T07:58:20Z,902,28 61 15 11 13 75 3 59 55 14 21 37 8 68 60 38 72 6 23 51,heads,minor,1
2026-06-01T08:01:00Z,903,1 48 28 67 25 2 76 68 69 6 5 24 30 44 43 75 63 70 64 8,tails,regular,3
2026-06-01T08:03:40Z,904,17 57 60 39 6 13 75 76 59 28 19 5 23 15 66 22 44 29 27 80,heads,minor,2
2026-06-01T08:06:20Z,905,49 59 10 36 24 2 70 27 21 53 54 63 65 47 71 77 40 68 75 22,tails,regular,2
2026-06-01T08:09:00Z,906,66 34 59 42 64 49 76 8 28 75 58 24 39 3 10 21 16 55 51 31,evens,major,3
2026-06-01T08:11:40Z,907,66 62 32 39 31 75 41 36 55 11 63 3 54 50 43 5 42 72 46 56,tails,regular,2
2026-06-01T08:14:20Z,908,78 46 20 7 4 12 13 14 73 69 71 39 37 22 52 34 49 68 26 72,heads,major,2
2026-06-01T08:17:00Z,909,67 17 15 50 21 75 57 40 35 39 16 62 19 24 76 33 41 43 46 25,heads,regular,2
2026-06-01T08:19:40Z,910,35 19 63 34 13 24 75 66 25 14 41 48 44 31 11 43 51 18 26 74,heads,regular,1
2026-06-01T08:22:20Z,911,47 79 78 64 3 71 46 23 7 1 58 59 10 41 50 48 16 65 24 40,tails,major,4
2026-06-01T08:25:00Z,912,48 78 24 43 68 65 51 16 55 80 50 49 1 47 20 25 17 45 71 70,tails,regular,1
2026-06-01T08:27:40Z,913,75 1 8 19 45 10 11 35 32 74 27 69 54 59 17 67 42 50 73 39,evens,regular,1
2026-06-01T08:30:20Z,914,78 73 20 55 57 36 38 71 64 49 74 76 15 56 75 11 24 51 68 8,tails,regular,5
2026-06-01T08:33:00Z,915,24 1 63 72 26 47 19 75 74 66 50 73 49 38 61 41 25 39 20 48,tails,major,1
2026-06-01T08:35:40Z,916,42 71 44 4 55 45 32 24 29 39 78 69 6 1 13 52 61 73 57 67,tails,regular,4
2026-06-01T08:38:20Z,917,11 34 30 52 78 53 6 72 5 50 55 31 20 64 39 15 57 60 70 17,evens,regular,2
2026-06-01T08:41:00Z,918,54 74 35 1 34 62 46 55 17 42 10 60 18 33 8 78 49 48 73 47,tails,minor,2
2026-06-01T08:43:40Z,919,20 12 61 78 19 13 54 64 45 25 33 56 58 24 38 62 39 41 77 75,tails,regular,3
2026-06-01T08:46:20Z,920,21 9 1 51 12 71 3 32 58 60 79 4 28 19 78 76 23 38 47 14,heads,minor,2
2026-06-01T08:49:00Z,921,4 70 1 12 27 36 73 47 75 56 44 40 41 63 45 21 8 74 48 66,tails,major,4
2026-06-01T08:51:40Z,922,14 78 43 68 79 80 3 19 71 67 4 24 18 45 42 69 37 8 30 54,tails,minor,1
2026-06-01T08:54:20Z,923,19 27 72 66 14 75 63 55 37 70 77 38 16 67 79 35 45 21 50 40,tails,regular,3
2026-06-01T08:57:00Z,924,50 77 15 18 29 10 70 3 38 64 46 33 22 53 21 41 45 36 37 63,heads,regular,2
2026-06-01T08:59:40Z,925,48 39 6 58 13 19 50 24 38 72 68 47 57 10 18 76 59 78 27 70,tails,minor,1
2026-06-01T09:02:20Z,926,27 15 39 53 8 40 36 18 70 66 62 51 37 67 63 75 5 29 10 46,heads,regular,2
2026-06-01T09:05:00Z,927,47 19 46 37 41 51 13 11 6 55 73 65 59 31 80 20 39 4 42 61,tails,regular,1
2026-06-01T09:07:40Z,928,59 29 62 48 10 27 14 54 73 24 56 69 74 47 77 28 18 78 57 60,tails,regular,1
2026-06-01T09:10:20Z,929,72 44 17 20 30 51 37 55 21 23 59 49 47 80 19 70 12 3 16 2,heads,minor,5
2026-06-01T09:13:00Z,930,66 16 8 80 28 5 42 15 40 1 47 79 13 20 22 78 34 50 49 73,heads,minor,2
2026-06-01T09:15:40Z,931,47 69 57 51 61 8 48 56 19 76 11 14 75 52 54 33 34 3 55 35,tails,regular,1
2026-06-01T09:18:20Z,932,60 46 6 3 40 42 4 57 63 14 44 72 38 53 67 66 80 30 35 7,tails,major,1
2026-06-01T09:21:00Z,933,12 66 24 2 50 67 40 35 3 17 44 20 71 47 30 28 76 57 63 37,heads,regular,1
2026-06-01T09:23:40Z,934,54 15 53 48 75 26 37 27 20 7 66 17 46 5 67 52 73 12 43 1,evens,regular,3
2026-06-01T09:26:20Z,935,53 45 21 35 3 9 25 19 57 40 50 1 79 43 20 7 64 70 24 73,heads,regular,2
2026-06-01T09:29:00Z,936,31 25 60 18 5 17 10 57 28 34 30 51 43 39 75 8 47 1 4 80,heads,regular,2
2026-06-01T09:31:40Z,937,39 66 5 14 15 23 55 51 41 11 47 76 44 29 30 75 6 27 50 12,heads,regular,3
2026-06-01T09:34:20Z,938,64 80 47 41 33 26 25 22 24 43 63 44 2 52 28 7 68 78 69 51,tails,regular,3
2026-06-01T09:37:00Z,939,34 35 57 22 67 1 53 24 2 46 73 58 19 64 63 11 75 48 8 54,tails,minor,2
2026-06-01T09:39:40Z,940,34 54 74 75 4 58 29 56 72 14 24 49 55 18 1 5 37 38 13 2,heads,regular,3
2026-06-01T09:42:20Z,941,21 33 26 59 77 22 72 75 24 30 34 2 48 52 63 28 25 31 47 36,heads,minor,10
2026-06-01T09:45:00Z,942,66 69 54 43 50 78 16 68 75 38 34 51 63 62 24 25 45 70 10 27,tails,regular,2
2026-06-01T09:47:40Z,943,60 16 19 78 43 17 34 62 6 74 3 55 41 47 32 56 52 61 35 20,tails,minor,2
2026-06-01T09:50:20Z,944,80 25 8 43 52 38 1 29 26 27 72 41 21 70 30 12 66 4 5 37,heads,regular,2
2026-06-01T09:53:00Z,945,50 60 69 61 46 23 56 66 54 24 2 29 31 3 4 35 43 15 51 39,evens,regular,3
2026-06-01T09:55:40Z,946,36 15 43 33 30 14 79 31 56 32 53 52 49 48 2 45 80 7 78 46,tails,minor,3
2026-06-01T09:58:20Z,947,59 23 63 46 75 76 5 26 14 20 56 67 65 28 6 38 62 55 24 17,evens,regular,2
2026-06-01T10:01:00Z,948,3 30 68 55 56 23 28 20 38 13 44 49 25 17 78 4 33 65 16 80,heads,minor,3
2026-06-01T10:03:40Z,949,76 20 36 68 48 5 54 3 2 58 57 26 80 38 61 30 65 43 22 44,tails,regular,2
2026-06-01T10:06:20Z,950,57 10 68 31 52 62 3 60 21 71 50 46 64 42 75 65 69 12 33 13,tails,regular,3
2026-06-01T10:09:00Z,951,60 20 39 38 68 25 28 43 58 6 69 16 24 31 37 23 66 49 15 35,heads,regular,3
2026-06-01T10:11:40Z,952,8 16 47 27 62 73 76 63 71 36 37 67 78 57 25 75 41 33 44 32,tails,regular,2
2026-06-01T10:14:20Z,953,45 55 36 15 63 2 14 25 58 76 70 61 41 21 44 33 74 73 49 19,tails,minor,1
2026-06-01T10:17:00Z,954,39 79 32 20 40 78 51 23 41 11 54 5 34 76 7 53 17 47 72 52,evens,regular,1
2026-06-01T10:19:40Z,955,27 55 28 56 75 70 7 78 64 73 14 59 19 36 31 45 39 32 57 50,tails,regular,5
2026-06-01T10:22:20Z,956,44 4 60 80 30 49 50 39 58 67 35 40 70 52 68 53 76 74 14 54,tails,regular,3
2026-06-01T10:25:00Z,957,36 74 41 54 22 71 80 26 8 44 43 40 48 56 49 16 63 15 34 19,tails,regular,2
2026-06-01T10:27:40Z,958,15 5 69 22 47 25 14 33 39 6 19 58 24 49 34 60 1 32 27 12,heads,regular,1
2026-06-01T10:30:20Z,959,55 37 24 58 44 12 75 31 4 62 22 64 21 3 9 10 36 5 27 26,heads,minor,3
2026-06-01T10:33:00Z,960,27 71 41 37 22 1 23 44 79 16 73 26 45 70 53 63 7 24 2 15,heads,minor,3
2026-06-01T10:35:40Z,961,57 4 32 58 76 53 47 26 48 72 50 41 70 11 46 5 24 8 13 19,tails,minor,2
2026-06-01T10:38:20Z,962,45 30 53 69 25 48 51 31 79 57 66 14 40 18 74 11 16 80 64 76,tails,regular,1
2026-06-01T10:41:00Z,963,80 69 6 1 12 20 61 34 53 17 4 39 79 71 21 47 32 13 15 9,heads,major,2
2026-06-01T10:43:40Z,964,74 80 75 25 10 61 60 6 13 57 17 45 39 71 44 19 37 66 56 15,tails,regular,3
2026-06-01T10:46:20Z,965,14 41 3 59 65 16 7 54 2 68 53 28 19 37 51 60 49 78 29 9,evens,minor,2
2026-06-01T10:49:00Z,966,56 21 49 61 71 24 9 74 63 28 4 54 77 18 25 5 17 53 20 32,heads,regular,3
2026-06-01T10:51:40Z,967,74 71 38 25 77 2 34 20 24 1 54 32 6 44 62 69 3 61 73 47,evens,regular,2
2026-06-01T10:54:20Z,968,6 32 55 26 60 4 41 56 48 40 39 69 59 31 72 10 68 13 18 51,evens,regular,2
2026-06-01T10:57:00Z,969,75 61 55 59 26 79 58 44 1 10 24 49 37 71 69 28 17 33 56 13,tails,minor,2
2026-06-01T10:59:40Z,970,22 79 35 28 13 20 21 50 42 25 71 61 49 69 33 44 40 74 47 10,evens,regular,3
2026-06-01T11:02:20Z,971,36 78 3 45 12 71 68 14 4 31 76 18 74 29 44 2 62 70 28 60,evens,regular,2
2026-06-01T11:05:00Z,972,66 51 76 44 32 56 55 50 49 7 34 9 79 58 64 22 39 1 2 62,tails,minor,3
2026-06-01T11:07:40Z,973,48 2 9 17 23 76 59 43 11 73 38 45 66 6 39 27 1 65 78 19,heads,minor,3
2026-06-01T11:10:20Z,974,15 36 47 19 65 64 46 34 61 16 52 32 78 80 59 49 77 2 63 33,tails,minor,1
2026-06-01T11:13:00Z,975,28 26 27 49 72 59 19 38 40 70 45 60 34 35 36 21 8 13 16 29,heads,major,1
2026-06-01T11:15:40Z,976,78 3 66 37 59 69 13 31 10 19 36 57 67 29 68 47 43 25 48 17,evens,regular,2
2026-06-01T11:18:20Z,977,53 72 6 69 58 7 62 39 74 19 55 54 29 60 44 79 51 27 36 32,tails,regular,1
2026-06-01T11:21:00Z,978,9 29 14 48 6 76 8 26 66 80 55 25 31 38 30 70 21 47 61 37,heads,regular,2
2026-06-01T11:23:40Z,979,49 52 68 48 58 33 6 36 67 14 29 12 53 73 60 59 35 38 1 15,evens,major,2
2026-06-01T11:26:20Z,980,39 74 16 36 77 73 27 40 35 45 17 19 49 54 64 33 51 78 57 29,evens,minor,3
2026-06-01T11:29:00Z,981,20 32 14 68 72 41 77 64 13 74 31 44 30 46 73 25 51 75 78 16,tails,regular,1
2026-06-01T11:31:40Z,982,63 75 35 42 80 3 39 50 74 65 27 21 62 52 72 37 16 61 20 44,tails,regular,1
2026-06-01T11:34:20Z,983,65 55 76 7 51 28 19 8 50 36 63 80 42 10 45 60 70 13 11 79,tails,minor,2
2026-06-01T11:37:00Z,984,58 30 52 42 9 11 50 29 48 64 55 57 74 79 24 37 39 25 5 20,evens,minor,1
2026-06-01T11:39:40Z,985,45 46 17 14 2 40 25 36 22 69 54 68 30 43 53 5 65 28 24 73,heads,regular,1
2026-06-01T11:42:20Z,986,65 22 35 7 45 3 4 61 48 78 23 9 28 47 37 52 46 56 14 1,heads,regular,1
2026-06-01T11:45:00Z,987,45 66 25 39 77 47 8 32 75 11 79 54 36 76 30 27 19 62 63 24,evens,minor,1
2026-06-01T11:47:40Z,988,32 76 20 9 14 13 1 68 75 56 27 38 22 64 36 47 11 39 41 15,heads,major,3
2026-06-01T11:50:20Z,989,75 12 44 8 30 64 26 51 2 17 74 60 1 20 33 34 49 67 19 4,heads,regular,2
2026-06-01T11:53:00Z,990,38 68 78 12 2 1 8 73 80 77 25 55 37 56 50 36 63 40 61 44,tails,regular,3
2026-06-01T11:55:40Z,991,63 16 3 72 70 34 31 33 32 65 39 40 64 12 44 27 68 53 19 11,heads,regular,3
2026-06-01T11:58:20Z,992,32 1 54 28 31 66 68 30 29 36 4 62 45 35 73 49 33 27 18 56,heads,regular,2
2026-06-01T12:01:00Z,993,20 70 67 9 8 15 72 27 28 54 78 16 39 57 7 23 29 66 48 61,heads,regular,3
2026-06-01T12:03:40Z,994,24 2 6 59 14 20 70 22 10 66 13 69 29 54 23 21 17 43 67 38,heads,minor,3
2026-06-01T12:06:20Z,995,42 1 10 59 4 49 57 17 20 40 8 24 13 73 5 38 70 26 12 32,heads,regular,1
2026-06-01T12:09:00Z,996,39 37 25 67 38 80 13 74 41 6 64 23 3 69 19 4 8 32 46 15,heads,minor,2
2026-06-01T12:11:40Z,997,26 74 62 38 45 51 2 50 68 42 69 35 31 30 77 22 73 46 64 32,tails,minor,2
2026-06-01T12:14:20Z,998,31 55 28 72 36 68 69 7 54 16 2 4 25 43 79 45 50 60 32 47,tails,minor,10
2026-06-01T12:17:00Z,999,29 59 52 6 8 32 69 51 40 30 54 15 2 62 41 37 16 22 39 36,heads,minor,2
2026-06-01T12:19:40Z,1,8 29 24 13 20 5 47 28 55 22 64 4 48 80 18 44 73 51 39 59,heads,regular,2
2026-06-01T12:22:20Z,2,31 68 78 17 43 24 77 72 57 4 37 41 48 16 73 66 45 47 75 6,tails,regular,1
2026-06-01T12:25:00Z,3,61 36 27 51 78 9 31 3 70 6 80 60 57 12 59 71 26 56 39 16,evens,major,4
2026-06-01T12:27:40Z,4,37 4 41 33 54 40 11 22 45 38 76 53 52 35 55 28 73 3 32 20,heads,regular,2
2026-06-01T12:30:20Z,5,38 8 21 74 68 80 26 76 62 79 5 58 69 49 11 44 75 1 52 61,tails,regular,2
2026-06-01T12:33:00Z,6,12 16 18 58 47 46 29 23 45 36 25 54 75 62 66 10 80 22 74 76,tails,minor,1
2026-06-01T12:35:40Z,7,72 32 71 64 9 16 10 66 4 5 75 55 58 6 24 36 14 1 80 41,heads,minor,3
2026-06-01T12:38:20Z,8,72 60 31 77 34 46 27 1 22 12 15 10 55 5 69 49 56 6 7 66,heads,regular,3
2026-06-01T12:41:00Z,9,17 16 70 52 65 38 50 35 18 14 49 29 72 7 55 31 46 73 27 12,heads,regular,2
2026-06-01T12:43:40Z,10,47 69 5 6 43 11 33 3 2 57 66 75 20 67 24 65 73 31 52 12,evens,regular,3
2026-06-01T12:46:20Z,11,2 58 78 45 57 28 59 9 37 60 40 33 62 26 14 25 38 48 73 30,heads,regular,2
2026-06-01T12:49:00Z,12,27 44 10 17 60 26 63 8 58 42 18 74 6 57 22 75 52 16 25 80,evens,regular,2
2026-06-01T12:51:40Z,13,36 13 35 43 26 75 10 23 39 31 18 69 15 60 5 44 41 24 53 4,heads,minor,1
2026-06-01T12:54:20Z,14,42 51 25 31 74 47 35 8 46 76 40 4 27 56 77 7 30 52 75 65,tails,minor,2
2026-06-01T12:57:00Z,15,36 38 56 73 17 63 41 52 67 13 43 22 6 7 58 59 24 11 5 1,heads,regular,1
2026-06-01T12:59:40Z,16,7 66 65 61 30 69 77 39 47 22 8 35 80 53 5 40 76 67 63 32,tails,regular,1
2026-06-01T13:02:20Z,17,28 71 31 12 40 24 18 42 49 59 17 78 20 30 46 7 34 47 74 67,heads,regular,3
2026-06-01T13:05:00Z,18,22 32 17 16 51 53 77 48 31 5 50 66 70 65 64 36 26 25 4 29,heads,minor,3
2026-06-01T13:07:40Z,19,62 50 80 8 34 1 9 54 33 75 3 42 35 17 60 64 36 46 10 12,heads,regular,2
2026-06-01T13:10:20Z,20,33 43 64 63 55 53 10 74 46 49 44 31 66 65 75 78 58 14 3 72,tails,regular,2
2026-06-01T13:13:00Z,21,66 74 22 43 79 34 23 78 4 19 26 30 68 10 60 29 63 28 65 53,evens,minor,1
2026-06-01T13:15:40Z,22,59 77 8 63 69 64 49 5 50 14 31 11 65 28 66 47 34 67 35 9,tails,major,4
2026-06-01T13:18:20Z,23,42 28 77 41 66 43 76 71 64 54 58 23 74 10 68 7 44 29 30 65,tails,minor,3
2026-06-01T13:21:00Z,24,37 18 15 9 22 40 77 3 10 41 29 35 79 14 62 50 76 69 71 27,heads,minor,2
2026-06-01T13:23:40Z,25,67 16 60 45 47 61 69 10 65 42 57 68 30 15 5 2 36 43 50 52,tails,regular,2
2026-06-01T13:26:20Z,26,8 59 28 51 42 33 32 54 76 14 48 56 13 64 2 60 70 55 35 74,tails,minor,1
2026-06-01T13:29:00Z,27,46 36 37 8 77 2 15 34 6 78 43 17 67 61 28 38 71 9 64 73,heads,regular,2
2026-06-01T13:31:40Z,28,51 57 40 18 56 17 27 78 71 62 50 3 23 54 60 53 66 79 26 41,tails,major,5
2026-06-01T13:34:20Z,29,45 77 31 75 17 68 27 63 51 6 76 73 16 10 30 32 2 28 39 15,heads,minor,2
2026-06-01T13:37:00Z,30,50 13 43 19 55 36 17 14 18 67 20 21 79 51 49 29 32 47 53 27,heads,regular,3
2026-06-01T13:39:40Z,31,48 21 36 37 65 26 52 24 45 16 12 58 19 46 7 35 3 78 13 49,heads,regular,2
2026-06-01T13:42:20Z,32,67 40 49 75 24 12 32 17 62 60 43 1 45 30 21 47 77 79 8 71,tails,regular,2
2026-06-01T13:45:00Z,33,24 25 50 21 78 33 41 9 39 16 15 3 51 79 72 17 56 5 59 74,heads,major,1
2026-06-01T13:47:40Z,34,53 14 36 21 28 49 48 62 25 39 7 16 69 2 45 79 3 78 32 37,heads,major,1
2026-06-01T13:50:20Z,35,15 57 66 80 61 53 26 37 62 58 34 60 41 49 20 2 70 7 9 40,tails,minor,1
2026-06-01T13:53:00Z,36,75 7 50 22 72 21 65 64 80 42 67 25 14 48 35 41 6 38 79 12,tails,regular,3
2026-06-01T13:55:40Z,37,3 27 62 54 34 56 28 63 14 47 74 69 2 13 41 37 15 25 23 1,heads,minor,5
2026-06-01T13:58:20Z,38,43 4 11 75 10 38 36 47 33 52 76 31 71 9 3 14 18 68 5 80,heads,minor,2
2026-06-01T14:01:00Z,39,3 14 24 20 57 70 23 67 10 28 65 17 15 33 22 61 9 35 18 68,heads,major,1
2026-06-01T14:03:40Z,40,31 53 52 71 75 23 5 40 32 70 20 12 35 15 41 65 18 54 43 10,heads,regular,1
2026-06-01T14:06:20Z,41,22 15 28 56 7 55 10 73 65 78 61 31 57 30 9 70 47 46 5 79,tails,minor,2
2026-06-01T14:09:00Z,42,43 76 10 56 63 74 38 25 3 31 9 15 65 67 78 69 30 73 32 51,tails,regular,1
2026-06-01T14:11:40Z,43,34 26 13 45 9 10 46 18 2 53 29 75 17 25 76 47 60 69 70 11,heads,regular,2
2026-06-01T14:14:20Z,44,14 7 33 71 19 62 67 1 56 63 6 50 64 18 75 16 42 10 8 22,heads,major,3
2026-06-01T14:17:00Z,45,25 53 34 50 1 33 56 41 70 23 17 11 29 5 59 18 80 16 43 4,heads,regular,2
2026-06-01T14:19:40Z,46,5 38 20 66 9 61 68 40 41 29 6 42 37 4 23 8 24 75 51 56,heads,minor,2
2026-06-01T14:22:20Z,47,46 33 72 30 64 39 8 21 16 78 40 42 70 51 76 57 49 17 15 59,tails,regular,1
2026-06-01T14:25:00Z,48,79 14 19 78 20 16 8 55 69 35 30 44 38 4 64 24 66 32 53 67,heads,regular,1
2026-06-01T14:27:40Z,49,62 56 6 39 7 16 11 54 27 51 19 17 66 12 75 37 23 55 53 20,heads,minor,1
2026-06-01T14:30:20Z,50,52 43 51 23 61 42 63 68 10 31 26 55 80 6 38 69 39 36 28 46,tails,regular,3
2026-06-01T14:33:00Z,51,45 31 6 21 76 33 35 57 74 42 73 38 75 53 60 29 68 43 23 70,tails,minor,2
2026-06-01T14:35:40Z,52,27 43 51 76 17 60 65 32 66 38 58 18 44 31 80 49 19 61 36 62,tails,regular,2
2026-06-01T14:38:20Z,53,72 64 58 26 44 71 76 35 56 66 20 65 5 29 7 43 63 1 52 45,tails,minor,2
2026-06-01T14:41:00Z,54,10 23 4 26 59 17 68 44 77 64 65 48 36 20 60 13 8 66 2 9,heads,regular,1
2026-06-01T14:43:40Z,55,6 4 50 45 31 77 67 36 41 15 57 10 7 26 17 3 34 76 52 72,heads,regular,3
2026-06-01T14:46:20Z,56,20 47 75 18 50 26 1 8 52 2 35 5 67 21 44 10 28 73 33 78,heads,regular,1
2026-06-01T14:49:00Z,57,21 42 43 25 41 79 16 53 75 28 34 63 13 68 27 10 46 4 59 3,evens,regular,3
2026-06-01T14:51:40Z,58,21 71 74 37 17 9 8 7 33 56 6 28 49 42 48 52 64 26 76 36,heads,minor,2
2026-06-01T14:54:20Z,59,62 74 67 26 45 33 51 27 71 42 1 41 19 72 60 69 12 15 6 16,tails,major,3
2026-06-01T14:57:00Z,60,22 53 36 26 23 10 12 18 61 41 19 29 48 15 3 11 50 5 63 57,heads,regular,3
2026-06-01T14:59:40Z,61,5 61 22 14 71 6 48 2 63 75 39 24 17 35 12 7 77 19 59 49,heads,regular,5
2026-06-01T15:02:20Z,62,76 2 39 40 56 38 21 31 42 20 6 36 30 14 12 71 8 1 67 80,heads,regular,2
2026-06-01T15:05:00Z,63,51 63 55 61 32 23 78 45 67 72 75 1 24 30 18 65 46 4 14 70,tails,regular,3
2026-06-01T15:07:40Z,64,44 42 17 46 4 78 22 18 72 59 39 66 64 34 24 61 8 23 33 51,evens,minor,10
2026-06-01T15:10:20Z,65,62 17 56 77 52 27 46 48 43 19 79 74 16 50 24 20 21 9 47 45,tails,minor,1
2026-06-01T15:13:00Z,66,28 79 6 61 74 35 43 47 75 49 12 18 14 17 51 24 57 3 48 77,tails,regular,1
2026-06-01T15:15:40Z,67,42 62 49 55 25 60 37 66 5 6 26 7 67 80 68 31 39 23 40 58,evens,regular,2
2026-06-01T15:18:20Z,68,23 51 55 38 74 35 1 71 33 53 26 14 24 37 12 80 41 70 49 6,heads,minor,1
2026-06-01T15:21:00Z,69,4 17 22 44 30 80 49 39 55 12 60 45 24 13 48 64 23 61 65 1,evens,regular,3
2026-06-01T15:23:40Z,70,44 40 58 70 69 47 4 66 43 16 26 37 20 38 53 64 39 75 41 29,tails,regular,1
2026-06-01T15:26:20Z,71,10 77 64 51 21 74 73 54 4 57 14 61 27 72 49 79 22 39 31 55,tails,minor,1
2026-06-01T15:29:00Z,72,44 2 11 56 59 47 50 27 66 58 9 64 8 19 71 76 26 41 18 16,tails,regular,1
2026-06-01T15:31:40Z,73,44 54 6 13 70 66 58 34 27 60 39 16 65 11 33 2 3 69 51 64,evens,major,1
2026-06-01T15:34:20Z,74,47 25 8 9 48 42 34 78 66 71 15 67 74 31 69 72 44 16 50 17,tails,regular,1
2026-06-01T15:37:00Z,75,63 62 29 9 72 19 60 58 4 21 31 67 49 71 40 76 25 65 20 27,evens,minor,2
2026-06-01T15:39:40Z,76,48 75 59 66 49 42 72 14 10 65 30 19 67 79 21 45 4 33 32 68,tails,minor,2
2026-06-01T15:42:20Z,77,1 66 37 3 34 58 33 13 59 43 73 60 41 23 61 51 49 52 55 21,tails,regular,3
2026-06-01T15:45:00Z,78,20 65 28 31 1 44 24 41 3 4 47 78 14 46 22 36 71 42 52 63,evens,regular,1
2026-06-01T15:47:40Z,79,52 73 4 17 48 78 56 67 57 41 38 11 69 20 61 64 6 51 39 59,tails,major,1
2026-06-01T15:50:20Z,80,12 19 6 51 32 43 29 69 37 58 7 35 50 21 25 66 3 47 41 30,heads,regular,1
2026-06-01T15:53:00Z,81,19 28 39 77 69 9 76 54 79 24 47 23 62 43 66 30 44 1 5 15,evens,regular,2
2026-06-01T15:55:40Z,82,34 66 58 42 59 60 29 6 79 15 73 75 30 78 67 18 61 13 12 20,tails,minor,1
2026-06-01T15:58:20Z,83,5 15 70 20 73 3 12 25 14 10 29 55 41 4 32 48 28 53 72 44,heads,regular,1
2026-06-01T16:01:00Z,84,3 35 14 20 52 65 18 48 28 63 13 27 67 60 71 6 55 23 30 38,heads,regular,1
2026-06-01T16:03:40Z,85,38 45 61 75 72 57 54 13 17 55 37 60 24 2 56 65 10 58 31 40,tails,regular,3
2026-06-01T16:06:20Z,86,9 50 59 68 29 23 6 11 39 41 66 60 55 4 30 32 63 78 3 40,heads,minor,2
2026-06-01T16:09:00Z,87,63 38 5 30 34 11 65 53 4 19 29 35 68 58 14 77 79 74 37 18,heads,minor,2
2026-06-01T16:11:40Z,88,60 56 59 44 65 62 34 25 13 57 10 40 78 77 61 17 6 54 45 37,tails,regular,2
2026-06-01T16:14:20Z,89,47 70 11 67 79 74 14 8 3 52 15 66 35 28 53 29 37 1 73 54,evens,regular,3
2026-06-01T16:17:00Z,90,6 37 49 16 45 64 61 10 72 29 42 75 20 23 3 53 1 74 25 5,heads,regular,1
2026-06-01T16:19:40Z,91,79 44 80 70 52 41 33 21 3 61 67 11 72 4 43 28 23 15 27 8,evens,regular,5
2026-06-01T16:22:20Z,92,15 4 61 47 63 27 48 65 7 45 42 18 66 44 5 56 29 8 14 58,tails,major,1
2026-06-01T16:25:00Z,93,57 5 72 35 66 18 32 70 77 65 59 27 37 67 58 9 53 60 15 64,tails,regular,1
2026-06-01T16:27:40Z,94,22 37 66 63 55 8 46 33 21 26 57 54 43 30 49 62 52 39 67 17,tails,minor,1
2026-06-01T16:30:20Z,95,23 75 24 69 27 66 13 70 12 41 36 77 33 51 19 57 39 32 30 43,heads,regular,1
2026-06-01T16:33:00Z,96,20 57 75 78 9 64 54 13 28 41 27 29 40 73 26 39 22 11 65 52,heads,minor,10
2026-06-01T16:35:40Z,97,71 47 63 76 69 5 39 1 24 51 19 14 53 22 64 73 58 60 65 54,tails,minor,1
2026-06-01T16:38:20Z,98,13 37 36 75 23 80 42 28 31 10 60 21 7 48 32 69 44 64 12 63,heads,regular,2
2026-06-01T16:41:00Z,99,20 40 18 46 26 25 56 27 45 63 13 38 75 77 50 61 19 66 42 31,evens,regular,4
2026-06-01T16:43:40Z,100,25 47 1 26 32 8 41 51 75 53 28 66 54 49 45 19 37 43 29 11,evens,regular,3
2026-06-01T16:46:20Z,101,8 74 35 52 65 48 14 76 1 28 31 16 29 4 24 39 61 72 11 53,heads,regular,1
2026-06-01T16:49:00Z,102,76 57 64 11 7 37 44 62 31 49 14 40 12 36 18 60 77 70 79 72,tails,minor,3
2026-06-01T16:51:40Z,103,7 1 33 12 5 77 2 64 9 37 21 73 76 40 16 26 4 61 53 24,heads,major,2
2026-06-01T16:54:20Z,104,70 36 53 46 7 32 64 68 74 50 41 63 4 58 75 29 39 43 16 40,tails,regular,1
2026-06-01T16:57:00Z,105,68 29 35 75 78 77 62 11 48 20 37 21 58 53 67 10 57 32 54 45,tails,minor,2
2026-06-01T16:59:40Z,106,45 69 26 62 59 41 51 14 80 54 23 16 4 10 40 25 8 70 21 18,heads,regular,1
2026-06-01T17:02:20Z,107,62 2 54 30 48 38 80 74 46 71 32 4 23 63 21 19 34 43 45 16,evens,minor,10
2026-06-01T17:05:00Z,108,23 69 60 10 19 26 41 42 38 11 66 50 27 75 58 64 61 15 39 5,evens,regular,3
2026-06-01T17:07:40Z,109,78 67 75 31 62 61 70 55 4 19 80 26 18 8 37 1 14 42 63 20,evens,regular,1
2026-06-01T17:10:20Z,110,19 75 34 7 62 17 79 14 70 58 68 43 35 60 57 36 15 55 8 16,evens,regular,1
2026-06-01T17:13:00Z,111,65 64 50 1 35 31 27 68 70 12 44 46 51 58 66 57 48 29 77 25,tails,regular,3
2026-06-01T17:15:40Z,112,63 53 7 31 41 60 3 39 73 47 59 50 62 14 30 6 12 10 64 5,evens,regular,3
2026-06-01T17:18:20Z,113,54 78 55 26 32 59 70 79 22 37 75 12 36 19 30 62 33 41 6 53,evens,regular,1
2026-06-01T17:21:00Z,114,45 9 43 67 15 38 32 16 33 73 70 55 20 76 50 74 51 62 40 54,tails,regular,1
2026-06-01T17:23:40Z,115,28 75 23 38 60 10 54 6 76 8 44 62 15 72 40 22 29 31 43 73,heads,major,3
2026-06-01T17:26:20Z,116,47 55 19 42 15 31 2 43 52 34 67 79 59 41 7 76 74 14 62 72,tails,regular,3
2026-06-01T17:29:00Z,117,28 40 22 72 1 54 34 52 63 17 56 43 79 14 73 30 68 57 64 6,tails,regular,1
2026-06-01T17:31:40Z,118,47 65 49 19 36 68 52 50 64 58 13 63 2 41 44 20 77 21 24 27,tails,regular,2
2026-06-01T17:34:20Z,119,66 27 80 58 20 61 78 29 10 57 69 6 55 11 62 72 46 63 9 60,tails,regular,1
2026-06-01T17:37:00Z,120,68 56 38 79 32 51 1 37 65 58 70 16 69 29 33 76 41 44 71 80,tails,regular,3
2026-06-01T17:39:40Z,121,9 69 80 12 7 32 41 20 44 78 56 43 34 10 1 33 62 70 46 51,tails,regular,2
2026-06-01T17:42:20Z,122,8 34 43 60 73 54 68 61 49 1 38 3 53 15 42 24 50 71 62 47,tails,minor,3
2026-06-01T17:45:00Z,123,27 67 33 53 17 40 6 35 47 55 80 8 36 51 58 61 72 54 68 48,tails,minor,3
2026-06-01T17:47:40Z,124,78 56 6 36 14 8 63 32 69 60 44 59 4 74 47 71 58 19 23 33,tails,regular,1
2026-06-01T17:50:20Z,125,47 1 13 20 17 34 62 74 42 73 69 36 45 64 21 38 41 15 27 31,heads,regular,3
2026-06-01T17:53:00Z,126,60 27 72 14 46 5 43 56 31 40 19 78 39 45 30 12 3 58 55 11,heads,regular,3
2026-06-01T17:55:40Z,127,22 53 44 52 14 9 30 42 74 46 3 4 41 18 21 67 2 20 61 39,heads,major,3
2026-06-01T17:58:20Z,128,15 76 38 5 61 34 43 8 13 72 21 77 35 66 29 39 7 57 32 75,heads,regular,2
2026-06-01T18:01:00Z,129,37 38 7 20 76 2 32 21 36 54 16 71 80 72 75 15 65 48 41 39,heads,regular,2
2026-06-01T18:03:40Z,130,61 4 45 44 73 53 23 40 47 67 27 11 72 66 30 50 75 71 15 35,tails,regular,1
2026-06-01T18:06:20Z,131,75 22 27 36 17 31 21 34 26 8 20 12 57 48 35 1 11 14 4 59,heads,regular,2
2026-06-01T18:09:00Z,132,22 49 51 67 66 56 63 46 52 70 32 11 4 77 1 2 24 20 37 65,tails,regular,1
2026-06-01T18:11:40Z,133,53 49 46 40 22 29 68 52 76 34 54 30 39 35 32 73 31 14 24 47,heads,major,4
2026-06-01T18:14:20Z,134,1 4 32 12 36 64 66 34 37 58 35 41 65 9 53 54 48 60 29 70,evens,minor,1
2026-06-01T18:17:00Z,135,28 73 17 5 9 29 74 67 13 6 78 20 26 11 54 69 76 2 59 61,heads,regular,2
2026-06-01T18:19:40Z,136,60 23 36 56 46 52 66 14 12 43 49 6 47 5 13 9 10 21 18 3,heads,regular,1
2026-06-01T18:22:20Z,137,56 37 52 44 12 80 46 26 74 50 75 47 35 71 42 78 4 39 54 15,tails,minor,2
2026-06-01T18:25:00Z,138,19 79 14 66 52 30 58 54 37 70 33 23 64 28 77 74 50 55 39 44,tails,regular,3
2026-06-01T18:27:40Z,139,39 72 66 35 64 19 60 14 65 26 79 4 17 1 50 13 71 73 2 45,evens,regular,1
2026-06-01T18:30:20Z,140,14 37 73 25 60 57 31 61 5 56 77 54 35 43 78 10 11 27 64 21,evens,regular,2
2026-06-01T18:33:00Z,141,37 11 78 75 49 38 34 80 57 63 1 56 42 53 40 4 3 77 10 62,tails,regular,3
2026-06-01T18:35:40Z,142,9 22 58 34 55 21 14 71 45 3 4 24 80 32 29 12 44 48 66 16,heads,regular,2
2026-06-01T18:38:20Z,143,25 34 75 53 19 59 12 67 80 58 76 37 78 63 4 14 41 66 70 73,tails,regular,1
2026-06-01T18:41:00Z,144,8 64 66 45 78 5 28 51 16 33 44 2 58 68 37 25 70 39 3 26,heads,minor,2
2026-06-01T18:43:40Z,145,10 42 73 3 41 38 74 17 61 57 52 20 13 37 5 9 15 60 50 44,evens,minor,10
2026-06-01T18:46:20Z,146,79 8 14 47 36 6 1 32 78 75 18 63 54 15 64 71 29 56 46 70,tails,regular,4
2026-06-01T18:49:00Z,147,46 11 28 47 57 65 58 1 26 31 70 42 2 8 60 49 19 12 10 27,heads,regular,1
2026-06-01T18:51:40Z,148,44 57 72 5 69 3 42 35 79 59 1 55 48 20 4 27 49 60 9 32,tails,regular,3
2026-06-01T18:54:20Z,149,65 39 64 14 40 20 47 68 8 13 45 76 21 49 66 61 3 43 75 27,tails,minor,2
2026-06-01T18:57:00Z,150,17 77 79 44 70 8 16 49 7 12 24 41 47 62 33 71 28 15 51 46,tails,regular,1
2026-06-01T18:59:40Z,151,10 61 43 63 35 52 70 3 28 78 16 66 73 14 24 19 59 39 55 32,evens,regular,2
2026-06-01T19:02:20Z,152,71 42 8 64 47 76 3 11 80 75 43 29 60 1 32 37 74 39 59 15,tails,regular,1
2026-06-01T19:05:00Z,153,5 35 27 45 44 72 7 48 67 60 10 54 74 31 23 76 16 12 41 8,evens,regular,1
2026-06-01T19:07:40Z,154,17 59 57 46 36 25 73 7 76 50 78 18 68 70 33 8 37 1 74 32,evens,minor,2
2026-06-01T19:10:20Z,155,39 2 56 31 16 40 48 5 43 33 79 10 65 74 22 57 37 52 72 46,evens,major,1
2026-06-01T19:13:00Z,156,29 5 72 66 25 42 60 1 44 70 16 39 32 21 56 68 6 52 43 33,evens,regular,2
2026-06-01T19:15:40Z,157,48 19 39 69 2 20 14 38 15 68 42 76 12 63 59 71 37 49 75 73,tails,minor,2
2026-06-01T19:18:20Z,158,76 51 40 19 73 53 78 32 28 5 36 26 75 6 29 18 14 63 70 64,heads,minor,3
2026-06-01T19:21:00Z,159,20 61 45 10 42 16 12 35 8 2 53 52 59 41 34 57 62 58 38 29,evens,regular,2
2026-06-01T19:23:40Z,160,55 23 66 25 44 74 68 4 6 42 19 70 73 14 50 67 1 62 80 11,tails,regular,1
2026-06-01T19:26:20Z,161,18 6 67 35 29 58 78 52 7 13 76 56 48 34 25 57 26 14 21 54,heads,regular,3
2026-06-01T19:29:00Z,162,11 15 48 63 26 6 23 46 59 43 25 80 7 1 67 37 20 19 70 27,heads,regular,1
2026-06-01T19:31:40Z,163,18 10 61 48 55 67 17 39 58 23 59 24 41 26 42 35 20 19 5 9,heads,minor,1
2026-06-01T19:34:20Z,164,61 68 76 28 31 51 24 39 3 47 20 69 32 8 52 78 1 35 72 57,evens,regular,1
2026-06-01T19:37:00Z,165,45 35 32 70 5 59 1 48 31 51 24 15 74 62 30 67 42 6 76 17,evens,minor,4
2026-06-01T19:39:40Z,166,44 65 49 66 52 36 61 10 53 26 42 79 33 37 72 60 47 2 14 57,tails,regular,1
2026-06-01T19:42:20Z,167,52 53 12 37 27 15 63 80 68 40 65 55 58 49 39 57 64 74 69 36,tails,regular,1
2026-06-01T19:45:00Z,168,78 57 46 47 63 49 77 44 56 16 7 4 65 45 66 15 27 64 37 34,tails,regular,1
2026-06-01T19:47:40Z,169,35 41 45 54 50 48 53 7 30 58 2 15 55 5 26 68 33 10 37 34,heads,minor,1
2026-06-01T19:50:20Z,170,75 5 76 29 21 50 13 52 56 80 45 25 69 73 64 42 61 41 49 79,tails,regular,1
2026-06-01T19:53:00Z,171,64 36 43 20 45 10 24 11 52 16 19 67 44 37 71 39 65 46 5 53,evens,major,1
2026-06-01T19:55:40Z,172,73 70 59 31 22 32 40 15 30 9 13 54 1 14 35 26 39 43 5 3,heads,regular,3
2026-06-01T19:58:20Z,173,41 75 60 64 42 35 9 15 51 28 65 48 7 43 61 76 20 62 17 55,tails,minor,1
2026-06-01T20:01:00Z,174,1 34 8 5 31 20 75 44 58 3 2 42 11 64 14 60 30 80 67 52,heads,major,2
2026-06-01T20:03:40Z,175,8 26 23 45 10 52 51 77 27 31 78 75 57 67 59 39 65 11 37 48,tails,minor,3
2026-06-01T20:06:20Z,176,18 4 19 79 74 78 48 55 41 1 33 3 50 9 42 59 73 53 37 15,tails,regular,2
2026-06-01T20:09:00Z,177,6 30 17 12 32 41 16 57 60 77 40 50 20 44 38 72 1 14 65 29,heads,minor,10
2026-06-01T20:11:40Z,178,74 68 26 9 23 3 50 29 61 60 54 2 20 78 16 32 13 64 40 80,heads,minor,1
2026-06-01T20:14:20Z,179,58 27 36 15 14 32 41 33 18 10 12 75 59 79 2 21 61 56 22 76,heads,regular,1
2026-06-01T20:17:00Z,180,55 2 20 27 15 40 23 69 37 17 60 62 75 52 18 36 32 39 7 73,heads,regular,1
2026-06-01T20:19:40Z,181,47 54 38 11 62 42 80 23 2 26 18 9 6 45 56 28 50 52 75 55,tails,regular,3
2026-06-01T20:22:20Z,182,72 37 43 35 15 7 47 41 49 48 58 17 50 80 26 25 13 61 65 10,tails,regular,3
2026-06-01T20:25:00Z,183,77 63 8 24 13 38 33 42 4 64 32 34 68 41 1 61 27 51 67 23,heads,regular,2
2026-06-01T20:27:40Z,184,8 63 18 60 21 26 57 36 13 34 29 45 50 5 40 44 71 19 65 66,heads,regular,3
2026-06-01T20:30:20Z,185,11 35 64 6 26 29 75 71 43 10 80 77 54 67 52 27 65 41 14 74,tails,regular,5
2026-06-01T20:33:00Z,186,39 16 34 64 68 10 57 5 28 12 59 22 47 74 32 33 48 17 25 19,heads,minor,1
2026-06-01T20:35:40Z,187,7 39 58 18 60 55 33 15 37 12 79 30 64 45 32 17 22 66 44 38,heads,regular,2
2026-06-01T20:38:20Z,188,73 28 65 41 15 24 30 43 71 16 75 5 10 25 6 32 2 42 33 56,heads,regular,1
2026-06-01T20:41:00Z,189,16 8 22 38 46 7 52 58 39 2 76 28 60 43 69 1 19 48 27 80,heads,minor,3
2026-06-01T20:43:40Z,190,22 30 4 64 6 63 41 9 53 78 28 74 69 29 67 21 36 23 46 43,evens,major,2
2026-06-01T20:46:20Z,191,77 25 27 57 20 4 11 68 19 21 67 52 45 42 46 55 23 69 51 40,tails,regular,2
2026-06-01T20:49:00Z,192,64 6 25 14 21 36 41 8 49 47 72 42 62 33 80 30 28 78 12 58,evens,major,2
2026-06-01T20:51:40Z,193,31 20 64 41 48 50 10 3 17 7 53 2 32 55 80 29 33 71 36 70,heads,regular,2
2026-06-01T20:54:20Z,194,35 24 60 46 7 16 34 33 56 69 72 15 4 12 75 64 6 43 31 49,heads,minor,1
2026-06-01T20:57:00Z,195,4 51 37 76 49 20 57 40 24 14 25 33 62 70 30 50 7 63 39 19,heads,regular,3
2026-06-01T20:59:40Z,196,12 32 25 51 80 38 78 37 76 50 66 36 28 74 1 60 54 64 34 44,tails,minor,2
2026-06-01T21:02:20Z,197,57 61 80 46 71 47 30 34 68 75 29 27 63 10 48 43 64 5 21 13,tails,minor,1
2026-06-01T21:05:00Z,198,79 71 38 30 39 60 8 80 50 67 44 51 46 28 61 7 20 69 26 74,tails,regular,2
2026-06-01T21:07:40Z,199,33 58 49 79 40 34 71 26 5 70 20 59 3 41 18 14 75 35 6 66,heads,minor,1
2026-06-01T21:10:20Z,200,7 31 12 9 18 62 45 78 44 21 57 2 80 65 6 5 16 4 59 52,heads,regular,1
2026-06-01T21:13:00Z,201,24 54 76 35 23 74 37 48 56 67 15 40 42 22 4 59 17 63 79 2,evens,regular,1
2026-06-01T21:15:40Z,202,18 10 51 55 66 28 44 65 33 34 29 50 57 11 69 68 23 80 71 1,tails,regular,3
2026-06-01T21:18:20Z,203,60 3 39 23 38 7 2 54 42 13 77 41 78 31 59 34 76 17 25 19,heads,regular,2
2026-06-01T21:21:00Z,204,51 62 26 35 19 79 11 44 45 3 1 43 73 36 5 49 67 64 77 2,tails,regular,1
2026-06-01T21:23:40Z,205,79 69 45 40 57 70 33 56 6 12 58 46 49 65 41 72 37 16 60 10,tails,regular,5
2026-06-01T21:26:20Z,206,17 56 64 78 67 9 20 16 68 47 63 1 65 44 50 36 23 4 60 24,tails,regular,1
2026-06-01T21:29:00Z,207,61 3 25 18 77 42 9 35 49 20 54 47 2 22 26 71 23 4 40 15,heads,minor,1
2026-06-01T21:31:40Z,208,35 11 59 70 51 28 39 71 6 66 57 12 52 40 4 32 14 37 20 62,heads,minor,2
2026-06-01T21:34:20Z,209,43 79 54 15 3 61 32 27 10 63 64 1 39 21 5 66 17 72 12 20,heads,major,3
2026-06-01T21:37:00Z,210,62 26 67 33 39 45 79 49 4 65 16 64 25 28 76 34 69 74 38 15,evens,regular,1
2026-06-01T21:39:40Z,211,44 10 5 47 7 61 4 46 34 71 76 9 22 23 33 19 20 14 51 25,heads,regular,5
2026-06-01T21:42:20Z,212,59 73 66 20 34 10 77 71 57 21 27 41 63 53 24 74 31 38 23 40,evens,regular,1
2026-06-01T21:45:00Z,213,41 64 70 75 2 38 4 58 30 8 27 20 61 5 39 62 13 33 50 36,heads,regular,1
2026-06-01T21:47:40Z,214,1 74 48 39 4 36 22 64 49 24 19 53 2 51 67 26 75 31 30 6,heads,minor,10
2026-06-01T21:50:20Z,215,14 19 43 37 33 52 76 29 55 60 8 59 30 62 4 51 54 45 25 28,evens,minor,2
2026-06-01T21:53:00Z,216,76 20 17 18 26 9 49 55 62 50 11 43 37 46 27 78 2 71 69 40,evens,major,2
2026-06-01T21:55:40Z,217,9 31 14 2 72 27 19 46 44 18 20 54 42 69 16 78 39 57 25 71,heads,regular,2
2026-06-01T21:58:20Z,218,56 30 74 43 35 47 63 42 48 29 6 66 46 69 61 60 18 7 45 59,tails,regular,3
2026-06-01T22:01:00Z,219,23 22 42 2 30 17 40 58 75 55 63 9 36 38 34 26 27 13 68 25,heads,minor,2
2026-06-01T22:03:40Z,220,32 47 57 56 18 68 62 12 72 21 58 7 33 41 31 74 17 16 20 11,heads,regular,2
2026-06-01T22:06:20Z,221,57 74 35 71 64 4 39 34 76 8 41 72 73 6 16 24 2 11 28 12,heads,regular,1
2026-06-01T22:09:00Z,222,58 47 28 7 65 75 42 37 63 46 1 15 67 11 24 22 71 49 27 9,evens,major,2
2026-06-01T22:11:40Z,223,35 50 4 29 67 78 68 26 55 22 47 9 72 18 66 65 70 49 36 53,tails,minor,1
2026-06-01T22:14:20Z,224,14 65 58 43 38 9 27 32 25 41 19 28 74 29 24 49 59 66 80 76,evens,minor,3
2026-06-01T22:17:00Z,225,54 30 79 57 48 58 67 33 39 15 27 28 65 32 69 19 36 78 8 66,evens,regular,1
2026-06-01T22:19:40Z,226,54 38 71 22 69 48 50 67 45 15 73 34 57 1 19 76 65 44 2 20,tails,regular,3
2026-06-01T22:22:20Z,227,72 32 64 34 54 38 16 39 1 78 71 59 13 61 52 33 5 35 56 44,evens,regular,3
2026-06-01T22:25:00Z,228,44 64 6 39 61 42 46 49 2 27 25 70 50 59 78 16 58 71 41 69,tails,regular,2
2026-06-01T22:27:40Z,229,61 19 32 12 22 45 2 50 44 71 59 40 66 38 17 15 80 57 8 27,heads,regular,1
2026-06-01T22:30:20Z,230,44 55 3 68 26 7 40 29 38 67 60 1 32 17 13 2 54 46 20 58,heads,major,2
2026-06-01T22:33:00Z,231,24 3 18 19 69 28 12 43 80 35 15 38 31 66 73 9 52 21 41 74,heads,minor,1
2026-06-01T22:35:40Z,232,62 48 30 57 43 68 36 56 49 60 28 45 1 47 20 25 61 76 15 22,tails,regular,2
2026-06-01T22:38:20Z,233,59 17 63 64 24 2 61 50 67 35 45 62 57 23 43 73 54 48 16 10,tails,regular,1
2026-06-01T22:41:00Z,234,67 10 4 2 58 70 76 22 14 26 16 43 52 38 18 45 47 71 11 23,heads,regular,1
2026-06-01T22:43:40Z,235,57 53 73 55 27 16 66 67 29 72 2 36 58 79 71 77 21 44 6 26,tails,major,2
2026-06-01T22:46:20Z,236,24 22 17 71 31 75 32 2 5 42 46 59 77 12 27 15 66 58 65 35,heads,minor,2
2026-06-01T22:49:00Z,237,9 75 55 12 67 43 16 49 50 76 25 42 2 78 66 62 41 17 23 56,tails,regular,2
2026-06-01T22:51:40Z,238,71 53 74 54 70 40 79 35 28 55 52 29 27 76 8 44 1 13 72 56,tails,minor,2
2026-06-01T22:54:20Z,239,65 72 23 32 53 70 54 47 38 55 21 58 31 3 6 49 73 60 37 5,tails,regular,1
2026-06-01T22:57:00Z,240,13 24 68 76 9 41 29 15 33 17 63 8 51 80 3 14 48 30 44 26,heads,regular,1
2026-06-01T22:59:40Z,241,59 43 49 62 53 63 64 25 66 34 26 31 24 3 75 79 68 71 56 38,tails,regular,3
2026-06-01T23:02:20Z,242,36 1 48 10 73 11 75 39 68 3 60 44 52 80 47 45 63 17 51 16,tails,regular,2
2026-06-01T23:05:00Z,243,59 4 62 12 66 43 77 47 13 76 29 24 22 44 41 56 14 15 7 1,evens,regular,3
2026-06-01T23:07:40Z,244,13 56 76 54 57 78 55 52 10 67 18 47 15 28 20 58 29 4 21 5,evens,minor,3
2026-06-01T23:10:20Z,245,2 77 49 76 13 26 14 45 55 68 40 47 63 6 12 41 53 15 61 9,tails,minor,4
2026-06-01T23:13:00Z,246,44 76 64 66 3 28 21 79 45 5 38 12 75 33 22 32 15 69 1 71,heads,regular,3
2026-06-01T23:15:40Z,247,79 65 63 70 17 48 67 2 55 8 68 3 26 37 49 19 12 33 13 45,evens,regular,3
2026-06-01T23:18:20Z,248,32 4 11 34 9 45 51 50 54 18 17 19 8 26 59 70 21 74 40 63,heads,regular,5
2026-06-01T23:21:00Z,249,25 54 71 52 30 2 34 69 58 37 12 14 62 17 21 6 44 65 66 26,heads,regular,1
2026-06-01T23:23:40Z,250,24 29 45 72 76 56 5 28 42 7 78 32 1 46 74 67 19 49 3 12,evens,regular,1
2026-06-01T23:26:20Z,251,4 37 55 28 41 35 59 39 7 79 40 42 25 51 74 73 16 57 33 77,evens,major,3
2026-06-01T23:29:00Z,252,22 59 42 79 17 15 80 32 50 46 57 14 77 53 68 20 67 60 19 23,tails,regular,2
2026-06-01T23:31:40Z,253,20 39 48 63 58 49 53 77 61 37 67 59 10 70 36 31 7 22 74 72,tails,major,3
2026-06-01T23:34:20Z,254,53 33 23 10 39 5 20 43 42 13 79 36 68 28 19 54 76 40 11 45,heads,regular,1
2026-06-01T23:37:00Z,255,45 2 66 25 49 62 58 72 16 60 52 27 80 47 64 71 37 53 12 11,tails,regular,1
2026-06-01T23:39:40Z,256,74 24 38 9 19 5 36 45 14 60 71 59 79 25 48 73 22 46 69 7,evens,minor,10
2026-06-01T23:42:20Z,257,47 31 58 66 43 56 34 21 36 16 13 68 45 5 17 48 41 15 9 64,evens,regular,1
2026-06-01T23:45:00Z,258,13 14 30 27 18 43 8 45 78 33 6 59 61 2 42 10 57 39 11 70,heads,regular,1
2026-06-01T23:47:40Z,259,76 36 67 79 49 11 24 32 43 47 39 54 16 35 28 40 10 14 12 22,heads,regular,2
2026-06-01T23:50:20Z,260,6 36 32 5 38 11 39 17 54 43 33 1 2 27 63 23 44 66 13 29,heads,regular,3
2026-06-01T23:53:00Z,261,15 60 5 44 6 75 66 20 10 57 46 36 79 27 65 22 67 51 64 70,tails,regular,2
2026-06-01T23:55:40Z,262,57 20 8 47 73 59 80 42 21 74 6 27 16 32 69 62 43 48 65 78,tails,regular,10
2026-06-01T23:58:20Z,263,67 63 54 24 23 15 2 37 26 79 51 57 80 60 56 61 40 31 21 41,tails,regular,1
2026-06-02T00:01:00Z,264,24 21 69 33 52 35 5 65 71 4 53 20 23 22 47 75 36 46 32 56,heads,regular,1
2026-06-02T00:03:40Z,265,35 80 5 32 63 74 20 71 7 72 19 15 51 52 45 76 54 9 25 12,evens,regular,2
2026-06-02T00:06:20Z,266,71 37 36 1 61 56 31 12 25 47 78 72 68 22 39 66 4 11 20 70,heads,major,1
2026-06-02T00:09:00Z,267,43 74 7 33 1 4 54 28 57 55 76 80 17 6 10 67 73 14 79 59,tails,regular,1
2026-06-02T00:11:40Z,268,54 45 62 51 68 6 20 8 66 4 5 30 15 70 41 7 35 19 13 56,heads,regular,3
2026-06-02T00:14:20Z,269,46 31 40 68 8 18 2 57 11 33 45 66 19 48 67 10 15 14 6 38,heads,regular,10
2026-06-02T00:17:00Z,270,17 7 42 56 59 1 64 9 53 11 26 37 33 76 12 58 21 48 44 27,heads,major,2
2026-06-02T00:19:40Z,271,72 25 49 35 47 74 73 44 20 61 28 11 70 43 80 62 26 36 12 41,tails,regular,1
2026-06-02T00:22:20Z,272,8 16 65 23 72 37 48 46 20 30 2 63 15 69 66 29 18 41 71 6,heads,minor,3
2026-06-02T00:25:00Z,273,38 34 75 53 69 1 60 10 14 3 15 52 40 13 23 6 46 58 50 47,heads,regular,3
2026-06-02T00:27:40Z,274,45 10 14 34 25 65 22 9 31 59 6 43 11 57 72 38 53 2 61 8,heads,regular,3
2026-06-02T00:30:20Z,275,39 52 27 24 30 64 31 72 3 7 68 58 22 47 9 25 49 69 80 51,evens,major,1
2026-06-02T00:33:00Z,276,76 51 19 23 25 5 52 11 1 75 46 42 59 43 13 55 80 63 48 50,tails,regular,1
2026-06-02T00:35:40Z,277,43 30 1 77 37 33 26 19 6 52 10 40 18 63 73 64 48 61 5 15,heads,minor,10
2026-06-02T00:38:20Z,278,77 7 22 40 37 46 13 57 62 29 55 49 17 48 27 5 59 67 39 19,heads,regular,2
2026-06-02T00:41:00Z,279,15 75 49 18 51 43 44 4 74 52 21 69 1 60 41 33 31 8 36 27,evens,regular,2
2026-06-02T00:43:40Z,280,45 46 58 39 80 29 72 25 54 2 38 55 11 56 23 70 63 51 60 27,tails,regular,3
2026-06-02T00:46:20Z,281,58 61 78 2 30 12 37 57 31 69 63 5 71 38 6 23 56 26 22 33,heads,regular,1
2026-06-02T00:49:00Z,282,69 42 55 8 70 79 72 34 13 4 64 41 3 66 58 39 15 63 25 1,tails,regular,3
2026-06-02T00:51:40Z,283,43 17 10 68 65 8 40 59 46 32 69 71 33 23 15 57 67 36 38 42,evens,regular,2
2026-06-02T00:54:20Z,284,40 12 70 7 68 38 50 62 6 67 39 24 25 58 2 21 41 10 20 61,heads,minor,10
2026-06-02T00:57:00Z,285,43 58 18 6 41 30 24 44 74 4 10 77 55 50 56 78 73 46 20 1,tails,minor,1
2026-06-02T00:59:40Z,286,31 60 33 7 4 66 6 38 69 52 12 18 47 16 39 17 54 64 67 45,heads,minor,3
2026-06-02T01:02:20Z,287,59 69 57 13 26 46 65 39 79 38 3 60 41 20 80 36 62 5 55 24,tails,minor,1
2026-06-02T01:05:00Z,288,46 2 28 65 18 69 7 40 45 12 13 73 32 47 56 16 80 44 55 49,tails,regular,1
2026-06-02T01:07:40Z,289,60 29 8 65 47 72 23 67 9 15 75 14 7 30 26 62 11 68 73 54,evens,regular,1
2026-06-02T01:10:20Z,290,53 22 51 76 12 38 46 23 65 40 27 70 15 79 75 55 35 49 52 13,tails,regular,2
2026-06-02T01:13:00Z,291,77 75 71 43 5 23 2 68 16 72 8 17 51 35 44 46 54 22 1 29,evens,regular,1
2026-06-02T01:15:40Z,292,43 50 58 24 18 3 4 23 66 80 22 63 21 8 10 48 36 52 33 45,heads,regular,3
2026-06-02T01:18:20Z,293,3 38 16 6 9 58 66 25 76 62 20 7 71 46 67 57 78 68 44 75,tails,minor,1
2026-06-02T01:21:00Z,294,75 17 39 16 49 31 54 28 71 3 50 53 36 42 58 59 15 2 72 77,tails,minor,1
2026-06-02T01:23:40Z,295,80 40 64 76 37 49 52 29 56 14 79 31 23 41 10 72 19 1 36 39,heads,major,4
2026-06-02T01:26:20Z,296,33 77 26 13 30 27 69 7 66 23 53 14 10 73 17 55 35 68 31 63,heads,minor,4
2026-06-02T01:29:00Z,297,49 45 37 56 12 75 67 17 44 66 55 8 22 54 25 34 80 2 61 68,tails,minor,1
2026-06-02T01:31:40Z,298,21 46 51 78 6 60 70 15 11 56 52 57 14 74 10 50 75 55 42 59,tails,regular,1
2026-06-02T01:34:20Z,299,41 43 70 2 63 42 51 28 1 45 73 14 5 69 6 58 10 68 33 23,tails,minor,3
2026-06-02T01:37:00Z,300,38 51 59 43 42 13 24 19 15 27 28 57 75 48 65 2 18 40 49 37,heads,regular,3
2026-06-02T01:39:40Z,301,39 72 52 58 40 55 16 31 67 77 41 26 18 59 44 4 6 38 54 32,evens,minor,3
2026-06-02T01:42:20Z,302,72 39 38 50 28 12 42 27 71 61 78 60 23 52 40 3 48 8 7 64,evens,minor,10
2026-06-02T01:45:00Z,303,79 66 39 46 42 41 53 35 47 64 10 68 20 21 55 33 65 18 70 57,tails,regular,1
2026-06-02T01:47:40Z,304,54 34 28 61 66 42 22 37 21 33 45 46 70 75 60 73 65 56 62 39,tails,regular,3
2026-06-02T01:50:20Z,305,33 17 57 73 44 38 35 65 40 27 8 75 67 62 69 11 50 3 64 12,evens,minor,3
2026-06-02T01:53:00Z,306,33 16 18 50 69 63 51 2 29 31 20 59 80 56 41 64 12 27 52 11,evens,minor,2
2026-06-02T01:55:40Z,307,50 80 14 52 17 48 57 61 54 38 46 63 7 2 64 18 55 78 11 29,tails,minor,2
2026-06-02T01:58:20Z,308,10 52 39 50 33 1 56 59 80 54 74 61 53 37 40 19 24 11 47 3,evens,regular,2
2026-06-02T02:01:00Z,309,72 12 26 23 16 17 71 76 75 3 34 51 8 56 37 15 52 20 19 25,heads,regular,1
2026-06-02T02:03:40Z,310,21 73 80 22 67 69 46 76 52 50 53 29 34 49 54 12 9 70 10 57,tails,regular,2
2026-06-02T02:06:20Z,311,43 31 34 11 60 56 69 4 59 44 55 50 19 58 21 70 76 68 2 30,tails,regular,2
2026-06-02T02:09:00Z,312,53 80 64 4 31 71 54 47 63 60 38 2 51 43 49 75 3 27 69 18,tails,regular,1
2026-06-02T02:11:40Z,313,68 60 39 3 1 34 38 74 33 77 14 8 12 10 25 16 18 57 30 80,heads,minor,1
2026-06-02T02:14:20Z,314,39 43 53 54 38 33 14 20 72 48 56 21 37 27 49 8 59 19 47 36,heads,regular,1
2026-06-02T02:17:00Z,315,25 32 78 43 69 59 36 66 79 75 62 35 37 18 3 15 40 10 54 80,evens,minor,3
2026-06-02T02:19:40Z,316,70 32 74 66 37 57 10 73 75 76 53 51 12 20 44 49 26 48 9 72,tails,regular,1
2026-06-02T02:22:20Z,317,41 1 14 63 13 67 8 45 71 75 68 5 52 50 33 57 15 39 10 47,tails,regular,3
2026-06-02T02:25:00Z,318,5 79 45 1 78 64 8 48 44 74 76 22 33 9 57 39 77 2 3 26,evens,minor,4
2026-06-02T02:27:40Z,319,14 51 55 38 9 65 64 45 61 77 21 62 4 48 25 67 68 24 56 8,tails,regular,4
2026-06-02T02:30:20Z,320,65 21 5 80 51 24 20 55 52 3 70 28 73 76 67 19 43 7 69 77,tails,regular,1
2026-06-02T02:33:00Z,321,37 71 42 58 75 17 26 20 15 30 19 51 21 23 56 12 48 59 40 6,heads,regular,3
2026-06-02T02:35:40Z,322,8 5 52 32 7 25 41 76 46 59 73 36 70 18 49 64 37 71 3 20,evens,regular,1
2026-06-02T02:38:20Z,323,22 6 72 10 62 76 24 66 16 32 58 45 11 55 8 54 25 60 57 80,tails,regular,2
2026-06-02T02:41:00Z,324,16 50 17 28 65 63 68 35 20 41 14 37 36 72 73 57 5 3 6 55,heads,regular,3
2026-06-02T02:43:40Z,325,76 3 55 35 29 21 33 16 74 62 78 66 6 14 65 52 60 43 47 19,tails,regular,1
2026-06-02T02:46:20Z,326,29 2 73 35 3 10 61 71 6 30 50 19 12 63 78 49 72 9 56 75,evens,regular,2
2026-06-02T02:49:00Z,327,53 9 5 31 47 29 16 45 10 19 50 13 66 12 37 49 67 21 60 54,heads,regular,1
2026-06-02T02:51:40Z,328,64 20 16 40 56 68 52 60 66 71 19 46 35 18 76 62 37 45 54 3,tails,regular,1
2026-06-02T02:54:20Z,329,49 55 8 24 75 47 57 19 7 42 77 1 76 5 73 3 79 29 17 40,evens,regular,1
2026-06-02T02:57:00Z,330,12 76 33 11 51 62 53 56 39 52 74 5 63 75 55 18 37 57 36 58,tails,regular,1
2026-06-02T02:59:40Z,331,50 78 14 33 29 28 42 30 19 20 77 12 39 66 4 62 65 43 25 6,heads,minor,2
2026-06-02T03:02:20Z,332,55 58 53 6 28 18 33 37 42 14 79 78 1 11 47 70 62 46 25 19,evens,regular,5
2026-06-02T03:05:00Z,333,17 55 21 64 71 80 54 48 69 52 11 10 41 24 32 7 38 26 1 30,heads,minor,1
2026-06-02T03:07:40Z,334,75 32 57 31 55 39 76 58 25 16 17 34 49 3 9 36 35 27 40 10,heads,minor,2
2026-06-02T03:10:20Z,335,10 66 64 29 39 5 60 36 17 6 49 22 24 68 26 9 18 55 37 47,heads,regular,2
2026-06-02T03:13:00Z,336,25 13 75 51 46 15 28 45 22 38 78 17 67 5 10 62 59 42 56 74,tails,regular,1
2026-06-02T03:15:40Z,337,13 11 55 2 74 47 70 46 7 32 58 20 23 56 27 33 57 76 35 30,heads,minor,4
2026-06-02T03:18:20Z,338,39 44 59 11 68 50 46 56 48 51 64 3 31 75 13 53 78 69 10 42,tails,minor,1
2026-06-02T03:21:00Z,339,3 77 23 11 36 40 31 4 19 35 63 7 48 10 46 66 33 25 9 62,heads,regular,3
2026-06-02T03:23:40Z,340,79 15 22 66 20 17 14 71 42 11 18 4 40 10 74 24 70 63 48 54,heads,regular,1
2026-06-02T03:26:20Z,341,16 30 20 60 33 19 72 10 25 45 68 67 3 77 54 18 52 74 1 15,heads,regular,1
2026-06-02T03:29:00Z,342,78 11 77 71 14 67 7 15 28 57 8 31 65 49 63 13 19 36 30 54,heads,minor,1
2026-06-02T03:31:40Z,343,19 17 7 31 51 71 5 70 53 67 39 45 63 2 4 12 15 8 65 24,heads,regular,2
2026-06-02T03:34:20Z,344,79 54 45 42 10 71 47 31 7 68 60 59 55 64 27 26 69 16 66 74,tails,minor,3
2026-06-02T03:37:00Z,345,26 36 17 7 76 54 21 2 22 58 73 42 67 24 43 38 53 32 19 11,heads,minor,10
2026-06-02T03:39:40Z,346,11 24 45 65 16 48 80 8 75 34 79 28 31 17 7 36 66 35 22 6,heads,regular,1
2026-06-02T03:42:20Z,347,9 43 14 72 8 71 40 48 60 5 64 76 4 22 56 23 61 32 44 55,tails,regular,1
2026-06-02T03:45:00Z,348,51 7 24 11 8 9 26 36 41 15 71 61 34 30 16 64 22 48 19 56,heads,regular,1
2026-06-02T03:47:40Z,349,13 39 43 4 23 20 75 15 17 42 74 44 72 63 25 14 79 40 34 21,heads,regular,3
2026-06-02T03:50:20Z,350,35 29 33 71 54 18 80 58 70 59 10 15 48 63 50 53 72 60 17 67,tails,regular,1
2026-06-02T03:53:00Z,351,78 67 55 59 17 1 41 4 31 80 77 14 26 72 20 61 70 57 37 38,tails,regular,1
2026-06-02T03:55:40Z,352,64 52 47 2 40 26 11 58 73 36 74 55 75 54 30 62 79 18 24 21,tails,regular,1
2026-06-02T03:58:20Z,353,14 75 64 19 69 9 67 52 43 47 68 61 17 2 24 45 77 29 7 80,tails,major,1
2026-06-02T04:01:00Z,354,7 17 19 32 67 4 64 45 30 78 27 68 34 70 47 46 9 59 38 65,evens,minor,3
2026-06-02T04:03:40Z,355,55 2 42 7 35 59 22 40 28 39 3 53 61 4 78 51 62 17 13 31,heads,regular,2
2026-06-02T04:06:20Z,356,11 68 1 50 33 32 72 52 35 71 64 57 73 55 17 44 14 59 65 9,tails,regular,2
2026-06-02T04:09:00Z,357,32 33 14 48 16 58 79 10 8 11 59 61 55 53 28 37 20 49 13 4,heads,minor,5
2026-06-02T04:11:40Z,358,2 3 29 17 73 67 44 75 68 64 55 52 79 22 5 41 42 36 21 47,tails,regular,10
2026-06-02T04:14:20Z,359,72 65 3 75 2 38 62 25 39 6 12 36 7 50 60 9 13 55 8 35,heads,regular,2
2026-06-02T04:17:00Z,360,6 23 28 77 10 69 64 74 25 55 35 49 65 75 32 66 12 7 14 73,evens,regular,3
2026-06-02T04:19:40Z,361,39 16 9 79 69 72 57 46 48 24 64 1 41 32 51 36 68 44 58 53,tails,minor,1
2026-06-02T04:22:20Z,362,28 24 11 34 3 80 69 31 48 38 50 52 37 33 10 66 26 75 47 44,heads,major,2
2026-06-02T04:25:00Z,363,35 56 27 8 16 13 15 4 7 43 29 78 24 71 30 3 9 44 6 55,heads,regular,1
2026-06-02T04:27:40Z,364,30 12 69 18 1 40 51 23 78 73 34 39 59 32 64 63 67 80 46 14,evens,major,1
2026-06-02T04:30:20Z,365,30 14 9 70 35 54 79 62 57 31 73 75 41 11 76 2 37 49 39 48,tails,minor,1
2026-06-02T04:33:00Z,366,1 18 64 68 28 19 32 75 30 61 80 45 77 69 42 11 14 40 5 70,evens,regular,2
2026-06-02T04:35:40Z,367,76 67 40 34 3 79 11 18 77 46 36 6 15 45 69 44 62 21 27 24,heads,regular,1
2026-06-02T04:38:20Z,368,41 11 26 50 30 35 77 39 1 75 32 9 31 51 34 46 68 21 57 52,heads,regular,1
2026-06-02T04:41:00Z,369,12 6 74 72 80 45 76 55 25 64 19 60 43 46 67 57 35 26 18 78,tails,minor,3
2026-06-02T04:43:40Z,370,32 60 26 68 9 77 48 30 18 75 67 38 74 29 14 3 11 6 54 35,heads,regular,3
2026-06-02T04:46:20Z,371,79 13 36 32 2 74 16 55 49 30 34 35 64 68 14 53 20 17 29 1,heads,minor,10
2026-06-02T04:49:00Z,372,26 57 63 61 41 62 49 19 38 80 47 11 24 45 20 42 2 52 51 43,tails,regular,3
2026-06-02T04:51:40Z,373,46 30 34 20 38 65 66 23 80 5 16 15 63 50 24 48 76 31 13 61,heads,regular,3
2026-06-02T04:54:20Z,374,6 33 20 26 60 9 8 66 55 76 17 62 73 31 71 15 57 70 18 43,evens,regular,3
2026-06-02T04:57:00Z,375,4 17 40 22 78 44 37 32 35 63 72 21 67 12 75 19 80 20 73 70,heads,regular,3
2026-06-02T04:59:40Z,376,32 26 13 55 60 14 43 16 51 9 40 23 76 75 28 24 38 63 19 12,heads,regular,1
2026-06-02T05:02:20Z,377,22 76 16 72 29 3 42 59 10 19 13 63 57 39 4 44 17 5 34 2,heads,regular,1
2026-06-02T05:05:00Z,378,2 70 53 37 73 7 67 15 79 64 61 9 63 62 35 39 5 68 43 77,tails,regular,1
2026-06-02T05:07:40Z,379,63 46 70 11 6 40 28 7 25 74 37 20 41 44 14 38 65 48 78 71,evens,minor,3
2026-06-02T05:10:20Z,380,56 2 60 4 45 57 12 37 77 9 19 48 79 18 16 72 39 8 44 40,heads,minor,2
2026-06-02T05:13:00Z,381,25 78 70 10 49 52 72 79 75 31 64 2 76 21 9 15 38 41 27 77,tails,major,1
2026-06-02T05:15:40Z,382,25 20 46 64 51 54 53 60 73 2 15 67 50 43 22 44 10 27 28 61,tails,regular,1
2026-06-02T05:18:20Z,383,31 30 77 14 58 78 71 28 62 73 61 54 68 29 52 41 72 1 47 38,tails,regular,1
2026-06-02T05:21:00Z,384,79 73 60 48 4 7 77 76 28 75 22 74 33 1 13 49 58 56 80 53,tails,regular,3
2026-06-02T05:23:40Z,385,70 49 27 33 57 3 72 47 67 77 4 7 80 19 44 61 25 73 38 28,tails,regular,3
2026-06-02T05:26:20Z,386,2 70 63 79 17 69 58 9 40 33 16 75 10 44 47 50 51 15 35 56,tails,regular,2
2026-06-02T05:29:00Z,387,38 57 36 3 22 63 53 9 35 13 62 47 32 72 75 74 29 49 80 68,tails,regular,2
2026-06-02T05:31:40Z,388,14 76 27 22 34 50 65 11 55 70 60 53 45 2 17 75 73 9 80 29,tails,regular,3
2026-06-02T05:34:20Z,389,13 21 57 55 18 73 14 41 59 11 77 74 19 44 39 36 63 17 76 60,tails,regular,3
2026-06-02T05:37:00Z,390,72 70 32 16 4 14 51 59 17 54 66 43 10 50 76 60 35 69 21 20,tails,regular,2
2026-06-02T05:39:40Z,391,79 16 60 70 18 5 47 14 26 21 56 24 62 66 9 64 78 40 44 45,tails,minor,2
2026-06-02T05:42:20Z,392,23 57 53 17 75 61 6 38 37 44 79 11 56 34 63 60 76 36 14 22,evens,regular,4
2026-06-02T05:45:00Z,393,55 61 4 21 62 66 40 15 24 14 45 80 25 3 49 42 17 51 77 73,tails,regular,3
2026-06-02T05:47:40Z,394,60 73 20 66 49 21 35 80 56 75 32 53 14 54 44 29 34 48 31 41,tails,regular,5
2026-06-02T05:50:20Z,395,13 43 39 63 36 59 62 71 9 7 80 21 32 76 42 3 44 41 11 15,evens,major,1
2026-06-02T05:53:00Z,396,17 19 52 58 3 56 72 50 57 78 6 44 2 54 65 41 29 66 4 71,tails,minor,2
2026-06-02T05:55:40Z,397,22 51 7 66 45 52 71 6 39 79 69 76 28 33 80 27 12 61 53 59,tails,regular,10
2026-06-02T05:58:20Z,398,49 71 70 8 74 64 67 46 14 69 5 41 76 6 39 11 79 31 44 60,tails,regular,3
2026-06-02T06:01:00Z,399,76 39 10 61 38 70 31 34 63 60 58 47 11 50 30 54 2 43 20 12,evens,major,3
2026-06-02T06:03:40Z,400,4 21 47 25 39 16 70 75 12 79 8 51 43 38 18 31 73 64 54 2,heads,regular,3
2026-06-02T06:06:20Z,401,60 49 67 34 66 48 4 5 64 8 27 11 43 24 38 47 31 69 23 41,evens,regular,1
2026-06-02T06:09:00Z,402,29 3 33 51 79 74 72 70 39 63 13 32 42 57 45 1 10 7 2 46,evens,regular,1
2026-06-02T06:11:40Z,403,62 27 10 33 41 67 7 39 48 1 3 51 23 24 68 40 15 60 38 25,heads,minor,1
2026-06-02T06:14:20Z,404,13 3 16 37 21 63 64 77 27 67 6 78 39 49 45 61 11 59 30 42,evens,minor,1
2026-06-02T06:17:00Z,405,11 59 45 50 48 27 60 71 17 31 12 47 62 3 35 30 63 73 49 29,tails,regular,2
2026-06-02T06:19:40Z,406,38 48 18 69 30 13 65 22 58 42 56 14 68 28 23 35 9 11 78 20,heads,minor,3
2026-06-02T06:22:20Z,407,4 40 44 30 1 49 32 29 17 74 60 41 50 51 61 62 3 71 18 67,tails,regular,3
2026-06-02T06:25:00Z,408,29 62 36 3 9 30 10 37 61 57 31 33 21 54 32 43 2 1 38 71,heads,regular,3
2026-06-02T06:27:40Z,409,29 5 58 35 63 14 25 50 54 11 46 43 20 53 1 55 56 80 2 15,evens,regular,1
2026-06-02T06:30:20Z,410,37 36 69 13 15 8 44 49 25 53 9 20 16 72 65 22 71 67 50 77,evens,regular,1
2026-06-02T06:33:00Z,411,47 80 73 64 72 39 5 74 24 65 6 51 48 28 58 3 77 38 20 54,tails,regular,1
2026-06-02T06:35:40Z,412,42 26 77 25 64 29 9 46 15 48 70 17 54 50 78 38 37 80 73 39,tails,regular,2
2026-06-02T06:38:20Z,413,41 21 31 2 58 39 25 62 7 26 16 19 48 30 75 1 37 51 42 50,heads,regular,1
2026-06-02T06:41:00Z,414,2 67 34 36 1 48 61 12 47 27 37 56 43 4 17 16 18 8 65 55,heads,regular,3
2026-06-02T06:43:40Z,415,12 5 21 27 76 2 50 38 16 56 77 17 3 45 15 61 37 25 41 7,heads,regular,3
2026-06-02T06:46:20Z,416,57 45 28 16 33 30 34 32 79 14 54 73 72 38 69 75 15 29 25 58,heads,regular,3
2026-06-02T06:49:00Z,417,7 67 15 40 76 49 26 45 2 75 9 43 80 71 27 51 79 33 4 54,tails,minor,1
2026-06-02T06:51:40Z,418,32 14 21 60 16 37 20 72 2 1 36 3 76 24 55 51 69 49 40 45,heads,regular,1
2026-06-02T06:54:20Z,419,70 33 79 38 69 34 18 27 80 53 15 46 78 7 2 6 57 74 28 24,heads,regular,4
2026-06-02T06:57:00Z,420,8 62 60 14 19 40 72 32 5 6 33 34 31 17 2 52 24 48 36 80,heads,regular,3
2026-06-02T06:59:40Z,421,52 2 3 44 29 39 71 72 30 18 7 6 74 49 15 42 20 22 41 11,heads,regular,10
2026-06-02T07:02:20Z,422,36 59 6 11 37 31 56 60 52 54 10 32 38 42 61 30 17 58 66 67,evens,minor,10
2026-06-02T07:05:00Z,423,2 38 4 79 10 27 3 8 66 6 7 45 33 50 53 44 42 9 55 32,heads,minor,1
2026-06-02T07:07:40Z,424,69 28 33 37 6 52 40 32 42 43 60 29 47 35 27 58 54 34 76 13,heads,regular,1
2026-06-02T07:10:20Z,425,42 26 36 35 45 15 8 22 44 12 54 68 40 74 53 19 39 59 60 9,heads,minor,2
2026-06-02T07:13:00Z,426,6 28 52 12 72 64 56 35 25 73 65 9 29 31 39 38 40 44 66 3,heads,minor,3
2026-06-02T07:15:40Z,427,40 67 68 71 35 11 37 3 54 80 17 56 57 32 4 19 65 55 31 44,evens,regular,2
2026-06-02T07:18:20Z,428,60 30 8 6 78 57 1 32 79 56 67 75 38 42 51 31 58 40 17 37,evens,regular,3
2026-06-02T07:21:00Z,429,79 73 20 62 78 74 49 59 8 66 75 30 3 7 58 65 24 14 80 19,tails,regular,1
2026-06-02T07:23:40Z,430,8 76 11 35 14 6 38 37 54 36 28 4 74 60 21 59 80 62 5 10,heads,minor,1
2026-06-02T07:26:20Z,431,23 54 36 57 10 47 1 45 60 32 35 62 67 31 37 55 12 5 28 9,heads,minor,1
2026-06-02T07:29:00Z,432,38 46 37 25 57 27 6 54 32 20 76 5 40 44 18 51 11 10 78 49,heads,minor,2
2026-06-02T07:31:40Z,433,44 25 1 6 41 14 68 19 18 13 2 29 58 5 42 73 50 37 77 38,heads,regular,3
2026-06-02T07:34:20Z,434,8 18 71 51 52 32 13 75 70 29 72 23 7 17 67 37 73 46 41 64,tails,regular,1
2026-06-02T07:37:00Z,435,50 30 80 23 34 9 60 8 52 28 3 43 62 78 75 49 73 26 19 27,evens,minor,3
2026-06-02T07:39:40Z,436,54 44 75 65 28 37 40 21 51 62 59 64 26 31 13 10 79 25 15 60,evens,regular,3
2026-06-02T07:42:20Z,437,16 41 31 72 17 71 40 7 14 1 68 56 67 9 45 64 76 23 39 46,evens,regular,2
2026-06-02T07:45:00Z,438,62 1 59 27 32 72 7 13 44 80 40 61 4 54 51 65 2 76 67 33,tails,minor,3
2026-06-02T07:47:40Z,439,29 4 17 80 23 38 69 19 21 53 79 1 30 47 59 49 61 37 18 5,heads,minor,3
2026-06-02T07:50:20Z,440,55 2 6 60 51 14 4 21 9 3 11 71 26 56 70 64 27 30 8 79,heads,minor,3
2026-06-02T07:53:00Z,441,37 1 41 19 42 20 61 25 36 48 72 33 53 49 29 28 67 9 66 39,heads,regular,2
2026-06-02T07:55:40Z,442,63 11 24 79 60 34 12 5 22 61 73 53 32 55 10 56 52 6 41 9,evens,regular,4
2026-06-02T07:58:20Z,443,41 36 40 19 11 25 37 71 45 18 73 54 3 75 42 34 31 61 60 64,evens,regular,2
2026-06-02T08:01:00Z,444,52 47 23 26 4 17 16 32 58 39 15 46 7 67 54 27 43 51 62 14,heads,minor,2
2026-06-02T08:03:40Z,445,2 53 24 27 16 61 76 14 51 36 33 57 49 64 62 73 80 32 29 60,tails,regular,1
2026-06-02T08:06:20Z,446,70 48 28 57 74 8 67 1 35 65 69 36 43 71 64 23 80 56 63 9,tails,regular,1
2026-06-02T08:09:00Z,447,56 70 43 57 37 60 28 72 13 19 47 25 74 17 59 54 3 80 10 9,tails,regular,3
2026-06-02T08:11:40Z,448,31 7 43 33 45 14 70 5 71 21 38 30 64 54 24 12 26 68 6 29,heads,regular,1
2026-06-02T08:14:20Z,449,32 21 44 3 45 52 73 15 62 78 74 59 34 30 58 79 13 2 47 19,tails,regular,2
2026-06-02T08:17:00Z,450,45 5 80 22 26 41 7 15 36 57 59 61 24 13 62 67 17 79 60 49,tails,regular,2
2026-06-02T08:19:40Z,451,55 50 18 31 39 53 13 37 48 22 16 27 62 9 45 15 69 2 24 3,heads,major,3
2026-06-02T08:22:20Z,452,57 40 64 59 7 77 6 8 47 38 62 10 29 74 13 23 80 70 19 68,evens,major,4
2026-06-02T08:25:00Z,453,48 46 64 52 45 8 26 14 59 2 44 25 50 78 39 49 72 30 12 11,tails,regular,3
2026-06-02T08:27:40Z,454,77 71 37 52 32 10 7 78 79 34 75 41 5 53 8 60 65 25 44 61,tails,major,1
2026-06-02T08:30:20Z,455,63 74 12 53 73 32 5 10 23 33 37 29 20 39 51 60 78 27 38 61,heads,regular,1
2026-06-02T08:33:00Z,456,45 48 21 73 32 74 54 61 46 70 50 15 42 77 72 65 7 33 52 4,tails,regular,2
2026-06-02T08:35:40Z,457,63 42 80 9 45 4 77 51 38 33 27 62 60 25 35 37 58 54 55 36,tails,regular,3
2026-06-02T08:38:20Z,458,53 1 25 3 42 63 47 46 71 27 51 76 40 73 70 32 20 74 16 50,tails,regular,2
2026-06-02T08:41:00Z,459,72 77 66 13 16 52 61 47 56 28 7 2 53 19 1 10 45 55 33 70,tails,regular,1
2026-06-02T08:43:40Z,460,46 78 20 18 74 4 53 72 37 36 54 59 1 41 44 40 38 26 21 3,heads,regular,1
2026-06-02T08:46:20Z,461,51 57 41 29 4 25 74 80 7 75 6 55 77 52 31 30 1 8 69 73,tails,regular,2
2026-06-02T08:49:00Z,462,45 17 66 25 14 80 43 56 52 26 31 24 40 30 67 58 37 32 78 79,evens,regular,2
2026-06-02T08:51:40Z,463,9 64 46 38 63 74 28 8 12 37 48 56 3 6 26 62 60 49 23 52,evens,major,2
2026-06-02T08:54:20Z,464,49 54 47 75 80 26 28 59 15 19 8 16 34 31 48 45 5 7 13 65,heads,minor,2
2026-06-02T08:57:00Z,465,66 59 54 64 14 15 24 30 26 65 19 69 43 25 57 55 27 72 8 53,tails,regular,2
2026-06-02T08:59:40Z,466,7 23 41 29 1 45 24 65 71 50 27 75 59 62 32 5 69 64 61 44,tails,regular,1
2026-06-02T09:02:20Z,467,76 50 60 8 43 13 48 62 25 2 75 15 70 23 6 28 24 79 78 65,tails,minor,3
2026-06-02T09:05:00Z,468,48 38 67 69 42 2 40 25 59 10 39 5 66 61 46 62 14 58 3 45,tails,regular,3
2026-06-02T09:07:40Z,469,71 35 52 6 64 39 15 23 16 42 79 50 47 54 41 46 70 4 1 77,tails,minor,1
2026-06-02T09:10:20Z,470,23 76 71 41 3 39 36 6 30 53 70 38 8 5 74 47 43 11 15 52,heads,regular,1
2026-06-02T09:13:00Z,471,73 11 37 63 19 22 68 17 7 6 49 23 67 18 79 48 75 72 47 44,tails,regular,2
2026-06-02T09:15:40Z,472,22 49 47 41 15 48 16 74 52 12 8 56 25 4 64 55 77 38 31 63,tails,regular,1
2026-06-02T09:18:20Z,473,37 38 10 64 22 74 12 14 72 19 51 25 70 15 71 20 47 28 63 76,heads,regular,1
2026-06-02T09:21:00Z,474,56 79 37 30 16 68 15 35 36 34 70 71 29 62 51 72 31 74 33 18,heads,regular,2
2026-06-02T09:23:40Z,475,25 17 47 49 7 65 75 20 45 42 70 69 74 13 12 9 11 3 2 39,heads,regular,1
2026-06-02T09:26:20Z,476,39 41 56 2 62 69 71 54 45 12 77 61 4 76 28 15 60 30 53 1,tails,minor,3
2026-06-02T09:29:00Z,477,60 4 65 42 63 39 70 69 79 2 76 72 58 24 9 52 21 3 55 57,tails,regular,3
2026-06-02T09:31:40Z,478,14 58 12 56 80 43 51 77 62 34 66 55 23 57 63 3 7 26 47 64,tails,minor,2
2026-06-02T09:34:20Z,479,13 32 10 22 9 42 62 40 47 49 35 65 58 15 69 26 70 6 71 68,evens,major,3
2026-06-02T09:37:00Z,480,71 24 55 47 57 5 6 34 58 66 56 77 23 4 78 65 41 33 49 73,tails,regular,1
2026-06-02T09:39:40Z,481,76 52 31 55 71 65 18 2 1 20 41 16 67 10 46 26 38 4 7 57,heads,minor,2
2026-06-02T09:42:20Z,482,25 32 72 67 13 65 64 71 63 60 44 61 39 29 11 20 69 36 10 28,evens,regular,1
2026-06-02T09:45:00Z,483,26 19 25 48 1 33 63 10 53 55 32 27 22 13 8 14 50 59 62 35,heads,minor,1
2026-06-02T09:47:40Z,484,50 79 41 4 43 11 7 31 45 2 29 15 77 26 66 62 53 23 24 78,evens,minor,2
2026-06-02T09:50:20Z,485,30 63 16 50 66 46 32 8 6 7 28 29 20 51 56 42 43 78 68 74,tails,regular,1
2026-06-02T09:53:00Z,486,6 10 34 64 72 50 57 52 39 45 26 21 48 24 79 73 75 36 17 30,evens,regular,1
2026-06-02T09:55:40Z,487,67 16 42 75 37 2 66 70 63 68 77 69 14 18 74 6 54 80 15 23,tails,regular,10
2026-06-02T09:58:20Z,488,37 48 51 24 23 40 49 78 38 45 79 13 19 59 6 68 20 25 50 11,heads,regular,1
2026-06-02T10:01:00Z,489,57 40 35 60 13 39 11 15 70 20 48 2 69 26 12 49 53 18 1 10,heads,regular,3
2026-06-02T10:03:40Z,490,3 74 59 31 27 48 64 7 55 72 35 24 51 38 49 6 70 25 34 37,heads,major,3
2026-06-02T10:06:20Z,491,8 20 26 33 79 78 59 28 70 36 3 45 80 72 49 62 77 35 12 42,tails,major,1
2026-06-02T10:09:00Z,492,6 49 18 63 7 38 40 39 23 2 70 27 24 16 76 55 56 8 30 65,heads,regular,3
2026-06-02T10:11:40Z,493,54 73 7 79 5 14 23 24 1 36 29 75 52 35 19 49 62 17 77 8,heads,minor,3
2026-06-02T10:14:20Z,494,54 34 17 1 44 36 62 27 5 37 65 71 39 46 49 43 68 58 22 70,tails,major,4
2026-06-02T10:17:00Z,495,17 71 11 64 49 58 43 2 62 13 53 79 36 9 31 50 54 19 65 60,tails,regular,2
2026-06-02T10:19:40Z,496,3 79 11 19 76 7 4 15 27 25 42 69 17 49 22 70 28 75 74 35,heads,regular,1
2026-06-02T10:22:20Z,497,61 44 69 8 1 74 57 38 43 40 36 16 67 3 71 35 5 75 21 15,heads,regular,3
2026-06-02T10:25:00Z,498,47 33 40 32 44 61 69 8 6 20 2 22 54 17 14 76 13 11 49 27,heads,regular,1
2026-06-02T10:27:40Z,499,41 78 58 48 4 73 26 2 49 7 76 16 52 56 65 21 57 79 19 43,tails,regular,3
2026-06-02T10:30:20Z,500,65 32 15 37 70 63 44 35 61 8 30 9 28 76 4 11 40 36 49 79,heads,regular,1
2026-06-02T10:33:00Z,501,4 56 58 55 41 17 64 10 16 23 14 29 53 38 30 3 26 75 77 52,heads,regular,1
2026-06-02T10:35:40Z,502,23 6 11 29 53 43 59 71 70 17 7 79 27 55 57 80 19 47 51 78,tails,regular,2
2026-06-02T10:38:20Z,503,64 1 25 48 33 8 80 37 42 68 52 29 67 77 21 62 5 2 69 79,tails,major,1
2026-06-02T10:41:00Z,504,78 51 75 10 21 57 41 2 32 14 3 39 23 49 79 12 42 55 8 47,evens,regular,2
2026-06-02T10:43:40Z,505,35 3 27 39 73 9 79 1 15 57 10 4 8 65 17 38 5 23 34 67,heads,regular,1
2026-06-02T10:46:20Z,506,5 21 9 44 20 25 13 40 34 42 26 68 19 38 59 10 64 55 80 35,heads,regular,3
2026-06-02T10:49:00Z,507,33 18 25 1 73 40 45 30 37 34 4 78 2 8 41 43 44 65 12 52,heads,minor,2
2026-06-02T10:51:40Z,508,72 22 44 33 45 79 37 76 19 28 3 59 23 56 54 74 73 13 75 11,tails,regular,2
2026-06-02T10:54:20Z,509,50 25 37 66 6 70 72 15 42 2 45 73 1 78 44 74 10 49 68 59,tails,minor,3
2026-06-02T10:57:00Z,510,39 3 18 59 62 15 74 71 49 4 72 22 41 70 50 76 11 53 27 28,tails,minor,2
2026-06-02T10:59:40Z,511,58 74 60 29 16 72 8 10 76 65 26 71 41 67 39 11 49 42 45 57,tails,minor,3
2026-06-02T11:02:20Z,512,25 79 59 21 33 40 38 26 51 17 34 61 9 19 45 2 3 16 52 74,heads,major,3
2026-06-02T11:05:00Z,513,7 63 51 62 48 17 8 14 18 59 42 67 65 3 22 61 60 54 41 35,tails,regular,1
2026-06-02T11:07:40Z,514,28 31 16 64 12 73 60 58 59 80 10 75 13 33 47 76 35 63 43 15,tails,regular,3
2026-06-02T11:10:20Z,515,24 18 26 66 57 51 38 63 20 70 30 79 72 71 2 21 39 13 61 1,heads,regular,2
2026-06-02T11:13:00Z,516,54 11 4 22 48 80 61 50 76 60 7 44 1 5 3 77 16 9 23 6,heads,regular,1
2026-06-02T11:15:40Z,517,65 13 36 47 73 18 33 5 56 27 68 34 55 28 21 74 57 62 26 38,heads,regular,2
2026-06-02T11:18:20Z,518,46 22 43 24 60 77 47 52 74 26 16 31 6 5 40 48 28 44 21 32,heads,minor,2
2026-06-02T11:21:00Z,519,51 64 68 55 13 30 21 77 63 7 9 53 36 23 3 45 37 56 5 66,evens,regular,5
2026-06-02T11:23:40Z,520,73 11 47 35 58 75 37 68 33 36 48 7 49 46 72 17 40 19 4 42,evens,regular,2
2026-06-02T11:26:20Z,521,9 31 14 41 13 66 36 22 52 34 20 58 64 70 67 79 49 15 19 69,evens,regular,1
2026-06-02T11:29:00Z,522,38 71 3 60 74 12 28 76 36 45 19 39 80 51 32 54 14 44 5 34,heads,regular,1
2026-06-02T11:31:40Z,523,54 22 46 38 39 66 73 75 57 55 12 23 60 30 32 74 29 4 52 9,evens,minor,3
2026-06-02T11:34:20Z,524,64 74 51 20 80 34 4 48 43 38 79 19 59 57 10 24 27 37 22 49,evens,regular,2
2026-06-02T11:37:00Z,525,68 51 76 4 6 44 48 30 22 40 50 5 32 65 1 12 43 19 31 47,heads,regular,1
2026-06-02T11:39:40Z,526,65 70 36 59 69 22 67 48 28 57 24 14 23 11 40 12 46 58 62 13,evens,regular,3
2026-06-02T11:42:20Z,527,41 36 47 45 13 56 62 61 58 5 2 72 14 12 44 1 31 78 65 32,tails,regular,2
2026-06-02T11:45:00Z,528,16 37 39 5 30 17 68 75 29 58 21 32 3 73 12 9 59 26 15 78,heads,regular,2
2026-06-02T11:47:40Z,529,8 7 63 59 45 27 5 28 67 25 4 17 32 26 50 29 42 66 49 33,heads,minor,1
2026-06-02T11:50:20Z,530,41 35 9 45 54 33 30 3 57 68 72 29 27 64 24 46 67 58 48 80,tails,major,1
2026-06-02T11:53:00Z,531,43 60 31 39 29 15 57 34 38 68 2 58 26 63 30 48 42 74 13 22,heads,regular,1
2026-06-02T11:55:40Z,532,40 72 60 39 46 22 25 38 47 21 53 78 7 63 19 80 26 30 45 17,heads,regular,1
2026-06-02T11:58:20Z,533,31 12 54 63 44 58 36 9 21 10 32 46 29 57 55 18 47 15 8 13,heads,minor,1
2026-06-02T12:01:00Z,534,32 29 63 69 19 66 12 76 31 56 11 45 77 37 27 79 78 71 52 73,tails,minor,3
2026-06-02T12:03:40Z,535,39 58 21 55 12 37 38 67 7 24 2 25 26 22 65 36 44 57 52 6,heads,regular,1
2026-06-02T12:06:20Z,536,27 20 13 33 76 50 53 5 10 31 25 61 39 43 59 55 38 28 40 51,heads,regular,3
2026-06-02T12:09:00Z,537,80 62 49 65 10 29 69 47 50 43 39 60 1 44 11 52 71 31 15 70,tails,minor,2
2026-06-02T12:11:40Z,538,79 37 27 21 25 11 58 54 17 35 5 66 3 31 56 49 50 16 28 71,heads,minor,3
2026-06-02T12:14:20Z,539,6 32 44 58 33 57 74 24 48 75 5 15 66 35 72 52 42 41 34 63,tails,regular,3
2026-06-02T12:17:00Z,540,10 51 29 62 64 59 80 3 39 60 61 42 78 69 7 9 18 8 46 36,tails,regular,1
2026-06-02T12:19:40Z,541,27 59 46 28 58 51 8 9 36 37 77 65 11 21 78 12 54 4 10 39,heads,minor,1
2026-06-02T12:22:20Z,542,14 13 11 4 16 18 2 30 31 73 12 43 41 32 23 42 3 80 71 55,heads,regular,3
2026-06-02T12:25:00Z,543,62 47 29 77 11 64 76 63 60 19 61 74 35 43 71 69 30 17 26 36,tails,minor,3
2026-06-02T12:27:40Z,544,36 19 73 72 16 46 58 34 41 52 71 33 21 2 51 76 56 35 24 79,tails,minor,1
2026-06-02T12:30:20Z,545,61 68 62 41 78 1 72 15 31 49 30 21 13 45 52 42 19 59 5 27,tails,regular,2
2026-06-02T12:33:00Z,546,3 4 17 61 41 46 80 30 42 2 7 8 6 49 52 47 50 9 70 45,tails,regular,1
2026-06-02T12:35:40Z,547,47 66 14 56 72 79 76 44 41 31 57 18 59 49 36 34 40 54 20 71,tails,regular,1
2026-06-02T12:38:20Z,548,46 59 52 17 14 37 38 7 42 3 43 68 80 5 64 76 31 36 8 40,heads,minor,2
2026-06-02T12:41:00Z,549,71 55 39 62 16 13 35 34 63 2 80 27 20 6 74 68 56 72 60 41,tails,regular,3
2026-06-02T12:43:40Z,550,77 42 63 56 39 74 70 51 38 66 1 4 78 37 53 28 40 57 5 71,tails,regular,3
2026-06-02T12:46:20Z,551,6 74 31 59 13 54 64 50 42 55 24 14 27 33 51 9 15 53 65 8,evens,regular,1
2026-06-02T12:49:00Z,552,78 45 35 13 74 56 18 55 80 19 46 7 42 51 15 54 32 76 41 31,tails,minor,2
2026-06-02T12:51:40Z,553,65 76 77 53 34 14 75 69 23 72 67 10 54 26 71 1 56 63 45 33,tails,regular,1
2026-06-02T12:54:20Z,554,13 37 18 39 19 14 9 12 77 73 26 62 59 22 78 3 50 70 80 38,heads,regular,3
2026-06-02T12:57:00Z,555,48 70 21 40 3 15 44 1 50 30 27 4 39 11 28 78 7 37 62 10,heads,minor,3
2026-06-02T12:59:40Z,556,74 22 78 7 52 21 15 80 61 20 33 37 65 59 56 42 47 25 73 4,tails,minor,2
2026-06-02T13:02:20Z,557,52 10 60 6 21 30 74 43 36 28 46 17 31 9 61 12 80 47 63 70,evens,regular,3
2026-06-02T13:05:00Z,558,74 77 28 26 62 27 19 59 17 64 44 29 24 72 1 25 68 66 32 58,evens,major,3
2026-06-02T13:07:40Z,559,4 63 19 58 75 18 74 67 13 8 37 55 35 57 69 3 2 61 27 80,evens,regular,2
2026-06-02T13:10:20Z,560,10 25 21 59 57 32 34 69 19 31 50 13 8 2 24 30 43 54 40 36,heads,regular,1
2026-06-02T13:13:00Z,561,1 65 47 14 74 68 13 22 17 66 15 7 72 54 71 75 67 31 78 64,tails,regular,5
2026-06-02T13:15:40Z,562,44 55 23 17 46 21 80 49 30 45 16 60 25 19 78 1 74 31 71 67,tails,regular,1
2026-06-02T13:18:20Z,563,25 72 69 10 27 64 9 7 33 15 47 49 60 20 50 77 14 13 2 5,heads,regular,2
2026-06-02T13:21:00Z,564,63 50 1 28 64 29 42 23 71 18 76 68 9 36 75 55 2 56 65 7,tails,regular,4
2026-06-02T13:23:40Z,565,30 3 60 42 14 43 46 57 22 51 19 40 58 79 12 62 80 41 63 4,tails,minor,3
2026-06-02T13:26:20Z,566,27 33 78 12 67 57 9 73 46 50 26 54 4 74 70 56 66 7 68 14,tails,regular,3
2026-06-02T13:29:00Z,567,1 58 5 71 76 40 47 54 46 55 19 22 64 21 66 13 68 60 17 9,tails,regular,1
2026-06-02T13:31:40Z,568,4 54 68 63 10 50 49 74 20 11 79 40 1 55 27 72 52 70 32 22,tails,minor,1
2026-06-02T13:34:20Z,569,8 57 74 45 58 52 12 62 18 80 59 51 23 42 4 29 9 64 44 26,tails,regular,2
2026-06-02T13:37:00Z,570,59 20 58 71 38 11 46 64 15 72 31 78 69 65 34 44 21 10 29 60,tails,minor,1
2026-06-02T13:39:40Z,571,53 24 52 36 19 37 2 73 48 80 79 67 63 4 22 35 58 30 61 74,tails,regular,2
2026-06-02T13:42:20Z,572,32 39 9 77 11 53 67 6 33 51 38 13 43 2 29 8 15 20 57 63,heads,regular,1
2026-06-02T13:45:00Z,573,16 12 48 33 80 13 10 6 73 75 57 71 68 39 5 60 35 64 34 19,heads,regular,1
2026-06-02T13:47:40Z,574,37 41 40 24 44 66 7 23 28 26 35 11 10 39 8 17 54 34 5 38,heads,regular,1
2026-06-02T13:50:20Z,575,36 50 76 62 64 43 39 32 1 51 37 22 66 18 78 14 19 53 16 33,heads,regular,2
2026-06-02T13:53:00Z,576,66 69 8 6 43 71 60 28 30 36 34 29 18 48 70 5 24 80 61 67,evens,minor,1
2026-06-02T13:55:40Z,577,3 76 39 65 55 68 78 45 36 33 38 26 1 34 69 64 40 9 54 48,evens,regular,3
2026-06-02T13:58:20Z,578,12 39 26 38 73 72 29 62 67 66 48 37 49 2 24 52 14 75 32 68,evens,regular,2
2026-06-02T14:01:00Z,579,26 71 78 37 23 8 69 53 68 11 79 50 39 80 44 27 56 67 45 52,tails,regular,2
2026-06-02T14:03:40Z,580,30 5 52 2 51 56 49 65 17 32 74 59 26 42 36 64 37 29 11 13,heads,regular,3
2026-06-02T14:06:20Z,581,50 1 61 49 80 37 63 38 7 55 68 2 48 20 10 8 57 17 28 67,evens,minor,2
2026-06-02T14:09:00Z,582,47 79 32 48 27 25 8 73 57 5 78 43 59 75 22 55 37 19 40 39,evens,minor,2
2026-06-02T14:11:40Z,583,65 30 25 61 58 2 29 9 78 71 50 76 43 68 26 75 32 45 18 6,tails,regular,3
2026-06-02T14:14:20Z,584,77 13 47 27 80 7 9 31 37 61 52 24 56 21 60 62 4 71 2 29,heads,regular,3
2026-06-02T14:17:00Z,585,73 45 48 49 68 80 30 67 46 23 29 20 31 62 42 43 78 79 55 19,tails,regular,1
2026-06-02T14:19:40Z,586,75 1 30 66 15 6 57 36 52 76 25 49 62 27 74 67 19 42 70 4,tails,minor,1
2026-06-02T14:22:20Z,587,27 61 34 36 19 71 51 15 12 64 80 46 23 70 5 24 31 63 55 47,evens,regular,1
2026-06-02T14:25:00Z,588,21 72 22 59 7 27 36 79 32 66 37 55 28 45 47 24 5 10 63 78,heads,regular,1
2026-06-02T14:27:40Z,589,76 11 2 26 15 77 19 70 21 68 37 66 39 73 29 49 65 35 57 60,evens,minor,1
2026-06-02T14:30:20Z,590,20 25 63 59 9 41 43 60 32 53 56 23 17 57 26 58 72 44 31 37,tails,minor,3
2026-06-02T14:33:00Z,591,67 44 11 71 22 45 77 58 30 41 39 69 4 3 78 56 29 60 8 74,tails,minor,3
2026-06-02T14:35:40Z,592,14 57 48 28 56 47 65 21 66 34 71 70 3 9 26 30 75 24 6 1,heads,minor,1
2026-06-02T14:38:20Z,593,46 58 28 78 42 70 8 9 30 26 18 61 40 48 34 66 7 31 64 65,evens,minor,3
2026-06-02T14:41:00Z,594,79 52 47 3 51 42 10 76 41 30 24 8 61 34 45 74 54 60 33 65,tails,minor,2
2026-06-02T14:43:40Z,595,38 76 53 50 15 61 7 52 59 72 4 8 27 1 36 39 74 42 35 17,heads,minor,2
2026-06-02T14:46:20Z,596,29 11 14 72 19 55 28 17 76 64 58 10 41 75 63 70 33 47 37 9,evens,regular,1
2026-06-02T14:49:00Z,597,9 15 45 67 47 8 19 6 49 26 13 38 18 74 10 11 60 62 59 1,heads,minor,3
2026-06-02T14:51:40Z,598,23 69 16 70 36 79 20 46 62 33 76 5 6 75 73 11 14 24 15 22,heads,regular,2
2026-06-02T14:54:20Z,599,40 17 5 73 65 37 80 32 7 14 75 26 23 18 10 50 48 55 61 52,heads,major,1
2026-06-02T14:57:00Z,600,16 34 23 26 30 5 64 72 57 75 33 66 24 62 27 45 9 63 21 73,heads,regular,2
2026-06-02T14:59:40Z,601,66 25 54 45 53 33 13 67 6 78 44 29 20 61 21 58 69 63 57 48,tails,minor,1
2026-06-02T15:02:20Z,602,11 31 79 67 68 57 50 70 59 76 4 65 40 23 54 80 33 51 75 6,tails,regular,5
2026-06-02T15:05:00Z,603,9 54 28 51 52 73 17 5 68 8 79 29 70 38 75 55 26 14 3 31,heads,major,1
2026-06-02T15:07:40Z,604,38 8 7 22 73 1 57 55 40 43 5 75 47 6 29 63 50 62 65 27,evens,regular,1
2026-06-02T15:10:20Z,605,6 54 57 72 75 23 52 70 42 76 9 20 14 74 32 53 50 43 68 2,tails,minor,1
2026-06-02T15:13:00Z,606,4 37 71 78 48 11 2 49 33 17 79 30 28 62 35 34 58 68 16 64,heads,regular,3
2026-06-02T15:15:40Z,607,30 34 39 43 33 57 24 26 11 3 2 18 40 68 7 77 69 54 63 38,heads,regular,1
2026-06-02T15:18:20Z,608,24 44 9 32 62 73 72 5 18 45 29 67 6 3 39 69 51 8 49 38,heads,major,1
2026-06-02T15:21:00Z,609,40 9 17 49 13 60 12 64 68 53 30 44 26 77 8 57 63 38 56 16,evens,regular,1
2026-06-02T15:23:40Z,610,75 26 13 53 35 5 11 57 79 37 29 23 42 76 60 21 10 34 58 77,heads,regular,3
2026-06-02T15:26:20Z,611,19 38 57 45 39 8 40 51 35 18 61 26 6 66 21 41 28 77 68 12,heads,regular,3
2026-06-02T15:29:00Z,612,41 26 4 60 12 68 18 16 1 5 80 45 43 48 30 14 38 64 76 20,heads,minor,1
2026-06-02T15:31:40Z,613,56 13 14 44 7 63 21 10 20 22 8 42 76 6 50 32 39 36 3 75,heads,minor,3
2026-06-02T15:34:20Z,614,22 78 30 20 16 64 54 65 76 1 61 29 53 67 46 75 63 23 62 52,tails,regular,2
2026-06-02T15:37:00Z,615,17 51 61 75 22 15 43 5 27 35 74 33 18 44 47 24 80 6 69 11,heads,regular,3
2026-06-02T15:39:40Z,616,42 45 36 41 27 29 58 48 9 20 47 70 15 5 11 17 19 59 57 60,evens,regular,1
2026-06-02T15:42:20Z,617,50 13 69 10 23 11 48 27 75 56 66 7 61 79 2 72 80 30 35 54,tails,minor,2
2026-06-02T15:45:00Z,618,67 25 6 61 57 49 55 32 38 3 71 60 53 18 76 69 43 48 63 39,tails,regular,2
2026-06-02T15:47:40Z,619,14 37 35 19 23 66 61 71 42 34 53 55 32 39 56 9 7 40 26 46,heads,regular,1
2026-06-02T15:50:20Z,620,53 51 56 20 64 1 49 32 70 23 57 79 72 46 26 62 73 47 50 58,tails,regular,3
2026-06-02T15:53:00Z,621,67 66 19 33 40 54 26 58 24 72 8 77 56 43 4 48 35 23 49 42,tails,minor,2
2026-06-02T15:55:40Z,622,60 40 28 54 61 31 9 42 10 48 22 16 50 77 56 30 46 51 73 11,tails,regular,1
2026-06-02T15:58:20Z,623,27 19 70 63 71 78 36 26 13 31 9 59 66 41 57 30 49 1 58 55,tails,regular,3
2026-06-02T16:01:00Z,624,39 21 15 46 79 63 50 6 25 9 47 56 32 36 62 59 26 17 37 78,heads,regular,2
2026-06-02T16:03:40Z,625,59 1 37 17 58 33 54 15 76 24 35 61 65 72 79 38 41 57 64 78,tails,regular,1
2026-06-02T16:06:20Z,626,71 8 62 16 76 36 6 60 14 10 9 58 48 66 17 15 22 80 59 77,evens,regular,2
2026-06-02T16:09:00Z,627,76 52 16 3 48 6 61 62 57 31 72 74 7 27 70 9 49 10 75 45,tails,minor,3
2026-06-02T16:11:40Z,628,63 19 52 31 69 75 25 79 50 12 78 33 48 55 4 37 34 32 68 20,evens,regular,1
2026-06-02T16:14:20Z,629,47 69 33 58 61 50 75 43 3 76 56 35 22 52 25 9 27 11 29 44,tails,regular,2
2026-06-02T16:17:00Z,630,20 47 54 12 80 31 2 49 68 4 61 42 67 63 44 28 40 36 38 8,evens,regular,3
2026-06-02T16:19:40Z,631,52 44 42 48 40 49 5 35 31 61 65 11 6 20 32 76 7 27 68 72,evens,regular,2
2026-06-02T16:22:20Z,632,80 39 28 19 75 24 22 35 64 36 40 14 76 43 68 29 47 32 18 56,heads,regular,2
2026-06-02T16:25:00Z,633,60 66 7 63 18 79 36 49 67 42 28 43 31 46 3 34 64 13 52 45,tails,regular,2
2026-06-02T16:27:40Z,634,35 45 17 23 52 13 59 77 79 14 50 9 42 4 67 20 37 41 71 40,evens,regular,2
2026-06-02T16:30:20Z,635,1 10 61 67 58 49 43 29 8 30 31 75 18 28 51 73 40 70 16 64,evens,regular,2
2026-06-02T16:33:00Z,636,15 17 73 62 22 37 77 31 59 34 8 9 65 32 50 6 47 72 55 75,evens,regular,2
2026-06-02T16:35:40Z,637,44 51 7 73 40 35 47 56 63 10 3 5 14 68 52 65 61 29 12 66,tails,regular,2
2026-06-02T16:38:20Z,638,8 10 34 59 62 16 56 2 38 3 9 15 17 73 60 25 51 66 20 29,heads,regular,1
2026-06-02T16:41:00Z,639,74 18 45 23 33 20 43 28 16 21 59 53 52 32 49 67 12 24 22 58,heads,regular,2
2026-06-02T16:43:40Z,640,48 4 58 38 21 14 72 56 13 76 35 3 49 71 46 7 63 52 79 73,tails,regular,2
2026-06-02T16:46:20Z,641,13 35 8 3 50 52 60 17 74 57 64 78 12 73 18 5 65 28 67 41,tails,regular,1
2026-06-02T16:49:00Z,642,59 9 26 24 54 46 45 17 4 42 14 53 77 44 13 37 49 48 38 6,evens,regular,5
2026-06-02T16:51:40Z,643,11 56 69 60 19 32 47 24 33 1 66 45 25 30 27 75 52 2 61 68,evens,regular,2
2026-06-02T16:54:20Z,644,5 26 53 1 27 22 2 9 15 68 76 77 29 57 70 40 60 47 4 38,heads,regular,3
2026-06-02T16:57:00Z,645,54 42 79 55 80 5 37 27 60 43 48 64 62 56 58 6 4 59 32 20,tails,regular,3
2026-06-02T16:59:40Z,646,39 28 31 24 77 19 56 16 50 32 76 6 11 2 66 10 22 1 48 41,heads,minor,1
2026-06-02T17:02:20Z,647,65 8 1 25 46 43 42 71 56 26 9 44 35 57 4 67 52 45 69 54,tails,regular,2
2026-06-02T17:05:00Z,648,65 70 14 52 73 62 4 57 79 34 7 3 18 56 58 17 61 13 9 36,evens,major,1
2026-06-02T17:07:40Z,649,28 13 39 11 1 68 71 72 21 15 74 46 14 63 37 45 43 9 26 10,heads,minor,1
2026-06-02T17:10:20Z,650,72 31 43 80 71 4 3 61 60 11 63 23 15 75 78 47 49 32 55 65,tails,regular,1
2026-06-02T17:13:00Z,651,33 62 28 73 55 34 39 46 13 37 24 42 41 49 29 31 76 17 48 15,heads,regular,1
2026-06-02T17:15:40Z,652,32 67 76 61 14 28 10 80 47 1 22 44 13 6 38 8 45 35 7 72,heads,minor,1
2026-06-02T17:18:20Z,653,11 3 69 67 43 80 75 18 54 17 28 19 30 73 70 5 40 23 48 25,heads,regular,2
2026-06-02T17:21:00Z,654,3 41 24 1 72 37 58 2 74 42 23 46 11 6 19 16 48 15 65 59,heads,major,3
2026-06-02T17:23:40Z,655,13 41 64 48 69 18 75 70 77 22 39 65 50 31 4 80 28 30 78 34,tails,regular,10
2026-06-02T17:26:20Z,656,52 17 58 1 66 61 25 24 6 19 79 32 31 39 71 20 53 14 15 50,heads,regular,1
2026-06-02T17:29:00Z,657,66 7 27 5 67 78 8 43 50 12 22 69 38 29 74 18 54 75 41 64,tails,minor,1
2026-06-02T17:31:40Z,658,74 3 16 52 30 21 6 22 8 70 23 37 34 31 79 1 60 25 63 24,heads,minor,3
2026-06-02T17:34:20Z,659,20 37 72 78 70 10 2 23 42 61 39 56 25 49 26 18 64 66 19 60,evens,regular,1
2026-06-02T17:37:00Z,660,23 68 69 77 39 14 33 72 13 25 75 34 51 43 15 11 46 66 49 79,tails,regular,1
2026-06-02T17:39:40Z,661,47 10 6 71 18 64 48 25 65 11 17 45 37 73 53 49 26 63 60 74,tails,regular,4
2026-06-02T17:42:20Z,662,3 57 62 32 22 46 72 71 20 68 30 47 50 69 42 78 76 33 5 70,tails,major,3
2026-06-02T17:45:00Z,663,39 6 52 26 38 50 45 41 23 40 15 51 30 49 10 74 59 42 44 66,tails,regular,1
2026-06-02T17:47:40Z,664,62 34 52 30 56 37 5 28 74 46 25 12 24 19 78 57 61 4 63 3,heads,regular,3
2026-06-02T17:50:20Z,665,19 70 67 51 63 7 30 25 52 31 15 23 45 47 68 22 49 46 39 64,tails,regular,3
2026-06-02T17:53:00Z,666,43 30 32 60 78 77 66 57 59 11 5 80 36 41 70 19 39 25 64 21,tails,minor,3
2026-06-02T17:55:40Z,667,7 65 30 21 50 5 45 69 72 40 12 14 13 53 11 19 34 52 78 22,heads,regular,3
2026-06-02T17:58:20Z,668,36 34 46 38 39 63 54 8 5 28 60 64 23 74 69 52 80 9 76 37,evens,minor,1
2026-06-02T18:01:00Z,669,16 31 68 3 57 29 67 13 41 1 78 70 72 54 12 8 39 52 51 48,tails,regular,2
2026-06-02T18:03:40Z,670,46 65 68 71 70 42 56 38 22 64 21 11 28 76 61 44 63 59 37 43,tails,regular,1
2026-06-02T18:06:20Z,671,70 7 8 66 25 14 76 10 30 60 11 59 16 17 5 31 2 47 9 27,heads,regular,2
2026-06-02T18:09:00Z,672,24 65 32 70 55 23 34 13 50 1 68 47 74 53 41 75 22 27 63 18,tails,regular,1
2026-06-02T18:11:40Z,673,24 71 48 2 67 13 11 31 9 34 52 70 62 77 64 29 46 60 37 54,tails,regular,1
2026-06-02T18:14:20Z,674,19 8 4 80 2 32 16 25 44 75 39 67 3 11 14 24 7 64 17 43,heads,regular,3
2026-06-02T18:17:00Z,675,24 52 60 77 11 67 46 80 61 31 50 23 78 16 6 37 39 21 35 8,heads,regular,2
2026-06-02T18:19:40Z,676,6 16 46 61 15 38 21 28 65 72 66 30 78 70 60 3 12 74 79 55,tails,minor,1
2026-06-02T18:22:20Z,677,79 6 41 27 9 39 28 5 12 10 69 37 60 18 43 70 48 25 62 52,heads,regular,3
2026-06-02T18:25:00Z,678,78 72 33 11 43 75 61 30 51 67 63 26 13 68 62 35 46 14 53 20,tails,regular,5
2026-06-02T18:27:40Z,679,77 65 37 57 44 20 3 26 60 68 13 34 56 1 76 62 42 43 28 18,tails,major,4
2026-06-02T18:30:20Z,680,43 63 8 80 69 22 5 37 57 67 48 54 47 62 24 75 3 58 13 38,tails,regular,1
2026-06-02T18:33:00Z,681,74 43 23 29 32 53 20 9 30 33 37 18 64 16 51 21 57 79 67 6,heads,regular,1
2026-06-02T18:35:40Z,682,62 55 80 1 28 78 2 24 65 68 45 72 9 51 36 50 64 31 40 79,tails,minor,2
2026-06-02T18:38:20Z,683,41 46 1 28 58 20 50 63 9 33 11 62 44 42 61 57 76 12 8 60,tails,regular,5
2026-06-02T18:41:00Z,684,51 7 49 76 23 65 75 56 41 14 73 8 19 62 80 66 28 15 1 55,tails,regular,2
2026-06-02T18:43:40Z,685,21 65 15 23 20 17 56 1 8 28 79 35 59 13 47 53 73 24 42 44,heads,regular,1
2026-06-02T18:46:20Z,686,69 39 34 68 28 48 41 36 14 25 6 12 42 32 63 57 62 70 53 21,evens,regular,1
2026-06-02T18:49:00Z,687,61 64 66 77 78 69 12 8 56 33 58 13 6 24 79 65 14 3 70 37,tails,major,1
2026-06-02T18:51:40Z,688,11 46 32 25 8 5 48 4 47 70 1 80 41 27 6 77 28 10 62 16,heads,regular,2
2026-06-02T18:54:20Z,689,63 11 60 2 28 70 3 55 58 78 62 45 10 59 73 69 22 74 1 53,tails,regular,2
2026-06-02T18:57:00Z,690,43 22 64 1 70 25 34 36 62 56 79 2 74 9 33 45 18 7 60 46,evens,regular,1
2026-06-02T18:59:40Z,691,5 45 7 38 62 35 76 6 42 68 20 31 17 36 59 57 4 74 32 12,heads,regular,3
2026-06-02T19:02:20Z,692,44 75 47 52 19 64 15 63 76 80 7 38 59 67 1 25 21 31 49 23,tails,minor,3
2026-06-02T19:05:00Z,693,26 72 80 45 51 53 57 12 41 6 20 25 16 79 58 44 5 55 59 8,tails,regular,1
2026-06-02T19:07:40Z,694,15 67 48 64 35 32 18 54 20 65 1 57 8 51 72 78 9 28 70 31,evens,minor,10
2026-06-02T19:10:20Z,695,11 49 57 61 34 72 10 78 38 33 69 77 36 41 70 19 45 22 30 80,tails,major,5
2026-06-02T19:13:00Z,696,45 8 51 32 69 64 53 1 31 18 59 79 42 60 33 56 58 34 50 72,tails,regular,5
2026-06-02T19:15:40Z,697,9 63 10 18 72 31 6 38 30 39 3 34 28 35 14 69 44 53 25 67,heads,minor,5
2026-06-02T19:18:20Z,698,36 16 32 8 53 46 45 62 67 63 25 65 3 5 23 43 37 7 80 70,evens,regular,1
2026-06-02T19:21:00Z,699,60 56 70 2 63 6 46 11 71 67 66 14 1 77 31 20 47 48 72 26,tails,regular,1
2026-06-02T19:23:40Z,700,36 5 79 72 6 66 53 7 9 49 61 3 2 38 70 27 22 71 25 57,heads,regular,4
2026-06-02T19:26:20Z,701,70 10 17 71 75 74 79 35 33 30 2 43 36 65 26 32 24 41 13 48,heads,regular,3
2026-06-02T19:29:00Z,702,50 78 56 54 29 30 10 67 4 64 19 15 40 80 33 68 1 24 32 3,heads,regular,3
2026-06-02T19:31:40Z,703,1 18 71 40 27 62 3 24 17 4 59 69 25 45 48 65 15 43 23 54,heads,regular,1
2026-06-02T19:34:20Z,704,64 50 5 31 70 56 69 19 63 77 53 80 21 60 38 51 13 32 66 54,tails,regular,3
2026-06-02T19:37:00Z,705,66 73 64 46 76 28 39 34 40 68 30 67 74 29 8 21 5 49 16 19,heads,regular,1
2026-06-02T19:39:40Z,706,57 51 25 71 50 2 22 65 39 75 28 72 32 46 73 80 56 62 27 26,tails,regular,2
2026-06-02T19:42:20Z,707,9 60 22 24 58 51 62 28 47 20 41 37 2 26 74 12 42 11 48 4,heads,regular,1
2026-06-02T19:45:00Z,708,27 64 69 42 40 60 54 45 15 53 70 5 29 75 25 67 36 47 39 37,tails,regular,1
2026-06-02T19:47:40Z,709,53 55 46 42 57 6 69 40 58 22 31 80 11 21 32 2 12 54 4 25,heads,regular,3
2026-06-02T19:50:20Z,710,50 42 44 40 61 34 29 73 71 52 18 28 58 53 3 19 33 75 80 38,tails,regular,1
2026-06-02T19:53:00Z,711,10 1 7 6 41 76 53 26 12 33 4 50 74 3 5 30 36 79 70 23,heads,regular,3
2026-06-02T19:55:40Z,712,71 45 79 9 10 57 41 28 40 73 48 43 39 13 70 32 54 77 7 44,tails,regular,2
2026-06-02T19:58:20Z,713,51 18 69 55 43 24 14 78 74 50 36 70 57 15 28 71 32 31 33 19,evens,minor,2
2026-06-02T20:01:00Z,714,75 27 70 51 13 53 29 48 11 52 62 5 69 67 31 41 3 21 8 74,tails,regular,2
2026-06-02T20:03:40Z,715,60 58 49 31 74 56 45 10 11 54 69 39 50 63 26 55 51 33 72 59,tails,regular,1
2026-06-02T20:06:20Z,716,57 53 35 16 43 59 19 30 49 45 79 12 23 39 70 7 31 56 6 58,evens,minor,3
2026-06-02T20:09:00Z,717,45 79 75 11 70 76 51 21 10 22 19 37 65 2 49 23 43 60 27 15,evens,regular,1
2026-06-02T20:11:40Z,718,36 10 28 13 15 65 14 66 67 42 47 34 55 45 11 78 20 32 63 71,evens,regular,1
2026-06-02T20:14:20Z,719,63 59 15 73 48 26 25 64 34 68 21 32 23 65 41 11 33 70 22 50,evens,regular,2
2026-06-02T20:17:00Z,720,15 43 2 61 38 24 45 35 9 27 28 50 47 80 55 68 7 14 21 8,heads,regular,1
2026-06-02T20:19:40Z,721,39 22 57 6 80 26 4 63 42 14 70 68 62 40 7 52 21 73 37 5,heads,major,1
2026-06-02T20:22:20Z,722,20 44 34 47 56 60 12 37 10 4 59 55 66 31 46 5 2 30 22 54,heads,regular,1
2026-06-02T20:25:00Z,723,1 65 55 46 8 22 19 17 56 33 54 41 53 61 40 10 62 42 52 60,tails,regular,1
2026-06-02T20:27:40Z,724,43 20 68 36 33 11 51 28 67 63 40 12 14 19 71 10 5 58 42 50,heads,regular,1
2026-06-02T20:30:20Z,725,24 1 25 68 49 26 66 21 14 60 80 50 43 11 70 13 29 76 77 45,tails,major,4
2026-06-02T20:33:00Z,726,32 6 43 15 57 74 21 1 55 56 12 33 8 52 49 26 51 79 64 27,evens,regular,3
2026-06-02T20:35:40Z,727,75 5 22 28 36 42 78 4 55 37 61 74 48 27 59 50 76 56 30 60,tails,regular,1
2026-06-02T20:38:20Z,728,24 77 71 1 70 7 38 42 59 45 23 19 29 28 22 63 52 2 65 30,heads,major,1
2026-06-02T20:41:00Z,729,1 61 53 52 56 25 11 26 43 42 4 75 68 62 8 10 70 77 3 74,tails,regular,3
2026-06-02T20:43:40Z,730,56 39 12 27 34 20 71 28 25 9 68 18 47 58 8 1 74 21 4 13,heads,regular,1
2026-06-02T20:46:20Z,731,73 51 80 53 56 9 5 37 32 59 17 7 74 6 48 33 4 60 55 61,tails,regular,1
2026-06-02T20:49:00Z,732,8 4 70 22 75 63 2 79 17 37 25 69 47 50 9 19 58 52 7 60,evens,regular,1
2026-06-02T20:51:40Z,733,35 16 28 33 76 73 21 46 9 6 71 48 13 37 41 31 79 47 8 56,heads,regular,3
2026-06-02T20:54:20Z,734,47 35 79 19 58 65 22 14 8 45 17 80 56 74 49 73 41 42 64 34,tails,regular,1
2026-06-02T20:57:00Z,735,68 15 71 67 34 57 56 76 64 65 29 39 35 48 16 25 58 10 38 6,evens,minor,1
2026-06-02T20:59:40Z,736,21 74 75 39 8 41 36 80 55 64 12 13 72 50 37 11 22 60 5 66,evens,regular,3
2026-06-02T21:02:20Z,737,23 60 14 77 76 58 9 27 41 24 35 49 1 50 54 20 31 48 11 13,heads,minor,10
2026-06-02T21:05:00Z,738,43 74 10 19 28 67 49 50 36 33 62 16 6 66 32 78 37 64 80 69,tails,minor,1
2026-06-02T21:07:40Z,739,60 72 11 29 52 58 42 10 36 35 34 61 27 37 40 39 32 24 65 38,heads,minor,1
2026-06-02T21:10:20Z,740,19 75 23 18 80 3 49 30 57 51 13 25 38 72 9 21 17 64 2 77,heads,major,1
2026-06-02T21:13:00Z,741,8 28 55 40 80 35 60 34 67 78 13 79 62 30 76 1 72 65 12 56,tails,regular,1
2026-06-02T21:15:40Z,742,75 39 61 71 35 80 59 64 50 62 38 72 60 3 67 2 23 47 16 58,tails,minor,3
2026-06-02T21:18:20Z,743,44 68 23 63 22 69 52 33 64 5 58 30 18 26 31 19 39 61 54 66,evens,regular,2
2026-06-02T21:21:00Z,744,35 41 74 28 59 12 31 40 43 51 77 22 46 32 23 33 19 39 50 49,heads,regular,3
2026-06-02T21:23:40Z,745,45 32 56 66 47 72 24 8 25 68 76 67 53 54 26 14 73 21 65 12,tails,regular,3
2026-06-02T21:26:20Z,746,61 6 68 42 80 35 7 2 20 66 23 77 74 11 25 41 51 29 49 21,evens,major,1
2026-06-02T21:29:00Z,747,39 43 34 64 19 55 9 25 74 66 57 60 69 42 76 63 59 35 50 41,tails,regular,1
2026-06-02T21:31:40Z,748,39 42 15 17 69 50 61 78 32 14 77 34 53 12 62 28 13 60 37 9,heads,minor,1
2026-06-02T21:34:20Z,749,9 27 70 13 29 66 61 74 55 51 23 38 45 63 47 39 2 33 35 80,evens,regular,2
2026-06-02T21:37:00Z,750,61 54 33 79 25 5 8 56 64 7 53 27 19 38 31 58 69 10 47 4,heads,minor,3
2026-06-02T21:39:40Z,751,77 51 10 42 30 37 67 44 40 17 31 1 14 43 25 23 7 50 15 78,heads,regular,2
2026-06-02T21:42:20Z,752,7 3 38 78 35 34 48 40 31 10 19 51 36 2 17 67 74 63 22 60,heads,regular,2
2026-06-02T21:45:00Z,753,66 46 65 54 22 27 77 7 36 45 37 56 59 80 30 74 33 62 50 14,tails,minor,2
2026-06-02T21:47:40Z,754,7 67 53 37 21 10 34 17 60 30 65 50 63 47 40 12 39 2 48 20,heads,major,1
2026-06-02T21:50:20Z,755,62 50 44 32 57 41 6 63 64 65 77 75 34 22 59 55 24 40 48 58,tails,minor,2
2026-06-02T21:53:00Z,756,2 65 34 4 13 66 59 42 74 27 46 10 60 12 47 17 41 3 55 25,evens,regular,2
2026-06-02T21:55:40Z,757,37 53 21 10 68 17 38 26 59 58 80 5 3 18 54 1 52 69 47 28,heads,regular,3
2026-06-02T21:58:20Z,758,76 26 56 38 17 9 36 60 10 59 41 57 46 80 48 40 27 19 79 45,tails,major,1
2026-06-02T22:01:00Z,759,44 54 50 75 14 43 17 18 41 5 7 34 11 45 52 61 66 15 3 59,tails,regular,2
2026-06-02T22:03:40Z,760,52 15 21 65 4 27 18 68 32 37 64 57 70 63 55 47 1 12 22 78,evens,minor,1
2026-06-02T22:06:20Z,761,14 47 58 64 21 33 73 24 37 69 75 44 53 31 67 29 62 8 65 10,tails,regular,1
2026-06-02T22:09:00Z,762,14 22 8 71 63 27 69 75 56 80 16 11 43 35 32 31 15 3 5 34,heads,regular,1
2026-06-02T22:11:40Z,763,75 67 58 57 71 60 29 31 76 73 42 26 22 8 9 36 68 79 53 54,tails,minor,1
2026-06-02T22:14:20Z,764,79 64 69 65 32 57 24 25 5 31 58 76 13 43 36 39 16 27 42 78,evens,regular,1
2026-06-02T22:17:00Z,765,31 17 54 67 62 68 43 78 70 19 15 37 30 26 49 27 53 25 69 35,evens,regular,2
2026-06-02T22:19:40Z,766,20 52 25 27 10 51 22 5 36 78 68 18 28 41 32 61 59 71 40 62,heads,major,2
2026-06-02T22:22:20Z,767,43 13 24 80 25 26 44 9 72 65 76 5 4 6 22 59 27 17 48 71,heads,regular,1
2026-06-02T22:25:00Z,768,72 60 40 56 78 79 73 13 75 55 62 10 50 61 15 76 12 47 69 48,tails,regular,3
2026-06-02T22:27:40Z,769,51 6 40 66 76 37 11 18 53 60 49 15 58 55 32 65 26 31 46 17,evens,regular,1
2026-06-02T22:30:20Z,770,72 32 35 64 46 77 52 69 73 3 20 49 36 13 31 5 67 55 79 45,tails,regular,1
2026-06-02T22:33:00Z,771,3 6 61 73 4 60 32 49 43 8 13 58 63 35 53 24 56 41 50 36,tails,regular,1
2026-06-02T22:35:40Z,772,32 2 20 47 24 18 78 67 30 8 12 69 76 65 10 59 7 77 36 16,heads,regular,2
2026-06-02T22:38:20Z,773,32 74 75 35 14 27 10 19 15 62 77 24 68 21 76 16 43 47 63 22,heads,regular,1
2026-06-02T22:41:00Z,774,63 70 47 13 38 42 75 29 54 79 74 39 3 68 12 24 73 34 28 10,evens,regular,2
2026-06-02T22:43:40Z,775,5 69 26 70 34 9 40 19 7 51 67 29 13 66 46 75 73 31 39 68,heads,regular,1
2026-06-02T22:46:20Z,776,80 76 33 36 62 72 7 28 61 27 74 65 24 22 21 30 49 60 45 67,tails,regular,1
2026-06-02T22:49:00Z,777,20 1 36 49 18 39 66 69 23 68 54 65 70 34 73 61 55 38 19 56,tails,major,1
2026-06-02T22:51:40Z,778,49 8 71 51 5 22 60 24 41 31 18 42 25 26 44 79 63 29 35 46,evens,minor,4
2026-06-02T22:54:20Z,779,22 18 47 1 15 26 68 63 7 24 70 2 46 5 13 57 69 14 40 43,heads,regular,3
2026-06-02T22:57:00Z,780,20 67 78 9 13 63 29 66 35 14 2 8 12 71 5 22 45 56 59 10,heads,regular,10
2026-06-02T22:59:40Z,781,4 54 20 19 22 69 6 14 65 11 62 5 51 45 49 17 70 42 71 13,evens,minor,1
2026-06-02T23:02:20Z,782,60 6 55 56 5 76 10 9 61 31 39 51 30 72 73 34 57 4 7 65,evens,regular,2
2026-06-02T23:05:00Z,783,26 36 65 74 4 21 38 39 12 41 45 14 18 53 73 47 57 50 28 3,heads,regular,3
2026-06-02T23:07:40Z,784,23 39 62 4 5 8 52 13 34 32 55 51 46 48 54 35 72 58 42 70,tails,regular,2
2026-06-02T23:10:20Z,785,56 66 57 48 9 27 18 3 54 31 36 46 60 29 8 1 11 67 75 74,evens,regular,2
2026-06-02T23:13:00Z,786,42 8 60 11 23 58 39 62 55 19 5 46 79 21 49 51 75 66 6 52,tails,major,1
2026-06-02T23:15:40Z,787,44 30 24 19 45 3 73 60 41 37 10 32 33 4 11 26 15 12 69 66,heads,regular,3
2026-06-02T23:18:20Z,788,33 37 80 34 8 73 67 31 65 55 70 13 69 26 39 40 50 6 17 66,heads,regular,1
2026-06-02T23:21:00Z,789,41 14 51 79 36 71 23 30 52 70 21 33 25 57 2 76 32 11 3 10,heads,regular,1
2026-06-02T23:23:40Z,790,65 28 62 46 23 60 69 80 30 7 19 13 50 11 10 1 36 12 38 4,heads,minor,1
2026-06-02T23:26:20Z,791,63 65 54 66 71 49 4 73 9 15 16 77 60 27 59 8 38 19 32 26,evens,regular,1
2026-06-02T23:29:00Z,792,33 14 79 40 36 41 4 3 62 1 45 71 39 60 17 54 18 55 72 15,heads,regular,1
2026-06-02T23:31:40Z,793,61 56 51 68 13 54 49 60 24 30 5 32 4 55 43 46 39 6 50 25,tails,regular,2
2026-06-02T23:34:20Z,794,78 74 50 19 52 4 43 58 69 23 62 54 20 17 22 71 57 61 9 76,tails,minor,1
2026-06-02T23:37:00Z,795,71 41 15 70 39 28 56 66 79 54 8 30 27 65 59 1 50 13 67 18,tails,regular,3
2026-06-02T23:39:40Z,796,26 42 10 35 21 64 66 19 78 25 36 38 5 4 34 63 67 47 29 22,heads,regular,2
2026-06-02T23:42:20Z,797,36 62 44 14 25 52 76 68 40 27 8 54 61 57 75 15 43 59 3 46,tails,minor,2
2026-06-02T23:45:00Z,798,57 79 59 34 23 4 9 19 24 36 11 51 45 29 47 7 73 50 39 13,heads,minor,1
2026-06-02T23:47:40Z,799,48 76 26 49 63 80 45 62 59 3 2 24 20 37 19 71 31 40 74 14,evens,regular,2
2026-06-02T23:50:20Z,800,75 38 66 28 71 2 4 53 27 10 40 31 32 72 52 14 1 51 37 46,heads,regular,3
2026-06-02T23:53:00Z,801,4 60 55 76 14 32 75 23 59 28 73 46 10 33 13 40 41 24 47 17,heads,regular,3
2026-06-02T23:55:40Z,802,50 18 72 63 73 46 49 43 33 57 22 52 69 32 39 31 29 74 28 10,tails,major,1
2026-06-02T23:58:20Z,803,72 14 56 29 50 28 39 66 73 30 55 6 26 48 5 70 67 74 42 4,tails,regular,1
2026-06-03T00:01:00Z,804,7 58 69 19 65 52 16 43 57 78 25 22 76 1 2 63 5 41 27 46,tails,minor,4
2026-06-03T00:03:40Z,805,78 8 68 15 52 31 80 36 72 29 22 54 74 18 40 14 57 11 30 10,heads,regular,3
2026-06-03T00:06:20Z,806,44 76 12 67 59 16 39 1 33 73 3 66 53 47 36 41 13 70 15 19,evens,regular,1
2026-06-03T00:09:00Z,807,21 72 75 66 1 14 46 56 8 65 71 79 53 13 30 76 19 47 27 57,tails,regular,2
2026-06-03T00:11:40Z,808,76 37 17 24 14 36 8 73 46 45 3 64 48 21 13 59 70 7 34 39,heads,regular,2
2026-06-03T00:14:20Z,809,10 47 13 26 72 45 35 32 69 66 38 60 7 41 18 29 59 64 49 65,tails,regular,2
2026-06-03T00:17:00Z,810,72 47 24 16 51 5 26 40 65 56 7 70 75 66 6 63 49 68 79 78,tails,regular,1
2026-06-03T00:19:40Z,811,80 60 42 25 26 64 37 31 41 6 32 7 71 59 77 15 17 66 45 79,tails,regular,2
2026-06-03T00:22:20Z,812,55 63 61 34 38 67 76 2 69 18 56 57 42 74 41 46 54 45 73 3,tails,major,3
2026-06-03T00:25:00Z,813,52 16 66 57 75 30 20 58 9 33 7 38 63 62 22 44 13 31 14 4,heads,regular,2
2026-06-03T00:27:40Z,814,9 36 19 51 75 38 79 71 78 2 48 57 32 17 49 7 13 47 72 61,tails,regular,1
2026-06-03T00:30:20Z,815,64 1 32 49 15 43 65 53 24 47 34 73 29 72 46 55 52 5 61 44,tails,regular,2
2026-06-03T00:33:00Z,816,1 54 59 65 39 26 45 3 38 27 4 17 52 21 46 30 23 10 28 77,heads,regular,3
2026-06-03T00:35:40Z,817,73 14 32 58 29 37 49 64 19 16 27 1 36 34 78 21 28 50 53 51,heads,regular,3
2026-06-03T00:38:20Z,818,78 72 25 2 76 37 80 17 59 26 27 34 53 61 77 31 10 22 46 45,evens,regular,2
2026-06-03T00:41:00Z,819,30 38 5 4 51 15 14 41 37 7 28 61 33 20 16 22 53 54 70 11,heads,regular,2
2026-06-03T00:43:40Z,820,45 70 10 38 50 5 6 12 13 20 25 44 54 41 24 63 17 9 68 4,heads,regular,1
2026-06-03T00:46:20Z,821,5 1 25 13 56 51 15 30 62 79 12 64 34 42 37 69 45 35 4 22,heads,major,2
2026-06-03T00:49:00Z,822,53 43 54 76 28 57 8 64 55 60 30 45 3 71 52 23 38 69 36 65,tails,regular,2
2026-06-03T00:51:40Z,823,69 19 75 40 31 1 52 77 26 72 49 41 78 12 43 54 66 70 35 53,tails,regular,1
2026-06-03T00:54:20Z,824,49 46 48 41 73 24 34 25 35 26 12 20 58 69 39 61 54 3 36 31,heads,minor,2
2026-06-03T00:57:00Z,825,3 70 10 58 31 42 40 30 16 23 64 13 17 69 65 51 45 2 66 28,heads,major,1
2026-06-03T00:59:40Z,826,45 26 73 51 5 78 6 55 14 54 31 56 28 65 21 57 22 40 12 9,heads,minor,3
2026-06-03T01:02:20Z,827,74 72 51 23 63 53 14 16 66 70 45 20 7 6 9 71 26 48 44 24,tails,minor,1
2026-06-03T01:05:00Z,828,39 15 22 24 34 45 25 8 31 55 48 16 20 12 35 80 5 66 18 72,heads,regular,3
2026-06-03T01:07:40Z,829,68 24 32 31 42 33 10 3 36 71 39 8 5 79 17 60 77 61 21 34,heads,minor,1
2026-06-03T01:10:20Z,830,36 10 65 15 64 35 69 5 58 62 33 80 74 12 78 44 11 56 23 71,tails,regular,1
2026-06-03T01:13:00Z,831,27 14 79 55 21 28 54 33 3 4 78 66 20 41 22 68 64 10 19 37,heads,major,1
2026-06-03T01:15:40Z,832,79 35 27 68 71 2 77 73 43 31 24 61 1 42 39 33 18 30 17 57,heads,regular,1
2026-06-03T01:18:20Z,833,31 32 65 34 7 77 62 55 24 45 30 66 15 75 59 1 33 73 79 22,evens,regular,2
2026-06-03T01:21:00Z,834,25 51 36 56 80 35 55 49 67 74 53 18 76 8 69 11 17 2 7 30,evens,regular,2
2026-06-03T01:23:40Z,835,16 51 37 52 60 76 50 72 75 73 12 31 21 3 27 78 7 47 35 70,tails,major,1
2026-06-03T01:26:20Z,836,15 46 58 48 59 36 51 20 50 40 67 54 80 73 30 18 24 34 11 75,tails,minor,2
2026-06-03T01:29:00Z,837,17 21 28 18 39 47 5 8 35 51 62 30 55 2 67 70 41 54 25 23,heads,regular,1
2026-06-03T01:31:40Z,838,47 3 66 41 2 48 5 18 77 20 61 73 42 34 17 63 31 13 19 22,heads,regular,2
2026-06-03T01:34:20Z,839,23 11 64 18 32 35 24 43 19 22 51 77 60 15 61 80 65 30 9 12,heads,minor,1
2026-06-03T01:37:00Z,840,64 45 16 67 51 54 3 56 25 57 75 61 60 19 35 48 73 37 34 76,tails,major,1
2026-06-03T01:39:40Z,841,74 66 79 8 23 19 59 47 16 31 25 2 30 73 58 53 20 45 32 46,evens,major,2
2026-06-03T01:42:20Z,842,30 15 21 12 35 22 7 76 78 25 66 51 48 24 37 62 19 2 10 67,heads,regular,3
2026-06-03T01:45:00Z,843,21 46 42 57 56 63 74 20 16 45 5 39 73 14 41 17 26 78 70 59,tails,regular,4
2026-06-03T01:47:40Z,844,8 60 36 2 50 58 31 24 67 72 80 71 5 37 56 15 73 57 69 35,tails,regular,2
2026-06-03T01:50:20Z,845,2 1 34 51 33 13 36 74 49 43 11 8 38 60 80 22 17 18 4 56,heads,regular,3
2026-06-03T01:53:00Z,846,23 29 60 19 55 9 41 16 50 56 2 45 77 35 32 70 75 4 76 38,evens,regular,1
2026-06-03T01:55:40Z,847,30 66 26 80 5 73 33 14 8 7 41 70 74 16 64 65 2 4 50 72,evens,regular,1
2026-06-03T01:58:20Z,848,51 40 67 23 79 32 16 75 62 15 6 18 25 47 24 80 53 74 11 31,heads,minor,3
2026-06-03T02:01:00Z,849,43 11 30 53 79 77 63 42 24 80 4 9 2 6 75 45 64 12 46 13,tails,regular,1
2026-06-03T02:03:40Z,850,38 49 67 51 44 55 62 52 79 78 40 43 14 45 77 57 66 42 6 31,tails,regular,2
2026-06-03T02:06:20Z,851,6 24 34 75 41 15 63 17 79 66 20 38 12 76 58 10 23 39 73 74,heads,regular,2
2026-06-03T02:09:00Z,852,39 75 8 28 47 66 41 21 35 43 52 18 36 60 19 64 25 58 4 17,heads,regular,3
2026-06-03T02:11:40Z,853,71 6 69 37 3 67 48 80 11 38 2 43 28 79 33 21 59 39 72 1,heads,regular,1
2026-06-03T02:14:20Z,854,59 33 58 26 61 76 36 54 49 65 62 70 7 15 56 68 30 4 13 25,tails,regular,3
2026-06-03T02:17:00Z,855,43 4 14 56 67 7 22 76 60 15 59 34 5 30 61 12 75 71 26 51,evens,major,1
2026-06-03T02:19:40Z,856,79 67 60 62 69 44 14 51 18 50 55 34 15 16 59 74 72 9 73 33,tails,regular,1
2026-06-03T02:22:20Z,857,24 42 39 59 72 8 76 45 80 21 32 29 48 38 20 22 6 43 26 44,heads,regular,3
2026-06-03T02:25:00Z,858,40 63 78 47 29 1 45 60 13 74 53 10 71 36 5 38 51 17 73 54,tails,regular,1
2026-06-03T02:27:40Z,859,17 65 74 53 69 67 26 48 36 56 28 15 44 76 10 19 9 40 54 24,evens,major,4
2026-06-03T02:30:20Z,860,9 75 37 63 59 2 60 44 65 30 29 54 10 23 25 43 66 17 6 7,heads,minor,2
2026-06-03T02:33:00Z,861,10 1 44 79 40 20 73 47 31 18 51 22 28 3 17 68 66 65 59 45,evens,minor,3
2026-06-03T02:35:40Z,862,58 44 37 7 32 40 35 17 5 6 26 46 31 29 75 39 63 45 59 77,heads,regular,2
2026-06-03T02:38:20Z,863,46 25 40 19 29 71 18 76 59 36 26 68 54 73 30 49 16 14 10 74,heads,regular,3
2026-06-03T02:41:00Z,864,26 40 2 53 18 16 76 56 69 39 44 41 23 77 63 75 51 64 74 1,tails,regular,1
2026-06-03T02:43:40Z,865,22 16 9 57 70 79 69 3 15 55 29 56 51 28 47 1 78 46 10 39,evens,regular,2
2026-06-03T02:46:20Z,866,8 29 80 59 56 33 42 19 63 51 1 66 16 4 7 47 77 27 70 50,tails,minor,10
2026-06-03T02:49:00Z,867,3 51 72 40 60 4 78 35 52 30 76 7 73 8 22 53 15 32 79 28,heads,regular,1
2026-06-03T02:51:40Z,868,51 7 28 19 56 78 61 50 77 52 76 44 75 17 37 53 80 18 13 10,tails,regular,1
2026-06-03T02:54:20Z,869,52 49 40 31 42 67 78 39 41 63 9 19 44 36 60 58 5 37 59 28,tails,regular,3
2026-06-03T02:57:00Z,870,56 9 77 64 14 61 79 22 41 71 78 17 36 51 27 69 70 49 25 32,tails,regular,2
2026-06-03T02:59:40Z,871,5 63 6 18 64 44 26 15 39 45 58 61 68 57 76 72 79 49 40 71,tails,major,1
2026-06-03T03:02:20Z,872,19 79 55 17 30 52 22 37 39 44 73 68 53 15 67 41 57 43 21 74,tails,regular,2
2026-06-03T03:05:00Z,873,51 46 76 49 44 3 15 53 41 43 23 27 17 33 24 73 29 68 54 70,tails,regular,2
2026-06-03T03:07:40Z,874,21 8 44 57 79 58 40 41 7 13 72 50 66 39 29 68 36 34 1 65,evens,regular,1
2026-06-03T03:10:20Z,875,52 66 1 15 75 11 68 48 35 53 27 51 24 60 73 54 78 4 76 70,tails,regular,2
2026-06-03T03:13:00Z,876,6 31 69 44 34 51 53 48 80 3 9 33 58 47 78 36 60 29 66 54,tails,minor,2
2026-06-03T03:15:40Z,877,78 39 46 20 30 5 59 57 7 36 2 41 80 44 60 61 62 40 1 14,evens,regular,5
2026-06-03T03:18:20Z,878,60 57 67 42 65 21 61 24 73 35 6 14 26 52 23 40 5 64 48 75,tails,regular,1
2026-06-03T03:21:00Z,879,80 31 77 45 27 12 49 15 46 51 3 7 70 63 20 60 72 8 68 18,tails,regular,2
2026-06-03T03:23:40Z,880,65 73 40 29 50 57 20 61 70 13 43 1 80 68 59 69 26 11 19 47,tails,regular,1
2026-06-03T03:26:20Z,881,7 4 41 52 73 49 6 28 27 74 42 79 48 43 80 36 53 47 51 18,tails,regular,1
2026-06-03T03:29:00Z,882,5 40 63 60 50 70 52 14 30 27 23 67 45 62 32 25 41 2 64 4,evens,regular,2
2026-06-03T03:31:40Z,883,54 75 57 18 38 69 28 52 58 8 17 9 2 63 3 80 32 79 50 21,evens,regular,1
2026-06-03T03:34:20Z,884,29 31 37 18 71 46 8 17 25 54 12 76 42 53 23 9 30 73 59 10,heads,regular,1
2026-06-03T03:37:00Z,885,16 52 47 78 55 79 77 29 35 27 1 10 73 68 75 60 38 13 20 76,tails,regular,1
2026-06-03T03:39:40Z,886,50 59 37 5 3 80 27 47 55 45 76 7 43 20 60 19 36 58 49 70,tails,regular,2
2026-06-03T03:42:20Z,887,73 8 24 35 34 39 79 45 32 9 70 67 59 61 80 12 46 19 48 64,tails,regular,3
2026-06-03T03:45:00Z,888,61 12 23 50 43 8 35 29 80 42 53 14 48 56 71 3 4 37 11 59,evens,minor,3
2026-06-03T03:47:40Z,889,51 74 23 67 20 73 62 80 77 75 35 14 40 69 68 12 71 52 34 61,tails,major,1
2026-06-03T03:50:20Z,890,60 75 47 37 10 56 43 62 64 53 16 74 63 57 19 34 50 72 2 65,tails,regular,2
2026-06-03T03:53:00Z,891,72 17 76 61 63 54 22 26 41 21 35 77 45 33 16 12 28 52 73 58,tails,regular,2
2026-06-03T03:55:40Z,892,72 79 37 36 31 33 77 49 59 45 6 28 50 48 4 34 7 27 73 44,evens,regular,2
2026-06-03T03:58:20Z,893,44 58 36 54 76 64 37 27 1 25 56 16 55 20 9 78 69 22 39 53,evens,regular,2
2026-06-03T04:01:00Z,894,3 59 1 49 55 34 64 37 9 51 38 78 56 7 32 18 43 26 39 6,heads,regular,5
2026-06-03T04:03:40Z,895,39 17 3 63 38 59 12 13 8 4 70 5 55 61 21 30 48 74 67 14,heads,major,2
2026-06-03T04:06:20Z,896,4 29 23 10 75 68 22 39 60 18 28 72 7 41 19 17 1 16 58 47,heads,regular,3
2026-06-03T04:09:00Z,897,70 62 50 38 40 45 74 77 2 55 43 7 48 71 39 1 67 34 14 63,tails,regular,2
2026-06-03T04:11:40Z,898,42 51 3 44 57 68 31 65 77 7 9 66 2 54 78 32 37 8 29 75,tails,minor,1
2026-06-03T04:14:20Z,899,67 15 58 12 33 18 68 53 17 34 69 47 22 66 23 75 38 52 2 42,evens,minor,2
2026-06-03T04:17:00Z,900,15 39 28 45 40 79 29 72 80 43 23 25 9 48 73 16 18 22 75 51,heads,major,4
2026-06-03T04:19:40Z,901,38 51 20 47 16 43 23 28 72 5 49 69 53 40 37 34 71 13 17 68,heads,regular,3
2026-06-03T04:22:20Z,902,47 35 39 44 58 63 3 11 20 8 40 31 74 55 61 80 72 37 17 79,evens,minor,1
2026-06-03T04:25:00Z,903,21 50 29 48 60 14 34 10 65 23 62 43 70 76 24 46 19 56 26 58,tails,regular,1
2026-06-03T04:27:40Z,904,47 62 42 44 57 54 65 20 46 33 55 15 40 73 22 49 29 64 56 12,tails,regular,2
2026-06-03T04:30:20Z,905,43 7 69 24 11 48 49 35 79 62 73 42 38 1 59 55 33 41 47 72,tails,regular,1
2026-06-03T04:33:00Z,906,6 23 32 3 58 16 36 39 40 75 34 42 73 14 24 22 33 17 19 64,heads,regular,3
2026-06-03T04:35:40Z,907,39 45 47 31 54 52 35 11 14 12 37 72 57 78 40 80 70 10 7 1,heads,regular,1
2026-06-03T04:38:20Z,908,57 25 75 78 20 72 48 38 29 68 11 8 6 30 41 65 37 1 63 36,heads,minor,1
2026-06-03T04:41:00Z,909,72 44 4 61 30 43 54 59 17 33 49 80 6 23 7 77 47 26 20 10,evens,regular,1
2026-06-03T04:43:40Z,910,56 14 2 49 74 6 60 16 71 35 42 18 69 41 55 78 11 46 58 64,tails,minor,2
2026-06-03T04:46:20Z,911,25 77 6 46 66 16 21 76 57 7 44 10 29 61 78 45 30 58 60 55,tails,regular,3
2026-06-03T04:49:00Z,912,20 30 60 12 67 75 58 51 49 31 80 72 11 61 52 77 68 62 14 3,tails,major,3
2026-06-03T04:51:40Z,913,41 60 14 2 27 44 34 26 33 61 57 30 22 42 28 19 25 7 23 32,heads,regular,2
2026-06-03T04:54:20Z,914,63 68 27 14 36 74 3 61 22 64 58 28 41 59 66 38 78 26 15 33,evens,minor,1
2026-06-03T04:57:00Z,915,20 8 29 66 55 71 18 22 68 74 33 69 59 58 57 13 2 7 36 45,evens,regular,2
2026-06-03T04:59:40Z,916,79 78 23 71 42 38 34 61 40 9 7 73 54 30 58 51 76 74 19 60,tails,major,1
2026-06-03T05:02:20Z,917,17 43 58 52 46 35 53 23 66 41 73 5 54 39 7 59 74 75 49 64,tails,regular,2
2026-06-03T05:05:00Z,918,79 6 7 77 32 10 13 22 14 21 33 19 64 66 67 46 3 71 49 61,heads,minor,2
2026-06-03T05:07:40Z,919,52 9 14 7 26 79 6 60 1 4 24 71 49 37 34 15 43 32 58 41,heads,major,3
2026-06-03T05:10:20Z,920,5 77 6 69 75 30 43 41 27 12 38 36 67 11 68 16 51 57 76 42,tails,minor,1
2026-06-03T05:13:00Z,921,31 70 48 43 47 49 28 79 52 76 75 19 21 78 57 72 63 14 58 71,tails,regular,3
2026-06-03T05:15:40Z,922,48 33 25 24 4 79 49 9 73 13 57 6 62 22 69 76 50 78 65 55,tails,regular,1
2026-06-03T05:18:20Z,923,52 43 18 28 69 66 44 72 20 42 65 10 57 25 53 68 24 77 55 74,tails,regular,1
2026-06-03T05:21:00Z,924,74 10 47 36 77 72 66 17 16 40 51 13 54 75 44 52 29 56 9 15,tails,minor,1
2026-06-03T05:23:40Z,925,48 55 19 66 44 16 53 69 47 24 43 51 71 67 70 52 8 14 29 33,tails,regular,1
2026-06-03T05:26:20Z,926,14 55 41 46 77 67 56 34 45 57 52 38 5 19 6 18 28 54 58 70,tails,regular,2
2026-06-03T05:29:00Z,927,67 21 56 71 65 43 66 2 39 44 72 12 3 60 79 38 40 19 55 63,tails,regular,5
2026-06-03T05:31:40Z,928,10 15 4 80 18 30 5 42 70 71 53 73 44 14 75 66 26 38 11 61,evens,major,2
2026-06-03T05:34:20Z,929,1 22 43 64 50 27 66 60 34 12 51 23 17 75 76 15 65 73 24 14,evens,regular,1
2026-06-03T05:37:00Z,930,13 79 50 14 2 67 66 60 22 54 16 15 28 69 12 63 36 57 18 43,evens,minor,2
2026-06-03T05:39:40Z,931,72 3 36 50 73 26 76 38 51 60 29 77 41 63 22 74 15 62 52 78,tails,major,4
2026-06-03T05:42:20Z,932,51 8 6 4 77 39 14 61 11 66 2 73 49 41 62 60 16 29 26 53,evens,minor,3
2026-06-03T05:45:00Z,933,38 70 55 24 68 44 25 29 8 31 1 30 76 61 59 6 17 19 43 41,heads,minor,3
2026-06-03T05:47:40Z,934,13 32 38 77 43 31 12 17 37 26 55 49 53 48 63 15 71 2 34 20,heads,regular,1
2026-06-03T05:50:20Z,935,26 42 60 75 80 30 74 2 44 76 16 17 20 66 10 24 77 64 33 71,tails,minor,1
2026-06-03T05:53:00Z,936,19 55 42 11 47 53 61 30 78 33 66 48 26 39 7 17 34 67 59 79,tails,minor,2
2026-06-03T05:55:40Z,937,69 41 51 18 77 4 80 56 46 42 16 20 26 7 58 27 14 5 31 11,heads,regular,5
2026-06-03T05:58:20Z,938,53 79 59 15 38 54 46 74 77 6 35 42 22 48 17 63 67 60 45 24,tails,regular,3
2026-06-03T06:01:00Z,939,40 30 49 63 6 14 57 71 34 73 70 36 17 44 65 11 45 15 55 59,tails,regular,1
2026-06-03T06:03:40Z,940,45 27 43 8 20 79 53 72 64 1 63 65 12 19 74 50 30 42 77 39,tails,regular,1
2026-06-03T06:06:20Z,941,35 40 18 79 29 6 60 22 48 42 23 66 26 75 15 36 46 62 33 80,heads,regular,3
2026-06-03T06:09:00Z,942,55 4 30 51 67 2 13 19 10 9 48 15 24 40 74 44 36 16 80 31,heads,regular,2
2026-06-03T06:11:40Z,943,22 10 57 8 53 61 30 21 44 56 11 5 70 41 45 6 34 26 15 4,heads,minor,3
2026-06-03T06:14:20Z,944,71 40 16 29 39 35 48 68 54 76 66 12 51 72 8 5 24 59 58 45,tails,regular,3
2026-06-03T06:17:00Z,945,79 76 80 71 8 37 78 25 22 53 58 73 3 56 61 21 49 74 1 35,tails,regular,2
2026-06-03T06:19:40Z,946,79 26 56 72 40 59 63 68 4 1 65 25 24 6 9 53 12 13 17 58,heads,regular,3
2026-06-03T06:22:20Z,947,77 28 60 79 48 10 1 22 44 27 76 42 69 11 52 4 19 34 29 55,evens,minor,3
2026-06-03T06:25:00Z,948,45 54 24 5 53 55 27 49 50 7 79 56 18 41 25 75 36 16 73 48,tails,regular,2
2026-06-03T06:27:40Z,949,27 21 77 59 15 11 33 4 60 35 23 64 30 58 62 67 39 16 47 3,heads,minor,1
2026-06-03T06:30:20Z,950,43 50 3 20 8 61 13 51 44 72 48 47 26 29 70 21 59 15 58 12,tails,regular,3
2026-06-03T06:33:00Z,951,12 25 74 34 38 37 5 3 75 42 21 13 60 36 49 72 79 58 19 22,heads,regular,3
2026-06-03T06:35:40Z,952,7 55 73 18 74 58 79 80 71 19 77 65 28 5 22 78 14 72 21 53,tails,regular,1
2026-06-03T06:38:20Z,953,30 58 20 26 31 78 69 59 80 3 10 19 2 75 56 65 43 50 13 44,tails,regular,1
2026-06-03T06:41:00Z,954,4 58 29 7 41 51 32 31 27 24 30 19 76 73 36 52 37 75 23 79,heads,regular,3
2026-06-03T06:43:40Z,955,11 76 47 4 41 49 8 14 50 53 75 48 80 37 13 21 22 24 7 55,evens,regular,2
2026-06-03T06:46:20Z,956,24 27 45 48 53 78 47 80 38 73 26 58 74 8 7 61 35 69 67 22,tails,minor,2
2026-06-03T06:49:00Z,957,49 23 75 65 62 16 41 78 26 46 80 73 32 74 55 17 22 68 14 54,tails,minor,3
2026-06-03T06:51:40Z,958,69 61 44 58 10 24 68 32 51 71 56 29 70 47 6 31 46 41 9 77,tails,regular,2
2026-06-03T06:54:20Z,959,64 23 6 54 25 71 11 8 39 80 62 79 38 17 49 77 29 69 65 78,tails,regular,1
2026-06-03T06:57:00Z,960,45 60 7 70 80 2 28 77 74 66 21 25 19 78 62 47 37 61 29 23,tails,major,1
2026-06-03T06:59:40Z,961,3 18 6 12 24 59 5 33 40 4 7 67 30 36 68 10 49 77 75 80,heads,minor,2
2026-06-03T07:02:20Z,962,35 8 40 80 73 5 36 55 44 17 63 79 49 53 14 77 32 45 11 57,tails,regular,1
2026-06-03T07:05:00Z,963,58 63 55 50 72 7 20 49 60 14 59 69 46 52 76 53 78 67 43 28,tails,major,2
2026-06-03T07:07:40Z,964,49 51 63 37 78 64 27 8 41 12 35 71 33 69 24 5 2 26 56 44,evens,regular,2
2026-06-03T07:10:20Z,965,12 77 11 66 17 59 78 4 6 61 80 42 21 41 72 9 16 29 46 31,evens,regular,1
2026-06-03T07:13:00Z,966,32 56 15 44 6 45 39 22 58 66 23 31 59 13 33 24 70 8 50 75,heads,minor,4
2026-06-03T07:15:40Z,967,22 38 46 44 8 17 57 80 41 23 75 49 60 12 68 19 16 55 67 10,tails,regular,1
2026-06-03T07:18:20Z,968,59 51 5 7 42 63 49 47 64 6 55 15 20 8 70 73 80 28 69 50,tails,regular,1
2026-06-03T07:21:00Z,969,52 70 19 62 23 37 78 38 36 1 55 6 15 26 68 7 14 58 5 42,heads,regular,3
2026-06-03T07:23:40Z,970,33 57 29 52 34 20 46 35 77 25 63 16 61 27 4 55 67 22 32 45,heads,regular,1
2026-06-03T07:26:20Z,971,12 45 18 43 48 20 52 58 53 42 62 78 9 28 64 63 54 5 32 67,tails,minor,1
2026-06-03T07:29:00Z,972,28 7 52 12 3 24 50 76 23 26 32 65 17 34 53 62 68 75 37 72,heads,regular,3
2026-06-03T07:31:40Z,973,33 77 49 21 69 39 4 48 7 52 55 66 62 38 80 25 35 71 28 36,evens,minor,1
2026-06-03T07:34:20Z,974,19 52 48 70 72 50 64 74 1 37 47 69 21 35 80 55 11 3 71 22,tails,regular,1
2026-06-03T07:37:00Z,975,33 47 77 39 20 15 7 26 30 68 18 66 79 61 31 76 5 73 62 44,evens,minor,1
2026-06-03T07:39:40Z,976,36 75 31 47 15 28 50 30 6 9 12 58 69 40 56 71 14 80 37 7,heads,regular,2
2026-06-03T07:42:20Z,977,16 40 23 51 37 21 41 39 28 50 70 11 78 38 19 29 71 65 30 3,heads,minor,2
2026-06-03T07:45:00Z,978,22 53 8 75 72 63 34 58 37 43 30 21 60 39 18 11 48 26 49 77,evens,minor,2
2026-06-03T07:47:40Z,979,67 40 10 51 16 70 13 1 31 68 57 15 39 41 23 47 69 45 22 25,heads,regular,3
2026-06-03T07:50:20Z,980,53 36 48 3 78 11 35 56 62 12 23 28 71 33 6 76 60 47 79 72,tails,minor,2
2026-06-03T07:53:00Z,981,51 57 53 50 1 7 73 52 6 45 67 41 32 65 78 18 71 33 9 49,tails,regular,1
2026-06-03T07:55:40Z,982,5 6 72 66 23 8 71 7 28 56 60 63 17 55 40 1 26 19 15 61,heads,regular,5
2026-06-03T07:58:20Z,983,56 51 14 76 78 32 15 54 52 18 59 27 64 44 60 28 11 10 69 66,tails,regular,1
2026-06-03T08:01:00Z,984,21 69 58 77 3 44 25 15 39 10 9 40 76 60 79 1 47 35 59 52,evens,regular,2
2026-06-03T08:03:40Z,985,36 72 57 15 40 58 78 31 71 33 62 64 46 13 63 74 39 56 5 21,tails,minor,1
2026-06-03T08:06:20Z,986,38 70 80 33 36 39 57 28 64 9 7 78 75 63 22 31 68 73 44 2,evens,regular,2
2026-06-03T08:09:00Z,987,39 25 77 34 60 18 9 73 74 17 16 38 51 20 1 13 41 6 32 19,heads,regular,2
2026-06-03T08:11:40Z,988,40 29 28 77 78 30 37 34 2 36 24 27 39 45 19 9 61 66 71 7,heads,regular,1
2026-06-03T08:14:20Z,989,60 72 65 21 37 80 68 62 75 66 50 17 54 9 35 76 8 67 31 18,tails,regular,10
2026-06-03T08:17:00Z,990,22 7 24 33 9 11 46 64 62 65 1 48 49 29 44 78 32 79 6 36,heads,minor,3
2026-06-03T08:19:40Z,991,16 17 6 64 37 55 19 66 33 34 51 13 21 63 61 11 5 12 68 69,heads,minor,10
2026-06-03T08:22:20Z,992,24 12 37 78 14 51 30 72 79 68 62 66 75 77 41 48 32 8 52 60,tails,regular,2
2026-06-03T08:25:00Z,993,4 79 63 46 35 22 56 11 70 80 41 10 13 52 57 26 17 58 3 64,tails,regular,1
2026-06-03T08:27:40Z,994,38 17 18 54 52 28 60 32 65 66 79 67 50 33 13 8 23 77 5 47,evens,minor,1
2026-06-03T08:30:20Z,995,38 17 16 4 80 26 22 76 12 36 35 19 55 78 29 3 28 68 65 8,heads,regular,1
2026-06-03T08:33:00Z,996,37 52 74 10 22 79 32 18 65 21 55 41 60 48 68 33 5 45 25 24,evens,minor,2
2026-06-03T08:35:40Z,997,38 65 61 34 21 79 42 48 51 47 62 43 16 71 6 27 2 72 78 59,tails,regular,1
2026-06-03T08:38:20Z,998,14 44 58 71 57 4 66 51 75 40 41 27 13 10 63 43 12 7 46 64,tails,major,2
2026-06-03T08:41:00Z,999,52 53 24 57 62 13 15 34 1 17 59 49 78 26 54 29 75 63 77 5,tails,regular,2
2026-06-03T08:43:40Z,1,77 34 45 71 6 48 38 70 59 69 31 73 64 2 33 79 17 78 80 56,tails,regular,3
2026-06-03T08:46:20Z,2,6 17 52 64 19 80 68 38 18 9 28 35 75 73 65 24 16 22 32 78,heads,regular,2
2026-06-03T08:49:00Z,3,30 76 78 66 15 48 39 18 79 34 67 36 21 58 55 70 10 29 60 27,evens,minor,3
2026-06-03T08:51:40Z,4,32 21 16 74 22 31 43 25 66 73 54 41 3 20 34 76 42 10 65 59,evens,regular,1
2026-06-03T08:54:20Z,5,7 71 44 36 19 9 22 48 78 40 70 72 28 64 17 61 77 27 49 43,tails,regular,2
2026-06-03T08:57:00Z,6,14 60 62 59 54 30 66 8 35 47 13 52 78 46 69 65 25 19 45 7,tails,regular,1
2026-06-03T08:59:40Z,7,64 54 17 22 15 38 40 24 2 50 71 30 23 68 44 66 73 46 4 19,heads,regular,3
2026-06-03T09:02:20Z,8,39 16 54 51 72 29 31 14 80 69 28 70 57 60 71 13 48 66 46 24,tails,regular,1
2026-06-03T09:05:00Z,9,22 76 50 80 58 6 32 5 70 3 77 7 79 54 74 62 20 2 69 19,tails,minor,2
2026-06-03T09:07:40Z,10,26 48 60 8 6 43 28 51 24 23 9 11 47 29 38 15 78 5 16 2,heads,regular,2
2026-06-03T09:10:20Z,11,42 22 55 71 44 37 2 54 28 23 60 6 11 59 27 48 35 34 9 19,heads,regular,1
2026-06-03T09:13:00Z,12,26 19 74 22 48 4 29 64 15 63 52 71 21 36 40 57 72 5 75 1,heads,regular,3
2026-06-03T09:15:40Z,13,47 38 12 33 63 23 78 55 14 18 41 72 25 1 8 32 67 50 45 17,heads,minor,3
2026-06-03T09:18:20Z,14,27 59 33 76 49 75 74 32 63 9 11 38 2 45 22 72 12 60 46 55,tails,regular,2
2026-06-03T09:21:00Z,15,13 65 5 3 74 2 54 52 57 59 4 62 48 43 40 60 29 38 66 49,tails,minor,10
2026-06-03T09:23:40Z,16,13 22 36 75 68 52 37 64 71 31 77 55 50 26 23 32 45 56 61 80,tails,major,3
2026-06-03T09:26:20Z,17,18 11 75 62 17 55 54 2 74 14 52 72 10 19 22 63 40 45 5 16,heads,regular,3
2026-06-03T09:29:00Z,18,12 2 52 45 78 26 70 20 7 65 71 27 67 3 36 18 8 53 19 77,heads,regular,3
2026-06-03T09:31:40Z,19,32 66 42 76 40 67 25 23 10 73 15 61 5 57 55 59 7 78 63 12,tails,regular,1
2026-06-03T09:34:20Z,20,15 35 47 23 24 37 20 27 59 12 48 46 38 1 70 55 16 13 25 42,heads,regular,1
2026-06-03T09:37:00Z,21,10 80 69 36 41 66 38 64 79 47 62 1 63 22 67 42 48 43 58 34,tails,minor,3
2026-06-03T09:39:40Z,22,78 48 75 32 33 27 21 80 26 35 16 52 49 60 5 59 45 20 67 18,evens,regular,2
2026-06-03T09:42:20Z,23,28 9 16 60 61 17 63 40 5 34 70 8 3 73 35 44 41 47 32 15,heads,major,2
2026-06-03T09:45:00Z,24,36 67 57 73 48 24 23 56 13 52 22 14 20 77 47 65 1 72 39 64,tails,regular,3
2026-06-03T09:47:40Z,25,2 42 33 74 78 55 36 45 18 46 73 8 77 12 57 75 56 52 64 3,tails,regular,2
2026-06-03T09:50:20Z,26,41 36 25 10 60 44 4 18 28 26 5 58 37 3 78 53 40 74 62 22,heads,minor,2
2026-06-03T09:53:00Z,27,11 22 39 43 8 38 80 4 10 69 6 51 20 29 1 37 2 45 64 41,heads,major,1
2026-06-03T09:55:40Z,28,66 38 77 50 42 18 34 14 79 45 65 62 26 20 63 70 59 32 64 71,tails,major,3
2026-06-03T09:58:20Z,29,50 44 49 17 77 79 6 78 65 7 67 9 16 38 1 26 43 37 31 21,heads,regular,3
2026-06-03T10:01:00Z,30,7 63 4 67 57 8 28 53 18 46 54 59 73 2 16 36 29 19 69 75,evens,regular,1
2026-06-03T10:03:40Z,31,14 43 8 7 10 44 47 3 16 75 36 25 64 13 19 12 39 5 72 48,heads,regular,1
2026-06-03T10:06:20Z,32,53 5 30 33 25 63 61 56 22 37 77 75 44 6 73 17 76 38 40 13,heads,minor,2
2026-06-03T10:09:00Z,33,2 61 54 25 51 32 5 11 28 8 16 55 57 72 26 31 50 49 6 53,heads,regular,1
2026-06-03T10:11:40Z,34,2 64 17 36 42 12 32 70 35 15 16 18 5 52 58 62 57 56 51 3,heads,minor,2
2026-06-03T10:14:20Z,35,77 63 72 33 14 55 53 15 60 21 28 45 79 56 30 27 80 18 38 37,evens,regular,1
2026-06-03T10:17:00Z,36,29 27 59 63 78 70 36 10 22 51 72 76 7 48 35 24 3 50 31 30,heads,regular,3
2026-06-03T10:19:40Z,37,19 16 76 44 43 31 28 1 62 29 54 39 24 78 30 34 11 18 23 17,heads,regular,1
2026-06-03T10:22:20Z,38,64 74 33 65 32 60 70 73 69 62 31 80 79 6 46 23 20 48 59 53,tails,regular,1
2026-06-03T10:25:00Z,39,57 43 31 45 62 37 27 60 35 26 51 36 54 42 24 73 68 32 74 30,tails,minor,1
2026-06-03T10:27:40Z,40,75 27 38 58 13 40 9 57 6 28 47 8 15 24 21 61 66 3 76 67,heads,minor,3
2026-06-03T10:30:20Z,41,66 2 7 49 16 58 40 74 3 13 61 34 41 9 25 18 57 35 11 22,heads,major,2
2026-06-03T10:33:00Z,42,61 80 29 27 67 75 43 21 16 57 11 31 14 1 59 41 35 46 8 52,evens,regular,3
2026-06-03T10:35:40Z,43,44 38 75 6 20 42 64 77 62 45 14 16 36 55 48 19 47 29 10 35,evens,regular,5
2026-06-03T10:38:20Z,44,5 10 67 72 79 39 2 34 43 55 61 78 76 3 70 18 69 36 19 14,evens,minor,3
2026-06-03T10:41:00Z,45,61 67 76 79 24 63 7 50 11 17 58 5 54 39 64 31 33 56 26 2,evens,minor,10
2026-06-03T10:43:40Z,46,79 70 22 26 2 76 28 44 67 78 31 14 32 61 6 66 16 40 24 54,heads,regular,2
2026-06-03T10:46:20Z,47,61 30 14 59 70 52 4 76 41 11 46 1 15 73 10 25 7 18 12 44,heads,regular,1
2026-06-03T10:49:00Z,48,75 49 6 59 23 11 19 64 51 37 8 20 50 77 57 9 80 28 66 21,evens,regular,2
2026-06-03T10:51:40Z,49,11 65 18 7 35 66 67 3 2 5 20 22 51 59 56 75 73 19 33 78,heads,regular,1
2026-06-03T10:54:20Z,50,58 19 75 46 35 77 20 6 31 5 18 25 78 71 12 56 41 54 38 36,heads,regular,2
2026-06-03T10:57:00Z,51,63 21 2 43 80 12 10 6 55 64 16 28 9 20 31 33 50 5 78 54,heads,major,2
2026-06-03T10:59:40Z,52,45 17 73 15 13 41 67 30 20 69 26 50 7 38 53 32 51 28 57 54,evens,regular,1
2026-06-03T11:02:20Z,53,25 16 24 23 38 28 37 15 32 67 29 40 63 80 6 73 3 65 49 51,heads,major,2
2026-06-03T11:05:00Z,54,59 3 2 73 39 24 29 60 17 47 45 70 34 80 31 6 43 69 61 78,tails,regular,3
2026-06-03T11:07:40Z,55,25 9 5 48 24 55 43 3 49 4 14 26 67 13 70 29 28 62 75 56,heads,regular,5
2026-06-03T11:10:20Z,56,14 23 67 2 61 17 50 73 40 31 5 39 78 77 10 1 29 52 35 79,heads,regular,1
2026-06-03T11:13:00Z,57,64 51 28 7 62 8 47 36 32 44 58 50 6 80 65 49 13 48 74 67,tails,minor,2
2026-06-03T11:15:40Z,58,11 53 19 34 50 41 63 16 36 48 40 39 29 55 56 71 10 58 6 42,evens,regular,2
2026-06-03T11:18:20Z,59,9 75 55 19 30 14 21 13 42 78 58 5 68 73 12 18 36 4 17 35,heads,minor,1
2026-06-03T11:21:00Z,60,59 15 2 29 64 20 62 53 33 49 73 48 13 78 31 18 63 57 5 16,evens,major,1
2026-06-03T11:23:40Z,61,54 37 14 39 74 17 12 40 78 11 80 24 56 55 43 79 41 5 57 58,tails,minor,1
2026-06-03T11:26:20Z,62,42 34 24 54 19 77 3 62 45 11 55 59 28 65 79 56 26 8 38 75,tails,regular,2
2026-06-03T11:29:00Z,63,43 2 27 71 16 70 52 60 57 14 40 19 17 44 23 7 1 47 22 36,heads,regular,2
2026-06-03T11:31:40Z,64,51 6 11 47 30 52 76 69 73 67 8 74 35 27 15 64 43 5 62 16,tails,regular,1
2026-06-03T11:34:20Z,65,70 39 37 36 24 54 3 17 38 75 42 12 51 43 77 62 60 79 21 1,evens,regular,3
2026-06-03T11:37:00Z,66,53 44 6 4 29 11 71 76 2 48 60 41 70 43 79 51 56 46 8 38,tails,regular,2
2026-06-03T11:39:40Z,67,7 18 53 69 60 1 39 43 25 3 33 72 73 80 11 14 67 70 79 77,tails,regular,3
2026-06-03T11:42:20Z,68,12 3 17 80 40 27 34 33 38 55 13 58 72 49 37 10 63 46 16 43,heads,major,1
2026-06-03T11:45:00Z,69,72 46 17 40 3 2 15 27 49 5 64 30 57 55 10 9 77 59 54 43,evens,regular,2
2026-06-03T11:47:40Z,70,63 70 32 77 65 30 72 16 1 51 20 66 4 58 13 15 19 25 80 44,evens,regular,3
2026-06-03T11:50:20Z,71,11 34 62 33 56 48 38 45 67 1 50 55 39 20 28 73 59 52 36 2,evens,major,3
2026-06-03T11:53:00Z,72,48 23 59 44 33 18 2 61 28 53 55 32 46 43 11 34 40 50 56 35,evens,regular,2
2026-06-03T11:55:40Z,73,77 36 19 43 75 2 27 44 35 3 58 45 57 6 50 28 20 16 79 67,evens,minor,3
2026-06-03T11:58:20Z,74,59 13 42 73 75 62 79 66 4 71 44 61 60 46 26 11 69 9 70 54,tails,minor,1
2026-06-03T12:01:00Z,75,54 15 64 35 66 71 74 10 14 23 7 20 32 72 69 27 45 39 5 24,heads,minor,2
2026-06-03T12:03:40Z,76,36 23 45 13 6 14 39 35 10 78 70 49 5 11 59 17 26 28 21 38,heads,regular,1
2026-06-03T12:06:20Z,77,64 10 19 50 28 34 56 29 54 41 73 69 32 51 67 57 25 3 80 30,tails,major,3
2026-06-03T12:09:00Z,78,53 66 43 10 35 72 80 14 54 51 2 76 42 27 77 22 18 24 79 6,tails,major,4
2026-06-03T12:11:40Z,79,72 36 4 63 19 75 7 45 8 59 47 31 46 64 3 42 51 58 39 79,tails,major,4
2026-06-03T12:14:20Z,80,64 24 71 22 62 11 72 12 67 45 77 75 28 65 51 16 43 55 47 7,tails,major,1
2026-06-03T12:17:00Z,81,4 21 7 77 65 17 1 11 27 35 53 18 42 2 58 43 14 74 38 68,heads,regular,3
2026-06-03T12:19:40Z,82,13 14 23 18 20 70 42 66 46 4 27 26 34 68 37 2 36 7 41 3,heads,regular,3
2026-06-03T12:22:20Z,83,44 36 29 21 19 27 58 54 5 22 39 7 31 40 18 11 3 13 30 17,heads,regular,3
2026-06-03T12:25:00Z,84,14 41 5 46 58 42 35 79 56 55 21 48 63 62 36 27 76 30 16 8,tails,regular,1
2026-06-03T12:27:40Z,85,66 47 19 70 24 22 76 34 26 41 45 13 65 11 79 29 5 36 78 56,evens,regular,10
2026-06-03T12:30:20Z,86,17 10 4 52 36 63 78 59 51 66 14 54 12 32 29 45 50 80 73 19,tails,minor,2
2026-06-03T12:33:00Z,87,23 76 43 33 8 11 20 51 77 67 12 38 55 79 53 70 59 6 64 69,tails,major,1
2026-06-03T12:35:40Z,88,41 8 4 38 25 12 30 51 65 48 71 15 45 29 2 18 14 23 9 24,heads,regular,10
2026-06-03T12:38:20Z,89,78 50 27 58 39 11 32 70 9 72 36 66 61 6 46 64 25 79 13 18,evens,regular,2
2026-06-03T12:41:00Z,90,10 71 65 12 68 6 61 32 13 25 29 56 14 79 34 37 20 57 39 67,heads,regular,2
2026-06-03T12:43:40Z,91,24 79 45 40 76 8 65 56 71 72 23 35 27 52 48 17 15 69 38 39,evens,regular,1
2026-06-03T12:46:20Z,92,1 68 33 70 77 57 39 25 64 26 79 50 49 74 60 36 10 62 22 59,tails,minor,2
2026-06-03T12:49:00Z,93,45 76 67 18 21 3 53 77 38 41 22 63 28 64 9 69 23 71 54 13,tails,regular,1
2026-06-03T12:51:40Z,94,5 51 43 75 17 21 76 3 68 45 48 70 28 53 2 15 18 20 55 54,tails,major,1
2026-06-03T12:54:20Z,95,62 2 57 71 28 41 43 10 24 49 65 68 8 25 45 64 26 69 51 56,tails,regular,2
2026-06-03T12:57:00Z,96,78 45 57 38 9 23 6 73 27 19 8 68 17 2 56 44 11 79 14 60,heads,regular,2
2026-06-03T12:59:40Z,97,7 2 34 64 66 15 8 49 21 62 13 60 76 55 31 5 77 32 56 46,evens,regular,3
2026-06-03T13:02:20Z,98,71 20 22 1 46 61 36 74 25 30 47 21 39 32 79 24 63 26 51 10,heads,regular,1
2026-06-03T13:05:00Z,99,71 37 57 79 35 15 59 16 31 70 47 2 32 78 23 52 62 77 13 50,tails,regular,2
2026-06-03T13:07:40Z,100,35 80 15 64 31 69 16 79 5 21 14 63 71 12 38 74 77 2 56 51,evens,regular,1
2026-06-03T13:10:20Z,101,8 49 68 16 32 27 63 57 39 36 35 20 31 52 67 29 43 61 45 47,evens,regular,2
2026-06-03T13:13:00Z,102,47 63 32 74 58 80 5 59 18 57 68 72 31 60 71 76 1 79 16 6,tails,minor,1
2026-06-03T13:15:40Z,103,54 64 57 6 61 39 9 80 65 40 74 23 78 28 67 76 32 56 68 8,tails,regular,1
2026-06-03T13:18:20Z,104,45 40 12 19 47 9 53 22 71 34 4 76 74 11 72 31 24 66 55 8,heads,regular,1
2026-06-03T13:21:00Z,105,35 1 16 78 71 33 30 37 10 51 29 13 23 62 42 48 75 6 7 21,heads,minor,5
2026-06-03T13:23:40Z,106,67 26 80 49 3 5 18 20 66 45 73 69 11 74 36 79 76 61 46 21,tails,regular,1
2026-06-03T13:26:20Z,107,21 72 42 51 33 25 54 40 52 79 62 73 6 16 3 38 64 18 74 4,evens,major,1
2026-06-03T13:29:00Z,108,42 76 62 34 73 21 11 45 8 55 44 66 67 25 9 29 5 43 3 79,tails,regular,1
2026-06-03T13:31:40Z,109,53 25 21 62 61 40 35 58 43 9 80 54 73 18 44 4 48 57 15 1,tails,regular,2
2026-06-03T13:34:20Z,110,72 37 11 31 15 39 40 60 1 80 64 42 2 35 73 79 20 30 25 54,heads,regular,2
2026-06-03T13:37:00Z,111,24 75 22 61 19 71 56 64 30 35 9 68 45 39 16 53 66 20 65 51,tails,minor,2
2026-06-03T13:39:40Z,112,36 1 15 80 57 5 44 78 76 18 77 14 21 74 66 24 25 53 28 9,heads,regular,2
2026-06-03T13:42:20Z,113,63 79 54 61 52 11 3 57 59 15 2 8 65 1 21 51 25 68 38 50,tails,regular,1
2026-06-03T13:45:00Z,114,55 52 4 62 71 69 31 72 36 48 12 8 42 33 29 79 75 67 68 30,tails,regular,1
2026-06-03T13:47:40Z,115,6 61 18 29 31 44 78 23 25 30 41 51 48 35 52 68 28 73 59 50,tails,minor,3
2026-06-03T13:50:20Z,116,24 39 77 8 9 52 19 76 6 66 69 46 12 47 63 36 17 62 3 45,evens,regular,2
2026-06-03T13:53:00Z,117,4 75 41 62 61 51 71 30 10 77 73 21 57 67 20 16 19 27 13 66,tails,regular,1
2026-06-03T13:55:40Z,118,35 49 15 5 79 59 80 53 48 61 45 54 27 7 2 75 34 62 73 47,tails,minor,1
2026-06-03T13:58:20Z,119,34 10 65 70 39 44 68 47 58 56 38 55 23 29 3 26 78 53 71 60,tails,regular,10
2026-06-03T14:01:00Z,120,62 55 24 12 70 21 60 68 79 38 35 73 42 71 59 64 10 74 57 15,tails,regular,3
2026-06-03T14:03:40Z,121,28 32 14 78 75 71 26 68 22 56 21 64 31 70 11 35 2 55 33 4,heads,regular,3
2026-06-03T14:06:20Z,122,78 57 45 63 29 32 18 17 7 25 15 28 61 23 77 42 22 76 51 6,heads,minor,4
2026-06-03T14:09:00Z,123,63 57 58 21 20 67 50 70 30 55 79 73 54 1 17 13 65 44 47 77,tails,minor,2
2026-06-03T14:11:40Z,124,30 50 11 60 75 37 51 76 49 79 26 40 65 48 42 1 24 5 77 56,tails,regular,1
2026-06-03T14:14:20Z,125,17 29 33 1 64 49 19 76 65 80 11 47 26 79 23 27 68 48 37 20,heads,regular,2
2026-06-03T14:17:00Z,126,32 40 63 21 61 29 69 11 43 18 26 2 1 46 66 42 34 33 48 51,heads,regular,1
2026-06-03T14:19:40Z,127,46 79 10 37 28 34 55 63 5 51 53 61 14 48 68 17 54 11 1 72,tails,regular,1
2026-06-03T14:22:20Z,128,3 9 37 33 1 60 22 52 54 2 50 38 19 47 53 51 26 36 66 67,heads,regular,3
2026-06-03T14:25:00Z,129,65 44 39 54 26 69 5 4 66 57 20 40 8 23 64 75 10 59 58 18,evens,regular,3
2026-06-03T14:27:40Z,130,74 16 40 58 62 42 32 11 44 68 79 36 18 64 26 49 21 59 25 29,evens,minor,1
2026-06-03T14:30:20Z,131,67 65 50 51 10 56 66 41 57 5 69 55 63 16 7 13 29 73 59 33,tails,regular,2
2026-06-03T14:33:00Z,132,72 1 6 66 8 38 67 55 77 61 34 19 46 35 59 23 25 15 54 37,heads,regular,2
2026-06-03T14:35:40Z,133,6 75 10 4 37 25 7 43 49 12 39 69 70 71 1 52 38 24 59 55,heads,major,1
2026-06-03T14:38:20Z,134,50 66 37 74 57 45 17 63 15 26 71 7 69 20 3 55 47 36 48 53,tails,regular,3
2026-06-03T14:41:00Z,135,52 3 63 18 59 50 15 51 74 24 72 44 28 4 26 61 71 33 5 65,tails,regular,1
2026-06-03T14:43:40Z,136,36 80 39 44 55 79 4 65 18 62 14 51 59 61 47 50 33 3 25 27,tails,regular,1
2026-06-03T14:46:20Z,137,9 17 47 72 53 15 59 14 52 73 39 2 68 50 5 38 21 48 54 30,evens,minor,2
2026-06-03T14:49:00Z,138,1 54 35 9 26 64 2 68 21 11 46 77 50 29 40 20 67 33 12 57,heads,major,1
2026-06-03T14:51:40Z,139,31 62 26 55 4 39 73 46 16 76 1 30 70 66 49 79 8 54 23 61,tails,major,1
2026-06-03T14:54:20Z,140,5 3 43 21 32 37 77 79 62 39 18 4 7 55 57 58 11 38 46 35,heads,minor,5
2026-06-03T14:57:00Z,141,71 35 6 63 61 57 8 58 3 27 23 70 2 68 34 22 72 19 44 74,evens,regular,2
2026-06-03T14:59:40Z,142,60 67 38 49 2 11 19 80 34 30 6 73 58 68 77 43 28 44 4 52,tails,regular,2
2026-06-03T15:02:20Z,143,21 3 61 58 35 32 57 34 22 7 4 36 68 75 76 29 50 37 40 26,heads,regular,2
2026-06-03T15:05:00Z,144,13 28 29 37 52 76 49 30 53 60 44 38 12 51 74 23 26 34 65 10,heads,regular,3
2026-06-03T15:07:40Z,145,35 10 43 8 47 18 22 50 28 56 80 62 51 75 78 61 24 2 36 55,tails,regular,3
2026-06-03T15:10:20Z,146,63 69 6 35 77 29 52 2 72 39 14 40 13 34 23 24 7 79 75 25,heads,regular,1
2026-06-03T15:13:00Z,147,55 33 74 77 62 17 28 57 75 8 42 20 1 54 61 65 10 58 35 68,tails,regular,2
2026-06-03T15:15:40Z,148,39 48 71 35 77 47 2 78 8 31 17 68 15 21 43 72 76 13 69 57,tails,regular,1
2026-06-03T15:18:20Z,149,13 47 39 15 48 43 52 45 44 11 3 53 72 27 58 54 23 40 21 37,evens,minor,3
2026-06-03T15:21:00Z,150,51 14 64 39 3 67 31 71 40 72 24 10 49 79 43 28 11 30 47 21,heads,regular,3
2026-06-03T15:23:40Z,151,64 25 41 73 37 11 7 68 4 43 75 62 57 22 28 59 56 33 6 44,tails,regular,1
2026-06-03T15:26:20Z,152,29 57 25 16 6 46 79 35 47 18 40 2 61 42 56 43 58 11 45 52,tails,regular,1
2026-06-03T15:29:00Z,153,35 80 29 2 17 20 19 21 78 55 3 24 60 62 73 1 71 39 37 79,heads,minor,10
2026-06-03T15:31:40Z,154,58 79 68 63 5 56 53 17 54 27 29 59 30 37 48 43 6 24 41 2,tails,regular,3
2026-06-03T15:34:20Z,155,8 37 44 35 66 60 53 15 31 39 51 20 62 27 69 76 45 30 21 41,evens,major,4
2026-06-03T15:37:00Z,156,46 11 5 34 64 59 43 53 44 61 12 2 19 75 71 56 28 72 17 62,tails,regular,1
2026-06-03T15:39:40Z,157,19 77 31 20 53 51 9 75 78 48 32 57 29 56 33 22 34 21 11 69,heads,regular,2
2026-06-03T15:42:20Z,158,31 21 8 30 75 38 5 66 25 24 51 9 4 46 23 63 65 72 11 57,heads,minor,2
2026-06-03T15:45:00Z,159,10 51 40 3 28 72 54 64 71 8 2 58 78 52 17 26 59 65 14 79,tails,major,4
2026-06-03T15:47:40Z,160,54 59 14 24 64 57 70 13 40 66 39 65 67 75 29 73 79 71 62 7,tails,regular,3
2026-06-03T15:50:20Z,161,66 23 24 42 39 22 37 65 44 51 1 12 49 27 56 75 26 6 15 62,heads,minor,2
2026-06-03T15:53:00Z,162,72 80 12 24 1 34 25 10 56 68 75 43 76 45 47 36 62 3 39 27,evens,minor,1
2026-06-03T15:55:40Z,163,38 28 15 30 52 50 44 45 58 3 17 40 49 55 70 25 67 22 47 16,evens,regular,2
2026-06-03T15:58:20Z,164,57 79 33 54 62 2 51 1 20 4 37 67 44 9 65 25 52 15 11 21,heads,minor,1
2026-06-03T16:01:00Z,165,64 45 51 58 21 70 80 36 67 69 28 57 38 7 30 50 39 35 65 77,tails,regular,1
2026-06-03T16:03:40Z,166,63 73 28 10 1 2 61 67 31 26 57 9 52 34 58 13 59 44 77 29,evens,regular,3
2026-06-03T16:06:20Z,167,65 24 18 52 16 40 19 56 2 66 38 22 29 75 50 61 1 57 44 33,heads,regular,1
2026-06-03T16:09:00Z,168,8 68 21 7 39 11 33 48 65 46 29 27 71 31 20 47 41 74 32 60,heads,regular,1
2026-06-03T16:11:40Z,169,50 30 80 33 63 76 74 56 32 45 58 27 47 71 5 59 78 31 8 48,tails,regular,10
2026-06-03T16:14:20Z,170,72 60 39 26 24 66 2 61 49 78 74 70 69 80 10 40 25 36 9 33,evens,regular,1
2026-06-03T16:17:00Z,171,51 33 73 2 70 65 36 16 45 61 39 53 49 74 52 20 8 80 55 41,tails,regular,1
2026-06-03T16:19:40Z,172,35 56 24 75 66 50 12 68 48 52 5 11 41 58 1 13 46 34 2 45,tails,minor,2
2026-06-03T16:22:20Z,173,4 1 78 14 55 36 70 46 60 31 69 6 76 13 73 43 75 11 80 63,tails,regular,3
2026-06-03T16:25:00Z,174,30 61 1 62 51 44 71 13 25 5 40 74 4 38 27 15 10 22 9 50,heads,regular,2
2026-06-03T16:27:40Z,175,50 20 54 59 46 13 62 74 68 23 45 24 51 63 16 41 6 30 31 49,tails,regular,2
2026-06-03T16:30:20Z,176,63 54 56 73 15 77 18 42 69 5 47 72 67 57 14 16 12 61 25 58,tails,regular,1
2026-06-03T16:33:00Z,177,45 68 28 71 29 59 24 41 46 34 49 61 54 9 38 42 4 7 8 32,evens,regular,2
2026-06-03T16:35:40Z,178,62 28 59 55 12 11 30 23 60 7 52 79 51 44 71 74 80 37 43 2,tails,regular,2
2026-06-03T16:38:20Z,179,42 22 62 24 30 60 35 19 56 53 32 51 33 78 57 37 17 55 27 31,heads,regular,3
2026-06-03T16:41:00Z,180,49 26 18 22 45 7 25 73 37 10 12 76 63 6 78 3 19 41 58 2,heads,regular,3
2026-06-03T16:43:40Z,181,47 58 73 36 17 38 18 55 29 30 44 60 41 43 23 5 15 69 72 19,evens,regular,1
2026-06-03T16:46:20Z,182,68 55 74 18 13 1 16 17 27 69 59 60 62 2 45 28 4 23 22 21,heads,regular,10
2026-06-03T16:49:00Z,183,12 41 23 52 65 40 58 33 36 80 56 9 24 63 38 59 75 13 61 7,evens,regular,2
2026-06-03T16:51:40Z,184,31 67 58 6 79 61 8 42 48 72 17 10 65 36 77 37 40 18 57 12,evens,regular,3
2026-06-03T16:54:20Z,185,65 19 48 17 14 18 36 75 55 77 46 57 24 27 35 1 5 70 34 11,heads,regular,2
2026-06-03T16:57:00Z,186,69 51 70 50 45 37 77 24 8 2 15 66 80 31 61 76 58 21 52 19,tails,regular,1
2026-06-03T16:59:40Z,187,80 31 17 40 10 69 14 18 7 57 37 21 1 42 39 73 16 29 53 38,heads,regular,1
2026-06-03T17:02:20Z,188,66 60 31 24 77 30 48 56 58 79 32 22 14 61 20 28 33 37 6 41,heads,minor,10
2026-06-03T17:05:00Z,189,66 78 77 59 40 21 28 4 35 36 47 11 30 20 23 9 2 56 19 72,heads,regular,1
2026-06-03T17:07:40Z,190,9 18 31 51 63 36 23 57 62 19 58 11 80 25 74 24 7 45 76 54,evens,minor,10
2026-06-03T17:10:20Z,191,15 7 11 8 12 64 5 79 1 48 16 40 39 73 62 29 44 42 69 75,heads,minor,3
2026-06-03T17:13:00Z,192,40 24 76 45 5 42 26 59 2 41 1 19 30 60 32 74 28 68 48 67,evens,minor,3
2026-06-03T17:15:40Z,193,52 58 77 17 70 44 42 79 57 10 49 72 45 18 19 76 41 31 46 53,tails,major,1
2026-06-03T17:18:20Z,194,74 73 34 70 30 13 32 3 45 18 80 26 64 67 40 9 62 23 42 51,evens,minor,3
2026-06-03T17:21:00Z,195,15 2 62 48 20 47 53 21 17 58 38 78 71 22 68 54 16 65 29 5,evens,regular,1
2026-06-03T17:23:40Z,196,13 78 53 64 22 43 39 73 45 66 19 46 30 48 71 80 16 77 63 40,tails,regular,2
2026-06-03T17:26:20Z,197,2 64 59 39 51 60 20 25 76 56 8 21 41 26 57 10 12 52 19 16,heads,regular,2
2026-06-03T17:29:00Z,198,44 61 49 4 10 56 75 1 50 38 21 67 71 72 17 60 46 39 2 62,tails,regular,2
2026-06-03T17:31:40Z,199,1 9 55 30 76 19 37 47 21 26 59 65 12 64 8 32 39 54 20 23,heads,minor,1
2026-06-03T17:34:20Z,200,80 19 30 76 73 42 35 40 54 64 9 72 41 47 58 24 27 29 79 66,tails,regular,1
2026-06-03T17:37:00Z,201,17 22 46 38 43 53 79 4 7 25 13 40 42 61 28 64 6 35 56 49,heads,regular,1
2026-06-03T17:39:40Z,202,40 27 21 8 61 56 23 29 3 60 70 25 24 9 38 65 32 46 31 2,heads,regular,3
2026-06-03T17:42:20Z,203,75 16 15 70 36 50 20 38 30 54 17 2 60 19 12 51 14 33 34 79,heads,major,1
2026-06-03T17:45:00Z,204,5 23 47 16 65 13 74 27 34 33 69 12 25 6 75 64 7 71 63 72,heads,regular,2
2026-06-03T17:47:40Z,205,7 10 53 9 43 45 56 30 39 75 74 16 41 20 51 38 69 22 36 42,evens,regular,2
2026-06-03T17:50:20Z,206,12 72 11 17 68 47 70 60 5 9 16 37 38 46 63 73 80 42 67 66,tails,regular,1
2026-06-03T17:53:00Z,207,19 74 52 10 13 66 70 11 64 36 44 38 58 49 45 8 23 20 18 6,heads,minor,2
2026-06-03T17:55:40Z,208,24 36 79 38 19 3 67 20 72 32 26 4 53 48 56 62 69 10 42 7,heads,major,1
2026-06-03T17:58:20Z,209,78 17 74 31 70 36 19 56 64 71 66 5 57 79 13 16 68 61 73 4,tails,minor,3
2026-06-03T18:01:00Z,210,31 17 23 1 80 13 60 63 78 22 66 7 46 41 64 11 75 18 24 52,evens,regular,1
2026-06-03T18:03:40Z,211,7 64 25 17 22 21 41 14 2 58 59 52 4 27 16 33 78 56 65 72,heads,regular,1
2026-06-03T18:06:20Z,212,68 22 28 38 43 26 77 5 37 80 3 32 48 11 1 13 74 73 60 33,heads,minor,4
2026-06-03T18:09:00Z,213,49 36 29 19 64 42 32 56 9 28 65 18 33 8 24 13 23 40 1 16,heads,regular,3
2026-06-03T18:11:40Z,214,8 55 58 14 2 79 53 7 46 48 31 73 10 69 68 64 23 78 67 74,tails,regular,10
2026-06-03T18:14:20Z,215,2 71 47 62 56 78 50 60 36 18 75 7 38 69 42 66 35 4 9 14,tails,regular,2
2026-06-03T18:17:00Z,216,38 66 21 16 5 4 69 50 10 23 3 51 11 40 2 8 36 46 13 34,heads,regular,1
2026-06-03T18:19:40Z,217,19 12 53 18 27 43 48 62 67 21 71 30 9 15 34 76 68 20 6 64,heads,minor,3
2026-06-03T18:22:20Z,218,36 29 31 55 35 58 20 32 8 67 70 21 59 4 79 50 48 46 14 12,heads,regular,3
2026-06-03T18:25:00Z,219,20 62 37 7 13 29 42 48 56 14 59 65 58 51 16 57 46 4 70 44,tails,regular,2
2026-06-03T18:27:40Z,220,40 72 32 57 10 73 68 8 24 65 79 2 9 56 5 43 26 30 58 23,heads,regular,2
2026-06-03T18:30:20Z,221,67 38 13 50 12 6 39 18 54 19 9 69 78 65 42 7 32 68 11 43,heads,regular,3
2026-06-03T18:33:00Z,222,37 60 36 15 73 49 9 71 35 77 28 57 68 30 79 4 6 65 31 32,heads,regular,4
2026-06-03T18:35:40Z,223,53 11 47 24 50 68 1 17 30 79 62 21 48 25 49 15 46 42 40 7,evens,regular,2
2026-06-03T18:38:20Z,224,35 62 28 19 50 60 64 63 25 58 2 41 74 45 44 10 47 37 70 8,tails,regular,10
2026-06-03T18:41:00Z,225,44 45 48 71 32 78 77 63 62 27 31 3 56 23 55 13 75 29 54 22,tails,regular,1
2026-06-03T18:43:40Z,226,22 36 5 26 34 76 71 56 74 54 28 66 31 60 40 11 77 47 10 3,heads,major,1
2026-06-03T18:46:20Z,227,74 78 56 40 20 1 51 27 61 71 41 75 59 32 49 66 16 62 80 37,tails,regular,2
2026-06-03T18:49:00Z,228,3 26 55 46 74 29 6 34 57 45 47 35 18 41 77 14 36 1 64 33,heads,regular,1
2026-06-03T18:51:40Z,229,62 5 69 1 68 52 4 72 59 74 44 31 18 56 26 7 22 70 43 29,tails,regular,1
2026-06-03T18:54:20Z,230,6 25 33 61 63 72 23 16 29 3 40 49 1 68 10 41 5 44 64 31,heads,regular,10
2026-06-03T18:57:00Z,231,26 48 6 30 17 46 15 35 76 20 1 80 68 74 54 28 45 7 3 36,heads,regular,1
2026-06-03T18:59:40Z,232,6 64 60 73 36 23 55 71 56 77 47 21 52 10 78 79 27 41 72 7,tails,minor,3
2026-06-03T19:02:20Z,233,77 67 64 41 8 44 49 20 50 42 19 6 69 34 4 38 63 62 80 65,tails,regular,1
2026-06-03T19:05:00Z,234,42 5 17 23 58 51 52 34 41 14 71 37 30 13 20 45 40 9 33 67,heads,regular,2
2026-06-03T19:07:40Z,235,10 72 42 54 3 64 44 14 51 69 11 36 6 43 75 60 33 34 19 61,tails,regular,2
2026-06-03T19:10:20Z,236,8 1 61 4 49 77 58 5 9 44 55 50 29 67 3 28 70 75 62 45,tails,regular,1
2026-06-03T19:13:00Z,237,14 41 19 22 42 68 71 15 24 40 51 3 61 32 1 10 38 12 78 72,heads,regular,2
2026-06-03T19:15:40Z,238,36 10 5 53 16 48 30 26 40 61 49 18 11 72 15 28 77 3 76 7,heads,regular,1
2026-06-03T19:18:20Z,239,33 71 48 64 52 68 7 63 69 49 67 76 57 66 53 47 40 43 27 59,tails,regular,1
2026-06-03T19:21:00Z,240,78 28 56 3 10 61 5 74 23 15 64 79 50 53 31 6 66 21 71 32,evens,minor,3
2026-06-03T19:23:40Z,241,37 4 74 78 3 35 69 48 57 24 75 50 59 65 32 31 33 22 5 62,evens,regular,3
2026-06-03T19:26:20Z,242,55 41 73 50 2 71 61 23 48 58 47 17 10 66 5 24 65 28 16 45,tails,minor,10
2026-06-03T19:29:00Z,243,76 35 16 21 57 45 12 10 37 49 53 27 36 48 73 55 64 1 8 23,heads,major,1
2026-06-03T19:31:40Z,244,67 54 44 69 49 57 64 73 18 41 34 23 56 3 15 45 55 40 6 4,tails,regular,2
2026-06-03T19:34:20Z,245,6 53 46 57 60 38 54 18 68 80 59 52 16 48 64 40 47 26 66 63,tails,minor,2
2026-06-03T19:37:00Z,246,11 34 25 41 79 31 71 63 66 1 22 4 77 60 54 64 24 73 72 68,tails,minor,2
2026-06-03T19:39:40Z,247,37 40 68 55 48 54 5 39 3 70 53 80 10 47 50 76 32 66 4 29,tails,regular,1
2026-06-03T19:42:20Z,248,40 16 6 17 27 38 9 45 50 49 70 78 47 64 28 62 67 19 43 24,evens,regular,3
2026-06-03T19:45:00Z,249,46 8 75 10 18 80 58 38 13 1 22 49 9 11 63 30 20 43 42 3,heads,regular,3
2026-06-03T19:47:40Z,250,19 72 29 53 30 10 26 14 48 43 77 6 1 69 42 18 37 79 71 55,evens,regular,3
2026-06-03T19:50:20Z,251,11 50 65 75 44 25 42 31 45 20 17 29 33 38 28 79 30 69 78 22,heads,regular,1
2026-06-03T19:53:00Z,252,33 28 31 26 50 48 79 13 52 65 1 16 68 69 55 56 2 60 73 58,tails,regular,1
2026-06-03T19:55:40Z,253,23 80 70 11 3 69 18 45 25 58 43 36 32 44 33 74 56 6 71 57,tails,regular,1
2026-06-03T19:58:20Z,254,40 80 38 53 45 67 75 43 1 2 37 51 65 7 26 68 76 46 72 12,tails,regular,3
2026-06-03T20:01:00Z,255,15 58 17 42 24 26 22 9 70 3 59 69 23 32 66 29 5 37 65 18,heads,regular,3
2026-06-03T20:03:40Z,256,76 29 61 74 34 64 70 45 41 71 59 78 79 56 33 32 49 44 16 47,tails,major,1
2026-06-03T20:06:20Z,257,62 13 1 78 32 38 71 34 52 54 3 44 19 69 29 43 68 60 75 42,tails,regular,1
2026-06-03T20:09:00Z,258,3 50 52 70 60 57 25 24 8 51 29 65 79 44 55 48 76 39 36 34,tails,regular,1
2026-06-03T20:11:40Z,259,72 41 39 49 30 43 68 4 42 13 35 44 36 76 57 34 69 23 28 21,evens,regular,3
2026-06-03T20:14:20Z,260,64 27 39 43 35 63 69 25 26 3 23 53 77 15 71 22 17 56 19 75,heads,regular,2
2026-06-03T20:17:00Z,261,29 25 70 6 30 10 72 37 28 47 56 79 51 55 43 15 5 36 77 21,heads,regular,1
2026-06-03T20:19:40Z,262,40 72 23 12 9 5 68 49 59 74 76 3 53 38 14 7 25 31 62 22,heads,minor,2
2026-06-03T20:22:20Z,263,37 50 34 42 3 66 47 21 38 8 23 20 40 31 4 35 5 36 7 17,heads,regular,1
2026-06-03T20:25:00Z,264,8 30 17 58 77 29 27 43 2 70 68 12 25 3 34 49 20 22 67 56,heads,regular,1
2026-06-03T20:27:40Z,265,64 14 13 46 63 77 16 59 1 34 12 73 44 21 30 19 27 75 33 8,heads,regular,3
2026-06-03T20:30:20Z,266,18 25 55 31 61 39 16 32 65 3 52 56 14 23 5 29 80 60 37 33,heads,regular,2
2026-06-03T20:33:00Z,267,28 79 21 59 2 42 24 46 75 56 68 32 41 29 48 23 9 13 38 1,heads,regular,2
2026-06-03T20:35:40Z,268,17 21 12 32 7 41 16 34 64 6 61 78 8 42 46 66 70 59 72 36,evens,major,1
2026-06-03T20:38:20Z,269,53 58 77 2 52 36 57 38 48 67 10 23 64 46 43 12 44 5 79 65,tails,regular,1
2026-06-03T20:41:00Z,270,39 8 12 23 25 32 40 51 15 9 38 3 30 67 21 74 79 42 36 60,heads,major,3
2026-06-03T20:43:40Z,271,26 38 76 8 60 20 74 9 21 1 44 7 46 40 67 2 47 69 24 33,heads,regular,3
2026-06-03T20:46:20Z,272,73 61 3 50 55 69 66 47 12 64 35 23 51 77 44 2 13 27 30 74,tails,regular,3
2026-06-03T20:49:00Z,273,79 78 12 1 39 25 67 51 11 36 77 59 27 48 64 54 9 32 60 22,evens,major,4
2026-06-03T20:51:40Z,274,15 38 45 62 51 57 20 67 69 72 42 24 58 6 40 10 21 14 71 27,evens,major,3
2026-06-03T20:54:20Z,275,69 52 80 19 15 67 7 75 29 59 48 73 27 38 10 64 4 32 68 62,tails,minor,2
2026-06-03T20:57:00Z,276,4 55 43 20 44 78 69 15 38 73 14 19 57 50 13 41 53 2 64 28,tails,regular,2
2026-06-03T20:59:40Z,277,59 62 56 17 64 1 40 73 39 43 26 48 10 27 11 65 72 19 38 12,heads,regular,5
2026-06-03T21:02:20Z,278,55 31 44 42 66 53 1 71 46 36 11 10 43 16 62 59 38 6 48 7,tails,minor,3
2026-06-03T21:05:00Z,279,6 63 57 61 5 42 9 60 43 68 67 37 55 38 22 41 2 75 59 4,tails,minor,2
2026-06-03T21:07:40Z,280,59 69 13 65 8 50 47 35 64 12 72 67 23 24 78 53 70 7 3 10,tails,minor,3
2026-06-03T21:10:20Z,281,39 52 12 64 41 42 11 6 59 29 25 44 27 45 16 22 14 63 58 55,evens,minor,2
2026-06-03T21:13:00Z,282,27 40 52 26 1 20 9 43 37 68 74 45 79 50 19 18 31 66 6 39,heads,regular,3
2026-06-03T21:15:40Z,283,8 79 48 4 15 18 56 44 70 7 74 72 45 49 66 64 53 54 35 16,tails,minor,1
2026-06-03T21:18:20Z,284,71 40 35 36 63 62 56 30 7 61 4 65 25 12 3 67 70 45 79 59,tails,major,1
2026-06-03T21:21:00Z,285,24 69 63 44 61 9 39 76 70 1 53 59 48 25 21 57 50 43 37 74,tails,regular,1
2026-06-03T21:23:40Z,286,47 11 60 58 6 72 21 18 43 80 54 70 40 25 31 75 9 56 14 13,evens,regular,2
2026-06-03T21:26:20Z,287,46 33 67 43 35 68 44 60 23 30 49 45 36 54 42 26 2 50 73 48,tails,minor,1
2026-06-03T21:29:00Z,288,43 59 30 45 68 76 56 40 26 66 74 27 36 46 69 52 15 41 11 64,tails,regular,1
2026-06-03T21:31:40Z,289,40 39 49 22 2 16 47 35 25 56 24 30 23 67 19 63 6 15 73 78,heads,regular,3
2026-06-03T21:34:20Z,290,48 28 66 62 52 59 40 72 73 16 54 41 9 49 34 18 24 45 11 57,tails,regular,1
2026-06-03T21:37:00Z,291,19 58 12 33 36 56 23 5 50 9 78 35 46 66 44 21 45 79 2 8,heads,major,1
2026-06-03T21:39:40Z,292,17 5 13 49 25 43 15 53 52 39 63 60 37 56 33 50 69 77 64 24,tails,minor,2
2026-06-03T21:42:20Z,293,57 75 43 65 24 9 18 33 12 20 73 40 34 69 25 77 1 29 14 15,heads,regular,1
2026-06-03T21:45:00Z,294,25 4 64 57 32 42 15 45 17 62 6 60 18 76 14 23 61 49 19 10,heads,regular,5
2026-06-03T21:47:40Z,295,23 77 52 32 12 20 8 57 58 66 1 54 7 33 75 10 39 79 21 51,heads,regular,2
2026-06-03T21:50:20Z,296,61 47 25 28 19 9 7 71 12 5 21 14 41 27 75 26 20 36 13 72,heads,regular,3
2026-06-03T21:53:00Z,297,74 56 79 2 14 80 40 62 8 11 43 69 67 15 25 31 54 59 32 12,evens,regular,3
2026-06-03T21:55:40Z,298,41 60 31 16 79 39 54 14 11 22 69 50 12 5 45 51 72 29 4 19,heads,regular,1
2026-06-03T21:58:20Z,299,44 38 25 72 79 24 40 22 70 43 5 58 47 19 71 41 56 51 36 13,tails,regular,1
2026-06-03T22:01:00Z,300,54 59 75 73 11 26 16 6 43 47 12 18 53 50 9 51 32 45 64 79,tails,minor,10
2026-06-03T22:03:40Z,301,5 48 14 41 15 32 79 33 6 7 55 54 28 26 13 16 25 22 40 27,heads,regular,3
2026-06-03T22:06:20Z,302,61 1 77 33 51 54 59 72 29 4 69 34 6 9 55 73 24 45 20 64,tails,regular,2
2026-06-03T22:09:00Z,303,51 40 34 79 49 68 6 64 9 26 33 52 42 8 5 27 22 58 15 1,heads,regular,3
2026-06-03T22:11:40Z,304,42 17 37 71 39 53 26 34 25 2 20 55 14 57 80 33 79 74 70 8,heads,regular,2
2026-06-03T22:14:20Z,305,31 63 64 19 50 72 21 10 11 77 54 24 58 20 12 5 32 36 43 62,heads,major,2
2026-06-03T22:17:00Z,306,47 74 45 66 30 48 29 18 46 4 59 5 22 34 42 31 24 1 52 2,heads,minor,3
2026-06-03T22:19:40Z,307,18 74 23 33 12 19 11 80 6 40 76 39 72 30 64 36 59 5 4 45,heads,major,1
2026-06-03T22:22:20Z,308,10 11 7 51 80 49 57 37 75 58 53 38 5 67 64 56 2 46 12 74,tails,regular,1
2026-06-03T22:25:00Z,309,12 27 70 8 53 60 22 3 47 38 46 65 24 20 54 48 72 41 69 1,tails,regular,2
2026-06-03T22:27:40Z,310,56 73 1 74 80 29 33 61 45 10 4 25 26 48 36 66 14 43 19 55,evens,regular,2
2026-06-03T22:30:20Z,311,2 42 30 63 57 67 53 29 59 38 52 60 41 7 65 58 73 5 44 40,tails,regular,2
2026-06-03T22:33:00Z,312,54 53 23 66 32 48 12 56 31 58 77 55 10 26 35 11 80 43 21 64,tails,regular,1
2026-06-03T22:35:40Z,313,34 56 74 6 8 9 1 80 3 65 73 38 25 66 12 24 53 46 55 57,evens,major,1
2026-06-03T22:38:20Z,314,74 50 10 79 57 43 59 2 52 80 45 32 29 44 31 46 56 26 15 66,tails,regular,2
2026-06-03T22:41:00Z,315,75 22 77 49 68 60 26 19 38 46 3 69 54 41 42 62 32 7 29 24,tails,regular,2
2026-06-03T22:43:40Z,316,55 40 43 13 27 11 47 9 22 80 37 56 42 8 79 14 36 73 7 21,heads,regular,3
2026-06-03T22:46:20Z,317,43 62 48 77 56 79 73 6 72 41 33 27 54 8 42 28 30 7 10 25,tails,regular,3
2026-06-03T22:49:00Z,318,39 8 79 24 57 10 63 14 61 11 67 76 33 53 35 23 50 37 48 22,heads,regular,2
2026-06-03T22:51:40Z,319,73 4 49 53 36 12 33 20 14 5 35 3 39 11 51 1 44 59 71 13,heads,regular,1
2026-06-03T22:54:20Z,320,7 14 49 68 43 16 63 27 72 62 39 8 32 56 1 38 46 29 50 2,heads,major,1
2026-06-03T22:57:00Z,321,17 33 72 50 4 60 15 21 20 69 61 45 47 51 30 64 6 76 27 43,tails,minor,2
2026-06-03T22:59:40Z,322,66 45 77 3 33 46 27 28 40 71 78 57 35 54 10 22 7 31 24 4,heads,regular,4
2026-06-03T23:02:20Z,323,53 80 28 34 17 65 48 13 54 33 58 70 19 47 11 61 66 67 74 78,tails,minor,2
2026-06-03T23:05:00Z,324,6 40 50 45 1 44 34 75 38 55 59 53 61 24 3 5 36 51 66 70,tails,regular,3
2026-06-03T23:07:40Z,325,66 17 4 16 76 12 52 55 22 44 72 27 8 18 79 33 74 78 75 42,tails,regular,3
2026-06-03T23:10:20Z,326,20 17 1 28 33 67 29 78 26 73 79 61 40 50 47 19 10 15 39 48,heads,regular,2
2026-06-03T23:13:00Z,327,65 36 16 19 20 67 39 73 80 71 43 25 49 77 15 55 21 9 58 40,evens,regular,2
2026-06-03T23:15:40Z,328,7 31 17 55 56 14 30 61 73 15 57 77 65 10 22 6 38 47 39 26,heads,major,1
2026-06-03T23:18:20Z,329,53 1 4 22 75 72 13 43 49 76 39 56 46 79 60 64 50 41 15 44,tails,regular,1
2026-06-03T23:21:00Z,330,14 30 17 5 37 7 22 76 40 18 60 50 44 27 77 57 63 1 13 12,heads,regular,3
2026-06-03T23:23:40Z,331,3 11 30 25 24 46 7 39 77 6 57 43 41 70 27 38 75 37 55 76,heads,minor,3
2026-06-03T23:26:20Z,332,14 74 61 59 58 52 49 27 11 5 53 77 21 75 41 2 35 45 15 60,tails,regular,1
2026-06-03T23:29:00Z,333,39 14 64 36 30 58 21 6 65 26 42 59 23 51 27 47 62 74 60 70,tails,minor,1
2026-06-03T23:31:40Z,334,75 62 48 43 8 65 26 41 58 50 57 5 30 66 1 49 20 17 39 29,tails,regular,1
2026-06-03T23:34:20Z,335,14 56 26 13 3 65 39 70 73 10 29 63 51 44 8 80 2 40 52 49,evens,minor,3
2026-06-03T23:37:00Z,336,45 38 2 41 6 29 12 15 47 58 10 63 19 39 66 23 42 68 55 70,evens,minor,3
2026-06-03T23:39:40Z,337,79 46 54 35 14 58 75 67 69 66 25 6 1 26 64 68 10 21 62 56,tails,regular,1
2026-06-03T23:42:20Z,338,49 10 61 4 46 11 42 74 63 24 51 72 79 40 3 27 56 37 58 2,tails,major,3
2026-06-03T23:45:00Z,339,75 14 80 20 2 39 36 49 58 27 24 1 11 63 9 7 44 41 26 59,heads,minor,2
2026-06-03T23:47:40Z,340,38 1 12 67 75 4 73 40 58 34 15 20 26 18 54 16 46 32 31 8,heads,regular,2
2026-06-03T23:50:20Z,341,1 40 23 55 64 4 27 41 77 54 15 78 8 21 76 58 10 48 42 38,evens,regular,2
2026-06-03T23:53:00Z,342,80 67 15 56 71 64 69 7 12 2 16 60 24 21 6 52 10 17 3 25,heads,regular,1
2026-06-03T23:55:40Z,343,36 22 6 76 25 58 80 79 14 15 31 65 64 67 19 69 56 46 18 43,tails,minor,2
2026-06-03T23:58:20Z,344,11 56 30 21 24 32 44 33 18 45 51 70 5 25 72 71 54 62 58 61,tails,regular,2
2026-06-04T00:01:00Z,345,42 5 38 50 3 29 26 55 41 19 36 10 47 27 49 35 8 24 30 70,heads,regular,2
2026-06-04T00:03:40Z,346,28 9 68 23 8 73 26 62 15 67 12 50 41 72 16 10 77 14 61 54,evens,regular,1
2026-06-04T00:06:20Z,347,62 56 42 2 40 44 59 57 37 21 78 72 29 52 71 1 58 27 75 65,tails,regular,2
2026-06-04T00:09:00Z,348,28 20 59 55 16 21 40 49 39 63 73 18 47 66 79 61 80 1 22 54,tails,regular,3
2026-06-04T00:11:40Z,349,1 52 33 32 49 8 23 36 53 58 7 59 55 28 63 5 72 67 25 27,heads,regular,2
2026-06-04T00:14:20Z,350,22 30 59 36 80 57 10 53 42 65 48 44 25 29 38 52 19 62 2 35,evens,minor,1
2026-06-04T00:17:00Z,351,72 1 41 54 3 67 49 76 8 11 42 32 12 50 46 40 17 68 5 9,evens,minor,2
2026-06-04T00:19:40Z,352,20 47 69 59 24 50 15 72 45 25 68 5 3 21 26 56 39 8 9 70,heads,regular,2
2026-06-04T00:22:20Z,353,11 27 80 37 38 26 22 41 35 40 72 52 51 10 61 49 70 1 30 19,heads,minor,4
2026-06-04T00:25:00Z,354,37 80 59 51 57 27 10 32 2 5 48 29 62 46 6 24 3 68 42 44,evens,regular,1
2026-06-04T00:27:40Z,355,70 36 78 34 58 5 59 11 40 8 77 1 54 19 60 72 21 48 53 4,evens,minor,1
2026-06-04T00:30:20Z,356,55 17 64 54 36 73 68 26 58 19 4 39 60 32 51 49 46 72 18 80,tails,regular,5
2026-06-04T00:33:00Z,357,21 16 79 9 45 18 5 59 66 67 4 78 50 77 13 30 1 69 48 43,tails,regular,2
2026-06-04T00:35:40Z,358,7 48 51 36 62 37 35 78 57 38 49 13 26 40 12 79 27 30 23 10,heads,regular,4
2026-06-04T00:38:20Z,359,46 58 61 35 66 22 78 31 45 73 32 23 62 10 68 11 77 48 9 33,tails,regular,1
2026-06-04T00:41:00Z,360,24 70 33 49 66 56 73 72 79 54 21 45 55 3 35 41 2 23 8 59,tails,minor,2
2026-06-04T00:43:40Z,361,34 70 65 10 79 38 57 59 26 18 1 12 32 45 14 77 37 23 41 13,heads,minor,1
2026-06-04T00:46:20Z,362,73 25 32 37 33 48 35 6 27 76 11 12 61 65 31 42 18 15 10 19,heads,minor,1
2026-06-04T00:49:00Z,363,56 17 19 69 14 12 41 77 9 49 22 71 59 25 48 74 38 63 30 26,evens,regular,2
2026-06-04T00:51:40Z,364,44 80 33 46 22 19 32 73 79 34 54 55 17 27 4 75 13 36 57 76,evens,regular,3
2026-06-04T00:54:20Z,365,27 14 25 11 58 79 53 15 24 1 34 13 17 76 2 46 68 55 33 28,heads,minor,3
2026-06-04T00:57:00Z,366,7 71 14 74 29 43 53 41 36 35 17 69 67 61 40 16 26 31 60 33,heads,minor,10
2026-06-04T00:59:40Z,367,3 24 80 77 9 55 65 25 46 23 36 79 62 40 31 53 1 49 73 76,tails,minor,1
2026-06-04T01:02:20Z,368,72 17 57 76 4 6 67 46 22 28 14 71 23 75 55 40 7 73 32 70,evens,regular,1
2026-06-04T01:05:00Z,369,8 46 45 31 61 64 23 35 17 75 62 56 14 60 16 1 20 36 34 6,heads,regular,1
2026-06-04T01:07:40Z,370,16 67 56 53 19 5 6 42 59 43 58 20 18 32 80 21 41 47 45 8,tails,regular,1
2026-06-04T01:10:20Z,371,41 13 28 18 51 49 56 53 65 36 60 75 67 4 2 31 40 27 44 72,tails,minor,1
2026-06-04T01:13:00Z,372,60 42 79 46 5 62 11 69 16 34 68 9 37 73 36 26 77 65 18 72,tails,regular,1
2026-06-04T01:15:40Z,373,13 22 80 29 40 73 4 53 20 28 61 75 62 66 70 1 64 71 57 18,tails,minor,1
2026-06-04T01:18:20Z,374,71 23 58 24 6 22 35 62 29 3 42 66 56 37 46 49 32 17 72 11,heads,regular,3
2026-06-04T01:21:00Z,375,76 22 28 71 1 53 37 16 25 49 72 48 42 55 38 20 78 11 75 59,tails,regular,3
2026-06-04T01:23:40Z,376,26 59 27 12 9 54 17 4 37 40 60 41 20 8 36 45 10 24 3 56,heads,regular,2
2026-06-04T01:26:20Z,377,58 12 33 57 38 43 29 11 76 28 1 23 71 40 75 34 73 39 36 9,heads,regular,1
2026-06-04T01:29:00Z,378,27 19 20 5 67 25 45 60 47 11 14 35 40 68 58 29 31 26 13 65,heads,regular,5
2026-06-04T01:31:40Z,379,65 30 48 19 69 6 34 68 8 79 54 28 22 3 56 42 37 76 21 71,evens,regular,2
2026-06-04T01:34:20Z,380,23 51 29 43 26 66 37 57 60 80 20 25 34 18 44 22 19 47 58 67,evens,minor,3
2026-06-04T01:37:00Z,381,19 59 78 47 9 67 74 25 29 39 80 66 75 26 68 24 46 71 62 64,tails,regular,3
2026-06-04T01:39:40Z,382,62 35 22 34 71 17 52 18 43 42 33 45 77 36 76 60 70 1 75 79,tails,regular,2
2026-06-04T01:42:20Z,383,74 48 40 59 67 51 18 34 20 27 6 43 78 47 44 62 57 76 5 60,tails,minor,3
2026-06-04T01:45:00Z,384,53 50 74 69 43 56 35 57 8 24 29 17 71 37 59 62 34 39 25 65,tails,minor,1
2026-06-04T01:47:40Z,385,22 25 57 33 10 70 76 68 67 39 32 21 40 5 65 29 17 1 27 66,heads,regular,3
2026-06-04T01:50:20Z,386,47 72 71 53 43 54 38 18 65 26 46 24 52 3 16 63 68 20 5 28,tails,regular,1
2026-06-04T01:53:00Z,387,54 12 77 34 61 1 27 71 45 63 62 69 11 53 4 42 29 75 20 28,tails,regular,4
2026-06-04T01:55:40Z,388,46 76 60 50 10 43 69 45 59 20 73 66 12 55 39 18 68 31 8 78,tails,regular,1
2026-06-04T01:58:20Z,389,41 36 55 49 21 24 20 8 69 45 67 4 75 26 25 1 23 7 56 35,heads,regular,2
2026-06-04T02:01:00Z,390,15 79 1 52 72 60 48 8 27 53 24 30 22 55 42 59 58 37 71 13,tails,minor,3
2026-06-04T02:03:40Z,391,33 1 15 29 66 68 52 24 10 19 49 43 67 38 80 37 3 77 57 36,heads,regular,3
2026-06-04T02:06:20Z,392,45 5 69 57 22 39 21 58 55 18 42 64 44 9 74 53 56 11 37 16,tails,regular,2
2026-06-04T02:09:00Z,393,13 19 67 44 57 48 14 55 35 77 9 47 79 29 17 33 38 76 24 10,heads,regular,2
2026-06-04T02:11:40Z,394,14 69 37 56 23 47 77 3 49 54 52 68 70 35 4 53 51 15 12 73,tails,regular,4
2026-06-04T02:14:20Z,395,11 41 70 69 12 25 13 55 67 34 9 14 21 60 40 36 49 2 27 20,heads,regular,3
2026-06-04T02:17:00Z,396,51 5 3 27 21 55 40 56 8 63 41 4 52 1 76 59 43 72 58 39,tails,regular,3
2026-06-04T02:19:40Z,397,57 19 3 45 47 35 55 44 46 24 33 64 68 80 39 1 75 38 71 72,tails,minor,3
2026-06-04T02:22:20Z,398,32 71 39 73 53 24 72 25 57 1 33 49 52 16 3 13 45 59 34 41,evens,regular,1
2026-06-04T02:25:00Z,399,15 16 21 31 41 11 3 44 76 51 27 69 78 42 20 52 29 19 26 60,heads,regular,2
2026-06-04T02:27:40Z,400,34 10 4 73 43 44 80 9 25 53 2 5 78 64 24 33 23 17 74 77,heads,minor,4
2026-06-04T02:30:20Z,401,36 27 59 31 37 53 38 50 74 23 65 30 64 42 76 26 44 68 51 56,tails,regular,3
2026-06-04T02:33:00Z,402,47 76 74 12 71 49 64 6 1 33 73 20 75 42 17 68 44 39 65 23,tails,regular,1
2026-06-04T02:35:40Z,403,9 19 24 2 67 47 12 69 18 57 34 32 22 44 42 46 29 7 20 55,heads,minor,1
2026-06-04T02:38:20Z,404,23 76 61 26 43 75 66 46 57 14 71 78 11 27 4 72 58 24 73 29,tails,minor,1
2026-06-04T02:41:00Z,405,10 41 27 36 57 35 45 23 50 64 58 16 44 24 55 46 28 15 38 18,heads,minor,1
2026-06-04T02:43:40Z,406,46 10 51 3 22 32 53 68 64 8 75 60 48 80 26 23 79 24 54 20,tails,regular,2
2026-06-04T02:46:20Z,407,52 22 33 4 37 44 47 35 80 2 16 51 36 17 26 20 32 40 55 19,heads,regular,2
2026-06-04T02:49:00Z,408,36 9 80 38 25 42 26 62 40 47 30 45 49 60 51 76 4 1 16 19,heads,regular,3
2026-06-04T02:51:40Z,409,78 45 37 76 4 58 44 31 15 73 29 53 3 72 8 77 5 32 20 52,evens,regular,1
2026-06-04T02:54:20Z,410,5 80 25 4 36 35 76 24 33 75 47 39 70 51 7 59 10 14 71 30,heads,regular,2
2026-06-04T02:57:00Z,411,44 30 34 43 61 62 2 40 31 19 72 27 13 73 46 49 65 32 70 64,tails,minor,1
2026-06-04T02:59:40Z,412,9 10 58 71 3 70 55 45 12 24 22 63 20 69 30 18 33 50 5 72,heads,minor,3
2026-06-04T03:02:20Z,413,55 53 26 3 70 21 59 69 15 60 10 68 29 14 56 50 40 46 27 51,tails,regular,2
2026-06-04T03:05:00Z,414,1 48 29 50 80 57 14 38 40 51 71 77 24 23 20 46 32 62 78 19,evens,regular,2
2026-06-04T03:07:40Z,415,79 6 70 59 4 49 22 17 1 33 42 45 74 52 78 62 80 71 29 57,tails,regular,2
2026-06-04T03:10:20Z,416,54 61 29 62 44 56 39 63 75 52 5 64 66 20 23 10 24 9 55 15,tails,minor,3
2026-06-04T03:13:00Z,417,80 10 62 23 33 19 42 13 28 54 38 72 73 11 1 16 75 39 47 2,heads,regular,2
2026-06-04T03:15:40Z,418,6 74 26 20 53 24 36 25 19 49 18 43 32 9 71 44 39 56 61 22,heads,minor,5
2026-06-04T03:18:20Z,419,49 43 7 11 73 61 31 45 72 68 10 6 8 47 77 14 18 39 66 58,tails,regular,2
2026-06-04T03:21:00Z,420,77 45 20 24 16 40 37 51 13 57 21 63 6 54 26 33 53 48 10 28,heads,major,1
2026-06-04T03:23:40Z,421,7 24 45 76 72 63 68 34 74 48 77 66 64 55 59 46 25 35 11 19,tails,regular,2
2026-06-04T03:26:20Z,422,53 6 79 74 80 40 70 11 37 33 4 69 31 2 17 27 71 59 72 57,evens,minor,1
2026-06-04T03:29:00Z,423,59 6 33 27 55 79 37 40 10 49 44 3 12 52 58 62 23 63 30 14,heads,regular,3
2026-06-04T03:31:40Z,424,55 26 79 62 44 58 41 22 70 4 24 37 32 80 43 15 9 10 66 76,tails,minor,1
2026-06-04T03:34:20Z,425,68 19 18 53 2 44 58 48 16 78 57 29 45 37 23 52 51 21 12 43,tails,regular,3
2026-06-04T03:37:00Z,426,64 58 42 24 75 78 39 27 63 69 13 4 53 67 11 25 79 5 77 2,tails,regular,2
2026-06-04T03:39:40Z,427,2 47 28 15 19 29 8 6 63 31 48 70 7 79 57 66 22 3 43 45,heads,minor,5
2026-06-04T03:42:20Z,428,10 19 79 80 73 65 45 35 50 66 62 20 14 17 78 49 61 29 5 69,tails,regular,1
2026-06-04T03:45:00Z,429,61 37 40 69 63 34 73 14 48 36 78 4 8 42 26 31 24 18 41 56,heads,regular,2
2026-06-04T03:47:40Z,430,60 16 78 70 79 12 19 47 17 1 37 69 80 11 48 35 24 52 25 22,heads,minor,1
2026-06-04T03:50:20Z,431,45 32 54 2 77 17 69 31 51 1 30 75 18 70 42 41 67 64 28 12,tails,minor,3
2026-06-04T03:53:00Z,432,34 66 64 19 14 15 59 20 56 4 49 48 63 36 40 42 72 24 43 27,evens,regular,2
2026-06-04T03:55:40Z,433,19 73 62 43 50 72 35 46 8 15 31 32 21 63 38 57 77 14 66 25,evens,minor,1
2026-06-04T03:58:20Z,434,65 48 74 55 59 32 63 75 11 28 45 42 36 64 26 18 47 39 68 54,tails,minor,1
2026-06-04T04:01:00Z,435,79 61 62 47 12 63 33 78 60 30 20 48 39 59 58 3 76 16 44 77,tails,regular,1
2026-06-04T04:03:40Z,436,32 72 76 8 2 39 9 48 44 65 21 11 35 22 68 40 50 14 49 43,heads,minor,3
2026-06-04T04:06:20Z,437,77 1 28 46 36 61 65 8 75 25 45 39 57 49 16 62 38 34 59 52,tails,regular,1
2026-06-04T04:09:00Z,438,70 7 63 8 2 5 68 51 10 21 59 34 64 53 41 37 6 12 61 27,heads,regular,5
2026-06-04T04:11:40Z,439,33 14 75 7 68 20 51 58 66 80 37 46 5 63 57 6 4 45 53 74,tails,regular,4
2026-06-04T04:14:20Z,440,18 36 19 75 15 41 28 47 52 24 79 60 54 37 30 40 32 45 16 42,heads,minor,4
2026-06-04T04:17:00Z,441,13 16 61 49 8 54 56 73 37 62 28 60 70 18 77 27 50 43 67 32,tails,regular,1
2026-06-04T04:19:40Z,442,3 53 63 70 68 54 66 78 25 35 30 41 8 42 46 37 38 32 57 9,tails,regular,1
2026-06-04T04:22:20Z,443,7 16 10 63 36 19 50 78 39 20 44 23 25 64 68 54 2 66 29 3,heads,regular,3
2026-06-04T04:25:00Z,444,25 46 26 53 16 59 58 19 49 80 35 65 10 75 38 31 32 47 24 60,evens,major,4
2026-06-04T04:27:40Z,445,41 58 59 42 7 44 16 23 80 76 39 48 24 2 61 31 40 55 79 62,tails,regular,1
2026-06-04T04:30:20Z,446,6 55 50 44 51 79 42 57 48 45 38 1 77 64 63 52 10 35 70 80,tails,regular,1
2026-06-04T04:33:00Z,447,37 8 13 38 39 23 73 33 30 16 68 7 35 40 47 48 53 52 62 75,heads,regular,1
2026-06-04T04:35:40Z,448,18 49 80 2 48 33 39 36 50 59 67 73 57 16 34 35 9 40 75 71,evens,regular,3
2026-06-04T04:38:20Z,449,13 60 30 41 21 69 72 66 14 78 53 67 73 59 32 37 74 61 64 46,tails,regular,3
2026-06-04T04:41:00Z,450,26 18 53 61 30 54 57 64 6 28 10 77 31 8 41 36 60 79 63 47,tails,regular,2
2026-06-04T04:43:40Z,451,21 73 33 13 74 36 8 7 31 76 18 26 51 72 25 65 69 42 17 4,heads,regular,3
2026-06-04T04:46:20Z,452,24 30 12 14 17 19 50 53 21 76 51 7 40 67 56 79 44 37 73 1,heads,regular,2
2026-06-04T04:49:00Z,453,72 33 48 54 7 69 40 4 39 30 20 23 9 41 80 42 79 55 56 62,tails,regular,3
2026-06-04T04:51:40Z,454,29 58 63 74 55 53 10 37 15 40 70 11 62 1 65 73 17 26 39 49,evens,minor,1
2026-06-04T04:54:20Z,455,39 25 61 14 22 57 4 64 20 2 78 17 72 30 79 66 19 42 12 48,heads,regular,2
2026-06-04T04:57:00Z,456,71 47 41 54 55 76 56 8 32 73 21 4 10 18 43 39 45 48 51 80,tails,major,3
2026-06-04T04:59:40Z,457,3 10 72 56 65 68 30 51 28 62 77 16 48 74 27 54 7 47 76 24,tails,minor,1
2026-06-04T05:02:20Z,458,76 44 23 78 36 49 39 48 27 42 9 71 51 60 6 17 20 16 68 47,tails,major,1
2026-06-04T05:05:00Z,459,63 48 79 59 29 12 58 11 41 45 32 66 73 50 35 38 24 56 30 34,tails,regular,1
2026-06-04T05:07:40Z,460,17 15 64 55 48 52 44 71 27 18 76 43 24 54 51 1 13 41 8 28,tails,regular,3
2026-06-04T05:10:20Z,461,46 72 43 20 34 9 75 5 35 23 28 41 33 38 4 13 10 66 32 74,heads,major,2
2026-06-04T05:13:00Z,462,33 23 68 56 37 11 70 47 71 53 42 3 22 9 17 69 13 20 10 74,heads,minor,3
2026-06-04T05:15:40Z,463,38 56 16 79 73 6 3 18 45 31 77 2 4 20 58 43 28 80 22 76,heads,regular,2
2026-06-04T05:18:20Z,464,43 44 5 74 10 35 57 47 70 15 73 71 60 78 9 25 77 37 26 53,tails,regular,1
2026-06-04T05:21:00Z,465,1 10 27 62 68 16 35 47 15 45 19 69 39 22 28 29 14 30 50 44,heads,regular,3
2026-06-04T05:23:40Z,466,28 40 55 48 60 27 56 36 64 19 38 53 7 13 3 26 44 20 73 16,heads,regular,3
2026-06-04T05:26:20Z,467,57 49 43 29 32 46 11 60 9 47 45 10 17 50 3 41 52 33 62 61,tails,regular,3
2026-06-04T05:29:00Z,468,52 78 73 17 38 27 75 64 18 22 61 21 5 46 59 34 9 16 25 65,heads,minor,10
2026-06-04T05:31:40Z,469,41 8 1 13 19 79 80 5 22 29 4 72 24 14 61 10 43 66 65 46,heads,regular,2
2026-06-04T05:34:20Z,470,49 30 79 77 39 36 58 29 65 28 62 24 3 70 8 55 74 38 75 41,tails,minor,2
2026-06-04T05:37:00Z,471,66 70 25 64 39 20 41 65 24 2 12 31 51 56 53 43 60 29 36 57,tails,minor,2
2026-06-04T05:39:40Z,472,8 46 3 4 28 11 7 38 57 69 62 10 20 65 75 12 66 14 34 59,heads,minor,5
2026-06-04T05:42:20Z,473,58 37 5 20 22 64 42 18 35 39 7 29 59 40 78 47 19 17 62 79,heads,regular,2
2026-06-04T05:45:00Z,474,37 13 80 9 61 68 16 5 45 42 48 75 10 46 31 12 28 55 50 32,evens,minor,3
2026-06-04T05:47:40Z,475,5 6 45 19 1 14 77 53 36 48 67 78 68 72 69 71 61 52 11 32,tails,regular,2
2026-06-04T05:50:20Z,476,49 11 19 53 14 67 68 35 28 71 75 60 77 57 65 54 80 42 45 24,tails,minor,1
2026-06-04T05:53:00Z,477,42 6 47 11 56 13 54 75 46 51 77 21 76 45 12 31 67 8 40 78,tails,minor,3
2026-06-04T05:55:40Z,478,60 61 12 9 32 58 21 24 59 79 53 66 27 42 37 77 67 68 41 2,tails,minor,1
2026-06-04T05:58:20Z,479,16 48 65 45 3 7 1 17 67 75 41 58 74 43 38 78 57 73 79 64,tails,minor,1
2026-06-04T06:01:00Z,480,80 59 73 58 43 50 56 64 55 13 79 4 9 38 11 66 3 19 75 69,tails,regular,3
2026-06-04T06:03:40Z,481,66 74 58 41 44 33 22 40 4 16 34 55 32 50 67 48 35 10 13 52,evens,regular,3
2026-06-04T06:06:20Z,482,69 8 73 11 66 25 59 31 61 57 41 23 9 3 15 19 1 22 13 7,heads,minor,1
2026-06-04T06:09:00Z,483,68 36 21 44 7 47 53 30 2 16 13 26 58 3 74 77 32 48 33 46,heads,regular,2
2026-06-04T06:11:40Z,484,70 66 16 44 55 56 22 69 12 61 20 36 43 8 58 80 57 23 79 53,tails,minor,1
2026-06-04T06:14:20Z,485,6 64 32 45 14 7 33 36 1 26 73 67 5 19 46 2 49 15 71 53,heads,minor,1
2026-06-04T06:17:00Z,486,7 65 21 58 29 34 3 4 48 68 6 26 64 44 36 28 57 75 9 40,heads,major,1
2026-06-04T06:19:40Z,487,15 16 44 42 72 47 28 40 69 79 38 33 10 58 13 75 78 36 18 51,evens,regular,4
2026-06-04T06:22:20Z,488,36 80 67 74 45 9 19 22 65 35 7 79 6 71 51 58 54 50 26 3,tails,regular,3
2026-06-04T06:25:00Z,489,80 50 18 78 58 16 62 5 75 52 39 11 41 40 31 74 13 19 48 55,tails,minor,2
2026-06-04T06:27:40Z,490,36 39 52 34 68 56 78 75 73 8 19 80 54 55 15 46 61 26 9 25,tails,regular,1
2026-06-04T06:30:20Z,491,32 42 10 22 68 63 51 70 6 76 49 46 9 45 11 35 80 13 38 18,evens,minor,2
2026-06-04T06:33:00Z,492,75 19 12 45 66 56 61 22 15 47 36 70 10 54 13 49 6 74 76 46,tails,regular,1
2026-06-04T06:35:40Z,493,31 71 51 48 17 67 12 7 68 6 24 43 30 10 44 79 47 15 5 1,heads,minor,1
2026-06-04T06:38:20Z,494,50 13 19 49 17 76 67 51 56 42 62 80 32 22 57 73 30 44 7 46,tails,major,1
2026-06-04T06:41:00Z,495,56 15 78 39 31 42 73 75 76 46 64 43 44 80 58 33 5 17 11 72,tails,minor,3
2026-06-04T06:43:40Z,496,21 34 48 36 25 58 7 60 57 6 33 54 28 9 68 74 42 20 24 64,heads,regular,1
2026-06-04T06:46:20Z,497,21 32 29 24 43 27 59 13 35 62 76 2 44 60 5 40 65 6 38 28,heads,minor,1
2026-06-04T06:49:00Z,498,43 42 57 3 11 72 2 38 31 12 59 44 46 1 22 68 36 39 49 19,heads,regular,1
2026-06-04T06:51:40Z,499,14 31 62 78 54 28 24 66 79 57 1 6 18 39 16 58 74 55 48 41,tails,regular,2
2026-06-04T06:54:20Z,500,72 77 15 8 68 32 31 17 46 30 29 64 20 54 56 14 45 70 21 10,heads,regular,3
2026-06-04T06:57:00Z,501,78 59 33 34 30 65 9 38 18 58 31 12 14 45 35 54 44 75 74 10,heads,regular,3
2026-06-04T06:59:40Z,502,12 20 77 35 7 30 72 15 46 42 43 60 34 57 25 53 55 54 5 8,evens,regular,3
2026-06-04T07:02:20Z,503,68 59 30 10 56 40 20 79 70 17 61 4 69 24 42 67 63 65 53 13,tails,minor,1
2026-06-04T07:05:00Z,504,25 35 79 12 50 21 72 15 27 48 78 54 66 20 40 67 17 70 62 47,tails,regular,1
2026-06-04T07:07:40Z,505,62 43 23 46 22 54 41 49 53 2 74 25 48 3 56 10 70 52 7 64,tails,regular,3
2026-06-04T07:10:20Z,506,28 46 22 68 58 10 41 39 50 1 31 45 34 66 54 52 25 12 44 30,evens,regular,3
2026-06-04T07:13:00Z,507,41 62 50 11 79 46 1 54 19 48 67 21 32 47 76 4 31 14 64 58,tails,regular,2
2026-06-04T07:15:40Z,508,27 55 44 28 25 54 56 43 45 36 75 6 53 22 42 60 31 41 9 13,tails,regular,1
2026-06-04T07:18:20Z,509,27 38 68 49 31 77 7 6 66 51 62 12 19 29 17 69 44 58 67 2,evens,regular,3
2026-06-04T07:21:00Z,510,60 29 66 34 74 76 61 28 50 31 53 41 80 78 48 39 43 5 21 46,tails,regular,1
2026-06-04T07:23:40Z,511,45 41 37 19 20 54 65 10 14 60 70 38 9 29 49 28 69 24 39 2,heads,major,1
2026-06-04T07:26:20Z,512,58 24 56 35 64 12 18 52 51 80 43 44 40 66 28 23 65 20 37 8,evens,regular,3
2026-06-04T07:29:00Z,513,40 30 59 9 42 49 25 58 45 55 10 60 51 29 77 4 68 79 24 71,tails,regular,2
2026-06-04T07:31:40Z,514,63 42 7 59 66 32 76 79 23 8 47 39 26 38 5 36 40 74 12 10,heads,regular,5
2026-06-04T07:34:20Z,515,18 4 74 22 20 73 9 79 15 16 36 46 1 48 13 70 44 29 78 59,heads,regular,5
2026-06-04T07:37:00Z,516,42 20 80 18 36 22 70 4 27 35 45 41 26 34 7 44 33 57 21 72,heads,regular,2
2026-06-04T07:39:40Z,517,73 46 33 47 64 53 71 6 56 49 14 26 18 4 74 72 62 32 3 55,tails,regular,1
2026-06-04T07:42:20Z,518,22 73 5 13 8 37 69 75 21 38 65 17 58 51 4 39 1 11 77 29,heads,regular,1
2026-06-04T07:45:00Z,519,28 12 43 40 57 69 70 76 48 1 14 62 72 55 66 35 75 45 27 37,tails,major,5
2026-06-04T07:47:40Z,520,35 15 9 14 17 22 5 62 46 68 47 6 34 57 67 28 51 45 4 59,heads,regular,1
2026-06-04T07:50:20Z,521,53 16 73 57 80 6 59 14 66 70 48 35 63 41 78 10 17 11 79 52,tails,minor,1
2026-06-04T07:53:00Z,522,46 39 40 66 11 60 74 54 23 52 38 44 25 68 57 70 58 59 33 63,tails,regular,1
2026-06-04T07:55:40Z,523,23 29 21 37 53 59 65 61 13 42 80 35 41 66 74 10 68 79 78 54,tails,regular,10
2026-06-04T07:58:20Z,524,15 51 29 27 3 77 36 35 54 33 38 18 23 80 20 5 73 19 52 39,heads,minor,5
2026-06-04T08:01:00Z,525,76 36 25 18 45 21 35 24 54 34 63 52 65 39 79 73 80 29 62 49,tails,regular,2
2026-06-04T08:03:40Z,526,41 28 45 72 2 68 56 50 34 43 9 14 66 75 77 21 48 24 30 70,tails,regular,1
2026-06-04T08:06:20Z,527,78 71 52 4 23 2 21 11 49 5 19 7 14 12 13 79 9 38 1 51,heads,minor,1
2026-06-04T08:09:00Z,528,21 57 22 14 45 4 8 49 33 48 70 63 19 66 16 53 44 68 56 29,tails,major,1
2026-06-04T08:11:40Z,529,48 18 59 50 63 80 57 1 24 17 30 73 39 28 35 69 56 68 52 37,tails,regular,3
2026-06-04T08:14:20Z,530,71 41 5 62 55 2 46 51 59 70 23 63 60 3 42 28 76 77 9 44,tails,regular,1
2026-06-04T08:17:00Z,531,76 59 1 75 3 78 14 26 69 32 73 41 79 35 60 21 72 9 47 34,tails,regular,3
2026-06-04T08:19:40Z,532,74 38 62 67 60 79 43 68 30 8 32 14 39 37 1 7 44 4 73 46,evens,minor,3
2026-06-04T08:22:20Z,533,48 20 75 33 32 52 10 18 61 39 28 12 46 7 67 40 79 72 77 15,heads,regular,1
2026-06-04T08:25:00Z,534,20 34 74 25 31 62 44 58 7 27 80 39 49 73 43 57 50 12 68 32,tails,regular,2
2026-06-04T08:27:40Z,535,61 53 67 70 15 19 54 21 29 76 28 5 24 41 55 32 50 52 33 69,tails,regular,1
2026-06-04T08:30:20Z,536,28 40 69 41 36 72 22 25 26 71 24 51 15 31 29 32 46 9 14 61,heads,minor,2
2026-06-04T08:33:00Z,537,30 8 65 23 56 54 15 69 51 34 66 61 16 74 36 41 75 26 20 70,tails,major,1
2026-06-04T08:35:40Z,538,42 59 33 77 28 37 20 76 27 43 4 56 40 5 26 6 63 51 16 72,heads,minor,2
2026-06-04T08:38:20Z,539,27 6 52 47 56 11 17 33 65 20 26 53 10 18 50 12 76 16 28 25,heads,regular,3
2026-06-04T08:41:00Z,540,11 76 13 66 26 33 19 71 47 21 25 38 58 69 59 56 3 6 45 61,evens,regular,2
2026-06-04T08:43:40Z,541,11 55 77 60 65 2 35 16 79 74 18 31 47 37 54 25 59 22 5 29,heads,regular,2
2026-06-04T08:46:20Z,542,48 10 13 46 78 15 66 56 12 5 35 9 55 16 54 39 70 34 38 75,heads,regular,3
2026-06-04T08:49:00Z,543,5 24 77 50 69 20 8 61 71 42 22 68 45 3 67 78 36 33 53 15,tails,minor,1
2026-06-04T08:51:40Z,544,49 45 10 17 7 21 28 3 5 61 12 6 40 68 39 64 18 71 54 22,heads,minor,1
2026-06-04T08:54:20Z,545,10 35 39 32 18 58 66 74 50 63 73 22 15 51 20 34 61 62 38 45,evens,regular,1
2026-06-04T08:57:00Z,546,21 26 5 60 75 51 44 16 40 18 50 59 27 56 9 53 29 22 48 1,heads,regular,1
2026-06-04T08:59:40Z,547,10 76 21 31 46 69 41 37 66 22 25 64 6 4 14 61 39 65 30 40,heads,major,1
2026-06-04T09:02:20Z,548,61 38 51 78 55 76 1 48 10 3 28 34 32 23 60 70 65 42 7 40,evens,regular,2
2026-06-04T09:05:00Z,549,64 78 76 60 41 77 52 25 74 38 58 70 69 59 47 51 72 68 17 29,tails,regular,3
2026-06-04T09:07:40Z,550,23 39 20 24 7 75 8 44 9 52 70 33 1 66 29 67 56 80 2 64,heads,minor,4
2026-06-04T09:10:20Z,551,12 46 43 52 59 27 60 17 50 32 15 38 10 57 70 23 6 65 36 24,heads,minor,2
2026-06-04T09:13:00Z,552,62 4 23 40 38 73 48 39 51 58 2 27 63 10 42 3 74 71 75 14,evens,regular,2
2026-06-04T09:15:40Z,553,32 80 10 38 24 61 73 21 69 55 19 74 65 40 63 11 6 12 46 37,heads,regular,2
2026-06-04T09:18:20Z,554,58 47 42 69 53 21 36 76 48 54 80 26 50 18 72 78 70 8 61 66,tails,minor,1
2026-06-04T09:21:00Z,555,21 14 51 28 25 57 60 65 77 36 9 26 49 46 59 70 48 16 3 8,evens,regular,1
2026-06-04T09:23:40Z,556,54 72 18 6 39 79 26 61 44 10 46 14 49 3 5 28 59 48 4 68,evens,regular,1
2026-06-04T09:26:20Z,557,75 3 40 80 43 64 38 79 29 49 62 59 46 37 54 25 17 48 35 56,tails,regular,1
2026-06-04T09:29:00Z,558,63 67 16 15 18 26 77 76 71 44 30 52 74 10 25 39 23 54 58 11,evens,regular,2
2026-06-04T09:31:40Z,559,41 32 13 65 25 54 67 17 24 35 20 37 45 53 61 73 72 18 4 43,evens,regular,3
2026-06-04T09:34:20Z,560,26 47 25 7 6 58 45 1 41 54 15 52 29 13 50 53 20 8 56 22,heads,regular,1
2026-06-04T09:37:00Z,561,1 38 24 64 2 27 36 7 14 60 18 21 34 41 54 8 6 15 59 10,heads,regular,3
2026-06-04T09:39:40Z,562,41 70 5 9 50 40 49 61 69 65 67 37 36 29 38 39 24 34 26 56,heads,regular,2
2026-06-04T09:42:20Z,563,2 44 18 35 17 15 76 80 32 73 40 61 28 24 1 42 39 19 71 68,heads,major,1
2026-06-04T09:45:00Z,564,23 27 5 28 37 60 20 32 51 30 3 79 58 40 72 6 63 4 43 31,heads,regular,3
2026-06-04T09:47:40Z,565,17 66 45 9 47 61 68 19 5 62 51 44 4 59 60 8 42 52 31 22,tails,minor,4
2026-06-04T09:50:20Z,566,13 28 41 44 71 68 52 65 62 38 72 51 5 75 2 40 20 54 7 25,tails,regular,3
2026-06-04T09:53:00Z,567,44 25 29 18 32 34 76 59 48 46 49 75 17 63 15 51 62 24 16 12,evens,regular,2
2026-06-04T09:55:40Z,568,13 62 77 46 53 34 78 19 15 56 27 14 60 52 12 8 67 2 16 20,heads,regular,2
2026-06-04T09:58:20Z,569,54 45 21 15 56 57 64 66 78 69 63 30 12 50 29 13 79 65 3 68,tails,minor,2
2026-06-04T10:01:00Z,570,27 32 14 8 25 55 36 33 62 70 13 4 52 47 5 61 69 51 76 60,evens,regular,1
2026-06-04T10:03:40Z,571,8 35 66 68 21 49 60 26 38 36 32 76 74 13 55 67 64 73 61 30,tails,minor,2
2026-06-04T10:06:20Z,572,72 19 80 28 27 48 30 75 9 26 38 18 16 23 31 15 74 11 47 14,heads,major,2
2026-06-04T10:09:00Z,573,2 59 76 46 8 3 19 80 34 42 71 26 6 65 61 32 67 50 15 63,tails,regular,2
2026-06-04T10:11:40Z,574,21 38 23 25 28 72 10 57 7 15 14 49 12 79 77 46 55 63 40 27,heads,regular,4
2026-06-04T10:14:20Z,575,74 57 37 45 64 19 76 78 16 60 46 23 52 62 41 42 51 59 61 68,tails,regular,1
2026-06-04T10:17:00Z,576,72 22 79 38 32 17 33 35 26 40 34 73 50 28 51 54 19 49 57 6,heads,regular,1
2026-06-04T10:19:40Z,577,50 22 65 76 49 64 47 31 33 21 24 77 39 36 11 63 45 6 53 62,tails,minor,1
2026-06-04T10:22:20Z,578,55 78 22 27 32 5 63 64 2 47 11 37 48 44 19 9 29 51 43 33,heads,regular,1
2026-06-04T10:25:00Z,579,54 69 64 26 63 15 37 24 47 16 2 32 72 59 20 58 5 71 29 33,heads,regular,3
2026-06-04T10:27:40Z,580,48 66 32 39 70 52 21 74 54 40 67 35 15 36 77 57 63 20 1 64,tails,minor,3
2026-06-04T10:30:20Z,581,8 5 9 12 66 71 26 51 68 39 79 41 78 54 40 60 56 70 7 50,tails,major,1
2026-06-04T10:33:00Z,582,30 70 12 11 26 23 59 3 54 16 56 73 22 1 29 78 8 76 37 2,heads,regular,1
2026-06-04T10:35:40Z,583,40 30 62 54 70 8 33 15 3 4 51 7 38 36 12 27 35 11 25 58,heads,minor,3
2026-06-04T10:38:20Z,584,57 18 37 34 40 76 47 2 24 68 20 71 53 42 44 65 51 25 30 67,tails,minor,2
2026-06-04T10:41:00Z,585,13 2 33 54 22 11 39 41 71 21 52 44 32 69 73 5 72 14 80 42,evens,minor,4
2026-06-04T10:43:40Z,586,13 55 56 27 41 10 34 22 66 4 69 59 35 46 36 38 30 14 28 15,heads,regular,1
2026-06-04T10:46:20Z,587,80 27 51 21 41 74 55 60 48 62 23 33 22 49 8 30 17 65 57 52,tails,regular,2
2026-06-04T10:49:00Z,588,3 11 26 28 34 40 31 36 74 55 12 10 75 50 61 22 79 60 72 39,heads,regular,1
2026-06-04T10:51:40Z,589,45 73 20 22 58 12 19 35 18 72 71 79 53 80 78 63 39 43 24 60,tails,regular,1
2026-06-04T10:54:20Z,590,35 32 68 15 67 26 10 42 72 60 20 37 25 77 51 61 33 52 57 45,tails,regular,2
2026-06-04T10:57:00Z,591,23 64 38 53 50 20 22 19 12 73 52 31 74 4 44 51 24 49 11 58,evens,minor,4
2026-06-04T10:59:40Z,592,5 11 30 50 18 69 65 10 34 9 3 31 47 76 64 55 35 20 60 22,heads,regular,2
2026-06-04T11:02:20Z,593,45 26 48 52 51 29 23 42 78 62 39 16 1 7 9 72 11 49 57 64,tails,minor,2
2026-06-04T11:05:00Z,594,60 43 15 16 3 30 41 59 57 64 5 66 35 4 26 2 31 42 7 22,heads,regular,1
2026-06-04T11:07:40Z,595,35 56 55 38 74 18 45 39 42 3 59 53 2 1 20 64 61 69 75 19,tails,regular,1
2026-06-04T11:10:20Z,596,63 12 66 74 75 5 7 15 50 28 71 22 78 73 29 56 38 30 47 53,tails,minor,1
2026-06-04T11:13:00Z,597,47 1 5 15 35 39 62 42 63 80 66 43 36 50 72 71 75 70 78 44,tails,minor,1
2026-06-04T11:15:40Z,598,27 9 55 68 28 56 75 6 72 37 69 48 33 23 31 50 5 46 66 2,evens,major,2
2026-06-04T11:18:20Z,599,23 79 48 74 43 1 30 39 4 34 62 38 76 20 7 56 66 24 25 44,heads,minor,1
2026-06-04T11:21:00Z,600,42 32 9 49 15 1 18 39 26 35 38 73 65 46 62 28 79 24 25 59,heads,regular,1
2026-06-04T11:23:40Z,601,35 63 20 17 22 78 62 54 49 45 46 43 12 18 31 60 55 8 3 32,evens,regular,2
2026-06-04T11:26:20Z,602,63 52 26 56 1 22 55 10 18 15 35 48 75 3 66 29 51 41 71 9,evens,major,1
2026-06-04T11:29:00Z,603,55 4 68 20 27 49 24 22 64 30 72 35 67 69 74 11 71 70 17 43,tails,minor,1
2026-06-04T11:31:40Z,604,24 78 76 8 14 25 67 65 4 73 31 72 22 55 6 30 59 21 34 10,heads,regular,3
2026-06-04T11:34:20Z,605,17 73 65 56 39 1 44 16 54 47 30 55 69 62 5 50 32 33 58 12,tails,regular,1
2026-06-04T11:37:00Z,606,29 28 66 25 47 79 46 52 13 64 8 14 43 32 48 24 5 17 39 58,heads,regular,1
2026-06-04T11:39:40Z,607,80 4 71 26 15 52 25 48 31 49 46 77 65 51 75 32 66 13 79 50,tails,minor,3
2026-06-04T11:42:20Z,608,61 31 14 16 77 15 47 35 36 19 13 57 25 17 74 73 51 21 23 41,heads,major,1
2026-06-04T11:45:00Z,609,78 69 22 45 26 44 28 49 55 10 58 30 73 1 31 50 2 47 7 48,tails,regular,1
2026-06-04T11:47:40Z,610,1 47 33 48 58 28 53 10 50 16 25 66 46 13 44 79 72 26 77 21,tails,regular,1
2026-06-04T11:50:20Z,611,51 68 54 25 30 40 6 18 72 75 32 3 16 10 12 46 22 44 21 63,heads,regular,1
2026-06-04T11:53:00Z,612,12 51 13 57 50 71 37 59 68 46 36 58 3 15 1 30 60 2 53 9,evens,regular,2
2026-06-04T11:55:40Z,613,66 2 6 38 34 14 64 48 45 42 70 62 50 56 73 69 54 71 75 55,tails,minor,1
2026-06-04T11:58:20Z,614,71 68 50 70 79 61 47 62 36 76 66 26 80 41 35 6 22 14 20 48,tails,regular,1
2026-06-04T12:01:00Z,615,76 39 41 54 58 68 48 13 6 26 15 62 74 3 52 78 27 25 31 67,tails,regular,3
2026-06-04T12:03:40Z,616,28 78 5 9 21 12 27 72 54 62 2 55 69 26 1 7 17 3 35 76,heads,major,1
2026-06-04T12:06:20Z,617,58 35 50 39 73 52 49 71 34 67 12 62 60 9 8 47 77 41 75 6,tails,regular,1
2026-06-04T12:09:00Z,618,7 57 36 15 10 30 5 67 25 40 62 69 34 13 31 38 78 74 29 33,heads,regular,2
2026-06-04T12:11:40Z,619,33 64 54 32 17 21 40 51 7 59 28 66 6 3 35 24 43 1 11 50,heads,regular,1
2026-06-04T12:14:20Z,620,68 9 55 34 67 36 4 49 70 5 76 43 74 78 54 52 11 37 50 51,tails,regular,1
2026-06-04T12:17:00Z,621,71 58 60 11 40 1 9 76 19 28 26 22 73 20 72 15 51 12 54 2,heads,regular,3
2026-06-04T12:19:40Z,622,30 22 67 37 76 62 20 73 12 17 69 50 38 5 15 58 56 3 75 25,heads,regular,2
2026-06-04T12:22:20Z,623,35 79 24 43 44 19 9 68 22 5 13 38 36 28 33 57 62 64 1 75,heads,regular,1
2026-06-04T12:25:00Z,624,66 70 42 14 9 33 31 61 10 22 73 48 28 5 29 71 57 58 25 23,heads,regular,2
2026-06-04T12:27:40Z,625,70 63 38 11 55 33 4 37 10 42 6 56 46 9 29 59 12 15 25 62,heads,minor,1
2026-06-04T12:30:20Z,626,30 13 26 73 64 1 69 57 25 58 18 32 54 49 2 63 35 40 78 53,evens,regular,2
2026-06-04T12:33:00Z,627,77 6 5 40 78 56 4 61 41 19 23 75 29 42 1 80 50 16 55 35,evens,minor,1
2026-06-04T12:35:40Z,628,77 18 16 4 71 20 1 70 28 34 47 42 17 64 24 59 76 49 43 74,tails,regular,1
2026-06-04T12:38:20Z,629,50 27 62 36 23 53 44 3 57 47 34 6 68 71 11 66 79 40 10 22,evens,major,3
2026-06-04T12:41:00Z,630,57 55 64 65 4 53 11 70 47 33 54 19 45 25 13 50 36 38 51 16,tails,major,2
2026-06-04T12:43:40Z,631,70 21 33 39 4 1 43 22 35 55 64 48 37 59 19 47 46 23 62 26,heads,regular,5
2026-06-04T12:46:20Z,632,4 31 43 67 37 72 68 39 1 38 73 29 30 34 57 50 25 71 59 69,evens,regular,1
2026-06-04T12:49:00Z,633,70 79 58 53 77 20 63 71 45 1 9 41 6 33 18 68 80 57 25 39,tails,minor,3
2026-06-04T12:51:40Z,634,22 56 21 11 3 6 2 75 35 30 31 41 79 29 46 38 59 28 9 70,heads,regular,1
2026-06-04T12:54:20Z,635,11 77 44 40 37 28 56 18 76 3 60 20 75 43 58 73 47 17 57 5,tails,regular,2
2026-06-04T12:57:00Z,636,70 13 26 53 54 43 35 32 71 72 11 28 36 16 7 67 29 65 47 38,heads,regular,1
2026-06-04T12:59:40Z,637,52 71 66 49 2 40 35 13 67 3 58 46 37 19 31 7 53 75 14 44,evens,regular,5
2026-06-04T13:02:20Z,638,21 71 73 57 58 74 63 24 12 34 68 37 25 44 55 77 43 76 51 45,tails,regular,3
2026-06-04T13:05:00Z,639,17 57 70 77 3 22 37 61 69 31 23 55 42 20 15 54 7 62 43 45,tails,regular,2
2026-06-04T13:07:40Z,640,45 68 49 36 50 67 10 25 5 52 34 57 7 38 1 37 20 77 72 42,evens,regular,1
2026-06-04T13:10:20Z,641,60 64 28 19 47 42 23 68 66 75 51 32 44 2 34 59 70 50 37 24,tails,minor,1
2026-06-04T13:13:00Z,642,32 12 15 25 29 9 45 1 34 49 17 16 36 80 19 65 24 2 74 18,heads,regular,3
2026-06-04T13:15:40Z,643,22 76 60 43 7 29 75 78 25 39 51 79 47 72 71 50 21 55 24 74,tails,major,4
2026-06-04T13:18:20Z,644,13 48 36 41 24 65 55 74 80 20 50 23 40 58 3 45 15 32 49 21,evens,regular,1
2026-06-04T13:21:00Z,645,43 58 66 13 68 23 42 61 33 17 67 7 53 41 6 54 75 22 56 52,tails,regular,3
2026-06-04T13:23:40Z,646,28 7 5 77 51 26 9 73 49 37 78 42 14 4 65 11 35 63 20 24,heads,minor,1
2026-06-04T13:26:20Z,647,34 43 62 76 65 11 40 77 10 46 50 26 70 19 67 22 1 21 69 3,evens,regular,1
2026-06-04T13:29:00Z,648,75 15 10 54 27 7 71 61 25 62 60 70 19 20 69 44 72 1 14 9,evens,major,1
2026-06-04T13:31:40Z,649,51 43 36 41 7 80 38 31 19 73 65 32 79 30 37 2 13 23 57 16,heads,regular,1
2026-06-04T13:34:20Z,650,68 46 59 64 5 36 56 16 70 53 30 14 72 65 58 74 75 43 13 29,tails,regular,1
2026-06-04T13:37:00Z,651,58 48 7 70 26 8 16 55 37 59 76 6 21 80 19 45 24 9 65 66,evens,regular,2
2026-06-04T13:39:40Z,652,19 27 45 55 34 32 35 41 56 37 22 77 63 11 40 8 26 42 24 52,heads,major,1
2026-06-04T13:42:20Z,653,78 69 24 59 57 23 36 16 11 42 22 30 29 1 74 53 48 6 27 7,heads,regular,3
2026-06-04T13:45:00Z,654,77 66 37 65 21 51 1 46 79 60 61 28 43 36 71 70 59 35 8 16,tails,regular,2
2026-06-04T13:47:40Z,655,36 77 67 12 6 29 41 23 65 50 4 62 24 79 28 47 64 43 5 37,evens,regular,3
2026-06-04T13:50:20Z,656,62 40 77 5 61 37 51 19 28 6 10 35 8 11 38 47 25 17 73 67,heads,regular,1
2026-06-04T13:53:00Z,657,38 12 32 50 43 23 52 10 20 46 31 75 36 37 42 60 79 1 11 65,heads,minor,3
2026-06-04T13:55:40Z,658,30 24 53 7 2 26 59 22 44 12 11 75 18 71 28 10 72 45 25 73,heads,regular,3
2026-06-04T13:58:20Z,659,31 48 43 68 80 2 9 37 55 16 11 77 39 41 42 13 17 18 64 5,heads,regular,3
2026-06-04T14:01:00Z,660,39 9 56 59 1 6 11 32 66 46 24 55 80 69 65 38 43 18 40 77,evens,regular,1
2026-06-04T14:03:40Z,661,63 9 31 58 56 26 44 74 29 52 7 42 35 11 54 22 23 5 38 19,heads,regular,1
2026-06-04T14:06:20Z,662,40 28 53 73 5 63 49 79 41 25 4 50 74 43 22 77 69 67 58 34,tails,regular,1
2026-06-04T14:09:00Z,663,54 76 45 29 58 7 9 22 14 72 42 20 24 48 55 47 32 11 68 79,tails,regular,1
2026-06-04T14:11:40Z,664,5 47 58 44 2 4 7 38 43 72 46 80 62 28 30 45 10 48 63 60,tails,regular,1
2026-06-04T14:14:20Z,665,47 39 43 3 55 74 1 5 79 12 23 73 16 22 72 68 53 51 56 64,tails,minor,3
2026-06-04T14:17:00Z,666,31 9 35 69 41 56 16 49 33 34 21 70 38 18 57 3 76 43 36 68,heads,regular,2
2026-06-04T14:19:40Z,667,77 19 63 37 34 15 58 65 17 59 75 12 51 25 44 4 40 68 1 33,heads,regular,1
2026-06-04T14:22:20Z,668,16 30 58 62 20 28 6 29 3 43 1 18 49 64 47 10 25 65 32 46,heads,regular,2
2026-06-04T14:25:00Z,669,80 76 60 26 57 6 42 78 63 53 61 41 72 33 27 20 65 47 34 1,tails,regular,1
2026-06-04T14:27:40Z,670,29 56 61 24 14 54 51 33 77 26 19 34 72 65 9 66 2 44 75 21,evens,minor,1
2026-06-04T14:30:20Z,671,7 40 67 75 73 30 45 71 29 42 80 50 51 59 79 39 34 22 78 3,tails,major,3
2026-06-04T14:33:00Z,672,49 30 63 60 57 55 14 61 39 12 21 1 8 74 50 10 15 43 44 38,evens,regular,3
2026-06-04T14:35:40Z,673,29 4 18 50 40 55 1 52 48 58 61 26 56 25 11 78 21 17 64 54,evens,regular,1
2026-06-04T14:38:20Z,674,32 73 11 2 50 17 41 18 51 44 12 28 25 80 14 46 7 63 36 52,heads,regular,2
2026-06-04T14:41:00Z,675,3 70 23 54 80 68 7 28 77 64 9 13 19 48 43 31 30 46 42 20,evens,regular,2
2026-06-04T14:43:40Z,676,52 23 36 28 55 61 3 18 79 72 73 40 15 4 32 78 12 42 60 71,evens,regular,1
2026-06-04T14:46:20Z,677,61 38 23 49 62 18 80 58 72 71 26 43 56 57 19 12 15 42 45 48,tails,minor,1
2026-06-04T14:49:00Z,678,63 39 7 18 8 43 21 28 4 72 36 29 68 15 59 65 5 75 61 31,heads,regular,1
2026-06-04T14:51:40Z,679,27 67 44 6 61 77 10 28 30 59 52 45 69 63 16 54 40 57 12 9,tails,minor,3
2026-06-04T14:54:20Z,680,44 56 7 24 70 37 79 3 67 31 39 42 51 61 49 10 65 5 29 6,evens,regular,2
2026-06-04T14:57:00Z,681,46 72 68 2 59 49 69 61 31 12 9 64 22 44 73 18 17 6 24 51,tails,regular,1
2026-06-04T14:59:40Z,682,48 11 78 70 43 66 60 24 58 3 57 8 40 26 53 55 39 6 68 9,tails,regular,2
2026-06-04T15:02:20Z,683,35 79 42 2 61 39 60 36 47 76 69 18 71 64 19 16 78 59 57 26,tails,regular,1
2026-06-04T15:05:00Z,684,24 39 51 46 38 60 26 32 35 44 25 29 77 65 34 67 52 37 50 48,evens,regular,1
2026-06-04T15:07:40Z,685,35 22 46 31 24 49 66 33 56 26 19 70 6 69 29 78 32 44 51 80,evens,regular,1
2026-06-04T15:10:20Z,686,55 41 26 13 74 22 27 33 72 10 43 3 67 11 12 48 36 42 70 61,evens,minor,2
2026-06-04T15:13:00Z,687,15 25 43 73 16 34 4 45 63 28 44 35 22 55 48 42 5 20 49 41,evens,regular,3
2026-06-04T15:15:40Z,688,39 29 18 57 45 80 52 75 10 78 40 64 66 53 63 44 33 42 9 3,tails,regular,2
2026-06-04T15:18:20Z,689,19 55 40 41 45 36 77 48 5 20 56 14 58 74 53 47 4 61 66 60,tails,regular,1
2026-06-04T15:21:00Z,690,20 70 60 71 40 22 68 2 57 6 61 33 5 75 9 47 77 24 50 18,evens,regular,1
2026-06-04T15:23:40Z,691,39 68 59 71 35 10 37 48 12 20 67 42 36 64 22 78 33 29 70 80,evens,regular,3
2026-06-04T15:26:20Z,692,69 7 6 48 11 26 40 31 2 62 53 68 47 54 5 33 71 60 17 39,heads,regular,2
2026-06-04T15:29:00Z,693,55 79 64 78 71 75 57 10 31 50 69 54 29 76 3 51 59 23 48 26,tails,regular,3
2026-06-04T15:31:40Z,694,75 69 70 57 36 54 40 63 67 2 32 47 43 61 44 28 16 45 41 23,tails,minor,3
2026-06-04T15:34:20Z,695,25 59 65 17 49 12 76 44 23 3 68 19 16 15 37 40 24 60 32 62,heads,major,1
2026-06-04T15:37:00Z,696,49 15 55 30 48 79 16 45 13 33 75 73 69 23 37 80 76 11 42 9,tails,regular,2
2026-06-04T15:39:40Z,697,43 73 47 59 77 6 7 33 74 23 67 56 20 60 58 80 24 22 21 49,tails,regular,1
2026-06-04T15:42:20Z,698,38 17 12 66 51 76 1 9 47 72 4 15 58 43 45 57 60 3 52 35,tails,regular,3
2026-06-04T15:45:00Z,699,68 16 77 28 63 9 57 18 41 73 17 71 79 35 31 76 34 59 32 26,evens,minor,1
2026-06-04T15:47:40Z,700,38 54 36 53 70 28 11 56 49 72 65 40 46 18 45 78 64 66 31 55,tails,regular,1
2026-06-04T15:50:20Z,701,8 5 44 21 15 23 34 17 74 41 10 66 59 46 51 50 61 65 11 19,evens,regular,3
2026-06-04T15:53:00Z,702,28 21 5 78 49 8 55 20 4 37 45 11 44 47 74 54 18 30 51 36,heads,regular,1
2026-06-04T15:55:40Z,703,37 39 51 67 56 35 53 63 64 3 57 29 11 8 70 13 21 17 74 5,heads,regular,1
2026-06-04T15:58:20Z,704,26 42 77 76 51 4 66 45 8 33 40 23 75 74 50 62 17 73 18 63,tails,regular,1
2026-06-04T16:01:00Z,705,22 13 4 44 7 43 26 73 37 25 47 10 27 33 34 11 12 1 74 72,heads,regular,1
2026-06-04T16:03:40Z,706,3 44 20 74 4 49 5 30 1 48 7 15 55 80 68 46 41 37 14 28,heads,regular,1
2026-06-04T16:06:20Z,707,47 23 16 38 20 52 34 14 19 61 1 17 12 60 37 58 66 31 65 33,heads,major,3
2026-06-04T16:09:00Z,708,61 3 9 18 78 62 20 35 12 53 49 43 29 73 60 50 55 34 75 38,tails,regular,3
2026-06-04T16:11:40Z,709,5 61 54 52 49 19 79 50 28 78 26 21 36 43 80 55 16 31 64 15,tails,regular,4
2026-06-04T16:14:20Z,710,66 1 3 17 80 39 57 27 62 13 28 40 69 6 9 25 58 63 46 53,heads,regular,1
2026-06-04T16:17:00Z,711,56 36 45 55 73 31 50 20 58 51 79 59 74 18 25 24 52 54 80 77,tails,regular,3
2026-06-04T16:19:40Z,712,42 18 27 53 43 78 5 12 72 31 77 61 28 59 20 14 79 25 48 36,evens,regular,1
2026-06-04T16:22:20Z,713,42 63 8 48 58 4 21 7 75 11 20 36 9 68 5 38 51 30 12 18,heads,regular,3
2026-06-04T16:25:00Z,714,50 39 29 51 24 21 70 73 8 12 2 77 7 75 38 28 37 16 78 58,heads,minor,1
2026-06-04T16:27:40Z,715,35 78 48 58 6 30 75 40 10 44 16 5 4 56 31 55 54 18 7 8,heads,regular,1
2026-06-04T16:30:20Z,716,36 78 7 40 79 6 37 72 5 8 9 60 65 57 73 64 77 19 71 4,evens,regular,3
2026-06-04T16:33:00Z,717,5 63 70 80 55 16 43 53 47 45 7 66 60 42 27 10 59 38 18 2,tails,major,2
2026-06-04T16:35:40Z,718,22 8 4 53 51 18 12 43 17 47 31 71 65 21 23 5 40 32 25 57,heads,regular,1
2026-06-04T16:38:20Z,719,27 19 39 31 38 46 7 17 57 32 45 44 6 40 62 10 1 33 53 42,heads,regular,1
2026-06-04T16:41:00Z,720,32 43 56 24 16 62 14 74 12 78 72 54 40 9 22 53 71 3 42 7,evens,minor,2
2026-06-04T16:43:40Z,721,49 14 76 25 1 24 69 68 33 62 31 59 51 44 42 5 35 4 78 39,evens,major,3
2026-06-04T16:46:20Z,722,7 18 49 63 3 61 50 30 67 4 6 19 56 65 37 69 35 43 29 14,heads,major,1
2026-06-04T16:49:00Z,723,39 6 37 35 18 22 31 38 23 27 17 57 14 34 8 29 46 12 58 2,heads,minor,3
2026-06-04T16:51:40Z,724,68 24 37 46 33 16 22 54 9 5 60 58 51 3 35 27 59 45 11 63,heads,regular,3
2026-06-04T16:54:20Z,725,30 2 61 27 21 74 80 6 72 55 14 8 50 7 70 51 44 54 34 33,evens,minor,1
2026-06-04T16:57:00Z,726,56 18 26 33 17 46 38 22 44 9 39 28 62 20 74 10 19 11 2 31,heads,regular,3
2026-06-04T16:59:40Z,727,80 27 6 78 64 48 68 14 72 29 49 47 55 15 43 36 23 5 42 10,tails,minor,2
2026-06-04T17:02:20Z,728,38 31 79 5 55 52 11 77 34 67 53 40 26 14 15 57 59 37 47 9,heads,major,2
2026-06-04T17:05:00Z,729,19 53 64 55 29 77 71 16 38 48 12 27 15 18 23 3 7 52 21 25,heads,regular,1
2026-06-04T17:07:40Z,730,66 37 57 56 26 30 60 41 27 46 20 68 76 19 11 15 64 79 42 16,tails,minor,3
2026-06-04T17:10:20Z,731,39 23 45 76 30 59 3 4 16 44 80 19 8 54 28 53 26 29 24 31,heads,regular,1
2026-06-04T17:13:00Z,732,9 75 47 57 27 10 37 13 48 16 66 61 12 22 3 68 36 17 53 71,heads,minor,3
2026-06-04T17:15:40Z,733,6 8 25 44 71 36 33 62 47 60 75 7 78 45 10 66 59 5 31 69,tails,regular,1
2026-06-04T17:18:20Z,734,21 4 5 3 13 27 31 73 53 12 69 11 52 75 71 7 26 36 51 44,heads,regular,10
2026-06-04T17:21:00Z,735,19 74 12 64 22 50 79 35 36 37 72 44 48 56 75 43 23 31 57 76,tails,major,3
2026-06-04T17:23:40Z,736,32 51 80 31 22 27 46 29 23 55 63 44 52 11 4 15 3 43 65 12,heads,regular,1
2026-06-04T17:26:20Z,737,18 78 6 63 75 13 25 39 62 61 23 57 71 29 12 31 76 46 26 15,heads,minor,3
2026-06-04T17:29:00Z,738,57 51 16 48 73 49 13 28 2 75 14 79 67 41 72 66 58 9 43 27,tails,regular,1
2026-06-04T17:31:40Z,739,2 54 11 69 45 1 44 55 78 74 8 53 42 24 30 5 64 76 67 33,tails,minor,1
2026-06-04T17:34:20Z,740,68 54 70 71 42 69 48 77 63 13 51 65 43 37 75 15 36 3 23 27,tails,regular,3
2026-06-04T17:37:00Z,741,79 11 26 70 74 66 56 28 42 36 75 49 13 68 72 1 5 8 50 19,tails,major,4
2026-06-04T17:39:40Z,742,54 8 34 22 3 47 20 11 52 15 18 2 61 32 53 17 66 35 65 67,heads,minor,1
2026-06-04T17:42:20Z,743,72 32 37 16 11 35 73 61 50 18 54 65 44 47 24 71 56 27 33 19,evens,regular,2
2026-06-04T17:45:00Z,744,33 11 63 61 3 6 50 30 72 41 39 53 56 49 75 80 12 66 77 13,tails,major,1
2026-06-04T17:47:40Z,745,27 75 18 43 2 63 62 80 70 3 21 35 32 49 61 40 79 65 55 28,tails,regular,1
2026-06-04T17:50:20Z,746,76 31 11 5 37 7 10 62 34 74 22 17 1 32 65 39 23 30 50 3,heads,regular,3
2026-06-04T17:53:00Z,747,39 12 48 47 67 71 36 59 37 16 74 15 49 13 77 5 22 78 64 50,tails,regular,1
2026-06-04T17:55:40Z,748,45 5 51 22 2 78 53 15 32 77 62 65 7 33 34 54 20 79 14 60,evens,minor,1
2026-06-04T17:58:20Z,749,48 47 63 23 52 44 40 29 76 30 64 14 13 11 70 28 2 1 6 43,heads,major,3
2026-06-04T18:01:00Z,750,75 11 3 37 36 64 49 74 72 54 28 20 27 18 60 48 10 4 17 30,heads,regular,1
2026-06-04T18:03:40Z,751,63 8 20 56 10 15 57 59 67 64 80 78 17 54 6 52 11 65 3 33,tails,regular,1
2026-06-04T18:06:20Z,752,29 73 72 38 78 4 9 12 76 77 80 79 43 23 45 39 52 19 18 48,tails,major,1
2026-06-04T18:09:00Z,753,53 15 77 40 41 42 61 28 56 43 78 54 57 49 37 63 35 9 31 13,tails,regular,2
2026-06-04T18:11:40Z,754,67 22 6 77 19 16 76 72 53 46 71 40 66 15 64 61 43 29 13 1,tails,regular,3
2026-06-04T18:14:20Z,755,1 4 29 28 22 76 49 68 31 24 39 21 72 80 10 40 6 67 38 65,heads,regular,3
2026-06-04T18:17:00Z,756,35 73 15 60 5 48 40 46 36 11 69 49 13 19 43 12 22 54 70 79,evens,regular,3
2026-06-04T18:19:40Z,757,63 55 11 8 36 80 32 44 67 71 48 25 70 27 79 5 45 74 19 40,tails,regular,1
2026-06-04T18:22:20Z,758,71 59 78 39 76 65 44 57 21 41 29 35 14 1 9 13 26 34 62 51,evens,regular,2
2026-06-04T18:25:00Z,759,55 24 4 45 20 6 79 77 34 65 51 19 64 41 33 22 30 73 50 38,evens,major,4
2026-06-04T18:27:40Z,760,18 3 74 13 63 61 10 2 28 30 8 59 23 54 32 20 57 50 36 49,heads,regular,2
2026-06-04T18:30:20Z,761,64 13 5 63 22 32 42 18 50 6 31 20 47 10 40 14 46 25 67 55,heads,regular,3
2026-06-04T18:33:00Z,762,14 56 16 24 3 66 25 41 53 31 12 6 18 39 69 73 58 11 2 49,heads,regular,1
2026-06-04T18:35:40Z,763,75 25 54 49 47 33 66 9 67 6 17 3 77 78 56 51 7 40 76 2,tails,regular,4
2026-06-04T18:38:20Z,764,67 70 36 51 53 52 33 56 21 3 29 37 19 71 50 60 4 17 2 6,heads,regular,1
2026-06-04T18:41:00Z,765,72 3 2 78 40 15 17 50 52 48 14 24 65 5 74 66 9 71 16 69,evens,minor,4
2026-06-04T18:43:40Z,766,28 3 58 54 6 73 21 5 80 32 13 19 56 30 65 7 46 66 52 60,evens,regular,3
2026-06-04T18:46:20Z,767,78 8 65 63 55 57 45 59 53 5 41 26 11 2 3 10 69 47 19 64,tails,regular,2
2026-06-04T18:49:00Z,768,59 17 13 62 70 65 45 78 24 41 64 80 31 48 61 75 68 5 14 79,tails,regular,5
2026-06-04T18:51:40Z,769,75 46 32 50 23 36 74 16 72 3 2 8 48 51 53 45 41 60 18 37,tails,minor,4
2026-06-04T18:54:20Z,770,51 69 15 16 67 60 76 62 58 44 50 55 36 25 14 18 19 54 22 39,tails,minor,3
2026-06-04T18:57:00Z,771,22 80 75 20 58 25 5 34 71 70 16 17 60 52 11 13 59 68 6 63,evens,regular,2
2026-06-04T18:59:40Z,772,38 9 52 63 3 67 68 14 16 44 8 46 54 48 73 35 78 30 80 66,tails,minor,1
2026-06-04T19:02:20Z,773,56 61 26 7 74 51 19 14 2 64 48 24 8 59 3 50 39 12 79 70,evens,minor,2
2026-06-04T19:05:00Z,774,41 34 17 76 27 56 15 72 44 10 20 28 47 9 69 71 11 75 23 4,heads,regular,2
2026-06-04T19:07:40Z,775,73 56 32 10 55 17 19 62 40 78 37 59 63 47 2 24 72 7 57 44,tails,regular,1
2026-06-04T19:10:20Z,776,23 11 3 6 62 64 50 71 12 58 8 63 76 34 45 46 21 32 79 69,tails,regular,3
2026-06-04T19:13:00Z,777,35 74 68 4 48 61 28 56 6 49 18 7 31 70 10 22 21 53 34 39,heads,regular,2
2026-06-04T19:15:40Z,778,8 7 30 52 50 70 53 21 18 16 72 80 42 2 62 44 61 41 47 36,tails,regular,1
2026-06-04T19:18:20Z,779,71 55 78 11 7 70 76 2 9 19 73 66 1 6 65 39 59 67 68 17,tails,regular,3
2026-06-04T19:21:00Z,780,68 2 35 39 14 13 37 71 63 79 42 75 50 5 9 67 22 21 17 55,heads,minor,2
2026-06-04T19:23:40Z,781,38 55 40 76 66 72 41 43 48 63 32 29 10 77 79 58 52 14 24 30,tails,regular,1
2026-06-04T19:26:20Z,782,18 26 36 12 13 80 63 33 70 57 1 4 43 71 29 68 66 24 59 72,evens,regular,2
2026-06-04T19:29:00Z,783,79 75 51 29 57 32 24 55 7 20 5 44 31 62 45 36 30 46 65 63,tails,minor,3
2026-06-04T19:31:40Z,784,51 57 25 69 62 12 44 19 53 80 74 65 27 41 26 36 43 7 63 14,tails,minor,2
2026-06-04T19:34:20Z,785,71 59 64 40 49 33 62 12 66 11 3 77 10 65 57 39 34 80 51 31,tails,major,1
2026-06-04T19:37:00Z,786,50 69 8 7 3 39 33 38 44 19 17 67 48 20 15 12 51 35 28 36,heads,regular,3
2026-06-04T19:39:40Z,787,49 63 76 3 4 57 23 26 21 20 14 28 47 79 8 19 34 77 61 13,heads,major,1
2026-06-04T19:42:20Z,788,42 29 66 44 12 19 70 54 50 28 58 47 60 72 59 15 4 35 69 1,tails,regular,1
2026-06-04T19:45:00Z,789,44 1 46 68 42 78 75 71 57 19 37 5 38 20 34 66 17 65 9 2,evens,regular,3
2026-06-04T19:47:40Z,790,11 32 31 67 23 38 33 44 22 52 59 3 13 61 37 35 27 43 71 69,heads,regular,2
2026-06-04T19:50:20Z,791,15 59 13 75 60 48 54 45 14 64 20 49 28 46 12 21 61 53 4 69,tails,regular,2
2026-06-04T19:53:00Z,792,39 6 45 48 24 22 59 35 46 44 1 74 11 30 32 25 34 5 55 31,heads,regular,1
2026-06-04T19:55:40Z,793,49 42 39 59 40 5 48 19 79 30 24 69 34 21 36 22 32 45 61 3,heads,regular,3
2026-06-04T19:58:20Z,794,46 66 5 53 47 7 71 57 13 58 22 65 45 24 2 54 69 80 6 14,tails,regular,3
2026-06-04T20:01:00Z,795,77 50 10 73 32 35 51 67 19 68 23 38 31 11 72 4 7 16 49 25,heads,regular,4
2026-06-04T20:03:40Z,796,33 17 20 31 79 64 8 48 2 60 35 4 3 14 63 43 44 51 46 45,evens,regular,1
2026-06-04T20:06:20Z,797,27 10 9 45 15 17 19 28 2 60 49 69 37 56 18 33 47 16 43 6,heads,regular,3
2026-06-04T20:09:00Z,798,55 71 43 34 44 6 56 32 15 53 75 51 65 8 76 17 33 46 60 14,tails,regular,1
2026-06-04T20:11:40Z,799,13 22 1 8 36 76 75 48 26 71 33 64 52 67 39 43 30 16 38 31,heads,regular,1
2026-06-04T20:14:20Z,800,13 41 73 12 57 78 67 76 18 30 47 55 42 52 31 15 60 28 11 43,tails,regular,2
2026-06-04T20:17:00Z,801,5 10 61 16 28 58 80 72 48 45 37 13 23 65 34 17 24 35 6 31,heads,regular,1
2026-06-04T20:19:40Z,802,38 62 31 56 1 44 10 54 17 76 43 45 33 2 41 73 63 68 47 58,tails,regular,4
2026-06-04T20:22:20Z,803,40 21 30 19 63 59 47 43 22 28 20 26 27 4 13 25 78 29 42 32,heads,regular,2
2026-06-04T20:25:00Z,804,68 64 69 23 48 17 25 75 28 74 46 12 70 63 50 38 60 4 27 79,tails,minor,2
2026-06-04T20:27:40Z,805,70 66 38 37 61 29 73 25 47 15 41 62 8 57 23 1 77 12 18 40,heads,regular,1
2026-06-04T20:30:20Z,806,20 11 36 72 8 17 30 73 23 16 69 77 22 60 45 26 34 15 32 33,heads,regular,1
2026-06-04T20:33:00Z,807,26 53 46 10 15 33 34 48 6 40 56 68 73 78 30 80 69 16 4 62,evens,minor,1
2026-06-04T20:35:40Z,808,62 61 29 50 53 27 22 7 74 14 44 70 33 2 72 49 77 79 68 69,tails,regular,1
2026-06-04T20:38:20Z,809,53 55 8 67 47 31 70 80 30 19 28 62 79 66 68 36 7 41 51 65,tails,regular,1
2026-06-04T20:41:00Z,810,27 80 16 45 3 14 53 40 77 23 9 60 61 1 68 76 20 70 51 39,evens,regular,3
2026-06-04T20:43:40Z,811,48 41 28 76 55 4 57 1 61 14 36 7 2 20 68 24 21 67 62 6,heads,regular,1
2026-06-04T20:46:20Z,812,21 33 38 36 80 55 14 45 43 42 13 12 26 60 17 20 11 75 78 2,heads,minor,10
2026-06-04T20:49:00Z,813,67 54 75 56 1 37 74 77 48 64 65 6 14 25 40 50 62 38 5 44,tails,regular,1
2026-06-04T20:51:40Z,814,56 52 9 17 78 74 19 37 51 20 35 25 36 40 42 41 3 24 34 60,heads,regular,2
2026-06-04T20:54:20Z,815,41 17 73 24 48 71 60 75 53 38 10 78 14 42 64 52 56 4 50 55,tails,regular,1
2026-06-04T20:57:00Z,816,79 19 38 34 60 74 12 47 64 49 66 17 15 68 57 65 76 54 48 37,tails,minor,2
2026-06-04T20:59:40Z,817,65 20 19 7 52 75 38 35 9 15 32 66 26 11 50 23 16 12 61 4,heads,regular,1
2026-06-04T21:02:20Z,818,54 31 78 25 46 74 79 21 36 19 24 11 30 1 45 2 9 22 29 23,heads,major,1
2026-06-04T21:05:00Z,819,70 80 67 43 1 49 68 40 41 12 69 34 58 4 37 23 79 3 59 9,tails,regular,2
2026-06-04T21:07:40Z,820,64 70 62 13 21 43 3 44 18 17 46 20 8 1 69 45 55 41 42 10,tails,regular,1
2026-06-04T21:10:20Z,821,16 39 78 10 5 24 41 58 49 38 22 13 6 61 29 11 51 59 66 54,heads,minor,1
2026-06-04T21:13:00Z,822,45 43 64 76 12 69 49 1 39 29 16 9 67 7 32 2 66 23 38 17,heads,major,3
2026-06-04T21:15:40Z,823,10 75 26 74 47 2 45 68 72 19 6 36 9 78 34 56 77 67 32 42,tails,regular,2
2026-06-04T21:18:20Z,824,64 1 80 43 65 61 70 52 60 79 57 26 2 13 38 28 6 73 58 55,tails,minor,3
2026-06-04T21:21:00Z,825,18 27 58 62 68 51 26 64 78 60 44 5 73 67 12 7 72 40 42 31,tails,regular,1
2026-06-04T21:23:40Z,826,2 47 11 16 34 73 76 64 6 10 18 31 20 39 17 9 46 53 22 1,heads,minor,1
2026-06-04T21:26:20Z,827,61 3 6 43 9 49 71 53 17 72 5 74 51 24 10 13 38 63 55 28,evens,minor,3
2026-06-04T21:29:00Z,828,2 34 16 78 15 10 4 75 27 21 57 42 49 65 76 44 79 72 55 32,tails,minor,1
2026-06-04T21:31:40Z,829,36 47 26 67 7 44 34 17 31 62 72 38 71 32 80 10 4 6 27 63,heads,regular,3
2026-06-04T21:34:20Z,830,71 78 5 6 16 27 18 70 28 80 72 47 63 8 57 34 42 55 61 21,tails,regular,3
2026-06-04T21:37:00Z,831,20 35 26 55 37 9 79 52 56 22 75 29 10 1 48 19 6 78 24 23,heads,major,3
2026-06-04T21:39:40Z,832,9 71 22 25 20 7 21 64 16 77 29 54 3 62 66 15 49 19 45 5,heads,minor,3
2026-06-04T21:42:20Z,833,60 53 32 59 37 34 14 12 21 70 77 73 68 76 35 38 36 15 44 28,heads,regular,2
2026-06-04T21:45:00Z,834,18 52 74 27 66 10 78 15 60 63 37 25 7 5 4 17 50 6 45 39,heads,regular,1
2026-06-04T21:47:40Z,835,78 14 46 55 27 30 61 41 9 40 74 13 23 70 66 32 26 17 75 57,evens,regular,1
2026-06-04T21:50:20Z,836,50 2 18 55 63 24 56 23 51 64 41 7 16 11 59 71 8 14 10 79,evens,major,1
2026-06-04T21:53:00Z,837,16 54 19 10 34 1 58 49 38 30 21 44 59 64 48 5 65 50 51 62,tails,regular,1
2026-06-04T21:55:40Z,838,24 56 7 30 51 20 9 60 18 3 27 21 63 47 65 28 64 10 52 75,heads,minor,1
2026-06-04T21:58:20Z,839,53 18 35 46 65 42 38 11 22 40 14 78 44 16 43 62 70 13 64 63,tails,regular,1
2026-06-04T22:01:00Z,840,78 67 65 70 54 9 11 32 73 24 20 35 72 40 14 57 19 5 10 52,heads,regular,1
2026-06-04T22:03:40Z,841,54 60 1 43 40 20 34 44 48 58 26 47 7 70 65 77 56 66 55 21,tails,minor,1
2026-06-04T22:06:20Z,842,61 63 44 35 71 31 38 40 18 2 51 22 6 79 13 58 50 29 11 73,heads,regular,2
2026-06-04T22:09:00Z,843,9 52 4 61 69 71 37 38 54 41 42 24 5 27 67 68 13 40 57 17,evens,regular,3
2026-06-04T22:11:40Z,844,59 50 47 67 74 66 8 53 75 80 41 38 45 44 48 4 73 15 54 9,tails,regular,3
2026-06-04T22:14:20Z,845,56 28 41 35 32 58 65 61 52 44 48 50 13 30 17 69 7 67 36 1,tails,regular,2
2026-06-04T22:17:00Z,846,79 65 11 23 15 41 22 2 49 31 42 56 54 29 73 45 61 33 43 18,tails,regular,1
2026-06-04T22:19:40Z,847,73 60 41 25 45 35 51 52 23 14 64 4 3 58 9 34 39 22 2 49,heads,minor,2
2026-06-04T22:22:20Z,848,47 33 53 22 77 51 21 72 23 29 64 15 2 67 39 41 5 75 6 62,evens,regular,3
2026-06-04T22:25:00Z,849,7 28 50 9 37 36 30 41 12 42 38 22 58 63 43 33 18 23 52 34,heads,minor,1
2026-06-04T22:27:40Z,850,64 59 28 13 74 57 16 34 9 6 35 47 26 53 27 61 31 43 3 54,heads,regular,3
2026-06-04T22:30:20Z,851,22 38 1 77 72 20 9 75 35 40 48 39 41 76 2 54 26 30 4 73,heads,regular,5
2026-06-04T22:33:00Z,852,11 4 73 48 47 10 20 54 32 68 53 74 26 8 16 71 34 79 18 22,heads,regular,1
2026-06-04T22:35:40Z,853,59 1 79 23 32 64 71 7 53 35 28 14 30 50 27 57 36 40 75 46,heads,major,1
2026-06-04T22:38:20Z,854,59 75 9 34 38 63 6 19 36 41 37 18 31 61 3 22 65 35 29 67,heads,minor,3
2026-06-04T22:41:00Z,855,36 80 43 68 58 4 55 70 35 12 33 79 71 53 63 65 77 14 23 56,tails,major,3
2026-06-04T22:43:40Z,856,23 7 44 54 71 48 15 41 64 14 67 74 3 40 22 60 53 39 75 42,tails,minor,3
2026-06-04T22:46:20Z,857,67 18 56 64 28 61 42 24 15 48 80 50 70 26 73 74 33 10 4 46,tails,minor,2
2026-06-04T22:49:00Z,858,38 56 55 70 28 53 39 37 76 79 27 66 35 61 24 25 3 8 69 73,evens,regular,1
2026-06-04T22:51:40Z,859,20 17 37 45 28 69 79 65 41 40 14 58 50 64 68 62 21 52 73 43,tails,regular,1
2026-06-04T22:54:20Z,860,11 69 48 59 3 36 80 22 61 72 56 57 67 7 41 52 64 63 76 4,tails,regular,2
2026-06-04T22:57:00Z,861,9 10 33 54 17 45 49 25 12 4 62 41 2 69 57 67 64 55 24 32,evens,regular,2
2026-06-04T22:59:40Z,862,35 43 61 70 11 62 3 58 71 24 53 5 67 37 77 48 59 44 14 30,tails,major,3
2026-06-04T23:02:20Z,863,15 61 21 47 17 29 7 19 40 67 14 35 59 30 80 64 45 12 72 79,heads,regular,1
2026-06-04T23:05:00Z,864,28 19 1 71 57 61 59 30 33 58 38 79 12 67 64 41 66 22 26 50,tails,regular,2
2026-06-04T23:07:40Z,865,9 64 31 35 61 29 30 53 18 16 47 4 40 15 33 76 7 77 14 42,heads,major,2
2026-06-04T23:10:20Z,866,58 9 31 49 3 13 30 63 79 26 28 27 66 47 14 4 6 24 76 8,heads,minor,2
2026-06-04T23:13:00Z,867,8 32 27 55 17 7 68 36 73 20 77 56 37 72 31 14 39 3 48 29,heads,regular,2
2026-06-04T23:15:40Z,868,75 30 59 61 1 29 53 11 79 21 57 80 14 8 47 50 5 6 25 35,heads,major,1
2026-06-04T23:18:20Z,869,62 39 52 27 50 28 56 8 36 2 37 9 23 21 32 58 61 12 54 26,heads,regular,1
2026-06-04T23:21:00Z,870,39 66 46 8 55 76 4 42 70 5 73 52 33 11 47 29 69 78 43 71,tails,regular,2
2026-06-04T23:23:40Z,871,12 71 63 29 31 33 28 9 64 5 42 48 20 40 47 25 39 70 30 4,heads,regular,1
2026-06-04T23:26:20Z,872,34 43 32 37 56 27 16 18 80 59 14 61 76 73 38 47 42 11 31 78,evens,regular,1
2026-06-04T23:29:00Z,873,60 33 7 47 59 63 53 8 76 25 55 23 15 20 1 11 29 30 22 41,heads,regular,1
2026-06-04T23:31:40Z,874,50 10 51 42 29 80 34 72 58 75 36 65 14 5 1 19 47 55 54 45,tails,regular,10
2026-06-04T23:34:20Z,875,72 68 50 8 24 40 59 29 14 47 60 66 54 76 58 78 30 74 35 62,tails,regular,1
2026-06-04T23:37:00Z,876,22 66 35 24 26 72 60 32 77 64 73 46 71 37 76 28 1 29 20 56,evens,regular,5
2026-06-04T23:39:40Z,877,6 67 11 78 18 13 65 44 2 8 28 79 37 15 77 73 55 41 20 32,heads,minor,4
2026-06-04T23:42:20Z,878,22 30 41 63 71 50 25 34 37 2 5 17 64 38 57 27 55 23 69 45,heads,regular,2
2026-06-04T23:45:00Z,879,23 73 35 39 57 10 42 60 19 79 30 67 48 43 69 63 20 55 22 46,tails,regular,2
2026-06-04T23:47:40Z,880,22 14 51 38 9 68 77 74 19 79 40 12 25 64 75 32 1 65 43 62,evens,regular,3
2026-06-04T23:50:20Z,881,42 1 2 38 63 68 31 23 71 11 73 74 15 37 39 40 14 60 47 45,heads,regular,3
2026-06-04T23:53:00Z,882,67 21 40 8 28 31 55 19 74 73 41 34 58 60 53 59 80 79 38 11,tails,regular,1
2026-06-04T23:55:40Z,883,29 49 64 26 3 50 42 8 45 13 30 41 22 2 66 12 46 63 59 55,tails,major,1
2026-06-04T23:58:20Z,884,44 56 76 68 46 14 2 69 19 54 67 72 49 39 20 60 21 57 58 42,tails,regular,2
2026-06-05T00:01:00Z,885,48 62 63 69 8 25 7 19 21 71 55 38 45 1 13 28 41 50 61 6,evens,regular,2
2026-06-05T00:03:40Z,886,70 14 46 10 34 38 21 26 40 75 36 39 11 50 20 71 16 4 31 76,heads,regular,1
2026-06-05T00:06:20Z,887,66 10 25 33 42 51 34 47 77 7 27 54 44 38 22 52 24 3 39 73,heads,regular,1
2026-06-05T00:09:00Z,888,15 66 25 9 29 47 7 68 77 70 24 12 43 75 72 44 76 59 23 45,tails,minor,3
2026-06-05T00:11:40Z,889,32 78 79 73 21 80 1 75 49 4 39 48 76 25 22 30 64 5 66 65,tails,major,5
2026-06-05T00:14:20Z,890,41 2 1 76 77 27 26 70 9 61 48 15 71 65 50 10 55 20 28 32,evens,minor,2
2026-06-05T00:17:00Z,891,40 48 31 1 75 57 47 46 10 76 24 4 64 80 7 66 11 77 8 44,tails,regular,3
2026-06-05T00:19:40Z,892,5 11 14 2 34 77 54 8 44 63 24 17 55 35 36 22 20 7 42 73,heads,minor,1
2026-06-05T00:22:20Z,893,1 21 3 12 70 56 7 16 42 43 76 27 41 38 73 25 58 9 2 48,heads,regular,2
2026-06-05T00:25:00Z,894,25 30 9 51 33 8 40 7 23 18 16 57 13 47 49 76 59 73 79 45,heads,regular,4
2026-06-05T00:27:40Z,895,41 50 11 73 71 12 13 53 46 24 20 40 58 64 21 3 29 19 25 43,heads,regular,3
2026-06-05T00:30:20Z,896,63 70 45 55 14 26 77 71 21 34 47 65 46 8 60 4 73 43 33 5,tails,regular,2
2026-06-05T00:33:00Z,897,50 10 14 18 62 28 41 59 39 8 49 47 19 63 24 64 51 35 54 1,evens,regular,1
2026-06-05T00:35:40Z,898,37 68 10 14 74 58 34 25 80 17 9 16 75 35 66 19 76 57 67 29,heads,regular,1
2026-06-05T00:38:20Z,899,65 6 80 71 66 36 53 47 67 5 27 73 74 33 45 29 69 78 34 16,tails,major,3
2026-06-05T00:41:00Z,900,2 51 13 45 73 24 7 31 57 26 77 28 63 61 6 19 68 80 29 76,evens,regular,2
2026-06-05T00:43:40Z,901,47 49 22 79 32 7 42 5 55 19 45 78 75 68 17 51 35 24 30 71,tails,major,4
2026-06-05T00:46:20Z,902,23 5 67 21 26 44 71 46 51 65 27 29 18 58 54 16 41 47 6 28,evens,major,1
2026-06-05T00:49:00Z,903,19 75 49 13 7 67 25 40 79 59 54 80 63 10 73 6 50 71 23 61,tails,regular,3
2026-06-05T00:51:40Z,904,3 59 71 41 9 39 4 70 38 77 45 78 20 2 68 27 15 64 11 26,heads,major,1
2026-06-05T00:54:20Z,905,52 44 62 51 27 15 34 45 31 16 33 72 28 64 56 11 6 74 75 57,tails,minor,1
2026-06-05T00:57:00Z,906,76 66 43 3 48 21 12 71 36 25 47 8 37 7 62 38 24 32 73 53,heads,regular,5
2026-06-05T00:59:40Z,907,16 52 74 80 46 7 37 78 22 67 53 21 76 24 48 47 61 4 44 30,tails,regular,1
2026-06-05T01:02:20Z,908,16 35 54 40 45 48 21 63 59 75 47 28 1 7 24 10 73 72 52 2,evens,minor,4
2026-06-05T01:05:00Z,909,62 5 12 55 77 41 73 43 6 30 44 34 40 56 79 76 18 71 68 8,tails,minor,2
2026-06-05T01:07:40Z,910,80 14 1 19 11 39 27 37 26 77 73 40 52 15 51 34 41 69 36 60,heads,minor,1
2026-06-05T01:10:20Z,911,49 34 52 56 74 12 32 53 54 75 40 5 35 57 58 36 64 14 4 10,evens,minor,2
2026-06-05T01:13:00Z,912,6 44 75 19 48 43 42 41 74 52 13 5 10 54 72 46 21 9 37 39,tails,regular,3
2026-06-05T01:15:40Z,913,48 34 64 32 1 4 50 43 69 52 16 21 5 75 17 33 36 45 35 22,heads,regular,2
2026-06-05T01:18:20Z,914,79 23 27 37 31 52 20 28 42 47 3 66 7 12 39 21 41 33 32 78,heads,minor,1
2026-06-05T01:21:00Z,915,3 74 62 69 47 77 5 8 64 11 41 71 63 65 17 68 31 79 16 70,tails,regular,2
2026-06-05T01:23:40Z,916,19 15 40 22 28 31 63 11 18 78 38 45 37 46 39 16 60 27 29 70,heads,regular,1
2026-06-05T01:26:20Z,917,35 38 29 14 40 3 75 37 67 51 48 72 32 39 34 74 59 54 8 78,heads,regular,1
2026-06-05T01:29:00Z,918,75 65 50 37 58 5 28 38 3 39 34 51 8 40 42 61 36 72 33 62,heads,regular,1
2026-06-05T01:31:40Z,919,9 38 59 72 36 35 24 19 66 5 56 76 42 60 69 6 46 74 48 43,tails,regular,1
2026-06-05T01:34:20Z,920,66 11 64 58 14 8 55 1 76 70 63 5 73 71 49 74 51 4 20 19,tails,regular,1
2026-06-05T01:37:00Z,921,41 64 48 69 53 58 55 8 66 68 11 62 34 5 39 27 15 77 52 29,tails,regular,3
2026-06-05T01:39:40Z,922,21 51 31 41 12 66 44 28 70 6 65 1 75 29 64 19 3 57 56 26,evens,regular,1
2026-06-05T01:42:20Z,923,51 71 8 5 2 6 44 16 55 29 52 72 40 68 36 28 31 27 62 25,heads,regular,1
2026-06-05T01:45:00Z,924,12 4 28 46 32 37 15 74 31 7 64 11 65 54 13 53 42 49 61 69,evens,major,1
2026-06-05T01:47:40Z,925,39 9 77 67 19 6 24 63 68 45 17 43 60 34 55 35 46 2 71 49,tails,minor,3
2026-06-05T01:50:20Z,926,5 23 18 20 7 9 42 38 72 2 10 24 11 78 26 4 69 37 57 49,heads,minor,2
2026-06-05T01:53:00Z,927,41 8 75 39 55 65 57 40 70 9 66 16 74 3 36 1 18 11 43 67,evens,regular,3
2026-06-05T01:55:40Z,928,4 56 30 7 25 54 35 80 59 18 66 40 50 14 12 63 45 6 39 64,heads,major,1
2026-06-05T01:58:20Z,929,7 16 44 58 21 73 79 41 53 63 49 62 33 72 42 10 18 26 27 60,tails,regular,1
2026-06-05T02:01:00Z,930,18 66 63 8 59 48 80 78 58 68 33 6 28 35 31 55 15 46 73 69,tails,minor,2
2026-06-05T02:03:40Z,931,5 13 23 56 51 79 47 28 19 4 55 11 53 32 44 69 50 41 20 15,evens,regular,1
2026-06-05T02:06:20Z,932,39 76 57 18 46 51 73 42 6 49 8 68 34 56 22 12 43 5 75 37,tails,regular,2
2026-06-05T02:09:00Z,933,18 68 57 13 10 52 74 64 65 11 26 9 78 31 70 43 7 47 20 1,evens,major,2
2026-06-05T02:11:40Z,934,4 10 29 31 75 54 80 28 35 27 70 73 41 23 56 51 16 36 64 52,evens,regular,1
2026-06-05T02:14:20Z,935,1 62 44 39 52 22 48 32 26 27 30 71 35 60 37 12 42 57 8 16,heads,minor,10
2026-06-05T02:17:00Z,936,34 32 78 66 69 17 12 15 26 57 52 21 77 65 75 70 30 51 28 27,evens,regular,1
2026-06-05T02:19:40Z,937,45 76 71 57 34 21 36 35 30 63 60 1 40 54 23 7 72 69 73 9,evens,regular,3
2026-06-05T02:22:20Z,938,67 70 42 47 64 56 68 8 10 25 75 28 78 31 60 11 65 30 49 58,tails,regular,1
2026-06-05T02:25:00Z,939,16 28 15 21 80 8 66 55 69 36 46 27 50 5 2 65 39 70 34 45,heads,regular,2
2026-06-05T02:27:40Z,940,74 79 75 7 62 10 34 16 63 35 8 37 65 29 32 28 14 77 23 56,heads,regular,3
2026-06-05T02:30:20Z,941,27 11 30 65 5 51 77 9 43 66 75 63 53 21 46 60 8 44 74 24,tails,regular,1
2026-06-05T02:33:00Z,942,1 51 66 53 69 12 14 38 18 8 10 40 55 27 70 79 31 9 65 52,heads,regular,1
2026-06-05T02:35:40Z,943,39 33 76 72 32 73 22 40 16 28 14 13 25 42 60 2 67 77 48 80,heads,regular,3
2026-06-05T02:38:20Z,944,36 50 62 51 35 41 56 11 63 30 55 21 45 18 44 37 70 26 17 64,tails,minor,1
2026-06-05T02:41:00Z,945,39 73 64 49 78 9 41 26 42 74 56 18 65 27 20 21 72 57 11 58,tails,regular,2
2026-06-05T02:43:40Z,946,12 4 49 32 39 59 3 63 46 56 2 13 70 80 7 54 55 5 34 75,evens,regular,4
2026-06-05T02:46:20Z,947,28 45 4 53 44 2 8 25 55 64 62 1 71 74 31 41 70 22 37 18,evens,regular,1
2026-06-05T02:49:00Z,948,80 46 71 77 68 69 5 54 58 32 70 17 26 29 9 50 72 60 49 2,tails,regular,1
2026-06-05T02:51:40Z,949,13 49 55 38 35 28 21 63 62 14 1 27 12 67 61 25 17 64 40 19,heads,regular,1
2026-06-05T02:54:20Z,950,13 2 74 37 17 60 52 20 14 63 59 41 67 25 24 27 43 5 3 56,heads,regular,2
2026-06-05T02:57:00Z,951,53 58 29 36 56 70 9 64 73 13 60 10 23 2 80 11 25 76 28 74,evens,minor,3
2026-06-05T02:59:40Z,952,8 60 61 65 20 41 15 63 67 33 26 21 47 45 27 49 56 34 5 66,tails,major,3
2026-06-05T03:02:20Z,953,62 5 77 75 46 55 42 38 27 21 56 11 51 25 72 30 2 64 7 49,tails,regular,1
2026-06-05T03:05:00Z,954,65 31 34 4 63 21 3 25 75 41 70 39 28 43 58 2 52 60 19 33,heads,minor,2
2026-06-05T03:07:40Z,955,73 11 39 51 80 79 17 65 42 36 59 49 22 45 32 15 48 47 68 60,tails,regular,1
2026-06-05T03:10:20Z,956,22 48 77 23 35 78 45 40 56 5 54 47 26 44 64 79 8 32 72 71,tails,regular,1
2026-06-05T03:13:00Z,957,12 60 17 66 51 74 46 61 6 67 52 71 42 11 36 4 30 16 63 1,tails,regular,1
2026-06-05T03:15:40Z,958,25 15 54 33 65 77 43 9 41 4 70 27 13 66 42 30 23 21 60 61,evens,regular,3
2026-06-05T03:18:20Z,959,45 46 79 14 74 68 26 42 36 29 71 39 73 56 2 67 70 60 80 41,tails,minor,3
2026-06-05T03:21:00Z,960,44 31 74 19 69 14 51 38 15 76 64 70 37 26 28 13 27 18 63 71,heads,major,4
2026-06-05T03:23:40Z,961,6 10 23 46 41 61 27 78 42 3 62 72 12 58 35 36 44 68 70 11,tails,minor,10
2026-06-05T03:26:20Z,962,1 67 42 3 65 54 69 22 37 33 68 36 51 41 77 48 9 49 79 20,tails,minor,2
2026-06-05T03:29:00Z,963,20 15 50 37 30 5 12 35 34 60 22 64 45 23 16 47 70 11 8 44,heads,regular,3
2026-06-05T03:31:40Z,964,49 67 24 70 43 63 71 58 2 28 17 41 56 42 66 23 15 64 57 47,tails,regular,1
2026-06-05T03:34:20Z,965,3 72 42 48 58 75 16 10 22 43 44 8 28 63 67 1 64 5 38 66,tails,regular,1
2026-06-05T03:37:00Z,966,25 8 40 32 71 78 47 38 10 12 31 63 50 51 73 1 57 19 22 80,heads,minor,1
2026-06-05T03:39:40Z,967,50 2 16 74 46 54 62 4 7 48 66 76 52 43 44 29 80 28 25 53,tails,regular,3
2026-06-05T03:42:20Z,968,24 58 10 6 80 28 71 35 44 34 48 51 64 38 20 32 47 67 63 41,tails,regular,1
2026-06-05T03:45:00Z,969,41 38 43 79 64 46 44 58 62 35 53 77 36 16 19 42 18 73 25 63,tails,major,5
2026-06-05T03:47:40Z,970,44 42 46 9 73 61 54 6 19 75 11 56 24 66 16 55 32 64 26 7,tails,regular,1
2026-06-05T03:50:20Z,971,76 75 53 51 23 20 8 32 27 28 26 7 47 16 9 21 6 3 57 64,heads,regular,1
2026-06-05T03:53:00Z,972,53 31 75 3 51 35 66 27 40 4 13 63 69 11 70 54 1 37 52 46,evens,regular,2
2026-06-05T03:55:40Z,973,46 22 63 74 45 47 68 48 58 50 23 21 9 53 76 59 66 62 4 80,tails,major,3
2026-06-05T03:58:20Z,974,5 71 69 73 64 74 61 67 48 14 9 15 34 70 76 53 11 38 25 35,tails,regular,1
2026-06-05T04:01:00Z,975,21 13 41 59 10 64 71 4 44 62 68 20 78 58 8 49 46 34 39 18,tails,regular,1
2026-06-05T04:03:40Z,976,54 19 31 5 30 66 65 78 69 11 67 63 48 53 21 15 80 79 72 57,tails,regular,2
2026-06-05T04:06:20Z,977,52 42 49 17 60 34 59 23 37 30 64 20 57 25 75 32 7 61 6 29,heads,regular,3
2026-06-05T04:09:00Z,978,14 1 43 48 17 20 66 15 7 77 31 29 64 27 59 65 23 61 54 28,heads,regular,2
2026-06-05T04:11:40Z,979,4 53 31 1 62 77 58 28 26 57 55 23 35 10 45 30 32 13 47 19,heads,minor,1
2026-06-05T04:14:20Z,980,64 29 73 67 61 57 14 58 6 75 25 18 70 12 72 32 50 20 62 78,tails,regular,1
2026-06-05T04:17:00Z,981,9 39 48 65 73 43 52 49 40 31 25 20 19 22 75 55 36 61 80 23,evens,minor,2
2026-06-05T04:19:40Z,982,79 22 53 5 7 58 65 46 49 37 25 52 47 18 56 41 60 30 29 28,tails,regular,1
2026-06-05T04:22:20Z,983,32 23 52 15 71 14 76 79 5 18 31 59 3 22 64 27 44 34 80 66,heads,regular,1
2026-06-05T04:25:00Z,984,18 48 44 57 27 76 13 47 17 14 16 3 66 61 15 52 21 26 31 36,heads,minor,5
2026-06-05T04:27:40Z,985,72 77 44 61 66 13 53 9 29 10 15 80 19 39 57 33 37 42 48 21,evens,regular,2
2026-06-05T04:30:20Z,986,52 76 15 19 37 44 79 48 70 3 74 71 58 36 2 8 12 50 46 29,tails,minor,3
2026-06-05T04:33:00Z,987,4 8 13 34 9 16 59 76 40 79 38 42 37 20 30 14 19 25 46 47,heads,regular,1
2026-06-05T04:35:40Z,988,15 9 43 72 32 23 47 51 40 44 27 68 74 24 78 63 12 41 34 10,evens,regular,1
2026-06-05T04:38:20Z,989,17 31 51 32 29 71 72 36 68 60 28 63 38 21 10 2 77 79 16 67,heads,minor,2
2026-06-05T04:41:00Z,990,74 49 6 78 76 68 29 66 9 35 14 26 44 65 60 1 2 28 75 36,evens,regular,3
2026-06-05T04:43:40Z,991,50 68 13 73 42 78 18 8 33 36 40 22 77 62 9 25 5 75 28 52,heads,minor,2
2026-06-05T04:46:20Z,992,18 60 8 75 32 13 71 40 74 54 19 12 56 67 36 7 20 26 53 31,heads,minor,4
2026-06-05T04:49:00Z,993,12 39 72 16 77 36 28 47 61 15 4 65 46 30 51 69 23 42 78 22,evens,regular,3
2026-06-05T04:51:40Z,994,60 78 4 45 71 49 63 68 25 75 30 29 79 10 77 72 16 50 19 39,tails,regular,2
2026-06-05T04:54:20Z,995,21 65 27 41 19 22 61 76 4 54 56 8 57 13 15 67 68 36 74 48,tails,minor,1
2026-06-05T04:57:00Z,996,42 51 5 14 18 80 56 71 65 58 69 36 9 12 47 63 78 4 28 19,tails,regular,2
2026-06-05T04:59:40Z,997,29 21 34 49 28 27 65 73 17 43 68 46 53 61 22 13 79 33 9 10,heads,regular,2
2026-06-05T05:02:20Z,998,13 59 66 49 2 39 56 73 51 47 45 57 71 12 70 50 5 19 68 16,tails,minor,2
2026-06-05T05:05:00Z,999,33 49 44 65 64 42 80 51 43 23 72 1 78 6 57 22 27 66 47 54,tails,regular,3
2026-06-05T05:07:40Z,1,57 55 74 25 1 67 70 26 31 46 77 80 14 23 13 50 54 61 8 35,tails,regular,3
2026-06-05T05:10:20Z,2,7 48 66 31 10 40 15 50 80 49 16 70 41 36 34 9 64 68 35 75,evens,minor,2
2026-06-05T05:13:00Z,3,71 37 46 26 32 35 58 21 16 22 55 47 41 3 56 34 75 72 53 23,evens,minor,10
2026-06-05T05:15:40Z,4,3 30 19 60 40 32 36 6 7 10 12 15 17 80 49 23 68 74 77 28,heads,regular,1
2026-06-05T05:18:20Z,5,40 75 76 31 50 65 74 7 1 3 69 46 28 34 35 59 58 33 77 37,evens,minor,2
2026-06-05T05:21:00Z,6,51 70 55 63 42 10 27 8 45 67 37 25 56 19 3 40 5 34 79 30,heads,minor,2
2026-06-05T05:23:40Z,7,38 63 40 22 80 8 75 44 74 13 73 17 19 49 10 29 48 76 26 21,heads,regular,2
2026-06-05T05:26:20Z,8,51 26 56 7 41 64 77 55 67 63 23 29 69 19 6 38 72 11 60 53,tails,regular,1
2026-06-05T05:29:00Z,9,19 12 34 51 68 73 35 15 64 47 6 13 65 20 14 57 24 4 10 33,heads,minor,1
2026-06-05T05:31:40Z,10,14 62 79 32 51 30 25 64 68 11 27 53 23 72 15 29 37 43 46 1,heads,regular,5
2026-06-05T05:34:20Z,11,79 10 29 78 27 57 61 13 75 72 66 14 40 47 46 80 23 32 21 39,evens,regular,1
2026-06-05T05:37:00Z,12,19 9 46 24 55 70 16 15 57 59 3 53 22 21 41 78 13 14 45 49,evens,minor,1
2026-06-05T05:39:40Z,13,51 1 61 38 20 75 66 9 56 60 39 5 16 18 19 8 74 54 34 15,heads,regular,1
2026-06-05T05:42:20Z,14,13 21 67 4 57 77 80 68 60 36 25 69 52 11 48 46 63 33 18 1,tails,regular,2
2026-06-05T05:45:00Z,15,67 45 2 76 16 18 47 8 64 42 26 55 51 14 73 1 56 41 79 59,tails,regular,2
2026-06-05T05:47:40Z,16,62 59 32 73 34 64 51 61 54 28 38 15 9 13 20 16 1 49 30 6,heads,regular,1
2026-06-05T05:50:20Z,17,28 13 38 55 59 79 20 54 48 73 4 75 52 14 17 56 64 61 29 60,tails,regular,1
2026-06-05T05:53:00Z,18,5 52 75 45 76 44 66 63 73 9 15 37 40 31 42 69 19 16 71 12,tails,regular,2
2026-06-05T05:55:40Z,19,71 33 78 15 4 9 43 55 23 34 65 2 75 67 8 73 35 13 36 38,heads,regular,2
2026-06-05T05:58:20Z,20,80 70 10 26 36 51 35 68 29 73 46 39 6 33 58 45 41 7 40 28,heads,regular,3
2026-06-05T06:01:00Z,21,12 68 5 45 79 76 41 48 50 38 53 66 14 61 6 55 7 62 72 24,tails,regular,2
2026-06-05T06:03:40Z,22,43 74 34 9 36 32 38 16 23 28 8 31 63 73 57 40 17 68 80 58,heads,regular,1
2026-06-05T06:06:20Z,23,24 70 25 5 39 45 9 60 75 46 61 15 8 38 2 40 31 65 67 12,heads,regular,1
2026-06-05T06:09:00Z,24,68 29 7 50 61 44 77 23 67 10 9 58 31 36 76 13 2 24 59 60,evens,regular,3
2026-06-05T06:11:40Z,25,32 38 73 56 47 39 52 57 29 76 63 54 69 70 42 3 36 6 43 23,tails,regular,1
2026-06-05T06:14:20Z,26,46 53 78 27 66 31 8 76 14 39 33 11 67 50 6 32 62 56 45 63,tails,regular,3
2026-06-05T06:17:00Z,27,5 41 7 28 53 54 29 6 38 68 76 9 65 22 16 14 23 34 1 77,heads,regular,1
2026-06-05T06:19:40Z,28,57 77 27 20 74 37 22 69 67 45 46 54 43 65 5 18 2 13 71 66,tails,regular,2
2026-06-05T06:22:20Z,29,9 52 40 71 4 59 60 17 55 22 53 66 56 28 32 69 18 48 38 5,evens,minor,1
2026-06-05T06:25:00Z,30,27 64 37 9 20 54 71 14 16 79 25 47 31 52 5 58 33 61 36 69,heads,minor,1
2026-06-05T06:27:40Z,31,33 37 43 63 3 52 9 48 5 72 26 76 31 77 12 70 57 8 30 62,evens,minor,2
2026-06-05T06:30:20Z,32,65 79 34 66 33 59 28 38 32 4 3 21 11 74 8 15 43 30 1 49,heads,regular,1
2026-06-05T06:33:00Z,33,27 59 73 8 61 45 15 46 80 16 72 54 77 75 6 74 53 32 21 67,tails,minor,2
2026-06-05T06:35:40Z,34,16 48 10 30 45 21 2 62 52 11 38 4 44 76 24 36 73 27 14 17,heads,regular,3
2026-06-05T06:38:20Z,35,38 28 7 20 26 46 71 22 8 31 32 69 23 47 64 18 10 67 40 25,heads,regular,1
2026-06-05T06:41:00Z,36,65 24 55 42 7 11 80 29 21 61 69 26 45 25 74 62 57 15 38 58,tails,regular,2
2026-06-05T06:43:40Z,37,65 2 62 49 70 55 35 33 72 46 14 48 1 20 13 68 54 79 32 4,tails,regular,2
2026-06-05T06:46:20Z,38,66 21 18 19 15 11 76 51 55 9 77 8 20 64 74 22 28 23 38 53,heads,minor,3
2026-06-05T06:49:00Z,39,66 15 28 59 72 32 13 68 20 35 8 55 25 4 39 75 26 65 12 54,heads,regular,2
2026-06-05T06:51:40Z,40,28 74 39 60 69 45 32 34 26 4 72 9 16 14 67 51 43 2 64 10,heads,regular,1
2026-06-05T06:54:20Z,41,73 28 16 65 74 59 66 68 70 63 19 61 39 14 11 37 62 44 51 75,tails,major,3
2026-06-05T06:57:00Z,42,45 49 35 20 27 38 36 5 17 54 55 78 76 21 7 16 8 44 59 30,heads,regular,3
2026-06-05T06:59:40Z,43,64 5 48 68 25 76 55 14 46 44 62 63 38 15 28 52 31 22 7 26,evens,regular,1
2026-06-05T07:02:20Z,44,27 69 58 23 10 22 28 46 31 25 41 12 49 51 77 15 5 19 53 62,heads,regular,1
2026-06-05T07:05:00Z,45,31 5 73 74 39 76 9 8 40 57 23 58 45 59 70 77 20 49 51 37,tails,regular,1
2026-06-05T07:07:40Z,46,24 41 12 37 72 38 43 46 1 58 22 14 67 2 36 79 78 20 32 49,heads,regular,2
2026-06-05T07:10:20Z,47,27 10 33 50 45 55 17 15 60 61 46 76 2 1 25 47 78 71 13 43,tails,regular,2
2026-06-05T07:13:00Z,48,40 26 7 13 64 66 71 55 25 16 59 47 24 20 78 19 53 41 46 17,evens,minor,3
2026-06-05T07:15:40Z,49,2 52 62 13 33 49 72 38 44 46 18 74 32 70 3 45 20 40 26 77,evens,regular,3
2026-06-05T07:18:20Z,50,77 49 31 36 32 9 60 40 41 47 20 66 43 23 37 26 53 34 51 5,heads,regular,2
2026-06-05T07:21:00Z,51,13 80 12 14 73 48 9 52 63 22 78 21 77 18 59 31 51 74 16 66,tails,minor,1
2026-06-05T07:23:40Z,52,63 77 71 36 14 21 43 57 53 20 34 19 41 24 4 6 38 61 45 13,heads,regular,3
2026-06-05T07:26:20Z,53,44 30 14 29 45 73 64 53 51 35 76 68 40 79 26 38 1 6 57 24,evens,minor,1
2026-06-05T07:29:00Z,54,71 1 21 52 11 23 25 53 63 27 50 4 39 5 22 80 62 29 15 33,heads,regular,1
2026-06-05T07:31:40Z,55,33 68 54 70 26 35 44 11 60 80 62 75 65 30 8 46 49 7 45 3,tails,minor,2
2026-06-05T07:34:20Z,56,73 21 22 16 4 37 48 12 32 70 18 7 41 2 24 50 33 40 69 30,heads,regular,1
2026-06-05T07:37:00Z,57,59 69 8 11 45 46 24 29 1 25 47 13 19 30 41 49 76 12 26 36,heads,regular,1
2026-06-05T07:39:40Z,58,74 25 2 14 43 50 11 37 77 24 75 61 16 18 44 73 70 80 51 28,tails,regular,1
2026-06-05T07:42:20Z,59,37 62 4 59 44 74 15 43 41 29 48 25 64 76 42 32 14 34 12 55,tails,regular,2
2026-06-05T07:45:00Z,60,32 1 55 56 53 65 74 8 58 49 66 16 77 71 76 68 70 2 24 69,tails,regular,1
2026-06-05T07:47:40Z,61,63 20 1 8 78 43 51 69 41 17 21 52 13 18 73 23 61 22 75 31,evens,regular,2
2026-06-05T07:50:20Z,62,76 15 17 51 14 11 32 63 67 31 58 72 35 33 69 50 19 75 74 20,evens,regular,2
2026-06-05T07:53:00Z,63,4 74 79 26 55 31 77 30 59 17 21 44 18 13 28 47 67 60 3 45,evens,regular,2
2026-06-05T07:55:40Z,64,45 61 5 63 72 38 76 23 33 77 18 3 14 71 69 42 27 8 50 80,tails,regular,2
2026-06-05T07:58:20Z,65,43 28 16 33 78 23 1 46 66 60 50 41 10 44 76 72 70 52 75 42,tails,regular,1
2026-06-05T08:01:00Z,66,55 36 5 6 52 27 58 62 44 73 46 80 70 67 31 28 17 33 1 37,evens,regular,1
2026-06-05T08:03:40Z,67,67 61 10 45 23 6 63 74 70 53 49 17 16 37 36 75 25 27 52 65,tails,minor,2
2026-06-05T08:06:20Z,68,40 59 49 68 9 27 33 31 24 45 38 22 29 8 2 60 28 32 1 34,heads,regular,3
2026-06-05T08:09:00Z,69,6 62 46 64 23 78 7 12 45 8 22 67 13 73 10 35 80 57 59 9,evens,regular,2
2026-06-05T08:11:40Z,70,65 22 11 2 30 74 60 59 43 79 48 34 53 25 66 18 38 47 13 8,evens,regular,2
2026-06-05T08:14:20Z,71,69 80 24 52 13 21 61 1 2 18 51 40 19 6 9 27 37 11 17 38,heads,major,2
2026-06-05T08:17:00Z,72,68 15 73 12 14 36 16 80 34 74 1 69 25 10 62 24 17 21 49 51,heads,minor,1
2026-06-05T08:19:40Z,73,28 1 74 79 52 27 64 47 23 31 35 22 12 3 72 15 68 61 41 20,heads,regular,2
2026-06-05T08:22:20Z,74,71 15 80 7 62 47 25 9 43 20 41 61 22 28 73 66 65 16 77 33,tails,regular,1
2026-06-05T08:25:00Z,75,56 22 10 79 27 47 33 49 31 29 46 65 50 15 32 40 16 67 36 39,heads,regular,1
2026-06-05T08:27:40Z,76,33 62 14 24 72 66 76 67 9 69 45 60 49 64 6 32 2 27 40 74,tails,regular,3
2026-06-05T08:30:20Z,77,19 46 11 7 45 54 57 33 13 58 39 70 76 52 67 40 59 78 14 44,tails,regular,2
2026-06-05T08:33:00Z,78,48 3 63 72 60 31 12 9 42 14 38 45 15 47 79 18 26 7 70 61,evens,minor,2
2026-06-05T08:35:40Z,79,1 75 73 23 35 74 72 32 20 38 56 14 40 78 69 67 44 18 12 64,evens,regular,1
2026-06-05T08:38:20Z,80,8 59 17 34 65 44 76 47 67 60 11 50 6 30 9 79 20 24 32 75,evens,regular,1
2026-06-05T08:41:00Z,81,26 61 55 39 67 48 10 6 52 65 32 27 47 66 24 62 40 37 11 50,evens,regular,2
2026-06-05T08:43:40Z,82,53 70 29 48 22 57 39 49 80 35 79 41 78 44 74 20 13 73 71 26,tails,regular,3
2026-06-05T08:46:20Z,83,67 30 72 78 73 45 10 31 53 61 36 11 79 9 19 12 49 68 6 58,tails,regular,3
2026-06-05T08:49:00Z,84,42 75 56 3 25 20 71 76 53 35 41 33 8 40 29 62 22 46 4 36,heads,regular,2
2026-06-05T08:51:40Z,85,60 23 47 13 37 68 31 44 35 10 29 62 36 57 38 20 54 16 39 49,heads,regular,1
2026-06-05T08:54:20Z,86,73 52 59 54 76 77 20 12 75 79 26 38 22 19 17 37 23 57 40 72,evens,minor,1
2026-06-05T08:57:00Z,87,34 27 51 29 49 14 46 64 53 6 31 25 71 47 13 72 42 15 9 12,heads,regular,1
2026-06-05T08:59:40Z,88,60 68 5 29 36 34 62 54 13 33 50 43 53 67 75 46 21 7 73 15,tails,minor,2
2026-06-05T09:02:20Z,89,51 53 20 39 29 50 31 65 79 25 62 41 44 30 40 78 48 75 47 24,tails,minor,3
2026-06-05T09:05:00Z,90,33 4 38 47 60 44 59 13 30 46 24 51 58 67 5 15 50 78 70 16,tails,minor,1
2026-06-05T09:07:40Z,91,27 57 21 41 31 16 32 1 67 51 22 71 55 56 8 47 7 79 15 64,evens,regular,1
2026-06-05T09:10:20Z,92,65 62 40 37 30 21 44 76 39 71 23 52 54 57 20 47 14 48 35 56,tails,regular,3
2026-06-05T09:13:00Z,93,30 31 49 7 47 72 71 33 59 64 40 21 8 75 54 73 78 37 12 63,tails,regular,3
2026-06-05T09:15:40Z,94,26 19 71 78 9 40 4 56 20 16 70 49 38 7 24 69 27 2 34 45,heads,major,3
2026-06-05T09:18:20Z,95,22 70 52 37 6 16 60 40 26 47 46 25 24 78 66 77 12 79 3 56,evens,regular,10
2026-06-05T09:21:00Z,96,5 39 73 36 74 53 8 49 33 20 18 61 62 48 2 56 57 22 1 32,heads,regular,2
2026-06-05T09:23:40Z,97,12 74 15 51 31 7 29 40 71 30 24 16 45 64 14 65 66 22 3 44,heads,regular,1
2026-06-05T09:26:20Z,98,71 13 38 34 42 39 52 76 77 53 17 15 63 43 46 37 49 29 2 74,tails,regular,3
2026-06-05T09:29:00Z,99,52 38 66 5 17 56 10 6 11 26 74 9 2 21 59 41 37 39 53 34,heads,regular,1
2026-06-05T09:31:40Z,100,29 61 31 32 30 54 55 39 4 2 65 76 14 79 24 8 15 44 74 42,heads,regular,1
2026-06-05T09:34:20Z,101,16 7 42 28 14 44 48 10 57 30 73 52 25 29 2 41 49 69 17 18,heads,regular,1
2026-06-05T09:37:00Z,102,79 47 50 19 33 61 72 26 23 28 30 49 48 65 38 44 59 57 6 73,tails,minor,1
2026-06-05T09:39:40Z,103,12 76 34 13 29 46 48 77 53 26 4 47 15 11 37 17 25 32 66 27,heads,regular,1
2026-06-05T09:42:20Z,104,2 79 62 43 21 67 65 47 55 35 58 77 41 60 71 25 51 66 44 5,tails,major,3
2026-06-05T09:45:00Z,105,75 18 74 24 78 55 23 31 76 71 48 4 46 68 21 6 45 70 40 10,tails,regular,1
2026-06-05T09:47:40Z,106,66 41 43 16 23 62 60 73 80 29 17 69 14 30 57 12 56 3 47 40,tails,regular,4
2026-06-05T09:50:20Z,107,12 41 15 39 52 54 50 27 49 22 68 46 78 23 40 16 70 5 33 62,evens,minor,1
2026-06-05T09:53:00Z,108,39 46 32 41 9 60 43 48 15 37 1 51 57 68 36 42 54 59 12 24,tails,regular,3
2026-06-05T09:55:40Z,109,15 57 14 5 17 32 10 9 49 1 35 46 18 52 19 59 73 13 66 55,heads,regular,1
2026-06-05T09:58:20Z,110,16 3 23 32 37 59 76 11 71 47 10 67 80 78 31 45 73 70 4 1,evens,regular,1
2026-06-05T10:01:00Z,111,14 38 44 71 50 78 68 64 4 36 12 46 47 6 56 37 42 31 30 55,tails,minor,3
2026-06-05T10:03:40Z,112,30 73 29 58 7 21 17 50 61 67 18 28 64 65 55 59 5 57 49 36,tails,regular,2
2026-06-05T10:06:20Z,113,12 46 37 44 43 68 10 27 14 61 33 79 26 6 75 64 41 51 9 63,tails,major,3
2026-06-05T10:09:00Z,114,29 15 40 57 73 58 38 75 26 35 19 37 47 6 63 69 11 17 59 4,heads,regular,1
2026-06-05T10:11:40Z,115,24 46 56 57 11 63 18 70 21 71 55 62 6 20 45 60 23 50 34 51,tails,regular,2
2026-06-05T10:14:20Z,116,56 7 76 52 4 34 54 20 1 67 10 33 61 11 43 27 21 6 42 68,heads,regular,1
2026-06-05T10:17:00Z,117,74 20 58 46 38 45 2 52 24 13 32 37 35 48 1 15 3 53 40 54,heads,regular,2
2026-06-05T10:19:40Z,118,31 37 73 75 38 66 49 27 46 58 23 24 79 59 52 65 68 13 5 41,tails,regular,1
2026-06-05T10:22:20Z,119,23 47 51 70 2 30 6 42 46 58 76 78 49 8 62 39 71 24 59 55,tails,regular,2
2026-06-05T10:25:00Z,120,61 41 48 7 68 19 30 4 66 72 75 16 35 54 6 45 17 46 22 8,evens,regular,3
2026-06-05T10:27:40Z,121,65 48 53 37 22 7 71 80 62 78 49 31 8 43 41 16 57 68 27 30,tails,major,1
2026-06-05T10:30:20Z,122,11 28 22 73 26 42 23 48 5 77 14 71 80 54 25 40 17 13 76 50,heads,regular,2
2026-06-05T10:33:00Z,123,12 26 24 11 78 1 46 70 21 45 6 53 65 62 20 80 18 64 4 15,heads,minor,10
2026-06-05T10:35:40Z,124,38 53 7 9 19 18 15 16 41 47 73 35 44 50 43 70 22 8 21 66,heads,regular,1
2026-06-05T10:38:20Z,125,63 36 35 5 60 77 18 38 58 55 26 53 23 80 29 4 42 59 52 48,tails,regular,1
2026-06-05T10:41:00Z,126,7 42 61 79 9 36 13 5 63 54 33 26 50 77 19 6 59 68 34 25,heads,minor,2
2026-06-05T10:43:40Z,127,51 43 64 35 68 71 73 22 18 17 10 40 63 8 1 54 46 33 76 23,evens,regular,3
2026-06-05T10:46:20Z,128,44 70 6 67 35 78 50 17 5 36 20 32 47 24 57 30 19 65 2 75,heads,regular,3
2026-06-05T10:49:00Z,129,61 13 69 11 51 15 71 36 63 27 6 35 22 80 7 44 67 16 39 45,heads,regular,1
2026-06-05T10:51:40Z,130,56 69 36 42 38 8 49 59 57 43 22 39 29 15 20 13 10 47 26 66,heads,regular,3
2026-06-05T10:54:20Z,131,76 62 26 5 18 7 22 2 55 9 37 69 31 13 23 74 57 29 67 28,heads,regular,1
2026-06-05T10:57:00Z,132,71 66 49 20 68 41 9 77 43 61 57 37 39 59 36 24 42 60 50 63,tails,regular,3
2026-06-05T10:59:40Z,133,48 23 55 45 52 30 54 4 16 36 34 18 56 13 49 31 12 46 22 1,heads,regular,1
2026-06-05T11:02:20Z,134,73 44 5 3 51 57 8 7 47 20 69 56 19 46 6 40 55 41 18 62,tails,minor,5
2026-06-05T11:05:00Z,135,6 32 74 2 29 24 53 21 52 4 27 3 28 26 75 63 33 36 48 20,heads,regular,1
2026-06-05T11:07:40Z,136,26 7 20 71 74 57 59 27 60 44 32 61 46 14 5 13 22 9 6 58,heads,regular,1
2026-06-05T11:10:20Z,137,76 25 7 58 28 38 52 22 2 47 8 53 34 26 72 54 20 17 18 73,heads,minor,1
2026-06-05T11:13:00Z,138,67 14 78 47 72 76 59 7 50 34 11 49 13 9 37 75 77 6 61 60,tails,regular,1
2026-06-05T11:15:40Z,139,9 39 47 50 23 14 40 31 30 70 71 53 17 78 57 36 76 34 20 46,heads,regular,3
2026-06-05T11:18:20Z,140,69 14 12 80 71 58 21 47 52 4 15 64 61 70 34 16 57 40 30 74,tails,minor,2
2026-06-05T11:21:00Z,141,20 52 18 53 68 46 45 23 13 27 64 4 11 50 2 15 19 9 8 3,heads,minor,3
2026-06-05T11:23:40Z,142,30 10 24 31 40 44 6 15 8 53 38 79 28 41 78 20 35 42 52 21,heads,regular,1
2026-06-05T11:26:20Z,143,8 35 72 21 3 4 46 77 18 34 19 65 79 10 41 58 1 16 38 33,heads,regular,1
2026-06-05T11:29:00Z,144,48 10 40 14 64 71 69 26 8 6 3 73 61 23 5 18 79 25 60 57,heads,minor,2
2026-06-05T11:31:40Z,145,63 9 72 65 45 36 28 73 67 54 13 66 53 25 16 23 1 7 70 32,evens,regular,1
2026-06-05T11:34:20Z,146,63 58 27 73 26 66 21 31 12 59 61 20 50 10 55 45 77 37 14 52,tails,regular,3
2026-06-05T11:37:00Z,147,63 58 47 25 1 24 19 70 67 59 30 35 73 49 57 46 64 26 65 42,tails,regular,3
2026-06-05T11:39:40Z,148,53 74 16 76 3 57 70 26 38 48 43 64 4 9 51 56 50 65 62 69,tails,minor,1
2026-06-05T11:42:20Z,149,3 55 52 40 65 49 10 47 70 78 20 67 29 26 22 58 11 57 60 1,tails,regular,1
2026-06-05T11:45:00Z,150,80 36 55 77 59 30 4 6 8 70 40 50 69 39 43 23 65 37 49 32,evens,major,3
2026-06-05T11:47:40Z,151,30 11 17 28 34 10 21 20 44 38 12 67 5 55 33 78 8 56 49 31,heads,regular,10
2026-06-05T11:50:20Z,152,39 11 58 61 30 65 71 2 64 45 5 35 38 44 21 74 36 72 41 55,tails,regular,3
2026-06-05T11:53:00Z,153,17 80 38 41 29 52 47 34 24 56 73 1 61 32 13 21 27 6 63 50,heads,regular,1
2026-06-05T11:55:40Z,154,71 55 5 34 29 32 59 54 9 49 66 7 77 13 20 42 80 36 50 75,tails,regular,3
2026-06-05T11:58:20Z,155,59 4 15 14 23 65 5 64 34 6 56 3 58 74 52 38 42 21 9 54,heads,regular,2
2026-06-05T12:01:00Z,156,18 30 4 48 10 15 74 79 64 33 49 1 56 29 28 62 5 75 44 47,evens,regular,2
2026-06-05T12:03:40Z,157,77 67 20 6 19 38 40 44 79 3 41 4 24 65 46 9 5 23 34 78,heads,major,1
2026-06-05T12:06:20Z,158,9 25 4 46 57 47 24 6 43 13 32 50 56 37 30 40 23 48 16 29,heads,regular,1
2026-06-05T12:09:00Z,159,67 64 68 14 43 41 18 70 75 65 23 49 66 37 6 27 9 78 8 3,tails,regular,1
2026-06-05T12:11:40Z,160,77 49 26 36 74 73 65 35 25 60 1 2 41 42 47 57 15 40 30 72,tails,regular,3
2026-06-05T12:14:20Z,161,74 4 38 80 2 15 73 23 41 18 72 40 70 10 33 44 34 79 29 61,heads,regular,2
2026-06-05T12:17:00Z,162,22 18 6 36 45 42 9 48 44 11 51 74 24 17 69 43 28 80 16 49,evens,regular,1
2026-06-05T12:19:40Z,163,72 50 53 20 71 56 35 2 29 16 63 64 67 3 59 48 13 44 34 23,tails,regular,2
2026-06-05T12:22:20Z,164,37 19 59 43 28 67 45 68 20 22 16 24 51 41 48 56 23 21 34 63,evens,major,1
2026-06-05T12:25:00Z,165,72 15 17 34 57 6 47 40 78 38 79 48 51 58 60 77 64 46 1 54,tails,regular,1
2026-06-05T12:27:40Z,166,75 39 21 67 16 33 49 1 61 72 37 24 64 46 51 77 4 14 80 69,tails,regular,2
2026-06-05T12:30:20Z,167,33 29 22 40 44 46 30 67 23 32 76 14 80 36 50 6 69 7 34 8,heads,major,1
2026-06-05T12:33:00Z,168,52 5 59 67 60 56 68 66 69 9 48 64 33 37 61 1 73 55 63 45,tails,minor,3
2026-06-05T12:35:40Z,169,19 27 4 47 56 46 73 34 71 21 43 45 42 52 63 13 50 37 75 76,tails,regular,3
2026-06-05T12:38:20Z,170,45 46 25 2 64 31 63 50 19 35 70 74 43 55 4 24 76 73 49 44,tails,minor,1
2026-06-05T12:41:00Z,171,65 25 61 45 62 79 28 64 78 1 56 55 32 80 34 2 3 69 11 31,tails,regular,3
2026-06-05T12:43:40Z,172,37 14 19 23 7 28 57 71 13 18 51 60 41 50 80 62 64 46 8 11,evens,minor,2
2026-06-05T12:46:20Z,173,16 48 77 70 30 15 12 24 6 42 80 2 57 63 55 56 28 44 29 20,evens,regular,3
2026-06-05T12:49:00Z,174,52 6 2 71 32 74 61 49 62 29 54 76 27 11 46 59 18 9 15 22,evens,regular,2
2026-06-05T12:51:40Z,175,77 35 39 58 62 14 64 16 38 5 34 75 32 41 66 73 17 31 18 11,heads,major,2
2026-06-05T12:54:20Z,176,9 12 18 75 1 61 66 52 55 43 79 19 68 54 76 24 58 57 48 34,tails,regular,1
2026-06-05T12:57:00Z,177,1 11 17 55 79 80 21 67 48 71 27 61 36 72 38 31 7 76 43 54,tails,minor,1
2026-06-05T12:59:40Z,178,35 31 19 68 30 61 56 60 13 45 73 63 51 70 42 53 28 67 65 21,tails,regular,1
2026-06-05T13:02:20Z,179,61 70 71 15 25 35 58 1 65 10 4 17 42 6 7 52 46 43 75 2,evens,regular,5
2026-06-05T13:05:00Z,180,4 66 77 70 3 59 36 29 33 57 48 51 63 71 17 42 34 8 64 28,tails,regular,2
2026-06-05T13:07:40Z,181,9 47 64 4 61 62 16 40 26 28 65 42 15 34 72 48 8 7 29 68,heads,minor,3
2026-06-05T13:10:20Z,182,2 67 16 64 4 13 7 44 66 23 77 24 17 10 57 61 30 27 78 42,heads,regular,3
2026-06-05T13:13:00Z,183,26 51 68 52 6 18 1 37 79 32 71 59 55 9 48 45 19 31 27 75,evens,major,3
2026-06-05T13:15:40Z,184,69 4 24 65 54 10 66 12 61 56 52 55 71 49 73 13 31 59 33 36,tails,major,1
2026-06-05T13:18:20Z,185,7 32 58 74 22 60 63 9 57 48 1 29 6 68 79 30 21 36 51 16,heads,major,1
2026-06-05T13:21:00Z,186,71 29 7 60 62 79 14 64 18 65 20 36 39 53 48 6 46 47 19 66,tails,regular,2
2026-06-05T13:23:40Z,187,48 24 63 41 58 77 35 75 78 68 5 51 22 11 65 61 3 21 56 8,tails,regular,3
2026-06-05T13:26:20Z,188,73 65 19 61 28 20 70 74 46 9 76 58 7 21 69 48 10 5 29 64,tails,regular,1
2026-06-05T13:29:00Z,189,29 27 6 18 73 68 65 47 70 1 28 74 32 22 46 78 11 44 56 21,evens,regular,3
2026-06-05T13:31:40Z,190,49 12 24 58 65 76 40 5 75 19 22 30 34 7 79 54 64 52 59 23,evens,minor,1
2026-06-05T13:34:20Z,191,40 55 11 62 35 74 78 5 6 34 44 67 16 75 29 39 60 8 27 41,heads,major,2
2026-06-05T13:37:00Z,192,36 62 76 80 44 67 26 24 74 45 64 60 43 27 22 23 16 54 78 13,tails,minor,1
2026-06-05T13:39:40Z,193,6 24 54 13 42 52 9 55 35 44 56 66 32 50 70 36 41 80 68 71,tails,regular,3
2026-06-05T13:42:20Z,194,23 7 3 72 40 32 63 77 62 44 59 74 2 33 47 8 67 61 42 56,tails,major,3
2026-06-05T13:45:00Z,195,14 59 71 73 16 29 57 2 76 56 4 30 10 50 65 26 27 36 80 15,heads,regular,3
2026-06-05T13:47:40Z,196,62 8 53 44 46 71 43 15 37 59 47 13 32 52 72 70 25 55 64 35,tails,regular,1
2026-06-05T13:50:20Z,197,77 37 64 5 63 76 13 56 14 43 68 72 16 31 25 22 26 42 4 58,evens,regular,1
2026-06-05T13:53:00Z,198,24 65 30 39 28 64 61 16 4 21 36 50 45 23 54 33 19 26 66 68,heads,minor,4
2026-06-05T13:55:40Z,199,31 71 5 56 65 69 58 11 29 17 44 10 76 43 78 16 13 45 36 21,evens,regular,3
2026-06-05T13:58:20Z,200,25 59 70 29 31 78 62 61 75 4 79 74 26 57 48 60 67 71 11 28,tails,minor,2
2026-06-05T14:01:00Z,201,77 47 30 46 68 34 64 72 31 59 52 11 79 6 2 50 60 63 62 18,tails,minor,3
2026-06-05T14:03:40Z,202,64 27 36 74 2 40 54 51 43 21 71 78 69 25 29 63 16 9 35 38,heads,regular,2
2026-06-05T14:06:20Z,203,72 41 34 24 48 30 65 9 18 58 6 21 36 71 37 28 35 56 55 60,heads,regular,3
2026-06-05T14:09:00Z,204,6 33 15 26 14 60 29 30 25 37 24 21 39 43 8 12 71 20 76 2,heads,regular,1
2026-06-05T14:11:40Z,205,58 76 32 18 56 53 63 51 57 1 54 7 49 37 14 42 72 8 25 75,tails,major,4
2026-06-05T14:14:20Z,206,9 20 50 75 31 41 36 80 10 11 78 1 45 76 57 68 64 18 7 65,tails,regular,10
2026-06-05T14:17:00Z,207,7 2 55 49 62 71 16 37 8 46 56 12 52 27 21 22 29 19 35 53,heads,minor,3
2026-06-05T14:19:40Z,208,12 69 4 5 52 45 67 9 24 30 8 65 77 59 23 61 68 3 38 39,heads,regular,4
2026-06-05T14:22:20Z,209,8 12 61 46 31 67 80 37 55 4 35 74 33 64 51 41 65 50 15 43,tails,major,3
2026-06-05T14:25:00Z,210,38 29 70 39 77 2 48 37 58 64 80 54 75 66 60 65 30 4 44 78,tails,minor,3
2026-06-05T14:27:40Z,211,77 57 64 27 41 80 49 12 75 66 18 4 17 61 73 37 51 32 33 54,tails,minor,1
2026-06-05T14:30:20Z,212,15 73 20 77 52 27 69 28 41 12 56 74 29 53 68 63 5 37 51 35,tails,regular,2
2026-06-05T14:33:00Z,213,68 35 3 69 20 80 75 27 21 61 7 40 64 58 5 62 15 71 76 77,tails,minor,1
2026-06-05T14:35:40Z,214,19 13 22 47 64 63 20 31 6 23 70 78 16 10 60 62 29 11 34 72,heads,regular,3
2026-06-05T14:38:20Z,215,37 77 63 45 44 8 40 50 36 2 70 22 38 69 74 51 64 31 32 60,tails,minor,3
2026-06-05T14:41:00Z,216,61 30 6 68 2 4 79 37 38 47 74 56 16 44 34 76 33 8 73 43,evens,minor,3
2026-06-05T14:43:40Z,217,36 70 47 25 80 66 40 73 33 35 67 53 10 78 34 24 2 74 49 79,tails,regular,1
2026-06-05T14:46:20Z,218,8 21 28 51 34 46 43 38 6 75 41 33 23 3 55 40 13 17 56 61,heads,regular,1
2026-06-05T14:49:00Z,219,16 28 32 6 29 69 21 41 72 38 20 3 13 48 65 77 25 67 59 55,heads,minor,2
2026-06-05T14:51:40Z,220,64 67 30 2 78 73 27 24 35 77 22 10 60 23 39 40 5 34 9 62,heads,minor,2
2026-06-05T14:54:20Z,221,44 30 68 73 1 8 15 31 24 10 67 39 18 80 9 66 55 12 35 71,heads,regular,3
2026-06-05T14:57:00Z,222,25 49 2 79 20 26 22 23 27 11 68 75 64 62 21 13 5 50 54 40,heads,regular,1
2026-06-05T14:59:40Z,223,24 72 28 65 70 27 19 15 12 10 69 11 54 3 23 49 5 73 42 40,heads,regular,1
2026-06-05T15:02:20Z,224,11 44 49 70 50 68 57 40 17 53 4 31 62 61 80 51 33 37 16 34,tails,minor,2
2026-06-05T15:05:00Z,225,15 30 31 52 28 41 6 60 74 50 21 26 46 24 61 36 34 32 54 13,heads,regular,2
2026-06-05T15:07:40Z,226,73 42 40 7 67 31 68 71 17 39 5 1 28 62 72 2 9 45 32 16,heads,minor,5
2026-06-05T15:10:20Z,227,58 62 16 19 47 26 63 52 25 44 53 4 9 35 37 80 50 3 33 6,heads,major,1
2026-06-05T15:13:00Z,228,45 62 53 49 20 25 52 19 61 80 27 24 64 72 74 30 8 38 7 1,evens,minor,2
2026-06-05T15:15:40Z,229,29 54 76 38 40 41 56 8 70 37 71 5 69 61 39 46 64 24 16 25,evens,major,1
2026-06-05T15:18:20Z,230,68 61 44 31 53 10 65 20 5 79 8 9 18 35 45 26 54 42 40 46,evens,regular,1
2026-06-05T15:21:00Z,231,32 73 53 74 60 79 50 39 12 65 55 2 3 26 14 15 19 17 5 34,heads,minor,5
2026-06-05T15:23:40Z,232,38 32 70 11 68 64 18 65 71 30 42 78 33 49 76 66 54 3 5 35,tails,regular,1
2026-06-05T15:26:20Z,233,43 2 25 1 75 61 37 45 65 28 49 22 78 67 4 11 24 29 40 27,heads,regular,1
2026-06-05T15:29:00Z,234,77 36 30 41 63 6 33 5 23 68 80 27 15 24 43 14 13 56 17 59,heads,minor,1
2026-06-05T15:31:40Z,235,14 41 32 47 71 16 60 38 7 74 26 69 62 31 75 67 61 9 56 43,tails,regular,1
2026-06-05T15:34:20Z,236,48 13 30 53 17 32 47 61 44 42 5 64 11 31 8 3 18 34 69 26,heads,regular,1
2026-06-05T15:37:00Z,237,60 45 67 10 27 14 3 65 29 8 32 39 80 42 77 57 62 51 17 61,tails,regular,2
2026-06-05T15:39:40Z,238,33 3 49 22 10 1 9 62 6 35 61 52 36 34 67 43 51 31 74 47,heads,regular,3
2026-06-05T15:42:20Z,239,57 58 15 66 56 61 50 12 29 1 10 7 76 3 52 59 67 70 16 78,tails,regular,2
2026-06-05T15:45:00Z,240,42 28 22 65 68 60 25 43 63 71 31 44 19 27 20 58 17 70 52 64,tails,minor,2
2026-06-05T15:47:40Z,241,78 53 26 17 45 57 50 29 4 1 79 16 7 18 35 73 65 59 38 28,heads,regular,1
2026-06-05T15:50:20Z,242,3 74 61 34 12 66 28 15 51 46 26 63 52 73 16 43 67 6 2 4,evens,minor,2
2026-06-05T15:53:00Z,243,18 78 24 53 66 4 37 62 35 23 57 36 76 60 40 52 9 13 80 33,heads,minor,3
2026-06-05T15:55:40Z,244,22 52 7 63 56 26 42 58 8 54 2 16 13 11 50 62 12 39 44 20,heads,regular,1
2026-06-05T15:58:20Z,245,40 75 6 79 52 31 54 4 57 18 1 48 50 11 5 26 71 77 24 43,evens,minor,4
2026-06-05T16:01:00Z,246,37 11 76 71 63 8 34 38 1 31 18 68 61 58 26 50 19 22 5 27,heads,minor,2
2026-06-05T16:03:40Z,247,8 51 42 9 48 3 69 20 32 74 35 31 21 23 10 55 52 62 50 11,heads,minor,1
2026-06-05T16:06:20Z,248,77 37 28 6 55 25 66 5 26 51 9 35 58 2 19 71 47 43 1 60,heads,minor,10
2026-06-05T16:09:00Z,249,1 9 3 35 66 62 48 41 53 78 59 29 56 39 21 40 77 72 67 65,tails,regular,5
2026-06-05T16:11:40Z,250,30 75 14 57 40 32 15 74 44 76 59 80 19 36 10 47 61 8 11 20,heads,minor,1
2026-06-05T16:14:20Z,251,79 68 34 73 74 35 1 27 58 46 12 11 25 40 61 30 39 36 17 60,heads,minor,3
2026-06-05T16:17:00Z,252,20 1 62 68 21 72 70 36 23 51 31 50 47 16 46 66 77 37 9 24,evens,major,1
2026-06-05T16:19:40Z,253,8 72 2 10 29 4 35 23 38 71 25 70 51 3 34 61 19 42 41 27,heads,regular,3
2026-06-05T16:22:20Z,254,59 27 44 28 75 72 60 23 38 18 51 41 43 7 47 26 39 2 22 53,evens,regular,2
2026-06-05T16:25:00Z,255,26 55 35 60 66 76 19 27 14 72 74 43 3 20 58 44 15 48 64 61,tails,regular,2
2026-06-05T16:27:40Z,256,2 36 77 8 24 59 9 62 42 58 1 5 29 65 67 43 28 52 78 19,evens,major,2
2026-06-05T16:30:20Z,257,22 15 29 42 31 36 41 47 49 68 5 69 23 45 50 30 8 34 35 11,heads,regular,2
2026-06-05T16:33:00Z,258,30 10 35 54 62 80 8 46 53 59 13 72 48 42 20 31 15 18 25 70,evens,regular,2
2026-06-05T16:35:40Z,259,25 10 40 19 5 44 33 16 15 23 61 45 53 76 52 55 59 24 65 39,heads,regular,1
2026-06-05T16:38:20Z,260,15 57 23 72 73 28 62 5 71 70 77 46 60 45 40 79 31 3 74 41,tails,regular,3
2026-06-05T16:41:00Z,261,15 21 42 43 50 3 12 14 55 24 53 80 69 57 74 33 63 9 46 77,tails,regular,2
2026-06-05T16:43:40Z,262,64 55 23 28 2 70 73 53 42 33 8 58 59 51 14 50 41 57 30 77,tails,regular,1
2026-06-05T16:46:20Z,263,31 73 40 63 19 69 53 60 32 21 9 74 75 34 43 79 45 58 36 23,tails,minor,2
2026-06-05T16:49:00Z,264,7 14 26 36 67 12 13 20 15 9 19 56 68 80 74 76 10 79 48 70,heads,regular,3
2026-06-05T16:51:40Z,265,37 25 23 63 79 46 55 41 38 17 7 72 4 78 76 44 28 26 52 8,evens,regular,2
2026-06-05T16:54:20Z,266,6 3 72 24 61 5 42 38 46 17 71 60 21 32 7 43 1 28 36 41,heads,regular,3
2026-06-05T16:57:00Z,267,38 60 4 15 25 80 77 56 18 9 46 47 67 53 69 31 44 10 55 65,tails,major,1
2026-06-05T16:59:40Z,268,67 42 47 12 58 71 79 4 80 63 54 18 65 19 29 73 27 35 7 14,tails,regular,2
2026-06-05T17:02:20Z,269,23 19 2 73 51 53 9 52 11 64 34 65 30 41 78 17 63 45 74 58,tails,regular,4
2026-06-05T17:05:00Z,270,8 48 6 64 76 2 55 7 9 72 67 68 19 52 33 39 44 53 59 69,tails,minor,3
2026-06-05T17:07:40Z,271,46 42 72 76 32 63 45 26 65 58 40 50 36 62 74 66 64 15 31 17,tails,regular,1
2026-06-05T17:10:20Z,272,49 43 38 41 23 31 28 29 7 52 39 17 15 3 74 59 4 35 75 27,heads,regular,3
2026-06-05T17:13:00Z,273,73 56 43 64 30 28 41 44 31 18 62 27 70 6 63 52 74 21 50 49,tails,regular,1
2026-06-05T17:15:40Z,274,65 30 19 25 16 24 32 23 15 46 61 9 18 1 62 41 51 63 78 14,heads,regular,1
2026-06-05T17:18:20Z,275,80 26 3 41 22 49 32 35 45 19 54 33 50 70 42 1 52 34 21 60,evens,minor,4
2026-06-05T17:21:00Z,276,13 42 2 9 4 18 43 23 60 39 73 15 54 3 62 75 31 71 40 6,heads,major,2
2026-06-05T17:23:40Z,277,15 2 38 16 57 37 14 36 30 40 61 42 45 51 53 67 75 3 25 41,heads,minor,3
2026-06-05T17:26:20Z,278,32 17 54 66 27 50 37 23 45 28 25 6 61 7 22 19 58 16 68 21,heads,minor,1
2026-06-05T17:29:00Z,279,48 8 26 5 25 31 34 52 56 47 72 23 58 16 3 57 69 62 1 17,heads,regular,1
2026-06-05T17:31:40Z,280,47 11 70 63 34 16 45 60 6 68 13 75 12 9 8 71 5 22 53 64,evens,regular,2
2026-06-05T17:34:20Z,281,31 38 53 66 32 56 22 79 75 23 78 24 30 50 2 35 36 11 19 51,heads,minor,2
2026-06-05T17:37:00Z,282,44 71 74 46 63 32 45 42 73 35 60 65 12 16 7 53 14 34 10 72,tails,minor,2
2026-06-05T17:39:40Z,283,75 41 21 47 66 25 13 45 27 55 8 67 4 43 9 69 56 71 54 61,tails,regular,3
2026-06-05T17:42:20Z,284,66 63 73 60 49 78 38 57 18 42 65 21 76 43 72 46 48 24 20 77,tails,minor,1
2026-06-05T17:45:00Z,285,72 37 45 73 5 12 61 59 42 39 30 24 18 27 75 19 57 56 41 29,evens,regular,3
2026-06-05T17:47:40Z,286,76 17 26 12 32 20 21 30 34 31 38 25 39 51 8 53 14 29 24 72,heads,regular,2
2026-06-05T17:50:20Z,287,23 72 40 43 67 57 2 46 69 39 16 18 75 44 63 42 25 12 33 9,evens,regular,2
2026-06-05T17:53:00Z,288,37 62 46 3 6 2 24 65 14 40 63 64 35 39 71 23 72 75 29 1,heads,regular,2
2026-06-05T17:55:40Z,289,4 13 78 69 21 59 46 31 73 22 52 80 42 45 2 24 15 10 1 72,evens,regular,1
2026-06-05T17:58:20Z,290,31 8 10 33 27 80 66 11 65 32 26 75 53 78 3 37 49 44 69 52,evens,regular,2
2026-06-05T18:01:00Z,291,19 71 79 6 36 15 4 23 24 66 9 46 47 45 74 8 70 3 59 27,heads,regular,2
2026-06-05T18:03:40Z,292,72 57 19 64 26 8 29 14 24 38 74 56 46 23 33 34 71 73 51 60,evens,major,3
2026-06-05T18:06:20Z,293,73 25 51 70 65 47 49 60 26 53 27 64 22 45 57 76 79 29 36 44,tails,major,4
2026-06-05T18:09:00Z,294,37 11 67 36 21 54 62 48 1 68 15 24 59 58 25 2 33 35 49 44,heads,regular,2
2026-06-05T18:11:40Z,295,12 71 38 25 33 31 50 64 75 5 34 47 60 27 35 67 26 20 15 29,heads,major,2
2026-06-05T18:14:20Z,296,7 29 20 34 25 67 63 5 53 37 70 30 32 41 42 10 31 2 3 69,heads,regular,3
2026-06-05T18:17:00Z,297,71 15 58 77 80 3 74 27 49 72 20 40 21 7 17 78 35 1 18 41,heads,regular,3
2026-06-05T18:19:40Z,298,48 22 64 70 59 20 32 57 55 40 29 19 35 25 43 45 12 42 39 41,evens,regular,1
2026-06-05T18:22:20Z,299,6 76 29 71 53 22 39 63 47 65 43 14 7 67 2 46 70 25 28 38,evens,minor,2
2026-06-05T18:25:00Z,300,61 17 32 48 49 14 2 38 60 29 27 55 54 51 44 69 13 40 7 58,evens,regular,1
2026-06-05T18:27:40Z,301,24 44 69 14 37 27 38 40 71 57 50 33 43 28 20 42 49 8 41 52,evens,minor,3
2026-06-05T18:30:20Z,302,58 34 77 61 71 74 4 37 49 80 38 75 70 24 6 65 45 40 13 29,tails,regular,3
2026-06-05T18:33:00Z,303,67 12 33 69 9 71 11 21 61 46 4 45 73 53 15 44 25 63 65 76,tails,regular,3
2026-06-05T18:35:40Z,304,17 41 45 7 8 16 79 65 39 37 55 18 21 62 22 52 1 4 20 10,heads,minor,3
2026-06-05T18:38:20Z,305,75 29 1 35 77 26 80 63 37 32 67 53 58 11 10 65 8 57 13 70,evens,regular,3
2026-06-05T18:41:00Z,306,1 74 37 65 32 4 15 58 14 66 2 78 50 20 47 54 25 59 31 77,evens,major,3
2026-06-05T18:43:40Z,307,47 22 68 6 36 48 18 55 8 12 75 69 61 73 51 2 13 46 50 79,tails,regular,2
2026-06-05T18:46:20Z,308,40 43 76 17 62 73 61 78 2 68 37 52 39 80 44 6 28 67 26 56,tails,minor,3
2026-06-05T18:49:00Z,309,15 35 46 44 30 59 76 2 70 29 27 3 13 58 65 71 53 6 55 21,evens,regular,1
2026-06-05T18:51:40Z,310,61 12 57 67 75 4 7 13 80 1 52 34 21 55 14 6 22 23 63 27,heads,regular,1
2026-06-05T18:54:20Z,311,61 17 39 19 67 63 38 53 52 33 72 75 59 71 7 60 13 54 58 37,tails,regular,2
2026-06-05T18:57:00Z,312,4 67 24 77 39 52 49 12 23 61 5 37 14 21 2 76 62 1 71 9,heads,minor,1
2026-06-05T18:59:40Z,313,24 38 52 64 59 47 73 8 72 39 6 54 14 25 49 60 69 65 12 23,tails,minor,1
2026-06-05T19:02:20Z,314,3 42 51 18 31 10 49 57 9 12 66 28 41 29 43 30 33 20 17 53,heads,regular,10
2026-06-05T19:05:00Z,315,26 53 38 35 56 25 23 59 48 16 29 32 66 1 41 58 45 12 21 28,heads,regular,3
2026-06-05T19:07:40Z,316,77 29 49 48 52 27 5 47 17 2 8 44 25 39 53 15 78 23 46 45,evens,regular,3
2026-06-05T19:10:20Z,317,44 26 23 49 37 46 64 39 57 68 3 7 51 74 36 20 27 40 65 21,heads,regular,1
2026-06-05T19:13:00Z,318,20 10 76 12 79 30 57 70 48 71 77 63 56 65 47 58 46 49 59 72,tails,regular,1
2026-06-05T19:15:40Z,319,48 70 18 71 56 22 31 67 64 75 4 3 33 27 58 30 43 63 62 72,tails,regular,2
2026-06-05T19:18:20Z,320,5 47 67 54 14 41 71 52 13 80 75 51 50 2 57 29 70 1 39 68,tails,minor,3
2026-06-05T19:21:00Z,321,79 38 59 54 4 10 19 71 36 55 67 20 69 47 78 64 13 22 3 60,tails,minor,2
2026-06-05T19:23:40Z,322,65 28 62 35 73 20 47 7 26 25 66 8 76 21 13 11 52 12 45 58,heads,regular,3
2026-06-05T19:26:20Z,323,79 27 62 78 36 66 17 80 56 9 39 64 60 38 25 77 75 28 10 49,tails,regular,1
2026-06-05T19:29:00Z,324,2 39 49 33 21 58 73 13 43 66 20 29 77 42 16 48 78 8 36 17,heads,regular,1
2026-06-05T19:31:40Z,325,30 12 58 43 67 17 20 42 72 65 19 52 60 79 2 44 41 37 38 66,tails,regular,2
2026-06-05T19:34:20Z,326,34 12 52 59 80 70 32 63 33 8 67 23 75 9 60 62 42 72 71 36,tails,regular,2
2026-06-05T19:37:00Z,327,38 11 46 52 35 33 5 14 45 54 71 7 31 29 63 66 79 8 64 22,heads,regular,1
2026-06-05T19:39:40Z,328,30 68 11 42 38 50 5 46 54 33 21 51 15 61 18 23 44 60 62 29,evens,regular,3
2026-06-05T19:42:20Z,329,12 53 20 29 25 37 15 13 80 10 21 19 41 78 32 72 58 11 66 56,heads,minor,3
2026-06-05T19:45:00Z,330,7 4 24 78 75 69 67 37 10 64 34 47 55 61 59 14 58 62 74 52,tails,regular,1
2026-06-05T19:47:40Z,331,42 25 56 64 23 26 55 2 15 39 30 76 20 69 75 74 29 47 49 37,evens,minor,1
2026-06-05T19:50:20Z,332,60 28 50 47 16 72 52 23 36 58 70 26 75 25 38 35 14 29 46 54,evens,regular,1
2026-06-05T19:53:00Z,333,79 3 69 37 78 49 58 74 54 47 73 11 48 25 4 10 66 68 30 34,tails,regular,2
2026-06-05T19:55:40Z,334,20 70 25 27 51 75 13 16 5 46 19 39 4 58 49 32 72 44 23 28,heads,regular,3
2026-06-05T19:58:20Z,335,40 46 35 49 12 64 68 69 52 24 80 20 3 71 76 50 29 60 33 38,tails,minor,1
2026-06-05T20:01:00Z,336,28 13 54 31 74 59 77 5 79 22 11 4 50 39 52 7 61 58 70 33,evens,major,1
2026-06-05T20:03:40Z,337,4 2 5 6 56 60 76 63 71 72 13 24 78 18 62 65 41 47 59 58,tails,regular,2
2026-06-05T20:06:20Z,338,69 72 25 35 47 45 60 18 59 68 33 78 80 5 9 57 27 51 21 28,tails,regular,1
2026-06-05T20:09:00Z,339,40 36 65 28 18 13 53 64 51 25 67 31 74 57 45 66 17 20 38 70,evens,regular,2
2026-06-05T20:11:40Z,340,21 62 30 28 75 2 48 74 40 56 4 29 12 58 20 31 34 33 65 79,heads,regular,2
2026-06-05T20:14:20Z,341,29 59 14 26 55 23 76 77 62 37 22 51 16 17 61 72 25 45 3 80,evens,minor,3
2026-06-05T20:17:00Z,342,31 14 13 27 50 44 33 79 30 15 29 61 75 53 2 20 25 21 78 70,heads,regular,3
2026-06-05T20:19:40Z,343,28 79 10 61 48 11 39 49 24 75 34 71 16 29 78 9 21 56 59 50,evens,minor,1
2026-06-05T20:22:20Z,344,53 54 65 48 52 67 32 39 16 72 21 18 57 5 4 25 9 49 80 51,tails,regular,2
2026-06-05T20:25:00Z,345,47 29 45 28 66 22 39 37 75 65 73 68 79 17 16 24 23 6 74 20,heads,minor,1
2026-06-05T20:27:40Z,346,51 40 25 64 77 21 75 52 18 54 71 16 63 9 65 61 24 68 80 4,tails,regular,1
2026-06-05T20:30:20Z,347,11 30 34 48 28 14 3 67 15 63 51 79 54 4 80 1 37 44 52 75,evens,minor,4
2026-06-05T20:33:00Z,348,15 44 25 78 34 21 47 63 75 61 32 40 14 18 20 9 79 12 62 24,heads,regular,1
2026-06-05T20:35:40Z,349,72 2 13 51 61 60 12 4 79 30 63 22 33 59 80 23 34 55 56 38,evens,minor,1
2026-06-05T20:38:20Z,350,39 57 15 54 67 74 62 24 10 47 42 27 21 3 70 18 16 8 58 76,evens,major,1
2026-06-05T20:41:00Z,351,16 23 65 60 18 46 69 1 59 28 48 43 12 35 32 49 21 40 10 38,heads,regular,1
2026-06-05T20:43:40Z,352,34 14 20 77 29 45 36 37 79 18 5 48 51 16 54 76 64 70 13 56,evens,regular,10
2026-06-05T20:46:20Z,353,39 64 44 59 37 15 10 61 30 8 60 80 38 18 71 57 25 21 16 12,heads,regular,1
2026-06-05T20:49:00Z,354,4 79 77 36 58 70 51 47 73 45 28 49 71 7 57 6 69 44 5 68,tails,regular,1
2026-06-05T20:51:40Z,355,52 59 20 79 4 26 7 8 45 15 76 40 53 68 56 47 23 17 30 74,evens,regular,3
2026-06-05T20:54:20Z,356,38 58 45 74 70 56 26 48 61 40 43 57 80 62 28 52 29 34 6 27,tails,minor,1
2026-06-05T20:57:00Z,357,75 54 43 17 11 57 39 36 32 50 70 34 68 76 60 6 48 71 55 73,tails,regular,1
2026-06-05T20:59:40Z,358,10 17 80 75 9 56 54 27 63 11 46 25 26 6 33 58 16 41 20 55,heads,regular,1
2026-06-05T21:02:20Z,359,38 64 78 79 39 3 37 71 49 33 15 72 17 14 55 62 7 4 1 27,heads,regular,1
2026-06-05T21:05:00Z,360,57 9 67 55 15 3 45 20 60 79 73 40 38 13 21 78 14 70 24 65,evens,regular,2
2026-06-05T21:07:40Z,361,78 33 5 4 64 77 20 37 63 43 39 19 80 54 69 40 65 70 49 8,tails,regular,2
2026-06-05T21:10:20Z,362,80 75 68 27 18 79 52 58 61 33 63 17 11 20 23 45 26 32 70 51,tails,regular,1
2026-06-05T21:13:00Z,363,54 16 41 32 30 68 44 70 47 8 12 38 64 78 55 66 22 42 29 36,tails,regular,1
2026-06-05T21:15:40Z,364,23 71 54 65 39 36 6 18 56 38 50 70 51 47 20 14 19 60 34 42,evens,regular,1
2026-06-05T21:18:20Z,365,27 70 24 64 48 56 68 78 23 12 80 14 77 74 32 1 10 16 5 29,heads,minor,1
2026-06-05T21:21:00Z,366,14 15 80 56 35 52 64 76 79 55 31 23 71 24 53 8 59 42 69 6,tails,regular,1
2026-06-05T21:23:40Z,367,28 61 77 34 10 31 27 16 41 40 11 75 66 23 25 44 53 35 17 26,heads,regular,3
2026-06-05T21:26:20Z,368,79 51 58 20 56 12 46 66 29 71 39 8 21 70 37 24 28 31 18 59,heads,minor,10
2026-06-05T21:29:00Z,369,68 58 53 36 42 56 78 6 63 46 22 32 43 18 19 10 76 39 67 80,tails,regular,1
2026-06-05T21:31:40Z,370,38 67 73 18 21 6 57 33 7 12 24 62 17 52 46 44 8 16 4 69,heads,regular,1
2026-06-05T21:34:20Z,371,76 4 22 65 70 34 11 67 64 28 16 75 24 78 13 69 48 8 23 45,evens,regular,2
2026-06-05T21:37:00Z,372,9 22 41 40 74 37 70 62 80 73 54 53 1 31 64 3 13 30 32 36,heads,regular,2
2026-06-05T21:39:40Z,373,53 63 51 80 46 29 59 9 13 42 6 11 70 49 31 27 43 68 79 60,tails,minor,2
2026-06-05T21:42:20Z,374,10 44 28 50 33 6 59 41 42 5 52 74 61 13 37 68 3 30 60 14,evens,minor,1
2026-06-05T21:45:00Z,375,54 9 53 76 41 20 24 21 37 39 17 71 27 2 78 50 33 13 48 19,heads,regular,1
2026-06-05T21:47:40Z,376,67 40 69 4 8 5 47 24 19 64 37 56 65 71 46 12 50 78 30 77,tails,major,1
2026-06-05T21:50:20Z,377,8 41 79 37 57 25 47 18 65 9 36 17 49 16 3 70 52 13 73 34,heads,regular,2
2026-06-05T21:53:00Z,378,70 30 37 14 67 15 75 66 71 4 34 49 54 35 11 69 57 40 61 72,tails,minor,3
2026-06-05T21:55:40Z,379,17 19 5 64 52 62 16 49 1 33 28 24 47 36 79 48 56 51 7 13,heads,regular,3
2026-06-05T21:58:20Z,380,78 3 6 16 62 64 45 69 29 47 79 39 2 8 77 31 72 5 57 49,tails,regular,4
2026-06-05T22:01:00Z,381,12 10 24 20 63 30 52 64 50 68 47 6 61 37 31 22 46 15 56 40,heads,regular,5
2026-06-05T22:03:40Z,382,24 67 70 74 42 16 50 39 61 52 41 20 71 33 8 17 22 54 34 43,tails,regular,4
2026-06-05T22:06:20Z,383,48 54 70 8 4 74 76 47 13 14 10 73 65 5 80 26 50 53 2 33,tails,minor,10
2026-06-05T22:09:00Z,384,78 62 49 32 27 10 20 43 8 35 63 80 46 36 70 12 65 33 19 68,evens,minor,3
2026-06-05T22:11:40Z,385,38 20 37 75 65 51 6 44 60 14 67 80 8 25 63 42 11 53 30 32,evens,regular,3
2026-06-05T22:14:20Z,386,61 6 16 75 62 65 7 46 55 68 3 45 31 25 33 59 53 58 40 2,tails,regular,2
2026-06-05T22:17:00Z,387,31 49 59 6 52 28 70 40 19 64 21 23 61 2 79 33 36 15 48 17,heads,regular,2
2026-06-05T22:19:40Z,388,17 28 36 39 50 60 44 72 18 26 22 45 56 8 61 77 78 15 4 31,heads,minor,3
2026-06-05T22:22:20Z,389,55 42 72 61 74 11 75 43 19 50 1 78 4 23 26 45 15 37 53 30,tails,minor,2
2026-06-05T22:25:00Z,390,64 46 25 18 12 77 41 1 74 24 40 15 79 58 45 6 37 76 80 39,evens,regular,3
2026-06-05T22:27:40Z,391,31 52 65 79 8 16 64 56 38 1 72 13 50 58 7 27 19 41 24 42,evens,minor,3
2026-06-05T22:30:20Z,392,38 40 28 80 26 55 71 49 14 77 22 16 34 13 74 46 12 19 64 35,heads,regular,1
2026-06-05T22:33:00Z,393,4 6 7 56 11 53 31 68 35 32 67 60 37 13 42 65 58 5 63 3,heads,regular,3
2026-06-05T22:35:40Z,394,7 53 34 67 57 35 15 6 79 19 39 61 37 25 69 48 72 20 54 65,evens,regular,4
2026-06-05T22:38:20Z,395,49 57 26 55 5 72 80 65 71 75 9 29 34 22 10 44 25 74 54 43,tails,regular,1
2026-06-05T22:41:00Z,396,14 65 59 62 32 34 24 77 78 36 3 49 13 33 76 22 8 47 12 56,heads,regular,1
2026-06-05T22:43:40Z,397,74 21 50 7 36 8 32 48 16 18 41 69 77 34 61 25 24 2 26 65,heads,regular,2
2026-06-05T22:46:20Z,398,32 18 72 65 74 53 64 11 2 62 7 61 28 17 51 39 27 54 9 78,evens,regular,3
2026-06-05T22:49:00Z,399,26 73 49 56 74 4 40 11 9 16 6 69 57 2 34 43 72 21 66 64,evens,regular,1
2026-06-05T22:51:40Z,400,36 48 55 77 60 54 39 31 18 58 15 52 20 78 61 68 63 16 38 79,tails,regular,3
2026-06-05T22:54:20Z,401,18 49 76 39 6 54 62 59 63 19 12 46 58 5 37 26 20 72 13 35,heads,minor,4
2026-06-05T22:57:00Z,402,73 18 32 17 55 4 47 78 54 80 41 59 20 58 62 10 21 75 36 44,tails,regular,1
2026-06-05T22:59:40Z,403,25 15 69 36 37 48 24 55 13 80 8 63 65 39 7 51 3 40 29 71,heads,regular,1
2026-06-05T23:02:20Z,404,53 36 7 78 42 74 65 51 62 61 50 56 32 79 10 38 2 47 60 6,tails,regular,1
2026-06-05T23:05:00Z,405,5 19 23 56 45 2 48 73 36 51 57 8 55 32 29 10 41 17 42 62,evens,regular,1
2026-06-05T23:07:40Z,406,42 26 22 21 46 78 65 53 60 68 52 18 7 79 41 9 20 50 25 64,tails,regular,2
2026-06-05T23:10:20Z,407,39 45 37 68 57 58 3 1 4 48 80 16 65 55 10 24 43 50 69 79,tails,major,4
2026-06-05T23:13:00Z,408,31 37 33 40 38 65 11 34 66 52 47 20 36 23 6 3 45 54 41 28,heads,regular,1
2026-06-05T23:15:40Z,409,17 65 71 4 2 61 28 3 24 47 67 11 22 72 41 59 39 73 50 64,tails,regular,1
2026-06-05T23:18:20Z,410,12 14 71 77 47 27 3 42 57 78 31 36 76 13 21 17 44 10 22 39,heads,regular,1
2026-06-05T23:21:00Z,411,14 21 24 60 37 75 53 80 49 70 38 44 46 45 63 57 58 1 56 54,tails,regular,3
2026-06-05T23:23:40Z,412,64 37 45 70 50 10 75 27 43 5 65 54 26 36 44 33 67 76 57 41,tails,regular,1
2026-06-05T23:26:20Z,413,72 69 80 52 11 43 66 68 6 13 36 73 38 19 5 42 14 56 1 15,evens,regular,3
2026-06-05T23:29:00Z,414,26 54 66 39 17 11 18 72 60 69 30 8 80 24 63 67 42 37 45 6,evens,regular,1
2026-06-05T23:31:40Z,415,2 6 65 75 49 33 8 45 50 38 72 34 43 62 59 79 61 64 25 66,tails,regular,10
2026-06-05T23:34:20Z,416,27 53 2 3 22 80 65 42 5 59 70 11 46 56 44 66 24 14 34 51,tails,regular,3
2026-06-05T23:37:00Z,417,27 75 2 18 29 12 6 37 70 43 26 8 41 64 17 28 11 22 72 20,heads,regular,1
2026-06-05T23:39:40Z,418,44 52 27 1 26 8 5 12 25 71 31 4 17 67 19 65 16 30 21 14,heads,regular,1
2026-06-05T23:42:20Z,419,77 47 38 75 23 3 64 49 35 61 52 48 6 29 60 69 28 14 33 5,evens,regular,3
2026-06-05T23:45:00Z,420,74 75 64 7 67 32 29 38 50 62 20 14 40 3 49 33 8 44 26 45,heads,regular,2
2026-06-05T23:47:40Z,421,10 53 23 46 63 58 19 69 42 20 47 15 80 65 38 75 37 51 30 5,tails,regular,2
2026-06-05T23:50:20Z,422,8 61 52 53 50 23 47 28 27 62 22 2 67 41 13 77 63 40 73 7,tails,regular,3
2026-06-05T23:53:00Z,423,72 78 30 43 9 69 56 1 25 55 70 29 3 21 53 76 46 50 12 74,tails,major,3
2026-06-05T23:55:40Z,424,16 42 73 75 10 40 36 6 68 65 9 61 32 78 2 28 46 64 50 80,tails,regular,3
2026-06-05T23:58:20Z,425,42 45 67 32 75 44 33 35 39 12 70 56 22 72 34 68 9 28 63 61,tails,minor,1
2026-06-06T00:01:00Z,426,23 14 62 17 56 30 71 7 32 28 41 73 47 13 31 54 46 33 9 50,heads,regular,1
2026-06-06T00:03:40Z,427,54 34 61 10 51 41 21 6 60 18 77 7 63 39 30 42 74 27 69 26,evens,regular,2
2026-06-06T00:06:20Z,428,80 9 48 1 2 13 46 37 21 74 75 23 22 35 61 31 72 50 8 32,heads,regular,3
2026-06-06T00:09:00Z,429,8 72 27 48 36 21 53 73 5 2 16 38 61 6 33 60 31 40 25 46,heads,major,2
2026-06-06T00:11:40Z,430,4 65 35 2 43 63 26 51 45 13 69 38 79 3 66 75 7 56 49 1,tails,minor,4
2026-06-06T00:14:20Z,431,19 80 18 79 37 13 76 72 69 15 78 43 48 47 33 60 28 1 49 75,tails,minor,2
2026-06-06T00:17:00Z,432,70 80 37 40 72 76 46 75 19 8 41 59 57 6 21 28 68 47 71 3,tails,regular,3
2026-06-06T00:19:40Z,433,64 56 68 77 18 20 15 48 76 7 25 67 30 55 22 53 33 1 71 42,tails,major,4
2026-06-06T00:22:20Z,434,34 32 23 17 56 55 67 51 50 44 77 7 69 41 53 26 52 11 76 61,tails,regular,1
2026-06-06T00:25:00Z,435,39 30 43 1 7 48 8 18 25 28 3 51 19 56 63 76 26 35 13 79,heads,regular,2
2026-06-06T00:27:40Z,436,14 48 46 28 56 67 25 60 76 2 53 6 70 75 50 23 29 5 18 24,evens,regular,2
2026-06-06T00:30:20Z,437,17 1 14 55 60 30 41 63 13 45 70 48 67 25 51 26 54 5 64 49,tails,regular,2
2026-06-06T00:33:00Z,438,38 52 7 62 75 47 10 12 20 51 72 36 37 13 6 5 39 54 63 27,heads,regular,3
2026-06-06T00:35:40Z,439,72 14 62 27 28 78 49 52 47 40 18 59 55 19 74 54 11 73 76 65,tails,minor,1
2026-06-06T00:38:20Z,440,30 55 36 3 33 19 28 12 40 46 42 21 25 34 57 79 16 32 27 11,heads,minor,3
2026-06-06T00:41:00Z,441,9 10 26 34 75 56 48 54 17 8 3 49 42 70 74 28 31 66 53 33,evens,regular,1
2026-06-06T00:43:40Z,442,69 42 70 63 33 27 6 13 35 22 47 16 34 28 41 45 5 80 25 64,heads,regular,1
2026-06-06T00:46:20Z,443,53 31 27 79 48 42 13 49 51 52 76 54 78 8 1 37 71 68 10 40,tails,regular,1
2026-06-06T00:49:00Z,444,37 56 10 64 29 67 21 16 11 5 34 79 38 45 3 52 48 33 76 53,heads,regular,2
2026-06-06T00:51:40Z,445,75 59 54 53 69 11 68 57 2 10 67 23 46 3 34 1 49 62 77 36,tails,minor,3
2026-06-06T00:54:20Z,446,41 26 55 45 4 54 65 56 9 50 75 78 27 57 28 53 14 7 71 23,tails,regular,4
2026-06-06T00:57:00Z,447,10 23 73 40 30 75 74 63 6 42 19 65 36 70 47 31 20 71 53 66,tails,major,1
2026-06-06T00:59:40Z,448,55 67 26 15 24 44 7 77 40 20 78 31 58 74 60 12 6 8 35 72,heads,major,3
